chalet_id,chalet_name,operator,village,ski_area,country,sleeps_min,sleeps_max,bedrooms,bathrooms,property_type,board,catering_detail,hot_tub,sauna,other_facilities,distance_to_lift_m,ski_in_out,changeover_day,price_week_20_27_mar_2027,price_basis,price_currency,price_type,price_range_low,price_range_high,price_per_bed,price_includes,available_20_27_mar,combines,same_as,description,url,listed_on,found_via,image_count,image_dir,date_checked,notes
allchalets-chalet-des-neiges-v,,private advertiser on allChalets (enquiry contact: Martin Bright); sibling listings Chalet des Neiges III & IV in same residence,,,,,,,,,,,,,,,,,,,,,,,,,,,,,,allChalets,enrich,,,2026-10-05,"enrich: allChalets calendar marks every day Oct 2026-Sep 2027 as available+check-in (unmaintained default), so availability not trusted; still no rates (owner has not provided). Enquiry contact Martin Bright, English. Bing/DDG search unusable from browser; no other listing found."
tignesreservation-chalet-banksy-tribute,,,,,,,,,,,self-catered,,,,,,,Saturday,,,,,,,,"wifi, linen/beds made, final clean, daily cleaning, slippers/bathrobes, VIP welcome (champagne), private shuttle",,,,,,Tignes Réservation,enrich,,,2026-10-05,"enrich: Tignes Réservation page lists kitchen + included services (daily cleaning, private shuttle, champagne welcome) but no meals/chef -> self-catered. Page says ""This service is not currently bookable"" and every week Oct 2026-Apr 2027 (incl. S12 20-27 Mar) shows semaineIndispo, i.e. online booking closed - not proof it is booked. Agency code AVP (prestataire CHLBANKSY); agency name not shown. blackdiamondlodge.com is a parked domain."
allchalets-chalet-eagle,,private advertiser on allChalets (enquiry contact: Martin Bright) - same contact as Chalet des Neiges V and Chalet Tignes V,,,,,,,,,,half board with chef (optional; self-catered also offered),,,,,,Saturday,,,,,,,,,,,,,,allChalets,enrich,,,2026-10-05,"enrich: description says can be booked self-catered or catered half board with our chef. allChalets calendar has Saturday-only check-in and shows 20 Mar 2027 available, but every day of the season is available (no bookings marked) so availability not trusted. No rates on allChalets."
chardons-chalet-hattiers-apartment-1,,,,,,,,,,,,,none,no,,,,Saturday,,,,,,,,,,,,,,Chalet Chardons;allChalets,enrich,,,2026-10-05,"enrich: meals are served in the ground-floor dining room of Chalet Hattiers itself (the apartments are the top floor of Chalet Hattiers; the long-stay dorm is on its 1st floor) - NOT in Coeur des Brévières, which is a different building (compared exterior photos). No hot tub/sauna mentioned anywhere for Chalet Hattiers (apt pages, long-stay page, old /chalet-hattiers/ URL redirects to long-stay page); allChalets facilities for this apt list only Wi-Fi + cot. Coeur des Brévières (separate chalet-hotel, ~200m to lifts) has hot tub + sauna 'for all guests' of that chalet; no evidence Hattiers guests may use it - ask Chardons."
chardons-chalet-hattiers-apartment-2,,,,,,,,,,,,,none,no,,,,Saturday,,,,,,,,,,,,,,Chalet Chardons;allChalets,enrich,,,2026-10-05,"enrich: meals served in the ground-floor dining room of Chalet Hattiers itself (not Coeur des Brévières, a separate building with its own hot tub/sauna for its guests). No hot tub/sauna mentioned for Chalet Hattiers on Chardons pages; allChalets facilities (listing 2742): Wi-Fi, cot only. Live calendar 5 Oct 2026: 20 Mar 2027 EUR 4200 'Partially Available' (6,13 Mar also partial; 27 Mar fully available EUR 4800) - may not be bookable as sole-use."
allchalets-chalet-tignes-v,,private advertiser on allChalets (enquiry contact: Martin Bright) - same contact as Chalet Eagle and Chalet des Neiges V,,,,,,,,,,"catered, part-catered or self-catered options (detail not stated)",,,,,,,,,,,,,,"bed linen, towels, slippers, beds made, 20 logs firewood, cot/high chair, wifi, covered parking space",,,,,,allChalets,enrich,,,2026-10-05,"enrich: allChalets calendar marks every day available + check-in (unmaintained), so availability not trusted; no rates. Same advertiser contact (Martin Bright) as allChalets 23957 and 40318."
heidi-hotel-club-mmv-les-brevieres,,MMV,,,,,,,,hotel,,"full board (breakfast, lunch, dinner + afternoon snack); drinks extra (Easy Bar option EUR19/adult/night)",none,no,"Kaire massage/treatment rooms (paid), bar with performance hall, kids clubs 18m-17y, sunny terrace, fitness classes",,,flexible,821,per-person,EUR,exact-week,633,,,"room, full board, daily housekeeping, kids clubs, entertainment; excludes tourist tax, drinks, ski pass/hire",no,,,,https://www.mmv-holidays.co.uk/destinations/northern-french-alps/tignes/holiday-village-brevieres-winter,Heidi;MMV,enrich,5,,2026-10-05,"enrich: MMV 'Village Club Les Brévières' (Chemin du Barrage, ZAC Les Brévières; MMV property id 16), rooms only (2-pers 12m2, 3-pers 14m2, 4-5 pers connecting suites), full board. Checkout 20-27 Mar 2027 for 2 adults: only 'Bedroom for 2 ppl.' offered, EUR1,642.48 (was 1,820) for the room = EUR821pp, 'Only 1 left'; 3-person room and all suites 'Not available for your dates'. Same for 21-28 Mar (EUR1,619.88). So a group of 8-10 cannot be housed that week. Any-day arrivals (6-8 night stays offered). No pool/jacuzzi/sauna mentioned - wellness is massage treatment rooms only. Season from-price EUR633.08pp for 7 nights (UK homepage). Total room count not published."
seetignes-chalet-les-melezes,,MountainSun (See Tignes advertiser account; website not found),,,,,,,,,,,,,,,,,,,,,,,,,,,,,,See Tignes,enrich,,,2026-10-05,"enrich: See Tignes listing JSON names advertiser account 'MountainSun' (id_account 15772) and map pin 45.508111,6.920158 (~1.4 km N of Les Brévières centre, towards the Isère valley). It is NOT the same as Heidi/Booking.com 'CHALET AUBERGE - Les Mélèzes' (a hotel/auberge on Chemin des Boisses, Les Boisses, pin 45.495606,6.922968, Booking.com 6.9/276 reviews, restaurant B&B/dinner, no availability 20-27 Mar 2027) - remove Heidi from listed_on match. mountainsun.co.uk/.com/.fr and variants do not resolve. Listing has no capacity, board, photos or prices; likely a dormant/old advert."
alpine365-chalet-chamois,,,,,,,,,,,,,,,,,,,,,,,,,,,,,,,,allChalets,enrich,,,2026-10-05,"enrich: allChalets advert 9609 is Alpine365's own (enquiry contact Toorna Salmon) and only says Alpine365 no longer runs it as a catered chalet, pointing to Pisteside/Chocolat/Bluebird/Grizzli/Husky; no rates, no other current listing found (not on alpine365.co.uk, Booking.com Les Coches search, pilot sites Chalets Direct/ChaletFinder/Peak Retreats/Sno/Ski Line). Probably no longer let commercially - treat as unavailable unless found elsewhere. NOT the same as Alpine365 Chalet Pisteside (same 9/4/4 stats but photos show a different building), NOT 'Chalet Chamois 3' on reservation.les3vallees.com (Val Thorens apartment, ref CHAM3), NOT Booking.com 'Chalet Chamois Domaine des Arcs sauna' (Peisey-Nancroix, 6 bed)."
allchalets-24443,,private advertiser on allChalets (enquiry contact: Scott Allen),,,,,,,,,,,private (location not stated),,,,,,,,,,,,,,,,,,,allChalets,enrich,,,2026-10-05,"enrich: enquiry page names advertiser Scott Allen; whole-chalet rental so hot tub is private - photo 12 shows a large jets spa against a painted wall beside a glazed door (looks indoor/sheltered, not confirmed); photo 13 is a separate jacuzzi bath in an ensuite. Listing has 17 photos: triangular central log fire, red corner sofa, pool table, bar with drinks fridges, 5 ensuites. Still no rates (enquiry only). Not found on Booking.com (Les Menuires, 21-28 Mar 2027, 10 adults, chalets: 0 in-village results) or Airbnb (Les Menuires 5+BR hot tub search, 85 results scanned by thumbnail; Gabrielle chalet half board checked - different property)."
allchalets-chalet-pierre,,"private advertiser on allChalets (enquiry contact: Martin Bright) - same contact as allChalets Tignes listings Chalet Eagle, Chalet Tignes V, Chalet des Neiges V",,,,,,,,,,,,,,,,,,,,,,,,,,,,,,allChalets,enrich,,,2026-10-05,enrich: 133 m2 2-floor apartment; 3 twin bedrooms + bunk cabin; 5 bathrooms (one with sauna). Half board is an add-on subject to availability. Only review (Mar 2024) calls it Pure Valley - possibly brand/residence name; purevalley .co.uk/.com/.fr not live. Garage parking for a fee. No rates on allChalets (owner has not provided); calendar not trusted. Not on Les Menuires tourist-office booking site search 20-27 Mar 2027 for 8 (no 133m2/sauna 4-bed unit in results).
lesmenuires-chalet-gabrielle-mnchgabrielle,,"Chalet Vithos (Scott & Sophie, chaletvithos.com); also let via Agence des Belleville (tourist office) and Holidu (Airbnb)",,,,,,,,,catered,"winter half board included in rental: full breakfast, homemade afternoon tea, canapés, 4-course dinner with wine pairing, children's dinner, daily cleaning, unlimited tea/coffee; 6 days/week",,,,,,Sunday,13743,whole-chalet,GBP,exact-week,,,,"chalet + half-board catering + daily cleaning (Airbnb total incl. fees, 10 guests); lift passes, ski hire, transfers extra",yes,,,,,Chalet Vithos (own site);Airbnb,enrich,,,2026-10-06,"enrich: Airbnb listing 1430388934647293267 'Gabrielle chalet half board' (host Holidu, 12 guests max, 5 bed/5 bath, 4.8/5 reviews naming host Scott) = same chalet. Price for Sun 21-Sun 28 Mar 2027, 10 guests: £13,743 total (~£1,374pp at 10, ~£1,718pp at 8) incl. half-board; Sat 20-27 Mar 'Those dates are not available' (Sunday changeover). 10-17 Jan 2027 was £15,222, so March is not the dearest week; season low not found. Own site chaletvithos.com: 'our other catered option' but its icon says SELF CATERED; prices on request (bookings@chaletvithos.com / WhatsApp 07929 140708). Catering is included in the Airbnb rental (not extra); full board is the extra. Hot tub: own site says 'access to the communal balcony with hot tub and new sauna' (same text for Delphine) - Gabrielle floor plan shows a tub on its own ground-floor balcony; may be shared with neighbouring Vithos/Delphine guests - confirm. Sleeps 13 on own site incl. sofa bed + child cabins; Airbnb max 12."
crystal-hotel-bucaneve,,,,,,,,20,,hotel,breakfast-only,B&B (buffet breakfast 07:30-10:00 included); evening restaurant is à la carte (half board not advertised),shared,yes,"wellness centre: indoor pool with jacuzzi, Finnish sauna, Vitarium, Turkish bath, experience showers, ice waterfall, Kneipp path, massage rooms (open 14:00-19:30, no under-6s); bar; ski hire",,,,,,,,,,,,,,,,,Hotel Bucaneve (own site),enrich,,,2026-10-06,"enrich: own site bucanevehotel.it (Maquignaz family, Piazza Jumeaux 10): 20 rooms - Junior Suites (2-4 people, double/twin + 2 extra beds), Deluxe and Superior rooms; breakfast 'included in the B&B service', restaurant à la carte. Hotel capacity in guests not published. Not found on Booking.com (not in Breuil-Cervinia list, nor in 20-27 Mar 2027 10-adult/5-room availability results). Own booking engine (Ericsoft, idh=E3E0B5CA2EE7F818) is a JS calendar; did not yield a price within page budget. Crystal page blocked (Akamai)."
crystal-hotel-europa,,,,,,,,,,hotel,,buffet breakfast; on-site restaurant serves à la carte dinner (Crystal board not visible),shared,yes,"indoor swimming pool, spa & wellness centre, sauna, hot tub, small fitness centre, bar, restaurant, private parking, ski-to-door",,,,,,,,,,,,unknown,,,,,Booking.com,enrich,5,chalets/images/crystal-hotel-europa/,2026-10-06,"enrich: Booking.com hotel 'Hotel Europa', Via C. Pellissier 2 (8.6/497 reviews): rooms double/twin, superior, triple, economy quadruple, quadruple (with sofa bed), suite, junior suite; buffet breakfast; pool+sauna+hot tub shared. For 20-27 Mar 2027 (10 adults/5 rooms) every room type 'Not available on our site for your dates' - 95% of Cervinia was unavailable on Booking for those dates, likely 2027 rates not loaded yet, so not treated as sold out. Room count not published. Crystal page blocked (Akamai)."
crystal-hotel-excelsior-planet,,,,,,,,,,hotel,half-board,"B&B or half board (breakfast + dinner) rates offered; restaurant with regional/Italian cooking, dessert buffet",none,yes,"small indoor heated pool, sauna, Turkish bath, massage/beauty area, heated ski-boot lockers, bar, ski-to-door (~50 m from chairlift)",,yes,flexible,1732,per-person,GBP,exact-week,,,,"room + breakfast & dinner, 7 nights, taxes incl., non-refundable (Booking.com)",yes,,,,,Booking.com,enrich,3,chalets/images/crystal-hotel-excelsior-planet/,2026-10-06,"enrich: Booking.com 20-27 Mar 2027 (checked 6 Oct 2026): rooms available, all suites (Junior, Deluxe Junior, Family, Deluxe, Suite, One-Bedroom, Executive, King; 2-4 persons each, mostly 'only 1 left'). Cheapest half board per person: Junior Suite x3 £5,197 (£1,732pp); B&B Junior Suite x3 £4,230 (£1,410pp); Family Suite x4 HB £7,415 (£1,854pp). Search result for 10 adults (1 Deluxe Junior + 3 Junior Suites, B&B): £15,740 total (~£1,574pp). Far above ~£750pp. No hot tub mentioned (pool, sauna, Turkish bath). Room count not published."
crystal-hotel-furggen,,,,,,,,35,,hotel,breakfast-only,buffet breakfast; evening bar/bistrot menu (hot and cold dishes) - no half board advertised,none,no,"bar/lounge with fireplace, ski room with per-room lockers + boot/helmet warmers, free parking, free evening shuttle to centre (~900 m)",400,yes,Sunday,752,per-person,EUR,season-from,,,,"B&B, 7 nights 21-28 Mar 2027, double room EUR1,505 for 2 (""starting from"")",yes,,,,https://hotelfurggen.com/en/rooms.html,Hotel Furggen (own site),enrich,5,chalets/images/crystal-hotel-furggen/,2026-10-06,"enrich: own site (Frassy family, Giomein, ski-in next to red piste 3, lifts ~400 m): 35 standard double/twin rooms + 1 larger triple, all with shower; B&B; bistrot in evening; no spa/hot tub/sauna mentioned. SimpleBooking engine (IDA 10208): Sat 20 Mar check-in 'not possible'; alternative 'Mar 21 - Mar 28 7 Nights Available Starting from EUR1,505' (per double room for 2 = ~EUR752pp B&B, i.e. ~GBP650pp; recorded as EUR752pp). 5 double rooms for 10 would be ~EUR7,525. Not listed on Booking.com."
alpineanswers-hotel-hermitage,,,,,,,,,,hotel,breakfast-only,"Booking.com rates are room only, breakfast £34pp/day optional; restaurant La Chandelle on site",shared,yes,"heated indoor pool with view, hammam, hot tub, sauna, fitness centre, massages (extra), bar, room service, free parking, airport shuttle",,,flexible,2020,per-person,GBP,exact-week,,,,"room only (double room for 2, £4,040 / 7 nights, taxes incl., non-refundable); breakfast £34 extra",yes,,,,,Booking.com,enrich,5,chalets/images/alpineanswers-hotel-hermitage/,2026-10-06,"enrich: Booking.com 20-27 Mar 2027 (checked 6 Oct 2026), Hotel Hermitage Relais & Chateaux: Double Room £4,040 (2 adults, room only), Superior Double £5,352, Deluxe Suite £7,795, Suite £9,523, Superior Suite £11,371 (all for 2). 10 adults/5 rooms search result £25,447 total (~£2,545pp, room only). Far over budget. Room count not published."
crystal-hotel-mon-reve,,,,,,,,,,hotel,breakfast-only,"hotel meublé (B&B, no restaurant) - breakfast only",shared,unknown,"hot tub, spa bath, solarium, bar/lounge with fireplace, sun terrace, garden, ski-to-door, shuttle/taxi service",,yes,,,,,,,,,,unknown,,,,,Booking.com,enrich,4,chalets/images/crystal-hotel-mon-reve/,2026-10-06,"enrich: Booking.com 'Hotel Meublé Mon Rêve', Strada Giomein 45 (8.7/297 reviews): meublé = B&B; 'additional amenities include a hot tub, spa bath, and solarium'; ski-to-door, ~9 min walk to Plateau Rosa cable car. Booking.com 20-27 Mar 2027: 'no availability on our site' (2027 rates likely not loaded). Own website not found (hotelmonreve.it/monreve.it are other hotels). Room count/capacity not published."
crystal-hotel-petit-palais,,,,,,,,,,hotel,,breakfast included on Booking.com; hotel restaurant (Italian/international); Crystal board unknown,none,unknown,"restaurant, bar, fitness centre, sun terrace, outdoor fireplace, family rooms",,,,,,,,,,,,unknown,,,,,Booking.com,enrich,3,chalets/images/crystal-hotel-petit-palais/,2026-10-06,"enrich: Booking.com 'Hotel Petit Palais' (8.3/1,219 reviews; 4-min walk to Plateau Rosa cable car, 'right at the ski lift' per review): room types double/twin, superior double/twin, triple, quadruple, single, junior suite; restaurant; facilities list fitness centre, terrace, bar - no hot tub/pool/spa mentioned. 20-27 Mar 2027: 'no availability on our site' (2027 rates likely not loaded). Own website not found (petitpalais domains are a Milan hotel). Room count not published."
arabbait-active-hotel-malita,,,,,,,,,,,,,,,,,,,,,EUR,,,,,,unknown,,,,,Active Hotel Malita (own site),enrich,,,2026-10-06,"enrich: own site hotelmalita.it: ~18 room types (economy/standard/deluxe/comfort/superior doubles for 2-4, singles), 'a notte da EUR68 a persona (al massimo EUR288-314)' per person per night. Own booking engine (mtsonline) for 20-27 Mar 2027, 2 adults: 'Fully booked! ... no room for your selected travel period available right now' - may mean winter 2027 not yet on sale; left as unknown. Not in Booking.com Arabba results for 20-27 Mar (10 adults). Price calculator page needs JS input. Room count not published. Per-night rates kept out of price columns (they are not weekly): 7 nights from ~EUR476pp at the lowest season rate."
arabbait-alpenrose-s,,,,,,,,,,,half-board,,shared,yes,,,,flexible,1075,per-person,GBP,exact-week,,,,"half board (breakfast + dinner) + wellness access, 7 nights, double room for 2 (£2,150), taxes incl.",yes,,,,,Booking.com,enrich,,,2026-10-06,"enrich: Booking.com 20-27 Mar 2027 (checked 6 Oct 2026; 9.4/866 reviews, ski-to-door, ~350 yd to lift): half-board rates per room for 7 nights - Double £2,150 (£1,075pp), Comfort Triple £3,127 (£1,042pp), Quadruple £4,308 (£1,077pp), Family room w/ shared bathroom £4,297 (4p). 10 adults as 5 doubles HB: £11,931 (~£1,193pp). Wellness centre (sauna, hot tub, Turkish bath) included only with half board. Room count not published."
arabbait-alpenrose-dipendenza,,Hotel Alpenrose (Delmonego family),,,,,,,,,,,,,,,,,,,,,,,,,,,arabbait-alpenrose-s,,,Hotel Alpenrose (own site),enrich,,,2026-10-06,"enrich: arabba.it entry for the 2-star annex (Via Precumon 21) lists only restaurant, parking, fitness equipment, 'directly at the ski lift'; same contact as Hotel Alpenrose (info@alpenrosearabba.it). alpenrosearabba.it sells hotel rooms (standard/comfort/family/junior suite/suite) plus holiday flats and 'apparthotel' 1-2 bedroom units - the annex probably houses these, but the site does not say which units are in the Dipendenza. Booking.com lists only the main hotel (half board from £1,075pp 20-27 Mar 2027). Board/capacity/price for the annex not determinable without enquiry."
arabbait-chalet-aria,,,,,,,17,,,apartment,self-catered,self-catered flats; optional breakfast (buffet at Hotel Marilena or delivered to flat),none,yes,"private sauna in every flat, full kitchens, balconies/terrace, bathrobes",150,,,,,,,,,,,,,,,https://chaletaria.it/en/,Chalet Aria (own site),enrich,,,2026-10-06,"enrich: own site: 4-star residence with only 4 three-room flats (101 77m2 max 4, 102 95m2 max 5, 103 86m2 max 4, 104 75m2 max 4 per booking engine) = 17 max if whole building taken; each flat has a private sauna; 150 m from Arabba lifts; breakfast optional (same family as Hotel Marilena). No hot tub mentioned. Booking engine (bookingexpert layout 10019135) accepted 20-27 Mar 2027 but showed no rates/availability per flat. Not in Booking.com Arabba results for 20-27 Mar."
alpineanswers-hotel-evaldo,,,,,,,,,,,,,,,,,,,,,,,,,,,unknown,,,,,Booking.com;Hotel Evaldo (own site),enrich,,,2026-10-06,"enrich: 4-star, Via Mesdì 3, Arabba (hotelevaldo.it) - rooms, suites and apartments, wellness & spa. Booking.com 20-27 Mar 2027: 'no availability on our site' (winter 2027 probably not loaded). Own 'Information & prices' page has winter-price accordion that renders empty in browser (content not in HTML). Room count/capacity not published."
arabbait-olympia,,,,,,,,,,,,,,,,,,,,,,,,,,,unknown,,,,,Booking.com,enrich,,,2026-10-06,"enrich: on Booking.com as 'Dolomites Base Camp Hotel Olympia' (rooms: double/twin with balcony, superior double, triple, double with mountain view; spa, sauna, steam room, open-air bath; restaurant dinner + buffet breakfast). Booking.com 20-27 Mar 2027: 'no availability on our site' (winter 2027 likely not loaded). Also manages 'Wellness Residence Panorama' apartments (check-in at Olympia): 2 x 2-bed apartments for 10 adults £4,458 self-catered 20-27 Mar 2027 on Booking.com. Room count not published."
arabbait-pensione-sport,,,,,,,,,,,breakfast-only,"B&B (breakfast incl., eggs to order); no restaurant/dinner on Booking.com",,,,,,flexible,516,per-person,GBP,exact-week,,,,"twin room B&B for 2, 7 nights, £1,031 (non-member), taxes incl.",yes,,,,https://albergosportarabba.it/?lang=en,Albergo Pensione Sport (own site);Booking.com,enrich,,,2026-10-06,"enrich: own site albergosportarabba.it is enquiry-only (no rooms/prices). Booking.com 'Albergo Pensione Sport' (8.4/529 reviews, 100 yd from centre, ~350 yd to lift): 20-27 Mar 2027 only Twin Room (max 2) available, 'We have 2 left', £1,031 per room B&B (£516pp; £930 Genius) - so only 4 people could be housed via Booking. No spa/hot tub listed (terrace, ski room with boot heaters). Room count not published."
arabbait-pordoi,,,,,,,,,,,,,none,yes,restaurant-pizzeria; Dependance (3*) has wellness with sauna and Turkish bath; garage/parking,150,,,,,,,,,,,,,,,https://www.hotelpordoi.it/en,Hotel Pordoi (own site),enrich,,,2026-10-06,"enrich: own site hotelpordoi.it: Hotel (2*) with 12 standard rooms with balcony for 2-4 people + Dependance (3*, 10 m away) with superior rooms for 2-3 and wellness (sauna + Turkish bath - no hot tub mentioned); restaurant-pizzeria; 150 m to lifts; breakfast and dinner served (FAQ). 'PREZZI SOLO SU RICHIESTA' (prices on request only). Not on Booking.com."
allchalets-chalet-hotel-le-dome,,Chalet-Hotel Le Dôme (owner Christian Chartron),,,,,,,,,,,,,,,,,,,,,,,,,,,,,,Hotel Le Dôme (own site),enrich,,,2026-10-06,"enrich: own site hotel-ledome-tignes.com ('Chalet - Hotel - Le Dôme, budget vacations, ski in/ski out'): rooms 1-10 individually listed (doubles 160 cm, twins, singles 120 cm, triple for 2 adults + child) - so 19 is a full-house figure incl. children. Booking via SiteMinder (app.thebookingbutton.com/properties/hotel-le-dome) - returned 404 with dates and 'queue full' without; no price obtained. allChalets enquiry contact: Christian Chartron (EN/FR). Not found on Booking.com for 20-27 Mar 2027."
skiline-hotel-les-brevieres,,,,,,,,,,,,,,,,,,,,,,,,,,,,,,,,Ski Line,enrich,,,2026-10-06,"enrich: Ski Line page gives no room count (rooms: twin/triple/quad, TV, safe, WiFi, some balconies; EUR200 deposit per room; free kids clubs). Not found under this name on Booking.com (search returns Hôtel Club MMV Les Brévières instead). Possibly the same building as heidi-hotel-club-mmv-les-brevieres (MMV Village Club Les Brévières, also kids clubs), but MMV lists no hot tub/sauna whereas Ski Line lists spa with hot tub, sauna, steam room - not merged."
alpineelements-hotel-tetras-lodge,,,,,,,,,,,,"breakfast, afternoon tea/cake, 3-course à la carte dinner; wine at guest prices",,,,,,,,,,,,,,,,,,,,Alpine Elements,enrich,,,2026-10-06,"enrich: Alpine Elements page: 4* boutique hotel run exclusively by AE in Tignes 1550 (old town), 19 twin/double rooms + 4 suites (triple/quad, up to £200pp saving if all beds filled). Dedicated '-prices' page renders no price table in headless browser (JS widget, search defaults to 2 adults/13 Dec 2026). Not on Booking.com. No price for 20 Mar 2027 obtained."
alpineanswers-hotel-principe-delle-nevi,,,,,,,,,,,,breakfast; 2 restaurants (regional cuisine) - board offered not shown,,,"outdoor heated pool + indoor pool, spa & wellness centre, suites with private sauna, panoramic terrace, bar, shuttle",,,,,,,,,,,,unknown,,,,,Booking.com,enrich,,,2026-10-06,"enrich: Booking.com 'Hotel Principe delle Nevi' (at the foot of the ski area; 2 pools, spa, 2 restaurants; Suite with Sauna room type). 20-27 Mar 2027: 'no availability on our site' (most of Cervinia shows none - 2027 rates likely not loaded). Capacity/room count not published."
crystal-hotel-white-angel,,,,,,,,,,hotel,half-board,B&B or half board (breakfast & dinner) rates; restaurant,shared,yes,"heated pool with view, spa (hot tub, sauna, steam room - extra charge), fitness centre, sun terrace, junior suites with private sauna, ski storage",500,,flexible,2528,per-person,GBP,exact-week,,,,"half board, Basic Triple Room for 3 (£7,584; £6,831 Genius), 7 nights, taxes incl., free cancellation to 13 Mar 2027; spa extra",yes,,,,,Booking.com,enrich,3,chalets/images/crystal-hotel-white-angel/,2026-10-06,"enrich: Booking.com 20-27 Mar 2027 (8.5/765 reviews; 500 m from Plan Maison cable car): Basic Triple HB £7,584 for 3 (£2,528pp), B&B double £6,312 for 2; Junior Suite with Sauna from £7,101 (3, breakfast extra). 10 adults search (2 junior suites + 2 basic triples): £26,247 (£23,640 Genius) room-only-ish = ~£2,400-2,600pp. Spa (hot tub, sauna, steam) at extra charge. Far above budget. Room count not published."
crystal-sertorelli-sport-hotel,,,,,,,,,,,breakfast-only,Booking.com rates B&B only (Crystal may sell half board),,,,,,flexible,1716,per-person,GBP,exact-week,,,,"B&B, double/twin for 2 (£3,433), 7 nights, taxes incl.",yes,,,,,Booking.com,enrich,,,2026-10-06,"enrich: Booking.com 'Sertorelli Sport Hotel - 4 Stelle Superior' (9.1/111 reviews, 350 yd to lift, hot tub) 20-27 Mar 2027: doubles/twins B&B £3,433-4,577 per room (£1,716-2,288pp); suites for 3-5 B&B £6,588-9,883 (~£1,950-2,200pp); Family Suite 4p £7,792. 10 adults as 5 Superior Double/Twin B&B: £17,163 (~£1,716pp). Far above budget. Room count not published."
crystal-valtur-cervinia-cristallo-ski-resort-4-star,,,,,,,,,,hotel,half-board,B&B or half board (breakfast & dinner) rates on Booking.com,shared,yes,"indoor pool, spa (hot tub, sauna, steam room), fitness, games room, kids playground, bar, live music, private parking; also 'Superior Chalet' units (2 bed/3 bath)",,,flexible,2166,per-person,GBP,exact-week,,,,"half board, double room for 2 (£4,333), 7 nights, taxes incl.",yes,,crystal-valtur-cervinia-cristallo-ski-resort-5-star,,,Booking.com,enrich,5,chalets/images/crystal-valtur-cervinia-cristallo-ski-resort-4-star/,2026-10-06,"enrich: Booking.com has a single listing 'Valtur Cervinia Cristallo Ski Resort' (described as 5-star, 8.1/254 reviews, 400 yd to lift) - Crystal's '4 Star' and '5 Star' entries are probably room categories/wings of the same resort (not confirmed; Crystal pages blocked). 20-27 Mar 2027: double room HB £4,333 (£2,166pp), B&B £3,797; Superior Chalet (4 guests) HB £20,833. 10 adults (1 double + 3 chalets) £61,641. Far above budget. Room count not published."
crystal-valtur-cervinia-cristallo-ski-resort-5-star,,,,,,,,,,hotel,half-board,B&B or half board (breakfast & dinner) rates on Booking.com,shared,yes,"indoor pool, spa (hot tub, sauna, steam room), fitness, games room, kids playground, bar, live music, private parking; also 'Superior Chalet' units (2 bed/3 bath)",,,flexible,2166,per-person,GBP,exact-week,,,,"half board, double room for 2 (£4,333), 7 nights, taxes incl.",yes,,crystal-valtur-cervinia-cristallo-ski-resort-4-star,,,Booking.com,enrich,5,chalets/images/crystal-valtur-cervinia-cristallo-ski-resort-5-star/,2026-10-06,"enrich: Booking.com has a single listing 'Valtur Cervinia Cristallo Ski Resort' (described as 5-star, 8.1/254 reviews, 400 yd to lift) - Crystal's '4 Star' and '5 Star' entries are probably room categories/wings of the same resort (not confirmed; Crystal pages blocked). 20-27 Mar 2027: double room HB £4,333 (£2,166pp), B&B £3,797; Superior Chalet (4 guests) HB £20,833. 10 adults (1 double + 3 chalets) £61,641. Far above budget. Room count not published."
arabbait-al-forte-s,,,,,,,,,,,,,,,,,,flexible,748,per-person,GBP,exact-week,,,,"half board (buffet breakfast + dinner, 5-menu choice), double/twin with balcony for 2 = £1,496 (3 sharing £2,170 = £723pp), 7 nights, taxes incl.; hot tub at extra charge",yes,,,,,Booking.com,enrich,,,2026-10-06,"enrich: Booking.com 'Hotel Al Forte' (Via Pezzei 66, ~3 km from Arabba, ski shuttle; part ex-WWI fortress; 180 m2 wellness with sauna, hot tub (extra charge), Turkish bath, tepidarium; 200-label cellar). 20-27 Mar 2027: only 'Double or Twin Room with Balcony' (20 m2, 2 bunk beds + sofa bed, max 3) with 'We have 2 left' -> max 6 people via Booking. HB £1,496 per room for 2 (£748pp), £2,170 for 3 (£723pp); B&B £1,383/2. Separate chalets 2 km away also offered by the hotel (not priced). A near-fit on price but not enough rooms for 8-10 on Booking."
arabbait-albergo-ristoro-lezuo,,,,,,,,7,,,,,none,,,,,flexible,630,per-person,EUR,exact-week,595,665,,"half board EUR90 pp/day x7 (20-26 Mar 2027 band), room with bathroom; tourist tax EUR1.50 pp/day extra; min 7 days",unknown,,,,https://www.ristorolezuo.it/en/,Albergo Ristoro Lezuo (own site),enrich,,,2026-10-06,"enrich: own site (family-run, Ladurner Manuela; at 2,139 m on SR48 between Arabba and Passo Pordoi, La Pala): 7 rooms; winter 2026/27 price list HB only, per person per day, min 7 days: EUR85 (9-15 Jan) to EUR95 (26 Dec-8 Jan); 20.03.27-26.03.27 EUR90 ** (footnote not explained) => EUR630pp/week HB (~GBP545). Single +EUR23. 30% deposit, free cancellation to 90 days. No wellness/hot tub mentioned. Not on Booking.com. Availability by enquiry. A near-fit on price (catered-ish HB, cheap) but no hot tub; 7 rooms may fit 8-10 if all free."
arabbait-cesa-padon,,,,,,,,,,,,,,,,,,flexible,875,per-person,EUR,exact-week,784,1008,,"half board EUR125 pp/day x7 (Standard room, 20-29 Mar 2027 band; Superior EUR131), sauna/wellness, games room, ski bus to Porta Vescovo; min 6 nights",unknown,,,,https://cesa-padon.it/en,Hotel Cesa Padon (own site),enrich,,,2026-10-06,"enrich: own price list 2026/27 (per person per day, half board, min 6 nights): Standard EUR112 (10-22 Jan) to EUR144 (26 Dec-5 Jan); 20/03/2027-29/03/2027 EUR125 (Superior EUR131) => EUR875pp/week HB (~GBP760). Ranges given are x7. Wellness = sauna with experience showers + relax area (no hot tub); hotel in Pieve di Livinallongo, few minutes' drive from Arabba with free ski shuttle. Availability by request; not on Booking.com. Room count not checked."
hotel-marmolada-corvara,,,,,,,,,,,,,,,,,,flexible,1990,per-person,GBP,exact-week,,,,"half board, suite for 4 (£7,958), 7 nights, taxes incl.",yes,,,,,Booking.com,enrich,5,chalets/images/hotel-marmolada-corvara/,2026-10-06,"enrich: Booking.com 'Hotel Marmolada', Via Col Alt 80, Corvara (next to ski lift per reviews; spa with pool, hot tub, sauna, hammam). 20-27 Mar 2027: suites only, B&B from £6,826 for 4 (£1,706pp), half board from £7,958 for 4 (£1,990pp); 2-person suite HB £4,802 (£2,401pp). Far above budget. Room count not published."
arabbait-portavescovo,,,,,,,,,,,,,shared,yes,"indoor pool with hydromassage jets, hot tub, sauna, Turkish bath, gym, ping-pong, garage",,yes,flexible,697,per-person,GBP,exact-week,,,,"half board, Quadruple Room (bunk beds) for 4 = £2,789, 7 nights, taxes incl., partially refundable; 3 quads for 10 = £8,367 (£837pp)",yes,,,,,Booking.com,enrich,5,chalets/images/arabbait-portavescovo/,2026-10-06,"enrich: Booking.com 'Hotel Portavescovo' (8.7/947 reviews, centre of Arabba, ~150 yd to lift, ski-to-door). 20-27 Mar 2027 (checked 6 Oct 2026): only Quadruple Rooms left ('We have 3 left'; 2 bunk beds + double, or 2 singles + 2 bunks), half board £2,789 per room for 4 (£697pp). 10 adults need 3 rooms = £8,367 (£837pp); 12 people = £697pp. Spa 14:30-20:00 with indoor pool (hydromassage), hot tub, sauna, Turkish bath. Bunk beds for adults is the catch. Booking says 8 three-star hotels in Arabba already unavailable."
alpineanswers-sporthotel-arabba,,,,,,,,,,,,,,,,,,,,,,,,,,,unknown,,,,,Booking.com;Sporthotel Arabba (own site),enrich,,,2026-10-06,"enrich: 4-star, direct access to Sellaronda slopes (sporthotelarabba.com; same owners run AlpeLuce Mountain Chalet, opened Dec 2025). Booking.com 20-27 Mar 2027: 'no availability on our site'. Own prices page (prices-offers/prices/22-0.html) renders no price table in headless browser. Capacity not published."
sporthotel-panorama-corvara,,,,,,,,,,,,,,,,,,,,,,,,,,,unknown,,,,,Booking.com,enrich,5,chalets/images/sporthotel-panorama-corvara/,2026-10-06,"enrich: Booking.com 'Sporthotel Panorama', Corvara (8.9/71 reviews; indoor pool, hot tub, several saunas, steam room; review: 5-course dinner ~EUR40 extra on B&B rate). 20-27 Mar 2027: 'no availability on our site' (rates probably not loaded). Capacity not published."
arabbait-sports-nature-hotel-boe-s,,,,,,,,,,,,,,,,,,,,,,,,,,,unknown,,,,,Booking.com,enrich,,,2026-10-06,enrich: on Booking.com as 'Hotel Boè Sport and Nature' (Passo Campolongo). 20-27 Mar 2027: 'no availability on our site' (rates probably not loaded). Own site hotelboe.com not checked further within page budget. Capacity not published.
hotel-col-alto-corvara,,,,,,,,,,hotel,breakfast-only,Booking.com rates B&B only; hotel restaurant,shared,yes,"indoor pool with hydromassage, Finnish sauna, Turkish bath, hot tub, fitness, massage/beauty centre",,,flexible,1557,per-person,GBP,exact-week,,,,"B&B, double for 2 (£3,114), 7 nights, taxes incl.",yes,,,,,Booking.com,enrich,5,chalets/images/hotel-col-alto-corvara/,2026-10-06,"enrich: Booking.com 'Hotel Col Alto', Corvara: 20-27 Mar 2027 doubles B&B £3,114-3,557 per room (£1,557-1,778pp; 'We have 6 left'), suites £5,404+. Only B&B rates shown. Spa with indoor pool/hydromassage, hot tub, saunas. Far above budget. Room count not published."
hotel-la-perla-corvara,,,,,,,,,,hotel,,,unknown,yes,"indoor pool, spa (Turkish bath, sauna), restaurant, airport shuttle; ski lift 50 m",50,,,,,,,,,,,no,,,,,Booking.com,enrich,5,chalets/images/hotel-la-perla-corvara/,2026-10-06,"enrich: Booking.com 'Hotel La Perla: The Leading Hotels of the World', Corvara: no 7-night availability 20-27 Mar 2027 for 10 adults/5 rooms; alternatives offered are 4-night stays only (20-24 Mar from £23,616 for the group, 21-25 Mar from £22,503) - i.e. ~£2,250-2,360pp for just 4 nights. Hot tub not stated on Booking. Board not shown (breakfast buffet). Luxury, far above budget."
hotel-sassongher-corvara,,,,,,,,,,hotel,half-board,"half board with 5-menu choice (also B&B rates); Stube, piano bar",shared,yes,"spa: hot tub, open-air bath, sauna, hammam, solarium, fitness; shuttle to lifts (3 min drive)",,,flexible,1236,per-person,GBP,exact-week,,,,"half board, room for 4 (£4,946), 7 nights, taxes incl.",yes,,,,,Booking.com,enrich,5,chalets/images/hotel-sassongher-corvara/,2026-10-06,"enrich: Booking.com 'Hotel Sassongher - Preferred Hotels & Resorts', Corvara (10-min walk to centre, shuttle to lifts). 20-27 Mar 2027: rooms for 4 HB from £4,946 (£1,236pp), B&B from £4,580 (£1,145pp); several room types 'We have 3 left'. Above budget. Room count not published."
hotel-table-corvara,,,,,,,,,,hotel,half-board,half board (breakfast + dinner) rates,,,,,,flexible,1044,per-person,GBP,exact-week,,,,"half board, double for 2 (£2,088), 7 nights, taxes incl.; triple £2,907 (£969pp); room for 4 £4,083 (£1,021pp)",yes,,,,,Booking.com,enrich,5,chalets/images/hotel-table-corvara/,2026-10-06,"enrich: Booking.com 'Hotel Table', Via Col Alt 8, Corvara (8.9/207 reviews; spa with hot tub, sauna, steam room). 20-27 Mar 2027: all rates half board - double £2,088 (£1,044pp), triple £2,907 (£969pp), quad £4,083 (£1,021pp); many types 'We have 1-2 left'. About £970-1,050pp HB - above ~£750 budget but the cheapest Corvara HB seen. Room count not published."
arabbait-la-viza,,Rifugio La Viza (contact Eric Bombasse),,,,,,,,room,,,,,,,yes,,,,,,,,,,,,,,,Arabba Fodom Turismo (arabba.it),enrich,,,2026-10-06,"enrich: arabba.it: Rifugio La Viza (mountain hut, Mónt de Chièrz) open summer and winter, home cooking + overnight rooms; in winter reachable on skis only. 'FROM 100,00 EUR price per person' (likely per night incl. meals - not stated). Contact bombasseieric@gmail.com / +39 328 062 0315. No own website content, not on Booking.com. Capacity/board/hot tub unknown - enquiry only."
lesmenuires-les-chalets-du-soleil-a2p6,,,,,,,,,,,,,none,,,,,,,whole-chalet,EUR,season-range,811,4144,,,no,,,,,Les Menuires Réservation (locationlesmenuires.com),enrich,5,chalets/images/lesmenuires-les-chalets-du-soleil-a2p6/,2026-10-06,enrich: tourist-office planning: Sat 20-Fri 26 Mar 2027 all Non disponible. Bookable winter weeks shown with prices: EUR811-4144 per unit/week (4 weeks; unavailable weeks show no price). No jacuzzi/spa/hot tub in listing text or equipment list.
lesmenuires-les-alpages-de-reberty-anco11,,,,,,,,,,,,,none,,,,,,,whole-chalet,EUR,season-range,684,684,,,no,,,,,Les Menuires Réservation (locationlesmenuires.com),enrich,5,chalets/images/lesmenuires-les-alpages-de-reberty-anco11/,2026-10-06,enrich: tourist-office planning: Sat 20-Fri 26 Mar 2027 all Non disponible. Bookable winter weeks shown with prices: EUR684-684 per unit/week (1 weeks; unavailable weeks show no price). No jacuzzi/spa/hot tub in listing text or equipment list.
lesmenuires-necou-ne0622,,,,,,,,,,,,,none,,,,,,,whole-chalet,EUR,season-range,723,1145,,,no,,,,,Les Menuires Réservation (locationlesmenuires.com),enrich,5,chalets/images/lesmenuires-necou-ne0622/,2026-10-06,enrich: tourist-office planning: Sat 20-Fri 26 Mar 2027 all Non disponible. Bookable winter weeks shown with prices: EUR723-1145 per unit/week (10 weeks; unavailable weeks show no price). No jacuzzi/spa/hot tub in listing text or equipment list.
lesmenuires-necou-ne0624,,,,,,,,,,,,,none,,,,,,,whole-chalet,EUR,season-range,678,1380,,,no,,,,,Les Menuires Réservation (locationlesmenuires.com),enrich,5,chalets/images/lesmenuires-necou-ne0624/,2026-10-06,enrich: tourist-office planning: Sat 20-Fri 26 Mar 2027 all Non disponible. Bookable winter weeks shown with prices: EUR678-1380 per unit/week (12 weeks; unavailable weeks show no price). No jacuzzi/spa/hot tub in listing text or equipment list.
lesmenuires-necou-nec611,,,,,,,,,,,,,none,,,,,,,whole-chalet,EUR,season-range,490,595,,,no,,,,,Les Menuires Réservation (locationlesmenuires.com),enrich,5,chalets/images/lesmenuires-necou-nec611/,2026-10-06,enrich: tourist-office planning: Sat 20-Fri 26 Mar 2027 all Non disponible. Bookable winter weeks shown with prices: EUR490-595 per unit/week (5 weeks; unavailable weeks show no price). No jacuzzi/spa/hot tub in listing text or equipment list.
lesmenuires-necou-nec713,,,,,,,,,,,,,none,,,,,,,whole-chalet,EUR,season-range,495,1195,,,no,,,,,Les Menuires Réservation (locationlesmenuires.com),enrich,5,chalets/images/lesmenuires-necou-nec713/,2026-10-06,enrich: tourist-office planning: Sat 20-Fri 26 Mar 2027 all Non disponible. Bookable winter weeks shown with prices: EUR495-1195 per unit/week (5 weeks; unavailable weeks show no price). No jacuzzi/spa/hot tub in listing text or equipment list.
lesmenuires-les-alpages-de-reberty-alp2p4stan,,,,,,,,,,,,,none,yes,,,,,,,,,,,,,no,,,,,Les Menuires Réservation (locationlesmenuires.com),enrich,5,chalets/images/lesmenuires-les-alpages-de-reberty-alp2p4stan/,2026-10-06,enrich: tourist-office planning: Sat 20-Fri 26 Mar 2027 all Non disponible. No winter week shows a price (all unavailable or on request). No jacuzzi/spa/hot tub in listing text or equipment list.
lesmenuires-alpages-de-reberty-rb014b,,,,,,,,,,,,,none,yes,,,,,,whole-chalet,EUR,season-range,970,2953,,,no,,,,,Les Menuires Réservation (locationlesmenuires.com),enrich,5,chalets/images/lesmenuires-alpages-de-reberty-rb014b/,2026-10-06,"enrich: tourist-office planning: Sat 20-Fri 26 Mar 2027 all Non disponible. Winter weeks with any availability: S50,S51,S1,S3,S9,S10,S11,S13,S15,S16,S17. Bookable winter weeks shown with prices: EUR970-2953 per unit/week (9 weeks; unavailable weeks show no price). No jacuzzi/spa/hot tub in listing text or equipment list."
lesmenuires-necou-nec616,,,,,,,,,,,,,none,,,,,,,whole-chalet,EUR,season-range,556,585,,,no,,,,,Les Menuires Réservation (locationlesmenuires.com),enrich,5,chalets/images/lesmenuires-necou-nec616/,2026-10-06,"enrich: tourist-office planning: Sat 20-Fri 26 Mar 2027 all Non disponible. Winter weeks with any availability: S51,S15,S16,S17. Bookable winter weeks shown with prices: EUR556-585 per unit/week (4 weeks; unavailable weeks show no price). No jacuzzi/spa/hot tub in listing text or equipment list."
lesmenuires-les-chalets-du-soleil-c3p5,,,,,,,,,,,,,none,yes,,,,,,whole-chalet,EUR,season-range,881,4171,,,no,,,,,Les Menuires Réservation (locationlesmenuires.com),enrich,5,chalets/images/lesmenuires-les-chalets-du-soleil-c3p5/,2026-10-06,"enrich: tourist-office planning: Sat 20-Fri 26 Mar 2027 all Non disponible. Winter weeks with any availability: S50,S2,S7,S9,S13,S14. Bookable winter weeks shown with prices: EUR881-4171 per unit/week (6 weeks; unavailable weeks show no price). No jacuzzi/spa/hot tub in listing text or equipment list."
lesmenuires-les-chalets-du-soleil-c3p6,,,,,,,,,,,,,none,yes,,,,,,whole-chalet,EUR,season-range,910,4599,,,no,,,,,Les Menuires Réservation (locationlesmenuires.com),enrich,5,chalets/images/lesmenuires-les-chalets-du-soleil-c3p6/,2026-10-06,"enrich: tourist-office planning: Sat 20-Fri 26 Mar 2027 all Non disponible. Winter weeks with any availability: S50,S53,S6,S7,S9,S14. Bookable winter weeks shown with prices: EUR910-4599 per unit/week (6 weeks; unavailable weeks show no price). No jacuzzi/spa/hot tub in listing text or equipment list."
lesmenuires-alpages-de-reberty-mnrb021e,,,,,,,,,,,,,none,,,,,,,whole-chalet,EUR,season-range,1482,2448,,,no,,,,,Les Menuires Réservation (locationlesmenuires.com),enrich,5,chalets/images/lesmenuires-alpages-de-reberty-mnrb021e/,2026-10-06,"enrich: tourist-office planning: Sat 20-Fri 26 Mar 2027 all Non disponible. Winter weeks with any availability: S50,S51,S1,S2,S3,S4,S10,S13,S14,S15,S16,S17. Bookable winter weeks shown with prices: EUR1482-2448 per unit/week (7 weeks; unavailable weeks show no price). No jacuzzi/spa/hot tub in listing text or equipment list."
lesmenuires-alpages-de-reberty-rb006b,,,,,,,,,,,,,none,yes,,,,,,whole-chalet,EUR,season-range,1626,3062,,,no,,,,,Les Menuires Réservation (locationlesmenuires.com),enrich,5,chalets/images/lesmenuires-alpages-de-reberty-rb006b/,2026-10-06,"enrich: tourist-office planning: Sat 20-Fri 26 Mar 2027 all Non disponible. Winter weeks with any availability: S9,S10,S14,S15,S16,S17. Bookable winter weeks shown with prices: EUR1626-3062 per unit/week (4 weeks; unavailable weeks show no price). No jacuzzi/spa/hot tub in listing text or equipment list."
lesmenuires-alpages-de-reberty-rb011d,,,,,,,,,,,,,none,yes,,,,,,whole-chalet,EUR,season-range,1660,3266,,,no,,,,,Les Menuires Réservation (locationlesmenuires.com),enrich,5,chalets/images/lesmenuires-alpages-de-reberty-rb011d/,2026-10-06,"enrich: tourist-office planning: Sat 20-Fri 26 Mar 2027 all Non disponible. Winter weeks with any availability: S53,S6,S9,S14,S15,S16,S17. Bookable winter weeks shown with prices: EUR1660-3266 per unit/week (5 weeks; unavailable weeks show no price). No jacuzzi/spa/hot tub in listing text or equipment list."
lesmenuires-ancolie-an0002,,,,,,,,,,,,,none,,,,,,,,,,,,,,no,,,,,Les Menuires Réservation (locationlesmenuires.com),enrich,5,chalets/images/lesmenuires-ancolie-an0002/,2026-10-06,enrich: tourist-office planning: Sat 20-Fri 26 Mar 2027 all Non disponible. Winter weeks with any availability: none. No winter week shows a price (all unavailable or on request). No jacuzzi/spa/hot tub in listing text or equipment list.
lesmenuires-ancolie-ancolie4,,,,,,,,,,,,,none,,,,,,,whole-chalet,EUR,season-range,1150,2380,,,unknown,,,,,Les Menuires Réservation (locationlesmenuires.com),enrich,5,chalets/images/lesmenuires-ancolie-ancolie4/,2026-10-06,"enrich: tourist-office planning S12 partial: 20/03=N 21/03=D 22/03=D 23/03=D 24/03=D 25/03=D 26/03=D. Winter weeks with any availability: S49,S50,S51,S1,S2,S3,S5,S6,S8,S11,S12,S14,S15,S16. Bookable winter weeks shown with prices: EUR1150-2380 per unit/week (4 weeks; unavailable weeks show no price). No jacuzzi/spa/hot tub in listing text or equipment list."
lesmenuires-ancolie-mnan0012,,,,,,,,,,,,,none,,,,,,,whole-chalet,EUR,season-range,1441,2093,,,no,,,,,Les Menuires Réservation (locationlesmenuires.com),enrich,5,chalets/images/lesmenuires-ancolie-mnan0012/,2026-10-06,"enrich: tourist-office planning: Sat 20-Fri 26 Mar 2027 all Non disponible. Winter weeks with any availability: S1,S3,S10,S13,S14,S16,S17. Bookable winter weeks shown with prices: EUR1441-2093 per unit/week (5 weeks; unavailable weeks show no price). No jacuzzi/spa/hot tub in listing text or equipment list."
lesmenuires-les-alpages-de-reberty-bleuet1,,,,,,,,,,,,,none,,,,,,,whole-chalet,EUR,season-range,865,3000,,,no,,,,,Les Menuires Réservation (locationlesmenuires.com),enrich,5,chalets/images/lesmenuires-les-alpages-de-reberty-bleuet1/,2026-10-06,"enrich: tourist-office planning: Sat 20-Fri 26 Mar 2027 all Non disponible. Winter weeks with any availability: S49,S50,S51,S52,S53,S1,S2,S3,S4,S6,S7,S8,S9,S16,S17. Bookable winter weeks shown with prices: EUR865-3000 per unit/week (15 weeks; unavailable weeks show no price). No jacuzzi/spa/hot tub in listing text or equipment list."
lesmenuires-les-alpages-de-reberty-danai3,,,,,,,,,,,,,yes-type-unknown,yes,,,,,,whole-chalet,EUR,season-range,1150,2560,,,yes,,,,,Les Menuires Réservation (locationlesmenuires.com),enrich,5,chalets/images/lesmenuires-les-alpages-de-reberty-danai3/,2026-10-06,"enrich: tourist-office planning: all of Sat 20-Fri 26 Mar 2027 Disponible. Winter weeks with any availability: S49,S50,S51,S52,S53,S1,S2,S3,S4,S5,S6,S7,S8,S10,S11,S12,S13,S14,S15,S16. Bookable winter weeks shown with prices: EUR1150-2560 per unit/week (4 weeks; unavailable weeks show no price). Hot tub wording: ""ne couverte inclus, à l’espace forme avec supplément, et au centre de bien être Spa et Hammam avec supplément.Parking extérieur gratuit à proximité. C"" - check."
lesmenuires-necou-nec814,,,,,,,,,,,,,none,,,,,,,whole-chalet,EUR,season-range,600,2050,,,no,,,,,Les Menuires Réservation (locationlesmenuires.com),enrich,5,chalets/images/lesmenuires-necou-nec814/,2026-10-06,"enrich: tourist-office planning: Sat 20-Fri 26 Mar 2027 all Non disponible. Winter weeks with any availability: S49,S7,S10,S16,S17. Bookable winter weeks shown with prices: EUR600-2050 per unit/week (4 weeks; unavailable weeks show no price). No jacuzzi/spa/hot tub in listing text or equipment list."
lesmenuires-necou-nec817,,,,,,,,,,,,,none,,,,,,,whole-chalet,EUR,season-range,646,1725,,,no,,,,,Les Menuires Réservation (locationlesmenuires.com),enrich,5,chalets/images/lesmenuires-necou-nec817/,2026-10-06,"enrich: tourist-office planning: Sat 20-Fri 26 Mar 2027 all Non disponible. Winter weeks with any availability: S50,S51,S52,S4,S5,S6,S7,S8,S9,S13,S14,S15. Bookable winter weeks shown with prices: EUR646-1725 per unit/week (12 weeks; unavailable weeks show no price). No jacuzzi/spa/hot tub in listing text or equipment list."
lesmenuires-necou-nec822,,,,,,,,,,,,,none,,,,,,,whole-chalet,EUR,season-range,689,1025,,,no,,,,,Les Menuires Réservation (locationlesmenuires.com),enrich,5,chalets/images/lesmenuires-necou-nec822/,2026-10-06,"enrich: tourist-office planning: Sat 20-Fri 26 Mar 2027 all Non disponible. Winter weeks with any availability: S49,S51,S10,S11,S15,S16,S17. Bookable winter weeks shown with prices: EUR689-1025 per unit/week (6 weeks; unavailable weeks show no price). No jacuzzi/spa/hot tub in listing text or equipment list."
lesmenuires-necou-necou416,,,,,,,,,,,,,none,,,,,,,,,,,,,,no,,,,,Les Menuires Réservation (locationlesmenuires.com),enrich,5,chalets/images/lesmenuires-necou-necou416/,2026-10-06,enrich: tourist-office planning: Sat 20-Fri 26 Mar 2027 all Non disponible. Winter weeks with any availability: none. No winter week shows a price (all unavailable or on request). No jacuzzi/spa/hot tub in listing text or equipment list.
lesmenuires-necou-necou423,,,,,,,,,,,,,none,,,,,,,whole-chalet,EUR,season-range,720,1630,,,yes,,,,,Les Menuires Réservation (locationlesmenuires.com),enrich,5,chalets/images/lesmenuires-necou-necou423/,2026-10-06,"enrich: tourist-office planning: all of Sat 20-Fri 26 Mar 2027 Disponible. Winter weeks with any availability: S49,S50,S51,S52,S1,S2,S3,S4,S5,S6,S7,S8,S10,S11,S12,S13,S14,S15,S16. Bookable winter weeks shown with prices: EUR720-1630 per unit/week (4 weeks; unavailable weeks show no price). No jacuzzi/spa/hot tub in listing text or equipment list."
lesmenuires-necou-necn0,,,,,,,,,,,,,none,,,,,,,whole-chalet,EUR,season-range,1145,3730,,,no,,,,,Les Menuires Réservation (locationlesmenuires.com),enrich,5,chalets/images/lesmenuires-necou-necn0/,2026-10-06,"enrich: tourist-office planning: Sat 20-Fri 26 Mar 2027 all Non disponible. Winter weeks with any availability: S50,S53,S8,S14,S15. Bookable winter weeks shown with prices: EUR1145-3730 per unit/week (5 weeks; unavailable weeks show no price). No jacuzzi/spa/hot tub in listing text or equipment list."
lesmenuires-les-chalets-du-soleil-c4p7,,,,,,,,,,,,,none,yes,,,,,,whole-chalet,EUR,season-range,1140,5684,,,no,,,,,Les Menuires Réservation (locationlesmenuires.com),enrich,5,chalets/images/lesmenuires-les-chalets-du-soleil-c4p7/,2026-10-06,"enrich: tourist-office planning: Sat 20-Fri 26 Mar 2027 all Non disponible. Winter weeks with any availability: S50,S51,S2,S3,S4,S6,S7,S8,S9,S14. Bookable winter weeks shown with prices: EUR1140-5684 per unit/week (10 weeks; unavailable weeks show no price). No jacuzzi/spa/hot tub in listing text or equipment list."
lesmenuires-chalet-2000-mi0102,,,,,,,,,,,,,yes-type-unknown,yes,,,,,,whole-chalet,EUR,season-range,2684,4108,,,no,,,,,Les Menuires Réservation (locationlesmenuires.com),enrich,5,chalets/images/lesmenuires-chalet-2000-mi0102/,2026-10-06,"enrich: tourist-office planning: Sat 20-Fri 26 Mar 2027 all Non disponible. Winter weeks with any availability: S51,S5,S14,S15. Bookable winter weeks shown with prices: EUR2684-4108 per unit/week (3 weeks; unavailable weeks show no price). Hot tub wording: ""recherchée dans le quartier de Reberty 2000. Sa grande terrasse de 60m² et son jacuzzi vous permettront de profiter de la vue sur la Pointe de la Mass"" - check."
lesmenuires-necou-nec711,,,,,,,,,,,,,none,,,,,,,whole-chalet,EUR,season-range,780,2020,,,no,,,,,Les Menuires Réservation (locationlesmenuires.com),enrich,5,chalets/images/lesmenuires-necou-nec711/,2026-10-06,"enrich: tourist-office planning: Sat 20-Fri 26 Mar 2027 all Non disponible. Winter weeks with any availability: S49,S50,S51,S8,S14,S15,S16,S17. Bookable winter weeks shown with prices: EUR780-2020 per unit/week (8 weeks; unavailable weeks show no price). No jacuzzi/spa/hot tub in listing text or equipment list."
lesmenuires-tetras-lyre-te0007,,,,,,,,,,,,,,,,,,,,,,,,,,,no,,,,,Les Menuires Réservation (locationlesmenuires.com),enrich,,,2026-10-06,enrich: tourist-office planning: Sat 20-Fri 26 Mar 2027 all Non disponible. Winter weeks with any availability: none. No winter week shows a price (all unavailable or on request).
lesmenuires-les-alpages-de-reberty-alp5p10stan,,,,,,,,,,,,,,yes,,,,,,,,,,,,,no,,,,,Les Menuires Réservation (locationlesmenuires.com),enrich,,,2026-10-06,enrich: tourist-office planning: Sat 20-Fri 26 Mar 2027 all Non disponible. Winter weeks with any availability: none. No winter week shows a price (all unavailable or on request).
lesmenuires-les-chalets-du-soleil-a510,,,,,,,,,,,,,,,,,,,,,,,,,,,no,,,,,Les Menuires Réservation (locationlesmenuires.com),enrich,,,2026-10-06,enrich: tourist-office planning: Sat 20-Fri 26 Mar 2027 all Non disponible. Winter weeks with any availability: none. No winter week shows a price (all unavailable or on request).
lesmenuires-necou-fr73583305,,,,,,,,,,,,,none,,,,,,,whole-chalet,EUR,season-range,517,1125,,,no,,,,,Les Menuires Réservation (locationlesmenuires.com),enrich,5,chalets/images/lesmenuires-necou-fr73583305/,2026-10-06,"enrich: tourist-office planning: Sat 20-Fri 26 Mar 2027 all Non disponible. Winter weeks with any availability: S51,S1,S3,S6,S8,S9,S11,S13,S14,S15. Bookable winter weeks shown with prices: EUR517-1125 per unit/week (10 weeks; unavailable weeks show no price). No jacuzzi/spa/hot tub in listing text or equipment list."
lesmenuires-necou-ne0704,,,,,,,,,,,,,none,,,,,,,,,,,,,,no,,,,,Les Menuires Réservation (locationlesmenuires.com),enrich,5,chalets/images/lesmenuires-necou-ne0704/,2026-10-06,enrich: tourist-office planning: Sat 20-Fri 26 Mar 2027 all Non disponible. Winter weeks with any availability: none. No winter week shows a price (all unavailable or on request). No jacuzzi/spa/hot tub in listing text or equipment list.
lesmenuires-necou-nec106,,,,,,,,,,,,,none,,,,,,,whole-chalet,EUR,season-range,415,665,,,no,,,,,Les Menuires Réservation (locationlesmenuires.com),enrich,5,chalets/images/lesmenuires-necou-nec106/,2026-10-06,"enrich: tourist-office planning: Sat 20-Fri 26 Mar 2027 all Non disponible. Winter weeks with any availability: S49,S50,S51,S4,S13,S14,S15,S16,S17. Bookable winter weeks shown with prices: EUR415-665 per unit/week (7 weeks; unavailable weeks show no price). No jacuzzi/spa/hot tub in listing text or equipment list."
lesmenuires-necou-nec701,,,,,,,,,,,,,none,,,,,,,whole-chalet,EUR,season-range,395,460,,,no,,,,,Les Menuires Réservation (locationlesmenuires.com),enrich,5,chalets/images/lesmenuires-necou-nec701/,2026-10-06,"enrich: tourist-office planning: Sat 20-Fri 26 Mar 2027 all Non disponible. Winter weeks with any availability: S49,S50,S51,S14,S15,S16,S17. Bookable winter weeks shown with prices: EUR395-460 per unit/week (7 weeks; unavailable weeks show no price). No jacuzzi/spa/hot tub in listing text or equipment list."
lesmenuires-necou-nec717,,,,,,,,,,,,,none,,,,,,,whole-chalet,EUR,season-range,466,1254,,,no,,,,,Les Menuires Réservation (locationlesmenuires.com),enrich,5,chalets/images/lesmenuires-necou-nec717/,2026-10-06,"enrich: tourist-office planning: Sat 20-Fri 26 Mar 2027 all Non disponible. Winter weeks with any availability: S49,S50,S51,S7,S14,S15,S16,S17. Bookable winter weeks shown with prices: EUR466-1254 per unit/week (8 weeks; unavailable weeks show no price). No jacuzzi/spa/hot tub in listing text or equipment list."
lesmenuires-necou-nec718,,,,,,,,,,,,,none,,,,,,,whole-chalet,EUR,season-range,466,595,,,no,,,,,Les Menuires Réservation (locationlesmenuires.com),enrich,5,chalets/images/lesmenuires-necou-nec718/,2026-10-06,"enrich: tourist-office planning: Sat 20-Fri 26 Mar 2027 all Non disponible. Winter weeks with any availability: S49,S50,S51,S14,S15,S16,S17. Bookable winter weeks shown with prices: EUR466-595 per unit/week (7 weeks; unavailable weeks show no price). No jacuzzi/spa/hot tub in listing text or equipment list."
locstnicolas-agapanthe,,,,,,,,0,,,,,,,,,,,320,whole-chalet,EUR,exact-week,,,,,,,,,,Locations Meublées St-Nicolas (owners association),enrich,1,chalets/images/locstnicolas-agapanthe/,2026-10-06,"enrich: owner calendar 0 bookings from Oct 2026; overlap with 20-27 Mar 2027: none. studio. 20 Mar 2027 is outside French school holidays -> rate ""Hiver hors vacances scolaires : 320 eur par semaine""."
allchalets-chalet-14844,,private owner on allChalets (enquiry contact: Laure Brisson),,,,,,,,,,,,,,,,Saturday,,,,,,,,"end-of-stay cleaning, firewood, heating, tourist taxes (per listing)",,,,,,allChalets,enrich,,,2026-10-06,"enrich: allChalets 'owner has not provided any up to date rates' - quote only; listing says rate includes final housework, wood, heating and tourist taxes, Saturday-Saturday in high season; catered tag but no catering detail; sauna, childcare and airport transfers available. Enquiry contact Laure Brisson. Calendar unmaintained (all available), so availability not trusted."
simplyvaldisere-chalet-bonne-neige,,,,,,,,4,,,,"7 breakfasts (5 cooked), 6 afternoon teas, 5x 3-course dinners + 1 Alpine speciality meal, unlimited wine with dinner; host's day off",none,no,"steam room, boot warmers, open fire, piste views, wifi",,,Sunday,,per-person,GBP,season-range,999,2249,,UK regional flights/transfers + catering (small discount for own transport); resort tax ~£2pppn extra,,,,,https://www.simplyvaldisere.com/accom/la-daille-le-cret/chalet-bonne-neige-8,Simply Val d'Isère,enrich,,,2026-10-06,"enrich: Simply VDI page: 4 en-suite bedrooms (2 twins, 2 doubles) sleeps up to 9, steam room (no hot tub), across the road from La Daille gondola/funicular. Pricing guide 'from £999 - £2,249 per person, Sunday - Sunday' incl. flights/transfers; exact 21 Mar 2027 price and availability via enquiry only. Operator not named."
allchalets-chalet-chloe,,private advertiser on allChalets (enquiry contact: Martin Bright),,,,,,,,,,,,,,,,,,,,,,,,,,,,,,allChalets,enrich,,,2026-10-06,"enrich: allChalets says the owner has not provided up-to-date rates (enquiry only); enquiry contact Martin Bright. allChalets calendars are usually unmaintained, so availability not trusted."
allchalets-chalet-daria,,private advertiser on allChalets (enquiry contact: Martin Bright),,,,,,,,,,,,,,,,,,,,,,,,,,,,,,allChalets,enrich,,,2026-10-06,"enrich: allChalets says the owner has not provided up-to-date rates (enquiry only); enquiry contact Martin Bright.  allChalets calendars are usually unmaintained, so availability not trusted."
allchalets-chalet-la-vieille-ferme,,private advertiser on allChalets (enquiry contact: Jeremy Ransom),,,,,,,,,,,,,,,,,,,,,,,,,,,,,,allChalets,enrich,,,2026-10-06,"enrich: allChalets says the owner has not provided up-to-date rates (enquiry only); enquiry contact Jeremy Ransom. For your convenience, all prices above are, (and payments can be made) in £'s sterling. please contact us for sole- occupancy prices For children sharing a room with 2 adults: 8-15 yrs old inclusive, 35% off adult price allChalets calendars are usually unmaintained, so availability not trusted."
allchalets-chalet-naomi,,private advertiser on allChalets (enquiry contact: Martin Bright),,,,,,,,,,,,,,,,,,,,,,,,,,,,,,allChalets,enrich,,,2026-10-06,"enrich: allChalets says the owner has not provided up-to-date rates (enquiry only); enquiry contact Martin Bright.  allChalets calendars are usually unmaintained, so availability not trusted."
allchalets-chalet-par,,private advertiser on allChalets (enquiry contact: Martin Bright),,,,,,,,,,,,,,,,,,,,,,,,,,,,,,allChalets,enrich,,,2026-10-06,"enrich: allChalets says the owner has not provided up-to-date rates (enquiry only); enquiry contact Martin Bright.  allChalets calendars are usually unmaintained, so availability not trusted."
simplyvaldisere-chalet-toit-du-monde,,,,,,,,4,,,,"Tea or coffee in bed, breakfast and afternoon tea daily; Mouth watering dinners prepared by the chef (6 nights); Champagne reception with daily canapes; Children's dinner available on request",private-indoor,,"indoor pool with jet stream and corner jacuzzi jets, massage room, movie screen, wine cellar, steam-room baths",,,Sunday,,whole-chalet,GBP,season-range,16335,52800,,"chalet, catering, house wines/open bar, chauffeur; own transport",,,,,,Simply Val d'Isère,enrich,,,2026-10-06,"enrich: Simply VDI pricing guide: ""Prices vary from £16,335 to £52,800 for the chalet for the week. Sunday - Sunday Own transport. Assistance is available with transport if required Please contact us for up to date prices and availablility via the Enquiry"". Exact week price/availability by enquiry only."
allchalets-chalet-de-bleu,,private advertiser on allChalets (enquiry contact: Martin Bright),,,,,,,,,,,,,,,,,,,,,,,,,,,,,,allChalets,enrich,,,2026-10-06,"enrich: allChalets says the owner has not provided up-to-date rates (enquiry only); enquiry contact Martin Bright.  allChalets calendars are usually unmaintained, so availability not trusted."
allchalets-chalet-de-vallon-iv,,private advertiser on allChalets (enquiry contact: Martin Bright),,,,,,,,,,,,,,,,,,,,,,,,,,,,,,allChalets,enrich,,,2026-10-06,"enrich: allChalets says the owner has not provided up-to-date rates (enquiry only); enquiry contact Martin Bright.  allChalets calendars are usually unmaintained, so availability not trusted."
allchalets-chalet-du-gris,,private advertiser on allChalets (enquiry contact: Martin Bright),,,,,,,,,,,,,,,,,,,,,,,,,,,,,,allChalets,enrich,,,2026-10-06,"enrich: allChalets says the owner has not provided up-to-date rates (enquiry only); enquiry contact Martin Bright.  allChalets calendars are usually unmaintained, so availability not trusted."
allchalets-apartment-15536,,private advertiser on allChalets (enquiry contact: Simon Booth),,,,,,,,,,,,,,,,,,,,,,,,,,,,,,allChalets,enrich,,,2026-10-06,"enrich: allChalets says the owner has not provided up-to-date rates (enquiry only); enquiry contact Simon Booth. Prices for this property include linen and towels, welcome pack and cleaning and to ensure that your holiday goes without a hitch the owners' staff are on hand to give advice and help when required and are available 24/7 in case of emergencies. allChalets calendars are usually unmaintained, so availability not trusted."
allchalets-apartment-19669,,private advertiser on allChalets (enquiry contact: Julien Chbib),,,,,,,,,,,,,,,,,,,,,,,,,,,,,,allChalets,enrich,,,2026-10-06,"enrich: allChalets says the owner has not provided up-to-date rates (enquiry only); enquiry contact Julien Chbib.  allChalets calendars are usually unmaintained, so availability not trusted."
allchalets-apartment-34505,,private advertiser on allChalets (enquiry contact: Yvonne allChalets),,,,,,,,,,,,,,,,,,,,,,,,,,,,,,allChalets,enrich,,,2026-10-06,"enrich: allChalets shows no rates (owner has not provided up-to-date rates / empty price list; enquiry only); enquiry contact Yvonne allChalets.  allChalets calendars are usually unmaintained, so availability not trusted."
allchalets-apartment-35461,,private advertiser on allChalets (enquiry contact: Martin Bright),,,,,,,,,catered-or-self,,,,,,,,,,,,,,,,,,,,,allChalets,enrich,,,2026-10-06,"enrich: allChalets shows no rates (owner has not provided up-to-date rates / empty price list; enquiry only); enquiry contact Martin Bright.  allChalets calendars are usually unmaintained, so availability not trusted. allChalets 'Catered: Catered, Self catering' -> catered-or-self."
allchalets-apartment-36169,,private advertiser on allChalets (enquiry contact: Martin Bright),,,,,,,,,catered-or-self,,,,,,,,,,,,,,,,,,,,,allChalets,enrich,,,2026-10-06,"enrich: allChalets shows no rates (owner has not provided up-to-date rates / empty price list; enquiry only); enquiry contact Martin Bright.  allChalets calendars are usually unmaintained, so availability not trusted."
allchalets-apartment-36190,,private advertiser on allChalets (enquiry contact: Yvonne allChalets),,,,,,,,,self-catered,,,,,,,,,,,,,,,,,,,,,allChalets,enrich,,,2026-10-06,"enrich: allChalets shows no rates (owner has not provided up-to-date rates / empty price list; enquiry only); enquiry contact Yvonne allChalets.  allChalets calendars are usually unmaintained, so availability not trusted."
allchalets-apartment-40317,,private advertiser on allChalets (enquiry contact: Martin Bright),,,,,,,,,self-catered,,,,,,,,,,,,,,,,,,,,,allChalets,enrich,,,2026-10-06,"enrich: allChalets shows no rates (owner has not provided up-to-date rates / empty price list; enquiry only); enquiry contact Martin Bright.  allChalets calendars are usually unmaintained, so availability not trusted."
allchalets-apartment-46905,,private advertiser on allChalets (enquiry contact: Yvonne allChalets),,,,,,,,,self-catered,,,,,,,,,,,,,,,,,,,,,allChalets,enrich,,,2026-10-06,"enrich: allChalets shows no rates (owner has not provided up-to-date rates / empty price list; enquiry only); enquiry contact Yvonne allChalets.  allChalets calendars are usually unmaintained, so availability not trusted."
allchalets-apartment-48125,,private advertiser on allChalets (enquiry contact: Yvonne allChalets),,,,,,,,,self-catered,,,,,,,,,,,,,,,,,,,,,allChalets,enrich,,,2026-10-06,"enrich: allChalets shows no rates (owner has not provided up-to-date rates / empty price list; enquiry only); enquiry contact Yvonne allChalets.  allChalets calendars are usually unmaintained, so availability not trusted."
allchalets-apartment-48208,,private advertiser on allChalets (enquiry contact: Yvonne allChalets),,,,,,,,,self-catered,,,,,,,,,,,,,,,,,,,,,allChalets,enrich,,,2026-10-06,"enrich: allChalets shows no rates (owner has not provided up-to-date rates / empty price list; enquiry only); enquiry contact Yvonne allChalets.  allChalets calendars are usually unmaintained, so availability not trusted."
allchalets-apartment-details-49248,,private advertiser on allChalets (enquiry contact: Yvonne allChalets),,,,,,,,,self-catered,,,,,,,,,,,,,,,,,,,,,allChalets,enrich,,,2026-10-06,"enrich: allChalets shows no rates (owner has not provided up-to-date rates / empty price list; enquiry only); enquiry contact Yvonne allChalets.  allChalets calendars are usually unmaintained, so availability not trusted."
allchalets-chalet-12653,,private advertiser on allChalets (enquiry contact: Mark Cook),,,,,,,,,self-catered,,,,,,,,,,,,,,,,,,,,,allChalets,enrich,,,2026-10-06,"enrich: allChalets shows no rates (owner has not provided up-to-date rates / empty price list; enquiry only); enquiry contact Mark Cook.  allChalets calendars are usually unmaintained, so availability not trusted."
allchalets-chalet-16818,,private advertiser on allChalets (enquiry contact: Sophie Marrel),,,,,,,,,self-catered,,,,,,,,,,,,,,,,,,,,,allChalets,enrich,,,2026-10-06,"enrich: allChalets shows no rates (owner has not provided up-to-date rates / empty price list; enquiry only); enquiry contact Sophie Marrel.  allChalets calendars are usually unmaintained, so availability not trusted."
allchalets-chalet-2155,,private advertiser on allChalets (enquiry contact: Alexander & Kim),,,,,,,,,self-catered,,,,,,,,,,,,,,,,,,,,,allChalets,enrich,,,2026-10-06,"enrich: allChalets shows no rates (owner has not provided up-to-date rates / empty price list; enquiry only); enquiry contact Alexander & Kim.  allChalets calendars are usually unmaintained, so availability not trusted."
allchalets-chalet-25616,,private advertiser on allChalets (enquiry contact: Martin Bright),,,,,,,,,catered-or-self,,,,,,,,,,,,,,,,,,,,,allChalets,enrich,,,2026-10-06,"enrich: allChalets shows no rates (owner has not provided up-to-date rates / empty price list; enquiry only); enquiry contact Martin Bright.  allChalets calendars are usually unmaintained, so availability not trusted."
allchalets-chalet-arkle,,private advertiser on allChalets (enquiry contact: Victoria Chalet Arkle),,,,,,,,,self-catered,,,,,,,,,,,,,,,,,,,,,allChalets,enrich,,,2026-10-06,"enrich: allChalets shows no rates (owner has not provided up-to-date rates / empty price list; enquiry only); enquiry contact Victoria Chalet Arkle.  allChalets calendars are usually unmaintained, so availability not trusted."
allchalets-chalet-big-bear,,private advertiser on allChalets (enquiry contact: Simon Booth),,,,,,,,,self-catered,,,,,,,,,,,,,,,,,,,,,allChalets,enrich,,,2026-10-06,"enrich: allChalets shows no rates (owner has not provided up-to-date rates / empty price list; enquiry only); enquiry contact Simon Booth. Prices for this property include linen and towels, welcome pack and cleaning and to ensure that your holiday goes without a hitch in the owners staff are on hand to give advice and help when required and are available 24/7 in case of emergencies. allChalets calendars are usually unmaintained, so availability not trusted."
allchalets-chalet-ciara,,private advertiser on allChalets (enquiry contact: Martin Bright),,,,,,,,,catered-or-self,,,,,,,,,,,,,,,,,,,,,allChalets,enrich,,,2026-10-06,"enrich: allChalets shows no rates (owner has not provided up-to-date rates / empty price list; enquiry only); enquiry contact Martin Bright.  allChalets calendars are usually unmaintained, so availability not trusted."
allchalets-chalet-cleo,,private advertiser on allChalets (enquiry contact: Martin Bright),,,,,,,,,catered-or-self,,,,,,,,,,,,,,,,,,,,,allChalets,enrich,,,2026-10-06,"enrich: allChalets shows no rates (owner has not provided up-to-date rates / empty price list; enquiry only); enquiry contact Martin Bright.  allChalets calendars are usually unmaintained, so availability not trusted."
msemstg-chalet-hotel-des-2-gares-12394,,,,,,,,,,,breakfast-only,buffet breakfast + bar; no restaurant/half board mentioned,none,yes,"heated pool, sauna, bar lounge, kids corner, coworking, covered parking; 50 m from Le Fayet TGV station and Valléen gondola",,,,,,,,,,,,,,,,,Hôtel des 2 Gares (own site),enrich,5,chalets/images/msemstg-chalet-hotel-des-2-gares-12394/,2026-10-06,"enrich: own site hotel2gares.com: hotel rooms + apartments in Le Fayet (valley), 50 m from the Valléen gondola up to the St-Gervais ski area; breakfast buffet and bar only; wellness = heated pool + sauna (7:00-20:00) - no hot tub. Not found on Booking.com. Weekly price for 20 Mar only via MSEM offers (2 adults EUR800.8 recorded earlier)."
allchalets-chalet-lauziere,,private advertiser on allChalets (enquiry contact: Yvonne allChalets),,,,,,,,,self-catered,,,,,,,,,,,,,,,,,,,,,allChalets,enrich,,,2026-10-06,"enrich: allChalets shows no rates (owner has not provided up-to-date rates / empty price list; enquiry only); enquiry contact Yvonne allChalets.  allChalets calendars are usually unmaintained, so availability not trusted."
allchalets-chalet-le-rosay,,private advertiser on allChalets (enquiry contact: Simon Booth),,,,,,,,,self-catered,,,,,,,,,,,,,,,,,,,,,allChalets,enrich,,,2026-10-06,"enrich: allChalets shows no rates (owner has not provided up-to-date rates / empty price list; enquiry only); enquiry contact Simon Booth.  allChalets calendars are usually unmaintained, so availability not trusted."
allchalets-chalet-lou-iv,,private advertiser on allChalets (enquiry contact: Martin Bright),,,,,,,,,catered-or-self,,,,,,,,,,,,,,,,,,,,,allChalets,enrich,,,2026-10-06,"enrich: allChalets shows no rates (owner has not provided up-to-date rates / empty price list; enquiry only); enquiry contact Martin Bright. Prices based on 8 sharing fully catered (all breakfasts, afternoon tea, cakes and snacks and evening meals on 6 nights inc wine, beer and soft drinks) with a great chef. allChalets calendars are usually unmaintained, so availability not trusted."
allchalets-chalet-monica,,private advertiser on allChalets (enquiry contact: Martin Bright),,,,,,,,,catered-or-self,,,,,,,,,,,,,,,,,,,,,allChalets,enrich,,,2026-10-06,"enrich: allChalets shows no rates (owner has not provided up-to-date rates / empty price list; enquiry only); enquiry contact Martin Bright. Rates are for the self catered option, with 12 sharing, but also offered catered at the appropriate rates.With the catered choice children are up to 30% less. allChalets calendars are usually unmaintained, so availability not trusted."
allchalets-chalet-ours,,private advertiser on allChalets (enquiry contact: Martin Bright),,,,,,,,,catered-or-self,,,,,,,,,,,,,,,,,,,,,allChalets,enrich,,,2026-10-06,"enrich: allChalets shows no rates (owner has not provided up-to-date rates / empty price list; enquiry only); enquiry contact Martin Bright.  allChalets calendars are usually unmaintained, so availability not trusted."
allchalets-chalet-pascaud,,private advertiser on allChalets (enquiry contact: Simon Booth),,,,,,,,,self-catered,,,,,,,,,,,,,,,,,,,,,allChalets,enrich,,,2026-10-06,"enrich: allChalets shows no rates (owner has not provided up-to-date rates / empty price list; enquiry only); enquiry contact Simon Booth. Prices for this property include linen and towels, welcome pack and cleaning and to ensure that your holiday goes without a hitch in the owners' staff are on hand to give advice and help when required and are available 24/7 in case of emergencies. allChalets calendars are usually unmaintained, so availability not trusted."
allchalets-chalet-de-fonbelle,,private advertiser on allChalets (enquiry contact: Martin Bright),,,,,,,,,catered-or-self,,,,,,,,,,,,,,,,,,,,,allChalets,enrich,,,2026-10-06,"enrich: allChalets shows no rates (owner has not provided up-to-date rates / empty price list; enquiry only); enquiry contact Martin Bright.  allChalets calendars are usually unmaintained, so availability not trusted."
allchalets-chalet-des-neiges,,private advertiser on allChalets (enquiry contact: Martin Bright),,,,,,,,,catered-or-self,,,,,,,,,,,,,,,,,,,,,allChalets,enrich,,,2026-10-06,"enrich: allChalets shows no rates (owner has not provided up-to-date rates / empty price list; enquiry only); enquiry contact Martin Bright. Rates quoted are for the self catered option and bookable only on a sole occupancy basis. allChalets calendars are usually unmaintained, so availability not trusted."
msemstg-hotel-cur-des-neiges-17513,,,,,,,,15,,,breakfast-only,buffet breakfast; bar; 'restaurants à proximité' (no restaurant),,,"spa/wellness area (massages), fireplace lounge, bar, reception room; whole hotel can be privatised",,,,,,,,,,,,,,,,https://hotelcoeurdesneiges.com/fr/,Hôtel Le Cœur des Neiges (own site),enrich,4,chalets/images/msemstg-hotel-cur-des-neiges-17513/,2026-10-06,"enrich: own site: 3* charm hotel in St-Gervais village centre, 15 rooms, fireplace lounge, bar, wellness/spa area (contents not detailed on home page - hot tub not confirmed), B&B with restaurants nearby; 'Entièrement privatisable' (exclusive hire possible - could suit a group). Not on Booking.com; not returned by MSEM offers API for 20-27 Mar 2027."
fresh-tracks-l-etendard,,Fresh Tracks Ski,,,,,10,5,,chalet,catered,"breakfast, afternoon tea/cake, 3-course dinner with house wine on 6 of 7 days; cheeseboards; honesty bar",none,,"boot/kit drying room, fire, balcony with mountain views, bathrobes",,,,,,,quote-needed,,,,,,,,,https://www.fresh-tracks.co.uk/fresh-tracks-chalet-letendard,Fresh Tracks Ski (own site),enrich,3,chalets/images/fresh-tracks-l-etendard/,2026-10-06,"enrich: Fresh Tracks Ski (42 Route de l'Alpette, Oz-en-Oisans): Chalet L'Etendard sleeps 10 adults in 5 bedrooms (twin/superking; '10 + 2' with extras; split as The Loft 3 bed/2 bath + The Snug 2 bed/shared bath); sister Chalet Le Lauteret sleeps 8 (4 bedrooms). Sole occupancy needs min 8 full-paying guests. Winter prices fully catered 'please enquire' (bookings page still dated 2024/25); no hot tub mentioned; close to Alpette lift."
snowedinn-chalet-genepi-10,,,,,,,,,,,,,,,,,,,,,,,,,,,,,,,,Snowed Inn Chalets,enrich,,,2026-10-06,"enrich: Snowed Inn page re-checked 6 Oct 2026: ""Pricing & Availability Please contact us directly for pricing & availability for this chalet. Email Us email : snowedinnchalets@gmail.com call : +441617060688 S"" - no week prices or availability calendar online; headline From £6,999."
seetignes-annina,,probably Skiworld (all photos credited '© Skiworld ISL'),,,,,,,,,catered,,,,,,,,,,,,,,,,,,,,,,enrich,,,2026-10-06,"enrich: SeeTignes listing photos all credited '© Skiworld ISL' and text says 'Chalet staff live out' -> a Skiworld catered chalet-apartment (4th-floor duplex, 140 m from pistes, lift, ski room, boot dryers, wifi). No price/availability on SeeTignes (enquire). Skiworld site is on the sites lane - not searched here; check Skiworld's Tignes list for 'Annina' to get the 21 Mar 2027 price. Hot tub not mentioned (sauna per earlier notes)."
allchalets-apartment-62170,,private advertiser on allChalets (enquiry contact: Martin Bright),,,,,,,,,catered-or-self,,,,,,,,,,,,,,,,,,,,,allChalets,enrich,,,2026-10-06,"enrich: allChalets shows no rates (owner has not provided up-to-date rates / empty price list; enquiry only); enquiry contact Martin Bright.  allChalets calendars are usually unmaintained, so availability not trusted."
seetignes-escamillo,,probably Skiworld (photo credits),,,,,,,,,catered,,,yes,,,,,,,,,,,,,,,,,,See Tignes,enrich,,,2026-10-06,"enrich: See Tignes listing (enquiry only, no calendar/prices): photos credited ""© Skiworld ISL"" (5x). text mentions chalet staff/catering."
independent-ski-links-grande-motte,,Esprit Ski (sold via Independent Ski Links),,,,,,,,,catered,"6 days: buffet breakfast, afternoon tea/cake, children's high tea 17:30, 4-course adult dinner with canapés, aperitif and wine; host's day off",,,,,,,,,,,,,,,,,,,,Independent Ski Links,enrich,,,2026-10-06,"enrich: Ski-Links page 2: family chalet (sleeps 8, 2 en-suite family rooms, near Aeroski gondola/Palafour) with Esprit-style catering ('supervised by Esprit staff', under-13s not at adult dinner). Prices & availability: 'Please contact us ... for accurate pricing'. Hot tub not mentioned."
msemstg-la-feline-blanche-7038,,,,,,,,,,,breakfast-only,breakfast included; no restaurant mentioned,none,,,,,,,,,,,,,,,,,,https://www.lafelineblanche.com/,La Féline Blanche (own site),enrich,4,chalets/images/msemstg-la-feline-blanche-7038/,2026-10-06,enrich: own site: 3* adults-only boutique 'chalet hôtel' in an 1880 house in St-Gervais village (138 rue du Mont-Blanc); 'hôtel avec petit déjeuner inclus'; reception 07:30-12:30; no spa/hot tub mentioned. Room count not stated on home page. Not on Booking.com.
fresh-tracks-le-lauteret,,Fresh Tracks Ski,,,,,8,4,,chalet,catered,"breakfast, afternoon tea/cake, 3-course dinner with house wine on 6 of 7 days; honesty bar",none,,,,,,,,,quote-needed,,,,,,,,,,Fresh Tracks Ski (own site);See Alpe d'Huez,enrich,,,2026-10-06,"enrich: Fresh Tracks Ski chalets page: 'Chalet Le Lauteret can sleep 8 adults (4 bedrooms)', twin or superking beds; same catering as L'Etendard (both on Route de l'Alpette, Oz). Sole occupancy min 8 full-paying guests; prices on enquiry. No hot tub mentioned."
msemstg-planb-living-saint-gervais-205838,,,,,,,,,,,,,,,,,,,,,,,,,,,,,,,,,enrich,,,2026-10-06,"enrich: not found on Booking.com under 'PlanB Living'; own domains (planb-hotels/planbhotels/planb-living .com) do not resolve. Only MSEM data (Le Fayet, 150 av. de Genève; 2-adult offer EUR796.8 for 20-27 Mar 2027). Board/hot tub/rooms unknown."
msemstg-refuge-chez-la-tante-mont-d-arbois-206775,,,,,,,,,,,,,,,,,,,2487,per-person,EUR,exact-week,,,,"room for 2 adults, 7 nights 20-27 Mar 2027, incl. tourist tax (MSEM offer EUR4,974.6); board not stated",,,,,,,enrich,,,2026-10-06,"enrich: price derived from the MSEM offers-API result recorded by the village collector (2 adults EUR4,974.6 for 20-27 Mar 2027 = EUR2,487pp). Not on Booking.com. Board/hot tub not found (Le Refuge du Mont d'Arbois, 4284 route des Crêtes). Far above budget."
allchalets-residence-daria-i-nor,,private advertiser on allChalets (enquiry contact: Martin Bright),,,,,,,,,catered-or-self,,,,,,,,,,,,,,,,,,,,,allChalets,enrich,,,2026-10-06,"enrich: allChalets shows no rates (owner has not provided up-to-date rates / empty price list; enquiry only); enquiry contact Martin Bright.  allChalets calendars are usually unmaintained, so availability not trusted."
allchalets-residence-l-arolay,,private advertiser on allChalets (enquiry contact: Yvonne allChalets),,,,,,,,,self-catered,,,,,,,,,,,,,,,,,,,,,allChalets,enrich,,,2026-10-06,"enrich: allChalets shows no rates (owner has not provided up-to-date rates / empty price list; enquiry only); enquiry contact Yvonne allChalets.  allChalets calendars are usually unmaintained, so availability not trusted."
fresh-tracks-the-loft,,Fresh Tracks Ski,,,,,6,3,,apartment,catered,,none,,,,,,,,,,,,,,,,fresh-tracks-l-etendard,,https://www.fresh-tracks.co.uk/fresh-tracks-chalet-letendard,Fresh Tracks Ski (own site),enrich,,,2026-10-06,"enrich: 'The Loft' is the first-floor part of Chalet L'Etendard (3 bedrooms, 2 bathrooms, superking/twin; 'Sleeps 6 in L'Etendard'), sold separately when the whole chalet is not taken; catered like the chalet; prices on enquiry."
fresh-tracks-the-snug,,Fresh Tracks Ski,,,,,4,2,1,apartment,catered,,none,,,,,,,,,,,,,,,,fresh-tracks-l-etendard,,https://www.fresh-tracks.co.uk/fresh-tracks-chalet-letendard,Fresh Tracks Ski (own site),enrich,,,2026-10-06,"enrich: 'The Snug' is the lower-floor part of Chalet L'Etendard (2 bedrooms, shared bathroom, 'Sleeps 4'), sold separately when the whole chalet is not taken; catered; prices on enquiry."
maeva-alpe-2000,,,,,,,,,,,,,none,,"Animals not allowed, Balcony, Car park, Cooked, Dishes and cutlery, Dishwasher, Elevator, Freezer, Fridge, Heating, Microwave oven, Oven, Ski locker, Television",,,,,,,,,,,,,,,,,Alpe d'Huez official booking (accommodation.alpedhuez.com),enrich,5,chalets/images/maeva-alpe-2000/,2026-10-06,"enrich: OT page ""Alpe 2000 - 4 pièces - 9 personnes - 100 m² - MAEVA"": full equipment list = Animals not allowed, Balcony, Car park, Cooked, Dishes and cutlery, Dishwasher, Elevator, Freezer, Fridge, Heating, Microwave oven, Oven, Ski locker, Television. No week prices without the booking flow (village collector: OT calendar API returned no bookable weeks for this unit) - 20 Mar price/availability still unknown."
odalys-altiport-no-1,,,,,,,,,,,,,,yes,,,,,,,,,,,,,,,,,,See Alpe d'Huez,enrich,,,2026-10-06,"enrich: See Alpe d'Huez listing (enquiry only, no calendar/prices): gallery photos credited ""© Ski France"" (11x). (Ski France is a UK agent - not necessarily the operator.)"
odalys-altiport-no-2,,,,,,,,,,,,,,yes,,,,,,,,,,,,,,,,,,See Alpe d'Huez,enrich,,,2026-10-06,"enrich: See Alpe d'Huez listing (enquiry only, no calendar/prices): gallery photos credited ""© Ski France"" (7x). (Ski France is a UK agent - not necessarily the operator.)"
odalys-altiport-no-3,,,,,,,,,,,,,,yes,,,,,,,,,,,,,,,,,,See Alpe d'Huez,enrich,,,2026-10-06,"enrich: See Alpe d'Huez listing (enquiry only, no calendar/prices): gallery photos credited ""© Ski France"" (12x). (Ski France is a UK agent - not necessarily the operator.)"
odalys-altiport-no-4,,,,,,,,,,,,,,yes,,,,,,,,,,,,,,,,,,See Alpe d'Huez,enrich,,,2026-10-06,"enrich: See Alpe d'Huez listing (enquiry only, no calendar/prices): gallery photos credited ""© Ski France"" (12x). (Ski France is a UK agent - not necessarily the operator.)"
odalys-altiport-no-5,,,,,,,,,,,,,,yes,,,,,,,,,,,,,,,,,,See Alpe d'Huez,enrich,,,2026-10-06,"enrich: See Alpe d'Huez listing (enquiry only, no calendar/prices): gallery photos credited ""© Ski France"" (8x). (Ski France is a UK agent - not necessarily the operator.)"
maeva-bergers,,,,,,,,,,,,,none,,"Animals not allowed, Balcony, Cooked, Cooking plate, Dishes and cutlery, Dishwasher, Eco-host in the future, Elevator, Fridge, Heating, Microwave oven, Television",,,,,,,,,,,,,,,,,Alpe d'Huez official booking (accommodation.alpedhuez.com),enrich,5,chalets/images/maeva-bergers/,2026-10-06,"enrich: OT page ""Bergers - 2 pièces - 8 personnes - 60 m² - MAEVA"": full equipment list = Animals not allowed, Balcony, Cooked, Cooking plate, Dishes and cutlery, Dishwasher, Eco-host in the future, Elevator, Fridge, Heating, Microwave oven, Television. No week prices without the booking flow (village collector: OT calendar API returned no bookable weeks for this unit) - 20 Mar price/availability still unknown."
alpedhuez-ot-chalet-blue-moon-8-pieces-10-personnes-300m2,,,,,,,,,,,,,,yes,"Beds made on arrival, Garage, Jacuzzi®, Sauna, Sheets and towels included, Ski locker, Television, Wi-fi, Rating",,,,,,,,,,,,,,,,,Alpe d'Huez official booking (accommodation.alpedhuez.com),enrich,5,chalets/images/alpedhuez-ot-chalet-blue-moon-8-pieces-10-personnes-300m2/,2026-10-06,"enrich: OT page ""CHALET BLUE MOON – 8 Pièces – 10 personnes – 300m² - Est"": full equipment list = Beds made on arrival, Garage, Jacuzzi®, Sauna, Sheets and towels included, Ski locker, Television, Wi-fi, Rating. No week prices without the booking flow (village collector: OT calendar API returned no bookable weeks for this unit) - 20 Mar price/availability still unknown."
alpedhuez-ot-chalet-eau-vive-a,,,,,,,,,,,,,none,,"Bedlinen hire (paid option), Cleaning with supplement (paid option), 1 shower room, 140 cm bed, 2 shower rooms, Baby bath, Baby bed, Baby chair, Baby equipment, Bath, Bed 90 cm, Bed cover, Board games",,,,,,,,,,,,,,,,,Alpe d'Huez official booking (accommodation.alpedhuez.com),enrich,5,chalets/images/alpedhuez-ot-chalet-eau-vive-a/,2026-10-06,"enrich: OT page ""Chalet Eau Vive A - 4 Pièces - 10 personnes - 100m² - sud/ouest"": full equipment list = Bedlinen hire (paid option), Cleaning with supplement (paid option), 1 shower room, 140 cm bed, 2 shower rooms, Baby bath, Baby bed, Baby chair, Baby equipment, Bath, Bed 90 cm, Bed cover, Board games, Car park, Cheese fondue set, Coffee machine, Coffee maker, DVD player, Dishwasher, Double glazing,. No week prices without the booking flow (village collector: OT calendar API returned no bookable weeks for this unit) - 20 Mar price/availability still unknown."
alpedhuez-ot-chalet-eau-vive-b,,,,,,,,,,,,,none,,"Bedlinen hire (paid option), Cleaning with supplement (paid option), 140 cm bed, Baby bath, Baby bed, Baby chair, Bed 90 cm, Bed cover, Board games, Coffee machine, DVD player, Dishwasher, Double glaz",,,,,,,,,,,,,,,,,Alpe d'Huez official booking (accommodation.alpedhuez.com),enrich,5,chalets/images/alpedhuez-ot-chalet-eau-vive-b/,2026-10-06,"enrich: OT page ""Chalet Eau Vive B - 4 Pièces - 10 personnes - 100m² - sud/est"": full equipment list = Bedlinen hire (paid option), Cleaning with supplement (paid option), 140 cm bed, Baby bath, Baby bed, Baby chair, Bed 90 cm, Bed cover, Board games, Coffee machine, DVD player, Dishwasher, Double glazing, Fireplace / Wood burning stove, Freezer, Fridge, Hair dryer, Ironing facilities, Microwave, Ove. No week prices without the booking flow (village collector: OT calendar API returned no bookable weeks for this unit) - 20 Mar price/availability still unknown."
alpedhuez-ot-chalet-eau-vive-c,,,,,,,,,,,,,none,,"Bedlinen hire (paid option), Cleaning with supplement (paid option), 140 cm bed, Baby bath, Baby bed, Baby chair, Bed 90 cm, Bed cover, Cheese fondue set, Coffee machine, DVD player, Dishwasher, Doubl",,,,,,,,,,,,,,,,,Alpe d'Huez official booking (accommodation.alpedhuez.com),enrich,5,chalets/images/alpedhuez-ot-chalet-eau-vive-c/,2026-10-06,"enrich: OT page ""Chalet Eau Vive C - 4 Pièces 6/8 personnes - 80m² - Sud"": full equipment list = Bedlinen hire (paid option), Cleaning with supplement (paid option), 140 cm bed, Baby bath, Baby bed, Baby chair, Bed 90 cm, Bed cover, Cheese fondue set, Coffee machine, DVD player, Dishwasher, Double glazing, Hair dryer, Heating, Microwave, On the same level, Oven, Pets welcome, Private garage, Pr. No week prices without the booking flow (village collector: OT calendar API returned no bookable weeks for this unit) - 20 Mar price/availability still unknown."
sothebys-chalet-elysia,,,,,,,,,,,,,none,,,,,,,whole-chalet,EUR,season-range,2940,8750,,,,,,,,Alpe d'Huez - Les 2 Alpes Sotheby's International Realty,enrich,5,chalets/images/sothebys-chalet-elysia/,2026-10-06,"enrich: Sotheby's page: 175 m2, 4 bedrooms (2 en-suite doubles, 2 twins), sleeps 8, fireplace, south terrace, garage with EV charger, 'at the foot of the slopes'. Rent 'From 2,940 EUR to 8,750 EUR / week' (+ agency fees); no calendar or exact 20 Mar price. No hot tub/sauna in description."
sothebys-chalet-kosy,,,,,,,,,,,,,none,,,,yes,,,whole-chalet,EUR,season-range,6930,20125,,,,,,,,Alpe d'Huez - Les 2 Alpes Sotheby's International Realty,enrich,5,chalets/images/sothebys-chalet-kosy/,2026-10-06,"enrich: Sotheby's page: 300 m2 ski-in/ski-out chalet, 5 bedrooms, 12 persons; 'From 6,930 EUR to 20,125 EUR / week' (+ agency fees); no calendar. No hot tub/sauna/pool in description."
maeva-chalet-les-coteaux-de-l-altiport,,,,,,,,,,,,,yes-type-unknown,,"Animals not allowed, Balcony, Car park, Cooked, Dishes and cutlery, Dishwasher, Elevator, Fireplace, Fridge, Hair dryer, Heating, Hot tub, Microwave oven, Ski locker, Smoke detector, Spa, Television, ",,,,,,,,,,,,,,,,,Alpe d'Huez official booking (accommodation.alpedhuez.com),enrich,5,chalets/images/maeva-chalet-les-coteaux-de-l-altiport/,2026-10-06,"enrich: OT page ""Chalet Les Coteaux De L'altiport - 6 pièces - 12 personnes - 310 m² - MAEVA"": full equipment list = Animals not allowed, Balcony, Car park, Cooked, Dishes and cutlery, Dishwasher, Elevator, Fireplace, Fridge, Hair dryer, Heating, Hot tub, Microwave oven, Ski locker, Smoke detector, Spa, Television, Terrace, Washing machine, Wireless, clothes dryer. No week prices without the booking flow (village collector: OT calendar API returned no bookable weeks for this unit) - 20 Mar price/availability still unknown."
maeva-chalet-les-quirlies,,,,,,,,,,,,,none,,"Coffee maker, Dishes and cutlery, Dishwasher, Fridge, Hair dryer, Heating, Internet access, Microwave oven, Napkins, Oven, Pets Allowed, Television, Terrace, Toaster, Vacuum cleaner, kettle",,,,,,,,,,,,,,,,,Alpe d'Huez official booking (accommodation.alpedhuez.com),enrich,5,chalets/images/maeva-chalet-les-quirlies/,2026-10-06,"enrich: OT page ""Chalet Les Quirlies - 5 pièces - 9 personnes - 91 m² - MAEVA"": full equipment list = Coffee maker, Dishes and cutlery, Dishwasher, Fridge, Hair dryer, Heating, Internet access, Microwave oven, Napkins, Oven, Pets Allowed, Television, Terrace, Toaster, Vacuum cleaner, kettle. No week prices without the booking flow (village collector: OT calendar API returned no bookable weeks for this unit) - 20 Mar price/availability still unknown."
maeva-chalet-lievre-blanc,,,,,,,,,,,,,,,,,,,,,,,,,,,,,,,,Alpe d'Huez official booking (accommodation.alpedhuez.com),enrich,5,chalets/images/maeva-chalet-lievre-blanc/,2026-10-06,"enrich: OT page ""Chalet Lièvre Blanc - 8 pièces - 14 personnes - 0 m² - MAEVA"": full equipment list = n/a. No week prices without the booking flow (village collector: OT calendar API returned no bookable weeks for this unit) - 20 Mar price/availability still unknown."
maeva-chalet-marmotte,,,,,,,,,,,,,yes-type-unknown,yes,"Coffee maker, Cooked, Cooking plate, Dishwasher, Fireplace, Freezer, Fridge, Garage, Microwave oven, Oven, Private hot tub, Sauna, Terrace, Toaster, Wireless, kettle",,,,,,,,,,,,,,,,,Alpe d'Huez official booking (accommodation.alpedhuez.com),enrich,5,chalets/images/maeva-chalet-marmotte/,2026-10-06,"enrich: OT page ""Chalet Marmotte - 7 pièces - 12 personnes - 180 m² - MAEVA"": full equipment list = Coffee maker, Cooked, Cooking plate, Dishwasher, Fireplace, Freezer, Fridge, Garage, Microwave oven, Oven, Private hot tub, Sauna, Terrace, Toaster, Wireless, kettle. No week prices without the booking flow (village collector: OT calendar API returned no bookable weeks for this unit) - 20 Mar price/availability still unknown."
maeva-chalet-odalys-le-vieux-logis,,,,,,,,,,,,,none,yes,"Animals not allowed, Coffee maker, Cooking plate, Fireplace, Freezer, Fridge, Microwave oven, Oven, Raclette machine, Sauna, Terrace, Washing machine, clothes dryer",,,,,,,,,,,,,,,,,Alpe d'Huez official booking (accommodation.alpedhuez.com),enrich,5,chalets/images/maeva-chalet-odalys-le-vieux-logis/,2026-10-06,"enrich: OT page ""Chalet Odalys Le Vieux Logis - 9 pièces - 15 personnes - 450 m² - MAEVA"": full equipment list = Animals not allowed, Coffee maker, Cooking plate, Fireplace, Freezer, Fridge, Microwave oven, Oven, Raclette machine, Sauna, Terrace, Washing machine, clothes dryer. No week prices without the booking flow (village collector: OT calendar API returned no bookable weeks for this unit) - 20 Mar price/availability still unknown."
maeva-chalet-odalys-melusine,,,,,,,,,,,,,yes-type-unknown,yes,"Bedding, Beds made on arrival, Coffee maker, Cooked, Cooking plate, Final Cleaning, Freezer, Fridge, Garage, Oven, Private hot tub, Raclette machine, Sauna, Ski locker, Television, Terrace, Toaster, T",,,,,,,,,,,,,,,,,Alpe d'Huez official booking (accommodation.alpedhuez.com),enrich,5,chalets/images/maeva-chalet-odalys-melusine/,2026-10-06,"enrich: OT page ""Chalet Odalys Mélusine **** - 8 pièces - 14 personnes - 240 m² - MAEVA"": full equipment list = Bedding, Beds made on arrival, Coffee maker, Cooked, Cooking plate, Final Cleaning, Freezer, Fridge, Garage, Oven, Private hot tub, Raclette machine, Sauna, Ski locker, Television, Terrace, Toaster, Triplex, Washing machine, Wireless, clothes dryer. No week prices without the booking flow (village collector: OT calendar API returned no bookable weeks for this unit) - 20 Mar price/availability still unknown."
maeva-chalet-pic-bayle,,,,,,,,,,,,,none,,"Animals not allowed, Balcony, Cooked, Cooking plate, Dishes and cutlery, Dishwasher, Eco-host in the future, Freezer, Fridge, Heating, Microwave oven, Television, Washing machine, Wireless, clothes dr",,,,,,,,,,,,,,,,,Alpe d'Huez official booking (accommodation.alpedhuez.com),enrich,5,chalets/images/maeva-chalet-pic-bayle/,2026-10-06,"enrich: OT page ""Chalet Pic Bayle - 5 pièces - 10 personnes - 250 m² - MAEVA"": full equipment list = Animals not allowed, Balcony, Cooked, Cooking plate, Dishes and cutlery, Dishwasher, Eco-host in the future, Freezer, Fridge, Heating, Microwave oven, Television, Washing machine, Wireless, clothes dryer. No week prices without the booking flow (village collector: OT calendar API returned no bookable weeks for this unit) - 20 Mar price/availability still unknown."
alpedhuez-ot-chamois-residence-geode,,,,,,,,,,,,,none,,"3 shower rooms, Baby bed, Baby chair, Bed 160 cm, Bed cover, Beds made on arrival, Board games, Car park, Central heating, Ceramic hob, Close to owner, Coffee machine, Coffee maker, Dishwasher, Double",,,,,,,,,,,,,,,,,Alpe d'Huez official booking (accommodation.alpedhuez.com),enrich,5,chalets/images/alpedhuez-ot-chamois-residence-geode/,2026-10-06,"enrich: OT page ""Chamois (résidence Géode) - 5 Pièces - 10 personnes - 120m² - sud"": full equipment list = 3 shower rooms, Baby bed, Baby chair, Bed 160 cm, Bed cover, Beds made on arrival, Board games, Car park, Central heating, Ceramic hob, Close to owner, Coffee machine, Coffee maker, Dishwasher, Double glazing, Free WiFi access, Free car park, Fridge, Hair dryer, Hand wash basins with hot water, Heat. No week prices without the booking flow (village collector: OT calendar API returned no bookable weeks for this unit) - 20 Mar price/availability still unknown."
maeva-commodore,,,,,,,,1,,,,,none,,"Animals not allowed, Balcony, Coffee maker, Cooked, Dishes and cutlery, Dishwasher, Elevator, Fondue machine, Fridge, Hair dryer, Heating, Ironing board and iron, Microwave oven, Oven, Raclette machin",,,,,,,,,,,,,,,,,Alpe d'Huez official booking (accommodation.alpedhuez.com),enrich,5,chalets/images/maeva-commodore/,2026-10-06,"enrich: OT page ""Commodore - 5 pièces - 10 personnes - 110 m² - MAEVA"": full equipment list = Animals not allowed, Balcony, Coffee maker, Cooked, Dishes and cutlery, Dishwasher, Elevator, Fondue machine, Fridge, Hair dryer, Heating, Ironing board and iron, Microwave oven, Oven, Raclette machine, Ski locker, Smoke detector, Television, Toaster, WC, Washing machine, Wireless, kettle. No week prices without the booking flow (village collector: OT calendar API returned no bookable weeks for this unit) - 20 Mar price/availability still unknown."
cimalpes-duplex-chalet-du-golf-a301,,,,,,,,,,,,,yes-type-unknown,,"Adapté aux familles/enfants, Animaux refusés, Ascenseur, Baignoire ou douche, Balcon / Terrasse, Casier à skis, Chambre 1 - Lit double, Chambre 2 - Lit double, Chambre 3 - Lit double, Chambre 4 - Lit ",,,,,,,,,,,,,,,,,Alpe d'Huez official booking (accommodation.alpedhuez.com),enrich,5,chalets/images/cimalpes-duplex-chalet-du-golf-a301/,2026-10-06,"enrich: OT page ""DUPLEX Chalet du Golf A301 - 5 pièces - 127m² - 8 personnes - Cimalpes"": full equipment list = Adapté aux familles/enfants, Animaux refusés, Ascenseur, Baignoire ou douche, Balcon / Terrasse, Casier à skis, Chambre 1 - Lit double, Chambre 2 - Lit double, Chambre 3 - Lit double, Chambre 4 - Lit double, Cintres, Connexion WIFI, Détecteur de fumée, Espace bureau, Espace repas extérieur, Espace r. No week prices without the booking flow (village collector: OT calendar API returned no bookable weeks for this unit) - 20 Mar price/availability still unknown."
maeva-daria-i-nor-817504,,,,,,,,,,,,,none,,"Balcony, Bathroom, Beds made on arrival, Coffee maker, Cooked, Cooking plate, Dishes and cutlery, Dishwasher, Final Cleaning, Fridge, Hair dryer, Microwave oven, Safe, Television, Toaster, Towels, Wir",,,,,,,,,,,,,,,,,Alpe d'Huez official booking (accommodation.alpedhuez.com),enrich,5,chalets/images/maeva-daria-i-nor-817504/,2026-10-06,"enrich: OT page ""Daria-i Nor ***** - 5 pièces - 8 personnes - 98 m² - MAEVA"": full equipment list = Balcony, Bathroom, Beds made on arrival, Coffee maker, Cooked, Cooking plate, Dishes and cutlery, Dishwasher, Final Cleaning, Fridge, Hair dryer, Microwave oven, Safe, Television, Toaster, Towels, Wireless, kettle. No week prices without the booking flow (village collector: OT calendar API returned no bookable weeks for this unit) - 20 Mar price/availability still unknown."
maeva-daria-i-nor-817514,,,,,,,,,,,,,none,yes,"Balcony, Bathroom, Beds made on arrival, Coffee maker, Cooked, Cooking plate, Dishes and cutlery, Dishwasher, Duplex, Final Cleaning, Fridge, Hair dryer, Microwave oven, Safe, Sauna, Toaster, Top of t",,,,,,,,,,,,,,,,,Alpe d'Huez official booking (accommodation.alpedhuez.com),enrich,5,chalets/images/maeva-daria-i-nor-817514/,2026-10-06,"enrich: OT page ""Daria-i Nor ***** - 5 pièces - 8 personnes - 97 m² - MAEVA"": full equipment list = Balcony, Bathroom, Beds made on arrival, Coffee maker, Cooked, Cooking plate, Dishes and cutlery, Dishwasher, Duplex, Final Cleaning, Fridge, Hair dryer, Microwave oven, Safe, Sauna, Toaster, Top of the line, Towels, Wireless, kettle. No week prices without the booking flow (village collector: OT calendar API returned no bookable weeks for this unit) - 20 Mar price/availability still unknown."
maeva-daria-i-nor-817524,,,,,,,,,,,,,none,yes,"Balcony, Bathroom, Cooked, Cooking plate, Dishes and cutlery, Dishwasher, Fridge, Hair dryer, Microwave oven, Sauna, Television, Toaster, Wireless, kettle",,,,,,,,,,,,,,,,,Alpe d'Huez official booking (accommodation.alpedhuez.com),enrich,5,chalets/images/maeva-daria-i-nor-817524/,2026-10-06,"enrich: OT page ""Daria-i Nor ***** - 5 pièces - 10 personnes - 125 m² - MAEVA"": full equipment list = Balcony, Bathroom, Cooked, Cooking plate, Dishes and cutlery, Dishwasher, Fridge, Hair dryer, Microwave oven, Sauna, Television, Toaster, Wireless, kettle. No week prices without the booking flow (village collector: OT calendar API returned no bookable weeks for this unit) - 20 Mar price/availability still unknown."
maeva-daria-i-nor-817494,,,,,,,,,,,,,none,,"Balcony, Bathroom, Beds made on arrival, Coffee maker, Cooking plate, Dishes and cutlery, Dishwasher, Final Cleaning, Fridge, Hair dryer, Microwave oven, Safe, Television, Toaster, Towels, Wireless, k",,,,,,,,,,,,,,,,,Alpe d'Huez official booking (accommodation.alpedhuez.com),enrich,5,chalets/images/maeva-daria-i-nor-817494/,2026-10-06,"enrich: OT page ""Daria-i Nor ***** - 4 pièces - 8 personnes - 86 m² - MAEVA"": full equipment list = Balcony, Bathroom, Beds made on arrival, Coffee maker, Cooking plate, Dishes and cutlery, Dishwasher, Final Cleaning, Fridge, Hair dryer, Microwave oven, Safe, Television, Toaster, Towels, Wireless, kettle. No week prices without the booking flow (village collector: OT calendar API returned no bookable weeks for this unit) - 20 Mar price/availability still unknown."
odalys-diane,,,,,,,,,,,,,,yes,,,,,,,,,,,,,,,,,,See Alpe d'Huez,enrich,,,2026-10-06,"enrich: See Alpe d'Huez listing (enquiry only, no calendar/prices): photos credited ""© Odalys Vacances"" (20x)."
cimalpes-expression-b32,,,,,,,,1,,,,,none,,"Adapté aux familles/enfants, Animaux refusés, Ascenseur, Baignoire, Baignoire ou douche, Balcon, Balcon / Terrasse, Casier à skis, Chambre 1 - Lit double, Chambre 2 - Lit double, Chambre 3 - Lit super",,,,,,,,,,,,,,,,,Alpe d'Huez official booking (accommodation.alpedhuez.com),enrich,5,chalets/images/cimalpes-expression-b32/,2026-10-06,"enrich: OT page ""EXPRESSION B32 - 5 pièces - 137m² - 8 personnes - Cimalpes"": full equipment list = Adapté aux familles/enfants, Animaux refusés, Ascenseur, Baignoire, Baignoire ou douche, Balcon, Balcon / Terrasse, Casier à skis, Chambre 1 - Lit double, Chambre 2 - Lit double, Chambre 3 - Lit superposé, Chambre 4 - Lit double, Cintres, Connexion WIFI, Détecteur de fumée, Espace repas intérieure, . No week prices without the booking flow (village collector: OT calendar API returned no bookable weeks for this unit) - 20 Mar price/availability still unknown."
alpedhuez-ot-edelweiss-residence-geode,,,,,,,,,,,,,none,,"3 shower rooms, American cooker, Baby chair, Bath, Bed cover, Beds made on arrival, Bunk beds, Car park, Central heating, Ceramic hob, Close to owner, Coffee machine, Coffee maker, Cooker hood, Dishwa",,,,,,,,,,,,,,,,,Alpe d'Huez official booking (accommodation.alpedhuez.com),enrich,5,chalets/images/alpedhuez-ot-edelweiss-residence-geode/,2026-10-06,"enrich: OT page ""Edelweiss (résidence Géode) - 5 pièces - 11 personnes - 120 m² - Sud"": full equipment list = 3 shower rooms, American cooker, Baby chair, Bath, Bed cover, Beds made on arrival, Bunk beds, Car park, Central heating, Ceramic hob, Close to owner, Coffee machine, Coffee maker, Cooker hood, Dishwasher, Double glazing, Family bedroom, Free WiFi access, Free car park, Free private internet access,. No week prices without the booking flow (village collector: OT calendar API returned no bookable weeks for this unit) - 20 Mar price/availability still unknown."
maeva-hameau-de-clotaire,,,,,,,,,,,,,none,,"Animals not allowed, Balcony, Car park, Coffee maker, Communal swimming pool, Cooked, Dishes and cutlery, Dishwasher, Elevator, Fridge, Heating, Microwave oven, Oven, Ski locker, Smoke detector, Telev",,,,,,,,,,,,,,,,,Alpe d'Huez official booking (accommodation.alpedhuez.com),enrich,5,chalets/images/maeva-hameau-de-clotaire/,2026-10-06,"enrich: OT page ""Hameau De Clotaire - 4 pièces - 8 personnes - 130 m² - MAEVA"": full equipment list = Animals not allowed, Balcony, Car park, Coffee maker, Communal swimming pool, Cooked, Dishes and cutlery, Dishwasher, Elevator, Fridge, Heating, Microwave oven, Oven, Ski locker, Smoke detector, Television, Terrace, Toaster, Top of the line, WC, Washing machine, Wireless. No week prices without the booking flow (village collector: OT calendar API returned no bookable weeks for this unit) - 20 Mar price/availability still unknown."
maeva-horizon-1687251,,,,,,,,,,,,,none,,"Animals not allowed, Balcony, Car park, Cooked, Cooking plate, Dishes and cutlery, Dishwasher, Eco-host in the future, Fridge, Heating, Microwave oven, Ski locker, Television, Washing machine",,,,,,,,,,,,,,,,,Alpe d'Huez official booking (accommodation.alpedhuez.com),enrich,5,chalets/images/maeva-horizon-1687251/,2026-10-06,"enrich: OT page ""Horizon - 3 pièces - 8 personnes - 75 m² - MAEVA"": full equipment list = Animals not allowed, Balcony, Car park, Cooked, Cooking plate, Dishes and cutlery, Dishwasher, Eco-host in the future, Fridge, Heating, Microwave oven, Ski locker, Television, Washing machine. No week prices without the booking flow (village collector: OT calendar API returned no bookable weeks for this unit) - 20 Mar price/availability still unknown."
maeva-horizon-1663231,,,,,,,,,,,,,none,,"Animals not allowed, Balcony, Car park, Cooked, Cooking plate, Dishes and cutlery, Dishwasher, Eco-host in the future, Elevator, Heating, Microwave oven, Ski locker, Television",,,,,,,,,,,,,,,,,Alpe d'Huez official booking (accommodation.alpedhuez.com),enrich,5,chalets/images/maeva-horizon-1663231/,2026-10-06,"enrich: OT page ""Horizon - 3 pièces - 8 personnes - 62 m² - MAEVA"": full equipment list = Animals not allowed, Balcony, Car park, Cooked, Cooking plate, Dishes and cutlery, Dishwasher, Eco-host in the future, Elevator, Heating, Microwave oven, Ski locker, Television. No week prices without the booking flow (village collector: OT calendar API returned no bookable weeks for this unit) - 20 Mar price/availability still unknown."
maeva-horizon-1662121,,,,,,,,,,,,,none,,"Animals not allowed, Balcony, Car park, Cooked, Cooking plate, Dishes and cutlery, Dishwasher, Eco-host in the future, Elevator, Heating, Microwave oven, Oven, Ski locker, Television, Washing machine",,,,,,,,,,,,,,,,,Alpe d'Huez official booking (accommodation.alpedhuez.com),enrich,5,chalets/images/maeva-horizon-1662121/,2026-10-06,"enrich: OT page ""Horizon - 4 pièces - 10 personnes - 80 m² - MAEVA"": full equipment list = Animals not allowed, Balcony, Car park, Cooked, Cooking plate, Dishes and cutlery, Dishwasher, Eco-host in the future, Elevator, Heating, Microwave oven, Oven, Ski locker, Television, Washing machine. No week prices without the booking flow (village collector: OT calendar API returned no bookable weeks for this unit) - 20 Mar price/availability still unknown."
maeva-l-ours-blanc-355424,,,,,,,,,,,,,none,,"Bedding (paid option), Final Cleaning (paid option), Cooked, Cooking plate, Dishes and cutlery, Fridge, Smoke detector",,,,,,,,,,,,,,,,,Alpe d'Huez official booking (accommodation.alpedhuez.com),enrich,5,chalets/images/maeva-l-ours-blanc-355424/,2026-10-06,"enrich: OT page ""L'Ours Blanc - 3 pièces - 8 personnes - 55 m² - MAEVA"": full equipment list = Bedding (paid option), Final Cleaning (paid option), Cooked, Cooking plate, Dishes and cutlery, Fridge, Smoke detector. No week prices without the booking flow (village collector: OT calendar API returned no bookable weeks for this unit) - 20 Mar price/availability still unknown."
maeva-l-ours-blanc-121612,,,,,,,,,,,,,none,,"Bedding (paid option), Final Cleaning (paid option), Pets Allowed (paid option), Coffee maker, Cooked, Cooking plate, Dishes and cutlery, Dishwasher, Fridge, Heating, Internet access, Microwave oven, ",,,,,,,,,,,,,,,,,Alpe d'Huez official booking (accommodation.alpedhuez.com),enrich,5,chalets/images/maeva-l-ours-blanc-121612/,2026-10-06,"enrich: OT page ""L'Ours Blanc - 3 pièces - 8 personnes - 54 m² - MAEVA"": full equipment list = Bedding (paid option), Final Cleaning (paid option), Pets Allowed (paid option), Coffee maker, Cooked, Cooking plate, Dishes and cutlery, Dishwasher, Fridge, Heating, Internet access, Microwave oven, Raclette machine, Television, Terrace. No week prices without the booking flow (village collector: OT calendar API returned no bookable weeks for this unit) - 20 Mar price/availability still unknown."
maeva-l-echappee,,,,,,,,,,,,,none,,"Animals not allowed, Balcony, Car park, Cooked, Dishes and cutlery, Dishwasher, Elevator, Heating, Ski locker, Television, Washing machine, Wireless, clothes dryer",,,,,,,,,,,,,,,,,Alpe d'Huez official booking (accommodation.alpedhuez.com),enrich,5,chalets/images/maeva-l-echappee/,2026-10-06,"enrich: OT page ""L'echappee - 5 pièces - 8 personnes - 111 m² - MAEVA"": full equipment list = Animals not allowed, Balcony, Car park, Cooked, Dishes and cutlery, Dishwasher, Elevator, Heating, Ski locker, Television, Washing machine, Wireless, clothes dryer. No week prices without the booking flow (village collector: OT calendar API returned no bookable weeks for this unit) - 20 Mar price/availability still unknown."
maeva-la-belle-aurore-2283573,,,,,,,,,,,,,none,,"Animals not allowed, Balcony, Car park, Cooked, Dishes and cutlery, Dishwasher, Elevator, Heating, Ski locker, Television",,,,,,,,,,,,,,,,,Alpe d'Huez official booking (accommodation.alpedhuez.com),enrich,5,chalets/images/maeva-la-belle-aurore-2283573/,2026-10-06,"enrich: OT page ""La Belle Aurore - 5 pièces - 10 personnes - 162 m² - MAEVA"": full equipment list = Animals not allowed, Balcony, Car park, Cooked, Dishes and cutlery, Dishwasher, Elevator, Heating, Ski locker, Television. No week prices without the booking flow (village collector: OT calendar API returned no bookable weeks for this unit) - 20 Mar price/availability still unknown."
maeva-la-belle-aurore-2218413,,,,,,,,,,,,,none,,"Animals not allowed, Balcony, Car park, Cooked, Dishes and cutlery, Dishwasher, Elevator, Heating, Ski locker, Television, Washing machine, Wireless",,,,,,,,,,,,,,,,,Alpe d'Huez official booking (accommodation.alpedhuez.com),enrich,5,chalets/images/maeva-la-belle-aurore-2218413/,2026-10-06,"enrich: OT page ""La Belle Aurore - 4 pièces - 8 personnes - 97 m² - MAEVA"": full equipment list = Animals not allowed, Balcony, Car park, Cooked, Dishes and cutlery, Dishwasher, Elevator, Heating, Ski locker, Television, Washing machine, Wireless. No week prices without the booking flow (village collector: OT calendar API returned no bookable weeks for this unit) - 20 Mar price/availability still unknown."
alpedhuez-ot-le-bel-alpe,,,,,,,,,,,,,none,,"1 shower room, Bath, Bed 160 cm, Cheese fondue set, Cleaning/housekeeping at end of stay, Coffee machine, Cooker hood, Dishwasher, Double glazing, Fridge, Garage, Heating, Induction hob, Ironing facil",,,,,,,,,,,,,,,,,Alpe d'Huez official booking (accommodation.alpedhuez.com),enrich,5,chalets/images/alpedhuez-ot-le-bel-alpe/,2026-10-06,"enrich: OT page ""Le Bel Alpe - 2 pièces - 4 pers. - 30m²"": full equipment list = 1 shower room, Bath, Bed 160 cm, Cheese fondue set, Cleaning/housekeeping at end of stay, Coffee machine, Cooker hood, Dishwasher, Double glazing, Fridge, Garage, Heating, Induction hob, Ironing facilities, Kettle, Microwave, No-smoking, Oven, Private drier, Private washing machine, Raclette set, Se. No week prices without the booking flow (village collector: OT calendar API returned no bookable weeks for this unit) - 20 Mar price/availability still unknown."
odalys-le-manoir,,,,,,,,,,,,,,yes,,,,,,,,,,,,,,,,,,See Alpe d'Huez,enrich,,,2026-10-06,"enrich: See Alpe d'Huez listing (enquiry only, no calendar/prices): photos credited ""© Ski France"" (16x)."
maeva-les-chalets-du-golf-1251811,,,,,,,,,,,,,none,,"Animals not allowed, Balcony, Car park, Cooked, Dishes and cutlery, Dishwasher, Elevator, Fireplace, Heating, Microwave oven, Ski locker, Television, Top of the line, Washing machine, Wireless, clothe",,,,,,,,,,,,,,,,,Alpe d'Huez official booking (accommodation.alpedhuez.com),enrich,5,chalets/images/maeva-les-chalets-du-golf-1251811/,2026-10-06,"enrich: OT page ""Les Chalets Du Golf - 5 pièces - 9 personnes - 125 m² - MAEVA"": full equipment list = Animals not allowed, Balcony, Car park, Cooked, Dishes and cutlery, Dishwasher, Elevator, Fireplace, Heating, Microwave oven, Ski locker, Television, Top of the line, Washing machine, Wireless, clothes dryer. No week prices without the booking flow (village collector: OT calendar API returned no bookable weeks for this unit) - 20 Mar price/availability still unknown."
maeva-les-chalets-du-golf-1993293,,,,,,,,,,,,,none,,"Animals not allowed, Balcony, Car park, Cooked, Dishes and cutlery, Dishwasher, Elevator, Fridge, Heating, Microwave oven, Ski locker, Smoke detector, Television, Terrace, Wireless",,,,,,,,,,,,,,,,,Alpe d'Huez official booking (accommodation.alpedhuez.com),enrich,5,chalets/images/maeva-les-chalets-du-golf-1993293/,2026-10-06,"enrich: OT page ""Les Chalets Du Golf - 5 pièces - 8 personnes - 127 m² - MAEVA"": full equipment list = Animals not allowed, Balcony, Car park, Cooked, Dishes and cutlery, Dishwasher, Elevator, Fridge, Heating, Microwave oven, Ski locker, Smoke detector, Television, Terrace, Wireless. No week prices without the booking flow (village collector: OT calendar API returned no bookable weeks for this unit) - 20 Mar price/availability still unknown."
maeva-les-chalets-de-l-altiport-303,,,,,,,,,,,,,,,,,,,,,,,,,,,,,,,,Alpe d'Huez official booking (accommodation.alpedhuez.com),enrich,5,chalets/images/maeva-les-chalets-de-l-altiport-303/,2026-10-06,"enrich: OT page ""Les Chalets de l'Altiport - 9 pièces - 15 personnes - 200 m² - MAEVA"": full equipment list = n/a. No week prices without the booking flow (village collector: OT calendar API returned no bookable weeks for this unit) - 20 Mar price/availability still unknown."
maeva-les-chalets-de-l-altiport-403,,,,,,,,,,,,,,,,,,,,,,,,,,,,,,,,Alpe d'Huez official booking (accommodation.alpedhuez.com),enrich,5,chalets/images/maeva-les-chalets-de-l-altiport-403/,2026-10-06,"enrich: OT page ""Les Chalets de l'Altiport - 6 pièces - 12 personnes - 120 m² - MAEVA"": full equipment list = n/a. No week prices without the booking flow (village collector: OT calendar API returned no bookable weeks for this unit) - 20 Mar price/availability still unknown."
maeva-les-chalets-de-l-altiport-300,,,,,,,,,,,,,,,,,,,,,,,,,,,,,,,,Alpe d'Huez official booking (accommodation.alpedhuez.com),enrich,5,chalets/images/maeva-les-chalets-de-l-altiport-300/,2026-10-06,"enrich: OT page ""Les Chalets de l'Altiport - 7 pièces - 12 personnes - 125 m² - MAEVA"": full equipment list = n/a. No week prices without the booking flow (village collector: OT calendar API returned no bookable weeks for this unit) - 20 Mar price/availability still unknown."
maeva-les-chalets-de-l-altiport-302,,,,,,,,,,,,,,,,,,,,,,,,,,,,,,,,Alpe d'Huez official booking (accommodation.alpedhuez.com),enrich,5,chalets/images/maeva-les-chalets-de-l-altiport-302/,2026-10-06,"enrich: OT page ""Les Chalets de l'Altiport - 8 pièces - 15 personnes - 195 m² - MAEVA"": full equipment list = n/a. No week prices without the booking flow (village collector: OT calendar API returned no bookable weeks for this unit) - 20 Mar price/availability still unknown."
maeva-les-chalets-de-l-altiport-301,,,,,,,,,,,,,none,yes,"Cooked, Cooking plate, Dishwasher, Fireplace, Fridge, Microwave oven, Oven, Sauna, Television, Terrace",,,,,,,,,,,,,,,,,Alpe d'Huez official booking (accommodation.alpedhuez.com),enrich,5,chalets/images/maeva-les-chalets-de-l-altiport-301/,2026-10-06,"enrich: OT page ""Les Chalets de l'Altiport - 6 pièces - 12 personnes - 120 m² - MAEVA"": full equipment list = Cooked, Cooking plate, Dishwasher, Fireplace, Fridge, Microwave oven, Oven, Sauna, Television, Terrace. No week prices without the booking flow (village collector: OT calendar API returned no bookable weeks for this unit) - 20 Mar price/availability still unknown."
maeva-les-fermes-de-l-alpe-1576491,,,,,,,,,,,,,none,,"Animals not allowed, Balcony, Car park, Coffee maker, Cooked, Dishes and cutlery, Dishwasher, Elevator, Fireplace, Fridge, Heating, Microwave oven, Oven, Ski locker, Smoke detector, Television, Towel ",,,,,,,,,,,,,,,,,Alpe d'Huez official booking (accommodation.alpedhuez.com),enrich,5,chalets/images/maeva-les-fermes-de-l-alpe-1576491/,2026-10-06,"enrich: OT page ""Les Fermes De L'alpe - 5 pièces - 8 personnes - 99 m² - MAEVA"": full equipment list = Animals not allowed, Balcony, Car park, Coffee maker, Cooked, Dishes and cutlery, Dishwasher, Elevator, Fireplace, Fridge, Heating, Microwave oven, Oven, Ski locker, Smoke detector, Television, Towel dryer, WC, Washing machine, Wireless, clothes dryer. No week prices without the booking flow (village collector: OT calendar API returned no bookable weeks for this unit) - 20 Mar price/availability still unknown."
maeva-les-fermes-de-l-alpe-1153564,,,,,,,,,,,,,none,,"Animals not allowed, Balcony, Car park, Cooked, Dishes and cutlery, Dishwasher, Elevator, Heating, Microwave oven, Ski locker, Television, Top of the line, Washing machine, Wireless, clothes dryer",,,,,,,,,,,,,,,,,Alpe d'Huez official booking (accommodation.alpedhuez.com),enrich,5,chalets/images/maeva-les-fermes-de-l-alpe-1153564/,2026-10-06,"enrich: OT page ""Les Fermes De L'alpe - 4 pièces - 8 personnes - 85 m² - MAEVA"": full equipment list = Animals not allowed, Balcony, Car park, Cooked, Dishes and cutlery, Dishwasher, Elevator, Heating, Microwave oven, Ski locker, Television, Top of the line, Washing machine, Wireless, clothes dryer. No week prices without the booking flow (village collector: OT calendar API returned no bookable weeks for this unit) - 20 Mar price/availability still unknown."
maeva-les-fermes-de-l-alpe-2010083,,,,,,,,,,,,,none,,"Balcony, Car park, Coffee maker, Cooked, Dishes and cutlery, Dishwasher, Elevator, Fridge, Hair dryer, Heating, Ironing board and iron, Microwave oven, Oven, Pets Allowed, Raclette machine, Ski locker",,,,,,,,,,,,,,,,,Alpe d'Huez official booking (accommodation.alpedhuez.com),enrich,5,chalets/images/maeva-les-fermes-de-l-alpe-2010083/,2026-10-06,"enrich: OT page ""Les Fermes De L'alpe - 5 pièces - 10 personnes - 118 m² - MAEVA"": full equipment list = Balcony, Car park, Coffee maker, Cooked, Dishes and cutlery, Dishwasher, Elevator, Fridge, Hair dryer, Heating, Ironing board and iron, Microwave oven, Oven, Pets Allowed, Raclette machine, Ski locker, Smoke detector, Television, Toaster, Towel dryer, Vacuum cleaner, WC, Washing machine, Wireless, c. No week prices without the booking flow (village collector: OT calendar API returned no bookable weeks for this unit) - 20 Mar price/availability still unknown."
maeva-les-fermes-de-l-alpe-1199131,,,,,,,,,,,,,none,,"Animals not allowed, Balcony, Car park, Coffee maker, Cooked, Dishes and cutlery, Dishwasher, Fridge, Heating, Ironing board and iron, Microwave oven, Oven, Ski locker, Smoke detector, Television, Toa",,,,,,,,,,,,,,,,,Alpe d'Huez official booking (accommodation.alpedhuez.com),enrich,5,chalets/images/maeva-les-fermes-de-l-alpe-1199131/,2026-10-06,"enrich: OT page ""Les Fermes De L'alpe - 4 pièces - 8 personnes - 100 m² - MAEVA"": full equipment list = Animals not allowed, Balcony, Car park, Coffee maker, Cooked, Dishes and cutlery, Dishwasher, Fridge, Heating, Ironing board and iron, Microwave oven, Oven, Ski locker, Smoke detector, Television, Toaster, Top of the line, Vacuum cleaner, WC, Wireless. No week prices without the booking flow (village collector: OT calendar API returned no bookable weeks for this unit) - 20 Mar price/availability still unknown."
alpimo-marmottes,,,,,,,,,,,,,none,,"Balcony, Dishwasher, Microwave, Oven, Television",,,,,,,,,,,,,,,,,Alpe d'Huez official booking (accommodation.alpedhuez.com),enrich,5,chalets/images/alpimo-marmottes/,2026-10-06,"enrich: OT page ""MARMOTTES - 1 pièce - 10 pers. - 100 m2 - Alpimo"": full equipment list = Balcony, Dishwasher, Microwave, Oven, Television. No week prices without the booking flow (village collector: OT calendar API returned no bookable weeks for this unit) - 20 Mar price/availability still unknown."
allchalets-apartment-26058,,private advertiser on allChalets (enquiry contact: Martin Bright),,,,,,,,,,,,,,,,,,,,,,,,,,,,,,allChalets,enrich,,,2026-10-06,"enrich: allChalets shows no rates (owner has not provided up-to-date rates / empty price list; enquiry only); enquiry contact Martin Bright.  allChalets calendars are usually unmaintained, so availability not trusted."
allchalets-apartment-34683,,private advertiser on allChalets (enquiry contact: Martin Bright),,,,,,,,,,,,,,,,,,,,,,,,,,,,,,allChalets,enrich,,,2026-10-06,"enrich: allChalets shows no rates (owner has not provided up-to-date rates / empty price list; enquiry only); enquiry contact Martin Bright.  allChalets calendars are usually unmaintained, so availability not trusted."
allchalets-apartment-44627,,private advertiser on allChalets (enquiry contact: Martin Bright),,,,,,,,,,,,,,,,,,,,,,,,,,,,,,allChalets,enrich,,,2026-10-06,"enrich: allChalets shows no rates (owner has not provided up-to-date rates / empty price list; enquiry only); enquiry contact Martin Bright.  allChalets calendars are usually unmaintained, so availability not trusted."
allchalets-apartment-47027,,private advertiser on allChalets (enquiry contact: Martin Bright),,,,,,,,,,,,,,,,,,,,,,,,,,,,,,allChalets,enrich,,,2026-10-06,"enrich: allChalets shows no rates (owner has not provided up-to-date rates / empty price list; enquiry only); enquiry contact Martin Bright.  allChalets calendars are usually unmaintained, so availability not trusted."
allchalets-apartment-62087,,private advertiser on allChalets (enquiry contact: Martin Bright),,,,,,,,,,,,,,,,,,,,,,,,,,,,,,allChalets,enrich,,,2026-10-06,"enrich: allChalets shows no rates (owner has not provided up-to-date rates / empty price list; enquiry only); enquiry contact Martin Bright.  allChalets calendars are usually unmaintained, so availability not trusted."
allchalets-chalet-42005,,private advertiser on allChalets (enquiry contact: Yvonne allChalets),,,,,,,,,,,,,,,,,,,,,,,,,,,,,,allChalets,enrich,,,2026-10-06,"enrich: allChalets shows no rates (owner has not provided up-to-date rates / empty price list; enquiry only); enquiry contact Yvonne allChalets.  allChalets calendars are usually unmaintained, so availability not trusted."
allchalets-chalet-adel,,private advertiser on allChalets (enquiry contact: Martin Bright),,,,,,,,,,,,,,,,,,,,,,,,,,,,,,allChalets,enrich,,,2026-10-06,"enrich: allChalets shows no rates (owner has not provided up-to-date rates / empty price list; enquiry only); enquiry contact Martin Bright.  allChalets calendars are usually unmaintained, so availability not trusted."
allchalets-chalet-alaska-iv,,private advertiser on allChalets (enquiry contact: Martin Bright),,,,,,,,,,,,,,,,,,,,,,,,,,,,,,allChalets,enrich,,,2026-10-06,"enrich: allChalets shows no rates (owner has not provided up-to-date rates / empty price list; enquiry only); enquiry contact Martin Bright.  allChalets calendars are usually unmaintained, so availability not trusted."
allchalets-chalet-alexus,,private advertiser on allChalets (enquiry contact: Martin Bright),,,,,,,,,,,,,,,,,,,,,,,,,,,,,,allChalets,enrich,,,2026-10-06,"enrich: allChalets shows no rates (owner has not provided up-to-date rates / empty price list; enquiry only); enquiry contact Martin Bright.  allChalets calendars are usually unmaintained, so availability not trusted."
allchalets-chalet-elise,,private advertiser on allChalets (enquiry contact: Martin Bright),,,,,,,,,,,,,,,,,,,,,,,,,,,,,,allChalets,enrich,,,2026-10-06,"enrich: allChalets shows no rates (owner has not provided up-to-date rates / empty price list; enquiry only); enquiry contact Martin Bright.  allChalets calendars are usually unmaintained, so availability not trusted."
allchalets-chalet-ellie,,private advertiser on allChalets (enquiry contact: Martin Bright),,,,,,,,,,,,,,,,,,,,,,,,,,,,,,allChalets,enrich,,,2026-10-06,"enrich: allChalets shows no rates (owner has not provided up-to-date rates / empty price list; enquiry only); enquiry contact Martin Bright.  allChalets calendars are usually unmaintained, so availability not trusted."
allchalets-chalet-epicea,,private advertiser on allChalets (enquiry contact: Martin Bright),,,,,,,,,,,,,,,,,,,,,,,,,,,,,,allChalets,enrich,,,2026-10-06,"enrich: allChalets shows no rates (owner has not provided up-to-date rates / empty price list; enquiry only); enquiry contact Martin Bright.  allChalets calendars are usually unmaintained, so availability not trusted."
allchalets-chalet-felice,,private advertiser on allChalets (enquiry contact: Martin Bright),,,,,,,,,,,,,,,,,,,,,,,,,,,,,,allChalets,enrich,,,2026-10-06,"enrich: allChalets shows no rates (owner has not provided up-to-date rates / empty price list; enquiry only); enquiry contact Martin Bright.  allChalets calendars are usually unmaintained, so availability not trusted."
allchalets-chalet-foret-iv,,private advertiser on allChalets (enquiry contact: Martin Bright),,,,,,,,,,,,,,,,,,,,,,,,,,,,,,allChalets,enrich,,,2026-10-06,"enrich: allChalets shows no rates (owner has not provided up-to-date rates / empty price list; enquiry only); enquiry contact Martin Bright.  allChalets calendars are usually unmaintained, so availability not trusted."
allchalets-chalet-gentianes-iv,,private advertiser on allChalets (enquiry contact: Martin Bright),,,,,,,,,,,,,,,,,,,,,,,,,,,,,,allChalets,enrich,,,2026-10-06,"enrich: allChalets shows no rates (owner has not provided up-to-date rates / empty price list; enquiry only); enquiry contact Martin Bright.  allChalets calendars are usually unmaintained, so availability not trusted."
allchalets-chalet-ice,,private advertiser on allChalets (enquiry contact: Martin Bright),,,,,,,,,,,,,,,,,,,,,,,,,,,,,,allChalets,enrich,,,2026-10-06,"enrich: allChalets shows no rates (owner has not provided up-to-date rates / empty price list; enquiry only); enquiry contact Martin Bright.  allChalets calendars are usually unmaintained, so availability not trusted."
allchalets-chalet-jardin-aplin-36006,,private advertiser on allChalets (enquiry contact: John Williams),,,,,,,,,,,,,,,,,,,,,,,,,,,,,,allChalets,enrich,,,2026-10-06,"enrich: allChalets shows no rates (owner has not provided up-to-date rates / empty price list; enquiry only); enquiry contact John Williams. Full chalet booking price only allChalets calendars are usually unmaintained, so availability not trusted."
allchalets-chalet-les-cimes-iv,,private advertiser on allChalets (enquiry contact: Martin Bright),,,,,,,,,,,,,,,,,,,,,,,,,,,,,,allChalets,enrich,,,2026-10-06,"enrich: allChalets shows no rates (owner has not provided up-to-date rates / empty price list; enquiry only); enquiry contact Martin Bright.  allChalets calendars are usually unmaintained, so availability not trusted."
allchalets-chalet-lille,,private advertiser on allChalets (enquiry contact: Martin Bright),,,,,,,,,,,,,,,,,,,,,,,,,,,,,,allChalets,enrich,,,2026-10-06,"enrich: allChalets shows no rates (owner has not provided up-to-date rates / empty price list; enquiry only); enquiry contact Martin Bright.  allChalets calendars are usually unmaintained, so availability not trusted."
allchalets-chalet-lou-25754,,private advertiser on allChalets (enquiry contact: Martin Bright),,,,,,,,,,,,,,,,,,,,,,,,,,,,,,allChalets,enrich,,,2026-10-06,"enrich: allChalets shows no rates (owner has not provided up-to-date rates / empty price list; enquiry only); enquiry contact Martin Bright. Rates are based on 9 sharing with sole occupancy and only bookable with sole occupancy. allChalets calendars are usually unmaintained, so availability not trusted."
allchalets-chalet-louis,,private advertiser on allChalets (enquiry contact: Martin Bright),,,,,,,,,,,,,,,,,,,,,,,,,,,,,,allChalets,enrich,,,2026-10-06,"enrich: allChalets shows no rates (owner has not provided up-to-date rates / empty price list; enquiry only); enquiry contact Martin Bright.  allChalets calendars are usually unmaintained, so availability not trusted."
allchalets-chalet-louise,,private advertiser on allChalets (enquiry contact: Martin Bright),,,,,,,,,,,,,,,,,,,,,,,,,,,,,,allChalets,enrich,,,2026-10-06,"enrich: allChalets shows no rates (owner has not provided up-to-date rates / empty price list; enquiry only); enquiry contact Martin Bright.  allChalets calendars are usually unmaintained, so availability not trusted."
allchalets-chalet-marmottes-iii,,private advertiser on allChalets (enquiry contact: Martin Bright),,,,,,,,,,,,,,,,,,,,,,,,,,,,,,allChalets,enrich,,,2026-10-06,"enrich: allChalets shows no rates (owner has not provided up-to-date rates / empty price list; enquiry only); enquiry contact Martin Bright.  allChalets calendars are usually unmaintained, so availability not trusted."
allchalets-chalet-reberty-iv,,private advertiser on allChalets (enquiry contact: Martin Bright),,,,,,,,,,,,,,,,,,,,,,,,,,,,,,allChalets,enrich,,,2026-10-06,"enrich: allChalets shows no rates (owner has not provided up-to-date rates / empty price list; enquiry only); enquiry contact Martin Bright.  allChalets calendars are usually unmaintained, so availability not trusted."
leman-alpresort-portes-du-soleil-france-comfort-residences-de-vacances,,France Comfort,,,,,88,,,apartment,self-catered,,,,,,,,,,,,,,,,,,,,,Leman Mountains Explore (tourist office),enrich,,,2026-10-06,"enrich: tourist-office (Apidae) listing: résidence de tourisme run by France Comfort (francecomfort.com), 141 route des Contamines, La Chapelle-d'Abondance; fully equipped apartments of 4-10 beds; residence capacity 88; <=300 m from pistes; open 12 Dec 2026-3 Apr 2027; WiFi, parking. No tariffs, no pool/spa/hot tub listed. 88 is whole-residence capacity, not one unit."
