chalet_id,chalet_name,operator,village,ski_area,country,sleeps_min,sleeps_max,bedrooms,bathrooms,property_type,board,catering_detail,hot_tub,sauna,other_facilities,distance_to_lift_m,ski_in_out,changeover_day,price_week_20_27_mar_2027,price_basis,price_currency,price_type,price_range_low,price_range_high,price_per_bed,price_includes,available_20_27_mar,combines,same_as,description,url,listed_on,found_via,image_count,image_dir,date_checked,notes
allchalets-flocons-de-neige,,,,,,,,,,,,,,,,,,,,,,,,,,,,,,,,allChalets,rescrape-allchalets,,,2026-10-06,allChalets: https://www.allchalets.com/holiday-rentals/62095-chalet-in-les-menuires-france; range GBP 10000-19000 whole-chalet; available 20 Mar: no
allchalets-antony-cleopatra,,,,,,,,,,,,,,,,,,,,,,,,,,,,,,,,allChalets,rescrape-allchalets,,,2026-10-06,allChalets: https://www.allchalets.com/holiday-rentals/62094-chalet-in-les-menuires-france; 20 Mar GBP 15000 whole-chalet; range GBP 12000-22000 whole-chalet; available 20 Mar: no
allchalets-cleopatra,,,,,,,,,,,,,,,,,,,,,,,,,,,,,,,,allChalets,rescrape-allchalets,,,2026-10-06,allChalets: https://www.allchalets.com/holiday-rentals/62093-chalet-in-les-menuires-france; 20 Mar GBP 7500 whole-chalet; range GBP 6000-11000 whole-chalet; available 20 Mar: no
allchalets-antony,,,,,,,,,,,,,,,,,,,,,,,,,,,,,,,,allChalets,rescrape-allchalets,,,2026-10-06,allChalets: https://www.allchalets.com/holiday-rentals/62092-chalet-in-les-menuires-france; 20 Mar GBP 7500 whole-chalet; range GBP 6000-11000 whole-chalet; available 20 Mar: no
wens-le-panicaut,,,,,,,,,,,,,,,,,,,,,,,,,,,,,,,,allChalets,rescrape-allchalets,,,2026-10-06,allChalets: https://www.allchalets.com/holiday-rentals/28976-chalet-in-les-menuires-france; 20 Mar EUR 950 per-person; range EUR 750-1275 per-person; available 20 Mar: yes
wens-in-the-clouds,,,,,,,,,,,,,,,,,,,,,,,,,,,,,,,,allChalets,rescrape-allchalets,,,2026-10-06,allChalets: https://www.allchalets.com/holiday-rentals/8674-chalet-in-les-menuires-france; 20 Mar EUR 1050 per-person; range EUR 950-1375 per-person; available 20 Mar: no
allchalets-blanchot,,,,,,,,,,,,,,,,,,,,,,,,,,,,,,,,allChalets,rescrape-allchalets,,,2026-10-06,allChalets: https://www.allchalets.com/holiday-rentals/6771-chalet-in-les-menuires-france; 20 Mar EUR 1290 per-person; range EUR 850-1850 per-person; available 20 Mar: no
allchalets-chalet-de-marie,,,,,,,,,,,,,,,,,,,,,,,,,,,,,,,,allChalets,rescrape-allchalets,,,2026-10-06,allChalets: https://www.allchalets.com/holiday-rentals/22241-chalet-in-les-menuires-france; range EUR 2690-4030 whole-chalet; available 20 Mar: no
allchalets-chalet-sophie-reberty,,,,,,,,,,,,,,,,,,,,,,,,,,,,,,,,allChalets,rescrape-allchalets,,,2026-10-06,allChalets: https://www.allchalets.com/holiday-rentals/62920-apartment-in-les-menuires-france; 20 Mar EUR 6560 whole-chalet; range EUR 5680-16200 whole-chalet; available 20 Mar: yes
allchalets-chalet-camille,,,,,,,,3,3,,,,,,,,,,,,,,,,,,,,,,,allChalets,rescrape-allchalets,,,2026-10-06,allChalets: https://www.allchalets.com/holiday-rentals/35829-chalet-in-les-menuires-france; available 20 Mar: no
allchalets-chalet-friande,,,,,,,,,,,,,,,,,,,,,,,,,,,,,,,,allChalets,rescrape-allchalets,,,2026-10-06,allChalets: https://www.allchalets.com/holiday-rentals/23956-apartment-in-les-menuires-france; range EUR 5200-8400 whole-chalet; available 20 Mar: no
allchalets-chalet-d-alice,,,,,,,,,,,,self-catered,,,,,,,,,,,,,,,,,,,,allChalets,rescrape-allchalets,,,2026-10-06,allChalets: https://www.allchalets.com/holiday-rentals/29160-chalet-in-les-menuires-france; range EUR 2260-3480 whole-chalet; available 20 Mar: no
allchalets-chalet-de-sophie,,,,,,,,,,,,self-catered,,,,,,,,,,,,,,,,,,,,allChalets,rescrape-allchalets,,,2026-10-06,allChalets: https://www.allchalets.com/holiday-rentals/14155-chalet-in-les-menuires-france; range EUR 3360-4800 whole-chalet; available 20 Mar: no
allchalets-chalet-alex,Chalet Alex,,Les Menuires,,France,,15,6,6,apartment,,,yes-type-unknown,yes,"steam room, swimming pool, fireplace, boot dryer",,unknown,,,,,quote-needed,,,,,unknown,,,"Chalet Alex is a fabulous and part of a larger building which was completed at the end of 2020 ready for the ski season, which never happened! It is located is a great position directly next to the slopes and ...",https://www.allchalets.com/holiday-rentals/24531-apartment-in-les-menuires-france,allChalets,rescrape-allchalets,5,chalets/images/allchalets-chalet-alex/,2026-10-06,calendar shows no bookings all season (probably unmaintained); calendar 20 Mar: Min stay - 7 nights Availability: 15 guests; no rate table on allChalets
allchalets-apartment-12537,Apartment 12537,,Les Menuires,,France,,4,1,1,apartment,catered-or-self,,none,no,,,unknown,,,whole-chalet,EUR,season-range,711,2870,,,no,,,"Apartment in Aconit with 1 living area, 1 bedroom, 1 kitchenette, 1 bathroom and 1 toilet Apartment details: 1 bedroom - sleeps 4 Livingroom: 1 double sofa bed Kitchen: Fully equipped open-plan kitchenette and living area Bedrooms: 1 bedroom with ...",https://www.allchalets.com/holiday-rentals/12537-apartment-in-les-menuires-france,allChalets,rescrape-allchalets,5,chalets/images/allchalets-apartment-12537/,2026-10-06,hot tub not in facility list/description; unnamed listing; headline: Aconit - 4 people - 1 bedroom -
allchalets-chalet-reberty-iv,Chalet Reberty IV,,Les Menuires,,France,,8,4,3,apartment,,,yes-type-unknown,yes,"steam room, log fire",,yes,,,,,quote-needed,,,,,unknown,,,"Chalet Reberty IV is in the popular chalet village area of Hameau de la Sapinière which sits right above the centre of snow sure Les Menuires on Route de Reberty, Reberty 1850, just 500m from the shops, restaurants, ski lifts ...",https://www.allchalets.com/holiday-rentals/41947-apartment-in-les-menuires-france,allChalets,rescrape-allchalets,3,chalets/images/allchalets-chalet-reberty-iv/,2026-10-06,hot tub in facility list; calendar shows no bookings all season (probably unmaintained); calendar 20 Mar: Min stay - 1 night Availability: 8 guests; no rate table on allChalets
allchalets-apartment-28101,Apartment 28101,,Les Menuires,,France,,6,1,2,apartment,catered-or-self,,none,no,,,unknown,,,whole-chalet,EUR,season-range,924,4779,,,no,,,"Apartment in Aconit with 1 living area, 1 bedroom, 1 sleeping alcove, 1 kitchenette, 1 bathroom, 1 shower room and 1 separate toilet Apartment details: 1 bedroom - sleeps 6 Livingroom: 1 double sofa bed and 1 sleeping alcove with ...",https://www.allchalets.com/holiday-rentals/28101-apartment-in-les-menuires-france,allChalets,rescrape-allchalets,5,chalets/images/allchalets-apartment-28101/,2026-10-06,hot tub not in facility list/description; unnamed listing; headline: Aconit - 6 people - 1 bedroom + 1 sleeping alcove - Balcony -
allchalets-apartment-40243,Apartment 40243,,Les Menuires,,France,,8,3,1,apartment,,,none,no,,,yes,,,,,quote-needed,,,,,unknown,,,"We think you will enjoy staying in this large and beautiful ski in ski out 3 bedroom, 2 bathroom apartment, 66 m² in size for 6 people. it is situated on the 2nd floor with a South-facing balcony and is ...",https://www.allchalets.com/holiday-rentals/40243-apartment-in-les-menuires-france,allChalets,rescrape-allchalets,5,chalets/images/allchalets-apartment-40243/,2026-10-06,hot tub not in facility list/description; calendar shows no bookings all season (probably unmaintained); calendar 20 Mar: Min stay - 1 night Availability: 8 guests; no rate table on allChalets; unnamed listing; headline: Excellent 2/3 bedroom ski in ski out apartment for up to 6
allchalets-apartment-13482,Apartment 13482,,Les Menuires,,France,,6,3,2,apartment,,,yes-type-unknown,no,log fire,,yes,,,,,quote-needed,,,,,unknown,,,"Reberty IIIA is an excellent quality apartment of 85 sq.metres, ideally located in the convenient and snow sure area of Reberty 2000 offering a convenient ski in ski out option for 6 guests . It offers a big terrace of ...",https://www.allchalets.com/holiday-rentals/13482-apartment-in-les-menuires-france,allChalets,rescrape-allchalets,5,chalets/images/allchalets-apartment-13482/,2026-10-06,hot tub in facility list; calendar shows no bookings all season (probably unmaintained); calendar 20 Mar: Min stay - 1 night Availability: 6 guests; no rate table on allChalets; unnamed listing; headline: Superb 3 bedroom ski in ski out chalet apartment with hot tub
allchalets-chalet-elise,Chalet Elise,,Les Menuires,,France,,10,5,5,chalet,,,none,yes,"log fire, fireplace",,yes,,,,,quote-needed,,,,,unknown,,,Chalet Elise is one of four luxurious and high quality finished apartments in larger chalet building. This ski in ski out chalet comes equipped with a heated ski storage room with individual ski lockers. Each apartment has a private garage ...,https://www.allchalets.com/holiday-rentals/27225-chalet-in-les-menuires-france,allChalets,rescrape-allchalets,5,chalets/images/allchalets-chalet-elise/,2026-10-06,hot tub not in facility list/description; calendar shows no bookings all season (probably unmaintained); calendar 20 Mar: Min stay - 1 night Availability: 10 guests; no rate table on allChalets
allchalets-apartment-28103,Apartment 28103,,Les Menuires,,France,,9,2,2,apartment,catered-or-self,,none,no,,,unknown,,,whole-chalet,EUR,season-range,1336,6303,,,no,,,"Apartment in Aconit with 1 living area, 2 bedrooms, 1 sleeping alcove, 1 kitchenette, 1 bathroom, 1 shower room and 2 toilets (1 separate) Apartment details: 2 bedrooms - sleeps 9 Livingroom: 1 double sofa bed and 1 sleeping alcove ...",https://www.allchalets.com/holiday-rentals/28103-apartment-in-les-menuires-france,allChalets,rescrape-allchalets,5,chalets/images/allchalets-apartment-28103/,2026-10-06,hot tub not in facility list/description; unnamed listing; headline: Aconit - 9 people - 2 bedrooms + 1 sleeping alcove - Balcony -
pierre-vacances-alpages-de-reberty-1br-alcove-6,,,,,,,,,,,,self-catered,,,,,,,,,,,,,,,,,,,,allChalets,rescrape-allchalets,,,2026-10-06,allChalets: https://www.allchalets.com/holiday-rentals/40701-apartment-in-les-menuires-france; 20 Mar EUR 2488 whole-chalet; range EUR 831-4729 whole-chalet; available 20 Mar: yes
allchalets-24443,,,,,,,,,,,,,,,,,,,,,,,,,,,,,,,,allChalets,rescrape-allchalets,,,2026-10-06,allChalets: https://www.allchalets.com/holiday-rentals/24443-chalet-in-les-menuires-france
allchalets-chalet-16552,Chalet 16552,,Les Menuires,,France,,12,5,5,chalet,,,none,no,"log fire, fireplace",,yes,,,,,quote-needed,,,,,unknown,,,"This great, recently built luxurious chalet apartment, part of the ""Chalets du Soleil"" complex, is located on the highest point of Les Menuires, in the hamlet of Reberty 2000 ensuring great snow. The apartment is one of a few situated ...",https://www.allchalets.com/holiday-rentals/16552-chalet-in-les-menuires-france,allChalets,rescrape-allchalets,5,chalets/images/allchalets-chalet-16552/,2026-10-06,hot tub not in facility list/description; calendar shows no bookings all season (probably unmaintained); calendar 20 Mar: Min stay - 1 night Availability: 12 guests; no rate table on allChalets; unnamed listing; headline: Excellent value 5 bed 5 bath ski in ski out chalet apartment for up to 12
allchalets-chalet-marmottes-iii,Chalet Marmottes III,,Les Menuires,,France,,8,3,2,chalet,,,none,yes,steam room,,yes,,,,,quote-needed,,,,,unknown,,,"Chalet Marmottes III is a well located and excellent ski in ski out 85m2 duplex apartment over 2 floors with 4 rooms in duplex, for up to 8 people and unusually fully carpeted throughout. It is on the first floor ...",https://www.allchalets.com/holiday-rentals/27279-chalet-in-les-menuires-france,allChalets,rescrape-allchalets,5,chalets/images/allchalets-chalet-marmottes-iii/,2026-10-06,hot tub not in facility list/description; calendar shows no bookings all season (probably unmaintained); calendar 20 Mar: Min stay - 7 nights Availability: 8 guests; no rate table on allChalets
allchalets-chalet-snow,Chalet Snow,,Les Menuires,,France,,14,6,5,chalet,,,none,yes,"swimming pool, log fire, fireplace, boot dryer",,yes,,,,,quote-needed,,,,,unknown,,,"Chalet Snow is well located for the slopes and centre, being conveniently in Le Hameau des Marmottes chalet complex, between two blue slopes, in Preyerand - Les Menuires. This location makes it easy for you to get on your way ...",https://www.allchalets.com/holiday-rentals/27243-chalet-in-les-menuires-france,allChalets,rescrape-allchalets,5,chalets/images/allchalets-chalet-snow/,2026-10-06,hot tub not in facility list/description; calendar shows no bookings all season (probably unmaintained); calendar 20 Mar: Min stay - 7 nights Availability: 14 guests; no rate table on allChalets
allchalets-apartment-28544,Apartment 28544,,Les Menuires,,France,,5,1,1,apartment,catered-or-self,,none,yes,table tennis,,unknown,,692,whole-chalet,EUR,exact-week,536,1858,,,yes,,,"Apartment in Les Combes with 1 living area, 1 bedroom, 1 kitchenette, 1 bathroom and 1 toilet Apartment details: 1 bedroom - sleeps 5 Livingroom: 2 pull out beds Kitchen: Equipped open-plan kitchenette and living area Bedrooms: 1 bedroom with ...",https://www.allchalets.com/holiday-rentals/28544-apartment-in-les-menuires-france,allChalets,rescrape-allchalets,5,chalets/images/allchalets-apartment-28544/,2026-10-06,hot tub not in facility list/description; calendar 20 Mar: €692 self catered per week Min stay - 7 nights Availability: 5 guests; unnamed listing; headline: Les Combes - 5 people - 1 bedroom -
allchalets-chalet-bettaix,Chalet Bettaix,,Les Menuires,,France,,12,6,4,chalet,,,none,yes,"swimming pool, log fire, fireplace, boot dryer",,unknown,,,,,quote-needed,,,,,unknown,,,"Chalet Bettaix V is a detached, 12-person chalets located just off Rue des Mineurs in the family friendly village area of Le Bettaix, Les Menuires. The chairlift and blue piste are located just 400 metres away and accessible via a ...",https://www.allchalets.com/holiday-rentals/33980-chalet-in-les-menuires-france,allChalets,rescrape-allchalets,5,chalets/images/allchalets-chalet-bettaix/,2026-10-06,hot tub not in facility list/description; calendar shows no bookings all season (probably unmaintained); calendar 20 Mar: Min stay - 7 nights Availability: 12 guests; no rate table on allChalets
allchalets-chalet-lille,Chalet Lille,,Les Menuires,,France,,10,5,6,apartment,,,none,yes,"log fire, fireplace",,yes,,,,,quote-needed,,,,,unknown,,,"Chalet Lille is a superb and luxurious chalet penthouse, being the top floor of three spacious apartments. The 150m2 chalet is conveniently located in the highest part of the 3 Valleys in Les Menuires, in the Reberty 2000 area, ensuring ...",https://www.allchalets.com/holiday-rentals/31145-apartment-in-les-menuires-france,allChalets,rescrape-allchalets,5,chalets/images/allchalets-chalet-lille/,2026-10-06,hot tub not in facility list/description; calendar shows no bookings all season (probably unmaintained); calendar 20 Mar: Min stay - 1 night Availability: 10 guests; no rate table on allChalets
allchalets-chalet-40304,Chalet 40304,,Les Menuires,,France,,12,6,4,chalet,,,none,no,"swimming pool, log fire, fireplace",,yes,,,,,quote-needed,,,,,unknown,,,"Check out this excellent 6 bedroom chalet option in Les Menuires, which is ideal for parties of up to 12 and is spread out over 3 floors. This spacious 160m2 chalet sleeps up to 12 people in 2 double bedrooms ...",https://www.allchalets.com/holiday-rentals/40304-chalet-in-les-menuires-france,allChalets,rescrape-allchalets,5,chalets/images/allchalets-chalet-40304/,2026-10-06,hot tub not in facility list/description; calendar shows no bookings all season (probably unmaintained); calendar 20 Mar: Min stay - 1 night Availability: 12 guests; no rate table on allChalets; unnamed listing; headline: Excellent ski in ski out option for up to 12
allchalets-chalet-soleil-iii-this,Chalet Soleil III This,,Les Menuires,,France,,7,3,2,apartment,,,none,yes,,,yes,,,,,quote-needed,,,,,unknown,,,"Chalet Soleil III This is an excellent quality option for those looking for a great value ski holiday, in a convenient location in Les Menuires. It also ticks the boxes for ensuring a snow sure holiday being located in the ...",https://www.allchalets.com/holiday-rentals/40241-apartment-in-les-menuires-france,allChalets,rescrape-allchalets,5,chalets/images/allchalets-chalet-soleil-iii-this/,2026-10-06,hot tub not in facility list/description; calendar shows no bookings all season (probably unmaintained); calendar 20 Mar: Min stay - 7 nights Availability: 7 guests; no rate table on allChalets
allchalets-chalet-alexus,Chalet Alexus,,Les Menuires,,France,,10,5,6,chalet,,,private-indoor,yes,"steam room, swimming pool, indoor pool, fireplace, boot dryer",,yes,,,,,quote-needed,,,,,unknown,,,"Staying here in this classy and spacious apartment, ensures you have the quality and location you perhaps want in this huge and snow sure area in the 3 Valleys. Chalet Alexus is a fabulous 5 bedroom chalet apartment and part ...",https://www.allchalets.com/holiday-rentals/26348-chalet-in-les-menuires-france,allChalets,rescrape-allchalets,5,chalets/images/allchalets-chalet-alexus/,2026-10-06,calendar shows no bookings all season (probably unmaintained); calendar 20 Mar: Min stay - 7 nights Availability: 10 guests; no rate table on allChalets
allchalets-chalet-lou-25754,Chalet Lou,,Les Menuires,,France,,9,4,4,apartment,catered,,none,yes,"log fire, fireplace",,yes,,,,,quote-needed,,,,,unknown,,,"Chalet Lou is a superb 105m2 chalet/apartment in Les Menuires, offering a very convenient location. The easy blue ''Bettex"" slope runs across from the chalet, so you can be on the slopes very quickly in the morning to explore the ...",https://www.allchalets.com/holiday-rentals/25754-apartment-in-les-menuires-france,allChalets,rescrape-allchalets,5,chalets/images/allchalets-chalet-lou-25754/,2026-10-06,hot tub not in facility list/description; board from listing headline; calendar shows no bookings all season (probably unmaintained); calendar 20 Mar: Min stay - 7 nights Availability: 9 guests; no rate table on allChalets
allchalets-chalet-claudia,Chalet Claudia,,Les Menuires,,France,,18,5,5,chalet,catered,,private-outdoor,no,"log fire, open fire, fireplace, boot warmer",,yes,,,,,quote-needed,,,,,yes,,,"Impressive chalet with excellent family suites, spacious living area with panoramic windows, a central log fire, terrace hot tub looking out to the village and high mountain scenery. Chalet Claudia sleeps 15-18 in two beautiful family suites and two en-suite ...",https://www.allchalets.com/holiday-rentals/35831-chalet-in-les-menuires-france,allChalets,rescrape-allchalets,5,chalets/images/allchalets-chalet-claudia/,2026-10-06,hot tub in facility list; no rate table on allChalets
allchalets-chalet-louisa,Chalet Louisa,,Les Menuires,,France,,10,5,4,chalet,catered,,none,no,"swimming pool, boot dryer",,unknown,Saturday,8900,whole-chalet,EUR,exact-week,7900,12500,,,unknown,,,"Chalet Louisa is a well designed, lovingly furnished and spacious 135m2 apartment for up to 10 people, on the top two floors of a larger chalet, offering not only a spacious living area with a modern and open plan kitchen, ...",https://www.allchalets.com/holiday-rentals/27275-chalet-in-les-menuires-france,allChalets,rescrape-allchalets,5,chalets/images/allchalets-chalet-louisa/,2026-10-06,"hot tub not in facility list/description; 20 Mar rates: Catered Per property €8,900;   None; calendar shows no bookings all season (probably unmaintained); calendar 20 Mar: From €3,000 self catered per week Min stay - 7 nights Availability: 10 guests"
allchalets-apartment-28100,Apartment 28100,,Les Menuires,,France,,5,1,1,apartment,catered-or-self,,none,no,,,unknown,,,whole-chalet,EUR,season-range,734,3925,,,no,,,"Apartment in Aconit with 1 living area, 1 bedroom, 1 kitchenette, 1 bathroom and 1 toilet Apartment details: 1 bedroom - sleeps 5 Livingroom: 1 double sofa bed Kitchen: Equipped open-plan kitchenette and living area Bedrooms: 1 bedroom with 2 ...",https://www.allchalets.com/holiday-rentals/28100-apartment-in-les-menuires-france,allChalets,rescrape-allchalets,5,chalets/images/allchalets-apartment-28100/,2026-10-06,hot tub not in facility list/description; unnamed listing; headline: Aconit - 5 people - 1 bedroom - Balcony -
allchalets-chalet-anna,Chalet Anna,,Les Menuires,,France,,13,4,4,chalet,catered,,private-outdoor,no,boot warmer,,yes,,,,,quote-needed,,,,,yes,,,Chalet Anna is located in Reberty Village and enjoys a ski in/out piste-side location at a snow-sure 2000m. You can practically ski back to the front door. The chalet offers guests a high standard of accommodation featuring panoramic lounge room ...,https://www.allchalets.com/holiday-rentals/35798-chalet-in-les-menuires-france,allChalets,rescrape-allchalets,5,chalets/images/allchalets-chalet-anna/,2026-10-06,hot tub in facility list; no rate table on allChalets
allchalets-chalet-adel,Chalet Adel,,Les Menuires,,France,,8,3,3,apartment,,,yes-type-unknown,no,,,yes,,,,,quote-needed,,,,,unknown,,,"Chalet Adel is a quite spacious, quality apartment of 85m2 which can accommodate up 6 people. It is in the attractive district of Reberty 2000, Les Menuires right by the Doron blue slope offering a ski in ski out option ...",https://www.allchalets.com/holiday-rentals/26297-apartment-in-les-menuires-france,allChalets,rescrape-allchalets,5,chalets/images/allchalets-chalet-adel/,2026-10-06,hot tub in facility list; calendar shows no bookings all season (probably unmaintained); calendar 20 Mar: Min stay - 7 nights Availability: 8 guests; no rate table on allChalets
allchalets-chalet-62065,Chalet 62065,,Les Menuires,,France,,28,13,13,chalet,,,none,yes,"log fire, fireplace, boot dryer",,yes,,,,,quote-needed,,,,,yes,,,"As one of the few chalets which can sleep up to 28 people, this chalet with its huge living space of 370m² is classed among the most popular group chalets in the 3 Vallees and is usually booked out very ...",https://www.allchalets.com/holiday-rentals/62065-chalet-in-les-menuires-france,allChalets,rescrape-allchalets,5,chalets/images/allchalets-chalet-62065/,2026-10-06,hot tub not in facility list/description; calendar 20 Mar: Min stay - 1 night Availability: 28 guests; no rate table on allChalets; unnamed listing; headline: Excellent ski in/out chalet which can sleep up to 28 with a private sauna
allchalets-chalet-28067,Chalet 28067,,Les Menuires,,France,,26,9,8,chalet,,,none,yes,"swimming pool, log fire, fireplace, boot dryer",,unknown,,,,,quote-needed,,,,,unknown,,,"Praranger Chalet is an excellent and spacious, detached 9 bedroom chalet, built in 2002 and spread over 5 floors. The chalet is situated in a quiet area, at the border of Praranger, a characteristic little village close to Les Menuires. ...",https://www.allchalets.com/holiday-rentals/28067-chalet-in-les-menuires-france,allChalets,rescrape-allchalets,5,chalets/images/allchalets-chalet-28067/,2026-10-06,"hot tub not in facility list/description; calendar shows no bookings all season (probably unmaintained); calendar 20 Mar: Min stay - 7 nights Availability: 26 guests; no rate table on allChalets; unnamed listing; headline: Superb 9 bedroom chalet with sauna you can ski back to, for up to 26"
allchalets-chalet-35830,Chalet 35830,,Les Menuires,,France,,13,4,4,chalet,catered,,private-outdoor,no,boot warmer,,unknown,,,,,quote-needed,,,,,unknown,,,Chalets Imogen sleeps up to 13 guests and has been recently refurbished with all new ensuite facilities. The first floor has a lounge and dining area with separate kitchen. In the lounge area there is a DVD player & Bluetooth ...,https://www.allchalets.com/holiday-rentals/35830-chalet-in-les-menuires-france,allChalets,rescrape-allchalets,5,chalets/images/allchalets-chalet-35830/,2026-10-06,hot tub in facility list; calendar shows no bookings all season (probably unmaintained); no rate table on allChalets; unnamed listing; headline: Catered chalet near the piste in Reberty village - hot tub
pierre-vacances-alpages-de-reberty-2br-6,,,,,,,,,,,,self-catered,,,,,,,,,,,,,,,,,,,,allChalets,rescrape-allchalets,,,2026-10-06,allChalets: https://www.allchalets.com/holiday-rentals/28288-apartment-in-les-menuires-france; range EUR 1055-5915 whole-chalet; available 20 Mar: no
allchalets-27273-hameau-des-marmottes,,,,,,,,,,,,self-catered,,,,,,,,,,,,,,,,,,,,allChalets,rescrape-allchalets,,,2026-10-06,allChalets: https://www.allchalets.com/holiday-rentals/27273-chalet-in-les-menuires-france
allchalets-apartment-28292,Apartment 28292,,Les Menuires,,France,,10,4,2,apartment,self-catered,self-catered,none,yes,"steam room, swimming pool, indoor pool",,unknown,,,whole-chalet,EUR,season-range,7546,8519,,,no,,,"Apartment in Les Alpages de Reberty with 1 living area, 4 bedrooms, 1 kitchenette, 1 bathroom, 1 shower room and 3 toilets, 2 of which are separate Apartment details: 4 bedrooms - sleeps 10 Livingroom: 2 double sofa beds Kitchen: ...",https://www.allchalets.com/holiday-rentals/28292-apartment-in-les-menuires-france,allChalets,rescrape-allchalets,5,chalets/images/allchalets-apartment-28292/,2026-10-06,hot tub not in facility list/description; ignored outlier rate(s) [1691] in range; unnamed listing; headline: Les Alpages de Reberty - 10 people - 4 bedrooms -
allchalets-chalet-26427,Chalet 26427,,Les Menuires,,France,,12,6,6,chalet,,,none,no,"swimming pool, boot dryer",,yes,,,,,quote-needed,,,,,unknown,,,"The recently built chalet Julia is in a great location, on Rue du Plein Air, just below the centre of Les Menuires, 25 metres from a blue slope from where you ski over to the Tortollet chair lift and the ...",https://www.allchalets.com/holiday-rentals/26427-chalet-in-les-menuires-france,allChalets,rescrape-allchalets,5,chalets/images/allchalets-chalet-26427/,2026-10-06,hot tub not in facility list/description; calendar shows no bookings all season (probably unmaintained); calendar 20 Mar: Min stay - 7 nights Availability: 12 guests; no rate table on allChalets; unnamed listing; headline: Excellent and new ski in ski out chalet for up to 12
allchalets-apartment-28286,Apartment 28286,,Les Menuires,,France,,6,1,1,apartment,self-catered,self-catered,none,yes,"steam room, swimming pool, indoor pool",,unknown,,,whole-chalet,EUR,season-range,874,4748,,,no,,,"Apartment in Les Alpages de Reberty with 1 living area, 1 bedroom, 1 sleeping alcove, 1 kitchenette, 1 bathroom and 1 toilet Apartment details: 1 bedroom - sleeps 6 Livingroom: 1 double sofa bed and 1 sleeping alcove with bunk ...",https://www.allchalets.com/holiday-rentals/28286-apartment-in-les-menuires-france,allChalets,rescrape-allchalets,5,chalets/images/allchalets-apartment-28286/,2026-10-06,hot tub not in facility list/description; unnamed listing; headline: Les Alpages de Reberty - 6 people - 1 bedroom + 1 sleeping alcove -
allchalets-chalet-caren,Chalet Caren,,Les Menuires,,France,,12,5,4,chalet,,,none,no,"log fire, fireplace, boot dryer",,yes,,,,,quote-needed,,,,,unknown,,,"Chalet Caren is a spacious 101m² 5 bedroom, 4 bathroom duplex apartment with southwest-facing balcony offering exceptional views of the peaks. The ski lift is at the base of the apartment, which has a large ski locker with ski boot ...",https://www.allchalets.com/holiday-rentals/47416-chalet-in-les-menuires-france,allChalets,rescrape-allchalets,5,chalets/images/allchalets-chalet-caren/,2026-10-06,hot tub not in facility list/description; calendar shows no bookings all season (probably unmaintained); calendar 20 Mar: Min stay - 7 nights Availability: 12 guests; no rate table on allChalets
allchalets-chalet-louis,Chalet Louis,,Les Menuires,,France,,10,5,4,chalet,,,none,no,"swimming pool, boot dryer",,unknown,,,,,quote-needed,,,,,unknown,,,"Chalet Louis is a well designed, well furnished and spacious 135m2 apartment for up to 10 people, on the top two floors of a larger chalet, offering not only a spacious living area with a modern and open plan kitchen, ...",https://www.allchalets.com/holiday-rentals/62075-chalet-in-les-menuires-france,allChalets,rescrape-allchalets,5,chalets/images/allchalets-chalet-louis/,2026-10-06,hot tub not in facility list/description; calendar shows no bookings all season (probably unmaintained); calendar 20 Mar: Min stay - 1 night Availability: 10 guests; no rate table on allChalets
allchalets-chalet-ava,Chalet Ava,,Les Menuires,,France,,12,6,5,chalet,catered,,private (location not stated),no,"indoor pool, log fire",,yes,Saturday,13600,whole-chalet,EUR,exact-week,13600,14800,,,yes,,,"Chalet Ava is one of the luxury chalets within a larger chalet building, with five chalet apartments, ideally located in the highest district of Les Menuires, Reberty 2000. The chalet apartments are only 100 meters away from an easy blue ...",https://www.allchalets.com/holiday-rentals/24920-chalet-in-les-menuires-france,allChalets,rescrape-allchalets,5,chalets/images/allchalets-chalet-ava/,2026-10-06,"hot tub in facility list; 20 Mar rates: Catered Per property €13,600;   None; calendar 20 Mar: From €7,600 self catered per week Min stay - 7 nights Availability: 12 guests"
allchalets-apartment-28545,Apartment 28545,,Les Menuires,,France,,6,2,1,apartment,catered-or-self,,none,yes,table tennis,,unknown,,,whole-chalet,EUR,season-range,653,1579,,,no,,,"Apartment in Les Combes with 1 living area, 2 bedrooms, 1 kitchenette, 1 bathroom and 1 toilet Apartment details: 2 bedrooms - sleeps 6 Livingroom: Living room with 2 pull out beds Kitchen: Fully equipped open-plan kitchenette and living area ...",https://www.allchalets.com/holiday-rentals/28545-apartment-in-les-menuires-france,allChalets,rescrape-allchalets,5,chalets/images/allchalets-apartment-28545/,2026-10-06,hot tub not in facility list/description; unnamed listing; headline: Les Combes - 6 people - 2 bedrooms -
allchalets-chalet-le-bettaix-vi,Chalet Le Bettaix VI,,Les Menuires,,France,,12,6,6,chalet,,,none,yes,"log fire, fireplace",,unknown,,,,,quote-needed,,,,,unknown,,,Chalet Le Bettaix VI is an excellent chalet situated in Le Bettaix part of the 3 Valleys and next door to Les Menuires. The chalet is split over three floors and has its own private sauna. The chalet is conveniently ...,https://www.allchalets.com/holiday-rentals/27227-chalet-in-les-menuires-france,allChalets,rescrape-allchalets,5,chalets/images/allchalets-chalet-le-bettaix-vi/,2026-10-06,hot tub not in facility list/description; calendar shows no bookings all season (probably unmaintained); calendar 20 Mar: Min stay - 7 nights Availability: 12 guests; no rate table on allChalets
allchalets-chalet-ice,Chalet Ice,,Les Menuires,,France,,10,4,2,chalet,,,none,yes,,,yes,,,,,quote-needed,,,,,unknown,,,"Chalet Ice in Les Menuires is a quality 95m2, 4 bedroom, 2 bathroom duplex apartment, on the second and third floors, sleeping up to 10 people and comes with a communal hammam and sauna (in the next building)and is a ...",https://www.allchalets.com/holiday-rentals/35870-chalet-in-les-menuires-france,allChalets,rescrape-allchalets,5,chalets/images/allchalets-chalet-ice/,2026-10-06,hot tub not in facility list/description; calendar shows no bookings all season (probably unmaintained); calendar 20 Mar: Min stay - 7 nights Availability: 10 guests; no rate table on allChalets
allchalets-apartment-12536,Apartment 12536,,Les Menuires,,France,,4,1,1,apartment,self-catered,self-catered,none,yes,"steam room, swimming pool, indoor pool",,unknown,,,whole-chalet,EUR,season-range,748,3649,,,no,,,"Apartment in Les Alpages de Reberty with 1 living area, 1 bedroom, 1 kitchenette, 1 bathroom and 1 toilet Apartment details: 1 bedroom - sleeps 4 Livingroom: 1 double sofa bed Kitchen: Fully equipped open-plan kitchenette and living area Bedrooms: ...",https://www.allchalets.com/holiday-rentals/12536-apartment-in-les-menuires-france,allChalets,rescrape-allchalets,5,chalets/images/allchalets-apartment-12536/,2026-10-06,hot tub not in facility list/description; unnamed listing; headline: Les Alpages de Reberty - 4 people - 1 bedroom -
allchalets-chalet-anabel,Chalet Anabel,,Les Menuires,,France,,16,8,7,chalet,,,none,no,"swimming pool, log fire",,yes,,,,,quote-needed,,,,,unknown,,,Chalet Anabel is an 8 bedroom chalet ideally located in the Le Hameau des Marmottes chalet park which is situated between two easy blue slopes in the Preyerand area of Les Menuires. This convenient location makes it easy for you ...,https://www.allchalets.com/holiday-rentals/25948-chalet-in-les-menuires-france,allChalets,rescrape-allchalets,5,chalets/images/allchalets-chalet-anabel/,2026-10-06,hot tub not in facility list/description; calendar shows no bookings all season (probably unmaintained); calendar 20 Mar: Min stay - 7 nights Availability: 16 guests; no rate table on allChalets
allchalets-chalet-alexia,Chalet Alexia,,Les Menuires,,France,,12,5,5,apartment,,,yes-type-unknown,yes,"steam room, swimming pool, indoor pool, log fire, fireplace, boot dryer",,yes,,,,,quote-needed,,,,,yes,,,"Chalet Alexia is a fabulous and part of a larger building which was completed at the end of 2020. It is located is a great position on Avenue de la Croisette, directly next to the slopes and right at the ...",https://www.allchalets.com/holiday-rentals/28955-apartment-in-les-menuires-france,allChalets,rescrape-allchalets,5,chalets/images/allchalets-chalet-alexia/,2026-10-06,calendar 20 Mar: Min stay - 7 nights Availability: 12 guests; no rate table on allChalets
allchalets-chalet-pierre,,,,,,,,,,,,,,,,,,,,,,,,,,,,,,,,allChalets,rescrape-allchalets,,,2026-10-06,allChalets: https://www.allchalets.com/holiday-rentals/28430-apartment-in-les-menuires-france
allchalets-apartment-28289,Apartment 28289,,Les Menuires,,France,,8,2,2,apartment,self-catered,self-catered,none,yes,"steam room, swimming pool, indoor pool",,unknown,,2361,whole-chalet,EUR,exact-week,1310,6729,,,no,,,"Apartment in Les Alpages de Reberty with 1 living area, 2 bedrooms, 1 mezzanine, 1 kitchenette, 1 bathroom, 1 shower and 1 toilet Apartment details: 2 bedrooms - sleeps 8 Livingroom: 1 double sofa bed and 1 mezzanine with 2 ...",https://www.allchalets.com/holiday-rentals/28289-apartment-in-les-menuires-france,allChalets,rescrape-allchalets,5,chalets/images/allchalets-apartment-28289/,2026-10-06,hot tub not in facility list/description; rate listed for 20 Mar week but calendar shows booked; unnamed listing; headline: Les Alpages de Reberty - 8 people - 2 bedrooms + 1 mezzanine -
allchalets-chalet-susanna,Chalet Susanna,,Les Menuires,,France,,13,4,4,chalet,catered,,private-outdoor,no,boot warmer,,yes,,,,,quote-needed,,,,,yes,,,Chalet Susanna sleeps up to 13 and has been recently refurbished with all new en-suite facilities. The first floor has a lounge and dining area with separate kitchen. In the lounge area there is a DVD player & Bluetooth speaker. ...,https://www.allchalets.com/holiday-rentals/35800-chalet-in-les-menuires-france,allChalets,rescrape-allchalets,5,chalets/images/allchalets-chalet-susanna/,2026-10-06,hot tub in facility list; no rate table on allChalets
allchalets-chalet-ellie,Chalet Ellie,,Les Menuires,,France,,10,5,5,apartment,,,none,no,"indoor pool, log fire, fireplace, boot dryer",,yes,,,,,quote-needed,,,,,unknown,,,"Chalet Ellie is one of a few conveniently located chalets in a small complex of 6 chalet apartments, just below the centre of Les Menuires and only 25 metres from an easy blue ski slope. From this piste you can ...",https://www.allchalets.com/holiday-rentals/34272-apartment-in-les-menuires-france,allChalets,rescrape-allchalets,5,chalets/images/allchalets-chalet-ellie/,2026-10-06,hot tub not in facility list/description; calendar shows no bookings all season (probably unmaintained); calendar 20 Mar: Min stay - 7 nights Availability: 10 guests; no rate table on allChalets
allchalets-apartment-34683,Apartment 34683,,Les Menuires,,France,,9,4,4,apartment,,,yes-type-unknown,yes,"steam room, log fire, games room",,yes,,,,,quote-needed,,,,,unknown,,,"The popular chalet village area of Hameau de la Sapinière sits right above the centre of snow sure Les Menuires on Route de Reberty, Reberty 1850, just 500m from the shops, restaurants, ski lifts and ski schools. Situated on top ...",https://www.allchalets.com/holiday-rentals/34683-apartment-in-les-menuires-france,allChalets,rescrape-allchalets,5,chalets/images/allchalets-apartment-34683/,2026-10-06,hot tub in facility list; calendar shows no bookings all season (probably unmaintained); calendar 20 Mar: Min stay - 7 nights Availability: 9 guests; no rate table on allChalets; unnamed listing; headline: Excellent ski in ski out option for up to 9 people
allchalets-apartment-47027,Apartment 47027,,Les Menuires,,France,,8,3,2,apartment,,,none,yes,steam room,,yes,,,,,quote-needed,,,,,unknown,,,"Marmotte IIIB is an excellent and large apartment with 4 Rooms, for 8 persons. It is on the ground floor with a South-West terrace offering a ski in ski out options and classed as a 4 Gold Snowflakes label by ...",https://www.allchalets.com/holiday-rentals/47027-apartment-in-les-menuires-france,allChalets,rescrape-allchalets,5,chalets/images/allchalets-apartment-47027/,2026-10-06,hot tub not in facility list/description; calendar shows no bookings all season (probably unmaintained); calendar 20 Mar: Min stay - 7 nights Availability: 8 guests; no rate table on allChalets; unnamed listing; headline: Excellent 3 bed 2 bath ski in ski out apartment
allchalets-apartment-28102,Apartment 28102,,Les Menuires,,France,,7,2,2,apartment,catered-or-self,,none,no,,,unknown,,,whole-chalet,EUR,season-range,1202,4270,,,no,,,"Apartment in Aconit with 1 living area, 2 bedrooms, 1 kitchenette, 1 bathroom, 1 shower room, 1 separate toilet Apartment details: 2 bedrooms - sleeps 7 Livingroom: 1 double sofa bed Kitchen: Equipped open-plan kitchenette and living area Bedrooms: 1 ...",https://www.allchalets.com/holiday-rentals/28102-apartment-in-les-menuires-france,allChalets,rescrape-allchalets,5,chalets/images/allchalets-apartment-28102/,2026-10-06,hot tub not in facility list/description; unnamed listing; headline: Aconit - 7 people - 2 bedrooms -
allchalets-apartment-40075,Apartment 40075,,Les Menuires,,France,,6,3,2,apartment,,,yes-type-unknown,no,log fire,,yes,,,,,quote-needed,,,,,unknown,,,Reberty III is an excellent quality apartment of 70 sq.metres for 6 people. It is located in the convenient and snow sure area of Reberty 2000. It offers a big terrace of 23 sq metres with a breathtaking view on ...,https://www.allchalets.com/holiday-rentals/40075-apartment-in-les-menuires-france,allChalets,rescrape-allchalets,5,chalets/images/allchalets-apartment-40075/,2026-10-06,hot tub in facility list; calendar shows no bookings all season (probably unmaintained); calendar 20 Mar: Min stay - 1 night Availability: 6 guests; no rate table on allChalets; unnamed listing; headline: Excellent 3 bed 2 bath ski in ski apartment with hot tub
allchalets-chalet-35797,Chalet 35797,,Les Menuires,,France,,18,4,5,chalet,catered,,private-outdoor,no,"log fire, open fire, fireplace, boot warmer",,unknown,,,,,quote-needed,,,,,yes,,,Ideal piste-side chalet with two excellent newly refurbished suites and panoramic views from a spacious living area. There is a central log fire and terrace hot tub looking on to beautiful mountain scenery. This is a great choice for families ...,https://www.allchalets.com/holiday-rentals/35797-chalet-in-les-menuires-france,allChalets,rescrape-allchalets,5,chalets/images/allchalets-chalet-35797/,2026-10-06,hot tub in facility list; no rate table on allChalets; unnamed listing; headline: Piste side chalet with hot tub and stunning views - ideal for families
allchalets-apartment-26058,Apartment 26058,,Les Menuires,,France,,8,4,4,apartment,,,yes-type-unknown,yes,"steam room, log fire, fireplace",,yes,,,,,quote-needed,,,,,unknown,,,"We are sure you will enjoy staying in this ski in ski out 4 bedroom apartment of 115 m2 with tasteful furnishings,WiFi and great mountain views. Ideally located in the snow sure Sapiniere area of Reberty, Les Menuires, you can ...",https://www.allchalets.com/holiday-rentals/26058-apartment-in-les-menuires-france,allChalets,rescrape-allchalets,5,chalets/images/allchalets-apartment-26058/,2026-10-06,hot tub in facility list; calendar shows no bookings all season (probably unmaintained); calendar 20 Mar: Min stay - 7 nights Availability: 8 guests; no rate table on allChalets; unnamed listing; headline: Excellent and well located 4 bed 4 bathroom chalet for up to 8
allchalets-apartment-62924,Apartment 62924,,Les Menuires,,France,,12,5,3,apartment,,,yes-type-unknown,yes,"steam room, swimming pool, indoor pool, fireplace, games room, gym",,yes,,,,,quote-needed,,,,,unknown,,,"This place is spot on for group trips and family getaways. It’s a modern, self-catered apartment complex and right on the slopes too - simply hop in the lift that's connected to the apart hotel complex, ride down to the ...",https://www.allchalets.com/holiday-rentals/62924-apartment-in-les-menuires-france,allChalets,rescrape-allchalets,5,chalets/images/allchalets-apartment-62924/,2026-10-06,hot tub in facility list; calendar shows no bookings all season (probably unmaintained); calendar 20 Mar: Min stay - 1 night Availability: 12 guests; no rate table on allChalets; unnamed listing; headline: Excellent 5 bedroom 3 bathroom ski in ski out apartment for 12 with spa
allchalets-chalet-louise,Chalet Louise,,Les Menuires,,France,,10,5,4,chalet,,,none,yes,steam room,,yes,,,,,quote-needed,,,,,unknown,,,"Chalet Louise is a great and quite spacious 130m2 2nd floor apartment right by the slopes in snow sure Les Menuires, giving you immediate access to the whole 3 Valleys ski area.This well located chalet apartment is on Rue des ...",https://www.allchalets.com/holiday-rentals/25307-chalet-in-les-menuires-france,allChalets,rescrape-allchalets,5,chalets/images/allchalets-chalet-louise/,2026-10-06,hot tub not in facility list/description; calendar shows no bookings all season (probably unmaintained); calendar 20 Mar: Min stay - 7 nights Availability: 10 guests; no rate table on allChalets
allchalets-apartment-28287,Apartment 28287,,Les Menuires,,France,,6,2,2,apartment,self-catered,self-catered,none,yes,"steam room, swimming pool, indoor pool",,unknown,,,whole-chalet,EUR,season-range,959,5075,,,no,,,"Apartment in Les Alpages de Reberty with 1 living area, 2 bedrooms, 1 kitchenette, 1 bathroom, 1 shower and 1 toilet Apartment details: 2 bedrooms - sleeps 6 Livingroom: 1 double sofa bed Kitchen: Fully equipped open-plan kitchenette and living ...",https://www.allchalets.com/holiday-rentals/28287-apartment-in-les-menuires-france,allChalets,rescrape-allchalets,5,chalets/images/allchalets-apartment-28287/,2026-10-06,hot tub not in facility list/description; unnamed listing; headline: Les Alpages de Reberty - 6 people - 2 bedrooms -
allchalets-studio-28543,Studio 28543,,Les Menuires,,France,,,,,studio,self-catered,self-catered,none,yes,table tennis,,unknown,,,whole-chalet,EUR,season-range,375,1327,,,no,,,"Studio in Les Combes with 1 living area, 1 kitchenette, 1 bathroom and 1 toilet Studio details: Sleeps 3 Livingroom: Bunk beds with 1 pull-out bed (recommended for children) Kitchen: Equipped open-plan kitchenette and living area Bathrooms: 1 bath or ...",https://www.allchalets.com/holiday-rentals/28543-studio-in-les-menuires-france,allChalets,rescrape-allchalets,5,chalets/images/allchalets-studio-28543/,2026-10-06,hot tub not in facility list/description; unnamed listing; headline: Les Combes - 3 people -
allchalets-chalet-lucy,Chalet Lucy,,Les Menuires,,France,,16,7,6,chalet,,,none,yes,,,unknown,,,,,quote-needed,,,,,yes,,,Chalet Lucy is a spacious and well located chalet nicely located in the quiet mountain village of Lavassaix. With its living space of 193 sqm impressing with its modernity and brightness this chalet can sleep up to 16 and is ...,https://www.allchalets.com/holiday-rentals/62069-chalet-in-les-menuires-france,allChalets,rescrape-allchalets,5,chalets/images/allchalets-chalet-lucy/,2026-10-06,hot tub not in facility list/description; calendar 20 Mar: Min stay - 1 night Availability: 16 guests; no rate table on allChalets
allchalets-chalet-cristaux-vi,Chalet Cristaux VI,,Les Menuires,,France,,14,6,4,apartment,,,none,yes,steam room,,yes,,,,,quote-needed,,,,,unknown,,,"Chalet Cristaux VI is a comfortably furnished and spacious 6 bedroom apartment, about 20 metres from the pistes in the Preyerand/Hameau des Airelles area of Les Menuires, ensuring a ski in ski out option. The apartments of Les Cristaux are ...",https://www.allchalets.com/holiday-rentals/24005-apartment-in-les-menuires-france,allChalets,rescrape-allchalets,5,chalets/images/allchalets-chalet-cristaux-vi/,2026-10-06,hot tub not in facility list/description; calendar shows no bookings all season (probably unmaintained); calendar 20 Mar: Min stay - 7 nights Availability: 14 guests; no rate table on allChalets
allchalets-apartment-40049,Apartment 40049,,Les Menuires,,France,,8,3,2,apartment,,,none,yes,steam room,,yes,,,,,quote-needed,,,,,unknown,,,Marmotte IIIA is an excellent duplex apartment with 3 bedrooms offering 85 square metres of space for up to 8 people. It is on the first/second floor of a larger chalet building with a southwest balcony with complimentary access to ...,https://www.allchalets.com/holiday-rentals/40049-apartment-in-les-menuires-france,allChalets,rescrape-allchalets,5,chalets/images/allchalets-apartment-40049/,2026-10-06,hot tub not in facility list/description; calendar shows no bookings all season (probably unmaintained); calendar 20 Mar: Min stay - 1 night Availability: 8 guests; no rate table on allChalets; unnamed listing; headline: Excellent 3 bed 2 bath ski in ski out apartment for up to 8
pierre-vacances-alpages-de-reberty-2br-mezz-8,,,,,,,,,,,,self-catered,,,,,,,,,,,,,,,,,,,,allChalets,rescrape-allchalets,,,2026-10-06,allChalets: https://www.allchalets.com/holiday-rentals/40702-apartment-in-les-menuires-france; range EUR 1806-6468 whole-chalet; available 20 Mar: no
allchalets-chalet-40250,Chalet 40250,,Les Menuires,,France,,11,5,5,chalet,,,private (location not stated),yes,"steam room, log fire, open fire, fireplace",,yes,,,,,quote-needed,,,,,unknown,,,"Chalet 42 is in the chalet village area of Hameau de la Sapinière, which sits in the Reberty area, right above the centre of Les Menuires, separated from the shops, restaurants, ski lift stations and ski schools by a distance ...",https://www.allchalets.com/holiday-rentals/40250-chalet-in-les-menuires-france,allChalets,rescrape-allchalets,5,chalets/images/allchalets-chalet-40250/,2026-10-06,hot tub in facility list; calendar shows no bookings all season (probably unmaintained); calendar 20 Mar: Min stay - 1 night Availability: 11 guests; no rate table on allChalets; unnamed listing; headline: Superb 5/6 bedroom ski in ski out chalet for up to 11
allchalets-chalet-jacque,Chalet Jacque,,Les Menuires,,France,,4,4,4,apartment,,,yes-type-unknown,yes,"swimming pool, fireplace, boot dryer",,yes,,,,,quote-needed,,,,,unknown,,,Chalet Jacque is a luxury chalet-apartment in Les Menuires and right on the piste. The newly built apartment is located in a great location next to the slopes and right at the entrance of the village Les Menuires. From the ...,https://www.allchalets.com/holiday-rentals/28945-apartment-in-les-menuires-france,allChalets,rescrape-allchalets,5,chalets/images/allchalets-chalet-jacque/,2026-10-06,calendar shows no bookings all season (probably unmaintained); calendar 20 Mar: Min stay - 7 nights Availability: 4 guests; no rate table on allChalets
allchalets-chalet-les-cimes-iv,Chalet Les Cimes IV,,Les Menuires,,France,,10,4,3,apartment,,,none,no,"swimming pool, boot dryer",,yes,,,,,quote-needed,,,,,unknown,,,"Chalet Les Cimes IV is a 120m2 penthouse apartment on the top floor of a larger chalet building in Reberty, Les Menuires and ideal for up to 10 persons. The apartment is located only 50 metres away from the slope, ...",https://www.allchalets.com/holiday-rentals/25617-apartment-in-les-menuires-france,allChalets,rescrape-allchalets,5,chalets/images/allchalets-chalet-les-cimes-iv/,2026-10-06,hot tub not in facility list/description; calendar shows no bookings all season (probably unmaintained); calendar 20 Mar: Min stay - 1 night Availability: 10 guests; no rate table on allChalets
allchalets-chalet-jazz,Chalet Jazz,,Les Menuires,,France,,18,4,4,chalet,catered,,private-outdoor,no,boot warmer,,yes,,,,,quote-needed,,,,,yes,,,"Located right on the side of the piste Chalet Jazz has four beautifully refurbished and spacious family suites all with interconnecting rooms and ensuite facilities. Some of the suites can accommodate extra beds, please let us know and we will ...",https://www.allchalets.com/holiday-rentals/35799-chalet-in-les-menuires-france,allChalets,rescrape-allchalets,5,chalets/images/allchalets-chalet-jazz/,2026-10-06,hot tub in facility list; no rate table on allChalets
allchalets-apartment-63004,Apartment 63004,,Les Menuires,,France,,8,3,2,apartment,self-catered,self-catered,none,yes,"steam room, log fire, fireplace, boot dryer",,unknown,,,whole-chalet,EUR,season-range,1167,6430,,,no,,,"""CGH Rés&Spa Chalets du Soleil (A) 4*"", 4-room apartment 75 m2. Tasteful and wooden furniture furnishings: living/sleeping room with 1 sofabed, 1 pull-out bed, open-hearth fireplace, dining table and satellite TV. Exit to the balcony. 2 rooms, each room with ...",https://www.allchalets.com/holiday-rentals/63004-apartment-in-les-menuires-france,allChalets,rescrape-allchalets,5,chalets/images/allchalets-apartment-63004/,2026-10-06,hot tub not in facility list/description; unnamed listing; headline: 
allchalets-apartment-34647,Apartment 34647,,Les Menuires,,France,,10,5,3,apartment,self-catered,self-catered,none,no,,,unknown,,3142,whole-chalet,EUR,exact-week,1735,6972,,,no,,,"""Burons 709/718"", 7-room apartment 86 m2 on 7th floor, south facing position. Fully renovated in 2022, comfortable and modern furnishings: lounge with TV (flat screen). Exit to the balcony, south facing position. 1 room with 2 beds (80 cm, length ...",https://www.allchalets.com/holiday-rentals/34647-apartment-in-les-menuires-france,allChalets,rescrape-allchalets,5,chalets/images/allchalets-apartment-34647/,2026-10-06,hot tub not in facility list/description; rate listed for 20 Mar week but calendar shows booked; unnamed listing; headline: 
allchalets-apartment-38323,Apartment 38323,,Les Menuires,,France,,7,3,2,apartment,self-catered,self-catered,none,no,,,unknown,,2629,whole-chalet,EUR,exact-week,1515,4201,,,yes,,,"""Marmottes A6"", 4-room apartment 68 m2, on the upper ground floor. Bright, very comfortable and beautiful furnishings: large living/dining room with TV (flat screen). Exit to the balcony, south-west facing position. 1 small room with 1 double bed (140 cm, ...",https://www.allchalets.com/holiday-rentals/38323-apartment-in-les-menuires-france,allChalets,rescrape-allchalets,5,chalets/images/allchalets-apartment-38323/,2026-10-06,"hot tub not in facility list/description; calendar 20 Mar: €2,629 self catered per week Min stay - 7 nights Availability: 7 guests; unnamed listing; headline: "
allchalets-apartment-63005,Apartment 63005,,Les Menuires,,France,,7,3,2,apartment,self-catered,self-catered,none,yes,"steam room, boot dryer",,unknown,,,whole-chalet,EUR,season-range,1139,6613,,,no,,,"""CGH Rés&Spa Chalets du Soleil (C) 4*"", 4-room apartment 60 m2. Modern and stylish furnishings: living/sleeping room with 1 pull-out bed, dining table and satellite TV. Exit to the balcony. 1 room with 1 french bed. 2 rooms, each room ...",https://www.allchalets.com/holiday-rentals/63005-apartment-in-les-menuires-france,allChalets,rescrape-allchalets,5,chalets/images/allchalets-apartment-63005/,2026-10-06,hot tub not in facility list/description; unnamed listing; headline: 
allchalets-apartment-63006,Apartment 63006,,Les Menuires,,France,,8,3,2,apartment,self-catered,self-catered,yes-type-unknown,yes,"steam room, swimming pool, indoor pool, boot dryer, gym",,unknown,,,whole-chalet,EUR,season-range,2157,8875,,,no,,,"""CGH Résidence&Spa Les Clarines 4*"", 4-room apartment 75 to 80 m2. Comfortable and tasteful furnishings: living/sleeping room with 2 sofabeds, 2 pull-out beds, dining table and satellite TV. Exit to the balcony. 1 room with 1 french bed. 2 rooms, ...",https://www.allchalets.com/holiday-rentals/63006-apartment-in-les-menuires-france,allChalets,rescrape-allchalets,5,chalets/images/allchalets-apartment-63006/,2026-10-06,hot tub in facility list; unnamed listing; headline: 
allchalets-apartment-59420,Apartment 59420,,Les Menuires,,France,,10,4,2,apartment,self-catered,self-catered,none,yes,"swimming pool, indoor pool, log fire, fireplace",,unknown,,,whole-chalet,EUR,season-range,1901,8734,,,no,,,"A refined apartment, this spacious holiday home comfortably accommodates up to ten guests. With four well-designed bedrooms and two modern bathrooms, it is ideal for larger families or groups. The living area features a cozy sofa and internet access, and ...",https://www.allchalets.com/holiday-rentals/59420-apartment-in-les-menuires-france,allChalets,rescrape-allchalets,5,chalets/images/allchalets-apartment-59420/,2026-10-06,hot tub not in facility list/description; unnamed listing; headline: Apartment in Les Ménuires with Spa Access
allchalets-apartment-59418,Apartment 59418,,Les Menuires,,France,,8,3,2,apartment,self-catered,self-catered,none,yes,"swimming pool, indoor pool, log fire, fireplace",,unknown,,,whole-chalet,EUR,season-range,1539,6751,,,no,,,"A spacious apartment, this modern holiday home is ideal for families or groups of up to eight guests. Featuring three well-appointed bedrooms and two bathrooms, the layout is both functional and comfortable. The living area includes a cozy sofa, and ...",https://www.allchalets.com/holiday-rentals/59418-apartment-in-les-menuires-france,allChalets,rescrape-allchalets,5,chalets/images/allchalets-apartment-59418/,2026-10-06,hot tub not in facility list/description; unnamed listing; headline: Apartment in Les Ménuires with Spa & Ski Access
allchalets-apartment-38303,Apartment 38303,,Les Menuires,,France,,8,3,2,apartment,self-catered,self-catered,none,no,swimming pool,,unknown,,2838,whole-chalet,EUR,exact-week,1944,5361,,,yes,,,"""Belleville Caron 1 - 1213"", 4-room apartment 67 m2 on 12nd floor. Spacious, very comfortable and wooden furniture furnishings: large living/dining room with TV (flat screen), DVD. Exit to the balcony. 1 large room with 1 french bed (140 cm, ...",https://www.allchalets.com/holiday-rentals/38303-apartment-in-les-menuires-france,allChalets,rescrape-allchalets,5,chalets/images/allchalets-apartment-38303/,2026-10-06,"hot tub not in facility list/description; calendar 20 Mar: €2,838 self catered per week Min stay - 7 nights Availability: 8 guests; unnamed listing; headline: "
allchalets-apartment-63003,Apartment 63003,,Les Menuires,,France,,10,4,3,apartment,self-catered,self-catered,none,yes,"steam room, log fire, fireplace, boot dryer",,unknown,,,whole-chalet,EUR,season-range,7513,7991,,,no,,,"""CGH Rés&Spa Chalets du Soleil (A) 4*"", 5-room apartment 135 m2. Tasteful and wooden furniture furnishings: living/sleeping room with 1 sofabed, 1 pull-out bed, open-hearth fireplace, dining table and satellite TV. Exit to the balcony. 3 rooms, each room with ...",https://www.allchalets.com/holiday-rentals/63003-apartment-in-les-menuires-france,allChalets,rescrape-allchalets,5,chalets/images/allchalets-apartment-63003/,2026-10-06,"hot tub not in facility list/description; ignored outlier rate(s) [1559, 1600] in range; unnamed listing; headline: "
allchalets-apartment-59417,Apartment 59417,,Les Menuires,,France,,8,3,2,apartment,self-catered,self-catered,none,yes,"swimming pool, indoor pool, log fire, fireplace",,unknown,,,whole-chalet,EUR,season-range,1443,6645,,,no,,,"Set at the entrance of a lively alpine resort, this spacious apartment offers a perfect blend of comfort, style, and mountain charm, making it ideal for families or groups seeking a relaxing yet activity-filled getaway. The inviting living area features ...",https://www.allchalets.com/holiday-rentals/59417-apartment-in-les-menuires-france,allChalets,rescrape-allchalets,5,chalets/images/allchalets-apartment-59417/,2026-10-06,hot tub not in facility list/description; unnamed listing; headline: Apartment in France with Pool and Spa
allchalets-apartment-59416,Apartment 59416,,Les Menuires,,France,,8,3,2,apartment,self-catered,self-catered,none,yes,"swimming pool, indoor pool, log fire, fireplace",,unknown,,,whole-chalet,EUR,season-range,1402,6405,,,no,,,"Welcome to our charming retreat, where relaxation meets adventure! After a thrilling day on the slopes, unwind in the tranquil Aquarelaxant area, featuring a heated indoor swimming pool and spa that are perfect for soothing tired muscles. Our on-site restaurant ...",https://www.allchalets.com/holiday-rentals/59416-apartment-in-les-menuires-france,allChalets,rescrape-allchalets,5,chalets/images/allchalets-apartment-59416/,2026-10-06,hot tub not in facility list/description; unnamed listing; headline: Chalet in France with Spa & Heated Pool
allchalets-apartment-63245,Apartment 63245,,Les Menuires,,France,,6,3,2,apartment,self-catered,self-catered,none,no,,,unknown,,2156,whole-chalet,EUR,exact-week,1654,4566,,,yes,,,"""Marmottes A4"", 4-room apartment 68 m2, on the upper ground floor, west facing position. Beautiful and modern furnishings: large living/dining room with TV (flat screen). Exit to the balcony, west facing position. 1 room with 2 beds (90 cm, length ...",https://www.allchalets.com/holiday-rentals/63245-apartment-in-les-menuires-france,allChalets,rescrape-allchalets,5,chalets/images/allchalets-apartment-63245/,2026-10-06,"hot tub not in facility list/description; calendar 20 Mar: €2,156 self catered per week Min stay - 7 nights Availability: 6 guests; unnamed listing; headline: "
allchalets-chalet-val,Chalet Val,,Les Menuires,,France,,12,5,4,apartment,self-catered,self-catered,none,yes,log fire,,unknown,,4930,whole-chalet,EUR,exact-week,2323,6282,,,yes,,,"The apartments of Chalet Val 2400 are located in a higher area of Val Thorens (next to Résidence Altitude) surrounded by the ski pistes of the 3 Vallées ski area. There are various restaurants, bars, shops and sporting options in ...",https://www.allchalets.com/holiday-rentals/62212-apartment-in-les-menuires-france,allChalets,rescrape-allchalets,5,chalets/images/allchalets-chalet-val/,2026-10-06,"hot tub not in facility list/description; calendar 20 Mar: €4,930 €5,434 self catered per week Min stay - 7 nights Availability: 12 guests"
allchalets-residence-le-coeur,Résidence Le Coeur,,Les Menuires,,France,,6,3,2,apartment,catered-or-self,,none,yes,"swimming pool, indoor pool",,unknown,,,whole-chalet,EUR,season-range,1157,4899,,,no,,,"Résidence Le Coeur des Loges is built in local traditional style with lots of wood, giving it a warm atmosphere. A comfortable holiday address for a relaxing winter sports or active summer holiday. Résidence Le Coeur des Loges is centrally ...",https://www.allchalets.com/holiday-rentals/59359-apartment-in-les-menuires-france,allChalets,rescrape-allchalets,5,chalets/images/allchalets-residence-le-coeur/,2026-10-06,hot tub not in facility list/description
allchalets-chalet-val-62215,Chalet Val,,Les Menuires,,France,,10,4,4,apartment,self-catered,self-catered,none,yes,log fire,,unknown,,3877,whole-chalet,EUR,exact-week,1845,6439,,,yes,,,"The apartments of Chalet Val 2400 are located in a higher area of Val Thorens (next to Résidence Altitude) surrounded by the ski pistes of the 3 Vallées ski area. There are various restaurants, bars, shops and sporting options in ...",https://www.allchalets.com/holiday-rentals/62215-apartment-in-les-menuires-france,allChalets,rescrape-allchalets,5,chalets/images/allchalets-chalet-val-62215/,2026-10-06,"hot tub not in facility list/description; calendar 20 Mar: €3,877 €4,269 self catered per week Min stay - 7 nights Availability: 10 guests"
allchalets-residence-le-coeur-59360,Résidence Le Coeur,,Les Menuires,,France,,6,3,2,apartment,catered-or-self,,none,yes,"swimming pool, indoor pool",,unknown,,,whole-chalet,EUR,season-range,1090,4803,,,no,,,"Résidence Le Coeur des Loges is built in local traditional style with lots of wood, giving it a warm atmosphere. A comfortable holiday address for a relaxing winter sports or active summer holiday. Résidence Le Coeur des Loges is centrally ...",https://www.allchalets.com/holiday-rentals/59360-apartment-in-les-menuires-france,allChalets,rescrape-allchalets,5,chalets/images/allchalets-residence-le-coeur-59360/,2026-10-06,hot tub not in facility list/description
allchalets-apartment-59421,Apartment 59421,,Les Menuires,,France,,12,5,3,apartment,self-catered,self-catered,yes-type-unknown,yes,"swimming pool, indoor pool, log fire, fireplace",,unknown,,,whole-chalet,EUR,season-range,2147,10145,,,no,,,"Set in the alpine surroundings of Levassaix near Les Menuires, this spacious apartment offers a comfortable mountain base designed for larger group stays. Accommodating up to twelve guests, it combines generous living space with scenic mountain views, making it ideal ...",https://www.allchalets.com/holiday-rentals/59421-apartment-in-les-menuires-france,allChalets,rescrape-allchalets,5,chalets/images/allchalets-apartment-59421/,2026-10-06,unnamed listing; headline: Apartment in France with Spa and Pool
allchalets-chalet-val-62214,Chalet Val,,Les Menuires,,France,,8,4,2,apartment,self-catered,self-catered,none,yes,log fire,,unknown,,3507,whole-chalet,EUR,exact-week,1695,6781,,,yes,,,"The apartments of Chalet Val 2400 are located in a higher area of Val Thorens (next to Résidence Altitude) surrounded by the ski pistes of the 3 Vallées ski area. There are various restaurants, bars, shops and sporting options in ...",https://www.allchalets.com/holiday-rentals/62214-apartment-in-les-menuires-france,allChalets,rescrape-allchalets,5,chalets/images/allchalets-chalet-val-62214/,2026-10-06,"hot tub not in facility list/description; calendar 20 Mar: €3,507 €3,860 self catered per week Min stay - 7 nights Availability: 8 guests"
allchalets-chalet-val-62213,Chalet Val,,Les Menuires,,France,,10,5,3,apartment,self-catered,self-catered,none,yes,log fire,,unknown,,,whole-chalet,EUR,season-range,1992,7024,,,no,,,"The apartments of Chalet Val 2400 are located in a higher area of Val Thorens (next to Résidence Altitude) surrounded by the ski pistes of the 3 Vallées ski area. There are various restaurants, bars, shops and sporting options in ...",https://www.allchalets.com/holiday-rentals/62213-apartment-in-les-menuires-france,allChalets,rescrape-allchalets,5,chalets/images/allchalets-chalet-val-62213/,2026-10-06,hot tub not in facility list/description
allchalets-residence-club-mmv-le,Résidence Club MMV Le,,Les Menuires,,France,,8,3,2,apartment,self-catered,self-catered,none,yes,"swimming pool, indoor pool, log fire, fireplace",,unknown,,,whole-chalet,EUR,season-range,1630,7563,,,no,,,"At the entrance to the resort, the Résidence Club MMV Le Coeur des Loges, clad in wood and stone, has an elegant, harmonious architecture and a superb panoramic terrace. It consists of 146 spacious apartments with neat services and beautiful ...",https://www.allchalets.com/holiday-rentals/59419-apartment-in-les-menuires-france,allChalets,rescrape-allchalets,5,chalets/images/allchalets-residence-club-mmv-le/,2026-10-06,hot tub not in facility list/description
allchalets-apartment-44862,Apartment 44862,,Les Menuires,,France,,8,4,4,apartment,self-catered,self-catered,yes-type-unknown,yes,"steam room, log fire, fireplace",,unknown,,,whole-chalet,EUR,season-range,3840,8682,,,no,,,"""Le Hameau de la Sapinière"", 5-room terraced house 95 m2 on 3 levels. Tasteful and cosy furnishings: 1 room with 1 french bed (160 cm). 1 room with 2 beds. 2 baths or showers/WC. Upper floor: large living room with ...",https://www.allchalets.com/holiday-rentals/44862-apartment-in-les-menuires-france,allChalets,rescrape-allchalets,5,chalets/images/allchalets-apartment-44862/,2026-10-06,hot tub in facility list; unnamed listing; headline: 
allchalets-chalet-val-62211,Chalet Val,,Les Menuires,,France,,8,3,3,apartment,self-catered,self-catered,none,yes,log fire,,unknown,,2971,whole-chalet,EUR,exact-week,1530,5820,,,yes,,,"The apartments of Chalet Val 2400 are located in a higher area of Val Thorens (next to Résidence Altitude) surrounded by the ski pistes of the 3 Vallées ski area. There are various restaurants, bars, shops and sporting options in ...",https://www.allchalets.com/holiday-rentals/62211-apartment-in-les-menuires-france,allChalets,rescrape-allchalets,5,chalets/images/allchalets-chalet-val-62211/,2026-10-06,"hot tub not in facility list/description; calendar 20 Mar: €2,971 €3,267 self catered per week Min stay - 7 nights Availability: 8 guests"
allchalets-chalet-59362,Chalet 59362,,Les Menuires,,France,,14,7,7,chalet,self-catered,self-catered,none,no,log fire,,unknown,,5582,whole-chalet,EUR,exact-week,3345,10175,,,no,,,"Charming Chalet Apartment with Mountain Views Welcome to your cozy alpine retreat in the heart of Les Menuires! This spacious chalet-style apartment blends rustic charm with modern convenience. Spread over two floors, the home features 7 bedrooms—each with its own ...",https://www.allchalets.com/holiday-rentals/59362-chalet-in-les-menuires-france,allChalets,rescrape-allchalets,5,chalets/images/allchalets-chalet-59362/,2026-10-06,hot tub not in facility list/description; rate listed for 20 Mar week but calendar shows booked; unnamed listing; headline: Apartment in French Alps with Scenic Views
allchalets-chalet-d-alice-59363,Chalet d'Alice,,Les Menuires,,France,,8,4,3,chalet,self-catered,self-catered,none,no,,,unknown,,3433,whole-chalet,EUR,exact-week,2364,6557,,,no,,,"Welcome to Chalet d'Alice—a charming, semi-detached chalet apartment nestled in the tranquil Le Preyerand neighborhood of Les Menuires. Designed with traditional wood finishes and warm alpine style, this two-level retreat comfortably hosts up to 8 guests. With a fully equipped ...",https://www.allchalets.com/holiday-rentals/59363-chalet-in-les-menuires-france,allChalets,rescrape-allchalets,5,chalets/images/allchalets-chalet-d-alice-59363/,2026-10-06,hot tub not in facility list/description; rate listed for 20 Mar week but calendar shows booked
allchalets-chalet-59364,Chalet 59364,,Les Menuires,,France,,10,5,5,chalet,self-catered,self-catered,none,no,log fire,,unknown,,3897,whole-chalet,EUR,exact-week,2827,7855,,,no,,,"Cozy Alpine Escape with Scenic Views Tucked away in the peaceful slopeside neighborhood of Le Preyerand, this warm and inviting chalet apartment offers the perfect blend of rustic charm and modern comfort. With natural wood finishes, a spacious layout across ...",https://www.allchalets.com/holiday-rentals/59364-chalet-in-les-menuires-france,allChalets,rescrape-allchalets,5,chalets/images/allchalets-chalet-59364/,2026-10-06,hot tub not in facility list/description; rate listed for 20 Mar week but calendar shows booked; unnamed listing; headline: Chalet in Les Menuires by Les Trois Vallées
allchalets-apartment-62210,Apartment 62210,,Les Menuires,,France,,6,3,2,apartment,self-catered,self-catered,none,yes,"swimming pool, indoor pool, log fire, fireplace",,unknown,,,whole-chalet,EUR,season-range,2321,5977,,,no,,,"Home in a great location, nearly right on the slopes just outside of the centre of popular Val Thorens (approx. 300 m) where you will find various restaurants, bars, discotheques and shops. Recently constructed in chalet style with communal covered ...",https://www.allchalets.com/holiday-rentals/62210-apartment-in-les-menuires-france,allChalets,rescrape-allchalets,5,chalets/images/allchalets-apartment-62210/,2026-10-06,hot tub not in facility list/description; unnamed listing; headline: Chalet Apartment in Val Thorens near Slopes
allchalets-apartment-62217,Apartment 62217,,Les Menuires,,France,,12,6,5,apartment,self-catered,self-catered,none,yes,"swimming pool, indoor pool, log fire, fireplace",,unknown,,6454,whole-chalet,EUR,exact-week,4226,10765,,,yes,,,"Home in a great location, nearly right on the slopes just outside of the centre of popular Val Thorens (approx. 300 m) where you will find various restaurants, bars, discotheques and shops. Recently constructed in chalet style with communal covered ...",https://www.allchalets.com/holiday-rentals/62217-apartment-in-les-menuires-france,allChalets,rescrape-allchalets,5,chalets/images/allchalets-apartment-62217/,2026-10-06,"hot tub not in facility list/description; calendar 20 Mar: €6,454 €7,120 self catered per week Min stay - 7 nights Availability: 12 guests; unnamed listing; headline: Cozy Chalet-Style Flat"
allchalets-apartment-62218,Apartment 62218,,Les Menuires,,France,,14,6,5,apartment,self-catered,self-catered,none,yes,"swimming pool, indoor pool, log fire, fireplace",,unknown,,,whole-chalet,EUR,season-range,4539,6435,,,no,,,"Home in a great location, nearly right on the slopes just outside of the centre of popular Val Thorens (approx. 300 m) where you will find various restaurants, bars, discotheques and shops. Recently constructed in chalet style with communal covered ...",https://www.allchalets.com/holiday-rentals/62218-apartment-in-les-menuires-france,allChalets,rescrape-allchalets,5,chalets/images/allchalets-apartment-62218/,2026-10-06,hot tub not in facility list/description; unnamed listing; headline: Chalet in Val Thorens near Ski Slopes
iceandfire-chalet-flocon,,,,,,,,,,chalet,,,,,,,,,,,,,,,,,,,,,,allChalets,rescrape-allchalets,,,2026-10-06,allChalets: https://www.allchalets.com/holiday-rentals/24365-chalet-in-les-coches-france; available 20 Mar: no
iceandfire-chalet-edelweiss,,,,,,,,,,chalet,,,,,,,,,,,,,,,,,,,,,,allChalets,rescrape-allchalets,,,2026-10-06,allChalets: https://www.allchalets.com/holiday-rentals/24366-chalet-in-les-coches-france; available 20 Mar: yes
lasource-chalet-mathilde,,,,,,,,,,chalet,,,,,,,,,,,,,,,,,,,,,,allChalets,rescrape-allchalets,,,2026-10-06,allChalets: https://www.allchalets.com/holiday-rentals/12657-chalet-in-les-coches-france; range GBP 4900-4900 whole-chalet; available 20 Mar: no
alpine365-chalet-pisteside,,,,,,,,,,chalet,,,,,,,,,,,,,,,,,,,,,,allChalets,rescrape-allchalets,,,2026-10-06,allChalets: https://www.allchalets.com/holiday-rentals/9610-chalet-in-les-coches-france; 20 Mar GBP 729 per-person; range GBP 629-1659 per-person; available 20 Mar: no
alpine365-chalet-chamois,,,,,,,,,,chalet,catered,,,,,,,,,,,,,,,,,,,,,allChalets,rescrape-allchalets,,,2026-10-06,allChalets: https://www.allchalets.com/holiday-rentals/9609-chalet-in-les-coches-france; available 20 Mar: no
allchalets-chalet-jardin-aplin,Chalet Jardin Aplin,,Les Coches,,France,,10,4,4,chalet,catered,,private-outdoor,no,log fire,,yes,,,,,quote-needed,,,,,no,,,"Chalet Jardin Aplin 1 With views of Mont Blanc located right in the centre of Les Coches 50m from the lift, chalet Jardin Alpin 1 is an ideal location for any skier of any ability wanting to come and enjoy ...",https://www.allchalets.com/holiday-rentals/36005-chalet-in-les-coches-france,allChalets,rescrape-allchalets,5,chalets/images/allchalets-chalet-jardin-aplin/,2026-10-06,hot tub in facility list; no rate table on allChalets
allchalets-chalet-jardin-aplin-36006,Chalet Jardin Aplin,,Les Coches,,France,,10,4,4,chalet,catered,,private-outdoor,no,log fire,,yes,,,,,quote-needed,,,,,yes,,,"Chalet Jardin Aplin 2 With views of Mont Blanc located right in the centre of Les Coches 50m from the lift, chalet Jardin Alpin 1 is an ideal location for any skier of any ability wanting to come and enjoy ...",https://www.allchalets.com/holiday-rentals/36006-chalet-in-les-coches-france,allChalets,rescrape-allchalets,5,chalets/images/allchalets-chalet-jardin-aplin-36006/,2026-10-06,hot tub in facility list; calendar 20 Mar: Min stay - 7 nights Availability: 10 guests; no rate table on allChalets
icebreaker-renard,,,,,,,,,,chalet,,,,,,,,,,,,,,,,,,,,,,allChalets,rescrape-allchalets,,,2026-10-06,allChalets: https://www.allchalets.com/holiday-rentals/15699-chalet-in-les-coches-france; available 20 Mar: yes
icebreaker-la-vieille-grange,,,,,,,,,,chalet,,,,,,,,,,,,,,,,,,,,,,allChalets,rescrape-allchalets,,,2026-10-06,allChalets: https://www.allchalets.com/holiday-rentals/15698-chalet-in-les-coches-france; available 20 Mar: no
allchalets-apartment-belle-vue,Apartment Belle Vue,,Les Coches,,France,,6,3,2,chalet,catered,,private (location not stated),no,boot warmer,,yes,,,,,quote-needed,,,,,no,,,"Welcome to Chalet Apartment Belle Vue, your ideal alpine retreat nestled in the heart of the charming Les Coches ski resort. Our prime location on the piste, just opposite the lifts, guarantees a truly ski-in, ski-out experience, making your ski ...",https://www.allchalets.com/holiday-rentals/39783-chalet-in-les-coches-france,allChalets,rescrape-allchalets,5,chalets/images/allchalets-apartment-belle-vue/,2026-10-06,hot tub in facility list; no rate table on allChalets
icebreaker-castor,,,,,,,,,,chalet,,,,,,,,,,,,,,,,,,,,,,allChalets,rescrape-allchalets,,,2026-10-06,allChalets: https://www.allchalets.com/holiday-rentals/15697-chalet-in-les-coches-france; available 20 Mar: no
icebreaker-mont-rose,,,,,,,,,,chalet,,,,,,,,,,,,,,,,,,,,,,allChalets,rescrape-allchalets,,,2026-10-06,allChalets: https://www.allchalets.com/holiday-rentals/35775-chalet-in-les-coches-france; available 20 Mar: no
icebreaker-mont-rose,,,,,,,,,,chalet,,,,,,,,,,,,,,,,,,,,,,allChalets,rescrape-allchalets,,,2026-10-06,allChalets: https://www.allchalets.com/holiday-rentals/26372-chalet-in-les-coches-france; available 20 Mar: no
allchalets-apartment-alouette,,,,,,,,,,apartment,,,,,,,,,,,,,,,,,,,,,,allChalets,rescrape-allchalets,,,2026-10-06,allChalets: https://www.allchalets.com/holiday-rentals/39933-apartment-in-les-coches-france; 20 Mar EUR 3300 whole-chalet; range EUR 2500-4400 whole-chalet; available 20 Mar: no
icebreaker-petit-refuge,,,,,,,,,,apartment,,,,,,,,,,,,,,,,,,,,,,allChalets,rescrape-allchalets,,,2026-10-06,allChalets: https://www.allchalets.com/holiday-rentals/39784-apartment-in-les-coches-france; available 20 Mar: yes
allchalets-le-boulier-la-chamois,,,,,,,,,,apartment,,,,,,,,,,,,,,,,,,,,,,allChalets,rescrape-allchalets,,,2026-10-06,allChalets: https://www.allchalets.com/holiday-rentals/24970-apartment-in-les-coches-france
allchalets-le-boulier-les-arpalles,,,,,,,,,,apartment,,,,,,,,,,,,,,,,,,,,,,allChalets,rescrape-allchalets,,,2026-10-06,allChalets: https://www.allchalets.com/holiday-rentals/24975-apartment-in-les-coches-france
icebreaker-arolles,,,,,,,,,,apartment,,,,,,,,,,,,,,,,,,,,,,allChalets,rescrape-allchalets,,,2026-10-06,allChalets: https://www.allchalets.com/holiday-rentals/40151-apartment-in-les-coches-france; available 20 Mar: yes
allchalets-apartment-ciel,Apartment Ciel,,Les Coches,,France,,7,4,2,apartment,self-catered,self-catered,none,no,"log fire, boot warmer",,yes,,,,,quote-needed,,,,,yes,,,"Welcome to Apartment Ciel Étoilé, your ideal alpine retreat nestled in the heart of the charming Les Coches ski resort. Our prime location on the piste, just opposite the lifts, guarantees a truly ski-in, ski-out experience, making your ski holiday ...",https://www.allchalets.com/holiday-rentals/39785-apartment-in-les-coches-france,allChalets,rescrape-allchalets,5,chalets/images/allchalets-apartment-ciel/,2026-10-06,hot tub not in facility list/description; calendar 20 Mar: Min stay - 7 nights Availability: 7 guests; no rate table on allChalets; description mentions up to 8 people
allchalets-les-coches-v,,,,,,,,,,chalet,,,,,,,,,,,,,,,,,,,,,,allChalets,rescrape-allchalets,,,2026-10-06,allChalets: https://www.allchalets.com/holiday-rentals/27211-chalet-in-les-coches-france; range GBP 9200-12000 whole-chalet; available 20 Mar: no
allchalets-le-boulier-les-askas,,,,,,,,,,apartment,,,,,,,,,,,,,,,,,,,,,,allChalets,rescrape-allchalets,,,2026-10-06,allChalets: https://www.allchalets.com/holiday-rentals/24973-apartment-in-les-coches-france
allchalets-chalet-62096,Chalet 62096,,Montchavin,,France,,26,10,10,chalet,catered,"fully catered service includes: • Welcome drinks • Daily breakfast with hot options • Bean to cup coffee and Yorkshire tea • Afternoon tea and cake to warm up after skiing • 6 hearty three-course evening meals, with 5 nights hosted • Carefully selected quality ...",private (location not stated),yes,"log fire, boot warmer",,yes,Sunday,16400,whole-chalet,GBP,exact-week,15500,18400,,,yes,,,"When booked together, Chalet Snowflake and Chalet Caribou make an exceptional choice for larger groups, comfortably accommodating up to 26 guests across 10 stylish en-suite bedrooms. Situated side by side within Snoweden Residence, both chalets were built in 2017 to ...",https://www.allchalets.com/holiday-rentals/62096-chalet-in-montchavin-france,allChalets,rescrape-allchalets,5,chalets/images/allchalets-chalet-62096/,2026-10-06,"hot tub in facility list; calendar 21 Mar: £16,400 catered per week Min stay - 7 nights Availability: 26 guests; unnamed listing; headline: A fabulous 10 bedroom chalet option with 2 hot tubs and sauna"
clubalpine-chalet-snowflake,,,,,,,,,,chalet,,,,,,,,,,,,,,,,,,,,,,allChalets,rescrape-allchalets,,,2026-10-06,allChalets: https://www.allchalets.com/holiday-rentals/62079-chalet-in-montchavin-france; 20 Mar GBP 8700 whole-chalet; range GBP 8500-9700 whole-chalet; available 20 Mar: yes
allchalets-chalet-edelweiss,Chalet Edelweiss,,Montchavin,,France,,15,6,6,chalet,catered,"fully catered service includes: • Welcome drinks • Daily breakfast with hot options • Bean to cup coffee and Yorkshire tea • Afternoon tea and cake to warm up after skiing • 6 hearty three-course evening meals, with 5 nights hosted • Carefully selected quality ...",private-outdoor,no,"log fire, fireplace, boot warmer",,yes,Saturday,8700,whole-chalet,GBP,exact-week,8000,13000,,,yes,,,"Chalet Edelweiss sits in an elevated position close to the Les Coches gonolda and just off the ski path home. It’s perfect for relaxing after a day on the mountain. Like all our chalets in Montchavin, it holds a 4★ ...",https://www.allchalets.com/holiday-rentals/62078-chalet-in-montchavin-france,allChalets,rescrape-allchalets,5,chalets/images/allchalets-chalet-edelweiss/,2026-10-06,"hot tub in facility list; calendar 20 Mar: £8,700 catered per week Min stay - 7 nights Availability: 15 guests"
clubalpine-chalet-hermine-blanc,,,,,,,,,,chalet,,,,,,,,,,,,,,,,,,,,,,allChalets,rescrape-allchalets,,,2026-10-06,allChalets: https://www.allchalets.com/holiday-rentals/36145-chalet-in-montchavin-france; 20 Mar GBP 15400 whole-chalet; range GBP 14000-26000 whole-chalet; available 20 Mar: yes
clubalpine-chalet-myrtille,,,,,,,,,,chalet,,,,,,,,,,,,,,,,,,,,,,allChalets,rescrape-allchalets,,,2026-10-06,allChalets: https://www.allchalets.com/holiday-rentals/26370-chalet-in-montchavin-france; range GBP 7000-13000 whole-chalet; available 20 Mar: yes
clubalpine-chalet-caribou,,,,,,,,,,chalet,,,,,,,,,,,,,,,,,,,,,,allChalets,rescrape-allchalets,,,2026-10-06,allChalets: https://www.allchalets.com/holiday-rentals/22741-chalet-in-montchavin-france; range GBP 7000-13000 whole-chalet; available 20 Mar: no
clubalpine-chalet-hermine,,,,,,,,,,chalet,,,,,,,,,,,,,,,,,,,,,,allChalets,rescrape-allchalets,,,2026-10-06,allChalets: https://www.allchalets.com/holiday-rentals/22740-chalet-in-montchavin-france; 20 Mar GBP 7700 whole-chalet; range GBP 7000-8700 whole-chalet; available 20 Mar: yes
clubalpine-chalet-lievre-blanc,,,,,,,,,,chalet,,,,,,,,,,,,,,,,,,,,,,allChalets,rescrape-allchalets,,,2026-10-06,allChalets: https://www.allchalets.com/holiday-rentals/22078-chalet-in-montchavin-france; 20 Mar GBP 7700 whole-chalet; range GBP 7000-13000 whole-chalet; available 20 Mar: yes
allchalets-chalet-jaune,,,,,,,,,,chalet,,,,,,,,,,,,,,,,,,,,,,allChalets,rescrape-allchalets,,,2026-10-06,allChalets: https://www.allchalets.com/holiday-rentals/23649-chalet-in-montchavin-france; available 20 Mar: yes
lasource-chalet-versoye,,,,,,,,,,chalet,,,,,,,,,,,,,,,,,,,,,,allChalets,rescrape-allchalets,,,2026-10-06,allChalets: https://www.allchalets.com/holiday-rentals/27963-chalet-in-montchavin-france; range GBP 2900-8499 whole-chalet; available 20 Mar: no
alpine365-chalet-bluebird,,,,,,,,,,chalet,,,,,,,,,,,,,,,,,,,,,,allChalets,rescrape-allchalets,,,2026-10-06,allChalets: https://www.allchalets.com/holiday-rentals/27964-chalet-in-montchavin-france; 20 Mar GBP 749 per-person; range GBP 599-1629 per-person; available 20 Mar: no
alpine365-chalet-chocolat,,,,,,,,,,chalet,,,,,,,,,,,,,,,,,,,,,,allChalets,rescrape-allchalets,,,2026-10-06,allChalets: https://www.allchalets.com/holiday-rentals/15954-chalet-in-montchavin-france
alpine365-chalet-grizzli,,,,,,,,,,chalet,,,,,,,,,,,,,,,,,,,,,,allChalets,rescrape-allchalets,,,2026-10-06,allChalets: https://www.allchalets.com/holiday-rentals/16300-chalet-in-montchavin-france; 20 Mar GBP 649 per-person; range GBP 599-1629 per-person; available 20 Mar: no
alpine365-chalet-husky,,,,,,,,,,chalet,,,,,,,,,,,,,,,,,,,,,,allChalets,rescrape-allchalets,,,2026-10-06,allChalets: https://www.allchalets.com/holiday-rentals/19075-chalet-in-montchavin-france; 20 Mar GBP 729 per-person; range GBP 629-1659 per-person; available 20 Mar: no
allchalets-chalet-de-la-vanoise,,,,,,,,,,chalet,,,,,,,,,,,,,,,,,,,,,,allChalets,rescrape-allchalets,,,2026-10-06,allChalets: https://www.allchalets.com/holiday-rentals/17062-chalet-in-montchavin-france
lollilavie-chalet-tsanteleina,,,,,,,,,,chalet,,,,,,,,,,,,,,,,,,,,,,allChalets,rescrape-allchalets,,,2026-10-06,allChalets: https://www.allchalets.com/holiday-rentals/38879-chalet-in-montchavin-france; 20 Mar EUR 4000 whole-chalet; range EUR 2500-5300 whole-chalet; available 20 Mar: yes
lollilavie-chalet-santel,,,,,,,,,,chalet,,,,,,,,,,,,,,,,,,,,,,allChalets,rescrape-allchalets,,,2026-10-06,allChalets: https://www.allchalets.com/holiday-rentals/35871-chalet-in-montchavin-france; 20 Mar EUR 3300 whole-chalet; range EUR 2500-4500 whole-chalet; available 20 Mar: yes
laportette-chalet-la-portette,,,,,,,,,,chalet,,,,,,,,,,,,,,,,,,,,,,allChalets,rescrape-allchalets,,,2026-10-06,allChalets: https://www.allchalets.com/holiday-rentals/2131-chalet-in-montchavin-france; 20 Mar EUR 790 per-person; range EUR 650-1050 per-person
chardons-chalet-indah,,,,,,,,,6,chalet,,,,,,,,,,,,,,,,,,,,,,allChalets,rescrape-allchalets,,,2026-10-06,allChalets: https://www.allchalets.com/holiday-rentals/29001-chalet-in-tignes-les-brevieres-france; 20 Mar EUR 14260 whole-chalet; range EUR 8400-27300 whole-chalet; available 20 Mar: yes
allchalets-apartment-27276,Apartment 27276,,Tignes Les Brevieres,,France,,8,4,2,apartment,catered,,none,no,boot warmer,,unknown,Saturday/Sunday,5600,whole-chalet,EUR,exact-week,3600,8800,,,yes,,,"Chalet Hattiers Apartment 1 is an airy apartment on the top floor of homely Chalet Hattiers, ideal for smaller groups seeking sole occupancy at great value prices. It is perfectly located in the heart of Tignes les Brévières, just a ...",https://www.allchalets.com/holiday-rentals/27276-apartment-in-tignes-les-brevieres-france,allChalets,rescrape-allchalets,5,chalets/images/allchalets-apartment-27276/,2026-10-06,"hot tub not in facility list/description; calendar 20 Mar: €5,600 catered per week Min stay - 7 nights Availability: 8 guests; unnamed listing; headline: Catered Chalet style apartment with views of the valley; description mentions up to 14 people"
allchalets-chalet-coeur,Chalet Coeur,,Tignes Les Brevieres,,France,,40,15,15,chalet-hotel,chalet-hotel,,yes-type-unknown,yes,"log fire, fireplace",,unknown,Saturday/Sunday,849,per-person,EUR,exact-week,630,1499,,,no,,,"Chalet Coeur des Brevières is a comfortable chalet-hotel of 40 people with friendly common areas, perfectly located in the heart of Tignes les Brévières. Accommodation is nestled among the village’s restaurants, bars and shops, just 200 metres from the lifts. ...",https://www.allchalets.com/holiday-rentals/22116-chalet-in-tignes-les-brevieres-france,allChalets,rescrape-allchalets,5,chalets/images/allchalets-chalet-coeur/,2026-10-06,hot tub in facility list; calendar 20 Mar: €849 per person catered per week Min stay - 7 nights Availability: 36 guests; rate listed for 20 Mar week but calendar shows booked
allchalets-chalet-19176,Chalet 19176,,Tignes Les Brevieres,,France,,35,14,16,chalet,catered,,private-outdoor,yes,"log fire, fireplace, boot warmer, gym",,unknown,Saturday/Sunday,26950,whole-chalet,EUR,exact-week,16500,49000,,,no,,,"- Chalet sleeps 35 people over 14 bedrooms, all of which are fully en-suite with a WC, sink and shower, several with separate baths. - Balconies off most rooms, with outstanding mountain views and views of the Brevieres lake. - ...",https://www.allchalets.com/holiday-rentals/19176-chalet-in-tignes-les-brevieres-france,allChalets,rescrape-allchalets,5,chalets/images/allchalets-chalet-19176/,2026-10-06,"hot tub in facility list; rate listed for 20 Mar week but calendar shows booked; unnamed listing; headline: 14 Bedroom Chalet with jacuzzi / hot tub, sauna, and log fire"
allchalets-chalet-18318,Chalet 18318,,Tignes Les Brevieres,,France,,21,9,9,chalet,catered,,private-outdoor,yes,"log fire, boot warmer, games room, pool table",,unknown,Saturday/Sunday,18200,whole-chalet,EUR,exact-week,10500,35910,,,no,,,"- 21- person chalet with 9 ensuite bedrooms - Balconies off most rooms, with outstanding mountain views - Sauna, hot tub and games room facilities (inc table football and pool table and games console) - Breakfast every day with hot ...",https://www.allchalets.com/holiday-rentals/18318-chalet-in-tignes-les-brevieres-france,allChalets,rescrape-allchalets,5,chalets/images/allchalets-chalet-18318/,2026-10-06,"hot tub in facility list; rate listed for 20 Mar week but calendar shows booked; unnamed listing; headline: 21-person premium chalet with sauna, hot tub and balconies on most rooms"
allchalets-chalet-hattiers,Chalet Hattiers,,Tignes Les Brevieres,,France,,6,3,2,apartment,catered,,none,no,,,unknown,Saturday/Sunday,4200,whole-chalet,EUR,exact-week,2700,6000,,,yes,,,"Hattiers Apartment 2 is an airy apartment on the top floor of the homely Chalet Hattiers. The apartment is perfectly located in the heart of Tignes les Brévières, just a two-minute walk from the main lift station, piste, and village ...",https://www.allchalets.com/holiday-rentals/2742-apartment-in-tignes-les-brevieres-france,allChalets,rescrape-allchalets,5,chalets/images/allchalets-chalet-hattiers/,2026-10-06,"hot tub not in facility list/description; calendar 20 Mar: €4,200 catered per week Min stay - 7 nights Availability: 4 guests; description mentions up to 8 people"
allchalets-chalet-belevedere,Chalet Belevedere,,Tignes Les Brevieres,,France,,13,6,6,chalet,catered,,none,no,"log fire, open fire",,unknown,Saturday/Sunday,9240,whole-chalet,EUR,exact-week,5400,18000,,,no,,,Chalet Belevedere is a modern and stylish ski chalet in Tignes Les Brevieres with excellent and comfortable en-suite accommodation. The chalet is situated in the 'Hauts des Brevieres' and is a short walk to both the village centre and the ...,https://www.allchalets.com/holiday-rentals/2736-chalet-in-tignes-les-brevieres-france,allChalets,rescrape-allchalets,5,chalets/images/allchalets-chalet-belevedere/,2026-10-06,hot tub not in facility list/description; rate listed for 20 Mar week but calendar shows booked
chardons-chalet-boubou-plus,,,,,,,,,7,chalet,,,,,,,,,,,,,,,,,,,,,,allChalets,rescrape-allchalets,,,2026-10-06,allChalets: https://www.allchalets.com/holiday-rentals/2734-chalet-in-tignes-les-brevieres-france; 20 Mar EUR 14000 whole-chalet; range EUR 9000-26600 whole-chalet; available 20 Mar: no
chardons-chalet-isabella,,,,,,,,,7,chalet,,,,,,,,,,,,,,,,,,,,,,allChalets,rescrape-allchalets,,,2026-10-06,allChalets: https://www.allchalets.com/holiday-rentals/2725-chalet-in-tignes-les-brevieres-france; 20 Mar EUR 16000 whole-chalet; range EUR 9600-30400 whole-chalet; available 20 Mar: no
chardons-chalet-sophia,,,,,,,,,,chalet,,,,,,,,,,,,,,,,,,,,,,allChalets,rescrape-allchalets,,,2026-10-06,allChalets: https://www.allchalets.com/holiday-rentals/2724-chalet-in-tignes-les-brevieres-france; range EUR 8800-23500 whole-chalet; available 20 Mar: no
skiworld-chalet-sachette,,,,,,,,,,chalet,,,,,,,,,,,,,,,,,,,,,,allChalets,rescrape-allchalets,,,2026-10-06,allChalets: https://www.allchalets.com/holiday-rentals/60071-chalet-in-tignes-les-brevieres-france; 20 Mar GBP 1529 per-person; range GBP 949-2299 per-person; available 20 Mar: yes
allchalets-chalet-refuge,,,,,,,,,,apartment,,,,,,,,,,,,,,,,,,,,,,allChalets,rescrape-allchalets,,,2026-10-06,allChalets: https://www.allchalets.com/holiday-rentals/28021-apartment-in-tignes-les-brevieres-france; 20 Mar EUR 15500 whole-chalet; range EUR 12000-21000 whole-chalet; available 20 Mar: yes
whitehorizon-chalet-neus,,,,,,,,,,chalet,,,,,,,,,,,,,,,,,,,,,,allChalets,rescrape-allchalets,,,2026-10-06,allChalets: https://www.allchalets.com/holiday-rentals/63131-chalet-in-tignes-les-brevieres-france; 20 Mar GBP 6525 whole-chalet; range GBP 5175-7425 whole-chalet; available 20 Mar: yes
allchalets-chalet-sundance,,,,,,,,,,chalet,,,,,,,,,,,,,,,,,,,,,,allChalets,rescrape-allchalets,,,2026-10-06,allChalets: https://www.allchalets.com/holiday-rentals/24054-chalet-in-tignes-les-brevieres-france
allchalets-chalet-st-bernard,,,,,,,,,,chalet,,,,,,,,,,,,,,,,,,,,,,allChalets,rescrape-allchalets,,,2026-10-06,allChalets: https://www.allchalets.com/holiday-rentals/41992-chalet-in-tignes-les-brevieres-france
allchalets-chalet-11148,Chalet 11148,,Tignes Les Brevieres,,France,,10,4,3,chalet,self-catered,self-catered,none,yes,,,yes,,,,,quote-needed,,,,,unknown,,,"Our passion for the Mountains and our taste for the restoration of the old stones, roofing stones, parquet floors, apparent stones, chimney… allows us to propose this Country cottage to you. Available to rent in TIGNES Brévières this is a ...",https://www.allchalets.com/holiday-rentals/11148-chalet-in-tignes-les-brevieres-france,allChalets,rescrape-allchalets,5,chalets/images/allchalets-chalet-11148/,2026-10-06,hot tub not in facility list/description; calendar shows no bookings all season (probably unmaintained); calendar 20 Mar: Min stay - 1 night Availability: 10 guests; no rate table on allChalets; unnamed listing; headline: CHALET LO SOLI TIGNES View of the Mountain
whitehorizon-chalet-le-vallon,,,,,,,,,,chalet,,,,,"log fire, boot warmer",,,,,,,,,,,,,,,,,allChalets,rescrape-allchalets,,,2026-10-06,allChalets: https://www.allchalets.com/holiday-rentals/24108-chalet-in-tignes-les-brevieres-france
whitehorizon-chalet-alistelle,,,,,,,,,,chalet,,,,,,,,,,,,,,,,,,,,,,allChalets,rescrape-allchalets,,,2026-10-06,allChalets: https://www.allchalets.com/holiday-rentals/2459-chalet-in-tignes-les-brevieres-france
allchalets-chalet-eagle,,,,,,,,,,apartment,,,,,,,,,,,,,,,,,,,,,,allChalets,rescrape-allchalets,,,2026-10-06,allChalets: https://www.allchalets.com/holiday-rentals/40318-apartment-in-tignes-les-brevieres-france
allchalets-chalet-aspen,,,,,,,,,,chalet,,,,,,,,,,,,,,,,,,,,,,allChalets,rescrape-allchalets,,,2026-10-06,allChalets: https://www.allchalets.com/holiday-rentals/28817-chalet-in-tignes-les-brevieres-france
allchalets-chalet-les-brevieres-vi,,,,,,,,,,chalet,,,,,,,,,,,,,,,,,,,,,,allChalets,rescrape-allchalets,,,2026-10-06,allChalets: https://www.allchalets.com/holiday-rentals/62849-chalet-in-tignes-les-brevieres-france
whitehorizon-chalet-le-loup,,,,,,,,,,chalet,,self-catered,,,,,,,,,,,,,,,,,,,,allChalets,rescrape-allchalets,,,2026-10-06,allChalets: https://www.allchalets.com/holiday-rentals/24111-chalet-in-tignes-les-brevieres-france
allchalets-chalet-les-brevieres,,,,,,,,,,chalet,,,,,,,,,,,,,,,,,,,,,,allChalets,rescrape-allchalets,,,2026-10-06,allChalets: https://www.allchalets.com/holiday-rentals/39318-chalet-in-tignes-les-brevieres-france
allchalets-chalet-tignes-v,,,,,,,,,,chalet,,,,,,,,,,,,,,,,,,,,,,allChalets,rescrape-allchalets,,,2026-10-06,allChalets: https://www.allchalets.com/holiday-rentals/41917-chalet-in-tignes-les-brevieres-france
whitehorizon-chalet-arabette,,,,,,,,,,chalet,,,,,,,,,,,,,,,,,,,,,,allChalets,rescrape-allchalets,,,2026-10-06,allChalets: https://www.allchalets.com/holiday-rentals/24106-chalet-in-tignes-les-brevieres-france
allchalets-chalet-belvedere-vi,,,,,,,,,,chalet,,,,,,,,,,,,,,,,,,,,,,allChalets,rescrape-allchalets,,,2026-10-06,allChalets: https://www.allchalets.com/holiday-rentals/25745-chalet-in-tignes-les-brevieres-france
allchalets-le-chalet-des-boisses,,,,,,,,,,chalet,,self-catered,,,,,,,,,,,,,,,,,,,,allChalets,rescrape-allchalets,,,2026-10-06,allChalets: https://www.allchalets.com/holiday-rentals/28065-chalet-in-tignes-les-boisses-france
allchalets-chalet-des-neiges-v,,,,,,,,,,apartment,,,,,,,,,,,,,,,,,,,,,,allChalets,rescrape-allchalets,,,2026-10-06,allChalets: https://www.allchalets.com/holiday-rentals/23957-apartment-in-tignes-les-boisses-france
allchalets-chalet-des-neiges-iv,,,,,,,,,,,,self-catered,,,,,,,,,,,,,,,,,,,,allChalets,rescrape-allchalets,,,2026-10-06,allChalets: https://www.allchalets.com/holiday-rentals/28972-apartment-in-tignes-les-boisses-france
allchalets-chalet-hotel-le-dome,,,,,,,,,,hotel,,,,,,,,,,,,,,,,,,,,,,allChalets,rescrape-allchalets,,,2026-10-06,allChalets: https://www.allchalets.com/holiday-rentals/23634-hotel-in-tignes-les-boisses-france
allchalets-chalet-des-neiges-iii,,,,,,,,,,,,self-catered,,,,,,,,,,,,,,,,,,,,allChalets,rescrape-allchalets,,,2026-10-06,allChalets: https://www.allchalets.com/holiday-rentals/28965-apartment-in-tignes-les-boisses-france
allchalets-apartment-40292,Apartment 40292,,Alpe d'Huez,,France,,4,1,1,apartment,self-catered,self-catered,none,yes,"steam room, swimming pool, indoor pool, gym",,yes,Saturday,,whole-chalet,EUR,season-range,1029,4869,,,no,,,A stylish 1 bedroom apartment located at 1850m in the heart of Alpe d'Huez. Right beside the ski lift with excellent on site facilities. 1 bedroom apartment for 4 people (approx 31 m2) - Living room with pull-out sofa bed ...,https://www.allchalets.com/holiday-rentals/40292-apartment-in-alpe-d-huez-france,allChalets,rescrape-allchalets,5,chalets/images/allchalets-apartment-40292/,2026-10-06,hot tub not in facility list/description; unnamed listing; headline: Apartment right beside the ski lift and close to the resort centre; description mentions up to 10 people
allchalets-chalet-nuance,,,,,,,,,,,,,,,,,,,,,,,,,,,,,,,,allChalets,rescrape-allchalets,,,2026-10-06,allChalets: https://www.allchalets.com/holiday-rentals/16801-chalet-in-alpe-d-huez-france; available 20 Mar: no
allchalets-apartment-47025,Apartment 47025,,Alpe d'Huez,,France,,6,2,1,apartment,self-catered,self-catered,none,yes,"steam room, swimming pool, indoor pool, boot dryer, gym",,yes,Saturday,,whole-chalet,EUR,season-range,1769,6559,,,no,,,"Modern apartment over looking the mountains and ski runs. Open plan living area with access to a balcony . Located in the Les Bergers area of Alpe d'Heuz, and set in a new ski-in ski-out residence the apartment has access ...",https://www.allchalets.com/holiday-rentals/47025-apartment-in-alpe-d-huez-france,allChalets,rescrape-allchalets,5,chalets/images/allchalets-apartment-47025/,2026-10-06,"hot tub not in facility list/description; unnamed listing; headline: 2 bedroom apartment overlooking the slopes - ski-in ski-out, pool and sauna"
allchalets-apartment-47037,,,,,,,,,,,,,,,,,,,,,,,,,,,,,,,,allChalets,rescrape-allchalets,,,2026-10-06,allChalets: https://www.allchalets.com/holiday-rentals/47037-apartment-in-alpe-d-huez-france; range EUR 2769-8549 whole-chalet; available 20 Mar: no
allchalets-apartment-40293,Apartment 40293,,Alpe d'Huez,,France,,6,2,2,apartment,self-catered,self-catered,none,yes,"steam room, swimming pool, indoor pool, gym",,yes,Saturday,,whole-chalet,EUR,season-range,1179,5839,,,no,,,A stylish 2 bedroom apartment located at 1850m in the heart of Alpe d'Huez. Right beside the ski lift with excellent on site facilities. 2 bedroom apartment for 6 people (approx. 45m2) - Living room with pull-out sofa bed (sleeping ...,https://www.allchalets.com/holiday-rentals/40293-apartment-in-alpe-d-huez-france,allChalets,rescrape-allchalets,5,chalets/images/allchalets-apartment-40293/,2026-10-06,hot tub not in facility list/description; unnamed listing; headline: 2 bedroom apartment beside the Alpe Express ski lift; description mentions up to 10 people
allchalets-apartment-47029,Apartment 47029,,Alpe d'Huez,,France,,6,2,1,apartment,self-catered,self-catered,none,yes,"steam room, swimming pool, indoor pool, boot dryer, gym",,yes,Saturday,,whole-chalet,EUR,season-range,1959,7289,,,no,,,Modern apartment with a large open plan living area with access to a balcony over looking the mountains and ski runs. With 2 bedrooms and a sleeping alcove the apartment can comfortably sleep 6 people. Located in the Les Bergers ...,https://www.allchalets.com/holiday-rentals/47029-apartment-in-alpe-d-huez-france,allChalets,rescrape-allchalets,5,chalets/images/allchalets-apartment-47029/,2026-10-06,hot tub not in facility list/description; unnamed listing; headline: Stylish ski-in ski-out apartment in Alpe d'Huez
allchalets-apartment-47028,Apartment 47028,,Alpe d'Huez,,France,,4,1,1,apartment,self-catered,self-catered,none,yes,"steam room, swimming pool, indoor pool, boot dryer, gym",,yes,Sunday,,whole-chalet,EUR,season-range,1300,4600,,,no,,,Modern apartment with a large open plan living area with access to a balcony over looking the mountains and ski runs. With 1 bedrooms and a sleeping alcove the apartment can comfortably sleep 4 people. Located in the Les Bergers ...,https://www.allchalets.com/holiday-rentals/47028-apartment-in-alpe-d-huez-france,allChalets,rescrape-allchalets,5,chalets/images/allchalets-apartment-47028/,2026-10-06,hot tub not in facility list/description; unnamed listing; headline: Modern ski-in ski-out apartment in Alpe d'Huez
allchalets-chalet-alpenvue,,,,,,,,,,,self-catered,self-catered,,,,,,,,,,,,,,,,,,,,allChalets,rescrape-allchalets,,,2026-10-06,allChalets: https://www.allchalets.com/holiday-rentals/7772-chalet-in-alpe-d-huez-france; available 20 Mar: no
allchalets-apartment-44841,,,,,,,,,,,,,,,,,,,,,,,,,,,,,,,,allChalets,rescrape-allchalets,,,2026-10-06,allChalets: https://www.allchalets.com/holiday-rentals/44841-apartment-in-alpe-d-huez-france; range EUR 3059-10679 whole-chalet; available 20 Mar: no
allchalets-chalet-ours,,,,,,,,,,,,,,,,,,,,,,,,,,,,,,,,allChalets,rescrape-allchalets,,,2026-10-06,allChalets: https://www.allchalets.com/holiday-rentals/63255-apartment-in-alpe-d-huez-france
allchalets-apartment-39736,,,,,,,,,,,,,,,,,,,,,,,,,,,,,,,,allChalets,rescrape-allchalets,,,2026-10-06,allChalets: https://www.allchalets.com/holiday-rentals/39736-apartment-in-alpe-d-huez-france; range EUR 2769-9189 whole-chalet; available 20 Mar: no
allchalets-apartment-40296,Apartment 40296,,Alpe d'Huez,,France,,6,1,1,apartment,self-catered,self-catered,none,yes,"steam room, swimming pool, indoor pool, gym",,yes,Saturday,,whole-chalet,EUR,season-range,1129,5289,,,no,,,A stylish 1 bedroom apartment with sleeping alcove located at 1850m in the heart of Alpe d'Huez. Right beside the ski lift with excellent on site facilities. 1 bedroom apartment with sleeping alcove for 6 people (approx. 39m2) - Living ...,https://www.allchalets.com/holiday-rentals/40296-apartment-in-alpe-d-huez-france,allChalets,rescrape-allchalets,5,chalets/images/allchalets-apartment-40296/,2026-10-06,"hot tub not in facility list/description; unnamed listing; headline: Apartment in luxury residence with indoor pool and spa, beside the ski lift; description mentions up to 10 people"
allchalets-apartment-40294,,,,,,,,,,,,,,,,,,,,,,,,,,,,,,,,allChalets,rescrape-allchalets,,,2026-10-06,allChalets: https://www.allchalets.com/holiday-rentals/40294-apartment-in-alpe-d-huez-france; range EUR 1729-8289 whole-chalet; available 20 Mar: no
allchalets-apartment-40297,,,,,,,,,,,,,,,,,,,,,,,,,,,,,,,,allChalets,rescrape-allchalets,,,2026-10-06,allChalets: https://www.allchalets.com/holiday-rentals/40297-apartment-in-alpe-d-huez-france; range EUR 1569-6989 whole-chalet; available 20 Mar: no
sno-chalet-woodpecker,,,,,,,,,,,,,,,,,,,,,,,,,,,,,,,,allChalets,rescrape-allchalets,,,2026-10-06,allChalets: https://www.allchalets.com/holiday-rentals/33979-chalet-in-alpe-d-huez-france; range GBP 1466-1566 per-person; available 20 Mar: no
allchalets-chalet-pere-josef,,,,,,,,,,,,,,,,,,,,,,,,,,,,,,,,allChalets,rescrape-allchalets,,,2026-10-06,allChalets: https://www.allchalets.com/holiday-rentals/47020-chalet-in-alpe-d-huez-france; range GBP 1399-2219 per-person; available 20 Mar: no
allchalets-chalet-40288,,,,,,,,,,,,,,,,,,,,,,,,,,,,,,,,allChalets,rescrape-allchalets,,,2026-10-06,allChalets: https://www.allchalets.com/holiday-rentals/40288-chalet-in-alpe-d-huez-france; range GBP 1279-2369 per-person; available 20 Mar: no
sno-chalet-leman,,,,,,,,,,,,,,,,,,,,,,,,,,,,,,,,allChalets,rescrape-allchalets,,,2026-10-06,allChalets: https://www.allchalets.com/holiday-rentals/47002-apartment-in-alpe-d-huez-france; range EUR 1379-2455 per-person; available 20 Mar: no
sno-chalet-gaube,,,,,,,,,,,,,,,,,,,,,,,,,,,,,,,,allChalets,rescrape-allchalets,,,2026-10-06,allChalets: https://www.allchalets.com/holiday-rentals/47022-apartment-in-alpe-d-huez-france; range GBP 1529-1639 per-person; available 20 Mar: no
sno-chalet-salagou,,,,,,,,,,,,,,,,,,,,,,,,,,,,,,,,allChalets,rescrape-allchalets,,,2026-10-06,allChalets: https://www.allchalets.com/holiday-rentals/47021-apartment-in-alpe-d-huez-france; range EUR 1389-2399 per-person; available 20 Mar: no
sno-chalet-annecy,,,,,,,,,,,,,,,,,,,,,,,,,,,,,,,,allChalets,rescrape-allchalets,,,2026-10-06,allChalets: https://www.allchalets.com/holiday-rentals/47001-chalet-in-alpe-d-huez-france; range GBP 1344-2399 per-person; available 20 Mar: no
allchalets-chalet-40287,,,,,,,,,,,,,,,,,,,,,,,,,,,,,,,,allChalets,rescrape-allchalets,,,2026-10-06,allChalets: https://www.allchalets.com/holiday-rentals/40287-chalet-in-alpe-d-huez-france; range GBP 1329-2399 per-person; available 20 Mar: no
alpedhuez-ot-chalet-lalpedu,,,,,,,,,,,,,,,,,,,,,,,,,,,,,,,,allChalets,rescrape-allchalets,5,chalets/images/alpedhuez-ot-chalet-lalpedu/,2026-10-06,allChalets: https://www.allchalets.com/holiday-rentals/17205-chalet-in-alpe-d-huez-france; 20 Mar EUR 7099 whole-chalet; range EUR 1399-7099 whole-chalet; available 20 Mar: no
sno-chalet-la-breche,,,,,,,,,,,,,,,,,,,,,,,,,,,,,,,,allChalets,rescrape-allchalets,,,2026-10-06,allChalets: https://www.allchalets.com/holiday-rentals/36118-chalet-in-alpe-d-huez-france; 20 Mar GBP 1549 per-person; range GBP 1249-2338 per-person; available 20 Mar: yes
allchalets-apartment-39885,,,,,,,,,,,,,,,,,,,,,,,,,,,,,,,,allChalets,rescrape-allchalets,,,2026-10-06,allChalets: https://www.allchalets.com/holiday-rentals/39885-apartment-in-alpe-d-huez-france; range EUR 2849-10629 whole-chalet; available 20 Mar: no
allchalets-apartment-47024,,,,,,,,,,,,,,,,,,,,,,,,,,,,,,,,allChalets,rescrape-allchalets,,,2026-10-06,allChalets: https://www.allchalets.com/holiday-rentals/47024-apartment-in-alpe-d-huez-france; range EUR 3369-9189 whole-chalet; available 20 Mar: no
allchalets-chalet-le-vieux-logis,,,,,,,,,,,,,,,,,,,,,,,,,,,,,,,,allChalets,rescrape-allchalets,,,2026-10-06,allChalets: https://www.allchalets.com/holiday-rentals/40443-chalet-in-alpe-d-huez-france; range EUR 6200-17600 whole-chalet; available 20 Mar: no
allchalets-apartment-39884,,,,,,,,,,,,,,,,,,,,,,,,,,,,,,,,allChalets,rescrape-allchalets,,,2026-10-06,allChalets: https://www.allchalets.com/holiday-rentals/39884-apartment-in-alpe-d-huez-france; range EUR 2769-9889 whole-chalet; available 20 Mar: no
allchalets-apartment-40298,,,,,,,,,,,,,,,,,,,,,,,,,,,,,,,,allChalets,rescrape-allchalets,,,2026-10-06,allChalets: https://www.allchalets.com/holiday-rentals/40298-apartment-in-alpe-d-huez-france; range EUR 1819-4619 whole-chalet; available 20 Mar: no
allchalets-chalet-meluzine,,,,,,,,,,,,,,,,,,,,,,,,,,,,,,,,allChalets,rescrape-allchalets,,,2026-10-06,allChalets: https://www.allchalets.com/holiday-rentals/63015-chalet-in-alpe-d-huez-france; range EUR 714-1785 per-person; available 20 Mar: no
allchalets-apartment-39844,Apartment 39844,,Alpe d'Huez,,France,,4,2,2,apartment,self-catered,self-catered,none,no,,,unknown,Saturday,,whole-chalet,EUR,season-range,1900,3700,,,no,,,"The Quartz residence, located in the heart of the historic Vieil Alpe district of Alpe d'Huez, offers an exceptional setting for winter sports enthusiasts. Ideally located, it allows ski-in ski-out access directly to the residence, and is directly opposite the ...",https://www.allchalets.com/holiday-rentals/39844-apartment-in-alpe-d-huez-france,allChalets,rescrape-allchalets,5,chalets/images/allchalets-apartment-39844/,2026-10-06,hot tub not in facility list/description; unnamed listing; headline: 
allchalets-apartment-details-55934,Apartment Details,,Alpe d'Huez,,France,,6,2,2,apartment,self-catered,self-catered,none,yes,"steam room, gym",,unknown,Saturday,,whole-chalet,EUR,season-range,2900,6000,,,no,,,"In a prestigious residence nestled in the heart of the resort, enjoy a chic and contemporary apartment for your mountain getaway with family or friends. Apartment Details: Sleeps 4 adults and 2 children Catering: Self catered Located on floor 3 ...",https://www.allchalets.com/holiday-rentals/55934-apartment-in-alpe-d-huez-france,allChalets,rescrape-allchalets,5,chalets/images/allchalets-apartment-details-55934/,2026-10-06,hot tub not in facility list/description
sno-chalet-la-chapelle,,,,,,,,,,,,,,,,,,,,,,,,,,,,,,,,allChalets,rescrape-allchalets,,,2026-10-06,allChalets: https://www.allchalets.com/holiday-rentals/38752-chalet-in-alpe-d-huez-france; 20 Mar GBP 20999 whole-chalet; range GBP 11624-29621 whole-chalet; available 20 Mar: no
allchalets-apartment-38765,Apartment 38765,,Alpe d'Huez,,France,,4,1,1,apartment,self-catered,self-catered,none,no,,,unknown,Saturday,,whole-chalet,EUR,season-range,1100,1500,,,no,,,"The apartment is located in the popular Les Jeux district, right in the center of the resort. Avenue des Jeux is just 50m from the apartment, offering all the shops, restaurants and leisure facilities the resort has to offer. Access ...",https://www.allchalets.com/holiday-rentals/38765-apartment-in-alpe-d-huez-france,allChalets,rescrape-allchalets,5,chalets/images/allchalets-apartment-38765/,2026-10-06,hot tub not in facility list/description; unnamed listing; headline: 
allchalets-apartment-39489,Apartment 39489,,Alpe d'Huez,,France,,4,1,1,apartment,self-catered,self-catered,none,no,,,unknown,Saturday,,whole-chalet,EUR,season-range,1500,2900,,,no,,,"Located in the heart of Vieil Alpe, just 400 m from the resort center, discover the exceptional Fermes de l'Alpe residence and this beautiful 43 sq.m apartment for 2 adults and 2 children. Close to the ski slopes and all ...",https://www.allchalets.com/holiday-rentals/39489-apartment-in-alpe-d-huez-france,allChalets,rescrape-allchalets,5,chalets/images/allchalets-apartment-39489/,2026-10-06,hot tub not in facility list/description; unnamed listing; headline: 
allchalets-apartment-42039,Apartment 42039,,Alpe d'Huez,,France,,6,2,2,apartment,self-catered,self-catered,none,no,,,unknown,Saturday,,whole-chalet,EUR,season-range,2300,5000,,,no,,,"The ""Les 2 Anges"" apartment is located in the heart of the Alpe d'Huez resort. Offering a modern and welcoming atmosphere, the apartment is just a few steps from the ski slopes and shops, providing an ideal location to fully ...",https://www.allchalets.com/holiday-rentals/42039-apartment-in-alpe-d-huez-france,allChalets,rescrape-allchalets,5,chalets/images/allchalets-apartment-42039/,2026-10-06,hot tub not in facility list/description; unnamed listing; headline: 
allchalets-apartment-44604,Apartment 44604,,Alpe d'Huez,,France,,6,3,2,apartment,self-catered,self-catered,none,no,,,unknown,Saturday,,whole-chalet,EUR,season-range,2500,5500,,,no,,,"In the heart of Alpe d’Huez, apartment B02 in the prestigious Expression residence embodies contemporary alpine elegance. This 70 sq.m ground-floor three-bedroom apartment offers a bright and refined setting for up to six guests, including a master suite. Its warm ...",https://www.allchalets.com/holiday-rentals/44604-apartment-in-alpe-d-huez-france,allChalets,rescrape-allchalets,5,chalets/images/allchalets-apartment-44604/,2026-10-06,hot tub not in facility list/description; unnamed listing; headline: 
allchalets-apartment-details-55212,Apartment Details,,Alpe d'Huez,,France,,6,2,2,apartment,self-catered,self-catered,none,yes,"steam room, gym",,unknown,Saturday,,whole-chalet,EUR,season-range,2800,6000,,,no,,,"In a prestigious residence nestled in the heart of the resort, enjoy with family or friends an apartment with a resolutely chic and contemporary style for your stay in the mountains! Apartment Details: Sleeps 4 adults and 2 children Catering: ...",https://www.allchalets.com/holiday-rentals/55212-apartment-in-alpe-d-huez-france,allChalets,rescrape-allchalets,5,chalets/images/allchalets-apartment-details-55212/,2026-10-06,hot tub not in facility list/description
allchalets-apartment-40514,Apartment 40514,,Alpe d'Huez,,France,,6,2,1,apartment,self-catered,self-catered,none,no,,,unknown,Saturday,,whole-chalet,EUR,season-range,1250,2600,,,no,,,"Located in the heart of Vieil Alpe, just 400m from the resort center, discover the exceptional Fermes de l'Alpe residence and this beautiful 66sqm apartment that can accommodate 6 adults and 2 children. Benefit from a privileged location close to ...",https://www.allchalets.com/holiday-rentals/40514-apartment-in-alpe-d-huez-france,allChalets,rescrape-allchalets,5,chalets/images/allchalets-apartment-40514/,2026-10-06,hot tub not in facility list/description; unnamed listing; headline: 
allchalets-apartment-49368,,,,,,,,,,,,,,,,,,,,,,,,,,,,,,,,allChalets,rescrape-allchalets,,,2026-10-06,allChalets: https://www.allchalets.com/holiday-rentals/49368-apartment-in-alpe-d-huez-france; range EUR 2600-4600 whole-chalet; available 20 Mar: no
allchalets-apartment-39328,Apartment 39328,,Alpe d'Huez,,France,,6,2,2,apartment,self-catered,self-catered,none,no,,,unknown,Saturday,,whole-chalet,EUR,season-range,1900,3900,,,no,,,"In the new Fermes de l'Alpe residence, discover apartment C-102, located on the second floor of building C. Accommodating 4 adults in 2 double bedrooms, the apartment offers a warm, intimate atmosphere for a wonderful stay in Alpe d'Huez. Apartment ...",https://www.allchalets.com/holiday-rentals/39328-apartment-in-alpe-d-huez-france,allChalets,rescrape-allchalets,5,chalets/images/allchalets-apartment-39328/,2026-10-06,hot tub not in facility list/description; unnamed listing; headline: 
allchalets-chalet-46938,,,,,,,,,,,,,,,,,,,,,,,,,,,,,,,,allChalets,rescrape-allchalets,,,2026-10-06,allChalets: https://www.allchalets.com/holiday-rentals/46938-chalet-in-alpe-d-huez-france; range GBP 2131-13833 whole-chalet; available 20 Mar: no
sno-chalet-bouquetin,,,,,,,,,,,,,,,,,,,,,,,,,,,,,,,,allChalets,rescrape-allchalets,,,2026-10-06,allChalets: https://www.allchalets.com/holiday-rentals/36133-chalet-in-alpe-d-huez-france; range EUR 8000-15000 whole-chalet; available 20 Mar: no
allchalets-apartment-49252,Apartment 49252,,Alpe d'Huez,,France,,6,3,2,apartment,self-catered,self-catered,none,no,boot dryer,,unknown,Saturday,,whole-chalet,EUR,season-range,2100,5700,,,no,,,"In the heart of the village of Alpe d'Huez, the EXPRESSION residence embodies an elegant Alpine lifestyle, just a stone's throw from the ski lifts. Located on the ground floor, the EXPRESSION A02 apartment offers three refined bedrooms, two bathrooms ...",https://www.allchalets.com/holiday-rentals/49252-apartment-in-alpe-d-huez-france,allChalets,rescrape-allchalets,5,chalets/images/allchalets-apartment-49252/,2026-10-06,hot tub not in facility list/description; unnamed listing; headline: 
allchalets-chalet-46939,,,,,,,,,,,,,,,,,,,,,,,,,,,,,,,,allChalets,rescrape-allchalets,,,2026-10-06,allChalets: https://www.allchalets.com/holiday-rentals/46939-chalet-in-alpe-d-huez-france; range GBP 2355-14203 whole-chalet; available 20 Mar: no
allchalets-apartment-39526,,,,,,,,,,,,,,,,,,,,,,,,,,,,,,,,allChalets,rescrape-allchalets,,,2026-10-06,allChalets: https://www.allchalets.com/holiday-rentals/39526-apartment-in-alpe-d-huez-france; range EUR 3500-6800 whole-chalet; available 20 Mar: no
allchalets-apartment-39735,,,,,,,,,,,,,,,,,,,,,,,,,,,,,,,,allChalets,rescrape-allchalets,,,2026-10-06,allChalets: https://www.allchalets.com/holiday-rentals/39735-apartment-in-alpe-d-huez-france; range EUR 2969-10679 whole-chalet; available 20 Mar: no
allchalets-apartment-47376,Apartment 47376,,Alpe d'Huez,,France,,6,2,2,apartment,self-catered,self-catered,none,no,,,unknown,Saturday,,whole-chalet,EUR,season-range,2100,4200,,,no,,,"Located in the heart of Alpe d’Huez, apartment C11 in the prestigious Expression residence offers an elegant and bright setting for a comfortable mountain getaway. This 60 sq.m two-bedroom apartment, facing southeast, features a spacious balcony, two inviting bedrooms and ...",https://www.allchalets.com/holiday-rentals/47376-apartment-in-alpe-d-huez-france,allChalets,rescrape-allchalets,5,chalets/images/allchalets-apartment-47376/,2026-10-06,hot tub not in facility list/description; unnamed listing; headline: 
allchalets-apartment-47082,,,,,,,,,,,self-catered,self-catered,,,,,,,,,,,,,,,,,,,,allChalets,rescrape-allchalets,,,2026-10-06,allChalets: https://www.allchalets.com/holiday-rentals/47082-apartment-in-alpe-d-huez-france; available 20 Mar: no
allchalets-apartment-36152,Apartment 36152,,Alpe d'Huez,,France,,4,1,1,apartment,self-catered,self-catered,none,no,,,unknown,Saturday,,whole-chalet,EUR,season-range,1100,1700,,,no,,,"The apartment is located in the popular Les Jeux district, right in the centre of the resort. The Avenue des Jeux is just 50m from the flat and offers all the shops, restaurants and leisure facilities that the resort has ...",https://www.allchalets.com/holiday-rentals/36152-apartment-in-alpe-d-huez-france,allChalets,rescrape-allchalets,5,chalets/images/allchalets-apartment-36152/,2026-10-06,hot tub not in facility list/description; unnamed listing; headline: 
allchalets-apartment-details,,,,,,,,,,,,,,,,,,,,,,,,,,,,,,,,allChalets,rescrape-allchalets,,,2026-10-06,allChalets: https://www.allchalets.com/holiday-rentals/34552-apartment-in-alpe-d-huez-france; range EUR 3400-5000 whole-chalet; available 20 Mar: no
allchalets-chalet-63169,,,,,,,,,,,,,,,,,,,,,,,,,,,,,,,,allChalets,rescrape-allchalets,,,2026-10-06,allChalets: https://www.allchalets.com/holiday-rentals/63169-chalet-in-alpe-d-huez-france; range EUR 2682-9991 whole-chalet; available 20 Mar: no
allchalets-apartment-c401,,,,,,,,,,,,,,,,,,,,,,,,,,,,,,,,allChalets,rescrape-allchalets,,,2026-10-06,allChalets: https://www.allchalets.com/holiday-rentals/47407-apartment-in-alpe-d-huez-france; range EUR 3300-5300 whole-chalet; available 20 Mar: no
allchalets-apartment-39361,Apartment 39361,,Alpe d'Huez,,France,,5,2,1,apartment,self-catered,self-catered,none,no,,,unknown,Saturday,,whole-chalet,EUR,season-range,1650,3400,,,no,,,"In the new Les fermes de l'Alpe residence, discover apartment A101, located on the first floor of building D. Its decor and use of local materials create a cosy, welcoming atmosphere. The ski lifts are just 200m away and the ...",https://www.allchalets.com/holiday-rentals/39361-apartment-in-alpe-d-huez-france,allChalets,rescrape-allchalets,5,chalets/images/allchalets-apartment-39361/,2026-10-06,hot tub not in facility list/description; unnamed listing; headline: 
allchalets-apartment-47026,Apartment 47026,,Alpe d'Huez,,France,,4,1,1,apartment,self-catered,self-catered,none,yes,"steam room, swimming pool, indoor pool, boot dryer, gym",,yes,Sunday,,whole-chalet,EUR,season-range,1519,5499,,,no,,,"Modern apartment over looking the mountains and ski runs. Open plan living area with access to a balcony . Located in the Les Bergers area of Alpe d'Heuz, and set in a new ski-in ski-out residence the apartment has access ...",https://www.allchalets.com/holiday-rentals/47026-apartment-in-alpe-d-huez-france,allChalets,rescrape-allchalets,5,chalets/images/allchalets-apartment-47026/,2026-10-06,hot tub not in facility list/description; unnamed listing; headline: Ski-in Ski-out apartment in Alpe d'Huez - wellness centre with pool
sno-chalet-sophie,,,,,,,,,,,,,,,,,,,,,,,,,,,,,,,,allChalets,rescrape-allchalets,,,2026-10-06,allChalets: https://www.allchalets.com/holiday-rentals/27985-chalet-in-alpe-d-huez-france; 20 Mar GBP 14598 whole-chalet; range GBP 10299-20549 whole-chalet; available 20 Mar: yes
allchalets-apartment-details-35115,Apartment Details,,Alpe d'Huez,,France,,4,1,1,apartment,self-catered,self-catered,none,no,,,unknown,Saturday,,whole-chalet,EUR,season-range,1300,2600,,,no,,,"Charming fully renovated apartment, close to the slopes and all amenities, Etoile d'Argent is a warm contemporary style apartment. Apartment Details: Sleeps 2 adults and 2 children Catering: Self catered Located on floor 0 Layout: Living area: - Balcony - ...",https://www.allchalets.com/holiday-rentals/35115-apartment-in-alpe-d-huez-france,allChalets,rescrape-allchalets,5,chalets/images/allchalets-apartment-details-35115/,2026-10-06,hot tub not in facility list/description
allchalets-apartment-39737,,,,,,,,,,,self-catered,self-catered,,,,,,,,,,,,,,,,,,,,allChalets,rescrape-allchalets,,,2026-10-06,allChalets: https://www.allchalets.com/holiday-rentals/39737-apartment-in-alpe-d-huez-france; available 20 Mar: no
allchalets-apartment-47213,Apartment 47213,,Alpe d'Huez,,France,,6,2,2,apartment,self-catered,self-catered,none,no,fireplace,,unknown,,,,,quote-needed,,,,,unknown,,,"Discover apartment Cachemire104, located on the first floor of the brand-new Cachemire residence. Facing south, it boasts a magnificent unobstructed view of the mountains. This apartment perfectly combines alpine charm with modern comfort and offers generous living spaces ideal for ...",https://www.allchalets.com/holiday-rentals/47213-apartment-in-alpe-d-huez-france,allChalets,rescrape-allchalets,5,chalets/images/allchalets-apartment-47213/,2026-10-06,hot tub not in facility list/description; no rate table on allChalets; unnamed listing; headline: 
sno-chalet-loup,,,,,,,,,,,,,,,,,,,,,,,,,,,,,,,,allChalets,rescrape-allchalets,,,2026-10-06,allChalets: https://www.allchalets.com/holiday-rentals/36089-chalet-in-alpe-d-huez-france; range EUR 11500-20000 whole-chalet; available 20 Mar: no
allchalets-chalet-29062,,,,,,,,,,,,,,,,,,,,,,,,,,,,,,,,allChalets,rescrape-allchalets,,,2026-10-06,allChalets: https://www.allchalets.com/holiday-rentals/29062-chalet-in-alpe-d-huez-france; range EUR 2100-3700 whole-chalet; available 20 Mar: no
allchalets-chalet-46940,,,,,,,,,,,,,,,,,,,,,,,,,,,,,,,,allChalets,rescrape-allchalets,,,2026-10-06,allChalets: https://www.allchalets.com/holiday-rentals/46940-chalet-in-alpe-d-huez-france; range GBP 2589-15407 whole-chalet; available 20 Mar: no
allchalets-chalet-cleo,,,,,,,,,,,,,,,,,,,,,,,,,,,,,,,,allChalets,rescrape-allchalets,,,2026-10-06,allChalets: https://www.allchalets.com/holiday-rentals/34375-chalet-in-alpe-d-huez-france
allchalets-chalet-de-bleu,,,,,,,,,,,,,,,,,,,,,,,,,,,,,,,,allChalets,rescrape-allchalets,,,2026-10-06,allChalets: https://www.allchalets.com/holiday-rentals/34304-chalet-in-alpe-d-huez-france
allchalets-apartment-details-55215,Apartment Details,,Alpe d'Huez,,France,,5,1,1,apartment,self-catered,self-catered,none,yes,"steam room, gym",,unknown,Saturday,,whole-chalet,EUR,season-range,2000,3000,,,no,,,"In a prestigious residence nestled in the heart of the resort, enjoy with family or friends an apartment with a resolutely chic and contemporary style for your stay in the mountains! Apartment Details: Sleeps 2 adults and 3 children Catering: ...",https://www.allchalets.com/holiday-rentals/55215-apartment-in-alpe-d-huez-france,allChalets,rescrape-allchalets,5,chalets/images/allchalets-apartment-details-55215/,2026-10-06,hot tub not in facility list/description
allchalets-chalet-daria,,,,,,,,,,,,,,,,,,,,,,,,,,,,,,,,allChalets,rescrape-allchalets,,,2026-10-06,allChalets: https://www.allchalets.com/holiday-rentals/34353-apartment-in-alpe-d-huez-france
allchalets-chalet-cimes,,,,,,,,,,,catered-or-self,,,,,,,,,,,,,,,,,,,,,allChalets,rescrape-allchalets,,,2026-10-06,allChalets: https://www.allchalets.com/holiday-rentals/24122-chalet-in-alpe-d-huez-france
sno-chalet-edelweiss,,,,,,,,,,,,,,,,,,,,,,,,,,,,,,,,allChalets,rescrape-allchalets,,,2026-10-06,allChalets: https://www.allchalets.com/holiday-rentals/27968-chalet-in-alpe-d-huez-france; 20 Mar GBP 17199 whole-chalet; range GBP 13699-27049 whole-chalet; available 20 Mar: no
allchalets-apartment-details-34497,Apartment Details,,Alpe d'Huez,,France,,4,1,1,apartment,self-catered,self-catered,none,no,,,unknown,,,,,quote-needed,,,,,unknown,,,Convenient and comfortable apartment located in the center of the resort and close to all amenities. Apartment Details: Sleeps 2 adults and 2 children Catering: Self catered Located on floor 1 Layout: Living area: - Balcony - Open-plan fitted kitchen ...,https://www.allchalets.com/holiday-rentals/34497-apartment-in-alpe-d-huez-france,allChalets,rescrape-allchalets,5,chalets/images/allchalets-apartment-details-34497/,2026-10-06,hot tub not in facility list/description; no rate table on allChalets
allchalets-apartment-39425,Apartment 39425,,Alpe d'Huez,,France,,4,1,1,apartment,self-catered,self-catered,none,no,,,unknown,Saturday,,whole-chalet,EUR,season-range,1200,1900,,,no,,,"In the heart of the Vieil Alpe, discover apartment C-202 located on the second floor of building C of the new residence of Les Fermes de l'Alpe. Its decoration and the use of local materials offer you an intimate and ...",https://www.allchalets.com/holiday-rentals/39425-apartment-in-alpe-d-huez-france,allChalets,rescrape-allchalets,5,chalets/images/allchalets-apartment-39425/,2026-10-06,hot tub not in facility list/description; unnamed listing; headline: 
allchalets-apartment-28090,Apartment 28090,,Alpe d'Huez,,France,,6,1,1,apartment,self-catered,self-catered,none,yes,"swimming pool, fireplace, pool table",,unknown,,,whole-chalet,EUR,season-range,908,4242,,,no,,,"Apartment in Les Bergers with 1 living area, 1 bedroom, 1 sleeping alcove, 1 kitchenette, 1 bathroom and 1 toilet Apartment details: 1 bedroom - sleeps 6 Livingroom: 1 daybed, one of which includes 1 pull-out bed, and 1 sleeping ...",https://www.allchalets.com/holiday-rentals/28090-apartment-in-alpe-d-huez-france,allChalets,rescrape-allchalets,5,chalets/images/allchalets-apartment-28090/,2026-10-06,hot tub not in facility list/description; unnamed listing; headline: Les Bergers - 6 people - 1 bedroom + 1 sleeping alcove - South-facing -
allchalets-apartment-35077,Apartment 35077,,Alpe d'Huez,,France,,6,3,2,apartment,self-catered,self-catered,none,no,,,unknown,,,,,quote-needed,,,,,unknown,,,"Ems III discover is we well located 70m² apartment, on the ground floor accommodating up to 6 people. Ideally situated near the main avenue of the resort and the ski area, so you can walk everywhere The apartment offers two ...",https://www.allchalets.com/holiday-rentals/35077-apartment-in-alpe-d-huez-france,allChalets,rescrape-allchalets,5,chalets/images/allchalets-apartment-35077/,2026-10-06,hot tub not in facility list/description; calendar shows no bookings all season (probably unmaintained); calendar 20 Mar: Min stay - 7 nights Availability: 6 guests; no rate table on allChalets; unnamed listing; headline: Excellent and well located 3 bed 2 bath apartment for up to 6
allchalets-residence-le-splendid,Résidence Le Splendid,,Alpe d'Huez,,France,,6,3,2,apartment,self-catered,self-catered,yes-type-unknown,no,,,unknown,Saturday,,whole-chalet,EUR,season-range,2050,2700,,,no,,,"Located in the heart of Quartier Cognet, just 200 m from the resort center, discover Résidence Le Splendid and this spacious 96 sq.m apartment, which can accommodate 4 adults and 2 children. It guarantees a ski-in/ski-out return with a breathtaking ...",https://www.allchalets.com/holiday-rentals/40791-apartment-in-alpe-d-huez-france,allChalets,rescrape-allchalets,5,chalets/images/allchalets-residence-le-splendid/,2026-10-06,
allchalets-apartment-29064,Apartment 29064,,Alpe d'Huez,,France,,4,,1,apartment,self-catered,self-catered,none,no,,,unknown,,,,,quote-needed,,,,,unknown,,,Two room flat with a warm and cosy atmosphere located in the heart of the resort of Alpe d'Huez. The ideal place to get together with your family and enjoy an exceptional stay. Flat in the heart of Alpe d'Huez ...,https://www.allchalets.com/holiday-rentals/29064-apartment-in-alpe-d-huez-france,allChalets,rescrape-allchalets,5,chalets/images/allchalets-apartment-29064/,2026-10-06,hot tub not in facility list/description; no rate table on allChalets; unnamed listing; headline: 
allchalets-apartment-48139,,,,,,,,,,,,,,,,,,,,,,,,,,,,,,,,allChalets,rescrape-allchalets,,,2026-10-06,allChalets: https://www.allchalets.com/holiday-rentals/48139-apartment-in-alpe-d-huez-france; range EUR 2500-4200 whole-chalet; available 20 Mar: no
allchalets-chalet-monica,,,,,,,,,,,,,,,,,,,,,,,,,,,,,,,,allChalets,rescrape-allchalets,,,2026-10-06,allChalets: https://www.allchalets.com/holiday-rentals/24124-chalet-in-alpe-d-huez-france
allchalets-apartment-40317,,,,,,,,,,,,self-catered,,,,,,,,,,,,,,,,,,,,allChalets,rescrape-allchalets,,,2026-10-06,allChalets: https://www.allchalets.com/holiday-rentals/40317-apartment-in-alpe-d-huez-france
allchalets-chalet-ciara,,,,,,,,,,,,,,,,,,,,,,,,,,,,,,,,allChalets,rescrape-allchalets,,,2026-10-06,allChalets: https://www.allchalets.com/holiday-rentals/28872-apartment-in-alpe-d-huez-france
allchalets-chalet-25616,,,,,,,,,,,,,,,,,,,,,,,,,,,,,,,,allChalets,rescrape-allchalets,,,2026-10-06,allChalets: https://www.allchalets.com/holiday-rentals/25616-chalet-in-alpe-d-huez-france
allchalets-apartment-details-55208,Apartment Details,,Alpe d'Huez,,France,,6,1,1,apartment,self-catered,self-catered,none,yes,"steam room, gym",,unknown,Saturday,,whole-chalet,EUR,season-range,2100,4200,,,no,,,"In a prestigious residence nestled in the heart of the resort, enjoy with family or friends an apartment with a resolutely chic and contemporary style for your stay in the mountains! Apartment Details: Sleeps 4 adults and 2 children Catering: ...",https://www.allchalets.com/holiday-rentals/55208-apartment-in-alpe-d-huez-france,allChalets,rescrape-allchalets,5,chalets/images/allchalets-apartment-details-55208/,2026-10-06,hot tub not in facility list/description
allchalets-apartment-48040,,,,,,,,,,,,,,,,,,,,,,,,,,,,,,,,allChalets,rescrape-allchalets,,,2026-10-06,allChalets: https://www.allchalets.com/holiday-rentals/48040-apartment-in-alpe-d-huez-france; range EUR 2700-6500 whole-chalet; available 20 Mar: no
allchalets-chalet-40167,,,,,,,,,,,,,,,,,,,,,,,,,,,,,,,,allChalets,rescrape-allchalets,,,2026-10-06,allChalets: https://www.allchalets.com/holiday-rentals/40167-chalet-in-alpe-d-huez-france; range EUR 2500-5100 whole-chalet; available 20 Mar: no
sno-chalet-torino,,,,,,,,,,,,,,,,,,,,,,,,,,,,,,,,allChalets,rescrape-allchalets,,,2026-10-06,allChalets: https://www.allchalets.com/holiday-rentals/42221-chalet-in-alpe-d-huez-france; range EUR 7500-10000 whole-chalet; available 20 Mar: no
allchalets-apartment-48208,,,,,,,,,,,,self-catered,,,,,,,,,,,,,,,,,,,,allChalets,rescrape-allchalets,,,2026-10-06,allChalets: https://www.allchalets.com/holiday-rentals/48208-apartment-in-alpe-d-huez-france
allchalets-studio-40108,Studio 40108,,Alpe d'Huez,,France,,2,,1,studio,self-catered,self-catered,none,yes,"swimming pool, fireplace, pool table",,unknown,,,whole-chalet,EUR,season-range,445,1946,,,no,,,"Studio in Les Bergers with 1 living area, 1 bathroom and 1 toilet Studio details: Sleeps 2 Livingroom: 1 double sofa bed or 2 single beds Kitchen: Fully equipped open-plan kitchenette and living area Bathrooms: 1 bath and 1 toilet ...",https://www.allchalets.com/holiday-rentals/40108-studio-in-alpe-d-huez-france,allChalets,rescrape-allchalets,5,chalets/images/allchalets-studio-40108/,2026-10-06,hot tub not in facility list/description; unnamed listing; headline: Les Bergers - 2 people - Good Deal -
allchalets-chalet-chloe,,,,,,,,,,,,,,,,,,,,,,,,,,,,,,,,allChalets,rescrape-allchalets,,,2026-10-06,allChalets: https://www.allchalets.com/holiday-rentals/36122-apartment-in-alpe-d-huez-france
allchalets-apartment-details-60042,Apartment Details,,Alpe d'Huez,,France,,6,1,1,apartment,self-catered,self-catered,none,yes,"steam room, gym",,yes,Saturday,,whole-chalet,EUR,season-range,2300,3400,,,no,,,"In a prestigious residence nestled in the heart of the resort, enjoy with family or friends an apartment with a resolutely chic and contemporary style for your stay in the mountains! Apartment Details: Sleeps 4 adults and 2 children Catering: ...",https://www.allchalets.com/holiday-rentals/60042-apartment-in-alpe-d-huez-france,allChalets,rescrape-allchalets,5,chalets/images/allchalets-apartment-details-60042/,2026-10-06,hot tub not in facility list/description
allchalets-chalet-du-gris,,,,,,,,,,,,,,,,,,,,,,,,,,,,,,,,allChalets,rescrape-allchalets,,,2026-10-06,allChalets: https://www.allchalets.com/holiday-rentals/34305-apartment-in-alpe-d-huez-france
allchalets-apartment-details-39477,Apartment Details,,Alpe d'Huez,,France,,6,3,2,apartment,self-catered,self-catered,none,no,,,unknown,,,,,quote-needed,,,,,unknown,,,"In the Fermes de l'Alpe residence, discover apartment D301, on the third floor of building D. The apartment radiates a gentle, serene atmosphere, ensuring you wonderful moments with family or friends in the mountains. Apartment Details: Sleeps 4 adults and ...",https://www.allchalets.com/holiday-rentals/39477-apartment-in-alpe-d-huez-france,allChalets,rescrape-allchalets,5,chalets/images/allchalets-apartment-details-39477/,2026-10-06,hot tub not in facility list/description; no rate table on allChalets
allchalets-apartment-39490,Apartment 39490,,Alpe d'Huez,,France,,4,1,1,apartment,self-catered,self-catered,none,no,,,unknown,Saturday,,whole-chalet,EUR,season-range,1200,2850,,,no,,,"In the new Les fermes de l'Alpe residence, discover apartment C103, located on the second floor of building C. Its decor and use of local materials create a warm, cosy atmosphere. The ski lifts are just 200m away and the ...",https://www.allchalets.com/holiday-rentals/39490-apartment-in-alpe-d-huez-france,allChalets,rescrape-allchalets,5,chalets/images/allchalets-apartment-39490/,2026-10-06,hot tub not in facility list/description; unnamed listing; headline: 
allchalets-apartment-details-60039,Apartment Details,,Alpe d'Huez,,France,,4,1,1,apartment,self-catered,self-catered,none,yes,"steam room, gym",,unknown,Saturday,,whole-chalet,EUR,season-range,1600,2600,,,no,,,"In a prestigious residence nestled in the heart of the resort, enjoy with family or friends an apartment with a resolutely chic and contemporary style for your stay in the mountains! Apartment Details: Sleeps 4 adults Catering: Self catered Located ...",https://www.allchalets.com/holiday-rentals/60039-apartment-in-alpe-d-huez-france,allChalets,rescrape-allchalets,5,chalets/images/allchalets-apartment-details-60039/,2026-10-06,hot tub not in facility list/description
allchalets-apartment-39426,Apartment 39426,,Alpe d'Huez,,France,,4,1,1,apartment,self-catered,self-catered,none,no,,,unknown,Saturday,,whole-chalet,EUR,season-range,1200,2700,,,no,,,"In the new Les fermes de l'Alpe residence, discover flat C206, located on the second floor of building C. Its decor and use of local materials create a cosy, welcoming atmosphere. The ski lifts are just 200m away and the ...",https://www.allchalets.com/holiday-rentals/39426-apartment-in-alpe-d-huez-france,allChalets,rescrape-allchalets,5,chalets/images/allchalets-apartment-39426/,2026-10-06,hot tub not in facility list/description; unnamed listing; headline: 
allchalets-chalet-des-cousins,,,,,,,,,,,,,,,,,,,,,,,,,,,,,,,,allChalets,rescrape-allchalets,,,2026-10-06,allChalets: https://www.allchalets.com/holiday-rentals/15265-apartment-in-alpe-d-huez-france
allchalets-apartment-28089,Apartment 28089,,Alpe d'Huez,,France,,6,1,1,apartment,self-catered,self-catered,none,yes,"swimming pool, fireplace, pool table",,unknown,,,whole-chalet,EUR,season-range,855,3878,,,no,,,"Apartment in Les Bergers with 1 living area, 1 bedroom, 1 sleeping alcove, 1 kitchenette, 1 bathroom and 1 toilet Apartment details: 1 bedroom - sleeps 6 Livingroom: 1 daybed with 1 pull-out bed (recommended for children) and 1 sleeping ...",https://www.allchalets.com/holiday-rentals/28089-apartment-in-alpe-d-huez-france,allChalets,rescrape-allchalets,5,chalets/images/allchalets-apartment-28089/,2026-10-06,hot tub not in facility list/description; unnamed listing; headline: Les Bergers - 6 people - 1 bedroom + 1 sleeping alcove -
allchalets-chalet-lou-iv,,,,,,,,,,,,,,,,,,,,,,,,,,,,,,,,allChalets,rescrape-allchalets,,,2026-10-06,allChalets: https://www.allchalets.com/holiday-rentals/39056-apartment-in-alpe-d-huez-france
allchalets-studio-28086,Studio 28086,,Alpe d'Huez,,France,,4,,1,studio,self-catered,self-catered,none,yes,"swimming pool, fireplace, pool table",,unknown,,,whole-chalet,EUR,season-range,584,2534,,,no,,,"Studio in Les Bergers with 1 living area, 1 kitchenette, 1 bathroom and 1 toilet Studio details: Sleeps 4 Livingroom: 1 double sofa bed and 1 sleeping alcove with bunk beds (recommended for children) or 2 single beds Kitchen: Equipped ...",https://www.allchalets.com/holiday-rentals/28086-studio-in-alpe-d-huez-france,allChalets,rescrape-allchalets,5,chalets/images/allchalets-studio-28086/,2026-10-06,hot tub not in facility list/description; unnamed listing; headline: Les Bergers - 4 people - 1 sleeping alcove -
allchalets-chalet-lynda,Chalet Lynda,,Alpe d'Huez,,France,,7,3,3,apartment,catered-or-self,,none,no,,,unknown,,,,,quote-needed,,,,,unknown,,,"Chalet Lynda is a very well located and spacious chalet apartment of 104m2, sleeping up to 7 with its 3 double bedrooms, each with their own bathroom. Its a new high quality 4 star apartment in the Fermes de l'Alpe ...",https://www.allchalets.com/holiday-rentals/40319-apartment-in-alpe-d-huez-france,allChalets,rescrape-allchalets,5,chalets/images/allchalets-chalet-lynda/,2026-10-06,hot tub not in facility list/description; calendar shows no bookings all season (probably unmaintained); calendar 20 Mar: Min stay - 7 nights Availability: 7 guests; no rate table on allChalets
allchalets-apartment-details-34033,Apartment Details,,Alpe d'Huez,,France,,4,1,1,apartment,self-catered,self-catered,none,no,,,unknown,,,,,quote-needed,,,,,unknown,,,"One bedroom apartment with a warm atmosphere, located in the heart of the resort. Relax on its beautiful south-facing terrace, in winter and summer. It is an ideal place to meet with your family and enjoy an exceptional stay. Apartment ...",https://www.allchalets.com/holiday-rentals/34033-apartment-in-alpe-d-huez-france,allChalets,rescrape-allchalets,5,chalets/images/allchalets-apartment-details-34033/,2026-10-06,hot tub not in facility list/description; no rate table on allChalets
allchalets-apartment-28095,Apartment 28095,,Alpe d'Huez,,France,,4,1,1,apartment,self-catered,self-catered,none,no,,,unknown,,,whole-chalet,EUR,season-range,679,2886,,,no,,,"Apartment in L'Ours Blanc with 1 living area, 1 bedroom, 1 kitchenette, 1 bathroom and 1 toilet Apartment details: 1 bedroom - sleeps 4 Livingroom: 2 daybeds Kitchen: Equipped open-plan kitchenette and living area Bedrooms: 1 bedroom with 1 double ...",https://www.allchalets.com/holiday-rentals/28095-apartment-in-alpe-d-huez-france,allChalets,rescrape-allchalets,5,chalets/images/allchalets-apartment-28095/,2026-10-06,hot tub not in facility list/description; unnamed listing; headline: L'Ours Blanc - 4 people - 1 bedroom - South facing -
allchalets-chalet-40338,,,,,,,,,,,,,,,,,,,,,,,,,,,,,,,,allChalets,rescrape-allchalets,,,2026-10-06,allChalets: https://www.allchalets.com/holiday-rentals/40338-chalet-in-alpe-d-huez-france; range EUR 6000-13000 whole-chalet; available 20 Mar: no
allchalets-apartment-39475,Apartment 39475,,Alpe d'Huez,,France,,4,1,1,apartment,self-catered,self-catered,none,no,,,unknown,Saturday,,whole-chalet,EUR,season-range,1400,2900,,,no,,,"In the Fermes de l'Alpe residence, discover apartment D201, on the second floor of building D. The apartment welcomes 2 adults and 2 children in a gentle, serene atmosphere, ensuring you wonderful moments with family or friends in the mountains. ...",https://www.allchalets.com/holiday-rentals/39475-apartment-in-alpe-d-huez-france,allChalets,rescrape-allchalets,5,chalets/images/allchalets-apartment-39475/,2026-10-06,hot tub not in facility list/description; unnamed listing; headline: 
allchalets-apartment-43017,Apartment 43017,,Alpe d'Huez,,France,,4,1,1,apartment,self-catered,self-catered,none,no,,,unknown,,,,,quote-needed,,,,,unknown,,,"In the new residence of Les Fermes de l'Alpe, discover apartment C402, located on the 4th floor of building C. Designed to accommodate 2 adults and 2 children, it offers optimal comfort in a warm and intimate atmosphere, perfect for ...",https://www.allchalets.com/holiday-rentals/43017-apartment-in-alpe-d-huez-france,allChalets,rescrape-allchalets,5,chalets/images/allchalets-apartment-43017/,2026-10-06,hot tub not in facility list/description; no rate table on allChalets; unnamed listing; headline: 
allchalets-apartment-details-55932,Apartment Details,,Alpe d'Huez,,France,,4,1,1,apartment,self-catered,self-catered,none,yes,"steam room, gym",,unknown,Saturday,,whole-chalet,EUR,season-range,1800,3400,,,no,,,"In a prestigious residence nestled in the heart of the resort, enjoy with family or friends an apartment with a resolutely chic and contemporary style for your stay in the mountains! Apartment Details: Sleeps 2 adults and 2 children Catering: ...",https://www.allchalets.com/holiday-rentals/55932-apartment-in-alpe-d-huez-france,allChalets,rescrape-allchalets,5,chalets/images/allchalets-apartment-details-55932/,2026-10-06,hot tub not in facility list/description
allchalets-apartment-28097,Apartment 28097,,Alpe d'Huez,,France,,6,2,2,apartment,self-catered,self-catered,none,no,,,unknown,,,whole-chalet,EUR,season-range,990,4521,,,no,,,"Apartment in L'Ours Blanc with 1 living area, 2 bedrooms, 1 kitchenette, 1 bathroom, 1 shower and 1 toilet Apartment details: 2 bedrooms - sleeps 6 Livingroom: 2 daybeds Kitchen: Equipped open-plan kitchenette and living area Bedrooms: 1 bedroom with ...",https://www.allchalets.com/holiday-rentals/28097-apartment-in-alpe-d-huez-france,allChalets,rescrape-allchalets,5,chalets/images/allchalets-apartment-28097/,2026-10-06,hot tub not in facility list/description; unnamed listing; headline: L'Ours Blanc - 6 people - 2 bedrooms -
allchalets-apartment-details-59223,,,,,,,,,,,,,,,,,,,,,,,,,,,,,,,,allChalets,rescrape-allchalets,,,2026-10-06,allChalets: https://www.allchalets.com/holiday-rentals/59223-apartment-in-alpe-d-huez-france; range EUR 5000-12000 whole-chalet; available 20 Mar: no
allchalets-chalet-de-fonbelle,,,,,,,,,,,,,,,,,,,,,,,,,,,,,,,,allChalets,rescrape-allchalets,,,2026-10-06,allChalets: https://www.allchalets.com/holiday-rentals/34006-apartment-in-alpe-d-huez-france
allchalets-residence-daria-i-nor,,,,,,,,,,,catered-or-self,,,,,,,,,,,,,,,,,,,,,allChalets,rescrape-allchalets,,,2026-10-06,allChalets: https://www.allchalets.com/holiday-rentals/28844-apartment-in-alpe-d-huez-france
allchalets-chalet-par,,,,,,,,,,,,,,,,,,,,,,,,,,,,,,,,allChalets,rescrape-allchalets,,,2026-10-06,allChalets: https://www.allchalets.com/holiday-rentals/40129-chalet-in-alpe-d-huez-france
allchalets-apartment-details-49369,Apartment Details,,Alpe d'Huez,,France,,6,2,3,apartment,self-catered,self-catered,none,yes,"steam room, gym",,unknown,Saturday,,whole-chalet,EUR,season-range,2900,6000,,,no,,,"In a prestigious residence nestled in the heart of the resort, enjoy with family or friends an apartment with a resolutely chic and contemporary style for your stay in the mountains! Apartment Details: Sleeps 4 adults and 2 children Catering: ...",https://www.allchalets.com/holiday-rentals/49369-apartment-in-alpe-d-huez-france,allChalets,rescrape-allchalets,5,chalets/images/allchalets-apartment-details-49369/,2026-10-06,hot tub not in facility list/description
allchalets-chalet-solneige,,,,,,,,,,,,,,,,,,,,,,,,,,,,,,,,allChalets,rescrape-allchalets,,,2026-10-06,allChalets: https://www.allchalets.com/holiday-rentals/2172-chalet-in-alpe-d-huez-france
allchalets-apartment-47458,Apartment 47458,,Alpe d'Huez,,France,,6,3,3,apartment,self-catered,self-catered,none,no,,,unknown,Saturday,,whole-chalet,EUR,season-range,2900,5900,,,no,,,"Perched at the top of Building E in the new Expression residence in Alpe d’Huez, apartment E32 stands out with its unique atmosphere. This 86 sq.m duplex, designed for 6 adults, beautifully combines comfort, space, and contemporary alpine style. Nestled ...",https://www.allchalets.com/holiday-rentals/47458-apartment-in-alpe-d-huez-france,allChalets,rescrape-allchalets,5,chalets/images/allchalets-apartment-47458/,2026-10-06,hot tub not in facility list/description; unnamed listing; headline: ; description mentions up to 8 people
allchalets-studio-12506,Studio 12506,,Alpe d'Huez,,France,,2,,1,studio,self-catered,self-catered,none,yes,"swimming pool, fireplace, pool table",,unknown,,,whole-chalet,EUR,season-range,509,2199,,,no,,,"Studio in Les Bergers with 1 living area, 1 kitchenette, 1 bathroom and 1 toilet Studio details: Sleeps 2 Livingroom: 1 double sofa bed Kitchen: Fully equipped open-plan kitchenette and living area Bathrooms: 1 bath and 1 toilet Comfort level: ...",https://www.allchalets.com/holiday-rentals/12506-studio-in-alpe-d-huez-france,allChalets,rescrape-allchalets,5,chalets/images/allchalets-studio-12506/,2026-10-06,hot tub not in facility list/description; unnamed listing; headline: Les Bergers - 2 people -
allchalets-chalet-vl,,,,,,,,,,,catered-or-self,,,,,,,,,,,,,,,,,,,,,allChalets,rescrape-allchalets,,,2026-10-06,allChalets: https://www.allchalets.com/holiday-rentals/34792-chalet-in-alpe-d-huez-france
allchalets-chalet-62541,,,,,,,,,,,,,,,,,,,,,,,,,,,,,,,,allChalets,rescrape-allchalets,,,2026-10-06,allChalets: https://www.allchalets.com/holiday-rentals/62541-chalet-in-alpe-d-huez-france
allchalets-studio-28092,Studio 28092,,Alpe d'Huez,,France,,4,,1,studio,self-catered,self-catered,none,no,,,unknown,,,whole-chalet,EUR,season-range,523,2179,,,no,,,"Studio in L'Ours Blanc with 1 living area, 1 sleeping alcove, 1 kitchenette, 1 bathroom and 1 toilet Studio details: Sleeps 4 Livingroom: 2 daybeds and 1 sleeping alcove with bunk beds (recommended for children) Kitchen: Equipped open-plan kitchenette and ...",https://www.allchalets.com/holiday-rentals/28092-studio-in-alpe-d-huez-france,allChalets,rescrape-allchalets,5,chalets/images/allchalets-studio-28092/,2026-10-06,hot tub not in facility list/description; unnamed listing; headline: L'Ours Blanc - 4 people - 1 sleeping alcove -
allchalets-apartment-55936,,,,,,,,,,,,,,,,,,,,,,,,,,,,,,,,allChalets,rescrape-allchalets,,,2026-10-06,allChalets: https://www.allchalets.com/holiday-rentals/55936-apartment-in-alpe-d-huez-france; range EUR 4000-8200 whole-chalet; available 20 Mar: no
allchalets-apartment-28096,Apartment 28096,,Alpe d'Huez,,France,,6,1,1,apartment,self-catered,self-catered,none,no,,,unknown,,,whole-chalet,EUR,season-range,808,3492,,,no,,,"Apartment in L'Ours Blanc with 1 living area, 1 bedroom, 1 sleeping alcove, 1 kitchenette, 1 bathroom and 1 toilet Apartment details: 1 bedroom - sleeps 6 Livingroom: 2 single daybeds and 1 sleeping alcove with bunk beds (recommended for ...",https://www.allchalets.com/holiday-rentals/28096-apartment-in-alpe-d-huez-france,allChalets,rescrape-allchalets,5,chalets/images/allchalets-apartment-28096/,2026-10-06,hot tub not in facility list/description; unnamed listing; headline: L'Ours Blanc - 6 people - 1 bedroom + 1 sleeping alcove - Duplex -
allchalets-studio-40110,Studio 40110,,Alpe d'Huez,,France,,6,,1,studio,self-catered,self-catered,none,yes,"swimming pool, fireplace, pool table",,unknown,,,whole-chalet,EUR,season-range,729,3171,,,no,,,"Studio in Les Bergers with 1 living area, 1 sleeping alcove, 1 bathroom and 1 toilet Studio details: Sleeps 6 Livingroom: 2 daybeds with 2 pull-out beds (recommended for children) and 1 sleeping alcove with 2 single beds Kitchen: Fully ...",https://www.allchalets.com/holiday-rentals/40110-studio-in-alpe-d-huez-france,allChalets,rescrape-allchalets,5,chalets/images/allchalets-studio-40110/,2026-10-06,hot tub not in facility list/description; unnamed listing; headline: Les Bergers - 6 people - 1 sleeping alcove - Good deal -
allchalets-studio-40109,Studio 40109,,Alpe d'Huez,,France,,4,,1,studio,self-catered,self-catered,none,yes,"swimming pool, fireplace, pool table",,unknown,,,whole-chalet,EUR,season-range,647,2695,,,no,,,"Studio in Les Bergers with 1 living area, 1 sleeping alcove, 1 kitchenette, 1 bathroom and toilet Studio details: Sleeps 4 Livingroom: 1 double sofa bed and 1 sleeping alcove with 2 single beds or bunk beds (recommended for children) ...",https://www.allchalets.com/holiday-rentals/40109-studio-in-alpe-d-huez-france,allChalets,rescrape-allchalets,5,chalets/images/allchalets-studio-40109/,2026-10-06,hot tub not in facility list/description; unnamed listing; headline: Les Bergers - 4 people - 1 sleeping alcove - South-facing -
allchalets-chalet-de-neige,,,,,,,,,,,catered-or-self,,,,,,,,,,,,,,,,,,,,,allChalets,rescrape-allchalets,,,2026-10-06,allChalets: https://www.allchalets.com/holiday-rentals/23924-chalet-in-alpe-d-huez-france
allchalets-apartment-28094,Apartment 28094,,Alpe d'Huez,,France,,4,1,1,apartment,self-catered,self-catered,none,no,,,unknown,,,whole-chalet,EUR,season-range,629,2607,,,no,,,"Apartment in L'Ours Blanc with 1 living area, 1 bedroom, 1 kitchenette, 1 bathroom and 1 toilet Apartment details: 1 bedroom - sleeps 4 Livingroom: 2 daybeds or 1 double sofa bed Kitchen: Equipped open-plan kitchenette and living area Bedrooms: ...",https://www.allchalets.com/holiday-rentals/28094-apartment-in-alpe-d-huez-france,allChalets,rescrape-allchalets,5,chalets/images/allchalets-apartment-28094/,2026-10-06,hot tub not in facility list/description; unnamed listing; headline: L'Ours Blanc - 4 people - 1 bedroom -
allchalets-apartment-47380,Apartment 47380,,Alpe d'Huez,,France,,6,3,2,apartment,self-catered,self-catered,none,no,,,unknown,,,,,quote-needed,,,,,unknown,,,"Located in the heart of the Eclose district of l'Alpe d'Huez, just a few steps from the Palais des Sports et des Congrès and the resort centre, the new Expression residence invites you to discover this elegant 71 sq.m apartment. ...",https://www.allchalets.com/holiday-rentals/47380-apartment-in-alpe-d-huez-france,allChalets,rescrape-allchalets,5,chalets/images/allchalets-apartment-47380/,2026-10-06,hot tub not in facility list/description; no rate table on allChalets; unnamed listing; headline: 
allchalets-apartment-62100,Apartment 62100,,Alpe d'Huez,,France,,4,2,1,apartment,self-catered,self-catered,none,no,,,unknown,Saturday,,whole-chalet,EUR,season-range,1100,1500,,,no,,,"This functional apartment in the heart of the resort offers direct access to the Palais des Sports et des Congrès and the shops on Avenue des Jeux. Bright and well-appointed, it features a modern kitchenette and living space optimized for ...",https://www.allchalets.com/holiday-rentals/62100-apartment-in-alpe-d-huez-france,allChalets,rescrape-allchalets,5,chalets/images/allchalets-apartment-62100/,2026-10-06,hot tub not in facility list/description; unnamed listing; headline: 
allchalets-residence-le-quartz,Residence Le Quartz,,Alpe d'Huez,,France,,4,2,1,apartment,self-catered,self-catered,none,no,,,unknown,Saturday,,whole-chalet,EUR,season-range,1100,2400,,,no,,,"Residence Le Quartz, located in the heart of the historic Vieil Alpe district in Alpe d’Huez, offers an exceptional setting for winter sports enthusiasts.Ideally located just opposite the ski lifts, with ski-in/ski-out access, the residence offers direct access to the ...",https://www.allchalets.com/holiday-rentals/47378-apartment-in-alpe-d-huez-france,allChalets,rescrape-allchalets,5,chalets/images/allchalets-residence-le-quartz/,2026-10-06,hot tub not in facility list/description
allchalets-apartment-42125,,,,,,,,,,,,,,,,,,,,,,,,,,,,,,,,allChalets,rescrape-allchalets,,,2026-10-06,allChalets: https://www.allchalets.com/holiday-rentals/42125-apartment-in-alpe-d-huez-france; range EUR 3800-7500 whole-chalet; available 20 Mar: no
allchalets-apartment-details-55929,Apartment Details,,Alpe d'Huez,,France,,6,1,1,apartment,self-catered,self-catered,none,yes,"steam room, gym",,unknown,Saturday,,whole-chalet,EUR,season-range,2100,3600,,,no,,,"In a prestigious residence nestled in the heart of the resort, enjoy a chic and contemporary apartment for your mountain getaway with family or friends. Apartment Details: Sleeps 4 adults and 2 children Catering: Self catered Located on floor 3 ...",https://www.allchalets.com/holiday-rentals/55929-apartment-in-alpe-d-huez-france,allChalets,rescrape-allchalets,5,chalets/images/allchalets-apartment-details-55929/,2026-10-06,hot tub not in facility list/description
allchalets-chalet-lou,,,,,,,,,,,catered-or-self,,,,,,,,,,,,,,,,,,,,,allChalets,rescrape-allchalets,,,2026-10-06,allChalets: https://www.allchalets.com/holiday-rentals/62538-chalet-in-alpe-d-huez-france; available 20 Mar: yes
allchalets-chalet-de-fonbelle-25793,,,,,,,,,,,,,,,,,,,,,,,,,,,,,,,,allChalets,rescrape-allchalets,,,2026-10-06,allChalets: https://www.allchalets.com/holiday-rentals/25793-chalet-in-alpe-d-huez-france; range GBP 1350-2400 per-person; available 20 Mar: no
allchalets-chalet-34240,,,,,,,,,,,catered-or-self,,,,,,,,,,,,,,,,,,,,,allChalets,rescrape-allchalets,,,2026-10-06,allChalets: https://www.allchalets.com/holiday-rentals/34240-chalet-in-alpe-d-huez-france
allchalets-apartment-details-48122,Apartment Details,,Alpe d'Huez,,France,,6,3,2,apartment,self-catered,self-catered,none,no,,,unknown,Saturday,,whole-chalet,EUR,season-range,2500,5500,,,no,,,"Located in the heart of the Eclose district of Alpe d'Huez, just a few steps from the Palais des Sports et des Congrès and the resort center, the new Expression residence invites you to discover this elegant apartment. Apartment Details: ...",https://www.allchalets.com/holiday-rentals/48122-apartment-in-alpe-d-huez-france,allChalets,rescrape-allchalets,5,chalets/images/allchalets-apartment-details-48122/,2026-10-06,hot tub not in facility list/description
sno-chalet-ecureuil,,,,,,,,,,,,,,,,,,,,,,,,,,,,,,,,allChalets,rescrape-allchalets,,,2026-10-06,allChalets: https://www.allchalets.com/holiday-rentals/38949-chalet-in-alpe-d-huez-france; range EUR 8500-18000 whole-chalet; available 20 Mar: no
allchalets-chalet-2155,,,,,,,,,,,,self-catered,,,,,,,,,,,,,,,,,,,,allChalets,rescrape-allchalets,,,2026-10-06,allChalets: https://www.allchalets.com/holiday-rentals/2155-chalet-in-alpe-d-huez-france
allchalets-studio-28087,Studio 28087,,Alpe d'Huez,,France,,6,,1,studio,self-catered,self-catered,none,yes,"swimming pool, fireplace, pool table",,unknown,,,whole-chalet,EUR,season-range,759,3423,,,no,,,"Studio in Les Bergers with 1 living area, 1 sleeping alcove, 1 kitchenette, 1 bathroom and 1 toilet Studio details: Sleeps 6 Livingroom: 1 double sofa bed, 1 daybed with 1 pull-out bed (recommended for children) and 1 alcove with ...",https://www.allchalets.com/holiday-rentals/28087-studio-in-alpe-d-huez-france,allChalets,rescrape-allchalets,5,chalets/images/allchalets-studio-28087/,2026-10-06,hot tub not in facility list/description; unnamed listing; headline: Les Bergers - 6 people - 1 sleeping alcove - South-facing -
allchalets-apartment-39480,Apartment 39480,,Alpe d'Huez,,France,,4,1,1,apartment,self-catered,self-catered,none,no,,,unknown,Saturday,,whole-chalet,EUR,season-range,1100,2800,,,no,,,"In the new Les Fermes de l'Alpe residence, discover apartment C402bis, located on the 4th floor. Accommodating 2 adults and 2 children, the apartment offers a warm, intimate atmosphere for a wonderful stay in Alpe d'Huez. Located in the heart ...",https://www.allchalets.com/holiday-rentals/39480-apartment-in-alpe-d-huez-france,allChalets,rescrape-allchalets,5,chalets/images/allchalets-apartment-39480/,2026-10-06,hot tub not in facility list/description; unnamed listing; headline: 
allchalets-apartment-36162,Apartment 36162,,Alpe d'Huez,,France,,6,2,2,apartment,self-catered,self-catered,none,no,fireplace,,unknown,Saturday,,whole-chalet,EUR,season-range,2250,4800,,,no,,,"The Zodiaque apartment is located in the centre of the resort, on the Avenue des Jeux. It offers an unobstructed view of the Oisans peaks and allows direct access to the ski area thanks to its location 200m from the ...",https://www.allchalets.com/holiday-rentals/36162-apartment-in-alpe-d-huez-france,allChalets,rescrape-allchalets,5,chalets/images/allchalets-apartment-36162/,2026-10-06,hot tub not in facility list/description; unnamed listing; headline: 
allchalets-apartment-38884,Apartment 38884,,Alpe d'Huez,,France,,6,2,2,apartment,self-catered,self-catered,none,no,,,unknown,Saturday,,whole-chalet,EUR,season-range,2100,4800,,,no,,,"In the new residence of Les Fermes de l'Alpe, discover the apartment A-203, located on the second floor of the building A. With a capacity of 6 adults and 2 children, the apartment offers a warm and intimate atmosphere to ...",https://www.allchalets.com/holiday-rentals/38884-apartment-in-alpe-d-huez-france,allChalets,rescrape-allchalets,5,chalets/images/allchalets-apartment-38884/,2026-10-06,hot tub not in facility list/description; unnamed listing; headline: 
allchalets-chalet-des-neiges,,,,,,,,,,,,,,,,,,,,,,,,,,,,,,,,allChalets,rescrape-allchalets,,,2026-10-06,allChalets: https://www.allchalets.com/holiday-rentals/24509-apartment-in-alpe-d-huez-france
allchalets-apartment-36169,,,,,,,,,,,,,,,,,,,,,,,,,,,,,,,,allChalets,rescrape-allchalets,,,2026-10-06,allChalets: https://www.allchalets.com/holiday-rentals/36169-apartment-in-alpe-d-huez-france
allchalets-apartment-details-36141,Apartment Details,,Alpe d'Huez,,France,,6,2,2,apartment,self-catered,self-catered,none,no,,,unknown,,,,,quote-needed,,,,,unknown,,,Warm and cosy 3-room apartmentin the heart of the Alpe d'Huez resort. It's the ideal place for families to get together and enjoy an exceptional stay in our beautiful resort. Apartment Details: Sleeps 4 adults and 2 children Catering: Self ...,https://www.allchalets.com/holiday-rentals/36141-apartment-in-alpe-d-huez-france,allChalets,rescrape-allchalets,5,chalets/images/allchalets-apartment-details-36141/,2026-10-06,hot tub not in facility list/description; no rate table on allChalets
allchalets-apartment-details-49248,,,,,,,,,,,,self-catered,,,,,,,,,,,,,,,,,,,,allChalets,rescrape-allchalets,,,2026-10-06,allChalets: https://www.allchalets.com/holiday-rentals/49248-apartment-in-alpe-d-huez-france
allchalets-apartment-details-55164,Apartment Details,,Alpe d'Huez,,France,,6,2,2,apartment,self-catered,self-catered,none,yes,"steam room, gym",,unknown,Saturday,,whole-chalet,EUR,season-range,3000,6200,,,no,,,"In a prestigious residence nestled in the heart of the resort, enjoy with family or friends an apartment with a resolutely chic and contemporary style for your stay in the mountains! Apartment Details: Sleeps 4 adults and 2 children Catering: ...",https://www.allchalets.com/holiday-rentals/55164-apartment-in-alpe-d-huez-france,allChalets,rescrape-allchalets,5,chalets/images/allchalets-apartment-details-55164/,2026-10-06,hot tub not in facility list/description
allchalets-apartment-39252,Apartment 39252,,Alpe d'Huez,,France,,6,2,2,apartment,self-catered,self-catered,none,no,,,unknown,Saturday,,whole-chalet,EUR,season-range,2300,3750,,,no,,,"In the new residence of Les Fermes de l'Alpe, discover flat D105, located on the first floor of building A. Its decoration and the use of local materials offer you a cosy and warm atmosphere. The ski lifts are only ...",https://www.allchalets.com/holiday-rentals/39252-apartment-in-alpe-d-huez-france,allChalets,rescrape-allchalets,5,chalets/images/allchalets-apartment-39252/,2026-10-06,hot tub not in facility list/description; unnamed listing; headline: 
allchalets-chalet-naomi,,,,,,,,,,,,,,,,,,,,,,,,,,,,,,,,allChalets,rescrape-allchalets,,,2026-10-06,allChalets: https://www.allchalets.com/holiday-rentals/25751-apartment-in-alpe-d-huez-france
allchalets-apartment-38996,Apartment 38996,,Alpe d'Huez,,France,,4,1,2,apartment,self-catered,self-catered,none,no,,,unknown,,,,,quote-needed,,,,,unknown,,,"The apartment sleeps 4 people in a charming little cocoon. Located just 500m from the resort centre, it offers easy access to the many shops, restaurants and activities on offer in the resort. Ideally located in the center of the ...",https://www.allchalets.com/holiday-rentals/38996-apartment-in-alpe-d-huez-france,allChalets,rescrape-allchalets,5,chalets/images/allchalets-apartment-38996/,2026-10-06,hot tub not in facility list/description; no rate table on allChalets; unnamed listing; headline: 
allchalets-chalet-40619,,,,,,,,,,,catered-or-self,,,,,,,,,,,,,,,,,,,,,allChalets,rescrape-allchalets,,,2026-10-06,allChalets: https://www.allchalets.com/holiday-rentals/40619-chalet-in-alpe-d-huez-france
allchalets-apartment-34505,,,,,,,,,,,self-catered,self-catered,,,,,,,,,,,,,,,,,,,,allChalets,rescrape-allchalets,,,2026-10-06,allChalets: https://www.allchalets.com/holiday-rentals/34505-apartment-in-alpe-d-huez-france
allchalets-apartment-40658,Apartment 40658,,Alpe d'Huez,,France,,6,2,1,apartment,self-catered,self-catered,none,no,,,unknown,,,,,quote-needed,,,,,unknown,,,"In the heart of the Vieil Alpe, discover apartment FDA D203 on the second floor of building D in the new Fermes de l'Alpe residence. The apartment accommodates 4 adults and 2 children, and features mountain-style decor and local materials ...",https://www.allchalets.com/holiday-rentals/40658-apartment-in-alpe-d-huez-france,allChalets,rescrape-allchalets,5,chalets/images/allchalets-apartment-40658/,2026-10-06,hot tub not in facility list/description; no rate table on allChalets; unnamed listing; headline: 
allchalets-apartment-39357,,,,,,,,,,,,,,,,,,,,,,,,,,,,,,,,allChalets,rescrape-allchalets,,,2026-10-06,allChalets: https://www.allchalets.com/holiday-rentals/39357-apartment-in-alpe-d-huez-france; range EUR 2300-4800 whole-chalet; available 20 Mar: no
allchalets-apartment-39063,Apartment 39063,,Alpe d'Huez,,France,,4,2,1,apartment,self-catered,self-catered,none,no,,,unknown,Saturday,,whole-chalet,EUR,season-range,1100,2000,,,no,,,"Cosy apartment with quality features and panoramic view of the Oisans massif, located just a few steps from the center of town and the slopes Les Chanses D5 is located 900 metres from the centre and just a few minutes’ ...",https://www.allchalets.com/holiday-rentals/39063-apartment-in-alpe-d-huez-france,allChalets,rescrape-allchalets,5,chalets/images/allchalets-apartment-39063/,2026-10-06,hot tub not in facility list/description; unnamed listing; headline: 
allchalets-apartment-35461,,,,,,,,,,,,,,,,,,,,,,,,,,,,,,,,allChalets,rescrape-allchalets,,,2026-10-06,allChalets: https://www.allchalets.com/holiday-rentals/35461-apartment-in-alpe-d-huez-france
allchalets-apartment-39099,,,,,,,,,,,,,,,,,,,,,,,,,,,,,,,,allChalets,rescrape-allchalets,,,2026-10-06,allChalets: https://www.allchalets.com/holiday-rentals/39099-apartment-in-alpe-d-huez-france; range EUR 1950-4800 whole-chalet; available 20 Mar: no
allchalets-apartment-details-35217,Apartment Details,,Alpe d'Huez,,France,,4,1,1,apartment,self-catered,self-catered,none,no,,,unknown,,,,,quote-needed,,,,,unknown,,,"This nice duplex of 26 sq.m is located on the 5th floor of the residence ""Horizons d'Huez"", Passeaux district. Close to ""Alpe Express"" cable car Apartment Details: Sleeps 2 adults and 2 children Catering: Self catered Located on floor 1 ...",https://www.allchalets.com/holiday-rentals/35217-apartment-in-alpe-d-huez-france,allChalets,rescrape-allchalets,5,chalets/images/allchalets-apartment-details-35217/,2026-10-06,hot tub not in facility list/description; no rate table on allChalets
allchalets-chalet-lauziere,,,,,,,,,,,,self-catered,,,,,,,,,,,,,,,,,,,,allChalets,rescrape-allchalets,,,2026-10-06,allChalets: https://www.allchalets.com/holiday-rentals/48141-chalet-in-alpe-d-huez-france
allchalets-apartment-39487,Apartment 39487,,Alpe d'Huez,,France,,6,3,2,apartment,self-catered,self-catered,none,no,,,unknown,Saturday,,whole-chalet,EUR,season-range,2200,4300,,,no,,,"Within the new residence of Les Fermes de l’Alpe, discover apartment C201, located on the second floor of building C. Spanning 108 sq.m, it comfortably accommodates 4 adults and 2 children. Its refined décor and the use of local materials ...",https://www.allchalets.com/holiday-rentals/39487-apartment-in-alpe-d-huez-france,allChalets,rescrape-allchalets,5,chalets/images/allchalets-apartment-39487/,2026-10-06,hot tub not in facility list/description; unnamed listing; headline: 
allchalets-apartment-43032,,,,,,,,,,,,,,,,,,,,,,,,,,,,,,,,allChalets,rescrape-allchalets,,,2026-10-06,allChalets: https://www.allchalets.com/holiday-rentals/43032-apartment-in-alpe-d-huez-france; range EUR 2600-5200 whole-chalet; available 20 Mar: no
maeva-chalet-lievre-blanc,,,,,,,,,,,,,,,,,,,,,,,,,,,,,,,,allChalets,rescrape-allchalets,5,chalets/images/maeva-chalet-lievre-blanc/,2026-10-06,allChalets: https://www.allchalets.com/holiday-rentals/62167-chalet-in-alpe-d-huez-france; range EUR 9887-30505 whole-chalet; available 20 Mar: no
allchalets-apartment-47035,Apartment 47035,,Alpe d'Huez,,France,,4,1,1,apartment,self-catered,self-catered,none,yes,"steam room, swimming pool, indoor pool, boot dryer, gym",,yes,,,,,quote-needed,,,,,no,,,"Modern apartment over looking the mountains and ski runs. Open plan living area with access to a balcony . Located in the Les Bergers area of Alpe d'Heuz, and set in a new ski-in ski-out residence the apartment has access ...",https://www.allchalets.com/holiday-rentals/47035-apartment-in-alpe-d-huez-france,allChalets,rescrape-allchalets,5,chalets/images/allchalets-apartment-47035/,2026-10-06,hot tub not in facility list/description; no rate table on allChalets; unnamed listing; headline: Ski-in Ski-out apartment in Alpe d'Huez - wellness centre with pool
allchalets-apartment-60076,,,,,,,,,,,,,,,,,,,,,,,,,,,,,,,,allChalets,rescrape-allchalets,,,2026-10-06,allChalets: https://www.allchalets.com/holiday-rentals/60076-apartment-in-alpe-d-huez-france; 20 Mar EUR 1487 whole-chalet; range EUR 1033-3845 whole-chalet; available 20 Mar: no
allchalets-apartment-62993,,,,,,,,,,,,,,,,,,,,,,,,,,,,,,,,allChalets,rescrape-allchalets,,,2026-10-06,allChalets: https://www.allchalets.com/holiday-rentals/62993-apartment-in-alpe-d-huez-france; range EUR 1906-8257 whole-chalet; available 20 Mar: no
allchalets-residence-prestige-l-eclose,,,,,,,,,,,,self-catered,,,,,,,,,,,,,,,,,,,,allChalets,rescrape-allchalets,,,2026-10-06,allChalets: https://www.allchalets.com/holiday-rentals/57365-apartment-in-alpe-d-huez-france; range EUR 2126-9464 whole-chalet; available 20 Mar: no
allchalets-residence-prestige-l-eclose-57356,,,,,,,,,,,,self-catered,,,,,,,,,,,,,,,,,,,,allChalets,rescrape-allchalets,,,2026-10-06,allChalets: https://www.allchalets.com/holiday-rentals/57356-apartment-in-alpe-d-huez-france; range EUR 2010-9353 whole-chalet; available 20 Mar: no
allchalets-apartment-57032,,,,,,,,,,,,,,,,,,,,,,,,,,,,,,,,allChalets,rescrape-allchalets,,,2026-10-06,allChalets: https://www.allchalets.com/holiday-rentals/57032-apartment-in-alpe-d-huez-france; 20 Mar EUR 1706 whole-chalet; range EUR 1151-4320 whole-chalet; available 20 Mar: no
allchalets-residence-prestige-l-eclose-57345,,,,,,,,,,,,self-catered,,,,,,,,,,,,,,,,,,,,allChalets,rescrape-allchalets,,,2026-10-06,allChalets: https://www.allchalets.com/holiday-rentals/57345-apartment-in-alpe-d-huez-france; range EUR 1845-8498 whole-chalet; available 20 Mar: no
allchalets-chalet-57021,,,,,,,,,,,,,,,,,,,,,,,,,,,,,,,,allChalets,rescrape-allchalets,,,2026-10-06,allChalets: https://www.allchalets.com/holiday-rentals/57021-chalet-in-alpe-d-huez-france; range EUR 1044-4101 whole-chalet; available 20 Mar: no
allchalets-chalet-diane,,,,,,,,,,,self-catered,self-catered,,,,,,,,,,,,,,,,,,,,allChalets,rescrape-allchalets,,,2026-10-06,allChalets: https://www.allchalets.com/holiday-rentals/35099-chalet-in-alpe-d-huez-france; available 20 Mar: no
allchalets-chalet-nuance-22811,,,,,,,,,,,,,,,,,,,,,,,,,,,,,,,,allChalets,rescrape-allchalets,,,2026-10-06,allChalets: https://www.allchalets.com/holiday-rentals/22811-chalet-in-alpe-d-huez-france; available 20 Mar: no
allchalets-chalet-22742,,,,,,,,,,,self-catered,self-catered,,,,,,,,,,,,,,,,,,,,allChalets,rescrape-allchalets,,,2026-10-06,allChalets: https://www.allchalets.com/holiday-rentals/22742-chalet-in-alpe-d-huez-france; available 20 Mar: no
allchalets-chalet-de-louis,,,,,,,,,,,,,,,,,,,,,,,,,,,,,,,,allChalets,rescrape-allchalets,,,2026-10-06,allChalets: https://www.allchalets.com/holiday-rentals/16294-chalet-in-alpe-d-huez-france; available 20 Mar: no
allchalets-chalet-de-sarenne,,,,,,,,,,,self-catered,self-catered,,,,,,,,,,,,,,,,,,,,allChalets,rescrape-allchalets,,,2026-10-06,allChalets: https://www.allchalets.com/holiday-rentals/19093-chalet-in-alpe-d-huez-france; available 20 Mar: no
allchalets-chalet-36119,,,,,,,,,,,,,,,,,,,,,,,,,,,,,,,,allChalets,rescrape-allchalets,,,2026-10-06,allChalets: https://www.allchalets.com/holiday-rentals/36119-chalet-in-alpe-d-huez-france; 20 Mar GBP 1609 per-person; range GBP 1369-2698 per-person; available 20 Mar: no
allchalets-studio-12492,Studio 12492,,Alpe d'Huez,,France,,4,,1,studio,self-catered,self-catered,none,no,"swimming pool, indoor pool, table tennis",,unknown,,,,,quote-needed,,,,,unknown,,,"Studio in Les Horizons d'Huez with 1 living area, 1 sleeping alcove, 1 kitchenette, 1 shower room and 1 toilet Studio details: Sleeps 4 Livingroom: 1 daybed with 1 pull-out bed (recommended for children) and 1 sleeping alcove with bunk ...",https://www.allchalets.com/holiday-rentals/12492-studio-in-alpe-d-huez-france,allChalets,rescrape-allchalets,5,chalets/images/allchalets-studio-12492/,2026-10-06,hot tub not in facility list/description; no rate table on allChalets; unnamed listing; headline: Les Horizons d'Huez - 5 people - 1 sleeping alcove - Standard
allchalets-apartment-28205,Apartment 28205,,Alpe d'Huez,,France,,4,1,1,apartment,self-catered,self-catered,none,no,"swimming pool, indoor pool, table tennis",,unknown,,,,,quote-needed,,,,,unknown,,,"Apartment in Les Horizons d'Huez with 1 living area, 1 bedroom, 1 kitchenette, 1 shower and 1 toilet Apartment details: 1 bedroom - sleeps 4 Livingroom: 1 daybed with 1 pull-out bed (recommended for children) and 1 raised bed Kitchen: ...",https://www.allchalets.com/holiday-rentals/28205-apartment-in-alpe-d-huez-france,allChalets,rescrape-allchalets,5,chalets/images/allchalets-apartment-28205/,2026-10-06,hot tub not in facility list/description; no rate table on allChalets; unnamed listing; headline: Les Horizons d'Huez - 4 people - 1 bedroom - Standard
