chalet_id,chalet_name,operator,village,ski_area,country,sleeps_min,sleeps_max,bedrooms,bathrooms,property_type,board,catering_detail,hot_tub,sauna,other_facilities,distance_to_lift_m,ski_in_out,changeover_day,price_week_20_27_mar_2027,price_basis,price_currency,price_type,price_range_low,price_range_high,price_per_bed,price_includes,available_20_27_mar,combines,same_as,description,url,listed_on,found_via,image_count,image_dir,date_checked,notes
sno-chalet-katalin,Chalet Katalin,unknown (sold via Sno),Tignes Val Claret,Espace Killy,France,,8,4,4,chalet,catered,Welcome vin chaud; Hearty continental breakfast (7 days); Hot breakfast options provided by hosts (5 days); Homemade afternoon tea and cake (6 days); Delicious three-course evening menu (5 days); Two-course Alpine speciality (1 day); A selection of hand-picked silver level wines (6 days); Hearty set,shared,yes,"Ski In/Out, Sauna / Steam room, Room With Cots, Hot tub, Heated boot warmers, Free WiFi, Close to resort centre, All rooms en suite",25,yes,Saturday,1629,per-person,GBP,exact-week,1519,1629,,"package via Sno: Accommodation, Catered, Flights Included, Transfers",yes,,,"Unbeatable ski-in/ski-out location by the Tufs lift, with wellness facilities and alpine charm - Chalet Katalin is made for effortless, stylish ski holidays. Chalet Katalin is a stylish, spacious chalet in an ideal ski-in/ski-out spot in Val Claret, just steps",https://www.sno.co.uk/ski-holidays/chalet-katalin_18814/,Sno,site-sno,5,chalets/images/sno-chalet-katalin/,2026-10-05,"Sno 20 Mar 2027: £1629pp with 8 sharing from Gatwick; price range = Sno dates priced for 8 sharing from Gatwick; operator not named on Sno (image code wlc); apartment-style chalet on 3rd floor of residence; shared spa (hot tub, sauna, steam) with Chalets Sarah, Phoebe, Catherine, Teresa, Hera"
sno-arolay-penthouse,Arolay Penthouse,unknown (sold via Sno),Le Fornet,Espace Killy,France,,8,4,4,apartment,self-catered,,none,no,"Interior, Sleeps 8, 155 Square metres, 4 Bedrooms, 4 Individual beds, 4 Bathrooms, 1 Additional WCs, 8 Dining table seats, 8 Living area seats, Appliances, Bluetooth speaker, Smart TV, Wifi, Additiona",,unknown,Sunday,1224,per-person,GBP,exact-week,951,1536,,"package via Sno: Accommodation, Room Only, Without Flights",yes,,,"High altitude, quadruple-aspect duplex penthouse with sweeping mountain views in all directions Perched at 1930m in the tranquil Le Fornet area of Val d’Isère, the luxuriously appointed and beautifully decorated Arolay Penthouse offers a unique alpine experience as one of",https://www.sno.co.uk/ski-holidays/arolay-penthouse_21482/,Sno,site-sno,5,chalets/images/sno-arolay-penthouse/,2026-10-05,"Sno 20 Mar 2027: £1224pp with 8 sharing from AO; price range = Sno dates priced for 8 sharing from AO; operator not named on Sno (image code wlc); room only (accommodation only, no flights); Sunday changeover; Le Fornet lift 5-min walk; price for 8 sharing same as 2 sharing; no hot tub listed in facilities"
sno-aspen-house-loft-1,Aspen House Loft 1,unknown (sold via Sno),Val d'Isère,Espace Killy,France,,6,3,3,apartment,catered,Our Executive Chef is passionate about food and hugely sensitive to the appetite of a hungry skier whilst considering a balanced diet. The new and refined menus are heavy enough to reward mountain exertion yet light and simple enough to leave you grinning not groaning.; All our catered ski holidays ,shared,yes,"Log fire, Balcony, WiFi in all rooms, Flat screen TV with UK TV in each bedroom, Ski room with individual ski lockers and boot warmers, Spa with Sauna and Hammam, Private garage parking, Not suitable ",,unknown,Sunday,2154,per-person,GBP,exact-week,1299,4289,,"package via Sno: Accommodation, Catered, Without Flights, Transfers",yes,,,"* Access to Spa with Sauna & Hammam * This wonderful property in the very heart of Val d'Isère sleeps 6 guests in absolute comfort. A vaulted ceiling gives loads of character to this handsome penthouse loft, with spacious open",https://www.sno.co.uk/ski-holidays/aspen-house-loft-1_18315/,Sno,site-sno,5,chalets/images/sno-aspen-house-loft-1/,2026-10-05,"Sno 20 Mar 2027: £2154pp with 6 sharing from AO; price range = Sno dates priced for 6 sharing from AO; operator not named on Sno (image code wlc); penthouse loft in Aspen House, VdI centre; building spa (sauna, hammam, large tiled jacuzzi) shared; package without flights incl transfers"
sno-aspen-house-loft-2,Aspen House Loft 2,unknown (sold via Sno),Val d'Isère,Espace Killy,France,8,10,4,4,apartment,catered,Our Executive Chef is passionate about food and hugely sensitive to the appetite of a hungry skier whilst considering a balanced diet. The new and refined menus are heavy enough to reward mountain exertion yet light and simple enough to leave you grinning not groaning.; All our catered ski holidays ,shared,yes,"Log fire, Balcony, WiFi in all rooms, Flat screen TV with UK TV in each bedroom, Ski room with individual ski lockers and boot warmers, Spa with Sauna and Hammam, Private garage parking, Not suitable ",,unknown,Sunday,2154,per-person,GBP,exact-week,1299,4289,,"package via Sno: Accommodation, Catered, Without Flights, Transfers",yes,,,"* Access to Spa with Sauna & Hammam * In the very heart of Val d'Isère, Loft 2 Aspen House is a penthouse suite of the very highest quality. The Loft sleeps 8-10 guests in four en suite bedrooms, one",https://www.sno.co.uk/ski-holidays/aspen-house-loft-2_18316/,Sno,site-sno,5,chalets/images/sno-aspen-house-loft-2/,2026-10-05,"Sno 20 Mar 2027: £2154pp with 8 sharing from AO; price range = Sno dates priced for 8 sharing from AO; operator not named on Sno (image code wlc); penthouse suite in Aspen House, VdI centre, 4 en-suite bedrooms (one with bunks); building spa (sauna, hammam, large tiled jacuzzi) shared; package without flights incl transfers"
sno-aspen-house-loft-3,Aspen House Loft 3,unknown (sold via Sno),Val d'Isère,Espace Killy,France,,4,2,2,apartment,catered,Our Executive Chef is passionate about food and hugely sensitive to the appetite of a hungry skier whilst considering a balanced diet. The new and refined menus are heavy enough to reward mountain exertion yet light and simple enough to leave you grinning not groaning.; All our catered ski holidays ,shared,yes,"Log fire, Balcony, WiFi in all rooms, Flat screen TV with UK TV in each bedroom, Ski room with individual ski lockers and boot warmers, Spa with Sauna and Hammam, Private garage parking, Not suitable ",,unknown,Sunday,2154,per-person,GBP,exact-week,1299,4289,,"package via Sno: Accommodation, Catered, Without Flights, Transfers",yes,,,* Access to Spa with Sauna & Hammam * Loft 3 is a spectacular vaulted suite at the very top of Aspen House in the heart of Val d'Isère. It's completely unique to have a glamorous property such as this,https://www.sno.co.uk/ski-holidays/aspen-house-loft-3_18317/,Sno,site-sno,5,chalets/images/sno-aspen-house-loft-3/,2026-10-05,"Sno 20 Mar 2027: £2154pp with 4 sharing from AO; price range = Sno dates priced for 4 sharing from AO; operator not named on Sno (image code wlc); top-floor suite in Aspen House, VdI centre; building spa (sauna, hammam, large tiled jacuzzi) shared; package without flights incl transfers; same Sno prices as Lofts 1-2"
sno-chalet-1850,Chalet 1850,unknown (sold via Sno),Val d'Isère,Espace Killy,France,8,12,5,4,chalet,self-catered,,private-indoor,yes,"Interior, Sleeps 8+4, 216 Square metres, 5 Bedrooms, 8 Individual beds, 4 Bathrooms, 1 Additional WCs, 10 Dining table seats, 8 Living area seats, Appliances, TV, Wifi, Wellness and Relaxation, Balcon",,no,Sunday,2275,per-person,GBP,exact-week,1652,2658,,"package via Sno: Accommodation, Room Only, Without Flights",yes,,,"Alpine chic chalet with spa, nestled in an exclusive enclave in Val d'Isère Chalet 1850 is a beautiful and authentic newly built chalet. Nestled in an exclusive enclave at the forest's edge, mere minutes from Val d'Isere's village and the",https://www.sno.co.uk/ski-holidays/chalet-1850_21496/,Sno,site-sno,5,chalets/images/sno-chalet-1850/,2026-10-05,"Sno 20 Mar 2027: £2275pp with 8 sharing from AO; price range = Sno dates priced for 8 sharing from AO; operator not named on Sno (image code wlc); room only (no flights); semi-detached new-build; spa floor with indoor hot tub + sauna; 3-min drive to La Daille/centre lifts, 15-min walk to centre"
sno-chalet-1855,Chalet 1855,unknown (sold via Sno),Val d'Isère,Espace Killy,France,8,12,5,5,chalet,self-catered,,private-indoor,yes,"Interior, Sleeps 8+4, 315 Square metres, 5 Bedrooms, 5 Bathrooms, 1 Additional WCs, 10 Dining table seats, 8 Living area seats, Appliances, TV, Wifi, Entertainment, Dedicated cinema room, TV snug, Wel",,no,Sunday,,per-person,GBP,season-range,1854,4604,,"package via Sno: Accommodation, Self Catering, Without Flights",unknown,,,"Chalet 1855 is an Alpine Chic chalet with everything you could wish for when staying in the French Alps Chalet 1855 is a stunning, newly built chalet in the French Alps. With room for 8+4 guests across five floors, it’s",https://www.sno.co.uk/ski-holidays/chalet-1855_21491/,Sno,site-sno,5,chalets/images/sno-chalet-1855/,2026-10-05,"Sno: no 20 Mar 2027 departure listed; price range = Sno dates priced for 8 sharing from AO; operator not named on Sno (image code wlc); self-catering (no flights); Le Bosset area, 9-min walk to lifts/centre; spa floor with indoor hot tub, sauna, hammam, indoor pool, cinema; Sunday weeks to 14 Mar shown, 21 Mar not offered (probably booked)"
sno-chalet-abade,Chalet Abade,unknown (sold via Sno),Val d'Isère,Espace Killy,France,10,12,5,5,chalet,self-catered,,private-outdoor,unknown,"Interior, Sleeps 10 + 2, 280 Square metres, 5 Bedrooms, 8 Individual beds, 5 Bathrooms, 1 Additional WCs, 12 Dining table seats, Appliances, Apple TV, TV, Satellite, Sonos, Wifi, Wellness and Relaxati",,no,Sunday,2371,per-person,GBP,exact-week,2046,2371,,"package via Sno: Accommodation, Self Catering, Without Flights",yes,,,"A STUNNING NEWLY COMPLETED LUXURY ALPINE CHALET, WITH FIVE BEDROOMS AND INCREDIBLE LOCATION. CHALET ABADE SEAMLESSLY COMBINES TRADITIONAL CRAFTSMANSHIP WITH MODERN DESIGN AND COMFORT. All images are computer generated; photos of the property are coming soon. Sleeping up to 12",https://www.sno.co.uk/ski-holidays/chalet-abade_18811/,Sno,site-sno,5,chalets/images/sno-chalet-abade/,2026-10-05,"Sno 20 Mar 2027: £2371pp with 10 sharing from AO; price range = Sno dates priced for 10 sharing from AO; operator not named on Sno (image code wlc); self-catering (no flights); newly completed stand-alone chalet (CGI images only); outdoor hot tub, hammam, cinema; ~15-min walk to centre"
sno-chalet-acajuma,Chalet Acajuma,unknown (sold via Sno),Val d'Isère,Espace Killy,France,,12,5,5,chalet,self-catered,"Premium Contactless Catering Service; Your chalet will be ready on arrival - beds made, dinner ready and fridges stocked*, wine-cellars replenished, skis and lift passes all booked. But you won't see us. We'll be at the end of the phone, but there will be no contact, unless you need it. We will visi",private-indoor,yes,"indoor hot tub, sauna, fireplace, underfloor heating",,no,Sunday,827,per-person,GBP,exact-week,680,1592,,"package via Sno: Accommodation, Self Catering, Without Flights",yes,,,"Chalet Acajuma is a stylish and high quality property, with a finish that blends chic modern furnishings with traditional Savoyard architecture. With five bedrooms spread across four floors and space to accommodate up to twelve guests, this beautiful property would",https://www.sno.co.uk/ski-holidays/chalet-acajuma_18672/,Sno,site-sno,5,chalets/images/sno-chalet-acajuma/,2026-10-05,"Sno 20 Mar 2027: £827pp with 10 sharing from AO; price range = Sno dates priced for 10 sharing from AO; operator not named on Sno (image code wlc); listed as self catering (no flights); page also describes optional Premium Contactless Catering Service (meals left ready, no staff); Route du Petit Alaska, few minutes walk to high street; 5 en-suite bedrooms"
sno-chalet-aigle-royal,Chalet Aigle Royal,unknown (sold via Sno),Tignes Le Lac,Espace Killy,France,,11,5,5,chalet,catered,"full-service chalet catering with wine 6 nights (adults), child catering 7 evenings",yes-type-unknown,yes,"sauna, steam room, hot tub, log burner, lift, playroom (shared with La Perle), boot warmers",,partial,Saturday,,per-person,GBP,season-range,1419,2349,,"package via Sno: Accommodation, Catered, Flights Included, Transfers",no,,,"NB: This is a ""family"" chalet, so all bookings must include at least one child or teenager. New for the 2025-2026 season! Chalet Aigle Royal is a lovely chalet sleeping up to 11 guests. The chalet is beautifully decorated and",https://www.sno.co.uk/ski-holidays/chalet-aigle-royal_21515/,Sno,site-sno,5,chalets/images/sno-chalet-aigle-royal/,2026-10-05,"Sno 20 Mar 2027: Sold Out; price range = Sno dates priced for 2 sharing from Gatwick; operator not named on Sno (image code wlc); FAMILY chalet: bookings must include a child/teen; childcare offered; new 2025-26; Les Almes quarter of Le Lac, ski almost to door, Chaudannes piste 25m; Sno only offered 2 sharing pricing, range is for 2 sharing"
sno-chalet-alaska,Chalet Alaska,unknown (sold via Sno),Tignes Le Lac,Espace Killy,France,,20,9,,chalet,catered,"Cooked and continental breakfasts; Afternoon tea on your return from the slopes; Pre-dinner apéritif and canapés; 3-course dinners with complimentary wine; What's included in Catered Ski Chalet; You can expect some wonderful cuisine in our catered ski chalets, where you’ll never have to lift a finge",yes-type-unknown,yes,,,partial,Saturday,,per-person,GBP,season-range,1109,2179,,"package via Sno: Accommodation, Catered, Flights Included, Transfers",no,,,"Chalet Alaska was new to the portfolio for 2023/24 and is conveniently positioned in the chalet quarter of Les Almes, close to our La Perle chalet. It’s just over a minute’s walk to the top of the road where you",https://www.sno.co.uk/ski-holidays/chalet-alaska_19543/,Sno,site-sno,5,chalets/images/sno-chalet-alaska/,2026-10-05,"Sno 20 Mar 2027: Sold Out; price range = Sno dates priced for 2 sharing from Heathrow; operator not named on Sno (image code wlc); Les Almes chalet quarter of Le Lac, same operator as La Perle/Aigle Royal; all bedrooms en-suite; sauna + hot tub; Sno only offered 2-sharing pricing (Heathrow), range is for 2 sharing"
sno-chalet-alberta,Chalet Alberta,unknown (sold via Sno),Val d'Isère,Espace Killy,France,,8,4,4,chalet,catered,"Cooked and continental breakfasts; Afternoon tea on your return from the slopes; Pre-dinner apéritif and canapés; 3-course dinners with complimentary wine; What's included in Catered Ski Chalet; You can expect some wonderful cuisine in our catered ski chalets, where you’ll never have to lift a finge",none,unknown,,,no,unknown,,per-person,GBP,season-range,1189,2279,,"package via Sno: Accommodation, Catered, Flights Included, Transfers",unknown,,,"Chalet Alberta offers a spacious and stylish living area where you can relax by the fire and compare stories of your day exploring the wonders of Val d’Isère, both on and off the snow. Chalet Alberta is just a short",https://www.sno.co.uk/ski-holidays/chalet-alberta_19123/,Sno,site-sno,5,chalets/images/sno-chalet-alberta/,2026-10-05,Sno: no 20 Mar 2027 departure listed; price range = Sno dates priced for 2 sharing from Heathrow; operator not named on Sno (image code wlc); no hot tub mentioned on Sno page; short walk to Olympique/Solaise lifts; 20 Mar not offered (13 & 27 Mar priced) - probably booked; per-person pricing only offered for 2 sharing
sno-chalet-angelus-1,Chalet Angelus 1,unknown (sold via Sno),Val d'Isère,Espace Killy,France,,14,,,chalet,breakfast-only,,none,unknown,"lift, wood fireplace, indoor pool, hammam, private spa, parking, boot heaters",150,no,Sunday,,per-person,GBP,season-range,1122,2118,,"package via Sno: Accommodation, Bed & Breakfast, Without Flights",no,,,"The Angelus is a magnificent chalet ideally located in one of the most sought-after areas of Val d'Isère: the Vieux Village, right in the centre of the resort and only 150 metres from the ski slopes. Chalet Angelus is a",https://www.sno.co.uk/ski-holidays/chalet-angelus-1_21911/,Sno,site-sno,5,chalets/images/sno-chalet-angelus-1/,2026-10-05,"Sno 20 Mar 2027: Sold Out; price range = Sno dates priced for 14 sharing from AO; operator not named on Sno (image code wlc); bed & breakfast, no flights; Vieux Village, 150m to slopes; 264 sqm on 4 levels; hot tub not in detailed equipment list"
sno-chalet-angelus-2,Chalet Angelus 2,unknown (sold via Sno),Val d'Isère,Espace Killy,France,,12,,,chalet,half-board,,none,yes,"swimming pool, sauna, lift, garage, wood fireplace, boot heaters",200,no,Sunday,3314,per-person,GBP,exact-week,2268,4624,,"package via Sno: Accommodation, Half Board, Without Flights",yes,,,"Completely renovated, Chalet Angelus 2, located in the old village of Val d'Isère less than 150 m from the slopes, is a very welcoming family chalet. This chalet enjoys a privileged location, nestling in the heart of the village, close",https://www.sno.co.uk/ski-holidays/chalet-angelus-2_22484/,Sno,site-sno,5,chalets/images/sno-chalet-angelus-2/,2026-10-05,"Sno 20 Mar 2027: £3314pp with 10 sharing from AO; price range = Sno dates priced for 10 sharing from AO; operator not named on Sno (image code wlc); half board, no flights; old village, <150m to slopes; hot tub not in equipment list"
sno-chalet-appaloosa,Chalet Appaloosa,unknown (sold via Sno),Val d'Isère,Espace Killy,France,,12,6,,chalet,catered,"Cooked and continental breakfasts; Afternoon tea on your return from the slopes; Pre-dinner apéritif and canapés; 3-course dinners with complimentary wine; What's included in Catered Ski Chalet; You can expect some wonderful cuisine in our catered ski chalets, where you’ll never have to lift a finge",private-indoor,no,"wellness area with large hot tub and steam room, lift",,no,Saturday,1239,per-person,GBP,exact-week,989,2179,,"package via Sno: Accommodation, Catered, Flights Included, Transfers",yes,,,"Chalet Appaloosa is a lovely chalet that sits perched above the town, just a short walk up the hill from Rue de la Balme and our other Val d’Isère chalets. It is built into the steep hillside so offers enticing",https://www.sno.co.uk/ski-holidays/chalet-appaloosa_19546/,Sno,site-sno,5,chalets/images/sno-chalet-appaloosa/,2026-10-05,"Sno 20 Mar 2027: £1239pp with 2 sharing from Heathrow; price range = Sno dates priced for 2 sharing from Heathrow; operator not named on Sno (image code wlc); above Rue de la Balme, village centre 4-min walk, bus stop 100m; per-person pricing only offered at 2 sharing (Heathrow)"
sno-chalet-arda,Chalet Arda,unknown (sold via Sno),Val d'Isère,Espace Killy,France,,8,4,,chalet,self-catered,,private-outdoor,unknown,"WiFi Access, Nordic hot tub, Balcony/Terrace, Fireplace, Beds made on arrival, Included linen packs, Car Park",,no,Saturday,,per-person,GBP,season-range,937,1900,,"package via Sno: Accommodation, Self Catering, Without Flights",no,,,"The chalet's traditional alpine wood and stone architecture has been seamlessly blended with luxurious modern touches, creating an idyllic space for you to retreat to after a long day on the slopes.Entrance to the chalet is on the first floor,",https://www.sno.co.uk/ski-holidays/chalet-arda_21010/,Sno,site-sno,5,chalets/images/sno-chalet-arda/,2026-10-05,"Sno 20 Mar 2027: Sold Out; price range = Sno dates priced for 8 sharing from AO; operator not named on Sno (image code wlc); self catering, no flights; Petit Alaska hamlet, 8-min walk to slopes/centre; facilities list ""Nordic hot tub"" (assumed outdoor); bedrooms inferred from description (first + 2 doubles + more), check"
sno-chalet-arktic,Chalet Arktic,unknown (sold via Sno),Tignes Le Lac,Espace Killy,France,14,15,7,,chalet,catered,"Our catered chalets mean there is no need to worry about a shopping trip whilst on holiday, as you will be looked after by us from arrival right to departure.; Staff night off is once a week when there is no afternoon tea or dinner, so on this day you can explore the local restaurants in Tignes. Bre",yes-type-unknown,yes,"Sun terrace with amazing mountain views over the lake to Val Claret and the Tignes ski bowl, Lounge with 'floating' fireplace, Wellness area with sauna and whirlpool, Heated ski and boot room, Free Wi",150,no,Saturday,1609,per-person,GBP,exact-week,1409,1839,,"package via Sno: Accommodation, Catered, Flights Included, Transfers",yes,,,"Chalet Arktic is one of the most popular ski chalets in Tiges. Perched slightly above the resort, you can enjoy stunning mountain views stretching over the lake towards Val Claret from the shared balcony. The slopes and the Chardonnet ski",https://www.sno.co.uk/ski-holidays/chalet-arktic_18735/,Sno,site-sno,5,chalets/images/sno-chalet-arktic/,2026-10-05,"Sno 20 Mar 2027: £1609pp with 2 sharing from Gatwick; price range = Sno dates priced for 2 sharing from Gatwick; operator not named on Sno (image code wlc); wellness area with sauna + hot tub (unclear if shared; chalet has a shared balcony); 150m Chardonnet drag, 500m Tovière gondola; per-person pricing only at 2 sharing; second Sno listing chalet-arktic_18796 seen in reviews (older code)"
sno-chalet-arosa,Chalet Arosa,unknown (sold via Sno),Val d'Isère,Espace Killy,France,,10,5,5,chalet,self-catered,"Classic Contactless Catering Service; Your chalet will be ready on arrival - beds made, dinner ready and fridges stocked*, wine-cellars replenished, skis and lift passes all booked. But you won't see us. We'll be at the end of the phone, but there will be no contact, unless you need it. You and your",private-outdoor,unknown,"outdoor hot tub on balcony, fireplace, mezzanine, boot dryers",,no,Saturday,855,per-person,GBP,exact-week,747,1640,,"package via Sno: Accommodation, Self Catering, Without Flights",yes,,,"Situated over four levels, the entrance leads to a ski room, a toilet, two shoe dryers and seating area to take off your ski boots and then access the main floor. On this level there are four bedrooms with king",https://www.sno.co.uk/ski-holidays/chalet-arosa_18681/,Sno,site-sno,5,chalets/images/sno-chalet-arosa/,2026-10-05,"Sno 20 Mar 2027: £855pp with 10 sharing from AO; price range = Sno dates priced for 10 sharing from AO; operator not named on Sno (image code wlc); self catering on Sno (no flights) with optional Classic Contactless Catering Service (meals left ready, no staff); sunny corner of main village"
sno-chalet-atacama,Chalet Atacama,unknown (sold via Sno),Le Fornet,Espace Killy,France,,10,4,,chalet,self-catered,"Premium Contactless Catering Service; Your chalet will be ready on arrival - beds made, dinner ready and fridges stocked*, wine-cellars replenished, skis and lift passes all booked. But you won't see us. We'll be at the end of the phone, but there will be no contact, unless you need it. We will visi",none,yes,"wellness area with Jacuzzi bath and sauna, daily cleaning",,no,Sunday,755,per-person,GBP,exact-week,755,2000,,"package via Sno: Accommodation, Self Catering, Without Flights",yes,,,"Atacama is arranged over two levels, located in the same building as Chalet Les Sources de l'Isère. Les Sources is located on the ground floor of the building, while Chalet Atacama occupies the first and second floors – making the",https://www.sno.co.uk/ski-holidays/chalet-atacama_19177/,Sno,site-sno,5,chalets/images/sno-chalet-atacama/,2026-10-05,"Sno 20 Mar 2027: £755pp with 10 sharing from AO; price range = Sno dates priced for 10 sharing from AO; operator not named on Sno (image code wlc); Jacuzzi BATH (whirlpool tub) in wellness area, not a hot tub; 3 doubles + bunk room (sleeps 6+4); same building as Chalet Les Sources de l Isere (combinable for groups); Sunday changeover, 21 Mar £755pp self catering, optional contactless catering"
sno-chalet-azel,Chalet Azel,unknown (sold via Sno),Val d'Isère,Espace Killy,France,,8,,,chalet,catered,"Chalet board:; cooked breakfast, afternoon tea and a 3-course evening meal with unlimited wine at dinner, coffee and mints 5 nights a week. Champagne reception with canapés on your first and last evenings, with canapés and locally made Methode Champenoise on every other catered evening. Cheeseboard ",private-outdoor,yes,"Sleeps 8, Private Catering, Hot Tub, Log fireplace, Sauna, Large lounge and dining area",,no,Sunday,,per-person,GBP,season-range,1525,2116,,"package via Sno: Accommodation, Catered, Flights Included, Transfers",no,,,"STUNNING BRAND NEW CHALET FOR 8 GUESTS We are so pleased to show off one of our newest properties in Val d'Isere, Chalet Azel. It is the brainchild of the same family who built our most beautiful chalet, La Belle",https://www.sno.co.uk/ski-holidays/chalet-azel_21129/,Sno,site-sno,5,chalets/images/sno-chalet-azel/,2026-10-05,"Sno 20 Mar 2027: Sold Out; price range = Sno dates priced for 2 sharing from Gatwick; operator not named on Sno (image code wlc); brand-new chalet below La Belle Etoile (same operator), near the Isère river; outdoor hot tub on balcony; sauna on ground floor for guests; Sunday changeover; 21 Mar sold out"
sno-chalet-bellevarde,Chalet Bellevarde,unknown (sold via Sno),Val d'Isère,Espace Killy,France,,14,,,chalet,catered,"Chalet board:; cooked breakfast, afternoon tea and a 3-course evening meal with unlimited wine at dinner, coffee and mints 5 nights a week. Champagne reception with canapés on your first and last evenings, with canapés and locally made Methode Champenoise on every other catered evening. Cheeseboard ",shared,unknown,"Sleeps 14, Private Catering, Hot Tub, Log fireplace, Beautiful Alpine views, Shuttle service",,no,Sunday,,per-person,GBP,season-range,1309,2803,,"package via Sno: Accommodation, Catered, Flights Included, Transfers",no,,,"AMAZING VIEWS FROM THIS SUPERB CHALET FOR 14 GUESTS Chalet Bellevarde has a very large open plan kitchen, lounge and dining area. The contemporary styling and log fireplace lend the lounge a wonderful warmth and charm. With generous balconies overlooking",https://www.sno.co.uk/ski-holidays/chalet-bellevarde_13389/,Sno,site-sno,5,chalets/images/sno-chalet-bellevarde/,2026-10-05,Sno 20 Mar 2027: Sold Out; price range = Sno dates priced for 2 sharing from Gatwick; operator not named on Sno (image code wlc); two shared outdoor hot tubs in the Cacholet courtyard; all bedrooms en suite; shuttle service; same operator as Azel/Belle Etoile; Sunday changeover; 21 Mar sold out
sno-chalet-blackcomb,Chalet Blackcomb,unknown (sold via Sno),Val d'Isère,Espace Killy,France,,8,4,,chalet,catered,"Cooked and continental breakfasts; Afternoon tea on your return from the slopes; Pre-dinner apéritif and canapés; 3-course dinners with complimentary wine; What's included in Catered Ski Chalet; You can expect some wonderful cuisine in our catered ski chalets, where you’ll never have to lift a finge",private-outdoor,unknown,"balcony hot tub, open fire",,no,Saturday,1599,per-person,GBP,exact-week,1349,2039,,"package via Sno: Accommodation, Catered, Flights Included, Transfers",yes,,,"We are really excited to offer Chalet Blackcomb, a beautiful high-quality chalet with superb living accommodation and all the traditional alpine charm you would expect to find in a first class resort like Val d’Isère. With exposed beams, stunning balcony",https://www.sno.co.uk/ski-holidays/chalet-blackcomb_19119/,Sno,site-sno,5,chalets/images/sno-chalet-blackcomb/,2026-10-05,Sno 20 Mar 2027: £1599pp with 2 sharing from Heathrow; price range = Sno dates priced for 2 sharing from Heathrow; operator not named on Sno (image code wlc); hot tub on balcony accessed from rooms 2/3; short walk to Olympique/Solaise lifts; same operator template as Alberta/Appaloosa; per-person pricing only at 2 sharing (Heathrow)
sno-chalet-brunswick,Chalet Brunswick,unknown (sold via Sno),Val d'Isère,Espace Killy,France,,12,6,,chalet,catered,"Cooked and continental breakfasts; Afternoon tea on your return from the slopes; Pre-dinner apéritif and canapés; 3-course dinners with complimentary wine; What's included in Catered Ski Chalet; You can expect some wonderful cuisine in our catered ski chalets, where you’ll never have to lift a finge",private-outdoor,unknown,"balcony hot tub, log fire",,no,Saturday,,per-person,GBP,season-range,1329,2539,,"package via Sno: Accommodation, Catered, Flights Included, Transfers",no,,,"Chalet Brunswick is a charming chalet with traditional Alpine charm and atmosphere. Add the plush furnishings and a welcoming log fire and Chalet Brunswick truly has a lovely warm, cosy feel. Each bedroom offers unique touches including USB charging points",https://www.sno.co.uk/ski-holidays/chalet-brunswick_19121/,Sno,site-sno,5,chalets/images/sno-chalet-brunswick/,2026-10-05,Sno 20 Mar 2027: Sold Out; price range = Sno dates priced for 2 sharing from Heathrow; operator not named on Sno (image code wlc); balcony hot tub with Solaise views; short walk to lifts/village; 20 Mar sold out
sno-chalet-camille,Chalet Camille,unknown (sold via Sno),Tignes Le Lavachet,Espace Killy,France,,14,7,,chalet,catered,"Cooked and continental breakfasts; Afternoon tea on your return from the slopes; Pre-dinner apéritif and canapés; 3-course dinners with complimentary wine; What's included in Catered Ski Chalet; You can expect some wonderful cuisine in our catered ski chalets, where you’ll never have to lift a finge",private-indoor,yes,ground-floor wellness with indoor hot tub and sauna,30,yes,Saturday,1479,per-person,GBP,exact-week,1229,2419,,"package via Sno: Accommodation, Catered, Flights Included, Transfers",yes,,,"Chalet Camille is a newly refurbished, free-standing chalet that could not be better located in Le Lavachet, just 30m from the piste with the Paquis and Chaudanne chairlifts in front of the chalet. The Chalet Isabelle is situated next door.",https://www.sno.co.uk/ski-holidays/chalet-camille_19681/,Sno,site-sno,5,chalets/images/sno-chalet-camille/,2026-10-05,"Sno 20 Mar 2027: £1479pp with 2 sharing from Heathrow; price range = Sno dates priced for 2 sharing from Heathrow; operator not named on Sno (image code wlc); free-standing, refurbished 2023, 30m from piste, Paquis/Chaudanne chairs in front; next door to Chalet Isabelle (same operator as Alaska/La Perle); per-person pricing only at 2 sharing (Heathrow)"
sno-chalet-casa-rivas,Chalet Casa Rivas,unknown (sold via Sno),Val d'Isère,Espace Killy,France,10,12,5,5,chalet,catered,Welcome vin chaud; Hearty continental breakfast (7 days); Hot breakfast options provided by hosts (5 days); Homemade afternoon tea and cake (6 days); Delicious three-course evening menu (5 days); Two-course Alpine speciality (1 day); A selection of hand-picked silver level wines (6 days); Hearty set,none,no,"Heated boot warmers, Free WiFi, Close to Ski School, Close to piste, All rooms en suite",250,unknown,Sunday,,per-person,GBP,,,,,"package via Sno: Accommodation, Catered, Flights Included, Transfers",no,,,"Hand-built and full of heart, Chalet Casa Rivas combines style, cosy mountain character with a premium location just 200m from the Bellevarde lifts. Chalet Casa Rivas is a warm and inviting chalet in the heart of Val d'Isere, just 200m",https://www.sno.co.uk/ski-holidays/chalet-casa-rivas_19587/,Sno,site-sno,5,chalets/images/sno-chalet-casa-rivas/,2026-10-05,Sno 20 Mar 2027: Sold Out; price range = Sno dates priced for 2 sharing from Gatwick; operator not named on Sno (image code wlc); spa baths in every en-suite (no hot tub); 200m Bellevarde Express; 21 Mar sold out; Sno 2-sharing prices erratic (£1099-£10645) so range omitted; same operator template as Katalin
sno-chalet-catherine,Chalet Catherine,unknown (sold via Sno),Tignes Val Claret,Espace Killy,France,,8,4,,apartment,catered,Welcome vin chaud; Hearty continental breakfast (7 days); Hot breakfast options provided by hosts (5 days); Homemade afternoon tea and cake (6 days); Delicious three-course evening menu (5 days); Two-course Alpine speciality (1 day); A selection of hand-picked silver level wines (6 days); Hearty set,shared,yes,"Ski In/Out, Sauna / Steam room, Room With Cots, Hot tub, Heated boot warmers, Free WiFi, Close to resort centre, All rooms en suite",25,yes,Saturday,1629,per-person,GBP,exact-week,1019,1654,,"package via Sno: Accommodation, Catered, Flights Included, Transfers",yes,,,"A superbly located chalet-apartment in Val Claret, Chalet Catherine combines ski-in/ski-out access with spacious en-suite rooms and a balcony perfect for toasting overlooking the Bollin piste. Chalet Catherine is a stylish and spacious 4+ star chalet-apartment in Tignes Val Claret",https://www.sno.co.uk/ski-holidays/chalet-catherine_18813/,Sno,site-sno,5,chalets/images/sno-chalet-catherine/,2026-10-05,"Sno 20 Mar 2027: £1629pp with 2 sharing from Gatwick; price range = Sno dates priced for 2 sharing from Gatwick; operator not named on Sno (image code wlc); chalet-apartment (2nd floor) in Val Claret residence next to Tufs lift; shared spa (jacuzzi, sauna, steam) with Sarah/Phoebe/Katalin/Teresa/Hera; text says 3 en-suite bedrooms but 4 room entries listed"
sno-chalet-thovex,Chalet Thovex,unknown (sold via Sno),Val d'Isère,Espace Killy,France,,12,6,6,chalet,self-catered,,private-outdoor,yes,"General, Wood fireplace, Ski locker, Boots heater, Without elevator, Multimedia, Wifi, TV, Household appliances, Vaccum, Kettle, Bean to cup coffee machine, Washing machine, Dryer, Oven, Not included ",200,no,Saturday,,per-person,GBP,season-range,1054,1763,,"package via Sno: Accommodation, Self Catering, Without Flights",no,,,"The chalet Thovex lies at the very heart of Val d'Isère. Spread out over three stories, 6 en-suite rooms offering both double and twin bedding make Thovex the ideal base for up to 12 guests. Wide sun-drenched balconies offer stunning",https://www.sno.co.uk/ski-holidays/chalet-chalet-thovex_22289/,Sno,site-sno,5,chalets/images/sno-chalet-thovex/,2026-10-05,"Sno 20 Mar 2027: Sold Out; price range = Sno dates priced for 12 sharing from AO; operator not named on Sno (image code wlc); self catering, no flights; heart of village; nordic-style outdoor bath + indoor sauna; Sno name ""Chalet Chalet Thovex"""
sno-chalet-columbia,Chalet Columbia,unknown (sold via Sno),Val d'Isère,Espace Killy,France,,6,3,,chalet,catered,"Cooked and continental breakfasts; Afternoon tea on your return from the slopes; Pre-dinner apéritif and canapés; 3-course dinners with complimentary wine; What's included in Catered Ski Chalet; You can expect some wonderful cuisine in our catered ski chalets, where you’ll never have to lift a finge",private-outdoor,unknown,,,no,Saturday,,per-person,GBP,season-range,1329,2519,,"package via Sno: Accommodation, Catered, Flights Included, Transfers",no,,,Chalet Columbia is perfectly designed for a smaller group or family with its cosy living area and log fire it is great for those atmospheric evenings where you can relax and reflect on the day’s activities. There is also a,https://www.sno.co.uk/ski-holidays/chalet-columbia_19122/,Sno,site-sno,5,chalets/images/sno-chalet-columbia/,2026-10-05,Sno 20 Mar 2027: Sold Out; price range = Sno dates priced for 2 sharing from Heathrow; operator not named on Sno (image code wlc); balcony hot tub; short walk to Olympique/Solaise; 20 Mar sold out
sno-chalet-corniche,Chalet Corniche,unknown (sold via Sno),Tignes Le Lac,Espace Killy,France,,26,10,10,chalet,catered,"full-service chalet catering with wine 6 nights (adults), child catering 7 evenings",private-indoor,yes,"wellness suite with hot tub, sauna, steam room; playroom; kids snug",150,no,Saturday,2019,per-person,GBP,exact-week,1569,2569,,"package via Sno: Accommodation, Catered, Flights Included, Transfers",yes,,,"NB: This is a ""family"" chalet, so all bookings must include at least one child or teenager. New for the 2026-2027 season! Chalet Corniche is a modern and recently renovated property. It sleeps 26 guests over 10 bedrooms and suites,",https://www.sno.co.uk/ski-holidays/chalet-corniche_22851/,Sno,site-sno,5,chalets/images/sno-chalet-corniche/,2026-10-05,Sno 20 Mar 2027: £2019pp with 2 sharing from Gatwick; price range = Sno dates priced for 2 sharing from Gatwick; operator not named on Sno (image code wlc); FAMILY chalet: bookings must include a child/teen; new for 2026-27; 150m from Tovière gondola; wellness suite in chalet (hot tub assumed indoor in wellness suite); same family operator as Aigle Royal/La Perle; second listing code 19539 seen in reviews
sno-chalet-du-berger,Chalet Du Berger,unknown (sold via Sno),Val d'Isère,Espace Killy,France,,15,,,chalet,catered,"Chalet board:; cooked breakfast, afternoon tea and a 3-course evening meal with unlimited wine at dinner, coffee and mints 5 nights a week. Champagne reception with canapés on your first and last evenings, with canapés and locally made Methode Champenoise on every other catered evening. Cheeseboard ",none,no,"Sleeps 15, Private Catering, Beautiful Alpine views, Close to the ski lifts, Popular triple room, Classic chalet style",,no,Sunday,1359,per-person,GBP,exact-week,905,1916,,"package via Sno: Accommodation, Catered, Flights Included, Transfers",yes,,,"Chalet du Berger is very much in the French family home style, so has great character, but we'd be kidding if we said it was really plush. It offers great value for money for skiers who are simply interested in",https://www.sno.co.uk/ski-holidays/chalet-du-berger_13390/,Sno,site-sno,5,chalets/images/sno-chalet-du-berger/,2026-10-05,"Sno 20 Mar 2027: £1359pp with 2 sharing from Gatwick; price range = Sno dates priced for 2 sharing from Gatwick; operator not named on Sno (image code wlc); basic French family-home style, value option; Solaise Express 4-min walk; no hot tub mentioned; same operator as Azel/Bellevarde (Sunday changeover); 21 Mar £1359pp 2 sharing from Gatwick"
sno-chalet-face-a-face,Chalet Face à Face,unknown (sold via Sno),Val d'Isère,Espace Killy,France,12,14,6,6,chalet,self-catered,,private-outdoor,yes,"Interior, Sleeps 12 + 2, 380 Square metres, 6 Bedrooms, 13 Individual beds, 6 Bathrooms, 12 Dining table seats, Appliances, TV, Blue ray, Cable TV, DVD, Wellness and Relaxation, Balconies, Hammam/stea",,yes,Sunday,,per-person,GBP,season-range,2527,2642,,"package via Sno: Accommodation, Self Catering, Without Flights",unknown,,,"Chalet Face à Face is a sensational blend of traditional alpine-inspired architecture and stunning interior design, offering incredible views from a ski-in/ski-out location A beautiful six-bedroom residence perfectly positioned next to the slopes of the iconic French ski resort of",https://www.sno.co.uk/ski-holidays/chalet-face-face_18889/,Sno,site-sno,5,chalets/images/sno-chalet-face-a-face/,2026-10-05,"Sno: no 20 Mar 2027 departure listed; price range = Sno dates priced for 12 sharing from AO; operator not named on Sno (image code wlc); self catering, no flights; luxury 380 sqm, ski-in/out, indoor pool, hammam, sauna, large terrace hot tub; few weeks listed (7 Mar priced), 21 Mar not offered"
sno-chalet-genepy,Chalet Genepy,unknown (sold via Sno),Val d'Isère,Espace Killy,France,10,12,5,,chalet,self-catered,,none,unknown,"rock-built indoor pool, steam room, lift, boot warmers, TV room",,no,Sunday,1330,per-person,GBP,exact-week,1080,1710,,"package via Sno: Accommodation, Self Catering, Without Flights",yes,,,"Spread across 3 delightfully furnished floors, the chalet can accommodate 10 guests in five double bedrooms, with a separate bunk room that sleeps an additional 4 guests. Genepy combines traditional alpine style - with its stunning wooden beams and panelling,",https://www.sno.co.uk/ski-holidays/chalet-genepy_21556/,Sno,site-sno,5,chalets/images/sno-chalet-genepy/,2026-10-05,"Sno 20 Mar 2027: £1330pp with 10 sharing from AO; price range = Sno dates priced for 10 sharing from AO; operator not named on Sno (image code wlc); self catering, no flights; Chemin du Petit Alaska, steep access, 10-min walk to centre, driver service included; 5 doubles + kids bunk area; no hot tub mentioned"
sno-chalet-genevieve,Chalet Genevieve,unknown (sold via Sno),Val d'Isère,Espace Killy,France,10,11,,,chalet,catered,"Chalet board:; cooked breakfast, afternoon tea and a 3-course evening meal with unlimited wine at dinner, coffee and mints 5 nights a week. Champagne reception with canapés on your first and last evenings, with canapés and locally made Methode Champenoise on every other catered evening. Cheeseboard ",private-outdoor,unknown,"Sleeps 10-11, Hot Tub, Log fireplace, Beautiful Alpine views, Detached chalet, Popular triple room, Large terrace",,partial,Sunday,,per-person,GBP,season-range,1496,1747,,"package via Sno: Accommodation, Catered, Flights Included, Transfers",no,,,GENEVIEVE IS A BEAUTIFUL DETACHED PROPERTY FOR 10-11 GUESTS We are delighted to add yet another new chalet to our portfolio for winter 2025/26. Geneviève is perched piste-side among some of the most prestigious chalets that Val d'Isere has to,https://www.sno.co.uk/ski-holidays/chalet-genevieve_21471/,Sno,site-sno,5,chalets/images/sno-chalet-genevieve/,2026-10-05,"Sno 20 Mar 2027: Sold Out; price range = Sno dates priced for 2 sharing from Gatwick; operator not named on Sno (image code wlc); new 2025/26, detached, piste-side in Legettaz quarter; terrace hot tub; all March/April weeks sold out on Sno"
sno-chalet-hera,Chalet Hera,unknown (sold via Sno),Tignes Val Claret,Espace Killy,France,,6,3,3,apartment,catered,Welcome vin chaud; Hearty continental breakfast (7 days); Hot breakfast options provided by hosts (5 days); Homemade afternoon tea and cake (6 days); Delicious three-course evening menu (5 days); Two-course Alpine speciality (1 day); A selection of hand-picked silver level wines (6 days); Hearty set,shared,yes,"Ski In/Out, Sauna / Steam room, Hot tub, Heated boot warmers, Free WiFi, Close to resort centre, All rooms en suite",25,yes,Saturday,1639,per-person,GBP,exact-week,1569,2029,,"package via Sno: Accommodation, Catered, Flights Included, Transfers",yes,,,"Modern, stylish, and ski-in/ski-out, Chalet Hera puts you right on the Bollin piste, with access to a shared hot tub and sauna. Chalet Hera is a smart ground-floor chalet apartment in Val Claret with three en-suite bedrooms and a spacious",https://www.sno.co.uk/ski-holidays/chalet-hera_18436/,Sno,site-sno,5,chalets/images/sno-chalet-hera/,2026-10-05,"Sno 20 Mar 2027: £1639pp with 6 sharing from Gatwick; price range = Sno dates priced for 6 sharing from Gatwick; operator not named on Sno (image code wlc); ground-floor chalet-apartment by Bollin piste, Val Claret residence; shared spa (jacuzzi, sauna, steam) with Sarah/Katalin/Catherine/Teresa/Phoebe"
sno-chalet-hermine-blanche,Chalet Hermine Blanche,unknown (sold via Sno),Le Fornet,Espace Killy,France,,14,,,chalet,half-board,,private-indoor,yes,"indoor jacuzzi, sauna, hammam, massage room, outdoor Nordic bath on master terrace, wine cellar, fireplace",200,no,Sunday,,per-person,GBP,season-range,1807,3115,,"package via Sno: Accommodation, Half Board, Without Flights",unknown,,,"Located in the mountain hamlet of Fornet, 200 meters from the gondola and the slopes, the Hermine Blanche chalet is the perfect family retreat. The chalet is a combination of traditional Alpine decor infused with high-quality modern furnishings. It can",https://www.sno.co.uk/ski-holidays/chalet-hermine-blanche_22721/,Sno,site-sno,5,chalets/images/sno-chalet-hermine-blanche/,2026-10-05,"Sno: no 20 Mar 2027 departure listed; price range = Sno dates priced for 14 sharing from AO; operator not named on Sno (image code wlc); half board, no flights; 432 sqm, 200m from Fornet gondola; 21 Mar not offered (probably booked)"
sno-chalet-hotel-l-ecrin,Chalet Hotel L'Ecrin du Val Claret,unknown (sold via Sno),Tignes Val Claret,Espace Killy,France,,,,,chalet-hotel,chalet-hotel,"Restaurant; The traditional Savoie style flows through to the restaurant and bar. Small and large group tables are available and guarantee a lively, fun atmosphere.; Inside the hotel, you’ll find a warm welcome from our friendly staff. They’ll serve you a full English or continental breakfast to set",shared,yes,"spa, swimming pool, open fireplace",,no,Sunday,1399,per-person,GBP,exact-week,829,2449,,"package via Sno: Accommodation, Catered, Flights Included, Transfers",yes,,,"Chalet Hotel L’Ecrin du Val Claret is situated a short walk from the centre of Claret village above Tignes Le Lac with easy access to all the village bars, restaurants and amenities. The chalet hotel is conveniently only a 10-minute",https://www.sno.co.uk/ski-holidays/chalet-hotel-l-ecrin_15300/,Sno,site-sno,5,chalets/images/sno-chalet-hotel-l-ecrin/,2026-10-05,Sno 20 Mar 2027: £1399pp with 2 sharing from Gatwick; price range = Sno dates priced for 2 sharing from Gatwick; operator not named on Sno (image code wlc); chalet hotel sold by the room; 10-min walk/bus to Val Claret lifts; Sunday changeover (21 Mar £1399pp 2 sharing from Gatwick); hot tub/jacuzzi + sauna + heated pool in hotel spa per Sno guest reviews
sno-chalet-husky,Chalet Husky,unknown (sold via Sno),Val d'Isère,Espace Killy,France,,14,7,7,chalet,half-board,,private-indoor,unknown,"indoor jacuzzi, hammam, lift, garage, wood fireplace, indoor tropical patio",1000,no,Sunday,4798,per-person,GBP,exact-week,3926,10249,,"package via Sno: Accommodation, Half Board, Without Flights",yes,,,"The Chalet Husky is a magnificent and exceptional building located in the very sought-after area Petit Alaska in Val-d'Isere. Like most alpine constructions, Chalet Husky features traditional architecture with a predominance of wood. This warm, mountain atmosphere is perfectly in",https://www.sno.co.uk/ski-holidays/chalet-husky_21881/,Sno,site-sno,5,chalets/images/sno-chalet-husky/,2026-10-05,"Sno 20 Mar 2027: £4798pp with 10 sharing from AO; price range = Sno dates priced for 10 sharing from AO; operator not named on Sno (image code wlc); half board, no flights; 611 sqm luxury chalet, Petit Alaska, 1km to Olympique/Solaise; Sunday changeover"
sno-chalet-iceberg,Chalet Iceberg,unknown (sold via Sno),Tignes Le Lac,Espace Killy,France,,9,5,5,chalet,catered,"Cooked and continental breakfasts; Afternoon tea on your return from the slopes; Pre-dinner apéritif and canapés; 3-course dinners with complimentary wine; What's included in Catered Ski Chalet; You can expect some wonderful cuisine in our catered ski chalets, where you’ll never have to lift a finge",none,unknown,"two log fires, balcony",200,no,Saturday,1379,per-person,GBP,exact-week,1129,1619,,"package via Sno: Accommodation, Catered, Flights Included, Transfers",yes,,,"Chalet Iceberg is a charming, rustic chalet in typical Haute Tarentaise style that sleeps 9 guests in 5 bedrooms, each having its own bathroom. Chalet Iceberg shows off beautiful wood panelling, local stone and features stunning south-facing views of the",https://www.sno.co.uk/ski-holidays/chalet-iceberg_18968/,Sno,site-sno,5,chalets/images/sno-chalet-iceberg/,2026-10-05,"Sno 20 Mar 2027: £1379pp with 2 sharing from Heathrow; price range = Sno dates priced for 2 sharing from Heathrow; operator not named on Sno (image code wlc); rustic chalet above Le Lac, 2-min walk to Chardonnet button lift; no hot tub mentioned"
sno-chalet-inuit,Chalet Inuit,unknown (sold via Sno),Val d'Isère,Espace Killy,France,,12,5,,chalet,self-catered,"Classic Contactless Catering Service; Your chalet will be ready on arrival - beds made, dinner ready and fridges stocked*, wine-cellars replenished, skis and lift passes all booked. But you won't see us. We'll be at the end of the phone, but there will be no contact, unless you need it. You and your",private-indoor,yes,"spa with sunken jacuzzi, sauna, rain shower; boot heater",,no,Sunday,1300,per-person,GBP,exact-week,1300,2610,,"package via Sno: Accommodation, Self Catering, Without Flights",yes,,,Chalet Inuit is a charming 5 bedroom property which sleeps up to 12 people. The chalet fuses modern design with traditional craftsmanship and is accented by wood panelled walls and luscious sheepskin rugs throughout giving it that authentic cosy chalet,https://www.sno.co.uk/ski-holidays/chalet-inuit_18771/,Sno,site-sno,5,chalets/images/sno-chalet-inuit/,2026-10-05,"Sno 20 Mar 2027: £1300pp with 10 sharing from AO; price range = Sno dates priced for 10 sharing from AO; operator not named on Sno (image code wlc); self catering on Sno (no flights) with optional Classic Contactless Catering; forest edge, 5-6 min drive to Solaise, driver service included; Sunday changeover"
sno-chalet-isabelle,Chalet Isabelle,unknown (sold via Sno),Tignes Le Lavachet,Espace Killy,France,,10,5,,chalet,catered,"Cooked and continental breakfasts; Afternoon tea on your return from the slopes; Pre-dinner apéritif and canapés; 3-course dinners with complimentary wine; What's included in Catered Ski Chalet; You can expect some wonderful cuisine in our catered ski chalets, where you’ll never have to lift a finge",private-indoor,unknown,"lower-floor wellness suite with hot tub, fireplace, balcony",30,yes,Saturday,,per-person,GBP,season-range,1249,2439,,"package via Sno: Accommodation, Catered, Flights Included, Transfers",no,,,"Fully refurbished internally during summer 2023, Chalet Isabelle sits alongside its sister Chalet Camille in front of the the Chaudanne and Paquis chairlifts. Sleeping just 10 guests, there are two bedrooms on the lower floor, three on the ground floor",https://www.sno.co.uk/ski-holidays/chalet-isabelle_19682/,Sno,site-sno,5,chalets/images/sno-chalet-isabelle/,2026-10-05,"Sno 20 Mar 2027: Sold Out; price range = Sno dates priced for 2 sharing from Heathrow; operator not named on Sno (image code wlc); sister of Chalet Camille (next door), refurbished 2023, in front of Chaudanne/Paquis chairs; 20 Mar sold out"
sno-chalet-jupiter,Chalet Jupiter,unknown (sold via Sno),Val d'Isère,Espace Killy,France,,8,4,4,chalet,self-catered,"Premium Contactless Catering Service; Your chalet will be ready on arrival - beds made, dinner ready and fridges stocked*, wine-cellars replenished, skis and lift passes all booked. But you won't see us. We'll be at the end of the phone, but there will be no contact, unless you need it. We will visi",private-outdoor,no,"private jacuzzi on south balcony, hammam, fireplace",,no,Saturday,,per-person,GBP,season-range,864,1912,,"package via Sno: Accommodation, Self Catering, Without Flights",no,,,"Situated over three levels, the chalet can sleep up to eight guests in its four double bedrooms. The master bedroom, nestled in the eaves features a stunning bath tub in the room, perfect for couples looking for a bit of",https://www.sno.co.uk/ski-holidays/chalet-jupiter_18682/,Sno,site-sno,5,chalets/images/sno-chalet-jupiter/,2026-10-05,"Sno 20 Mar 2027: Sold Out; price range = Sno dates priced for 8 sharing from AO; operator not named on Sno (image code wlc); self catering (optional contactless catering), no flights; Chemin du Petit Alaska, 8-10 min walk to Bellevarde Express; 20 Mar sold out"
sno-chalet-kanjiroba,Chalet Kanjiroba,unknown (sold via Sno),Val d'Isère,Espace Killy,France,,10,,,chalet,catered,"Chalet board:; cooked breakfast, afternoon tea and a 3-course evening meal with unlimited wine at dinner, coffee and mints 5 nights a week. Champagne reception with canapés on your first and last evenings, with canapés and locally made Methode Champenoise on every other catered evening. Cheeseboard ",none,unknown,"Sleeps 10, Private Catering, Log fireplace, Beautiful Alpine views, Close to the ski lifts, Large lounge and dining area",,no,Sunday,,per-person,GBP,season-range,1015,2878,,"package via Sno: Accommodation, Catered, Flights Included, Transfers",no,,,"TOP QUALITY CHALET FOR 10 GUESTS IN AN EXCELLENT LOCATION This chalet is a real gem. With fixtures and fittings of the highest standards, beautiful reclaimed wood, funky (and comfortable!) furniture, VI sprung beds, duck feather duvets...nothing has been left",https://www.sno.co.uk/ski-holidays/chalet-kanjiroba_13383/,Sno,site-sno,5,chalets/images/sno-chalet-kanjiroba/,2026-10-05,Sno 20 Mar 2027: Sold Out; price range = Sno dates priced for 2 sharing from Gatwick; operator not named on Sno (image code wlc); no hot tub in feature list; close to lifts; same operator as Azel/Bellevarde (Sunday changeover); 21 Mar sold out
sno-chalet-kitsune,Chalet Kitsune,unknown (sold via Sno),Val d'Isère,Espace Killy,France,,10,5,5,chalet,self-catered,,none,yes,"Interior, Sleeps 10, 288 Square metres, 5 Bedrooms, 5 Bathrooms, 3 Additional WCs, 10 Dining table seats, Appliances, TV, Wifi, Wellness and Relaxation, Balcony, Indoor pool, Sauna, Spa, Entertainment",,yes,Sunday,2450,per-person,GBP,exact-week,1887,3066,,"package via Sno: Accommodation, Self Catering, Without Flights",yes,,,"STUNNING STAND-ALONE, SKI-IN/SKI-OUT CHALET, CROWNED BY AN EXQUISITE HEATED INDOOR SWIMMING POOL Set over three floors, Chalet Kitsune is an exceptional newly-renovated ski-in & ski-out chalet, strategically positioned in close proximity of the lifts and just a quick, 5-minute drive",https://www.sno.co.uk/ski-holidays/chalet-kitsune_21021/,Sno,site-sno,5,chalets/images/sno-chalet-kitsune/,2026-10-05,"Sno 20 Mar 2027: £2450pp with 10 sharing from AO; price range = Sno dates priced for 10 sharing from AO; operator not named on Sno (image code wlc); self catering, no flights; stand-alone ski-in/out chalet 5-min drive from village (exact hamlet not stated); heated indoor pool + sauna, no hot tub listed; Sunday changeover"
sno-chalet-kitz,Chalet Kitz,unknown (sold via Sno),Tignes Le Lavachet,Espace Killy,France,,8,4,,chalet,catered,"Cooked and continental breakfasts; Afternoon tea on your return from the slopes; Pre-dinner apéritif and canapés; 3-course dinners with complimentary wine; What's included in Catered Ski Chalet; You can expect some wonderful cuisine in our catered ski chalets, where you’ll never have to lift a finge",none,unknown,,200,no,Saturday,,per-person,GBP,season-range,859,1609,,"package via Sno: Accommodation, Catered, Flights Included, Transfers",no,,,"Chalet Kitz was a new chalet for us in December 2022 and is situated in Tignes le Lavachet, sleeping 8 guests in 4 bedrooms. Chalet Kitz is built over 4 floors, blending great modern style with a cosy chalet feel.",https://www.sno.co.uk/ski-holidays/chalet-kitz_19206/,Sno,site-sno,5,chalets/images/sno-chalet-kitz/,2026-10-05,"Sno 20 Mar 2027: Sold Out; price range = Sno dates priced for 2 sharing from Heathrow; operator not named on Sno (image code wlc); 4 floors, Palafour views, 200m to Chaudanne/Paquis; no hot tub mentioned; 20 Mar sold out"
sno-chalet-la-belle-etoile,Chalet La Belle Etoile,unknown (sold via Sno),Val d'Isère,Espace Killy,France,10,12,5,,chalet,catered,"Chalet board:; cooked breakfast, afternoon tea and a 3-course evening meal with unlimited wine at dinner, coffee and mints 5 nights a week. Champagne reception with canapés on your first and last evenings, with canapés and locally made Methode Champenoise on every other catered evening. Cheeseboard ",shared,yes,"Sleeps 10-12, Hot Tub, Log fireplace, Sauna, Shuttle service, Large lounge and dining area",,no,Sunday,1651,per-person,GBP,exact-week,1071,3079,,"package via Sno: Accommodation, Catered, Flights Included, Transfers",yes,,,"LA BELLE ETOILE IS AN AMAZING PROPERTY FOR 10-12 GUESTS We are delighted to have added this beautiful new chalet to our programme back in 2018. Built by a local family who know a thing or two about quality chalets,",https://www.sno.co.uk/ski-holidays/chalet-la-belle-etoile_18058/,Sno,site-sno,5,chalets/images/sno-chalet-la-belle-etoile/,2026-10-05,"Sno 20 Mar 2027: £1651pp with 2 sharing from Gatwick; price range = Sno dates priced for 2 sharing from Gatwick; operator not named on Sno (image code wlc); top 2 floors of private building (lift); hot tub + sauna on building ground floor for the operator guests (likely shared with Chalet Azel below); shuttle service; Sunday changeover, 21 Mar £1651pp 2 sharing from Gatwick"
sno-chalet-la-face,Chalet La Face,unknown (sold via Sno),Val d'Isère,Espace Killy,France,,6,3,3,apartment,catered,"Chalet board:; cooked breakfast, afternoon tea and a 3-course evening meal with unlimited wine at dinner, coffee and mints 5 nights a week. Champagne reception with canapés on your first and last evenings, with canapés and locally made Methode Champenoise on every other catered evening. Cheeseboard ",shared,unknown,"Sleeps 6, Private Catering, Hot Tub, Log fireplace, Beautiful Alpine views, Shuttle service",,no,Sunday,1549,per-person,GBP,exact-week,1015,2889,,"package via Sno: Accommodation, Catered, Flights Included, Transfers",yes,,,SPACIOUS AND BRIGHT TOP FLOOR CHALET FOR 6 GUESTS La Face is a beautiful top floor chalet apartment with lots of space and fabulous views. It is ideal for families and smaller groups. With 3 ensuite bedrooms and a large,https://www.sno.co.uk/ski-holidays/chalet-la-face_13382/,Sno,site-sno,5,chalets/images/sno-chalet-la-face/,2026-10-05,Sno 20 Mar 2027: £1549pp with 2 sharing from Gatwick; price range = Sno dates priced for 2 sharing from Gatwick; operator not named on Sno (image code wlc); top-floor chalet apartment in Cacholet chalets (with Bellevarde); two shared outdoor hot tubs in courtyard; Sunday changeover
sno-chalet-la-grande-casse,Chalet La Grande Casse,unknown (sold via Sno),Val d'Isère,Espace Killy,France,,8,4,4,chalet,catered,"Chalet board:; cooked breakfast, afternoon tea and a 3-course evening meal with unlimited wine at dinner, coffee and mints 5 nights a week. Champagne reception with canapés on your first and last evenings, with canapés and locally made Methode Champenoise on every other catered evening. Cheeseboard ",shared,unknown,"Sleeps 8, Private Catering, Hot Tub, Log fireplace, Shuttle service, Large lounge and dining area",,no,Sunday,,per-person,GBP,season-range,1397,2953,,"package via Sno: Accommodation, Catered, Flights Included, Transfers",no,,,"A STUNNING, SPACIOUS CHALET FOR 8 GUESTS Following a full recent refurbishment, Chalet La Grande Casse has a large and stylish, open-plan kitchen, dining /living room and four modern, ensuite bedrooms. Everything in the living area is pretty funky, with",https://www.sno.co.uk/ski-holidays/chalet-la-grande-casse_13384/,Sno,site-sno,5,chalets/images/sno-chalet-la-grande-casse/,2026-10-05,Sno 20 Mar 2027: Sold Out; price range = Sno dates priced for 2 sharing from Gatwick; operator not named on Sno (image code wlc); Cacholet chalets: two shared outdoor courtyard hot tubs; refurbished; 21 Mar sold out
sno-chalet-la-grande-sassiere,Chalet La Grande Sassiere,unknown (sold via Sno),Val d'Isère,Espace Killy,France,,12,6,,chalet,self-catered,"Classic Contactless Catering Service; Your chalet will be ready on arrival - beds made, dinner ready and fridges stocked*, wine-cellars replenished, skis and lift passes all booked. But you won't see us. We'll be at the end of the phone, but there will be no contact, unless you need it. You and your",private-outdoor,unknown,"large terrace hot tub, heated boot rack",,no,Saturday,779,per-person,GBP,exact-week,674,1512,,"package via Sno: Accommodation, Self Catering, Without Flights",yes,,,"Entrance to this wonderful chalet is on the ground floor, where upon entering you will find a ski room with heated boot rack, perfect for keeping your equipment safe and ensuring your boots are lovely and warm before you put",https://www.sno.co.uk/ski-holidays/chalet-la-grande-sassiere_18671/,Sno,site-sno,5,chalets/images/sno-chalet-la-grande-sassiere/,2026-10-05,Sno 20 Mar 2027: £779pp with 10 sharing from AO; price range = Sno dates priced for 10 sharing from AO; operator not named on Sno (image code wlc); self catering on Sno (no flights) with optional Classic Contactless Catering; quiet private road with valley views; 20 Mar £779pp at 10 sharing
sno-chalet-lake-lodge,Chalet Lake Lodge,unknown (sold via Sno),Tignes Le Lac,Espace Killy,France,,14,6,6,chalet,catered,"Cooked and continental breakfasts; Afternoon tea on your return from the slopes; Pre-dinner apéritif and canapés; 3-course dinners with complimentary wine; What's included in Catered Ski Chalet; You can expect some wonderful cuisine in our catered ski chalets, where you’ll never have to lift a finge",private-outdoor,yes,terrace wellness suite with hot tub and sauna,,no,Saturday,1599,per-person,GBP,exact-week,1349,2539,,"package via Sno: Accommodation, Catered, Flights Included, Transfers",yes,,,"Chalet Lake Lodge is furnished to a very high standard and offers modern Alpine charm in Tignes Le Lace and is new for 2026/27. It sleeps 14 guests over 6 bedrooms, all of which offer an en-suite. Chalet Lake Lodge",https://www.sno.co.uk/ski-holidays/chalet-lake-lodge_22847/,Sno,site-sno,5,chalets/images/sno-chalet-lake-lodge/,2026-10-05,Sno 20 Mar 2027: £1599pp with 2 sharing from Heathrow; price range = Sno dates priced for 2 sharing from Heathrow; operator not named on Sno (image code wlc); new for 2026/27; 3-min walk to Tovière gondola; terrace wellness suite (hot tub + sauna) overlooking lake
sno-chalet-la-marsa,Chalet La Marsa,unknown (sold via Sno),Le Fornet,Espace Killy,France,,12,6,6,chalet,breakfast-only,,private-indoor,yes,"private indoor jacuzzi, sauna, games room, home cinema, fireplace, EV charger",200,no,Saturday,907,per-person,GBP,exact-week,724,1318,,"package via Sno: Accommodation, Bed & Breakfast, Without Flights",yes,,,"Chalet La Marsa is located in the charming hamlet of Le Fornet, which has preserved all its authenticity over the years. Recently renovated in a warm, family atmosphere, this peaceful setting is the perfect place to relax and enjoy holidays",https://www.sno.co.uk/ski-holidays/chalet-la-marsa_22539/,Sno,site-sno,5,chalets/images/sno-chalet-la-marsa/,2026-10-05,"Sno 20 Mar 2027: £907pp with 10 sharing from AO; price range = Sno dates priced for 10 sharing from AO; operator not named on Sno (image code wlc); bed & breakfast, no flights; Le Fornet hamlet 200m from Fornet gondola; 20 Mar £907pp at 10 sharing"
sno-chalet-la-perle,Chalet La Perle,unknown (sold via Sno),Tignes Le Lac,Espace Killy,France,,11,5,,chalet,catered,"full-service chalet catering with wine 6 nights (adults), child catering 7 evenings",none,unknown,"steam room, playroom (shared with Aigle Royal), large balcony",,partial,unknown,,per-person,GBP,season-range,1399,2329,,"package via Sno: Accommodation, Catered, Flights Included, Transfers",unknown,,,"NB: This is a ""family"" chalet, so all bookings must include at least one child or teenager. New for the 2025-2026 season! Chalet La Perle is a welcoming, bright chalet sleeping up 10 people in 5 bedrooms over 4 floors.",https://www.sno.co.uk/ski-holidays/chalet-la-perle_21514/,Sno,site-sno,5,chalets/images/sno-chalet-la-perle/,2026-10-05,"Sno: no 20 Mar 2027 departure listed; price range = Sno dates priced for 2 sharing from Gatwick; operator not named on Sno (image code wlc); FAMILY chalet: bookings must include a child/teen; new 2025-26; Les Almes, Le Lac; playroom shared with Aigle Royal; no hot tub mentioned; 20 Mar not listed (13 Mar priced, 27 Mar sold out)"
sno-chalet-la-rocheure,Chalet La Rocheure,unknown (sold via Sno),Val d'Isère,Espace Killy,France,12,13,6,,chalet,catered,"Our catered chalets mean there is no need to worry about a shopping trip whilst on holiday, as you will be looked after by us from arrival right to departure.; Staff night off is once a week when there is no afternoon tea or dinner, so on this day you can explore the local restaurants in Val d'Isere",none,yes,The interior design of the Chalet La Rocheure is of a high quality throughout; it blends traditional features with contemporary touches to create a look that is both stylish and comfortable. The livin,,yes,Saturday,1829,per-person,GBP,exact-week,1379,1829,,"package via Sno: Accommodation, Catered, Flights Included, Transfers",yes,,,"Chalet La Rocheure is a beautifully renovated 17th century farmhouse that retains its original character, blending traditional local wood and stone with a modern, stylish interior. The charming La Rocheure is a popular chalet in Val d'Isere, and is the",https://www.sno.co.uk/ski-holidays/chalet-la-rocheure_18614/,Sno,site-sno,5,chalets/images/sno-chalet-la-rocheure/,2026-10-05,"Sno 20 Mar 2027: £1829pp with 2 sharing from Gatwick; price range = Sno dates priced for 2 sharing from Gatwick; operator not named on Sno (image code wlc); renovated 17th-c farmhouse, ski to door from Olympique red, 7-min walk to centre; sauna, no hot tub mentioned"
sno-chalet-la-saulire,Chalet La Saulire,unknown (sold via Sno),Val d'Isère,Espace Killy,France,,14,7,7,chalet,catered,"Chalet board:; cooked breakfast, afternoon tea and a 3-course evening meal with unlimited wine at dinner, coffee and mints 5 nights a week. Champagne reception with canapés on your first and last evenings, with canapés and locally made Methode Champenoise on every other catered evening. Cheeseboard ",shared,unknown,"Sleeps 14, Private Catering, Hot Tub, Log fireplace, Shuttle service, Large lounge and dining area",,no,Sunday,1503,per-person,GBP,exact-week,997,2035,,"package via Sno: Accommodation, Catered, Flights Included, Transfers",yes,,,"TOP QUALITY CHALET FOR 14 GUESTS Chalet La Saulire was recently entirely refurbished. New lounge and dining area, new kitchen, new lighting, new contemporary bathrooms and new wooden flooring. It's all made a huge difference to the entire chalet. Naturally,",https://www.sno.co.uk/ski-holidays/chalet-la-saulire_13388/,Sno,site-sno,5,chalets/images/sno-chalet-la-saulire/,2026-10-05,"Sno 20 Mar 2027: £1503pp with 2 sharing from Gatwick; price range = Sno dates priced for 2 sharing from Gatwick; operator not named on Sno (image code wlc); 7 en-suite twins with balconies, refurbished; two shared outdoor hot tubs in operator courtyard (Cacholet); shuttle service; Sunday changeover"
sno-chalet-lashca,Chalet Lashca,unknown (sold via Sno),Le Fornet,Espace Killy,France,8,12,5,4,chalet,self-catered,,none,yes,"Interior, Sleeps 8+4, 600 Square metres, 5 Bedrooms, 8 Individual beds, 4 Bathrooms, 2 Additional WCs, 12 Dining table seats, 9 Living area seats, Appliances, Smart TV, Sonos, Video Projector, Wifi, E",,no,Sunday,3198,per-person,GBP,exact-week,3025,3547,,"package via Sno: Accommodation, Self Catering, Without Flights",yes,,,"Chalet Lashca is a beautiful chalet, complete with an indoor swimming pool, close to some of Val d'Isère's best skiing in Le Fornet. Located in the quiet hamlet of Le Fornet, a 5-minute drive from the centre of Val d'Isère",https://www.sno.co.uk/ski-holidays/chalet-lashca_21728/,Sno,site-sno,5,chalets/images/sno-chalet-lashca/,2026-10-05,"Sno 20 Mar 2027: £3198pp with 8 sharing from AO; price range = Sno dates priced for 8 sharing from AO; operator not named on Sno (image code wlc); self catering, no flights; 600 sqm, indoor pool, hammam, sauna, snooker; 3-min walk to Fornet gondola; no hot tub in facility list"
sno-chalet-le-bel-air,Chalet Le Bel Air,unknown (sold via Sno),Val d'Isère,Espace Killy,France,,14,,,chalet,catered,"Chalet board:; cooked breakfast, afternoon tea and a 3-course evening meal with unlimited wine at dinner, coffee and mints 5 nights a week. Champagne reception with canapés on your first and last evenings, with canapés and locally made Methode Champenoise on every other catered evening. Cheeseboard ",shared,unknown,"Sleeps 14, Hot Tub, Log fireplace, Beautiful Alpine views, Shuttle service, Large lounge and dining area",,no,Sunday,,per-person,GBP,season-range,1309,2768,,"package via Sno: Accommodation, Catered, Flights Included, Transfers",no,,,BEAUTIFUL CHALET FOR 14 GUESTS Chalet Bel Air has been transformed by the work we've done over the last 3 years and now it has been made even better. The beautiful new wooden flooring and contemporary bathrooms made a huge,https://www.sno.co.uk/ski-holidays/chalet-le-bel-air_13386/,Sno,site-sno,5,chalets/images/sno-chalet-le-bel-air/,2026-10-05,Sno 20 Mar 2027: Sold Out; price range = Sno dates priced for 2 sharing from Gatwick; operator not named on Sno (image code wlc); two shared outdoor hot tubs in courtyard below (Cacholet group); shuttle service; 21 Mar sold out
sno-chalet-le-petit-joseray,Chalet Le Petit Joseray,unknown (sold via Sno),Val d'Isère,Espace Killy,France,,6,3,3,chalet,self-catered,,none,unknown,,600,no,Saturday,1003,per-person,GBP,exact-week,814,1527,,"package via Sno: Accommodation, Self Catering, Without Flights",yes,,,Essential (Self-catered) Organise your stay without having to worry about linen or beds on arrival. We pay special attention to the details that make all the difference. Discover our Essential service and the little extra touches that will put a,https://www.sno.co.uk/ski-holidays/chalet-le-petit-joseray_22012/,Sno,site-sno,5,chalets/images/sno-chalet-le-petit-joseray/,2026-10-05,"Sno 20 Mar 2027: £1003pp with 6 sharing from AO; price range = Sno dates priced for 6 sharing from AO; operator not named on Sno (image code wlc); self catering (agency Essential service), no flights; Joseray area, 600m to Solaise gondola"
sno-chalet-le-petit-yeti,Chalet Le Petit Yeti,unknown (sold via Sno),Val d'Isère,Espace Killy,France,,10,5,5,chalet,self-catered,,yes-type-unknown,unknown,"General, Wood fireplace, Ski locker, Parking space, Multimedia, Wifi, TV, Household appliances, Coffee machine, Microwave, Fridge, Freezer, Raclette machine, Vaccum, Ironing board, Nespresso coffee ma",200,yes,Saturday,,per-person,GBP,season-range,1038,1622,,"package via Sno: Accommodation, Self Catering, Without Flights",no,,,"The chalet 'Le Petit Yeti', located in the very privileged neighbourhood of Les Carats, is a mountain chalet in Val d'Isère. The location is ideal, the chalet offers the advantage of direct access to the mythical Bellevarde slope from the",https://www.sno.co.uk/ski-holidays/chalet-le-petit-yeti_21832/,Sno,site-sno,5,chalets/images/sno-chalet-le-petit-yeti/,2026-10-05,"Sno 20 Mar 2027: Sold Out; price range = Sno dates priced for 10 sharing from AO; operator not named on Sno (image code wlc); self catering, no flights; Les Carats, direct access to Bellevarde piste from ski room; description mentions relaxing in the hot tub (type/location not stated); 20 Mar sold out"
sno-chalet-les-arolles,Chalet Les Arolles,unknown (sold via Sno),Tignes Le Lac,Espace Killy,France,,14,7,,chalet,catered,"Our catered chalets mean there is no need to worry about a shopping trip whilst on holiday, as you will be looked after by us from arrival right to departure.; Staff night off is once a week when there is no afternoon tea or dinner, so on this day you can explore the local restaurants in Tignes. Bre",private-outdoor,yes,"outdoor hot tub and cosmic sauna on terrace, fireplace, boot warmers",200,no,Saturday,,per-person,GBP,season-range,1524,1709,,"package via Sno: Accommodation, Catered, Flights Included, Transfers",no,,,"The Chalet Les Arolles is a Savoyard style catered ski chalet in Tignes, enjoying a prime location in one of the most attractive areas of Tignes le Lac - just a short walk away from the Chardonnet ski lift. This",https://www.sno.co.uk/ski-holidays/chalet-les-arolles_18756/,Sno,site-sno,5,chalets/images/sno-chalet-les-arolles/,2026-10-05,"Sno 20 Mar 2027: Sold Out; price range = Sno dates priced for 2 sharing from Gatwick; operator not named on Sno (image code wlc); Le Lac, 200m to Chardonnet drag; same template as Arktic; 20 Mar sold out"
sno-chalet-les-ours,Chalet Les Ours,unknown (sold via Sno),Le Fornet,Espace Killy,France,,27,10,10,chalet,half-board,,private-indoor,unknown,"indoor jacuzzi, Nordic bath, lift, garage, snooker, fireplace",200,no,Sunday,,per-person,GBP,season-range,2875,3909,,"package via Sno: Accommodation, Half Board, Without Flights",unknown,,,"Located in Le Fornet, an ancestral, slightly off-center residential hamlet at the foot of an exceptional ski area, Chalet Les Ours is a creation of Le Mouton à Bascule, a group of two prestigious chalets unique in the French Alps.",https://www.sno.co.uk/ski-holidays/chalet-les-ours_21785/,Sno,site-sno,5,chalets/images/sno-chalet-les-ours/,2026-10-05,"Sno: no 20 Mar 2027 departure listed; price range = Sno dates priced for 27 sharing from AO; operator not named on Sno (image code wlc); half board, no flights; 940 sqm, part of Le Mouton a Bascule (2 chalets); 21 Mar not offered (probably booked)"
sno-chalet-les-sources-de-l-isere,Chalet Les Sources de l'Isère,unknown (sold via Sno),Le Fornet,Espace Killy,France,,14,,,apartment,self-catered,"Premium Contactless Catering Service; Your chalet will be ready on arrival - beds made, dinner ready and fridges stocked*, wine-cellars replenished, skis and lift passes all booked. But you won't see us. We'll be at the end of the phone, but there will be no contact, unless you need it. We will visi",private-outdoor,unknown,,200,no,Sunday,1140,per-person,GBP,exact-week,927,2699,,"package via Sno: Accommodation, Self Catering, Without Flights",yes,,,Chalet Les Sources de l'Isère is a stunning example of how traditional design can be fused seamlessly with the latest contemporary details. Le Fornet is a tranquil village which has its own choice of excellent restaurants (including one with a,https://www.sno.co.uk/ski-holidays/chalet-les-sources-de-l-is-re_19048/,Sno,site-sno,5,chalets/images/sno-chalet-les-sources-de-l-isere/,2026-10-05,"Sno 20 Mar 2027: £1140pp with 10 sharing from AO; price range = Sno dates priced for 10 sharing from AO; operator not named on Sno (image code wlc); self catering on Sno (no flights) with optional Premium Contactless Catering; ground-floor apartment (built 2022/23) below Chalet Atacama, combinable; outdoor jacuzzi listed; Sunday changeover, 21 Mar £1140pp at 10 sharing"
sno-chalet-machapuchare,Chalet Machapuchare,unknown (sold via Sno),Val d'Isère,Espace Killy,France,14,15,7,7,chalet,catered,"We truly aim to deliver the best food in the Alps and succeed in this - we were the overall winners of The Times Chalet Chef 2010 award and so our food has been independently rated as the best in the Alps, but our standards have improved hugely even since then and our reputation in the ski chalet in",private-outdoor,unknown,,,no,Sunday,6119,per-person,GBP,exact-week,4924,6119,,"package via Sno: Accommodation, Catered, Without Flights",yes,,,"Nestled in the exclusive and wonderfully private area of Le Crêt, Chalet Machapuchare commands uninterrupted views of the entire valley, from the rocky cliffs above La Daille across pretty Val d'Isère to the glaciers and snowcapped peaks beyond. The pistes,",https://www.sno.co.uk/ski-holidays/chalet-machapuchare_18990/,Sno,site-sno,5,chalets/images/sno-chalet-machapuchare/,2026-10-05,"Sno 20 Mar 2027: £6119pp with 10 sharing from AO; price range = Sno dates priced for 10 sharing from AO; operator not named on Sno (image code wlc); luxury catered chalet in Le Crêt (between La Daille and VdI centre), built 2018, 7 en-suites + kids bunk room; balcony outdoor hot tub; chauffeured minibus; operator claims Times Chalet Chef 2010 winner; Sno pp price very high (£6119pp at 10 sharing) - check basis"
avaline-chalet-markhor,Chalet Markhor,Avaline (named in Sno description),Val d'Isère,Espace Killy,France,,14,6,6,chalet,half-board,,none,yes,"indoor pool, hammam, sauna, gym, lift, garage, fireplaces, wine cellar",30,partial,Sunday,,per-person,GBP,season-range,4050,5919,,"package via Sno: Accommodation, Half Board, Without Flights",unknown,,,"Chalet Markhor is the quintessential Avaline Art de vivre. Nestled in the heart of the village and just a few meters from the Val d'Isère snow front, this prestigious chalet will thrill ski enthusiasts. With a design typical of the",https://www.sno.co.uk/ski-holidays/chalet-markhor_22697/,Sno,site-sno,5,chalets/images/avaline-chalet-markhor/,2026-10-05,"Sno: no 20 Mar 2027 departure listed; price range = Sno dates priced for 14 sharing from AO; operator not named on Sno (image code wlc); half board, no flights; 580 sqm, village centre 10m from Front de Neige slopes; no hot tub listed; 21 Mar not offered (probably booked)"
sno-chalet-mire,Chalet Mire,unknown (sold via Sno),Val d'Isère,Espace Killy,France,,6,,,chalet,catered,"Chalet board:; cooked breakfast, afternoon tea and a 3-course evening meal with unlimited wine at dinner, coffee and mints 5 nights a week. Champagne reception with canapés on your first and last evenings, with canapés and locally made Methode Champenoise on every other catered evening. Cheeseboard ",shared,yes,"Sleeps 6, Private Catering, Hot Tub, Log fireplace, Sauna, Beautiful Alpine views",,no,Sunday,1726,per-person,GBP,exact-week,1173,2483,,"package via Sno: Accommodation, Catered, Flights Included, Transfers",yes,,,"ANOTHER STUNNING BRAND NEW CHALET FOR THIS WINTER FOR 6 GUESTS We are so pleased to announce yet another new property in Val d'Isere, Chalet Mire. It is the brainchild of the same family who built our most beautiful chalets,",https://www.sno.co.uk/ski-holidays/chalet-mire_21395/,Sno,site-sno,5,chalets/images/sno-chalet-mire/,2026-10-05,"Sno 20 Mar 2027: £1726pp with 2 sharing from Gatwick; price range = Sno dates priced for 2 sharing from Gatwick; operator not named on Sno (image code wlc); brand new, below La Belle Etoile near the Isère river, bus to La Daille/Bellevarde; hot tub + sauna in ground-floor spa (unclear if shared with Petit Mire/Azel); Sunday changeover; Petit Mire page confirms ground-floor hot tub + sauna shared by Petit Mire, Mire and Azel guests"
sno-chalet-nirmal,Chalet Nirmal,unknown (sold via Sno),Val d'Isère,Espace Killy,France,,9,5,5,chalet,catered,Welcome vin chaud; Hearty continental breakfast (7 days); Hot breakfast options provided by hosts (5 days); Homemade afternoon tea and cake (6 days); Delicious three-course evening menu (5 days); Two-course Alpine speciality (1 day); A selection of hand-picked silver level wines (6 days); Hearty set,none,no,"In resort centre, Heated boot warmers, Free WiFi, All rooms en suite",300,no,Sunday,1649,per-person,GBP,exact-week,,,,"package via Sno: Accommodation, Catered, Flights Included, Transfers",yes,,,"Right in the heart of Val d'Isere, Chalet Nirmal is spacious, sociable, and superbly located just a few minutes from both slopes and apres. Chalet Nirmal is a classic Savoyarde chalet with the unbeatable advantage of a central Val d'Isere",https://www.sno.co.uk/ski-holidays/chalet-nirmal_19708/,Sno,site-sno,5,chalets/images/sno-chalet-nirmal/,2026-10-05,"Sno 20 Mar 2027: £1649pp with 1 sharing from Gatwick; price range = Sno dates priced for 1 sharing from Gatwick; operator not named on Sno (image code wlc); central, just off main street, ~300m to Solaise/Bellevarde lifts; no hot tub; Sunday changeover; Sno pricing erratic for other dates (range omitted); same template as Katalin/Casa Rivas"
sno-chalet-neve,Chalet Névé,unknown (sold via Sno),Val d'Isère,Espace Killy,France,,14,6,5,chalet,self-catered,,none,yes,"swimming pool, sauna, wood fireplace",100,yes,Saturday,1831,per-person,GBP,exact-week,1439,3140,,"package via Sno: Accommodation, Self Catering, Without Flights",yes,,,"Ideally located at the foot of the famous Bellevarde Olympic Face and on the edge of the Joseray piste, the 14-person Chalet Névé is sure to delight winter sports enthusiasts. This historic 200 sq.m chalet has 5 double bedrooms for",https://www.sno.co.uk/ski-holidays/chalet-n-v_22743/,Sno,site-sno,5,chalets/images/sno-chalet-neve/,2026-10-05,"Sno 20 Mar 2027: £1831pp with 10 sharing from AO; price range = Sno dates priced for 10 sharing from AO; operator not named on Sno (image code wlc); self catering, no flights; edge of Joseray piste at foot of Bellevarde OK face; 5 doubles + kids dorm; no hot tub listed"
sno-chalet-ontario,Chalet Ontario,unknown (sold via Sno),Val d'Isère,Espace Killy,France,,8,4,,chalet,catered,"Cooked and continental breakfasts; Afternoon tea on your return from the slopes; Pre-dinner apéritif and canapés; 3-course dinners with complimentary wine; What's included in Catered Ski Chalet; You can expect some wonderful cuisine in our catered ski chalets, where you’ll never have to lift a finge",shared,unknown,"terrace hot tub, fire, balcony",,no,Saturday,1539,per-person,GBP,exact-week,1269,2479,,"package via Sno: Accommodation, Catered, Flights Included, Transfers",yes,,,Chalet Ontario is situated just a short walk from the energetic and pretty village centre and ski lifts. The chalet combines elegant contemporary living with that cosy alpine feel. On Chalet Ontario’s upper floor there is a warm and comfortable,https://www.sno.co.uk/ski-holidays/chalet-ontario_19120/,Sno,site-sno,5,chalets/images/sno-chalet-ontario/,2026-10-05,"Sno 20 Mar 2027: £1539pp with 2 sharing from Heathrow; price range = Sno dates priced for 2 sharing from Heathrow; operator not named on Sno (image code wlc); terrace hot tub reached from ground-floor bedrooms (""shared terrace"" = shared between the chalet bedrooms); short walk to Olympique/Solaise; same operator template as Blackcomb/Columbia; Quebec page says terrace hot tub is SHARED between Chalet Ontario and Chalet Quebec"
sno-chalet-orca,Chalet Orca,unknown (sold via Sno),Le Fornet,Espace Killy,France,,14,5,5,chalet,half-board,,private-indoor,unknown,"indoor stone jacuzzi, lift, garage, snooker, fireplaces",200,no,Sunday,,per-person,GBP,season-range,2555,4673,,"package via Sno: Accommodation, Half Board, Without Flights",unknown,,,"Chalet Orca ( Finalist in the 2020 World Ski Awards ), one of the most prestigious chalets in Val d'Isere. Located in Le Fornet, a slightly outlying and residential ancestral hamlet at the foot of an exceptional ski area, Chalet",https://www.sno.co.uk/ski-holidays/chalet-orca_22495/,Sno,site-sno,5,chalets/images/sno-chalet-orca/,2026-10-05,"Sno: no 20 Mar 2027 departure listed; price range = Sno dates priced for 14 sharing from AO; operator not named on Sno (image code wlc); half board, no flights; Le Mouton a Bascule complex with Les Ours; 420 sqm; 21 Mar not offered (probably booked)"
sno-chalet-orso,Chalet Orso,unknown (sold via Sno),Le Fornet,Espace Killy,France,,13,5,5,chalet,half-board,,private-indoor,yes,"indoor pool, stone overflowing jacuzzi, hammam, sauna, Nordic bath, lift, garage",200,no,Sunday,,per-person,GBP,season-range,3020,3959,,"package via Sno: Accommodation, Half Board, Without Flights",unknown,,,"The chalet Orso take position as one of the most prestigious chalets in Val d'Isere. Located in Le Fornet, a slightly outlying and residential ancestral hamlet at the foot of an exceptional ski area, Chalet Orso is part of Le",https://www.sno.co.uk/ski-holidays/chalet-orso_21783/,Sno,site-sno,5,chalets/images/sno-chalet-orso/,2026-10-05,"Sno: no 20 Mar 2027 departure listed; price range = Sno dates priced for 13 sharing from AO; operator not named on Sno (image code wlc); half board, no flights; Le Mouton a Bascule (with Les Ours/Orca); 520 sqm; 21 Mar not offered (probably booked)"
sno-chalet-ottawa,Chalet Ottawa,unknown (sold via Sno),Val d'Isère,Espace Killy,France,,14,5,6,chalet,half-board,,none,no,"heated indoor pool, hammam, massage room, home cinema, lift, garage",100,yes,Sunday,2660,per-person,GBP,exact-week,2138,3926,,"package via Sno: Accommodation, Half Board, Without Flights",yes,,,"This urban chalet is located in the quiet and intimate neighborhood of Les Carats, ski-in ski-out on the Bellevarde Olympic slope. It benefits from a very privileged location overlooking the resort of Val d'Isère with a majestic view over the",https://www.sno.co.uk/ski-holidays/chalet-ottawa_22573/,Sno,site-sno,5,chalets/images/sno-chalet-ottawa/,2026-10-05,"Sno 20 Mar 2027: £2660pp with 10 sharing from AO; price range = Sno dates priced for 10 sharing from AO; operator not named on Sno (image code wlc); half board, no flights; Les Carats, ski-in/out on Bellevarde OK slope; 450 sqm; no hot tub listed; Sunday changeover"
sno-chalet-ours-noir,Chalet Ours Noir,unknown (sold via Sno),Val d'Isère,Espace Killy,France,,10,4,4,chalet,self-catered,,none,unknown,"hammam, lift, garage, wood fireplace, boot heaters",400,no,Saturday,,per-person,GBP,season-range,942,1649,,"package via Sno: Accommodation, Self Catering, Without Flights",unknown,,,"In the district of the old village of Val-d'Isère, there is the chalet Ours Noir, which enjoys an ideal location. Indeed, in addition to the authenticity of the old village with its narrow streets reminiscent of traditional Savoyard mountain villages,",https://www.sno.co.uk/ski-holidays/chalet-ours-noir_22754/,Sno,site-sno,5,chalets/images/sno-chalet-ours-noir/,2026-10-05,"Sno: no 20 Mar 2027 departure listed; price range = Sno dates priced for 10 sharing from AO; operator not named on Sno (image code wlc); self catering, no flights; old village, snow front ~100m walk; 20 Mar not offered (13 Mar missing too; 6 & 27 Mar priced) - probably booked"
sno-chalet-petit-mire,Chalet Petit Mire,unknown (sold via Sno),Val d'Isère,Espace Killy,France,,4,2,,chalet,catered,"Chalet board:; cooked breakfast, afternoon tea and a 3-course evening meal with unlimited wine at dinner, coffee and mints 5 nights a week. Champagne reception with canapés on your first and last evenings, with canapés and locally made Methode Champenoise on every other catered evening. Cheeseboard ",shared,yes,"Sleeps 4, Private Catering, Hot Tub, Sauna, Family friendly, Large lounge and dining area",,no,Sunday,,per-person,GBP,season-range,1397,2991,,"package via Sno: Accommodation, Catered, Flights Included, Transfers",no,,,"PRIVATE CHALET FOR 4 GUESTS BEAUTIFULLY DESIGNED AND BUILT CHALET IN A GREAT POSITION We are delighted to have secured this private chalet for just 4 guests, Petit Mire. Built by the same family who created our most beautiful chalets,",https://www.sno.co.uk/ski-holidays/chalet-petit-mire_21315/,Sno,site-sno,5,chalets/images/sno-chalet-petit-mire/,2026-10-05,Sno 20 Mar 2027: Sold Out; price range = Sno dates priced for 2 sharing from Gatwick; operator not named on Sno (image code wlc); 4-guest chalet in same building as Mire and Azel; ground-floor hot tub + sauna shared by the three; 21 Mar sold out
sno-chalet-phoebe,Chalet Phoebe,unknown (sold via Sno),Tignes Val Claret,Espace Killy,France,,8,4,4,apartment,catered,Welcome vin chaud; Hearty continental breakfast (7 days); Hot breakfast options provided by hosts (5 days); Homemade afternoon tea and cake (6 days); Delicious three-course evening menu (5 days); Two-course Alpine speciality (1 day); A selection of hand-picked silver level wines (6 days); Hearty set,shared,yes,"Ski In/Out, Sauna / Steam room, Room With Cots, Hot tub, Heated boot warmers, Free WiFi, Close to resort centre, All rooms en suite",25,yes,Saturday,1629,per-person,GBP,exact-week,,,,"package via Sno: Accommodation, Catered, Flights Included, Transfers",yes,,,"Unbeatable ski-in/ski-out chalet in Val Claret, blending modern alpine charm with comfort and instant slope access in the heart of Tignes. Thoughtfully renovated with a cosy alpine soul, the chalet features four en-suite bedrooms and a spacious, sociable living-dining area.",https://www.sno.co.uk/ski-holidays/chalet-phoebe_18437/,Sno,site-sno,5,chalets/images/sno-chalet-phoebe/,2026-10-05,"Sno 20 Mar 2027: £1629pp with 2 sharing from Gatwick; price range = Sno dates priced for 2 sharing from Gatwick; operator not named on Sno (image code wlc); first-floor chalet-apartment in Val Claret residence next to Tufs lift; shared spa (jacuzzi, sauna, steam) with Sarah/Katalin/Catherine/Teresa/Hera; other-date Sno 2-sharing prices erratic so range omitted"
sno-chalet-quebec,Chalet Quebec,unknown (sold via Sno),Val d'Isère,Espace Killy,France,,8,4,,chalet,catered,"Cooked and continental breakfasts; Afternoon tea on your return from the slopes; Pre-dinner apéritif and canapés; 3-course dinners with complimentary wine; What's included in Catered Ski Chalet; You can expect some wonderful cuisine in our catered ski chalets, where you’ll never have to lift a finge",shared,unknown,,,no,Saturday,1439,per-person,GBP,exact-week,1189,2379,,"package via Sno: Accommodation, Catered, Flights Included, Transfers",yes,,,"Chalet Quebec in Val d’Isere is a delightful 2 storey chalet just a short walk from the buzzing centre of Val d’Isere. As you get yourself kitted up in our dedicated ski and boot room the excitement builds, and you",https://www.sno.co.uk/ski-holidays/chalet-quebec_19117/,Sno,site-sno,5,chalets/images/sno-chalet-quebec/,2026-10-05,"Sno 20 Mar 2027: £1439pp with 2 sharing from Heathrow; price range = Sno dates priced for 2 sharing from Heathrow; operator not named on Sno (image code wlc); terrace hot tub shared with neighbouring Chalet Ontario (both sleep 8, both available 20 Mar - could be booked together); short walk to Olympique/Solaise"
sno-chalet-roc-merlet,Chalet Roc Merlet,unknown (sold via Sno),Val d'Isère,Espace Killy,France,,14,,,chalet,catered,"Chalet board:; cooked breakfast, afternoon tea and a 3-course evening meal with unlimited wine at dinner, coffee and mints 5 nights a week. Champagne reception with canapés on your first and last evenings, with canapés and locally made Methode Champenoise on every other catered evening. Cheeseboard ",shared,unknown,"Sleeps 14, Private Catering, Hot Tub, Log fireplace, Shuttle service, Large lounge and dining area",,no,Sunday,,per-person,GBP,season-range,997,2035,,"package via Sno: Accommodation, Catered, Flights Included, Transfers",no,,,GORGEOUS CHALET FOR 14 GUESTS WITH STUNNING LOUNGE Chalet Roc Merlet was the last of our Cacholet chalets to be transformed - something we did during lockdown as we couldn't leave resort! We have totally refurbished and redesigned the beautiful,https://www.sno.co.uk/ski-holidays/chalet-roc-merlet_13387/,Sno,site-sno,5,chalets/images/sno-chalet-roc-merlet/,2026-10-05,Sno 20 Mar 2027: Sold Out; price range = Sno dates priced for 2 sharing from Gatwick; operator not named on Sno (image code wlc); Cacholet chalet group; two shared outdoor courtyard hot tubs; refurbished lounge; 21 Mar sold out
sno-chalet-saint-joseph,Chalet Saint Joseph,unknown (sold via Sno),La Daille,Espace Killy,France,,11,5,5,chalet,self-catered,,none,yes,"sauna, home cinema, boot heaters",0,yes,Saturday,1099,per-person,GBP,exact-week,803,1911,,"package via Sno: Accommodation, Self Catering, Without Flights",yes,,,"Located at the bottom of the slopes at La Daille, Chalet Saint-Joseph offers traditional Alpine charm, warm, bright interiors and, above all, an excellent ski-in/ski-out location for the Tignes / Val d'Isère ski area. With a surface area of 177",https://www.sno.co.uk/ski-holidays/chalet-saint-joseph_22370/,Sno,site-sno,5,chalets/images/sno-chalet-saint-joseph/,2026-10-05,"Sno 20 Mar 2027: £1099pp with 10 sharing from AO; price range = Sno dates priced for 10 sharing from AO; operator not named on Sno (image code wlc); self catering, no flights; ski-in/out at bottom of La Daille slopes next to gondola/funicular; no hot tub listed"
sno-chalet-sarah,Chalet Sarah,unknown (sold via Sno),Tignes Val Claret,Espace Killy,France,,8,4,4,apartment,catered,Welcome vin chaud; Hearty continental breakfast (7 days); Hot breakfast options provided by hosts (5 days); Homemade afternoon tea and cake (6 days); Delicious three-course evening menu (5 days); Two-course Alpine speciality (1 day); A selection of hand-picked silver level wines (6 days); Hearty set,shared,yes,"Ski In/Out, Sauna / Steam room, Hot tub, Heated boot warmers, Free WiFi, Close to resort centre, All rooms en suite",25,yes,Saturday,1629,per-person,GBP,exact-week,1019,2434,,"package via Sno: Accommodation, Catered, Flights Included, Transfers",yes,,,"This high-quality chalet apartment offers ski-in/ski-out access, en-suite rooms, and alpine style - perfect for groups after comfort, charm and convenience. Chalet Sarah is a smartly designed chalet apartment in Tignes Val Claret, offering direct slope access, stylish alpine interiors",https://www.sno.co.uk/ski-holidays/chalet-sarah_18803/,Sno,site-sno,5,chalets/images/sno-chalet-sarah/,2026-10-05,"Sno 20 Mar 2027: £1629pp with 2 sharing from Gatwick; price range = Sno dates priced for 2 sharing from Gatwick; operator not named on Sno (image code wlc); 4th-floor chalet-apartment in Val Claret residence by Tufs lift; shared spa (jacuzzi, sauna, steam) with Katalin/Phoebe/Catherine/Teresa/Hera; Sarah, Katalin, Phoebe, Catherine, Hera all available 20 Mar (could combine)"
sno-chalet-snowy-breeze,Chalet Snowy Breeze,unknown (sold via Sno),Val d'Isère,Espace Killy,France,,10,4,4,chalet,self-catered,,none,unknown,"spa with indoor swimming pool, hammam, massage room; lift, home cinema, wood fireplace",350,no,Saturday,2006,per-person,GBP,exact-week,1614,3009,,"package via Sno: Accommodation, Self Catering, Without Flights",yes,,,"Located in the Old Village of Val d'Isère, Chalet Snowy Breeze is just 350m from the slopes and 300m from the centre of the resort, giving easy access to the shops, bars and restaurants. It features great designers pieces, and",https://www.sno.co.uk/ski-holidays/chalet-snowy-breeze_22736/,Sno,site-sno,5,chalets/images/sno-chalet-snowy-breeze/,2026-10-05,"Sno 20 Mar 2027: £2006pp with 10 sharing from AO; price range = Sno dates priced for 10 sharing from AO; operator not named on Sno (image code wlc); self catering, no flights; old village, 350m to slopes; no hot tub listed"
sno-chalet-tasna,Chalet Tasna,unknown (sold via Sno),Val d'Isère,Espace Killy,France,,10,4,3,chalet,self-catered,,private-outdoor,unknown,"outdoor jacuzzi on terrace, lift, garage, wood fireplace, games consoles",450,no,Saturday,1047,per-person,GBP,exact-week,785,1570,,"package via Sno: Accommodation, Self Catering, Without Flights",yes,,,"In the station's most popular hamlet, Petit Alaska, is Chalet Tasna. This prestigious chalet, enjoys an ideal location close to the city centre, and between 350 and 500 metres from the ski slopes. The hamlet of Petit Alaska is an",https://www.sno.co.uk/ski-holidays/chalet-tasna_22471/,Sno,site-sno,5,chalets/images/sno-chalet-tasna/,2026-10-05,"Sno 20 Mar 2027: £1047pp with 10 sharing from AO; price range = Sno dates priced for 10 sharing from AO; operator not named on Sno (image code wlc); self catering, no flights; Petit Alaska hamlet, 350-500m to slopes; 20 Mar £1047pp at 10 sharing"
sno-chalet-tenzing,Chalet Tenzing,unknown (sold via Sno),Val d'Isère,Espace Killy,France,,7,4,4,apartment,catered,Welcome vin chaud; Aperitifs on six nights; Nibbles on first and last nights; Hearty continental breakfast (7 days); Hot breakfast options provided by hosts (5 days); Homemade afternoon tea and cake (6 days); Delicious three-course evening menu (5 days); Two-course Alpine speciality (1 day); A selec,none,no,"Room With Cots, In resort centre, Heated boot warmers, Free WiFi, All rooms en suite",300,no,Sunday,1599,per-person,GBP,exact-week,1589,1659,,"package via Sno: Accommodation, Catered, Flights Included, Transfers",yes,,,"A central Val d’Isère base for seven, Chalet Tenzing combines en-suite comfort with unbeatable access to lifts, nightlife and resort life. Chalet Tenzing is a cosy and well-located Savoyarde chalet apartment ideal for groups wanting excellent value in central Val",https://www.sno.co.uk/ski-holidays/chalet-tenzing_22929/,Sno,site-sno,5,chalets/images/sno-chalet-tenzing/,2026-10-05,"Sno 20 Mar 2027: £1599pp with 7 sharing from Gatwick; price range = Sno dates priced for 7 sharing from Gatwick; operator not named on Sno (image code wlc); central chalet-apartment opposite Le Petit Danois, ~300m to Solaise/Olympique; no hot tub; Sunday changeover, 21 Mar £1599pp at 7 sharing from Gatwick"
sno-chalet-teresa,Chalet Teresa,unknown (sold via Sno),Tignes Val Claret,Espace Killy,France,6,7,3,3,apartment,catered,Welcome vin chaud; Hearty continental breakfast (7 days); Hot breakfast options provided by hosts (5 days); Homemade afternoon tea and cake (6 days); Delicious three-course evening menu (5 days); Two-course Alpine speciality (1 day); A selection of hand-picked silver level wines (6 days); Hearty set,shared,yes,"Ski In/Out, Sauna / Steam room, Hot tub, Heated boot warmers, Free WiFi, Close to resort centre, All rooms en suite",25,yes,Saturday,1639,per-person,GBP,exact-week,,,,"package via Sno: Accommodation, Catered, Flights Included, Transfers",yes,,,"With ski-in/ski-out access, all en-suite rooms, and shared spa facilities, Chalet Teresa blends alpine convenience with cosy comfort in Tignes Val Claret. Chalet Teresa is a stylish chalet apartment with ski-in/ski-out access in Tignes Val Claret, perfect for families or",https://www.sno.co.uk/ski-holidays/chalet-teresa_18802/,Sno,site-sno,5,chalets/images/sno-chalet-teresa/,2026-10-05,"Sno 20 Mar 2027: £1639pp with 2 sharing from Gatwick; price range = Sno dates priced for 2 sharing from Gatwick; operator not named on Sno (image code wlc); 5th-floor chalet-apartment in Val Claret residence by Tufs lift; shared spa (jacuzzi, sauna, steam) with Sarah/Phoebe/Catherine/Katalin/Hera; other-date 2-sharing prices erratic, range omitted"
sno-chalet-tolima,Chalet Tolima,unknown (sold via Sno),Val d'Isère,Espace Killy,France,,12,6,,chalet,catered,Signature Chalet Board; Welcome vin chaud; Champagne on your first evening; Hearty continental breakfast (7 days); Bean-to-cup freshly made coffee; Hot breakfast options provided by hosts (5 days); Homemade afternoon tea and cake (6 days); Aperitifs and canapes (6 days); Delicious three-course eveni,none,yes,"Sauna / Steam room, Room With Cots, Luxury property, Heated boot warmers, Free WiFi, All rooms with private facilities",1000,no,Sunday,1849,per-person,GBP,exact-week,,,,"package via Sno: Accommodation, Catered, Flights Included, Transfers",yes,,,"A rare find in Val d'Isere - a stunning free-standing chalet with private sauna, roaring fire, and authentic Savoyard style and good position to access the lifts. Chalet Tolima is a beautifully finished, spacious chalet in Val d'Isere's serene Le",https://www.sno.co.uk/ski-holidays/chalet-tolima_11311/,Sno,site-sno,5,chalets/images/sno-chalet-tolima/,2026-10-05,"Sno 20 Mar 2027: £1849pp with 2 sharing from Gatwick; price range = Sno dates priced for 2 sharing from Gatwick; operator not named on Sno (image code wlc); free-standing chalet in Le Crêt, 10-min walk to centre, bus stop 50m; private sauna, fireplace, no hot tub; Sunday changeover; Sno 2-sharing prices for other dates erratic (range omitted)"
sno-chalet-tournavel,Chalet Tournavel,unknown (sold via Sno),Tignes Val Claret,Espace Killy,France,12,13,6,6,chalet,catered,Welcome vin chaud; Hearty continental breakfast (7 days); Hot breakfast options provided by hosts (5 days); Homemade afternoon tea and cake (6 days); Delicious three-course evening menu (5 days); Two-course Alpine speciality (1 day); A selection of hand-picked silver level wines (6 days); Hearty set,none,no,"Room With Cots, Heated boot warmers, Free WiFi, Close to piste, All rooms en suite",950,no,Saturday,1363,per-person,GBP,exact-week,,,,"package via Sno: Accommodation, Catered, Flights Included, Transfers",yes,,,"Chalet Tournavel offers rustic charm, six en-suite bedrooms, and a peaceful setting between Tignes Le Lac and Val Claret - ideal for families and relaxed groups. With its traditional Alpine feel, scenic setting, and warm interiors, Chalet Tournavel is perfect",https://www.sno.co.uk/ski-holidays/chalet-tournavel_21417/,Sno,site-sno,5,chalets/images/sno-chalet-tournavel/,2026-10-05,Sno 20 Mar 2027: £1363pp with 3 sharing from Gatwick; price range = Sno dates priced for 3 sharing from Gatwick; operator not named on Sno (image code wlc); freestanding chalet by golf course between Val Claret (5-min walk) and Le Lac (10 min); bus stop outside; no hot tub; Sno priced 20 Mar at 3 sharing; other-date prices erratic (range omitted)
sno-chalet-val-rogoney,Chalet Val Rogoney,unknown (sold via Sno),Val d'Isère,Espace Killy,France,,6,3,,chalet,self-catered,"Classic Contactless Catering Service; Your chalet will be ready on arrival - beds made, dinner ready and fridges stocked*, wine-cellars replenished, skis and lift passes all booked. But you won't see us. We'll be at the end of the phone, but there will be no contact, unless you need it. You and your",none,unknown,,100,partial,Saturday,,per-person,GBP,season-range,530,1200,,"package via Sno: Accommodation, Self Catering, Without Flights",no,,,"Chalet Val Rogoney is a beautiful chalet spread across 3 floors, with 3 bedrooms sleeping up to 6 guests. The rustic wooden furnishings and picture windows giving on to the slopes and the forest beyond makes this the ideal space",https://www.sno.co.uk/ski-holidays/chalet-val-rogoney_19080/,Sno,site-sno,5,chalets/images/sno-chalet-val-rogoney/,2026-10-05,"Sno 20 Mar 2027: Sold Out; price range = Sno dates priced for 6 sharing from AO; operator not named on Sno (image code wlc); self catering (optional contactless catering), no flights; 100m to lifts, ski back through garden; no hot tub mentioned; 20 Mar sold out"
sno-chalet-whistler-val-d-isere,Chalet Whistler,unknown (sold via Sno),Val d'Isère,Espace Killy,France,,8,4,4,chalet,catered,"Cooked and continental breakfasts; Afternoon tea on your return from the slopes; Pre-dinner apéritif and canapés; 3-course dinners with complimentary wine; What's included in Catered Ski Chalet; You can expect some wonderful cuisine in our catered ski chalets, where you’ll never have to lift a finge",none,unknown,,,no,Saturday,1539,per-person,GBP,exact-week,1289,1979,,"package via Sno: Accommodation, Catered, Flights Included, Transfers",yes,,,Chalet Whistler is a fabulous chalet on two levels offering superb accommodation close to the main ski lifts and lively centre of Val d’Isere. Chalet Whistler is just a short walk away from the Olympique or Solaise lifts heading into,https://www.sno.co.uk/ski-holidays/chalet-whistler_19118/,Sno,site-sno,5,chalets/images/sno-chalet-whistler-val-d-isere/,2026-10-05,"Sno 20 Mar 2027: £1539pp with 2 sharing from Heathrow; price range = Sno dates priced for 2 sharing from Heathrow; operator not named on Sno (image code wlc); not the Tignes Brévières Chalet Whistler; two levels, log fire, balcony, short walk to Olympique/Solaise; no hot tub mentioned"
sno-chalet-yeti,Chalet Yeti,unknown (sold via Sno),Val d'Isère,Espace Killy,France,,10,5,5,chalet,self-catered,,none,unknown,"indoor pool, spa, cinema room, bar",,partial,Sunday,,per-person,GBP,,,,,"package via Sno: Accommodation, Self Catering, Without Flights",unknown,,,"This charming chalet sits at the foot of Val d’Isere’s iconic Face de Bellevarde, and offers luxurious spa facilities. Sleeping up to 10 guests, in five individually designed bedrooms, this chalet is a fabulous winter retreat for a large family",https://www.sno.co.uk/ski-holidays/chalet-yeti_19798/,Sno,site-sno,5,chalets/images/sno-chalet-yeti/,2026-10-05,"Sno: no 20 Mar 2027 departure listed; price range = Sno dates priced for 10 sharing from AO; operator not named on Sno (image code wlc); self catering, no flights; luxury 335 sqm in Les Carats at foot of Face de Bellevarde; indoor pool/spa, master spa bath, no hot tub listed; Sno only lists Christmas weeks (£15274pp?!) - no March dates"
sno-chalet-yukon,Chalet Yukon,unknown (sold via Sno),Val d'Isère,Espace Killy,France,,6,3,3,chalet,catered,"Cooked and continental breakfasts; Afternoon tea on your return from the slopes; Pre-dinner apéritif and canapés; 3-course dinners with complimentary wine; What's included in Catered Ski Chalet; You can expect some wonderful cuisine in our catered ski chalets, where you’ll never have to lift a finge",none,unknown,,,no,Saturday,,per-person,GBP,season-range,1019,2209,,"package via Sno: Accommodation, Catered, Flights Included, Transfers",no,,,"Located just a short walk from the pretty, vibrant centre of Val d’Isère and its Olympic ski lifts, Chalet Yukon combines traditional charm with a contemporary twist. Chalet Yukon offers a spacious open plan kitchen, dining area and comfortable lounge",https://www.sno.co.uk/ski-holidays/chalet-yukon_19124/,Sno,site-sno,5,chalets/images/sno-chalet-yukon/,2026-10-05,Sno 20 Mar 2027: Sold Out; price range = Sno dates priced for 2 sharing from Heathrow; operator not named on Sno (image code wlc); short walk to Olympique/Solaise; no hot tub mentioned; 20 Mar sold out
sno-etoile-du-nord-east-wing,Etoile du Nord - East Wing,unknown (sold via Sno),Val d'Isère,Espace Killy,France,12,14,7,7,chalet,catered,,private-outdoor,unknown,"spa with indoor/outdoor pool, outdoor hot tub, hammam, massage room",,no,Sunday,8346,per-person,GBP,exact-week,6588,21962,,"package via Sno: Accommodation, Catered, Without Flights",yes,,,"An impressive, contemporary and architectural chalet that welcomes the outside in and boasts stand-out facilities. Launching for the 2023, Etoile du Nord comprises two adjoining chalets (East Wing and West Wing) in the centrally located enclave known as Petite Alaska",https://www.sno.co.uk/ski-holidays/etoile-du-nord---east-wing_19807/,Sno,site-sno,3,chalets/images/sno-etoile-du-nord-east-wing/,2026-10-05,"Sno 20 Mar 2027: £8346pp with 10 sharing from AO; price range = Sno dates priced for 10 sharing from AO; operator not named on Sno (image code wlc); ultra-luxury 710 sqm, adjoins West Wing (combinable), Petit Alaska; catered, no flights; Sunday changeover"
sno-etoile-du-nord-west-wing,Etoile du Nord - West Wing,unknown (sold via Sno),Val d'Isère,Espace Killy,France,12,14,6,6,chalet,catered,,private-outdoor,yes,"indoor pool with jacuzzi area, master-suite balcony hot tub, hammam, sauna, massage room",,no,Sunday,7511,per-person,GBP,exact-week,5929,11069,,"package via Sno: Accommodation, Catered, Without Flights",yes,,,"This spectacular 6-bedroom modern mountain retreat boasts top-notch facilities and cutting-edge design, situated in an exclusive neighbourhood mere minutes from the heart of Val d'Isère. Launching for the 2023, Etoile du Nord comprises two adjoining chalets (East Wing and West",https://www.sno.co.uk/ski-holidays/etoile-du-nord---west-wing_19806/,Sno,site-sno,5,chalets/images/sno-etoile-du-nord-west-wing/,2026-10-05,"Sno 20 Mar 2027: £7511pp with 10 sharing from AO; price range = Sno dates priced for 10 sharing from AO; operator not named on Sno (image code wlc); ultra-luxury 700 sqm, adjoins East Wing (combinable), Petit Alaska; catered, no flights; Sunday changeover"
sno-grand-pre-2,Grand Pré 2,unknown (sold via Sno),Val d'Isère,Espace Killy,France,8,10,4,4,apartment,self-catered,,none,yes,"shared pool, shared sauna, spa, bar",,yes,Sunday,1467,per-person,GBP,exact-week,1228,1467,,"package via Sno: Accommodation, Room Only, Without Flights",yes,,,"A luxury four-bedroom ski-in, ski-out apartment with fabulous shared facilities One of the world’s most sophisticated ski resorts has just stepped up a notch with the completion of a stunning new residence, Grand Pré, which occupies an incredible location in",https://www.sno.co.uk/ski-holidays/grand-pr-2_18890/,Sno,site-sno,5,chalets/images/sno-grand-pre-2/,2026-10-05,"Sno 20 Mar 2027: £1467pp with 8 sharing from AO; price range = Sno dates priced for 8 sharing from AO; operator not named on Sno (image code wlc); room only, no flights; new luxury ski-in/out apartment in Grand Pré residence overlooking La Face; shared pool + sauna; Sunday changeover"
sno-grand-pre-4,Grand Pré 4,unknown (sold via Sno),Val d'Isère,Espace Killy,France,,8,4,4,apartment,self-catered,,none,yes,"shared pool, shared sauna, spa, library",,yes,Sunday,1684,per-person,GBP,exact-week,1452,1684,,"package via Sno: Accommodation, Room Only, Without Flights",yes,,,"An exceptional new ski in/ski out four-bedroom apartment with shared pool and spa facilities One of the world’s most sophisticated ski resorts has just stepped up a notch with the completion of a stunning new property, offering luxurious living, outstanding",https://www.sno.co.uk/ski-holidays/grand-pr-4_18891/,Sno,site-sno,5,chalets/images/sno-grand-pre-4/,2026-10-05,"Sno 20 Mar 2027: £1684pp with 8 sharing from AO; price range = Sno dates priced for 8 sharing from AO; operator not named on Sno (image code wlc); room only, no flights; split-level penthouse in Grand Pré residence (ski-in/out); shared pool + sauna; Sunday changeover"
sno-no-1-aspen-house,No. 1 Aspen House,unknown (sold via Sno),Val d'Isère,Espace Killy,France,6,8,3,3,apartment,catered,Our Executive Chef is passionate about food and hugely sensitive to the appetite of a hungry skier whilst considering a balanced diet. The new and refined menus are heavy enough to reward mountain exertion yet light and simple enough to leave you grinning not groaning.; All our catered ski holidays ,shared,yes,"Water vapour fire, Balcony, WiFi in all rooms, Flat screen TV with UK TV in each bedroom, Ski room with individual ski lockers and boot warmers, Spa with Sauna and Hammam, Private garage parking, Not ",,no,Sunday,2112,per-person,GBP,exact-week,1243,4244,,"package via Sno: Accommodation, Catered, Without Flights, Transfers",yes,,,"* Access to Spa with Sauna & Hammam * Our home in Val d'Isère, Aspen House , is in the older part of town and right next to the church, minutes from the High Street, quieter and more exclusive and",https://www.sno.co.uk/ski-holidays/no-1-aspen-house_18310/,Sno,site-sno,5,chalets/images/sno-no-1-aspen-house/,2026-10-05,"Sno 20 Mar 2027: £2112pp with 6 sharing from AO; price range = Sno dates priced for 6 sharing from AO; operator not named on Sno (image code wlc); suite in Aspen House (8 suites incl Lofts 1-3), VdI centre; building spa (sauna, hammam, large tiled jacuzzi) shared; catered, no flights, transfers incl; Sunday changeover"
sno-no-1-bellevarde,No. 1 Bellevarde,unknown (sold via Sno),Val d'Isère,Espace Killy,France,,12,6,6,chalet,catered,Our Executive Chef is passionate about food and hugely sensitive to the appetite of a hungry skier whilst considering a balanced diet. The new and refined menus are heavy enough to reward mountain exertion yet light and simple enough to leave you grinning not groaning.; All our catered ski holidays ,private-outdoor,unknown,"Ski in - ski out, Outdoor hot tub on sun terrace with mountain view, Open fire, Television with UK TV, WiFi, Ski room with boot warmers, Private parking, Not suitable for those with reduced mobility (",,yes,Sunday,2314,per-person,GBP,exact-week,1309,4702,,"package via Sno: Accommodation, Catered, Without Flights, Transfers",yes,,,* Outdoor Hot Tub * Piste-side Location * Ski guiding * In-house ski hire * This is the perfect choice for a group of family or friends seeking a ski in ski out chalet in Val d'Isere. This stone-and-timber chalet,https://www.sno.co.uk/ski-holidays/no-1-bellevarde_15505/,Sno,site-sno,5,chalets/images/sno-no-1-bellevarde/,2026-10-05,"Sno 20 Mar 2027: £2314pp with 10 sharing from AO; price range = Sno dates priced for 10 sharing from AO; operator not named on Sno (image code wlc); piste-side on Santons piste, ski-in/out; terrace hot tub; driver service, ski guiding, in-house ski hire; catered, no flights, transfers incl; Sunday changeover, 21 Mar £2314pp at 10 sharing"
sno-no-2-aspen-house,No. 2 Aspen House,unknown (sold via Sno),Val d'Isère,Espace Killy,France,4,6,2,2,apartment,catered,Our Executive Chef is passionate about food and hugely sensitive to the appetite of a hungry skier whilst considering a balanced diet. The new and refined menus are heavy enough to reward mountain exertion yet light and simple enough to leave you grinning not groaning.; All our catered ski holidays ,shared,yes,"Water vapour fire, Balcony, WiFi in all rooms, Flat screen TV with UK TV in each bedroom, Ski room with individual ski lockers and boot warmers, Spa with Sauna and Hammam, Private garage parking, Not ",,no,Sunday,2112,per-person,GBP,exact-week,1243,4244,,"package via Sno: Accommodation, Catered, Without Flights, Transfers",yes,,,* Access to Spa with Sauna & Hammam * Aspen House is situated in the heart of Val d'Isere. Each of the eight apartments are sumptuously designed creating a timeless aura with classic furnishings and a rich decor. Two bedroom,https://www.sno.co.uk/ski-holidays/no-2-aspen-house_18311/,Sno,site-sno,5,chalets/images/sno-no-2-aspen-house/,2026-10-05,"Sno 20 Mar 2027: £2112pp with 4 sharing from AO; price range = Sno dates priced for 4 sharing from AO; operator not named on Sno (image code wlc); 2-bed + bunks chalet-apartment in Aspen House; building spa (sauna, hammam, tiled jacuzzi) shared; catered, no flights; Sunday changeover"
sno-no-2-bellevarde,No. 2 Bellevarde,unknown (sold via Sno),Val d'Isère,Espace Killy,France,,12,6,6,chalet,catered,Our Executive Chef is passionate about food and hugely sensitive to the appetite of a hungry skier whilst considering a balanced diet. The new and refined menus are heavy enough to reward mountain exertion yet light and simple enough to leave you grinning not groaning.; All our catered ski holidays ,private-outdoor,unknown,"Ski in - ski out, Outdoor hot tub with mountain view, Open fire, Television with UK TV, WiFi, Ski room with boot warmers, Private parking, Not suitable for those with reduced mobility (PRM), Chalet ca",,yes,Sunday,2314,per-person,GBP,exact-week,1309,4702,,"package via Sno: Accommodation, Catered, Without Flights, Transfers",yes,,,"* Outdoor Hot Tub * Piste-side Location * Ski guiding * In-house ski hire * This is a fabulous chalet for a group of 12. The vaulted sitting room has an open fireplace, floor to ceiling glass with breath-taking views,",https://www.sno.co.uk/ski-holidays/no-2-bellevarde_15506/,Sno,site-sno,5,chalets/images/sno-no-2-bellevarde/,2026-10-05,"Sno 20 Mar 2027: £2314pp with 10 sharing from AO; price range = Sno dates priced for 10 sharing from AO; operator not named on Sno (image code wlc); piste-side on Santons piste; terrace hot tub; morning shuttle; catered, no flights, transfers incl; Sunday changeover"
sno-no-3-4-club-bellevarde,No. 3&4 CLUB Bellevarde,unknown (sold via Sno),Val d'Isère,Espace Killy,France,,24,12,,chalet,catered,Our Executive Chef is passionate about food and hugely sensitive to the appetite of a hungry skier whilst considering a balanced diet. The new and refined menus are heavy enough to reward mountain exertion yet light and simple enough to leave you grinning not groaning.; All our catered ski holidays ,private-outdoor,unknown,"twin outdoor terrace hot tubs, indoor pool and spa complex, open fire",,yes,Sunday,4812,per-person,GBP,exact-week,2930,9638,,"package via Sno: Accommodation, Catered, Without Flights, Transfers",yes,,,"* Outdoor Hot Tub * Piste-side Location * Chef service * In-house ski hire * Pool & Spa access * This imposing stone-and-timber chalet in Val d'Isere comprises two wings of six bedrooms sleeping 12 on either side, a total",https://www.sno.co.uk/ski-holidays/no-3-4-club-bellevarde_12567/,Sno,site-sno,5,chalets/images/sno-no-3-4-club-bellevarde/,2026-10-05,"Sno 20 Mar 2027: £4812pp with 10 sharing from AO; price range = Sno dates priced for 10 sharing from AO; operator not named on Sno (image code wlc); two 12-bed wings (No.3 + No.4) booked together, 24 guests; piste-side Santons; qualified chef; catered, no flights; Sunday changeover"
sno-no-3-aspen-house,No. 3 Aspen House,unknown (sold via Sno),Val d'Isère,Espace Killy,France,,6,3,3,apartment,catered,Our Executive Chef is passionate about food and hugely sensitive to the appetite of a hungry skier whilst considering a balanced diet. The new and refined menus are heavy enough to reward mountain exertion yet light and simple enough to leave you grinning not groaning.; All our catered ski holidays ,shared,yes,"Water vapour fire, Balcony, WiFi in all rooms, Flat screen TV with UK TV in each bedroom, Ski room with individual ski lockers and boot warmers, Spa with Sauna and Hammam, Private garage parking, Not ",,no,Sunday,2112,per-person,GBP,exact-week,1243,4244,,"package via Sno: Accommodation, Catered, Without Flights, Transfers",yes,,,* Access to Spa with Sauna & Hammam * No.3 Aspen House accommodates six guests in three en-suite bedrooms. This suite is situated on the second floor of the house. The open plan living / dining area with cutting-edge dancing,https://www.sno.co.uk/ski-holidays/no-3-aspen-house_18312/,Sno,site-sno,5,chalets/images/sno-no-3-aspen-house/,2026-10-05,"Sno 20 Mar 2027: £2112pp with 6 sharing from AO; price range = Sno dates priced for 6 sharing from AO; operator not named on Sno (image code wlc); 2nd-floor suite in Aspen House; building spa (sauna, hammam, tiled jacuzzi) shared; catered 6 evenings, no flights"
sno-no-4-aspen-house,No. 4 Aspen House,unknown (sold via Sno),Val d'Isère,Espace Killy,France,6,8,3,,apartment,catered,Our Executive Chef is passionate about food and hugely sensitive to the appetite of a hungry skier whilst considering a balanced diet. The new and refined menus are heavy enough to reward mountain exertion yet light and simple enough to leave you grinning not groaning.; All our catered ski holidays ,shared,yes,"Water vapour fire, Balcony, WiFi in all rooms, Flat screen TV with UK TV in each bedroom, Ski room with individual ski lockers and boot warmers, Spa with Sauna and Hammam, Private garage parking, Bedr",,no,Sunday,2112,per-person,GBP,exact-week,1243,4244,,"package via Sno: Accommodation, Catered, Without Flights, Transfers",yes,,,"* Access to Spa with Sauna & Hammam * No. 4 Aspen House offers the perfect home for 6-8 guests looking to explore Val d'Isère. The open plan living and dining area, complete with cutting edge dancing fire and squashy",https://www.sno.co.uk/ski-holidays/no-4-aspen-house_18313/,Sno,site-sno,5,chalets/images/sno-no-4-aspen-house/,2026-10-05,"Sno 20 Mar 2027: £2112pp with 6 sharing from AO; price range = Sno dates priced for 6 sharing from AO; operator not named on Sno (image code wlc); suite in Aspen House (3 bedrooms, one with bunks); building spa shared; catered, no flights"
sno-no-5-aspen-house,No. 5 Aspen House,unknown (sold via Sno),Val d'Isère,Espace Killy,France,,6,3,3,apartment,catered,Our Executive Chef is passionate about food and hugely sensitive to the appetite of a hungry skier whilst considering a balanced diet. The new and refined menus are heavy enough to reward mountain exertion yet light and simple enough to leave you grinning not groaning.; All our catered ski holidays ,shared,yes,"Water vapour fire, Balcony, WiFi in all rooms, Flat screen TV with UK TV in each bedroom, Ski room with individual ski lockers and boot warmers, Spa with Sauna and Hammam, Private garage parking, Not ",,no,Sunday,2112,per-person,GBP,exact-week,1243,4244,,"package via Sno: Accommodation, Catered, Without Flights, Transfers",yes,,,"* Access to Spa with Sauna & Hammam * Our home in Val d'Isere, Aspen House, is in the older part of town and right next to the church, minutes from the High Street, a quiet location only 150m from",https://www.sno.co.uk/ski-holidays/no-5-aspen-house_18314/,Sno,site-sno,5,chalets/images/sno-no-5-aspen-house/,2026-10-05,"Sno 20 Mar 2027: £2112pp with 6 sharing from AO; price range = Sno dates priced for 6 sharing from AO; operator not named on Sno (image code wlc); suite in Aspen House; building spa shared; catered, no flights"
sno-no-5-bellevarde,No. 5 Bellevarde,unknown (sold via Sno),Val d'Isère,Espace Killy,France,,12,6,,chalet,catered,Our Executive Chef is passionate about food and hugely sensitive to the appetite of a hungry skier whilst considering a balanced diet. The new and refined menus are heavy enough to reward mountain exertion yet light and simple enough to leave you grinning not groaning.; All our catered ski holidays ,private-outdoor,unknown,"terrace hot tub, access to indoor pool and spa complex, open fire",,yes,Sunday,2364,per-person,GBP,exact-week,1423,4775,,"package via Sno: Accommodation, Catered, Without Flights, Transfers",yes,,,"* Outdoor Hot Tub * Piste-side Location *Ski guiding * In-house ski hire * Pool & Spa access * This is a traditional stone-and-timber chalet in a perfect location offering ski in ski out convenience, and also just a short",https://www.sno.co.uk/ski-holidays/no-5-bellevarde_15503/,Sno,site-sno,5,chalets/images/sno-no-5-bellevarde/,2026-10-05,"Sno 20 Mar 2027: £2364pp with 10 sharing from AO; price range = Sno dates priced for 10 sharing from AO; operator not named on Sno (image code wlc); piste-side Santons; catered, no flights, transfers incl; Sunday changeover"
sno-no-6-bellevarde,No. 6 Bellevarde,unknown (sold via Sno),Val d'Isère,Espace Killy,France,,12,6,6,chalet,catered,Our Executive Chef is passionate about food and hugely sensitive to the appetite of a hungry skier whilst considering a balanced diet. The new and refined menus are heavy enough to reward mountain exertion yet light and simple enough to leave you grinning not groaning.; All our catered ski holidays ,private-outdoor,unknown,"terrace hot tub, access to indoor pool and spa complex next door, open fire",,yes,Sunday,2364,per-person,GBP,exact-week,1423,4775,,"package via Sno: Accommodation, Catered, Without Flights, Transfers",yes,,,"* Outdoor Hot Tub * Piste-side Location * Ski guiding * In-house ski hire * Pool & Spa access * Looking to ski in Val d'Isere, then No. 6 Bellevarde may be the perfect chalet for you. No. 6 Bellevarde",https://www.sno.co.uk/ski-holidays/no-6-bellevarde_15504/,Sno,site-sno,5,chalets/images/sno-no-6-bellevarde/,2026-10-05,"Sno 20 Mar 2027: £2364pp with 10 sharing from AO; price range = Sno dates priced for 10 sharing from AO; operator not named on Sno (image code wlc); Hameau de Bellevarde collection, piste-side Santons; catered, no flights, transfers incl; Sunday changeover"
sno-no-7-club-bellevarde,No. 7 CLUB Bellevarde,unknown (sold via Sno),Val d'Isère,Espace Killy,France,14,15,7,7,chalet,catered,Our Executive Chef is passionate about food and hugely sensitive to the appetite of a hungry skier whilst considering a balanced diet. The new and refined menus are heavy enough to reward mountain exertion yet light and simple enough to leave you grinning not groaning.; All our catered ski holidays ,none,yes,"outdoor pool, sauna, hammam, lift, open fire",,yes,Sunday,3132,per-person,GBP,exact-week,1901,6125,,"package via Sno: Accommodation, Catered, Without Flights, Transfers",yes,,,"* Opposite the piste * Private Chef * Outdoor pool * Sauna * Hammam * In-house ski hire * This chalet in our piste-side Hameau de Bellevarde collection in Val d'Isere was an absolute hit with our guests last season,",https://www.sno.co.uk/ski-holidays/no-7-club-bellevarde_18815/,Sno,site-sno,5,chalets/images/sno-no-7-club-bellevarde/,2026-10-05,"Sno 20 Mar 2027: £3132pp with 10 sharing from AO; price range = Sno dates priced for 10 sharing from AO; operator not named on Sno (image code wlc); Hameau de Bellevarde collection, opposite Santons piste; private chef; outdoor pool (no hot tub listed); catered, no flights; Sunday changeover"
sno-no-8-club-bellevarde,No. 8 CLUB Bellevarde,unknown (sold via Sno),Val d'Isère,Espace Killy,France,14,15,7,7,chalet,catered,Our Executive Chef is passionate about food and hugely sensitive to the appetite of a hungry skier whilst considering a balanced diet. The new and refined menus are heavy enough to reward mountain exertion yet light and simple enough to leave you grinning not groaning.; All our catered ski holidays ,none,yes,"indoor pool, sauna, hammam, lift, open fire",,yes,Sunday,3115,per-person,GBP,exact-week,1901,6132,,"package via Sno: Accommodation, Catered, Without Flights, Transfers",yes,,,"* Opposite the piste * Private Chef * Indoor pool * Sauna * Hammam * In-house ski hire * The entrance to No. 8 CLUB Bellevarde, with steps opposite up onto the Santons piste, is discrete and deceiving. Step inside",https://www.sno.co.uk/ski-holidays/no-8-club-bellevarde_18816/,Sno,site-sno,5,chalets/images/sno-no-8-club-bellevarde/,2026-10-05,"Sno 20 Mar 2027: £3115pp with 10 sharing from AO; price range = Sno dates priced for 10 sharing from AO; operator not named on Sno (image code wlc); Hameau de Bellevarde collection, opposite Santons piste; private chef; no hot tub listed; catered, no flights; Sunday changeover"
sno-the-farmhouse,The Farmhouse,unknown (sold via Sno),Val d'Isère,Espace Killy,France,,10,5,5,chalet,catered,Our Executive Chef is passionate about food and hugely sensitive to the appetite of a hungry skier whilst considering a balanced diet. The new and refined menus are heavy enough to reward mountain exertion yet light and simple enough to leave you grinning not groaning.; All our catered ski holidays ,none,no,"spa suite with small indoor pool and hammam, open fire",,no,Sunday,2154,per-person,GBP,exact-week,1427,4289,,"package via Sno: Accommodation, Catered, Without Flights, Transfers",yes,,,"* Small Indoor Pool * Hammam * This chalet, a spectacular farmhouse conversion, is bursting with character and boasts a fabulous location in the very heart of Val d'Isere's old town. Sleeping 10 guests this is a great choice for",https://www.sno.co.uk/ski-holidays/the-farmhouse_12573/,Sno,site-sno,5,chalets/images/sno-the-farmhouse/,2026-10-05,"Sno 20 Mar 2027: £2154pp with 10 sharing from AO; price range = Sno dates priced for 10 sharing from AO; operator not named on Sno (image code wlc); 200-year-old farmhouse conversion in old village by church; same operator as Aspen House/Bellevarde collection; catered, no flights, transfers incl; Sunday changeover"
sno-annapurna-suite,Annapurna Suite,unknown (sold via Sno),Plagne Centre,Paradiski,France,4,8,,,chalet,catered,Our Executive Chef is passionate about food and hugely sensitive to the appetite of a hungry skier whilst considering a balanced diet. The new and refined menus are heavy enough to reward mountain exertion yet light and simple enough to leave you grinning not groaning.; All our catered ski holidays ,private-outdoor,unknown,"Ski room door to blue piste at 2003m altitude, Residence guest bar & lounge, Small terrace with private hot tub, Water vapour eco-fireplace, WiFi & UK TV in all rooms, Bean to coffee machine, Minibar ",,yes,Sunday,1694,per-person,GBP,exact-week,1172,3506,,"package via Sno: Accommodation, Catered, Without Flights, Transfers",yes,,,"* Ski in – Ski out * 2003m altitude * outdoor hot tub Situated at 2003m in Plagne Centre, The Graciosa provides convenient access to the slopes, with a quick walk or ski-out from the ski room into the breath-taking",https://www.sno.co.uk/ski-holidays/annapurna-suite_21346/,Sno,site-sno,5,chalets/images/sno-annapurna-suite/,2026-10-05,"Sno 20 Mar 2027: £1694pp with 4 sharing from AO; price range = Sno dates priced for 4 sharing from AO; operator not named on Sno (image code wlc); suite in The Graciosa residence (16 suites, 2003m, Plagne Centre; bar, lounge, childcare, massage room); small terrace with private hot tub; catered, no flights, transfers incl; Sunday changeover; Sno would only price 4 sharing"
sno-bear-lodge,Bear Lodge,unknown (sold via Sno),Arc 1950,Paradiski,France,60,80,30,,chalet-hotel,chalet-hotel,Our Executive Chef is passionate about food and hugely sensitive to the appetite of a hungry skier whilst considering a balanced diet. The new and refined menus are heavy enough to reward mountain exertion yet light and simple enough to leave you grinning not groaning.; All our catered ski holidays ,shared,yes,"Dedicated family hotel, Ski in - ski out location, Reception, Stylish lounge & bar, Restaurant, Pool with mountain view & spa, Cinema room, Ski room with lockers and boot warmers, Complimentary ski gu",,yes,Sunday,1668,per-person,GBP,exact-week,1094,3424,,"package via Sno: Accommodation, Catered, Without Flights, Transfers",yes,,,* Ski in/Ski out * Spa * Pool * Cinema Room * Restaurant * Ski Guiding * Bear Lodge is the heart and soul of our piste side resort in the centre of Arc 1950. Just thirty bedrooms along the,https://www.sno.co.uk/ski-holidays/bear-lodge_18829/,Sno,site-sno,5,chalets/images/sno-bear-lodge/,2026-10-05,"Sno 20 Mar 2027: £1668pp with 2 sharing from AO; price range = Sno dates priced for 2 sharing from AO; operator not named on Sno (image code wlc); family chalet-hotel (30 bedrooms, sleeps 60-80) in Arc 1950 by Baptiste Giabiconi piste; pool complex with sauna, steam, hot tub (shared), cinema, gym, kids club; hotel catering 7 nights with wine; Sunday changeover; Sno priced 2 sharing (per room)"
sno-bellecote-suite,Bellecote Suite,unknown (sold via Sno),Plagne Centre,Paradiski,France,6,9,3,,chalet,catered,Our Executive Chef is passionate about food and hugely sensitive to the appetite of a hungry skier whilst considering a balanced diet. The new and refined menus are heavy enough to reward mountain exertion yet light and simple enough to leave you grinning not groaning.; All our catered ski holidays ,private-outdoor,unknown,"Ski room door to blue piste at 2003m altitude, Residence guest bar & lounge, Large terrace with spectacular views & private hot tub, Water vapour eco-fireplace, WiFi & UK TV in all rooms, Bean to coff",,yes,Sunday,1585,per-person,GBP,exact-week,1063,3392,,"package via Sno: Accommodation, Catered, Without Flights, Transfers",yes,,,"* Ski in – Ski out * 2003m altitude * outdoor hot tub Perched at an altitude of 2003m in Plagne Centre, The Graciosa offers unparalleled convenience and access to the slopes. A short stroll down the piste connects you",https://www.sno.co.uk/ski-holidays/bellecote-suite_21356/,Sno,site-sno,5,chalets/images/sno-bellecote-suite/,2026-10-05,"Sno 20 Mar 2027: £1585pp with 6 sharing from AO; price range = Sno dates priced for 6 sharing from AO; operator not named on Sno (image code wlc); suite in The Graciosa residence (16 suites, 2003m above Plagne Centre; bar, lounge, childcare); large terrace with private hot tub; catered, no flights, transfers incl; Sunday changeover; Sno priced 6 sharing"
sno-chalet-anne,Chalet Anne,unknown (sold via Sno),Arc 1800,Paradiski,France,8,10,4,,chalet,catered,Welcome vin chaud; Hearty continental breakfast (7 days); Hot breakfast options provided by hosts (5 days); Homemade afternoon tea and cake (6 days); Delicious three-course evening menu (5 days); Two-course Alpine speciality (1 day); A selection of hand-picked silver level wines (6 days); Hearty set,private-outdoor,no,"Room With Cots, Hot tub, Heated boot warmers, Free WiFi, All rooms en suite",400,no,Saturday,1496,per-person,GBP,exact-week,969,5321,,"package via Sno: Accommodation, Catered, Flights Included, Transfers",yes,,,"Chalet Anne blends Savoyard charm with contemporary comforts, featuring en-suite rooms, snug lounges, and an outdoor hot tub with Mont Blanc views. A renovated 5-star chalet above Arc 1800, Chalet Anne offers a peaceful escape with space, comfort and exceptional",https://www.sno.co.uk/ski-holidays/chalet-anne_18834/,Sno,site-sno,5,chalets/images/sno-chalet-anne/,2026-10-05,"Sno 20 Mar 2027: £1496pp with 3 sharing from Gatwick; price range = Sno dates priced for 3 sharing from Gatwick; operator not named on Sno (image code wlc); above Arc 1800, 400m from Alpage du Chantel II, shuttle outside; outdoor hot tub with Mont Blanc view; all rooms en suite; 4 bedroom room types listed (Rm1 sleeps 2-4); Sno only priced 3 sharing (per-room); package incl Gatwick flights + transfers; 13 Mar and 3 Apr sold out"
sno-chalet-arc-1838-mille-8,Chalet Arc 1838-Mille 8,unknown (sold via Sno),Arc 1800,Paradiski,France,,15,6,6,chalet,self-catered,,private-outdoor,yes,"General, Parking space, Boots heater, Outdoor furniture, Table football, Gas fireplace, Multimedia, Wifi, TV, Snooker, Household appliances, Fridge, Refrigerated wine cellar, Induction hobs, Dishwashe",,unknown,Sunday,,per-person,GBP,season-range,930,1512,,"package via Sno: Accommodation, Self Catering, Without Flights",no,,,"Welcome to a setting worthy of the finest luxury hotels, with exceptional panoramic views! The embodiment of the new art of living and luxury at altitude while reconciling conviviality and discretion. The Chalet ARC 1838 is part of the CHALETS",https://www.sno.co.uk/ski-holidays/chalet-arc-1838-mille-8_22522/,Sno,site-sno,5,chalets/images/sno-chalet-arc-1838-mille-8/,2026-10-05,"Sno 20 Mar 2027: Sold Out; price range = Sno dates priced for 15 sharing from AO; operator not named on Sno (image code wlc); part of Chalets Mille 8 (Les Arcs, near Chantel slope, 300m Carreley lift; village not stated, Chantel is Arc 1800 sector); heated pool, sauna, hammam, outdoor jacuzzi, cinema; 285 m2; self-catered, no flights/transfers; whole chalet priced as 15 sharing; most Mar weeks sold out"
sno-chalet-arnaud,Chalet Arnaud,unknown (sold via Sno),Arc 1800,Paradiski,France,,6,3,,chalet,catered,Welcome vin chaud; Hearty continental breakfast (7 days); Hot breakfast options provided by hosts (5 days); Homemade afternoon tea and cake (6 days); Delicious three-course evening menu (5 days); Two-course Alpine speciality (1 day); A selection of hand-picked silver level wines (6 days); Hearty set,none,no,"Ski In/Out, Heated boot warmers, Free WiFi, All rooms en suite",450,yes,Saturday,,per-person,GBP,season-range,1289,2099,,"package via Sno: Accommodation, Catered, Flights Included, Transfers",no,,,"A rare authentic mountain hideaway with ski-in/ski-out access, Chalet Arnaud oozes alpine warmth and rustic character from every handcrafted beam. Chalet Arnaud is a unique and charming alpine retreat in Arc 1800. It's traditional style, complete with exposed beams, open",https://www.sno.co.uk/ski-holidays/chalet-arnaud_16493/,Sno,site-sno,5,chalets/images/sno-chalet-arnaud/,2026-10-05,"Sno 20 Mar 2027: Sold Out; price range = Sno dates priced for 6 sharing from Gatwick; operator not named on Sno (image code wlc); authentic mountain hut on hillside 450m from Dahu telecabine, Arc 1800; open fire, all en suite; no hot tub listed; package incl Gatwick flights + transfers; 13-27 Mar sold out"
sno-chalet-arpoza-mille-8,Chalet Arpozâ-Mille 8,unknown (sold via Sno),Arc 1800,Paradiski,France,,15,7,7,chalet,self-catered,,unknown,yes,"General, Wood fireplace, Ski locker, Parking space, Boots heater, Outdoor furniture, Table football, Baby cot, High chair, Multimedia, Wifi, TV, Apple TV, Canal plus, SONOS speaker, Chromecast, Flippe",,yes,Sunday,,per-person,GBP,season-range,1099,1739,,"package via Sno: Accommodation, Self Catering, Without Flights",no,,,"In this chalet, all is comfort, softness and refinement. You will not find in Les Arcs, a better location, a nicer view, and a greater capacity of beds. You will appreciate the convenience of skiing with the blue slope passing",https://www.sno.co.uk/ski-holidays/chalet-arpoz--mille-8_22393/,Sno,site-sno,5,chalets/images/sno-chalet-arpoza-mille-8/,2026-10-05,"Sno 20 Mar 2027: Sold Out; price range = Sno dates priced for 15 sharing from AO; operator not named on Sno (image code wlc); Chalets Mille 8 (Les Arcs, on Chantel blue piste, 300m Carreley lift; Arc 1800 sector); private spa with pool/sauna per Sno filters; 395 m2; self-catered, no flights/transfers; priced as 15 sharing; 21 Mar sold out"
sno-chalet-bela-vya-1-ski-spa,Chalet Bela Vya 1 Ski & Spa,unknown (sold via Sno),Arc 1600,Paradiski,France,,12,5,4,chalet,self-catered,,private-outdoor,yes,"General, Wood fireplace, Ski locker, Parking space, Boots heater, Without elevator, Outdoor furniture, Electric charging station (vehicle), Multimedia, Wifi, TV, Speakers and wireless audio system, Ho",,unknown,Saturday,1091,per-person,GBP,exact-week,1038,1352,,"package via Sno: Accommodation, Self Catering, Without Flights",yes,,,"Located in Arc 1600, in the heart of the Paradiski ski area, the Bela Vya chalet offers a peaceful refuge overlooking an exceptional panorama where Mont Blanc takes center stage. In this unique setting, guests will enjoy the relaxation area",https://www.sno.co.uk/ski-holidays/chalet-bela-vya-1-ski-spa_22406/,Sno,site-sno,5,chalets/images/sno-chalet-bela-vya-1-ski-spa/,2026-10-05,"Sno 20 Mar 2027: £1091pp with 10 sharing from AO; price range = Sno dates priced for 10 sharing from AO; operator not named on Sno (image code wlc); Arc 1600, 700m to lift; outdoor relaxation area with heated pool, Finnish sauna and Nordic bath (hot tub); 200 m2; self-catered, no flights/transfers; priced as 10 sharing"
sno-chalet-benoite,Chalet Benoite,unknown (sold via Sno),Plagne Soleil,Paradiski,France,,8,4,,apartment,catered,Welcome vin chaud; Hearty continental breakfast (7 days); Hot breakfast options provided by hosts (5 days); Homemade afternoon tea and cake (6 days); Delicious three-course evening menu (5 days); Two-course Alpine speciality (1 day); A selection of hand-picked silver level wines (6 days); Hearty set,private-outdoor,yes,"Sauna / Steam room, Room With Cots, Hot tub, Heated boot warmers, Free WiFi, Close to Ski School, Close to resort centre, Close to piste, All rooms en suite",500,partial,Saturday,,per-person,GBP,season-range,1699,1775,,"package via Sno: Accommodation, Catered, Flights Included, Transfers",no,,,"This premium chalet apartment offers en-suite bedrooms, unbeatable ski access, and wraparound views — all in the sunniest spot of La Plagne. A modern alpine haven in La Plagne's peaceful Plagne Soleil, Chalet Benoite blends rustic charm with high-end finishes,",https://www.sno.co.uk/ski-holidays/chalet-benoite_16115/,Sno,site-sno,5,chalets/images/sno-chalet-benoite/,2026-10-05,"Sno 20 Mar 2027: Sold Out; price range = Sno dates priced for 8 sharing from Gatwick; operator not named on Sno (image code wlc); chalet apartment on two levels in Plagne Soleil, 200m piste, ski-in via blue runs; outdoor hot tub + indoor sauna; all en suite; package incl Gatwick flights + transfers; 20-27 Mar sold out"
sno-chalet-bonlieu,Chalet Bonlieu,unknown (sold via Sno),Plagne 1800,Paradiski,France,,8,4,,apartment,catered,"breakfast (5 continental+hot, 2 self-service), afternoon tea, 3-course dinner 6 evenings, house wine, chalet host",shared,yes,"Sleeps 8+2, 4 bedrooms, Central location, Nearest lift 300m, Boot room, Hot tub access, Sauna access, 300m to piste",300,no,Sunday,563,per-person,GBP,exact-week,379,676,,"package via Sno: Accommodation, Half Board, Without Flights",yes,,,"Chalet-Apartment Bonlieu is a 4 bedroom chalet-apartment in the Marmottes residence. The apartment has 3 twin bedrooms with en-suite bathrooms, and 1 quad bedroom with en-suite bath and separate WC. The chalet has a spacious open-plan living and dining area",https://www.sno.co.uk/ski-holidays/chalet-bonlieu_18706/,Sno,site-sno,5,chalets/images/sno-chalet-bonlieu/,2026-10-05,"Sno 20 Mar 2027: £563pp with 8 sharing from AO; price range = Sno dates priced for 8 sharing from AO; operator not named on Sno (image code wlc); chalet-apartment in Marmottes residence, Plagne 1800 centre (300m to slopes); operator says Sleeps 8+2 (Sno lists 8-10); residence shared jacuzzi + sauna; Sno labels board Half Board but it is standard chalet catering; accommodation+catering only, no flights/transfers; priced 8 sharing; Sunday changeover"
sno-chalet-campanula,Chalet Campanula,unknown (sold via Sno),Plagne Soleil,Paradiski,France,12,14,6,,apartment,catered,Welcome vin chaud; Hearty continental breakfast (7 days); Hot breakfast options provided by hosts (5 days); Homemade afternoon tea and cake (6 days); Delicious three-course evening menu (5 days); Two-course Alpine speciality (1 day); A selection of hand-picked silver level wines (6 days); Hearty set,private-outdoor,no,"Room With Cots, Hot tub, Heated boot warmers, Free WiFi, Close to Ski School, Close to resort centre, Close to piste, All rooms en suite",500,partial,Saturday,1496,per-person,GBP,exact-week,960,1554,,"package via Sno: Accommodation, Catered, Flights Included, Transfers",yes,,,"This sophisticated and sizeable Chalet pairs effortless ski access with luxurious touches - think soothing hot tub, elegant interiors, and vistas across the Paradiski peaks. Chalet Campanula blends traditional alpine charm with modern comforts. This spacious, close to the slopes,",https://www.sno.co.uk/ski-holidays/chalet-campanula_16109/,Sno,site-sno,5,chalets/images/sno-chalet-campanula/,2026-10-05,"Sno 20 Mar 2027: £1496pp with 3 sharing from Gatwick; price range = Sno dates priced for 3 sharing from Gatwick; operator not named on Sno (image code wlc); Mountain Flower collection chalet apartment, Plagne Soleil 2050m, 200m piste, ski back via blue runs; own outdoor hot tub; all en suite; Sno only priced 3 sharing (per room); package incl Gatwick flights + transfers"
sno-chalet-chanterelles,Chalet Chanterelles,unknown (sold via Sno),Plagne 1800,Paradiski,France,12,14,7,,chalet,catered,"breakfast (5 continental+hot, 2 self-service), afternoon tea, 3-course dinner 6 evenings, house wine, chalet host",none,yes,"Sleeps 12-14, 7 bedrooms, Central location, Nearest lift 100m, Boot room with boot warmers, Private sauna, 100m to piste",100,unknown,Sunday,,per-person,GBP,season-range,362,676,,"package via Sno: Accommodation, Half Board, Without Flights",no,,,"Chalet Chanterelles is a 7 bedroom chalet with a private sauna, close to the piste in Plagne 1800. Traditionally decorated Chalet Chanterelles is a 7 bedroom chalet in the heart of Plagne 1800, catering for groups of up to 14.",https://www.sno.co.uk/ski-holidays/chalet-chanterelles_19549/,Sno,site-sno,5,chalets/images/sno-chalet-chanterelles/,2026-10-05,"Sno 20 Mar 2027: Sold Out; price range = Sno dates priced for 14 sharing from AO; operator not named on Sno (image code wlc); 7-bed traditional chalet in Plagne 1800 centre, 100m to slopes; private sauna, no hot tub listed; same operator as Marmottes residence chalets; Sno labels Half Board but it is standard chalet catering; no flights/transfers; 14-28 Mar sold out"
sno-chalet-cretier,Chalet Cretier,unknown (sold via Sno),Plagne 1800,Paradiski,France,,8,4,,apartment,catered,"breakfast (5 continental+hot, 2 self-service), afternoon tea, 3-course dinner 6 evenings, house wine, chalet host",shared,yes,"Sleeps 8, 4 bedrooms, Central location, Nearest lift 300m, Boot room, Hot tub access, Sauna access, 300m to piste",300,no,Sunday,519,per-person,GBP,exact-week,345,624,,"package via Sno: Accommodation, Half Board, Without Flights",yes,,,"Chalet Cretier is a 4 bedroom chalet-apartment in the Marmottes residence, centrally located in the heart of Plagne 1800. This chalet-apartment is laid out over a single storey, and offers 4 twin en-suite bedrooms, sleeping up to 8 people. There",https://www.sno.co.uk/ski-holidays/chalet-cretier_18709/,Sno,site-sno,5,chalets/images/sno-chalet-cretier/,2026-10-05,"Sno 20 Mar 2027: £519pp with 8 sharing from AO; price range = Sno dates priced for 8 sharing from AO; operator not named on Sno (image code wlc); chalet-apartment in Marmottes residence, Plagne 1800 (4 twin en suites); residence shared jacuzzi + sauna; Sno labels Half Board but it is standard chalet catering; no flights/transfers; priced 8 sharing; Sunday changeover"
sno-chalet-crocus-blanc,Chalet Crocus Blanc,unknown (sold via Sno),Plagne Soleil,Paradiski,France,6,7,3,,apartment,catered,Welcome vin chaud; Hearty continental breakfast (7 days); Hot breakfast options provided by hosts (5 days); Homemade afternoon tea and cake (6 days); Delicious three-course evening menu (5 days); Two-course Alpine speciality (1 day); A selection of hand-picked silver level wines (6 days); Hearty set,none,no,"Room With Cots, Heated boot warmers, Free WiFi, Close to Ski School, Close to resort centre, Close to piste, All rooms en suite",500,partial,Saturday,1500,per-person,GBP,exact-week,1500,3078,,"package via Sno: Accommodation, Catered, Flights Included, Transfers",yes,,,"This stylish chalet apartment in Plagne Soleil pairs slope-side access with high-spec interiors, en-suite bedrooms and stunning sunset views. Chalet Crocus Blanc is part of the exclusive Mountain Flower collection in La Plagne and offers modern comfort with a traditional",https://www.sno.co.uk/ski-holidays/chalet-crocus-blanc_16113/,Sno,site-sno,5,chalets/images/sno-chalet-crocus-blanc/,2026-10-05,Sno 20 Mar 2027: £1500pp with 3 sharing from Gatwick; price range = Sno dates priced for 3 sharing from Gatwick; operator not named on Sno (image code wlc); Mountain Flower collection chalet apartment in Plagne Soleil; page states no hot tub; all en suite; Sno only priced 3 sharing; package incl Gatwick flights + transfers
sno-chalet-delphine,Chalet Delphine,unknown (sold via Sno),Plagne 1800,Paradiski,France,,20,,,chalet,catered,"Good food and drink are essential parts of any skiing holiday.; More so when you’ll be enjoying our traditional full-service chalet cuisine and wines.; We offer delicious cuisine and wines on 6 nights for adults, whilst child catering is for 7 evenings.; We believe that going on a ski holiday with c",private-outdoor,unknown,,,yes,Saturday,,per-person,GBP,season-range,1389,2459,,"package via Sno: Accommodation, Catered, Flights Included, Transfers",no,,,"NB: This is a ""family"" chalet, so all bookings must include at least one child or teenager. This lovely chalet is right beside the piste in Plagne 1800 and has been built to our own specifications. All rooms are en-suite",https://www.sno.co.uk/ski-holidays/chalet-delphine_15568/,Sno,site-sno,5,chalets/images/sno-chalet-delphine/,2026-10-05,"Sno 20 Mar 2027: Sold Out; price range = Sno dates priced for 2 sharing from Gatwick; operator not named on Sno (image code wlc); family chalet (bookings must include a child) beside the piste in Plagne 1800; external hot tub, playroom, childcare; mostly family suites, all en suite; adult catering 6 nights with wine; Sno only priced 2 sharing; package incl Gatwick flights + transfers; 13-27 Mar sold out"
sno-chalet-deneriaz,Chalet Deneriaz,unknown (sold via Sno),Plagne 1800,Paradiski,France,,8,4,,apartment,catered,"breakfast (5 continental+hot, 2 self-service), afternoon tea, 3-course dinner 6 evenings, house wine, chalet host",shared,yes,"Sleeps 8+1, 4 bedrooms, Central location, Nearest lift 300m, Boot room, Hot tub access, Sauna access, 300m to piste",300,no,Sunday,536,per-person,GBP,exact-week,362,955,,"package via Sno: Accommodation, Half Board, Without Flights",yes,,,"Chalet Deneriaz is a 4 bedroom chalet-apartment in the Marmottes residence, located in the heart of the Paradiski area. This single level chalet-apartment is a traditional Alpine property offering 4 en-suite bedrooms (3 twin bedrooms, and one triple), all with",https://www.sno.co.uk/ski-holidays/chalet-deneriaz_18708/,Sno,site-sno,5,chalets/images/sno-chalet-deneriaz/,2026-10-06,"Sno 20 Mar 2027: £536pp with 8 sharing from AO; price range = Sno dates priced for 8 sharing from AO; operator not named on Sno (image code wlc); chalet-apartment in Marmottes residence, Plagne 1800; operator says Sleeps 8+1 (Sno 8-9); residence shared jacuzzi + sauna; Sno labels Half Board but it is standard chalet catering; no flights/transfers; priced 8 sharing; Sunday changeover"
sno-chalet-eden-mille-8,Chalet Eden-Mille 8,unknown (sold via Sno),Arc 1800,Paradiski,France,,14,6,5,chalet,self-catered,,private-indoor,yes,"General, Wood fireplace, Ski locker, Parking space, Boots heater, Safe, Outdoor furniture, Baby cot, High chair, Multimedia, Wifi, TV, Home cinema, Apple TV, Netflix, Chromecast, Video games, Househol",,unknown,unknown,,per-person,GBP,season-range,741,928,,"package via Sno: Accommodation, Self Catering, Without Flights",unknown,,,"Welcome to a setting worthy of the finest luxury hotels, with exceptional panoramic views! The embodiment of the new art of living and luxury in altitude while reconciling conviviality and discretion. This private chalet can accommodate up to 14 people",https://www.sno.co.uk/ski-holidays/chalet-eden-mille-8_21918/,Sno,site-sno,5,chalets/images/sno-chalet-eden-mille-8/,2026-10-06,"Sno: no 20 Mar 2027 departure listed; price range = Sno dates priced for 14 sharing from AO; operator not named on Sno (image code wlc); Chalets Mille 8 (Les Arcs, Chantel slope 30m, 300m Carreley lift; Arc 1800 sector); spa with 6-seat indoor jacuzzi, sauna, hammam, home cinema; ideally 10 adults + 4 children; 221 m2; self-catered, no flights/transfers; 21 Mar week not offered on Sno (14 Mar priced, 28 Mar sold out)"
sno-chalet-grand-chardon,Chalet Grand Chardon,unknown (sold via Sno),Plagne 1800,Paradiski,France,,12,6,,chalet,catered,"Cooked and continental breakfasts; Afternoon tea on your return from the slopes; Pre-dinner apéritif and canapés; 3-course dinners with complimentary wine; What's included in Catered Ski Chalet; You can expect some wonderful cuisine in our catered ski chalets, where you’ll never have to lift a finge",none,yes,,200,unknown,Saturday,,per-person,GBP,season-range,916,1716,,"package via Sno: Accommodation, Catered, Flights Included, Transfers",no,,,"Chalet Grand Chardon offers private access to an outdoor pool, saunas and a squash court, just 200m from the piste in the centre of Plagne 1800. Sleeping 12 guests, there are 3 twin bedrooms on the top floor, and 3",https://www.sno.co.uk/ski-holidays/chalet-grand-chardon_22849/,Sno,site-sno,5,chalets/images/sno-chalet-grand-chardon/,2026-10-06,"Sno 20 Mar 2027: Sold Out; price range = Sno dates priced for 12 sharing from Heathrow; operator not named on Sno (image code wlc); Plagne 1800 centre, 200m piste; 6 twin en suites; private access to outdoor pool, saunas, squash court; no hot tub listed; catered with wine; package incl Heathrow flights + transfers; 13-20 Mar sold out"
sno-chalet-hellebore,Chalet Hellebore,unknown (sold via Sno),Plagne Soleil,Paradiski,France,,8,4,,apartment,catered,Welcome vin chaud; Hearty continental breakfast (7 days); Hot breakfast options provided by hosts (5 days); Homemade afternoon tea and cake (6 days); Delicious three-course evening menu (5 days); Two-course Alpine speciality (1 day); A selection of hand-picked silver level wines (6 days); Hearty set,private-outdoor,yes,"Sauna / Steam room, Room With Cots, Hot tub, Heated boot warmers, Free WiFi, Close to Ski School, Close to resort centre, Close to piste, All rooms en suite",500,partial,Saturday,,per-person,GBP,,,,,"package via Sno: Accommodation, Catered, Flights Included, Transfers",no,,,"Chalet Hellebore offers ski-in access, chic Alpine comfort, and a hot tub with a view - all just steps from the slopes of Plagne Soleil. Chalet Hellebore is part of Mountain Flower collection in Plagne Soleil. It combines an unbeatable",https://www.sno.co.uk/ski-holidays/chalet-hellebore_16116/,Sno,site-sno,5,chalets/images/sno-chalet-hellebore/,2026-10-06,"Sno 20 Mar 2027: Sold Out; price range = Sno dates priced for 2 sharing from Gatwick; operator not named on Sno (image code wlc); Mountain Flower collection chalet apartment, Plagne Soleil; private outdoor hot tub + sauna; all en suite; Sno only priced 2 sharing (erratic 1619-6260, range omitted); package incl Gatwick flights + transfers; 13 Mar-3 Apr sold out"
sno-chalet-hepatica,Chalet Hepatica,unknown (sold via Sno),Plagne Soleil,Paradiski,France,10,11,5,,apartment,catered,Welcome vin chaud; Hearty continental breakfast (7 days); Hot breakfast options provided by hosts (5 days); Homemade afternoon tea and cake (6 days); Delicious three-course evening menu (5 days); Two-course Alpine speciality (1 day); A selection of hand-picked silver level wines (6 days); Hearty set,private-outdoor,yes,"Sauna / Steam room, Room With Cots, Hot tub, Heated boot warmers, Free WiFi, Close to Ski School, Close to resort centre, Close to piste, All rooms en suite",500,partial,Saturday,,per-person,GBP,season-range,1319,1319,,"package via Sno: Accommodation, Catered, Flights Included, Transfers",no,,,"With easy piste access, a private sauna and outdoor hot tub, Chalet Hepatica blends Savoyard charm with high-spec comfort in a top La Plagne location. Part of the exclusive Mountain Flower collection, Chalet Hepatica is a beautifully finished chalet-apartment for",https://www.sno.co.uk/ski-holidays/chalet-hepatica_16117/,Sno,site-sno,5,chalets/images/sno-chalet-hepatica/,2026-10-06,"Sno 20 Mar 2027: Sold Out; price range = Sno dates priced for 10 sharing from Gatwick; operator not named on Sno (image code wlc); Mountain Flower collection chalet apartment for up to 11, Plagne Soleil; private sauna + outdoor hot tub; all en suite; package incl Gatwick flights + transfers; Mar weeks sold out"
sno-chalet-iris-bleu,Chalet Iris Bleu,unknown (sold via Sno),Plagne Soleil,Paradiski,France,,8,4,,apartment,catered,Welcome vin chaud; Hearty continental breakfast (7 days); Hot breakfast options provided by hosts (5 days); Homemade afternoon tea and cake (6 days); Delicious three-course evening menu (5 days); Two-course Alpine speciality (1 day); A selection of hand-picked silver level wines (6 days); Hearty set,none,no,"Room With Cots, Heated boot warmers, Free WiFi, Close to Ski School, Close to resort centre, Close to piste, All rooms en suite",500,partial,Saturday,1649,per-person,GBP,exact-week,1649,2499,,"package via Sno: Accommodation, Catered, Flights Included, Transfers",yes,,,"Close to piste location, en-suite rooms, sunset views - this spacious chalet, fitted to high standards, delivers style, comfort and convenience in peaceful Plagne Soleil. Chalet-apartment Iris Bleu combines Savoyard charm with modern comfort. Think next to the slopes position,",https://www.sno.co.uk/ski-holidays/chalet-iris-bleu_16114/,Sno,site-sno,5,chalets/images/sno-chalet-iris-bleu/,2026-10-06,"Sno 20 Mar 2027: £1649pp with 8 sharing from Gatwick; price range = Sno dates priced for 8 sharing from Gatwick; operator not named on Sno (image code wlc); Mountain Flower collection chalet apartment, Plagne Soleil 2050m, 200m piste; no hot tub listed; all en suite; priced 8 sharing; package incl Gatwick flights + transfers"
sno-chalet-klosters,Chalet Klosters,unknown (sold via Sno),Plagne 1800,Paradiski,France,,12,6,,chalet,catered,Welcome vin chaud; Hearty continental breakfast (7 days); Hot breakfast options provided by hosts (5 days); Homemade afternoon tea and cake (6 days); Delicious three-course evening menu (5 days); Two-course Alpine speciality (1 day); A selection of hand-picked silver level wines (6 days); Hearty set,yes-type-unknown,no,"Hot tub, Heated boot warmers, Free WiFi, Close to resort centre, Close to piste, All rooms en suite",230,partial,Saturday,1589,per-person,GBP,exact-week,,,,"package via Sno: Accommodation, Catered, Flights Included, Transfers",yes,,,"Chalet Klosters is a welcoming alpine retreat in the heart of La Plagne 1800, offering space, homely comforts, a warm soul and fantastic views across the Tarentaise Valley. The chalet is spread across four floors, with six en-suite bedrooms. It",https://www.sno.co.uk/ski-holidays/chalet-klosters_11386/,Sno,site-sno,5,chalets/images/sno-chalet-klosters/,2026-10-06,"Sno 20 Mar 2027: £1589pp with 2 sharing from Gatwick; price range = Sno dates priced for 2 sharing from Gatwick; operator not named on Sno (image code wlc); Plagne 1800, 230m Melezes lift, 100m piste; four floors, 6 en suites; outdoor hot tub reached via shared terrace (unclear if private); Sno only priced 2 sharing (erratic 1499-8540, range omitted); package incl Gatwick flights + transfers"
sno-chalet-la-vieille-maison,Chalet La Vieille Maison,unknown (sold via Sno),,Paradiski,France,14,18,,,chalet,catered,"breakfast buffet, three-course evening meals, beverages included",private (location not stated),yes,"Up to 18 people, Of which 4 children, Slopes, ski lifts, and shopping street just 50 meters away, Delightful wellness area with sauna and hot tub, Authentic and charming chalet, Fireplace (firewood in",50,unknown,Saturday,1152,per-person,GBP,exact-week,848,1516,,"package via Sno: Accommodation, Catered, Without Flights",yes,,,"Chalet La Vieille Maison is a catered chalet located in La Plagne, just 50 meters away from the slopes, ski lifts and the charming village street. Catered chalet La Vieille Maison is a perfect accommodation for midsize groups in France.",https://www.sno.co.uk/ski-holidays/chalet-la-vieille-maison_21039/,Sno,site-sno,5,chalets/images/sno-chalet-la-vieille-maison/,2026-10-06,"Sno 20 Mar 2027: £1152pp with 10 sharing from AO; price range = Sno dates priced for 10 sharing from AO; operator not named on Sno (image code wlc); La Plagne, village not stated (50m from slopes, lifts and village street); up to 18 incl 4 children; wellness area with sauna + hot tub; fireplace; catered incl drinks; accommodation + catering only, no flights/transfers; priced 10 sharing; Saturday changeover"
sno-chalet-little-riva,Chalet Little Riva,unknown (sold via Sno),Plagne Villages,Paradiski,France,4,5,2,,chalet,catered,Welcome vin chaud; Hearty continental breakfast (7 days); Hot breakfast options provided by hosts (5 days); Homemade afternoon tea and cake (6 days); Delicious three-course evening menu (5 days); Two-course Alpine speciality (1 day); A selection of hand-picked silver level wines (6 days); Hearty set,none,no,"Ski In/Out, Free WiFi",200,yes,Saturday,,per-person,GBP,season-range,1569,2569,,"package via Sno: Accommodation, Catered, Flights Included, Transfers",no,,,"Fully renovated and full of warmth, Little Riva is your private ski-in/ski-out haven in Plagne Village - perfect for families or close friends. Little Riva is a brand-new, fully renovated alpine retreat in Plagne Villages, designed for up to 4-5",https://www.sno.co.uk/ski-holidays/chalet-little-riva_22833/,Sno,site-sno,5,chalets/images/sno-chalet-little-riva/,2026-10-06,"Sno 20 Mar 2027: Sold Out; price range = Sno dates priced for 4 sharing from Gatwick; operator not named on Sno (image code wlc); renovated chalet in Plagne Villages 2100m, 20m from piste near Melezes chair; no hot tub listed; package incl Gatwick flights + transfers; 20 Mar sold out"
sno-chalet-montillet,Chalet Montillet,unknown (sold via Sno),Plagne 1800,Paradiski,France,,8,4,,apartment,catered,"breakfast (5 continental+hot, 2 self-service), afternoon tea, 3-course dinner 6 evenings, house wine, chalet host",shared,yes,"Sleeps 8+1, 4 bedrooms, Central location, Nearest lift 300m, Boot room, Hot tub access, Sauna access, 300m to piste",300,no,Sunday,536,per-person,GBP,exact-week,362,650,,"package via Sno: Accommodation, Half Board, Without Flights",yes,,,"Chalet Montillet is a spacious 4 bedroom chalet-apartment in the Marmottes residence, centrally located in the heart of Plagne 1800. Chalet-apartment Montillet is a perfect base for your ski holiday to explore the huge Paradiski Ski Area! The property offers",https://www.sno.co.uk/ski-holidays/chalet-montillet_18707/,Sno,site-sno,5,chalets/images/sno-chalet-montillet/,2026-10-06,"Sno 20 Mar 2027: £536pp with 8 sharing from AO; price range = Sno dates priced for 8 sharing from AO; operator not named on Sno (image code wlc); chalet-apartment in Marmottes residence, Plagne 1800; operator says Sleeps 8+1 (Sno 8-9); residence shared jacuzzi + sauna; Sno labels Half Board but it is standard chalet catering; no flights/transfers; priced 8 sharing; Sunday changeover"
sno-chalet-nadyia,Chalet Nadyia,unknown (sold via Sno),Arc 2000,Paradiski,France,,10,5,,apartment,catered,Welcome vin chaud; Hearty continental breakfast (7 days); Hot breakfast options provided by hosts (5 days); Homemade afternoon tea and cake (6 days); Delicious three-course evening menu (5 days); Two-course Alpine speciality (1 day); A selection of hand-picked silver level wines (6 days); Hearty set,none,yes,"Swimming pool, Sauna / Steam room, Heated boot warmers, Gym / Fitness room, Free WiFi, Close to piste, All rooms en suite",200,unknown,Saturday,1619,per-person,GBP,exact-week,995,2349,,"package via Sno: Accommodation, Catered, Flights Included, Transfers",yes,,,"Chalet Nadyia, with its authentic alpine style and enviable location in the snow-sure resort of Les Arc 2000, offers a truly unique mountain atmosphere and easy access to the beautiful Paradiski area. The compact chalet rooms, while not expansive, are",https://www.sno.co.uk/ski-holidays/chalet-nadyia_19574/,Sno,site-sno,5,chalets/images/sno-chalet-nadyia/,2026-10-06,"Sno 20 Mar 2027: £1619pp with 2 sharing from Gatwick; price range = Sno dates priced for 2 sharing from Gatwick; operator not named on Sno (image code wlc); chalet apartment in the Ours complex just below Arc 2000 centre; compact en-suite rooms; complimentary use of nearby wellness centre (pool, sauna/steam, gym), no hot tub listed; Sno only priced 2 sharing; package incl Gatwick flights + transfers"
sno-chalet-neige-et-soleil,Chalet Neige Et Soleil,unknown (sold via Sno),Plagne 1800,Paradiski,France,,12,7,,chalet,catered,Welcome vin chaud; Hearty continental breakfast (7 days); Hot breakfast options provided by hosts (5 days); Homemade afternoon tea and cake (6 days); Delicious three-course evening menu (5 days); Two-course Alpine speciality (1 day); A selection of hand-picked silver level wines (6 days); Hearty set,private-outdoor,no,"In resort centre, Hot tub, Heated boot warmers, Free WiFi, Close to Ski School, Close to piste, All rooms en suite",150,unknown,Saturday,1484,per-person,GBP,exact-week,,,,"package via Sno: Accommodation, Catered, Flights Included, Transfers",yes,,,"Just steps from the slopes of Plagne 1800, Chalet Neige et Soleil brings together fireside comfort, great views, and serious ski convenience. Neige et Soleil is a traditional yet modern chalet just 30 metres from the piste and the main",https://www.sno.co.uk/ski-holidays/chalet-neige-et-soleil_21517/,Sno,site-sno,5,chalets/images/sno-chalet-neige-et-soleil/,2026-10-06,"Sno 20 Mar 2027: £1484pp with 2 sharing from Gatwick; price range = Sno dates priced for 2 sharing from Gatwick; operator not named on Sno (image code wlc); Plagne 1800, 30m from main piste and chairlift; 7 en suites; private outdoor hot tub; Sno only priced 2 sharing (erratic range up to 9894, omitted); package incl Gatwick flights + transfers"
sno-chalet-nicole,Chalet Nicole,unknown (sold via Sno),,Paradiski,France,,30,,,chalet,catered,"Good food and drink are essential parts of any skiing holiday.; More so when you’ll be enjoying our traditional full-service chalet cuisine and wines.; We offer delicious cuisine and wines on 6 nights for adults, whilst child catering is for 7 evenings.; We believe that going on a ski holiday with c",private-outdoor,unknown,,,unknown,Saturday,,per-person,GBP,season-range,1349,2349,,"package via Sno: Accommodation, Catered, Flights Included, Transfers",no,,,"NB: This is a ""family"" chalet, so all bookings must include at least one child or teenager. This well located chalet offers superb accommodation with family suites as well as a spacious bright lounge and dining area. Chalet Nicole also",https://www.sno.co.uk/ski-holidays/chalet-nicole_15567/,Sno,site-sno,5,chalets/images/sno-chalet-nicole/,2026-10-06,"Sno 20 Mar 2027: Sold Out; price range = Sno dates priced for 2 sharing from Gatwick; operator not named on Sno (image code wlc); La Plagne family chalet (bookings must include a child; same operator as Chalet Delphine, Plagne 1800); village not stated; outdoor hot tub on terrace, spa room, playroom, childcare; adult catering 6 nights with wine; Sno only priced 2 sharing; package incl Gatwick flights + transfers; 20 Mar sold out"
sno-chalet-oksana,Chalet Oksana,unknown (sold via Sno),Arc 2000,Paradiski,France,,10,5,,apartment,catered,Welcome vin chaud; Hearty continental breakfast (7 days); Hot breakfast options provided by hosts (5 days); Homemade afternoon tea and cake (6 days); Delicious three-course evening menu (5 days); Two-course Alpine speciality (1 day); A selection of hand-picked silver level wines (6 days); Hearty set,none,yes,"Swimming pool, Sauna / Steam room, Heated boot warmers, Gym / Fitness room, Free WiFi, Close to piste, All rooms en suite",200,unknown,Saturday,1619,per-person,GBP,exact-week,,,,"package via Sno: Accommodation, Catered, Flights Included, Transfers",yes,,,"This chalet apartment in snowsure Arc 2000 boasts all en-suite rooms, wonderful Mount Blanc views, easy access to skiing and complimentary use of the nearby wellness centre. Chalet Oksana is a snug, well-maintained chalet apartment with compact en-suite bedrooms, a",https://www.sno.co.uk/ski-holidays/chalet-oksana_19109/,Sno,site-sno,5,chalets/images/sno-chalet-oksana/,2026-10-06,"Sno 20 Mar 2027: £1619pp with 2 sharing from Gatwick; price range = Sno dates priced for 2 sharing from Gatwick; operator not named on Sno (image code wlc); chalet apartment in the Ours complex, Arc 2000; complimentary use of nearby wellness centre (pool, sauna/steam, gym), no hot tub listed; Sno only priced 2 sharing (erratic range up to 7295, omitted); package incl Gatwick flights + transfers"
sno-chalet-osarcs-mille-8,Chalet Osarcs-Mille 8,unknown (sold via Sno),Arc 1800,Paradiski,France,,12,6,6,chalet,self-catered,,unknown,yes,"General, Ski locker, Outdoor furniture, Table football, Gas fireplace, Multimedia, Wifi, Home cinema, Snooker, Children games, Household appliances, Microwave, Fridge, Refrigerated wine cellar, Induct",,yes,unknown,,per-person,GBP,season-range,1054,1228,,"package via Sno: Accommodation, Self Catering, Without Flights",unknown,,,"Welcome to a setting worthy of the finest luxury hotels, with exceptional panoramic views! The embodiment of the new art of living and luxury at altitude while reconciling conviviality and discretion. Chalet OSARCS is part of the CHALETS MILLE 8",https://www.sno.co.uk/ski-holidays/chalet-osarcs-mille-8_21907/,Sno,site-sno,5,chalets/images/sno-chalet-osarcs-mille-8/,2026-10-06,"Sno: no 20 Mar 2027 departure listed; price range = Sno dates priced for 12 sharing from AO; operator not named on Sno (image code wlc); Chalets Mille 8 (Les Arcs, on Chantel slope, 300m Carreley lift; Arc 1800 sector); pool/spa/sauna per Sno filters, home cinema; 280 m2; self-catered, no flights/transfers; 21 Mar week not offered on Sno"
sno-chalet-patrique,Chalet Patrique,unknown (sold via Sno),Plagne Soleil,Paradiski,France,,6,3,,chalet,catered,Welcome vin chaud; Aperitifs on six nights; Nibbles on first and last nights; Hearty continental breakfast (7 days); Hot breakfast options provided by hosts (5 days); Homemade afternoon tea and cake (6 days); Delicious three-course evening menu (5 days); Two-course Alpine speciality (1 day); A selec,none,yes,"Sauna / Steam room, Heated boot warmers, Free WiFi, Close to Ski School, Close to resort centre, Close to piste, All rooms en suite",500,partial,Saturday,1519,per-person,GBP,exact-week,1459,1869,,"package via Sno: Accommodation, Catered, Flights Included, Transfers",yes,,,"Newly renovated and wonderfully homely, Patrique puts the slopes close at hand while giving your group a chalet of its own. Please note photos are of a similar chalet - more photos coming soon. A Charming Alpine Welcome - Timber",https://www.sno.co.uk/ski-holidays/chalet-patrique_23003/,Sno,site-sno,5,chalets/images/sno-chalet-patrique/,2026-10-06,"Sno 20 Mar 2027: £1519pp with 6 sharing from Gatwick; price range = Sno dates priced for 6 sharing from Gatwick; operator not named on Sno (image code wlc); small renovated individual chalet in Plagne Soleil, <100m Dou du Praz blue piste; sauna, all en suite, no hot tub listed; photos are of a similar chalet; priced 6 sharing; package incl Gatwick flights + transfers"
sno-chalet-petit-chardon,Chalet Petit Chardon,unknown (sold via Sno),Plagne 1800,Paradiski,France,,6,3,,chalet,catered,Cooked and continental breakfasts; Afternoon tea on your return from the slopes; Pre-dinner apéritif and canapés; 3-course dinners with complimentary wine,none,yes,"Chalet Petit Chardon sleeps up to 6 people, Private access to a pool, saunas and a squash court",200,unknown,Saturday,1133,per-person,GBP,exact-week,916,1416,,"package via Sno: Accommodation, Catered, Flights Included, Transfers",yes,,,"Chalet Petit Chardon is located just below its sister Chalet Grand Chardon, just 200m from the piste in the centre of Plagne 1800. Both chalets offer private access to a pool, saunas and a squash court, located in the same",https://www.sno.co.uk/ski-holidays/chalet-petit-chardon_21434/,Sno,site-sno,5,chalets/images/sno-chalet-petit-chardon/,2026-10-06,"Sno 20 Mar 2027: £1133pp with 6 sharing from Heathrow; price range = Sno dates priced for 6 sharing from Heathrow; operator not named on Sno (image code wlc); below sister Chalet Grand Chardon, Plagne 1800 centre, 200m piste; private access to pool, saunas, squash court in same building; no hot tub listed; priced 6 sharing; package incl Heathrow flights + transfers"
sno-chalet-piccard,Chalet Piccard,unknown (sold via Sno),Plagne 1800,Paradiski,France,,10,5,,apartment,catered,"breakfast (5 continental+hot, 2 self-service), afternoon tea, 3-course dinner 6 evenings, house wine, chalet host",shared,yes,"Sleeps 10+2, 5 bedrooms, Central location, Nearest lift 300m, Boot room, Hot tub access, Sauna access, 300m to piste",300,no,Sunday,536,per-person,GBP,exact-week,362,955,,"package via Sno: Accommodation, Half Board, Without Flights",yes,,,"Chalet Piccard is a 5 bedroom chalet-apartment in the Marmottes residence, centrally located in the heart of Plagne 1800. This duplex chalet-apartment has 5 twin bedrooms, with the largest bedroom offering an additional bunk bed taking the maximum occupancy up",https://www.sno.co.uk/ski-holidays/chalet-piccard_18705/,Sno,site-sno,5,chalets/images/sno-chalet-piccard/,2026-10-06,"Sno 20 Mar 2027: £536pp with 10 sharing from AO; price range = Sno dates priced for 10 sharing from AO; operator not named on Sno (image code wlc); duplex chalet-apartment in Marmottes residence, Plagne 1800; operator says Sleeps 10+2 (extra bunk in largest room; Sno 10-12); residence shared jacuzzi + sauna; Sno labels Half Board but it is standard chalet catering; no flights/transfers; priced 10 sharing; Sunday changeover"
sno-chalet-ponturin,Chalet Ponturin,unknown (sold via Sno),Peisey (village),Paradiski,France,8,10,,,chalet,self-catered,,shared,yes,"Chalet Ponturin offers a range of amenities to make your stay enjoyable :, Satellite TV with a 140 cm plasma screen and free unlimited high-speed WiFi., Bed linen and towels provided on arrival for yo",,unknown,unknown,,per-person,GBP,season-range,400,453,,"package via Sno: Accommodation, Self Catering, Without Flights",unknown,,,"Chalet Ponturin is a superb independent duplex of 111 m², comprising 5 rooms and accommodating 8 to 10 people. It offers an exceptional view of the Nancroix valley, the mountains, the spruce forests, and the Vanoise massif. Located just 3",https://www.sno.co.uk/ski-holidays/chalet-ponturin_21364/,Sno,site-sno,5,chalets/images/sno-chalet-ponturin/,2026-10-06,"Sno: no 20 Mar 2027 departure listed; price range = Sno dates priced for 10 sharing from AO; operator not named on Sno (image code wlc); 111 m2 independent duplex apartment of Chalet Les Amis, Peisey-Nancroix, 3 min from Vallandry/Plan Peisey lifts; winter access to wellness area with saunas + jacuzzi in Chalet Les Amis next door (shared); self-catered, no flights/transfers; no March dates shown on Sno"
sno-chalet-riva,Chalet Riva,unknown (sold via Sno),Plagne Villages,Paradiski,France,13,15,7,,chalet,catered,Welcome vin chaud; Hearty continental breakfast (7 days); Hot breakfast options provided by hosts (5 days); Homemade afternoon tea and cake (6 days); Delicious three-course evening menu (5 days); Two-course Alpine speciality (1 day); A selection of hand-picked silver level wines (6 days); Hearty set,private-outdoor,yes,"Ski In/Out, Hot tub, Heated boot warmers, Free WiFi, All rooms en suite",200,yes,Saturday,,per-person,GBP,season-range,1399,1399,,"package via Sno: Accommodation, Catered, Flights Included, Transfers",no,,,"Snow-sure and very close to piste and lifts, Chalet Riva blends Savoyard warmth with high-end style, modern comforts and easy access to the Paradiski slopes. New for the 2026-27 season and completely refurbished throughout the 2024 season, this is a",https://www.sno.co.uk/ski-holidays/chalet-riva_22832/,Sno,site-sno,5,chalets/images/sno-chalet-riva/,2026-10-06,"Sno 20 Mar 2027: Sold Out; price range = Sno dates priced for 2 sharing from Gatwick; operator not named on Sno (image code wlc); new for 2026-27, Plagne Villages 2100m, 20m from slopes by Aollets chair; outdoor hot tub, sauna, massage room, cinema, games room, bar; all en suite; Sno only priced 2 sharing; package incl Gatwick flights + transfers; 20 Mar-3 Apr sold out"
sno-chalet-saint-barth,Chalet Saint Barth,unknown (sold via Sno),Arc 1600,Paradiski,France,,12,4,5,chalet,self-catered,,none,no,,,yes,unknown,,per-person,GBP,season-range,435,836,,"package via Sno: Accommodation, Self Catering, Without Flights",unknown,,,"Specially designed to accommodate 12 people, Chalet Saint Barth has been designed and equipped to make you feel right at home. Ground floor It comprises a comfortable main living area with an open-plan kitchen equipped with a central island, and",https://www.sno.co.uk/ski-holidays/chalet-saint-barth_22436/,Sno,site-sno,5,chalets/images/sno-chalet-saint-barth/,2026-10-06,"Sno: no 20 Mar 2027 departure listed; price range = Sno dates priced for 12 sharing from AO; operator not named on Sno (image code wlc); village inferred from closest slope La Cachette (Arc 1600), 0m to slope/lift; 220 m2, south terrace; no hot tub/sauna listed; self-catered, no flights/transfers; 20 Mar week not shown on Sno (27 Mar sold out)"
sno-chalet-silene,Chalet Silene,unknown (sold via Sno),Plagne Soleil,Paradiski,France,,10,5,,apartment,catered,Welcome vin chaud; Hearty continental breakfast (7 days); Hot breakfast options provided by hosts (5 days); Homemade afternoon tea and cake (6 days); Delicious three-course evening menu (5 days); Two-course Alpine speciality (1 day); A selection of hand-picked silver level wines (6 days); Hearty set,private-outdoor,yes,"Sauna / Steam room, Room With Cots, Hot tub, Heated boot warmers, Free WiFi, Close to Ski School, Close to resort centre, Close to piste, All rooms en suite",500,partial,Saturday,1649,per-person,GBP,exact-week,,,,"package via Sno: Accommodation, Catered, Flights Included, Transfers",yes,,,"A stylish and sociable chalet with sauna, hot tub and views, in a top location just steps from the slopes of snow-sure Plagne Soleil. Chalet Silene is a spacious chalet apartment with a warm, alpine feel and plenty of charm.",https://www.sno.co.uk/ski-holidays/chalet-silene_16118/,Sno,site-sno,5,chalets/images/sno-chalet-silene/,2026-10-06,"Sno 20 Mar 2027: £1649pp with 2 sharing from Gatwick; price range = Sno dates priced for 2 sharing from Gatwick; operator not named on Sno (image code wlc); Mountain Flower collection chalet apartment for up to 10, Plagne Soleil; private hot tub + sauna; five en suites; Sno only priced 2 sharing (erratic range up to 10225, omitted); package incl Gatwick flights + transfers"
sno-chalet-solomia,Chalet Solomia,unknown (sold via Sno),Arc 2000,Paradiski,France,,10,5,,apartment,catered,Welcome vin chaud; Hearty continental breakfast (7 days); Hot breakfast options provided by hosts (5 days); Homemade afternoon tea and cake (6 days); Delicious three-course evening menu (5 days); Two-course Alpine speciality (1 day); A selection of hand-picked silver level wines (6 days); Hearty set,none,yes,"Swimming pool, Sauna / Steam room, Heated boot warmers, Gym / Fitness room, Free WiFi, Close to piste, All rooms en suite",100,unknown,Saturday,,per-person,GBP,,,,,"package via Sno: Accommodation, Catered, Flights Included, Transfers",no,,,"It's all about the location - this cosy and rustic chalet is situated in a fantastic spot in snowsure Arc 2000. Chalet Solomia is everything you want from a traditional alpine chalet. A welcoming log fire, well-designed communal spaces, and",https://www.sno.co.uk/ski-holidays/chalet-solomia_19110/,Sno,site-sno,5,chalets/images/sno-chalet-solomia/,2026-10-06,"Sno 20 Mar 2027: Sold Out; price range = Sno dates priced for 2 sharing from Gatwick; operator not named on Sno (image code wlc); Altitude building, Arc 2000, near Cabriolet lift; log fire; access to wellness area (pool, sauna/steam, gym), no hot tub listed; Sno only priced 2 sharing (erratic, range omitted); package incl Gatwick flights + transfers; 13 Mar-3 Apr sold out"
sno-chalet-st-moritz,Chalet St Moritz,unknown (sold via Sno),Plagne 1800,Paradiski,France,,8,4,,chalet,catered,Welcome vin chaud; Hearty continental breakfast (7 days); Hot breakfast options provided by hosts (5 days); Homemade afternoon tea and cake (6 days); Delicious three-course evening menu (5 days); Two-course Alpine speciality (1 day); A selection of hand-picked silver level wines (6 days); Hearty set,private (location not stated),yes,"Sauna / Steam room, Hot tub, Heated boot warmers, Free WiFi, Close to resort centre, Close to piste, All rooms en suite",230,partial,Saturday,1529,per-person,GBP,exact-week,,,,"package via Sno: Accommodation, Catered, Flights Included, Transfers",yes,,,"A traditional Savoyard chalet with a new hot tub, ski-back access (snow permitting), en-suite bedrooms, and a peaceful setting just moments from the slopes. Chalet St Moritz combines traditional alpine charm with modern touches, offering an intimate base for up",https://www.sno.co.uk/ski-holidays/chalet-st-moritz_11259/,Sno,site-sno,5,chalets/images/sno-chalet-st-moritz/,2026-10-06,"Sno 20 Mar 2027: £1529pp with 2 sharing from Gatwick; price range = Sno dates priced for 2 sharing from Gatwick; operator not named on Sno (image code wlc); traditional Savoyard chalet 100m piste, 230m Plagne 1800 chair, ski back snow permitting; new hot tub + sauna, fireplace; 4 en suites; Sno only priced 2 sharing (erratic, range omitted); package incl Gatwick flights + transfers"
sno-chalet-vidal,Chalet Vidal,unknown (sold via Sno),Plagne 1800,Paradiski,France,,6,3,,apartment,catered,"breakfast (5 continental+hot, 2 self-service), afternoon tea, 3-course dinner 6 evenings, house wine, chalet host",shared,yes,"Sleeps 6+2, 3 bedrooms, Central location, Nearest lift 300m, Boot room, Hot tub access, Sauna access, 300m to piste",300,no,Sunday,,per-person,GBP,season-range,519,650,,"package via Sno: Accommodation, Half Board, Without Flights",no,,,"Chalet Vidal is a 3 bedroom chalet-apartment in the Marmottes residence, centrally located in the heart of Plagne 1800. This single level chalet-apartment accommodates 6 to 8 guests across 2 twin bedrooms and 1 quad bedroom. All bedrooms have en-suite",https://www.sno.co.uk/ski-holidays/chalet-vidal_18710/,Sno,site-sno,5,chalets/images/sno-chalet-vidal/,2026-10-06,"Sno 20 Mar 2027: Sold Out; price range = Sno dates priced for 6 sharing from AO; operator not named on Sno (image code wlc); chalet-apartment in Marmottes residence, Plagne 1800; operator says Sleeps 6+2 (Sno 6-8); residence shared jacuzzi + sauna; Sno labels Half Board but it is standard chalet catering; no flights/transfers; all Mar weeks sold out; Sunday changeover"
sno-club-21forty,CLUB 21Forty,unknown (sold via Sno),Arc 2000,Paradiski,France,,14,,,chalet,catered,Our Executive Chef is passionate about food and hugely sensitive to the appetite of a hungry skier whilst considering a balanced diet. The new and refined menus are heavy enough to reward mountain exertion yet light and simple enough to leave you grinning not groaning.; All our catered ski holidays ,private-outdoor,yes,"Ski in - ski out location, Open fire, Pool with mountain view & sauna, Outdoor hot tub, WiFi in all rooms, Piano, Ski room with boot warmers, Not suitable for those with reduced mobility (PRM), CLUB c",,yes,Sunday,2930,per-person,GBP,exact-week,2120,5669,,"package via Sno: Accommodation, Catered, Without Flights, Transfers",yes,,,* In the middle of the piste * Private Chef * Indoor pool & sauna * Our highest chalet * The World's Best New Ski Chalet in 2018 and nominated a top ten ‘sexiest chalet' of all time in The,https://www.sno.co.uk/ski-holidays/club-21forty_21019/,Sno,site-sno,5,chalets/images/sno-club-21forty/,2026-10-06,"Sno 20 Mar 2027: £2930pp with 10 sharing from AO; price range = Sno dates priced for 10 sharing from AO; operator not named on Sno (image code wlc); on the beginners plateau ~100 yards from Arc 2000 (CLUB collection, same operator as Val d Isere CLUB chalets); private chef; indoor pool + sauna, outdoor hot tub, open fire; catered, no flights, transfers incl; priced 10 sharing; Sunday changeover"
sno-club-sagarmatha-penthouse,CLUB Sagarmatha Penthouse,unknown (sold via Sno),Plagne Centre,Paradiski,France,14,15,,,chalet,catered,Our Executive Chef is passionate about food and hugely sensitive to the appetite of a hungry skier whilst considering a balanced diet. The new and refined menus are heavy enough to reward mountain exertion yet light and simple enough to leave you grinning not groaning.; All our catered ski holidays ,private-outdoor,yes,"Ski room door to blue piste at 2003m altitude, Residence guest bar & lounge, Direct private lift access from reception, Two roof-top terraces with spectacular panoramic views, Private roof-top hot tub",,yes,Sunday,2509,per-person,GBP,exact-week,1778,5053,,"package via Sno: Accommodation, Catered, Without Flights, Transfers",yes,,,"* Ski in – Ski out * 2003m altitude * outdoor hot tub & sauna * pool table We're absolutely delighted to be returning to La Plagne for the 2024/25 season. Perched at 2003m in Plagne Centre, The Graciosa offers",https://www.sno.co.uk/ski-holidays/club-sagarmatha-penthouse_21341/,Sno,site-sno,5,chalets/images/sno-club-sagarmatha-penthouse/,2026-10-06,"Sno 20 Mar 2027: £2509pp with 10 sharing from AO; price range = Sno dates priced for 10 sharing from AO; operator not named on Sno (image code wlc); penthouse suite in The Graciosa residence (16 suites, 2003m on piste above Plagne Centre; bar, lounge, massage room, childcare; same CLUB operator as Val d Isere CLUB chalets); private roof-top hot tub + sauna, two roof terraces, pool table; CLUB service; catered, no flights, transfers incl; priced 10 sharing; Sunday changeover"
sno-combin-suite,Combin Suite,unknown (sold via Sno),Plagne Centre,Paradiski,France,8,10,,,chalet,catered,Our Executive Chef is passionate about food and hugely sensitive to the appetite of a hungry skier whilst considering a balanced diet. The new and refined menus are heavy enough to reward mountain exertion yet light and simple enough to leave you grinning not groaning.; All our catered ski holidays ,private-outdoor,unknown,"Ski room door to blue piste at 2003m altitude, Residence guest bar & lounge, Large terrace with spectacular views & private hot tub, Water vapour eco-fireplace, WiFi & UK TV in all rooms, Bean to coff",,yes,Sunday,1563,per-person,GBP,exact-week,1041,3369,,"package via Sno: Accommodation, Catered, Without Flights, Transfers",yes,,,"* Ski in – Ski out * 2003m altitude * outdoor hot tub The Graciosa in Plagne Centre, located at 2003m, is just a short walk or ski away from this vibrant Paradiski resort. With sixteen suites ranging in size",https://www.sno.co.uk/ski-holidays/combin-suite_21351/,Sno,site-sno,5,chalets/images/sno-combin-suite/,2026-10-06,"Sno 20 Mar 2027: £1563pp with 8 sharing from AO; price range = Sno dates priced for 8 sharing from AO; operator not named on Sno (image code wlc); suite in The Graciosa residence (16 suites, 2003m on piste above Plagne Centre; bar, lounge, massage room, childcare; same CLUB operator as Val d Isere CLUB chalets); large terrace with private hot tub; catered, no flights, transfers incl; Sno priced 8 sharing; Sunday changeover"
sno-eiger-suite,Eiger Suite,unknown (sold via Sno),Plagne Centre,Paradiski,France,6,9,,,chalet,catered,Our Executive Chef is passionate about food and hugely sensitive to the appetite of a hungry skier whilst considering a balanced diet. The new and refined menus are heavy enough to reward mountain exertion yet light and simple enough to leave you grinning not groaning.; All our catered ski holidays ,private-outdoor,unknown,"Ski room door to blue piste at 2003m altitude, Residence guest bar & lounge, Large terrace with spectacular views & private hot tub, Water vapour eco-fireplace, WiFi & UK TV in all rooms, Bean to coff",,yes,Sunday,1596,per-person,GBP,exact-week,1074,3403,,"package via Sno: Accommodation, Catered, Without Flights, Transfers",yes,,,"* Ski in – Ski out * 2003m altitude * outdoor hot tub Positioned at 2003m in Plagne Centre, The Graciosa allows for a brief walk to resort or glide from the ski room into the breath-taking Paradiski. Sixteen suites",https://www.sno.co.uk/ski-holidays/eiger-suite_21353/,Sno,site-sno,5,chalets/images/sno-eiger-suite/,2026-10-06,"Sno 20 Mar 2027: £1596pp with 6 sharing from AO; price range = Sno dates priced for 6 sharing from AO; operator not named on Sno (image code wlc); suite in The Graciosa residence (16 suites, 2003m on piste above Plagne Centre; bar, lounge, massage room, childcare; same CLUB operator as Val d Isere CLUB chalets); large terrace with private hot tub; catered, no flights, transfers incl; Sno priced 6 sharing; Sunday changeover"
sno-jungfrau-suite,Jungfrau Suite,unknown (sold via Sno),Plagne Centre,Paradiski,France,8,14,,,chalet,catered,Our Executive Chef is passionate about food and hugely sensitive to the appetite of a hungry skier whilst considering a balanced diet. The new and refined menus are heavy enough to reward mountain exertion yet light and simple enough to leave you grinning not groaning.; All our catered ski holidays ,private-outdoor,unknown,"Ski room door to blue piste at 2003m altitude, Residence guest bar & lounge, Large terrace with spectacular views & private hot tub, Water vapour eco-fireplace, WiFi & UK TV in all rooms, Bean to coff",,yes,Sunday,1574,per-person,GBP,exact-week,1052,,,"package via Sno: Accommodation, Catered, Without Flights, Transfers",yes,,,"* Ski in – Ski out * 2003m altitude * outdoor hot tub Perched at 2003m in Plagne Centre, The Graciosa offers quick access to Paradiski with either a short walk or a glide from the ski room door. Sixteen",https://www.sno.co.uk/ski-holidays/jungfrau-suite_21348/,Sno,site-sno,5,chalets/images/sno-jungfrau-suite/,2026-10-06,"Sno 20 Mar 2027: £1574pp with 8 sharing from AO; price range = Sno dates priced for 8 sharing from AO; operator not named on Sno (image code wlc); suite in The Graciosa residence (16 suites, 2003m on piste above Plagne Centre; bar, lounge, massage room, childcare; same CLUB operator as Val d Isere CLUB chalets); large terrace with private hot tub; catered, no flights, transfers incl; Sno priced 8 sharing; Sunday changeover; range high omitted (one bogus date at 175500)"
sno-k2-suite,k2 Suite,unknown (sold via Sno),Plagne Centre,Paradiski,France,4,8,,,chalet,catered,Our Executive Chef is passionate about food and hugely sensitive to the appetite of a hungry skier whilst considering a balanced diet. The new and refined menus are heavy enough to reward mountain exertion yet light and simple enough to leave you grinning not groaning.; All our catered ski holidays ,private-outdoor,unknown,"Ski room door to blue piste at 2003m altitude, Residence guest bar & lounge, Small terrace with private hot tub, Water vapour eco-fireplace, WiFi & UK TV in all rooms, Bean to coffee machine, Minibar ",,yes,Sunday,1705,per-person,GBP,exact-week,1183,3518,,"package via Sno: Accommodation, Catered, Without Flights, Transfers",yes,,,"* Ski in – Ski out * 2003m altitude * outdoor hot tub Perched at 2003m in Plagne Centre, The Graciosa offers quick access to Paradiski with either a short walk or a glide from the ski room door. Sixteen",https://www.sno.co.uk/ski-holidays/k2-suite_21347/,Sno,site-sno,5,chalets/images/sno-k2-suite/,2026-10-06,"Sno 20 Mar 2027: £1705pp with 4 sharing from AO; price range = Sno dates priced for 4 sharing from AO; operator not named on Sno (image code wlc); suite in The Graciosa residence (16 suites, 2003m on piste above Plagne Centre; bar, lounge, massage room, childcare; same CLUB operator as Val d Isere CLUB chalets); small terrace with private hot tub; catered, no flights, transfers incl; Sno priced 4 sharing; Sunday changeover"
sno-lhotse-suite,Lhotse Suite,unknown (sold via Sno),Plagne Centre,Paradiski,France,8,14,,,chalet,catered,Our Executive Chef is passionate about food and hugely sensitive to the appetite of a hungry skier whilst considering a balanced diet. The new and refined menus are heavy enough to reward mountain exertion yet light and simple enough to leave you grinning not groaning.; All our catered ski holidays ,private-outdoor,unknown,"Ski room door to blue piste at 2003m altitude, Residence guest bar & lounge, Large terrace with spectacular views & private hot tub, Water vapour eco-fireplace, WiFi & UK TV in all rooms, Bean to coff",,yes,Sunday,1596,per-person,GBP,exact-week,1074,3403,,"package via Sno: Accommodation, Catered, Without Flights, Transfers",yes,,,"* Ski in – Ski out * 2003m altitude * outdoor hot tub The Graciosa, Plagne Centre, altitude 2003m. A short walk down the piste into resort or slide away from the ski room door into the breath-taking Paradiski. Sixteen",https://www.sno.co.uk/ski-holidays/lhotse-suite_21350/,Sno,site-sno,5,chalets/images/sno-lhotse-suite/,2026-10-06,"Sno 20 Mar 2027: £1596pp with 8 sharing from AO; price range = Sno dates priced for 8 sharing from AO; operator not named on Sno (image code wlc); suite in The Graciosa residence (16 suites, 2003m on piste above Plagne Centre; bar, lounge, massage room, childcare; same CLUB operator as Val d Isere CLUB chalets); large terrace with private hot tub; catered, no flights, transfers incl; Sno priced 8 sharing; Sunday changeover"
sno-makalu-suite,Makalu Suite,unknown (sold via Sno),Plagne Centre,Paradiski,France,6,9,,,chalet,catered,Our Executive Chef is passionate about food and hugely sensitive to the appetite of a hungry skier whilst considering a balanced diet. The new and refined menus are heavy enough to reward mountain exertion yet light and simple enough to leave you grinning not groaning.; All our catered ski holidays ,private-outdoor,unknown,"Ski room door to blue piste at 2003m altitude, Residence guest bar & lounge, Large terrace with spectacular views & private hot tub, Water vapour eco-fireplace, WiFi & UK TV in all rooms, Bean to coff",,yes,Sunday,1618,per-person,GBP,exact-week,1095,3426,,"package via Sno: Accommodation, Catered, Without Flights, Transfers",yes,,,"* Ski in – Ski out * 2003m altitude * outdoor hot tub Perched at an altitude of 2003m in Plagne Centre, The Graciosa offers unparalleled convenience and access to the slopes. A short stroll down the piste connects you",https://www.sno.co.uk/ski-holidays/makalu-suite_21355/,Sno,site-sno,5,chalets/images/sno-makalu-suite/,2026-10-06,"Sno 20 Mar 2027: £1618pp with 6 sharing from AO; price range = Sno dates priced for 6 sharing from AO; operator not named on Sno (image code wlc); suite in The Graciosa residence (16 suites, 2003m on piste above Plagne Centre; bar, lounge, massage room, childcare; same CLUB operator as Val d Isere CLUB chalets); large terrace with private hot tub; catered, no flights, transfers incl; Sno priced 6 sharing; Sunday changeover"
sno-matterhorn-suite,Matterhorn Suite,unknown (sold via Sno),Plagne Centre,Paradiski,France,4,8,,,chalet,catered,Our Executive Chef is passionate about food and hugely sensitive to the appetite of a hungry skier whilst considering a balanced diet. The new and refined menus are heavy enough to reward mountain exertion yet light and simple enough to leave you grinning not groaning.; All our catered ski holidays ,private-outdoor,unknown,"Ski room door to blue piste at 2003m altitude, Residence guest bar & lounge, Small terrace with private hot tub, Water vapour eco-fireplace, WiFi & UK TV in all rooms, Bean to coffee machine, Minibar ",,yes,Sunday,1683,per-person,GBP,exact-week,1161,3495,,"package via Sno: Accommodation, Catered, Without Flights, Transfers",yes,,,"* Ski in – Ski out * 2003m altitude * outdoor hot tub Perched at 2003m in Plagne Centre, The Graciosa offers quick access to Paradiski with either a short walk or a glide from the ski room door. Sixteen",https://www.sno.co.uk/ski-holidays/matterhorn-suite_21345/,Sno,site-sno,5,chalets/images/sno-matterhorn-suite/,2026-10-06,"Sno 20 Mar 2027: £1683pp with 4 sharing from AO; price range = Sno dates priced for 4 sharing from AO; operator not named on Sno (image code wlc); suite in The Graciosa residence (16 suites, 2003m on piste above Plagne Centre; bar, lounge, massage room, childcare; same CLUB operator as Val d Isere CLUB chalets); small terrace with private hot tub; catered, no flights, transfers incl; Sno priced 4 sharing; Sunday changeover"
sno-mio-suite,Mio Suite,unknown (sold via Sno),Plagne Centre,Paradiski,France,4,8,,,chalet,catered,Our Executive Chef is passionate about food and hugely sensitive to the appetite of a hungry skier whilst considering a balanced diet. The new and refined menus are heavy enough to reward mountain exertion yet light and simple enough to leave you grinning not groaning.; All our catered ski holidays ,private-outdoor,unknown,"Ski room door to blue piste at 2003m altitude, Residence guest bar & lounge, Small terrace with private hot tub, Water vapour eco-fireplace, WiFi & UK TV in all rooms, Bean to coffee machine, Minibar ",,yes,Sunday,1661,per-person,GBP,exact-week,1139,3472,,"package via Sno: Accommodation, Catered, Without Flights, Transfers",yes,,,"* Ski in – Ski out * 2003m altitude * outdoor hot tub At the Graciosa, Plagne Centre, perched at 2003m, you're just steps away from the resort via a brief walk down the piste, or you can glide straight",https://www.sno.co.uk/ski-holidays/mio-suite_21343/,Sno,site-sno,5,chalets/images/sno-mio-suite/,2026-10-06,"Sno 20 Mar 2027: £1661pp with 4 sharing from AO; price range = Sno dates priced for 4 sharing from AO; operator not named on Sno (image code wlc); suite in The Graciosa residence (16 suites, 2003m on piste above Plagne Centre; bar, lounge, massage room, childcare; same CLUB operator as Val d Isere CLUB chalets); small terrace with private hot tub; catered, no flights, transfers incl; Sno priced 4 sharing; Sunday changeover"
sno-mont-blanc-suite,Mont Blanc Suite,unknown (sold via Sno),Plagne Centre,Paradiski,France,8,14,,,chalet,catered,Our Executive Chef is passionate about food and hugely sensitive to the appetite of a hungry skier whilst considering a balanced diet. The new and refined menus are heavy enough to reward mountain exertion yet light and simple enough to leave you grinning not groaning.; All our catered ski holidays ,private-outdoor,unknown,"Ski room door to blue piste at 2003m altitude, Residence guest bar & lounge, Large terrace with spectacular views & private hot tub, Water vapour eco-fireplace, WiFi & UK TV in all rooms, Bean to coff",,yes,Sunday,1585,per-person,GBP,exact-week,1063,3392,,"package via Sno: Accommodation, Catered, Without Flights, Transfers",yes,,,"* Ski in – Ski out * 2003m altitude * outdoor hot tub At 2003m in Plagne Centre, The Graciosa offers direct access to Paradiski with a short walk down the piste or by skiing from the door. Sixteen suites",https://www.sno.co.uk/ski-holidays/mont-blanc-suite_21349/,Sno,site-sno,5,chalets/images/sno-mont-blanc-suite/,2026-10-06,"Sno 20 Mar 2027: £1585pp with 8 sharing from AO; price range = Sno dates priced for 8 sharing from AO; operator not named on Sno (image code wlc); suite in The Graciosa residence (16 suites, 2003m on piste above Plagne Centre; bar, lounge, massage room, childcare; same CLUB operator as Val d Isere CLUB chalets); large terrace with private hot tub; catered, no flights, transfers incl; Sno priced 8 sharing; Sunday changeover"
sno-paradiso-suite,Paradiso Suite,unknown (sold via Sno),Plagne Centre,Paradiski,France,4,8,,,chalet,catered,Our Executive Chef is passionate about food and hugely sensitive to the appetite of a hungry skier whilst considering a balanced diet. The new and refined menus are heavy enough to reward mountain exertion yet light and simple enough to leave you grinning not groaning.; All our catered ski holidays ,private-outdoor,unknown,"Ski room door to blue piste at 2003m altitude, Residence guest bar & lounge, Small terrace with private hot tub, Water vapour eco-fireplace, WiFi & UK TV in all rooms, Bean to coffee machine, Minibar ",,yes,Sunday,1672,per-person,GBP,exact-week,1150,3483,,"package via Sno: Accommodation, Catered, Without Flights, Transfers",yes,,,"* Ski in – Ski out * 2003m altitude * outdoor hot tub Perched at an altitude of 2003m in Plagne Centre, The Graciosa offers effortless access to the resort, with a short stroll or a ski-out from the ski",https://www.sno.co.uk/ski-holidays/paradiso-suite_21344/,Sno,site-sno,5,chalets/images/sno-paradiso-suite/,2026-10-06,"Sno 20 Mar 2027: £1672pp with 4 sharing from AO; price range = Sno dates priced for 4 sharing from AO; operator not named on Sno (image code wlc); suite in The Graciosa residence (16 suites, 2003m on piste above Plagne Centre; bar, lounge, massage room, childcare; same CLUB operator as Val d Isere CLUB chalets); small terrace with private hot tub; catered, no flights, transfers incl; Sno priced 4 sharing; Sunday changeover"
sno-rochette-suite,Rochette Suite,unknown (sold via Sno),Plagne Centre,Paradiski,France,8,10,,,chalet,catered,Our Executive Chef is passionate about food and hugely sensitive to the appetite of a hungry skier whilst considering a balanced diet. The new and refined menus are heavy enough to reward mountain exertion yet light and simple enough to leave you grinning not groaning.; All our catered ski holidays ,private-outdoor,unknown,"Ski room door to blue piste at 2003m altitude, Residence guest bar & lounge, Large terrace with spectacular views & private hot tub, Water vapour eco-fireplace, WiFi & UK TV in all rooms, Bean to coff",,yes,Sunday,1552,per-person,GBP,exact-week,1030,3357,,"package via Sno: Accommodation, Catered, Without Flights, Transfers",yes,,,"* Ski in – Ski out * 2003m altitude * outdoor hot tub Located at an impressive altitude of 2003m, The Graciosa in Plagne Centre provides unmatched convenience and access to the Paradiski area. With ski in - ski out",https://www.sno.co.uk/ski-holidays/rochette-suite_21352/,Sno,site-sno,5,chalets/images/sno-rochette-suite/,2026-10-06,"Sno 20 Mar 2027: £1552pp with 8 sharing from AO; price range = Sno dates priced for 8 sharing from AO; operator not named on Sno (image code wlc); suite in The Graciosa residence (16 suites, 2003m on piste above Plagne Centre; bar, lounge, massage room, childcare; same CLUB operator as Val d Isere CLUB chalets); large terrace with private hot tub; catered, no flights, transfers incl; Sno priced 8 sharing; Sunday changeover"
sno-penthouse-misha,Penthouse Misha,unknown (sold via Sno),Arc 1950,Paradiski,France,12,14,,,chalet,catered,Our Executive Chef is passionate about food and hugely sensitive to the appetite of a hungry skier whilst considering a balanced diet. The new and refined menus are heavy enough to reward mountain exertion yet light and simple enough to leave you grinning not groaning.; All our catered ski holidays ,shared,yes,"Water vapour fire, Balcony, WiFi in all rooms, Flat screen TV with UK TV in each bedroom, Managed ski room with lockers and boot warmers, Access to hotel facilities including pool, spa & cinema room, ",,yes,Sunday,2381,per-person,GBP,exact-week,1631,4666,,"package via Sno: Accommodation, Catered, Without Flights, Transfers",yes,,,"Ski in/Ski out * Access to Spa, Pool & Cinema Room * The largest of our Bear Resort suites, Penthouse Misha , sits on the seventh floor of our building. We are delighted to have 12 luxurious suites and a",https://www.sno.co.uk/ski-holidays/penthouse-misha_18828/,Sno,site-sno,5,chalets/images/sno-penthouse-misha/,2026-10-06,"Sno 20 Mar 2027: £2381pp with 10 sharing from AO; price range = Sno dates priced for 10 sharing from AO; operator not named on Sno (image code wlc); largest Bear Resort suite, Arc 1950 (12 suites + 30-bed Bear Lodge, same CLUB operator); ski in/out; access to shared resort pool complex with sauna, steam, hot tub, cinema; catered, no flights, transfers incl; Sunday changeover; 7th floor penthouse; Sno priced 10 sharing"
sno-penthouse-umka,Penthouse Umka,unknown (sold via Sno),Arc 1950,Paradiski,France,8,9,,,chalet,catered,Our Executive Chef is passionate about food and hugely sensitive to the appetite of a hungry skier whilst considering a balanced diet. The new and refined menus are heavy enough to reward mountain exertion yet light and simple enough to leave you grinning not groaning.; All our catered ski holidays ,shared,yes,"Water vapour fire, Balcony, WiFi in all rooms, Flat screen TV with UK TV in each bedroom, Managed ski room with lockers and boot warmers, Access to hotel facilities including pool, spa, cinema room & ",,yes,Sunday,1984,per-person,GBP,exact-week,1359,3888,,"package via Sno: Accommodation, Catered, Without Flights, Transfers",yes,,,"* Ski in/Ski out * Access to Spa, Pool & Cinema Room * Penthouse Umka is one of 12 brand suites within the Bear Resort in Arc 1950. We're absolutely thrilled to have opened these independent chalet apartments for the",https://www.sno.co.uk/ski-holidays/penthouse-umka_18827/,Sno,site-sno,5,chalets/images/sno-penthouse-umka/,2026-10-06,"Sno 20 Mar 2027: £1984pp with 8 sharing from AO; price range = Sno dates priced for 8 sharing from AO; operator not named on Sno (image code wlc); Bear Resort suite, Arc 1950 (12 suites + 30-bed Bear Lodge, same CLUB operator); ski in/out; access to shared resort pool complex with sauna, steam, hot tub, cinema; catered, no flights, transfers incl; Sunday changeover; Sno priced 8 sharing"
sno-suite-baloo,Suite Baloo,unknown (sold via Sno),Arc 1950,Paradiski,France,4,8,,,chalet,catered,Our Executive Chef is passionate about food and hugely sensitive to the appetite of a hungry skier whilst considering a balanced diet. The new and refined menus are heavy enough to reward mountain exertion yet light and simple enough to leave you grinning not groaning.; All our catered ski holidays ,shared,yes,"Water vapour fire, Balcony, WiFi in all rooms, Flat screen TV with UK TV in each bedroom, Managed ski room with lockers and boot warmers, Access to hotel facilities including pool, spa & cinema room, ",,yes,Sunday,2043,per-person,GBP,exact-week,1388,3949,,"package via Sno: Accommodation, Catered, Without Flights, Transfers",yes,,,"* Ski in/Ski out * Access to Spa, Pool & Cinema Room * We believe Suite Baloo in Arc 1950 delivers the ultimate skiing venue. Our Bear Suites are affectionately named after mythical bears from around the world and offer",https://www.sno.co.uk/ski-holidays/suite-baloo_18817/,Sno,site-sno,5,chalets/images/sno-suite-baloo/,2026-10-06,"Sno 20 Mar 2027: £2043pp with 4 sharing from AO; price range = Sno dates priced for 4 sharing from AO; operator not named on Sno (image code wlc); Bear Resort suite, Arc 1950 (12 suites + 30-bed Bear Lodge, same CLUB operator); ski in/out; access to shared resort pool complex with sauna, steam, hot tub, cinema; catered, no flights, transfers incl; Sunday changeover; Sno priced 4 sharing"
sno-monte-rosa-suite,Monte Rosa Suite,unknown (sold via Sno),Plagne Centre,Paradiski,France,6,9,,,chalet,catered,Our Executive Chef is passionate about food and hugely sensitive to the appetite of a hungry skier whilst considering a balanced diet. The new and refined menus are heavy enough to reward mountain exertion yet light and simple enough to leave you grinning not groaning.; All our catered ski holidays ,private-outdoor,unknown,"Ski room door to blue piste at 2003m altitude, Residence guest bar & lounge, Large terrace with spectacular views & private hot tub, Water vapour eco-fireplace, WiFi & UK TV in all rooms, Bean to coff",,yes,Sunday,1607,per-person,GBP,exact-week,1084,3415,,"package via Sno: Accommodation, Catered, Without Flights, Transfers",yes,,,"* Ski in – Ski out * 2003m altitude * outdoor hot tub Positioned at 2003m in Plagne Centre, The Graciosa allows for a brief walk to resort or glide from the ski room into the breath-taking Paradiski. Sixteen suites",https://www.sno.co.uk/ski-holidays/monterosa-suite_21354/,Sno,site-sno,5,chalets/images/sno-monte-rosa-suite/,2026-10-06,"Sno 20 Mar 2027: £1607pp with 6 sharing from AO; price range = Sno dates priced for 6 sharing from AO; operator not named on Sno (image code wlc); suite in The Graciosa residence (16 suites, 2003m on piste above Plagne Centre; bar, lounge, massage room, childcare; same CLUB operator as Val d Isere CLUB chalets); large terrace with private hot tub; catered, no flights, transfers incl; Sno priced 6 sharing; Sunday changeover"
sno-suite-choko,Suite Choko,unknown (sold via Sno),Arc 1950,Paradiski,France,4,8,,,chalet,catered,Our Executive Chef is passionate about food and hugely sensitive to the appetite of a hungry skier whilst considering a balanced diet. The new and refined menus are heavy enough to reward mountain exertion yet light and simple enough to leave you grinning not groaning.; All our catered ski holidays ,shared,yes,"Water vapour fire, Balcony, WiFi in all rooms, Flat screen TV with UK TV in each bedroom, Managed ski room with lockers and boot warmers, Access to hotel facilities including pool, spa & cinema room, ",,yes,Sunday,2043,per-person,GBP,exact-week,1388,3949,,"package via Sno: Accommodation, Catered, Without Flights, Transfers",yes,,,"* Ski in/Ski out * Access to Spa, Pool & Cinema Room * We opened our Bear resort in the prestigious resort of Arc 1950 in time for the 2021/22 season, made up of 12 independent chalet-apartments and a 30",https://www.sno.co.uk/ski-holidays/suite-choko_18818/,Sno,site-sno,5,chalets/images/sno-suite-choko/,2026-10-06,"Sno 20 Mar 2027: £2043pp with 4 sharing from AO; price range = Sno dates priced for 4 sharing from AO; operator not named on Sno (image code wlc); Bear Resort suite, Arc 1950 (12 suites + 30-bed Bear Lodge, same CLUB operator); ski in/out; access to shared resort pool complex with sauna, steam, hot tub, cinema; catered, no flights, transfers incl; Sunday changeover; Sno priced 4 sharing"
sno-suite-grizzly,Suite Grizzly,unknown (sold via Sno),Arc 1950,Paradiski,France,6,10,3,,chalet,catered,Our Executive Chef is passionate about food and hugely sensitive to the appetite of a hungry skier whilst considering a balanced diet. The new and refined menus are heavy enough to reward mountain exertion yet light and simple enough to leave you grinning not groaning.; All our catered ski holidays ,shared,yes,"Water vapour fire, Balcony, WiFi in all rooms, Flat screen TV with UK TV in each bedroom, Managed ski room with lockers and boot warmers, Access to hotel facilities including pool, spa & cinema room, ",,yes,Sunday,1843,per-person,GBP,exact-week,1288,3739,,"package via Sno: Accommodation, Catered, Without Flights, Transfers",yes,,,"* Ski in/Ski out * Access to Spa, Pool & Cinema Room * Suite Grizzly accommodates 6 to 10 guests in three en-suite bedrooms, two of which have additional bunk beds (charged at half the adult price). This suite is",https://www.sno.co.uk/ski-holidays/suite-grizzly_18823/,Sno,site-sno,5,chalets/images/sno-suite-grizzly/,2026-10-06,"Sno 20 Mar 2027: £1843pp with 6 sharing from AO; price range = Sno dates priced for 6 sharing from AO; operator not named on Sno (image code wlc); Bear Resort suite, Arc 1950 (12 suites + 30-bed Bear Lodge, same CLUB operator); ski in/out; access to shared resort pool complex with sauna, steam, hot tub, cinema; catered, no flights, transfers incl; Sunday changeover; 3 en-suite bedrooms, two with extra bunks (sleeps 6-10); Sno priced 6 sharing"
sno-suite-koda,Suite Koda,unknown (sold via Sno),Arc 1950,Paradiski,France,4,8,,,chalet,catered,Our Executive Chef is passionate about food and hugely sensitive to the appetite of a hungry skier whilst considering a balanced diet. The new and refined menus are heavy enough to reward mountain exertion yet light and simple enough to leave you grinning not groaning.; All our catered ski holidays ,shared,yes,"Water vapour fire, Balcony, WiFi in all rooms, Flat screen TV with UK TV in each bedroom, Managed ski room with lockers and boot warmers, Access to hotel facilities including pool, spa & cinema room, ",,yes,Sunday,2043,per-person,GBP,exact-week,1388,3949,,"package via Sno: Accommodation, Catered, Without Flights, Transfers",yes,,,"● Ski in/Ski out ● Access to Spa, Pool & Cinema Room ● Affectionately named after mythical bears from around the world, our 12 luxurious suites opened for winter 2021/2022. Suite Koda sits on the sixth floor of our brand",https://www.sno.co.uk/ski-holidays/suite-koda_18819/,Sno,site-sno,5,chalets/images/sno-suite-koda/,2026-10-06,"Sno 20 Mar 2027: £2043pp with 4 sharing from AO; price range = Sno dates priced for 4 sharing from AO; operator not named on Sno (image code wlc); Bear Resort suite, Arc 1950 (12 suites + 30-bed Bear Lodge, same CLUB operator); ski in/out; access to shared resort pool complex with sauna, steam, hot tub, cinema; catered, no flights, transfers incl; Sunday changeover; 6th floor; Sno priced 4 sharing"
sno-suite-luk,Suite Luk,unknown (sold via Sno),Arc 1950,Paradiski,France,8,10,,,chalet,catered,Our Executive Chef is passionate about food and hugely sensitive to the appetite of a hungry skier whilst considering a balanced diet. The new and refined menus are heavy enough to reward mountain exertion yet light and simple enough to leave you grinning not groaning.; All our catered ski holidays ,shared,yes,"Water vapour fire, Balcony, WiFi in all rooms, Flat screen TV with UK TV in each bedroom, Managed ski room with lockers and boot warmers, Access to hotel facilities including pool, spa & cinema room, ",,yes,Sunday,1843,per-person,GBP,exact-week,1288,3739,,"package via Sno: Accommodation, Catered, Without Flights, Transfers",yes,,,"* Ski in/Ski out * Access to Spa, Pool & Cinema Room * Bear Suites are affectionately named after mythical bears from around the world and offer the intimacy of our renown and award winning chalet service with the fabulous",https://www.sno.co.uk/ski-holidays/suite-luk_18824/,Sno,site-sno,5,chalets/images/sno-suite-luk/,2026-10-06,"Sno 20 Mar 2027: £1843pp with 8 sharing from AO; price range = Sno dates priced for 8 sharing from AO; operator not named on Sno (image code wlc); Bear Resort suite, Arc 1950 (12 suites + 30-bed Bear Lodge, same CLUB operator); ski in/out; access to shared resort pool complex with sauna, steam, hot tub, cinema; catered, no flights, transfers incl; Sunday changeover; Sno priced 8 sharing"
sno-suite-mouk,Suite Mouk,unknown (sold via Sno),Arc 1950,Paradiski,France,8,10,,,chalet,catered,Our Executive Chef is passionate about food and hugely sensitive to the appetite of a hungry skier whilst considering a balanced diet. The new and refined menus are heavy enough to reward mountain exertion yet light and simple enough to leave you grinning not groaning.; All our catered ski holidays ,shared,yes,"Water vapour fire, Balcony, WiFi in all rooms, Flat screen TV with UK TV in each bedroom, Managed ski room with lockers and boot warmers, Access to hotel facilities including pool, spa, cinema room & ",,yes,Sunday,1843,per-person,GBP,exact-week,1288,3739,,"package via Sno: Accommodation, Catered, Without Flights, Transfers",yes,,,"* Ski in/Ski out * Access to Spa, Pool & Cinema Room * Bear Resort is our home in Arc 1950. All 12 independent apartments and our 30 bedroom lodge are sumptuously designed creating a timeless aura with elegant furnishings",https://www.sno.co.uk/ski-holidays/suite-mouk_18826/,Sno,site-sno,5,chalets/images/sno-suite-mouk/,2026-10-06,"Sno 20 Mar 2027: £1843pp with 8 sharing from AO; price range = Sno dates priced for 8 sharing from AO; operator not named on Sno (image code wlc); Bear Resort suite, Arc 1950 (12 suites + 30-bed Bear Lodge, same CLUB operator); ski in/out; access to shared resort pool complex with sauna, steam, hot tub, cinema; catered, no flights, transfers incl; Sunday changeover; Sno priced 8 sharing"
sno-suite-natsu,Suite Natsu,unknown (sold via Sno),Arc 1950,Paradiski,France,6,8,,,chalet,catered,Our Executive Chef is passionate about food and hugely sensitive to the appetite of a hungry skier whilst considering a balanced diet. The new and refined menus are heavy enough to reward mountain exertion yet light and simple enough to leave you grinning not groaning.; All our catered ski holidays ,shared,yes,"Water vapour fire, Balcony, WiFi in all rooms, Flat screen TV with UK TV in each bedroom, Managed ski room with lockers and boot warmers, Access to hotel facilities including pool, spa, cinema room & ",,yes,Sunday,1843,per-person,GBP,exact-week,1292,3739,,"package via Sno: Accommodation, Catered, Without Flights, Transfers",yes,,,"* Ski in/Ski out * Access to Spa, Pool & Cinema Room * We opened our Bear Resort in the heart of Arc 1950 in time for the start of the 2021/22 seaon. Made up of 12 independent suites and",https://www.sno.co.uk/ski-holidays/suite-natsu_18822/,Sno,site-sno,5,chalets/images/sno-suite-natsu/,2026-10-06,"Sno 20 Mar 2027: £1843pp with 6 sharing from AO; price range = Sno dates priced for 6 sharing from AO; operator not named on Sno (image code wlc); Bear Resort suite, Arc 1950 (12 suites + 30-bed Bear Lodge, same CLUB operator); ski in/out; access to shared resort pool complex with sauna, steam, hot tub, cinema; catered, no flights, transfers incl; Sunday changeover; Sno priced 6 sharing"
sno-suite-oso,Suite Oso,unknown (sold via Sno),Arc 1950,Paradiski,France,6,8,,,chalet,catered,Our Executive Chef is passionate about food and hugely sensitive to the appetite of a hungry skier whilst considering a balanced diet. The new and refined menus are heavy enough to reward mountain exertion yet light and simple enough to leave you grinning not groaning.; All our catered ski holidays ,shared,yes,"Water vapour fire, Balcony, WiFi in all rooms, Flat screen TV with UK TV in each bedroom, Managed ski room with lockers and boot warmers, Access to hotel facilities including pool, spa & cinema room, ",,yes,Sunday,1843,per-person,GBP,exact-week,1288,3739,,"package via Sno: Accommodation, Catered, Without Flights, Transfers",yes,,,"* Ski in/Ski out * Access to Spa, Pool & Cinema Room * In December 2021 we were thrilled to announce the opening of 12 new luxurious suites and a boutique hotel in Arc 1950. Affectionally named after mythically bears",https://www.sno.co.uk/ski-holidays/suite-oso_18821/,Sno,site-sno,5,chalets/images/sno-suite-oso/,2026-10-06,"Sno 20 Mar 2027: £1843pp with 6 sharing from AO; price range = Sno dates priced for 6 sharing from AO; operator not named on Sno (image code wlc); Bear Resort suite, Arc 1950 (12 suites + 30-bed Bear Lodge, same CLUB operator); ski in/out; access to shared resort pool complex with sauna, steam, hot tub, cinema; catered, no flights, transfers incl; Sunday changeover; Sno priced 6 sharing"
sno-suite-yogi,Suite Yogi,unknown (sold via Sno),Arc 1950,Paradiski,France,8,10,,,chalet,catered,Our Executive Chef is passionate about food and hugely sensitive to the appetite of a hungry skier whilst considering a balanced diet. The new and refined menus are heavy enough to reward mountain exertion yet light and simple enough to leave you grinning not groaning.; All our catered ski holidays ,shared,yes,"Water vapour fire, Balcony, WiFi in all rooms, Flat screen TV with UK TV in each bedroom, Managed ski room with lockers and boot warmers, Access to hotel facilities including pool, spa, cinema room & ",,yes,Sunday,1843,per-person,GBP,exact-week,1288,3739,,"package via Sno: Accommodation, Catered, Without Flights, Transfers",yes,,,"* Ski in/Ski out * Access to Spa, Pool & Cinema Room * Suite Yogi sits at a whopping 1950m in the distinguished resort of Arc 1950, offering stylish comfort and cutting-edge decor in an unbeatable position. This suite is",https://www.sno.co.uk/ski-holidays/suite-yogi_18825/,Sno,site-sno,5,chalets/images/sno-suite-yogi/,2026-10-06,"Sno 20 Mar 2027: £1843pp with 8 sharing from AO; price range = Sno dates priced for 8 sharing from AO; operator not named on Sno (image code wlc); Bear Resort suite, Arc 1950 (12 suites + 30-bed Bear Lodge, same CLUB operator); ski in/out; access to shared resort pool complex with sauna, steam, hot tub, cinema; catered, no flights, transfers incl; Sunday changeover; Sno priced 8 sharing"
sno-suite-zozi,Suite Zozi,unknown (sold via Sno),Arc 1950,Paradiski,France,6,8,,,chalet,catered,Our Executive Chef is passionate about food and hugely sensitive to the appetite of a hungry skier whilst considering a balanced diet. The new and refined menus are heavy enough to reward mountain exertion yet light and simple enough to leave you grinning not groaning.; All our catered ski holidays ,shared,yes,"Water vapour fire, Balcony, WiFi in all rooms, Flat screen TV with UK TV in each bedroom, Managed ski room with lockers and boot warmers, Access to hotel facilities including pool, spa & cinema room, ",,yes,Sunday,1843,per-person,GBP,exact-week,1288,3739,,"package via Sno: Accommodation, Catered, Without Flights, Transfers",yes,,,"* Ski in/Ski out * Access to Spa, Pool & Cinema Room * Bear Lodge comprises 12 stylish chalet apartments and a 30-bedroom boutique hotel in the stunning high-altitude resort of Arc 1950. Renowned for its snow-sure conditions, Arc 1950",https://www.sno.co.uk/ski-holidays/suite-zozi_18820/,Sno,site-sno,5,chalets/images/sno-suite-zozi/,2026-10-06,"Sno 20 Mar 2027: £1843pp with 6 sharing from AO; price range = Sno dates priced for 6 sharing from AO; operator not named on Sno (image code wlc); Bear Resort suite, Arc 1950 (12 suites + 30-bed Bear Lodge, same CLUB operator); ski in/out; access to shared resort pool complex with sauna, steam, hot tub, cinema; catered, no flights, transfers incl; Sunday changeover; Sno priced 6 sharing"
sno-verdons-suite,Verdons Suite,unknown (sold via Sno),Plagne Centre,Paradiski,France,6,8,,,chalet,catered,Our Executive Chef is passionate about food and hugely sensitive to the appetite of a hungry skier whilst considering a balanced diet. The new and refined menus are heavy enough to reward mountain exertion yet light and simple enough to leave you grinning not groaning.; All our catered ski holidays ,private-outdoor,unknown,"Ski room door to blue piste at 2003m altitude, Residence guest bar & lounge, Large terrace with spectacular views & private hot tub, Water vapour eco-fireplace, WiFi & UK TV in all rooms, Bean to coff",,yes,Sunday,1574,per-person,GBP,exact-week,1052,3380,,"package via Sno: Accommodation, Catered, Without Flights, Transfers",yes,,,"* Ski in – Ski out * 2003m altitude * outdoor hot tub Perched at an altitude of 2003m in Plagne Centre, The Graciosa offers unparalleled convenience and access to the slopes. A short stroll down the piste connects you",https://www.sno.co.uk/ski-holidays/verdons-suite_21357/,Sno,site-sno,5,chalets/images/sno-verdons-suite/,2026-10-06,"Sno 20 Mar 2027: £1574pp with 6 sharing from AO; price range = Sno dates priced for 6 sharing from AO; operator not named on Sno (image code wlc); suite in The Graciosa residence (16 suites, 2003m on piste above Plagne Centre; bar, lounge, massage room, childcare; same CLUB operator as Val d Isere CLUB chalets); large terrace with private hot tub; catered, no flights, transfers incl; Sno priced 6 sharing; Sunday changeover"
sno-chalet-delta-36,Chalet Delta 36,unknown (sold via Sno),Alpe d'Huez,Alpe d'Huez Grand Domaine,France,,8,,,chalet,self-catered,,none,no,"General, Ski locker, Baby cot, Multimedia, Wifi, TV, Household appliances, Microwave & oven combination, Fridge, Raclette machine, Fondue appliance, Vaccum, Nespresso coffee machine, Kettle, Induction",,unknown,unknown,,per-person,GBP,season-range,403,403,,"package via Sno: Accommodation, Self Catering, Without Flights",unknown,,,"Nestled in an exceptional environment, in the heart of the fir trees, this pretty chalet with its original design will offer you all the comfort you need for your holidays. You will appreciate its calm and peaceful environment after a",https://www.sno.co.uk/ski-holidays/chalet-delta-36_22072/,Sno,site-sno,5,chalets/images/sno-chalet-delta-36/,2026-10-06,"Sno: no 20 Mar 2027 departure listed; price range = Sno dates priced for 8 sharing from AO; operator not named on Sno (image code wlc); chalet among fir trees, 1000m from Televillage lift, 200m from Village slope; self-catered, no flights/transfers; no March dates on Sno"
sno-chalet-bourget,Chalet Bourget,unknown (sold via Sno),Alpe d'Huez,Alpe d'Huez Grand Domaine,France,10,12,5,,apartment,catered,Welcome vin chaud; Hearty continental breakfast (7 days); Hot breakfast options provided by hosts (5 days); Homemade afternoon tea and cake (6 days); Delicious three-course evening menu (5 days); Two-course Alpine speciality (1 day); A selection of hand-picked silver level wines (6 days); Hearty set,shared,yes,"Sauna / Steam room, Room With Cots, In resort centre, Hot tub, Heated boot warmers, Free WiFi, Close to piste, All rooms with private facilities",100,unknown,unknown,,per-person,GBP,season-range,1329,1329,,"package via Sno: Accommodation, Catered, Flights Included, Transfers",unknown,,,"Chalet Bourget is a sleek, modern chalet apartment just 100m from the lifts, with en-suite bedrooms and shared wellness facilities including sauna and hot tub. Chalet Bourget blends alpine character with modern luxury in a prime Alpe d'Huez setting. Part",https://www.sno.co.uk/ski-holidays/chalet-bourget_18810/,Sno,site-sno,5,chalets/images/sno-chalet-bourget/,2026-10-06,"Sno: no 20 Mar 2027 departure listed; price range = Sno dates priced for 2 sharing from Gatwick; operator not named on Sno (image code wlc); Chalets du Lac building behind tourist office, central Alpe d Huez, 100m Alpe Express/Telecentre; shared building wellness area (hot tub, sauna, hammam, massage rooms); all en suite; Sno only priced 2 sharing; package incl Gatwick flights + transfers; 20 Mar departure not offered on Sno for any airport tried (neighbouring weeks are) - possibly booked"
sno-chalet-annecy,Chalet Annecy,unknown (sold via Sno),Alpe d'Huez,Alpe d'Huez Grand Domaine,France,10,12,5,,apartment,catered,Welcome vin chaud; Hearty continental breakfast (7 days); Hot breakfast options provided by hosts (5 days); Homemade afternoon tea and cake (6 days); Delicious three-course evening menu (5 days); Two-course Alpine speciality (1 day); A selection of hand-picked silver level wines (6 days); Hearty set,shared,yes,"Sauna / Steam room, Room With Cots, In resort centre, Hot tub, Heated boot warmers, Free WiFi, Close to piste, All rooms en suite",100,unknown,unknown,,per-person,GBP,season-range,1344,1344,,"package via Sno: Accommodation, Catered, Flights Included, Transfers",unknown,,,"Ski-in style! Just 100m from Alpe d'Huez lifts, Chalet Annecy offers modern en-suite comfort and shared wellness facilities for a perfect alpine escape. Chalet Annecy is a stylish, contemporary chalet apartment just steps from Alpe d’Huez’s main lifts. Sleeping up",https://www.sno.co.uk/ski-holidays/chalet-annecy_18808/,Sno,site-sno,5,chalets/images/sno-chalet-annecy/,2026-10-06,"Sno: no 20 Mar 2027 departure listed; price range = Sno dates priced for 2 sharing from Gatwick; operator not named on Sno (image code wlc); Chalets du Lac building behind tourist office, central Alpe d Huez, 100m Alpe Express/Telecentre; shared building wellness area (hot tub, sauna, hammam, massage rooms); all en suite; Sno only priced 2 sharing; package incl Gatwick flights + transfers; 20 Mar departure not offered on Sno for any airport tried (neighbouring weeks are) - possibly booked"
sno-chalet-leman,Chalet Leman,unknown (sold via Sno),Alpe d'Huez,Alpe d'Huez Grand Domaine,France,10,12,5,,apartment,catered,Welcome vin chaud; Hearty continental breakfast (7 days); Hot breakfast options provided by hosts (5 days); Homemade afternoon tea and cake (6 days); Delicious three-course evening menu (5 days); Two-course Alpine speciality (1 day); A selection of hand-picked silver level wines (6 days); Hearty set,shared,yes,"Sauna / Steam room, Room With Cots, In resort centre, Hot tub, Heated boot warmers, Free WiFi, Close to piste, All rooms en suite",100,unknown,unknown,,per-person,GBP,season-range,1379,2455,,"package via Sno: Accommodation, Catered, Flights Included, Transfers",unknown,,,"Just 100m from the piste, Chalet Leman delivers chic design, en-suite comfort, and shared spa access - all in the heart of vibrant Alpe d'Huez. Chalet Leman is a bright, stylish chalet apartment sleeping up to 10 adults and 2",https://www.sno.co.uk/ski-holidays/chalet-leman_18807/,Sno,site-sno,5,chalets/images/sno-chalet-leman/,2026-10-06,"Sno: no 20 Mar 2027 departure listed; price range = Sno dates priced for 2 sharing from Gatwick; operator not named on Sno (image code wlc); Chalets du Lac building behind tourist office, central Alpe d Huez, 100m Alpe Express/Telecentre; shared building wellness area (hot tub, sauna, hammam, massage rooms); all en suite; Sno only priced 2 sharing; package incl Gatwick flights + transfers; sleeps 10 adults + 2 children; 20 Mar departure not offered on Sno for any airport tried (neighbouring weeks are) - possibly booked (tried Gatwick, Manchester, Eurotunnel)"
sno-chalet-pere-josef-1,Chalet Pere Josef 1,unknown (sold via Sno),Alpe d'Huez,Alpe d'Huez Grand Domaine,France,,12,6,,chalet,catered,Welcome vin chaud; Hearty continental breakfast (7 days); Hot breakfast options provided by hosts (5 days); Homemade afternoon tea and cake (6 days); Delicious three-course evening menu (5 days); Two-course Alpine speciality (1 day); A selection of hand-picked silver level wines (6 days); Hearty set,none,no,"Room With Cots, In resort centre, Heated boot warmers, Free WiFi, Close to piste, All rooms en suite",50,unknown,unknown,,per-person,GBP,season-range,1279,2369,,"package via Sno: Accommodation, Catered, Flights Included, Transfers",unknown,,,Modern alpine style and en-suite comfort meet unbeatable access to the lifts - Chalet Pere Josef 1 is your ideal home base in central Alpe d'Huez. Chalet Pere Josef 1 blends elegant Alpine style with practical perks like all en-suite,https://www.sno.co.uk/ski-holidays/chalet-pere-josef-1_19049/,Sno,site-sno,5,chalets/images/sno-chalet-pere-josef-1/,2026-10-06,"Sno: no 20 Mar 2027 departure listed; price range = Sno dates priced for 2 sharing from Gatwick; operator not named on Sno (image code wlc); Vieil Alpe, 50m Alpe Express; all en suite; no hot tub listed; Sno only priced 2 sharing; package incl Gatwick flights + transfers; 20 Mar departure not offered on Sno for any airport tried (neighbouring weeks are) - possibly booked"
sno-chalet-woodpecker,Chalet Woodpecker,unknown (sold via Sno),Alpe d'Huez,Alpe d'Huez Grand Domaine,France,14,15,7,,chalet,catered,Welcome vin chaud; Hearty continental breakfast (7 days); Hot breakfast options provided by hosts (5 days); Homemade afternoon tea and cake (6 days); Delicious three-course evening menu (5 days); Two-course Alpine speciality (1 day); A selection of hand-picked silver level wines (6 days); Hearty set,shared,yes,"Sauna / Steam room, Room With Cots, In resort centre, Hot tub, Heated boot warmers, Free WiFi, All rooms en suite",270,unknown,unknown,,per-person,GBP,season-range,1503,1603,,"package via Sno: Accommodation, Catered, Flights Included, Transfers",unknown,,,"Just a super short stroll from the slopes and resort buzz, Chalet Woodpecker blends stylish comfort with unbeatable convenience in central Alpe d'Huez. Chalet Woodpecker is a spacious, stylish 5-star chalet in the heart of Alpe d'Huez, perfect for groups",https://www.sno.co.uk/ski-holidays/chalet-woodpecker_21387/,Sno,site-sno,5,chalets/images/sno-chalet-woodpecker/,2026-10-06,"Sno: no 20 Mar 2027 departure listed; price range = Sno dates priced for 3 sharing from Gatwick; operator not named on Sno (image code wlc); 5-star chalet on Avenue de l Eclose, central Alpe d Huez; 7 en suites; shared wellness area with indoor hot tub + sauna; Sno only priced 3 sharing; package incl Gatwick flights + transfers; all Mar weeks sold out; 20 Mar departure not offered on Sno (neighbouring weeks listed) - possibly booked"
sno-chalet-etoile-de-neige,Chalet Etoile de Neige,unknown (sold via Sno),Alpe d'Huez,Alpe d'Huez Grand Domaine,France,,10,5,,chalet,catered,"Our catered chalets mean there is no need to worry about a shopping trip whilst on holiday, as you will be looked after by us from arrival right to departure.; Staff night off is once a week when there is no afternoon tea or dinner, so on this day you can explore the local restaurants in Alpe d'Huez",private (location not stated),yes,"Jacuzzi, Sauna, Open plan lounge-dining area, TV, Free Wi-Fi, Balcony, Private boot room, L'Occitane toiletries, Baby cots are available on request, Family facilities, Children, 11 years and under, ar",100,unknown,Saturday,1549,per-person,GBP,exact-week,1199,2118,,"package via Sno: Accommodation, Catered, Flights Included, Transfers",yes,,,"The traditional Chalet Etoile de Neige has everything you need for your next ski holiday in France. With a cosy wellness area featuring a hot tub and sauna, five welcoming bedrooms sleeping up to ten guests, and delicious homecooked food,",https://www.sno.co.uk/ski-holidays/chalet-etoile-de-neige_21424/,Sno,site-sno,5,chalets/images/sno-chalet-etoile-de-neige/,2026-10-06,"Sno 20 Mar 2027: £1549pp with 2 sharing from Gatwick; price range = Sno dates priced for 2 sharing from Gatwick; operator not named on Sno (image code wlc); traditional chalet, 100m to Bucket Lift up to Rond Point des Pistes; wellness area with jacuzzi + sauna, balcony; 5 bedrooms sleeping 10; Sno only priced 2 sharing; package incl Gatwick flights + transfers"
sno-chalet-pere-josef-2,Chalet Pere Josef 2,unknown (sold via Sno),Alpe d'Huez,Alpe d'Huez Grand Domaine,France,,12,6,,chalet,catered,Welcome vin chaud; Hearty continental breakfast (7 days); Hot breakfast options provided by hosts (5 days); Homemade afternoon tea and cake (6 days); Delicious three-course evening menu (5 days); Two-course Alpine speciality (1 day); A selection of hand-picked silver level wines (6 days); Hearty set,none,no,"Room With Cots, In resort centre, Heated boot warmers, Free WiFi, Close to piste, All rooms en suite",50,unknown,unknown,,per-person,GBP,season-range,1389,2219,,"package via Sno: Accommodation, Catered, Flights Included, Transfers",unknown,,,"A top pick in Alpe d'Huez, this high-quality chalet is just 50 metres from the lift and offers chic interiors, all en-suite bedrooms, and a homely alpine vibe. Chalet Pere Josef 2 is a smart, spacious chalet spread over three",https://www.sno.co.uk/ski-holidays/chalet-pere-josef-2_19050/,Sno,site-sno,5,chalets/images/sno-chalet-pere-josef-2/,2026-10-06,"Sno: no 20 Mar 2027 departure listed; price range = Sno dates priced for 12 sharing from Gatwick; operator not named on Sno (image code wlc); Vieil Alpe, 50m Alpe Express; 3 levels, all en suite; no hot tub listed; priced 12 sharing; package incl Gatwick flights + transfers; 20 Mar departure not offered on Sno (neighbouring weeks listed) - possibly booked"
sno-chalet-la-breche,Chalet La Brêche,unknown (sold via Sno),Alpe d'Huez,Alpe d'Huez Grand Domaine,France,,15,,,chalet,catered,"Our catered chalets mean there is no need to worry about a shopping trip whilst on holiday, as you will be looked after by us from arrival right to departure.; Staff night off is once a week when there is no afternoon tea or dinner, so on this day you can explore the local restaurants in Alpe d'Huez",private-outdoor,yes,"Outdoor whirlpool, Sun terrace, Mountain views, Infra red saunas, Lounge with fireplace, TV area, Ski room with heated boot warmers, Free Wi-Fi, L'Occiante toiletries, Family facilities, Baby cots are",,yes,Saturday,1499,per-person,GBP,exact-week,1149,2028,,"package via Sno: Accommodation, Catered, Flights Included, Transfers",yes,,,"If you're one to maximise your miles, the Chalet La Breche is the perfect choice for you. This chalet has a superb location on the side of the piste which runs past the chalet down to the 'Telecentre' lift going",https://www.sno.co.uk/ski-holidays/chalet-la-br-che_18610/,Sno,site-sno,5,chalets/images/sno-chalet-la-breche/,2026-10-06,"Sno 20 Mar 2027: £1499pp with 2 sharing from Gatwick; price range = Sno dates priced for 2 sharing from Gatwick; operator not named on Sno (image code wlc); traditional chalet beside piste running down to Telecentre lift, central Alpe d Huez; outdoor whirlpool on terrace + two infra-red saunas, fireplace; Sno only priced 2 sharing; package incl Gatwick flights + transfers"
sno-chalet-gaube,Chalet Gaube,unknown (sold via Sno),Alpe d'Huez,Alpe d'Huez Grand Domaine,France,10,12,5,,apartment,catered,Welcome vin chaud; Hearty continental breakfast (7 days); Hot breakfast options provided by hosts (5 days); Homemade afternoon tea and cake (6 days); Delicious three-course evening menu (5 days); Two-course Alpine speciality (1 day); A selection of hand-picked silver level wines (6 days); Hearty set,shared,yes,"Sauna / Steam room, Room With Cots, In resort centre, Hot tub, Heated boot warmers, Free WiFi, Close to piste, All rooms en suite",100,unknown,unknown,,per-person,GBP,season-range,1529,1639,,"package via Sno: Accommodation, Catered, Flights Included, Transfers",unknown,,,"Chalet Gaube combines rustic-modern interiors, a brilliant central location, super close to lifts, and access to a wellness area for the perfect mountain escape. Chalet Gaube is a modern chalet apartment in the heart of Alpe d'Huez. Sleeping up to",https://www.sno.co.uk/ski-holidays/chalet-gaube_18809/,Sno,site-sno,5,chalets/images/sno-chalet-gaube/,2026-10-06,"Sno: no 20 Mar 2027 departure listed; price range = Sno dates priced for 10 sharing from Gatwick; operator not named on Sno (image code wlc); Chalets du Lac building behind tourist office, central Alpe d Huez, 100m Alpe Express/Telecentre; shared building wellness area (hot tub, sauna, hammam); all en suite; package incl Gatwick flights + transfers; priced 10 sharing; 20 Mar departure not offered on Sno (neighbouring weeks listed) - possibly booked"
sno-chalet-de-ville-fermes-de-l-alpe-e101,Chalet de Ville Fermes de l'Alpe E101,unknown (sold via Sno),Alpe d'Huez,Alpe d'Huez Grand Domaine,France,,8,,,chalet,self-catered,,none,no,"General, Garage, Wood fireplace, Ski locker, Boots heater, Outdoor furniture, Multimedia, Wifi, TV, Bluetooth or wifi speaker, Books, Children games, Household appliances, Microwave, Fridge, Vaccum, N",,unknown,unknown,,per-person,GBP,season-range,512,556,,"package via Sno: Accommodation, Self Catering, Without Flights",unknown,,,"Located in the Vieil Alpe district, Les Fermes de l'Alpe is a new residence offering premium amenities and refined architecture. Crafted with noble materials such as wood and stone, it reinterprets the traditional Dauphinoise barn style by seamlessly blending modernity",https://www.sno.co.uk/ski-holidays/chalet-de-ville-fermes-de-l-alpe-e101_22025/,Sno,site-sno,5,chalets/images/sno-chalet-de-ville-fermes-de-l-alpe-e101/,2026-10-06,"Sno: no 20 Mar 2027 departure listed; price range = Sno dates priced for 8 sharing from AO; operator not named on Sno (image code wlc); in Les Fermes de l Alpe residence, Vieil Alpe district, 200m Telecentre; wood fireplace, garage; self-catered, no flights/transfers; Sno shows Mar only to 13 Mar (sold out)"
sno-chalet-salagou,Chalet Salagou,unknown (sold via Sno),Alpe d'Huez,Alpe d'Huez Grand Domaine,France,10,12,5,,apartment,catered,Welcome vin chaud; Hearty continental breakfast (7 days); Hot breakfast options provided by hosts (5 days); Homemade afternoon tea and cake (6 days); Delicious three-course evening menu (5 days); Two-course Alpine speciality (1 day); A selection of hand-picked silver level wines (6 days); Hearty set,shared,yes,"Sauna / Steam room, Room With Cots, In resort centre, Hot tub, Heated boot warmers, Free WiFi, Close to piste, All rooms en suite",100,unknown,unknown,,per-person,GBP,,,,,"package via Sno: Accommodation, Catered, Flights Included, Transfers",unknown,,,"With en-suite bedrooms, alpine-chic interiors and a top-notch location a few steps from the piste, Chalet Salagou blends ski convenience with chalet luxury. Part of Chalets du Lac, Chalet Salagou is a modern yet homely apartment sleeping up to 10",https://www.sno.co.uk/ski-holidays/chalet-salagou_18806/,Sno,site-sno,5,chalets/images/sno-chalet-salagou/,2026-10-06,"Sno: no 20 Mar 2027 departure listed; price range = Sno dates priced for 2 sharing from Gatwick; operator not named on Sno (image code wlc); Chalets du Lac building behind tourist office, central Alpe d Huez, 100m Alpe Express/Telecentre; shared building wellness area (hot tub, sauna, hammam, massage rooms); all en suite; package incl Gatwick flights + transfers; Sno only priced 2 sharing (erratic range up to 9475, omitted); 20 Mar departure not offered on Sno (neighbouring weeks listed) - possibly booked"
sno-chalet-chalet-1860,Chalet Chalet 1860,unknown (sold via Sno),Alpe d'Huez,Alpe d'Huez Grand Domaine,France,,12,,,chalet,self-catered,,none,no,"General, Wood fireplace, Parking space, Boots heater, Without elevator, Table football, Multimedia, Wifi, TV, Household appliances, Coffee machine, Microwave, Fridge, Kitchen exhaust hood, Kettle, Toa",550,yes,unknown,,per-person,GBP,season-range,436,945,,"package via Sno: Accommodation, Self Catering, Without Flights",unknown,,,"Located in the prestigious Chalets de l'Altiport development in the Bergers district, Chalet 1860 (178 sqm) will seduce you with its open spaces, services, direct proximity to the ski slopes and the Bergers shopping center (500m). Its privileged location on",https://www.sno.co.uk/ski-holidays/chalet-chalet-1860_21986/,Sno,site-sno,5,chalets/images/sno-chalet-chalet-1860/,2026-10-06,"Sno: no 20 Mar 2027 departure listed; price range = Sno dates priced for 12 sharing from AO; operator not named on Sno (image code wlc); Chalets de l Altiport development, Bergers district, 10m from Altiport slope, 550m Marmotte 1 lift; 178 m2; wood fireplace; self-catered, no flights/transfers; 20 Mar week not offered on Sno"
sno-chalet-nightingale,Chalet Nightingale,unknown (sold via Sno),Alpe d'Huez,Alpe d'Huez Grand Domaine,France,6,7,3,,chalet,catered,Welcome vin chaud; Hearty continental breakfast (7 days); Hot breakfast options provided by hosts (5 days); Homemade afternoon tea and cake (6 days); Delicious three-course evening menu (5 days); Two-course Alpine speciality (1 day); A selection of hand-picked silver level wines (6 days); Hearty set,private (location not stated),yes,"Sauna / Steam room, Room With Cots, In resort centre, Hot tub, Heated boot warmers, Free WiFi, All rooms en suite",270,unknown,unknown,,per-person,GBP,season-range,1699,1749,,"package via Sno: Accommodation, Catered, Flights Included, Transfers",unknown,,,"With three en suite bedrooms, glowing wood finishes, a hot tub and sauna, and a superb location near the lifts, this chalet delivers big charm for a small group. Chalet Nightingale is a stylish Alpine retreat perfect for families or",https://www.sno.co.uk/ski-holidays/chalet-nightingale_21388/,Sno,site-sno,5,chalets/images/sno-chalet-nightingale/,2026-10-06,"Sno: no 20 Mar 2027 departure listed; price range = Sno dates priced for 6 sharing from Gatwick; operator not named on Sno (image code wlc); Avenue de l Eclose, 5 min walk to centre; 3 en suites; hot tub + sauna; priced 6 sharing; package incl Gatwick flights + transfers; 20 Mar departure not offered on Sno (neighbouring weeks listed) - possibly booked"
sno-chalet-ecureuil,Chalet Ecureuil,unknown (sold via Sno),Alpe d'Huez,Alpe d'Huez Grand Domaine,France,,12,5,,chalet,self-catered,,private-indoor,unknown,"General, Garage, Wood fireplace, Boots heater, Multimedia, Wifi, TV, Household appliances, Coffee machine, Microwave, Fridge, Kitchen exhaust hood, Kettle, Induction hobs, Dishwasher, Washing machine,",100,yes,Saturday,,per-person,GBP,season-range,618,1308,,"package via Sno: Accommodation, Self Catering, Without Flights",no,,,"Chalet Ecureuil is a spacious 195m² chalet. It can accommodate up to 8 people in its 5 bedrooms, one of which is specially designed for children. Each bedroom has a private bathroom or shower room. You'll appreciate the brightness of",https://www.sno.co.uk/ski-holidays/chalet-ecureuil_22238/,Sno,site-sno,5,chalets/images/sno-chalet-ecureuil/,2026-10-06,"Sno 20 Mar 2027: Sold Out; price range = Sno dates priced for 12 sharing from AO; operator not named on Sno (image code wlc); 195 m2 chalet on Bergers slope, 100m DMC/Signal lifts; description says up to 8 people in 5 bedrooms but Sno lists and prices sleeps 12; indoor jacuzzi; self-catered, no flights/transfers; 20 Mar sold out"
sno-chalet-bouquetin,Chalet Bouquetin,unknown (sold via Sno),Alpe d'Huez,Alpe d'Huez Grand Domaine,France,,14,,,chalet,self-catered,,private-indoor,yes,"General, Garage, Wood fireplace, Ski locker, Boots heater, Safe, Without elevator, Electric charging station (vehicle), Multimedia, Wifi, TV, Household appliances, Coffee machine, Microwave, Fridge, F",400,yes,unknown,,per-person,GBP,season-range,498,935,,"package via Sno: Accommodation, Self Catering, Without Flights",unknown,,,"Discover Chalet Bouquetin, an exceptional chalet in the heart of Alpe d'Huez, inviting you to a unique mountain experience. Spanning 232 sq.m over three levels, this wooden chalet combines traditional charm with modern comforts. On arrival, let yourself be enveloped",https://www.sno.co.uk/ski-holidays/chalet-bouquetin_22570/,Sno,site-sno,5,chalets/images/sno-chalet-bouquetin/,2026-10-06,"Sno: no 20 Mar 2027 departure listed; price range = Sno dates priced for 14 sharing from AO; operator not named on Sno (image code wlc); 232 m2 wooden chalet over 3 levels on Piste des Bergers; ground-floor wellness area with sauna + jacuzzi; self-catered, no flights/transfers; 20 Mar week not offered on Sno"
sno-chalet-edelweiss,Chalet Edelweiss,unknown (sold via Sno),Alpe d'Huez,Alpe d'Huez Grand Domaine,France,,15,,,chalet,self-catered,"Classic Contactless Catering Service; Your chalet will be ready on arrival - beds made, dinner ready and fridges stocked*, wine-cellars replenished, skis and lift passes all booked. But you won't see us. We'll be at the end of the phone, but there will be no contact, unless you need it. You and your",unknown,unknown,,,yes,Saturday,,per-person,GBP,season-range,600,1000,,"package via Sno: Accommodation, Self Catering, Without Flights",no,,,"Beautifully furnished, Chalet Edelweiss is decorated in the traditional Savoyarde style, with a large fireplace, wood and stone interior and deep colours giving the rooms a warm feel. There is plenty of space in all of the rooms, with a",https://www.sno.co.uk/ski-holidays/chalet-edelweiss_18632/,Sno,site-sno,5,chalets/images/sno-chalet-edelweiss/,2026-10-06,"Sno 20 Mar 2027: Sold Out; price range = Sno dates priced for 15 sharing from AO; operator not named on Sno (image code wlc); ski-in/out Savoyard chalet in a quiet hamlet higher up the mountain; sold self-catered with optional contactless catering service; self-catered, no flights/transfers; Mar weeks sold out"
sno-chalet-la-chapelle,Chalet La Chapelle,unknown (sold via Sno),Alpe d'Huez,Alpe d'Huez Grand Domaine,France,,14,7,,chalet,self-catered,"Premium Contactless Catering Service; Your chalet will be ready on arrival - beds made, dinner ready and fridges stocked*, wine-cellars replenished, skis and lift passes all booked. But you won't see us. We'll be at the end of the phone, but there will be no contact, unless you need it. We will visi",private-indoor,yes,,,unknown,Saturday,,per-person,GBP,season-range,589,1821,,"package via Sno: Accommodation, Self Catering, Without Flights",no,,,"La Chapelle is one of our largest chalets in Le Village, with seven comfortable en-suite bedrooms which can accommodate up to fourteen guests. The interior of the chalet is attractively finished, with stone and timber walls in fitting with classic",https://www.sno.co.uk/ski-holidays/chalet-la-chapelle_18748/,Sno,site-sno,5,chalets/images/sno-chalet-la-chapelle/,2026-10-06,"Sno 20 Mar 2027: Sold Out; price range = Sno dates priced for 14 sharing from AO; operator not named on Sno (image code wlc); one of five chalets in Le Village development by the Rond Point des pistes, Alpe d Huez; 7 en suites; indoor spa area with sauna + jacuzzi; self-catered with optional premium contactless catering service; no flights/transfers; 20 Mar sold out"
sno-chalet-loup,Chalet Loup,unknown (sold via Sno),Alpe d'Huez,Alpe d'Huez Grand Domaine,France,,14,,,chalet,self-catered,,private-indoor,unknown,"General, Wood fireplace, Ski locker, Parking space, Boots heater, Without elevator, Outdoor furniture, Multimedia, Wifi, TV, Fiber, Bluetooth or wifi speaker, Household appliances, Coffee machine, Mic",100,yes,unknown,,per-person,GBP,season-range,717,1246,,"package via Sno: Accommodation, Self Catering, Without Flights",unknown,,,"Chalet Loup, located in the resort of Alpe d'Huez, enjoys a dream location close to the resort center, with direct access to the vast ski area. It promises moments of relaxation and togetherness in the sunniest resort in the Alps.",https://www.sno.co.uk/ski-holidays/chalet-loup_21990/,Sno,site-sno,5,chalets/images/sno-chalet-loup/,2026-10-06,"Sno: no 20 Mar 2027 departure listed; price range = Sno dates priced for 14 sharing from AO; operator not named on Sno (image code wlc); 10m from Jeux slope, 100m Jeux lift, 700m centre; indoor jacuzzi; wood fireplace; self-catered, no flights/transfers; 20 Mar week not offered on Sno (27 Mar sold out)"
sno-chalet-sophie,Chalet Sophie,unknown (sold via Sno),Alpe d'Huez,Alpe d'Huez Grand Domaine,France,,12,,,chalet,self-catered,"Classic Contactless Catering Service; Your chalet will be ready on arrival - beds made, dinner ready and fridges stocked*, wine-cellars replenished, skis and lift passes all booked. But you won't see us. We'll be at the end of the phone, but there will be no contact, unless you need it. You and your",unknown,unknown,,,yes,Saturday,1130,per-person,GBP,exact-week,700,1700,,"package via Sno: Accommodation, Self Catering, Without Flights",yes,,,"Beautifully furnished, Chalet Sophie is decorated in the traditional Savoyard style, with a large fireplace, wood and stone interior and deep colours giving the rooms a warm feel. There is plenty of space in all of the rooms, with a",https://www.sno.co.uk/ski-holidays/chalet-sophie_18630/,Sno,site-sno,5,chalets/images/sno-chalet-sophie/,2026-10-06,Sno 20 Mar 2027: £1130pp with 10 sharing from AO; price range = Sno dates priced for 10 sharing from AO; operator not named on Sno (image code wlc); ski-in/out Savoyard chalet in the Altiport hamlet above resort (same operator as Chalet Edelweiss); self-catered with optional contactless catering service; no flights/transfers; priced 10 sharing
sno-chalet-torino,Chalet Torino,unknown (sold via Sno),Alpe d'Huez,Alpe d'Huez Grand Domaine,France,,12,,,chalet,self-catered,,private-outdoor,unknown,"General, Elevator, Garage, Wood fireplace, Ski locker, Parking space, Boots heater, Outdoor furniture, Electric charging station (vehicle), Multimedia, Wifi, TV, International channels, Karaoke, Speak",500,yes,unknown,,per-person,GBP,season-range,545,727,,"package via Sno: Accommodation, Self Catering, Without Flights",unknown,,,"Les Coteaux de L'Altiport is located close to the Altiport green run, which takes customers up to the Berger shopping center, where there are 4 lifts, including the main one, Marmottes 1. Conditions permitting, the chalet is accessible on skis.",https://www.sno.co.uk/ski-holidays/chalet-torino_22308/,Sno,site-sno,5,chalets/images/sno-chalet-torino/,2026-10-06,"Sno: no 20 Mar 2027 departure listed; price range = Sno dates priced for 12 sharing from AO; operator not named on Sno (image code wlc); Les Coteaux de l Altiport, on Altiport green run, 500m Marmottes 1; south terrace with jacuzzi; lift, garage, wood fireplace, karaoke; self-catered, no flights/transfers; 20 Mar week not offered on Sno"
sno-chalet-les-anemones,Chalet Les Anemones,unknown (sold via Sno),Les 2 Alpes,Les 2 Alpes,France,,14,7,,chalet,catered,Welcome vin chaud; Hearty continental breakfast (7 days); Hot breakfast options provided by hosts (5 days); Homemade afternoon tea and cake (6 days); Delicious three-course evening menu (5 days); Two-course Alpine speciality (1 day); A selection of hand-picked silver level wines (6 days); Hearty set,none,yes,"Sauna / Steam room, Room With Cots, Heated boot warmers, Free WiFi, Close to piste, All rooms en suite",100,unknown,Saturday,,per-person,GBP,season-range,1179,1179,,"package via Sno: Accommodation, Catered, Flights Included, Transfers",no,,,"Spacious, stylish and sunny - Chalet Les Anemones is the perfect group base with a big lounge, bright terrace, sauna, and en-suite rooms for all. Chalet Les Anemones is a bright and spacious 4-star chalet in a peaceful Les Deux",https://www.sno.co.uk/ski-holidays/chalet-les-anemones_21118/,Sno,site-sno,5,chalets/images/sno-chalet-les-anemones/,2026-10-06,"Sno 20 Mar 2027: Sold Out; price range = Sno dates priced for 2 sharing from Gatwick; operator not named on Sno (image code wlc); 4-star chalet in calm area 700m from centre, 100m piste linking Petite Aiguille/Cote chairs; sauna, all en suite, no hot tub listed; Sno only priced 2 sharing; package incl Gatwick flights + transfers; 20 Mar sold out"
sno-chalet-les-rouses,Chalet Les Rouses,unknown (sold via Sno),Les 2 Alpes,Les 2 Alpes,France,,15,8,,chalet,catered,Welcome vin chaud; Hearty continental breakfast (7 days); Hot breakfast options provided by hosts (5 days); Homemade afternoon tea and cake (6 days); Delicious three-course evening menu (5 days); Two-course Alpine speciality (1 day); A selection of hand-picked silver level wines (6 days); Hearty set,none,yes,"Sauna / Steam room, Room With Cots, In resort centre, Free WiFi, Close to Ski School, Close to piste, All rooms en suite",200,unknown,Saturday,1429,per-person,GBP,exact-week,,,,"package via Sno: Accommodation, Catered, Flights Included, Transfers",yes,,,"A rare chalet with unbeatable central location, en-suite bedrooms, spacious living and dining areas, and its very own sauna in Les Deux Alpes. Chalet Les Rouses offers the perfect blend of traditional Alpine charm and modern comforts. With all bedrooms",https://www.sno.co.uk/ski-holidays/chalet-les-rouses_11275/,Sno,site-sno,5,chalets/images/sno-chalet-les-rouses/,2026-10-06,"Sno 20 Mar 2027: £1429pp with 1 sharing from Gatwick; price range = Sno dates priced for 1 sharing from Gatwick; operator not named on Sno (image code wlc); central, just off high street on Pied Moutet side; own sauna, all en suite, no hot tub listed; Sno only priced 1 sharing (per-bed; erratic range up to 18135, omitted); package incl Gatwick flights + transfers"
sno-chalet-chamois-volant,Chalet Chamois Volant,unknown (sold via Sno),Les 2 Alpes,Les 2 Alpes,France,14,15,7,,chalet,catered,Welcome vin chaud; Hearty continental breakfast (7 days); Hot breakfast options provided by hosts (5 days); Homemade afternoon tea and cake (6 days); Delicious three-course evening menu (5 days); Two-course Alpine speciality (1 day); A selection of hand-picked silver level wines (6 days); Hearty set,private-outdoor,no,"Room With Cots, Hot tub, Heated boot warmers, Free WiFi, All rooms en suite",250,unknown,Saturday,1469,per-person,GBP,exact-week,,,,"package via Sno: Accommodation, Catered, Flights Included, Transfers",yes,,,"Blending traditional charm with contemporary comforts, Chamois Volant is a five-star chalet just steps from the slopes - ideal for families and groups. Chalet Chamois Volant is a standout property that combines authentic Alpine character with high-end features. Set over",https://www.sno.co.uk/ski-holidays/chalet-chamois-volant_11273/,Sno,site-sno,5,chalets/images/sno-chalet-chamois-volant/,2026-10-06,"Sno 20 Mar 2027: £1469pp with 2 sharing from Gatwick; price range = Sno dates priced for 2 sharing from Gatwick; operator not named on Sno (image code wlc); 5-star chalet 230m Diable chairlift; balcony hot tub, wood-burning stove; all en suite; Sno only priced 2 sharing (erratic range up to 8903, omitted); package incl Gatwick flights + transfers"
sno-chalet-gorges,Chalet Gorges,unknown (sold via Sno),Les 2 Alpes,Les 2 Alpes,France,,6,3,,apartment,catered,Welcome vin chaud; Hearty continental breakfast (7 days); Hot breakfast options provided by hosts (5 days); Homemade afternoon tea and cake (6 days); Delicious three-course evening menu (5 days); Two-course Alpine speciality (1 day); A selection of hand-picked silver level wines (6 days); Hearty set,none,no,"Free WiFi, All rooms with private facilities",330,unknown,Saturday,1399,per-person,GBP,exact-week,1289,2189,,"package via Sno: Accommodation, Catered, Flights Included, Transfers",yes,,,"Chalet Gorges offers unbeatable views, a sunny south-facing terrace, and all en-suite rooms - just 330m from the Diable chairlift. Chalet Gorges is a well-furnished ground-floor chalet apartment in Les Deux Alpes, offering cosy alpine charm with a modern touch.",https://www.sno.co.uk/ski-holidays/chalet-gorges_13075/,Sno,site-sno,5,chalets/images/sno-chalet-gorges/,2026-10-06,"Sno 20 Mar 2027: £1399pp with 6 sharing from Gatwick; price range = Sno dates priced for 6 sharing from Gatwick; operator not named on Sno (image code wlc); ground-floor chalet apartment 330m Diable chairlift, south terrace; no hot tub listed; priced 6 sharing; package incl Gatwick flights + transfers"
sno-chalet-neve-reberty-2000,Chalet Névé,unknown (sold via Sno),Les Menuires: Reberty 2000,Les 3 Vallées,France,,9,,,chalet,catered,"Cooked and continental breakfasts; Afternoon tea on your return from the slopes; Pre-dinner apéritif and canapés; 3-course dinners with complimentary wine; What's included in Catered Ski Chalet; You can expect some wonderful cuisine in our catered ski chalets, where you’ll never have to lift a finge",private-outdoor,no,,,unknown,unknown,,per-person,GBP,season-range,1149,1389,,"package via Sno: Accommodation, Catered, Flights Included, Transfers",unknown,,,Chalet Névé is a pretty traditionally styled chalet set beside a blue piste for a true ski-in ski-out experience. Open the door of the boot room and you’re right next to the slopes! The Les Boyes piste runs past the,https://www.sno.co.uk/ski-holidays/chalet-n-v_18973/,Sno,site-sno,5,chalets/images/sno-chalet-neve-reberty-2000/,2026-10-06,Sno: no 20 Mar 2027 departure listed; price range = Sno dates priced for 2 sharing from Heathrow; operator not named on Sno (image code wlc); hot tub: The chalet also features a hot tub and a balcony where you can enjoy views of the wonderful mountain sunsets
sno-chalet-eva,Chalet Eva,unknown (sold via Sno),Les Menuires: Reberty 2000,Les 3 Vallées,France,,15,,,chalet,catered,"Good food and drink are essential parts of any skiing holiday.; More so when you’ll be enjoying our traditional full-service chalet cuisine and wines.; We offer delicious cuisine and wines on 6 nights for adults, whilst child catering is for 7 evenings.; We believe that going on a ski holiday with c",private-outdoor,no,,,unknown,Saturday,,per-person,GBP,season-range,1399,2329,,"package via Sno: Accommodation, Catered, Flights Included, Transfers",no,,,"NB: This is a ""family"" chalet, so all bookings must include at least one child or teenager. Chalet Eva offers spacious accommodation and a variety of room choices. The airy playroom is a real feature of this charming chalet and",https://www.sno.co.uk/ski-holidays/chalet-eva_15583/,Sno,site-sno,5,chalets/images/sno-chalet-eva/,2026-10-06,Sno 20 Mar 2027: Sold Out; price range = Sno dates priced for 2 sharing from Gatwick; operator not named on Sno (image code wlc); family chalet: bookings must include at least one child/teen; hot tub: Outdoor hot tub on its large sunny terrace
sno-chalet-le-corbeau,Chalet Le Corbeau,unknown (sold via Sno),Les Menuires: Les Bruyères,Les 3 Vallées,France,,15,,,chalet,catered,"Good food and drink are essential parts of any skiing holiday.; More so when you’ll be enjoying our traditional full-service chalet cuisine and wines.; We offer delicious cuisine and wines on 6 nights for adults, whilst child catering is for 7 evenings.; We believe that going on a ski holiday with c",private-outdoor,yes,,,unknown,Saturday,,per-person,GBP,season-range,1509,2569,,"package via Sno: Accommodation, Catered, Flights Included, Transfers",no,,,"NB: This is a ""family"" chalet, so all bookings must include at least one child or teenager. This lovely and cleverly designed chalet offers families a contemporary and stylish base for their Les 3 Vallées skiing holiday. Few properties can",https://www.sno.co.uk/ski-holidays/chalet-le-corbeau_16378/,Sno,site-sno,5,chalets/images/sno-chalet-le-corbeau/,2026-10-06,Sno 20 Mar 2027: Sold Out; price range = Sno dates priced for 2 sharing from Gatwick; operator not named on Sno (image code wlc); family chalet: bookings must include at least one child/teen; hot tub: Few properties can rival the superb location and amazing facilities …with the exception of our other Les Bruyères chalet
sno-chalet-chamois,Chalet Chamois,unknown (sold via Sno),Les Menuires: Reberty 2000,Les 3 Vallées,France,,15,,,chalet,catered,"Good food and drink are essential parts of any skiing holiday.; More so when you’ll be enjoying our traditional full-service chalet cuisine and wines.; We offer delicious cuisine and wines on 6 nights for adults, whilst child catering is for 7 evenings.; We believe that going on a ski holiday with c",private-outdoor,yes,,,unknown,Saturday,,per-person,GBP,season-range,1349,2429,,"package via Sno: Accommodation, Catered, Flights Included, Transfers",no,,,"NB: This is a ""family"" chalet, so all bookings must include at least one child or teenager. This chalet takes the prize for the closest to any skiing as it is right on the piste! The chalet benefits from a",https://www.sno.co.uk/ski-holidays/chalet-chamois_18739/,Sno,site-sno,5,chalets/images/sno-chalet-chamois/,2026-10-06,Sno 20 Mar 2027: Sold Out; price range = Sno dates priced for 2 sharing from Gatwick; operator not named on Sno (image code wlc); family chalet: bookings must include at least one child/teen; hot tub: The first floor has the spacious public areas with large windows overlooking the piste and mountain and a door onto the 
sno-chalet-sapin,Chalet Sapin,unknown (sold via Sno),Les Menuires: Reberty 2000,Les 3 Vallées,France,,11,,,chalet,catered,"Cooked and continental breakfasts; Afternoon tea on your return from the slopes; Pre-dinner apéritif and canapés; 3-course dinners with complimentary wine; What's included in Catered Ski Chalet; You can expect some wonderful cuisine in our catered ski chalets, where you’ll never have to lift a finge",private-outdoor,yes,,,unknown,Saturday,,per-person,GBP,season-range,1149,1899,,"package via Sno: Accommodation, Catered, Flights Included, Transfers",no,,,"Chalet Sapin is a modern, piste-side chalet sleeping up to 11 people. The chalet features a large living area with a central fireplace and the outdoor hot tub offers sensational views. Chalet Sapin is right on the slopes and guests",https://www.sno.co.uk/ski-holidays/chalet-sapin_18974/,Sno,site-sno,5,chalets/images/sno-chalet-sapin/,2026-10-06,Sno 20 Mar 2027: Sold Out; price range = Sno dates priced for 2 sharing from Heathrow; operator not named on Sno (image code wlc); hot tub: The chalet features a large living area with a central fireplace and the outdoor hot tub offers sensational views
sno-chalet-bramble,Chalet Bramble,unknown (sold via Sno),Les Menuires: Reberty 2000,Les 3 Vallées,France,,14,,,chalet,catered,"Good food and drink are essential parts of any skiing holiday.; More so when you’ll be enjoying our traditional full-service chalet cuisine and wines.; We offer delicious cuisine and wines on 6 nights for adults, whilst child catering is for 7 evenings.; We believe that going on a ski holiday with c",private-outdoor,yes,,,unknown,Saturday,,per-person,GBP,season-range,1399,2429,,"package via Sno: Accommodation, Catered, Flights Included, Transfers",no,,,"NB: This is a ""family"" chalet, so all bookings must include at least one child or teenager. Situated opposite the Katie chalets and next door to the Eva, Bramble boasts a high standard of bedrooms and shares a separate playroom",https://www.sno.co.uk/ski-holidays/chalet-bramble_18738/,Sno,site-sno,5,chalets/images/sno-chalet-bramble/,2026-10-06,"Sno 20 Mar 2027: Sold Out; price range = Sno dates priced for 2 sharing from Gatwick; operator not named on Sno (image code wlc); family chalet: bookings must include at least one child/teen; hot tub: There is a spacious lounge and dining room, a hot tub on the balcony and a sauna on the ground floor too"
sno-chalet-aigle,Chalet Aigle,unknown (sold via Sno),Les Menuires: Les Bruyères,Les 3 Vallées,France,,15,,,chalet,catered,"Good food and drink are essential parts of any skiing holiday.; More so when you’ll be enjoying our traditional full-service chalet cuisine and wines.; We offer delicious cuisine and wines on 6 nights for adults, whilst child catering is for 7 evenings.; We believe that going on a ski holiday with c",private-outdoor,yes,,,unknown,Saturday,,per-person,GBP,season-range,1569,2639,,"package via Sno: Accommodation, Catered, Flights Included, Transfers",no,,,"NB: This is a ""family"" chalet, so all bookings must include at least one child or teenager. Ski to and from the door of this stunning new luxury family chalet. Like its neighbour Chalet Faucon, Chalet Aigle has been designed",https://www.sno.co.uk/ski-holidays/chalet-aigle_16826/,Sno,site-sno,5,chalets/images/sno-chalet-aigle/,2026-10-06,"Sno 20 Mar 2027: Sold Out; price range = Sno dates priced for 2 sharing from Gatwick; operator not named on Sno (image code wlc); family chalet: bookings must include at least one child/teen; hot tub: Guests can look forward to using the cinema, hot tub, sauna and playroom, or simply relaxing in the large living area an"
sno-chalet-faucon,Chalet Faucon,unknown (sold via Sno),Les Menuires: Les Bruyères,Les 3 Vallées,France,,15,,,chalet,catered,"Good food and drink are essential parts of any skiing holiday.; More so when you’ll be enjoying our traditional full-service chalet cuisine and wines.; We offer delicious cuisine and wines on 6 nights for adults, whilst child catering is for 7 evenings.; We believe that going on a ski holiday with c",private-outdoor,no,,,unknown,Saturday,,per-person,GBP,season-range,1569,2639,,"package via Sno: Accommodation, Catered, Flights Included, Transfers",no,,,"NB: This is a ""family"" chalet, so all bookings must include at least one child or teenager. An impressive new ski in/out chalet which has been designed to our specifications and offers high quality family focussed accommodation right beside the",https://www.sno.co.uk/ski-holidays/chalet-faucon_16825/,Sno,site-sno,5,chalets/images/sno-chalet-faucon/,2026-10-06,Sno 20 Mar 2027: Sold Out; price range = Sno dates priced for 2 sharing from Gatwick; operator not named on Sno (image code wlc); family chalet: bookings must include at least one child/teen; hot tub: All families are accommodated in family suites (whereby parents and children have their own rooms behind one door) and y
sno-chalet-katie-2,Chalet Katie 2,unknown (sold via Sno),Les Menuires: Reberty 2000,Les 3 Vallées,France,12,13,,,chalet,catered,"Good food and drink are essential parts of any skiing holiday.; More so when you’ll be enjoying our traditional full-service chalet cuisine and wines.; We offer delicious cuisine and wines on 6 nights for adults, whilst child catering is for 7 evenings.; We believe that going on a ski holiday with c",private-outdoor,no,,,unknown,Saturday,,per-person,GBP,season-range,1349,2429,,"package via Sno: Accommodation, Catered, Flights Included, Transfers",no,,,"NB: This is a ""family"" chalet, so all bookings must include at least one child or teenager. Our Katie chalets situated in a superb Les 3 Vallées location have always been extensively remodelled to suit the needs of families and",https://www.sno.co.uk/ski-holidays/chalet-katie-2_15585/,Sno,site-sno,5,chalets/images/sno-chalet-katie-2/,2026-10-06,Sno 20 Mar 2027: Sold Out; price range = Sno dates priced for 2 sharing from Gatwick; operator not named on Sno (image code wlc); family chalet: bookings must include at least one child/teen; hot tub: Both Katie chalets have individual hot tubs on their own sunny terraces
sno-chalet-aigrette,Chalet Aigrette,unknown (sold via Sno),Les Menuires: Les Bruyères,Les 3 Vallées,France,,15,,,chalet,catered,"Good food and drink are essential parts of any skiing holiday.; More so when you’ll be enjoying our traditional full-service chalet cuisine and wines.; We offer delicious cuisine and wines on 6 nights for adults, whilst child catering is for 7 evenings.; We believe that going on a ski holiday with c",private-outdoor,yes,,,unknown,Saturday,,per-person,GBP,season-range,1509,2049,,"package via Sno: Accommodation, Catered, Flights Included, Transfers",no,,,"NB: This is a ""family"" chalet, so all bookings must include at least one child or teenager. This lovely chalet is set in a breathtaking location and offers an excellent range of facilities. The interiors are of a very high",https://www.sno.co.uk/ski-holidays/chalet-aigrette_16379/,Sno,site-sno,5,chalets/images/sno-chalet-aigrette/,2026-10-06,"Sno 20 Mar 2027: Sold Out; price range = Sno dates priced for 2 sharing from Gatwick; operator not named on Sno (image code wlc); family chalet: bookings must include at least one child/teen; hot tub: There is a dedicated playroom, an outdoor hot tub with stunning views, sauna, together with the unique addition of its o"
sno-chalet-hotel-cocon-des-neiges,Chalet Hotel Cocon des Neiges,unknown (sold via Sno),Les Menuires: Les Bruyères,Les 3 Vallées,France,,94,,,chalet-hotel,catered,"Good food and drink are essential parts of any skiing holiday.; More so when you’ll be enjoying our traditional full-service chalet cuisine and wines.; We offer delicious cuisine and wines on 6 nights for adults, whilst child catering is for 7 evenings.; We believe that going on a ski holiday with c",none,no,,,unknown,Saturday,1919,per-person,GBP,exact-week,1399,2469,,"package via Sno: Accommodation, Catered, Flights Included, Transfers",yes,,,"NB: This is a ""family"" chalet, so all bookings must include at least one child or teenager. Set in the beating heart of Les 3 Vallées, the largest ski area in the world with skiing up to 3,230m, Les Bruyères",https://www.sno.co.uk/ski-holidays/chalet-hotel-cocon-des-neiges_19650/,Sno,site-sno,5,chalets/images/sno-chalet-hotel-cocon-des-neiges/,2026-10-06,Sno 20 Mar 2027: £1919pp with 2 sharing from Gatwick; price range = Sno dates priced for 2 sharing from Gatwick; operator not named on Sno (image code wlc); family chalet: bookings must include at least one child/teen
sno-chalet-katie-1,Chalet Katie 1,unknown (sold via Sno),Les Menuires: Reberty 2000,Les 3 Vallées,France,12,13,,,chalet,catered,"Good food and drink are essential parts of any skiing holiday.; More so when you’ll be enjoying our traditional full-service chalet cuisine and wines.; We offer delicious cuisine and wines on 6 nights for adults, whilst child catering is for 7 evenings.; We believe that going on a ski holiday with c",private-outdoor,no,"Terrace hot tub with stunning views, Less than a minute walk to the slopes and ski school meeting point, 2 x family suite, 1 x double and 1 x twin, All rooms en-suite with bath or shower and wc, Exten",,unknown,Saturday,,per-person,GBP,season-range,1349,1749,,"package via Sno: Accommodation, Catered, Flights Included, Transfers",no,,,"NB: This is a ""family"" chalet, so all bookings must include at least one child or teenager. Our Katie chalets situated in a superb Les 3 Vallées location have always been extensively remodelled to suit the needs of families and",https://www.sno.co.uk/ski-holidays/chalet-katie-1_15584/,Sno,site-sno,5,chalets/images/sno-chalet-katie-1/,2026-10-06,Sno 20 Mar 2027: Sold Out; price range = Sno dates priced for 2 sharing from Gatwick; operator not named on Sno (image code wlc); family chalet: bookings must include at least one child/teen; hot tub: Both Katie chalets have individual hot tubs on their own sunny terraces
wens-le-panicaut,,,,,,,,,,,,,,,,,,,,,,,,,,,,,,,,Sno,site-sno,,,2026-10-06,"Sno 20 Mar 2027: £990pp with 10 sharing, accommodation + catering only (no flights; Sno 'Without Flights' package); Sno page https://www.sno.co.uk/ski-holidays/chalet-le-panicaut_18911/"
wens-in-the-clouds,,,,,,,,,,,,,,,,,,,,,,,,,,,,,,,,Sno,site-sno,,,2026-10-06,Sno 20 Mar 2027: Sold Out; Sno page https://www.sno.co.uk/ski-holidays/chalet-in-the-clouds_18910/
sno-chalet-verseau,Chalet Verseau,unknown (sold via Sno),Val Thorens,Les 3 Vallées,France,,6,3,,chalet,catered,Welcome vin chaud; Hearty continental breakfast (7 days); Hot breakfast options provided by hosts (5 days); Homemade afternoon tea and cake (6 days); Delicious three-course evening menu (5 days); Two-course Alpine speciality (1 day); A selection of hand-picked silver level wines (6 days); Hearty set,none,yes,"Sauna / Steam room, Heated boot warmers, Free WiFi, Close to Ski School, Close to piste, All rooms with private facilities",200,unknown,Saturday,1729,per-person,GBP,exact-week,1119,2529,,"package via Sno: Accommodation, Catered, Flights Included, Transfers",yes,,,"A top-value ski base with private bathrooms, free wellness access, and doorstep slope access - Chalet Verseau keeps things simple, stylish, and seriously convenient. Chalet Verseau blends classic alpine charm with smart modern comfort. Located in the Altitude Val 2400",https://www.sno.co.uk/ski-holidays/chalet-verseau_11328/,Sno,site-sno,5,chalets/images/sno-chalet-verseau/,2026-10-06,"Sno 20 Mar 2027: £1729pp with 2 sharing from Gatwick; price range = Sno dates priced for 2 sharing from Gatwick; operator not named on Sno (image code wlc); sauna = residence/complex shared wellness (sauna, steam), not private (pass2: verify per chalet)"
sno-chalet-libra,Chalet Libra,unknown (sold via Sno),Val Thorens,Les 3 Vallées,France,,6,3,,chalet,catered,Welcome vin chaud; Hearty continental breakfast (7 days); Hot breakfast options provided by hosts (5 days); Homemade afternoon tea and cake (6 days); Delicious three-course evening menu (5 days); Two-course Alpine speciality (1 day); A selection of hand-picked silver level wines (6 days); Hearty set,none,yes,"Sauna / Steam room, Heated boot warmers, Free WiFi, Close to piste, All rooms with private facilities",200,unknown,Saturday,,per-person,GBP,season-range,1119,6147,,"package via Sno: Accommodation, Catered, Flights Included, Transfers",no,,,"A warm, home-from-home chalet with easy access to the piste, private bathrooms, ski hire on-site, and access to sauna and steam room facilities - perfect for a relaxing break in Val Thorens. Chalet Libra is a snug and welcoming chalet-apartment",https://www.sno.co.uk/ski-holidays/chalet-libra_15465/,Sno,site-sno,5,chalets/images/sno-chalet-libra/,2026-10-06,"Sno 20 Mar 2027: Sold Out; price range = Sno dates priced for 2 sharing from Gatwick; operator not named on Sno (image code wlc); sauna = residence/complex shared wellness (sauna, steam), not private (pass2: verify per chalet)"
sno-chalet-orion,Chalet Orion,unknown (sold via Sno),Val Thorens,Les 3 Vallées,France,,6,,,chalet,self-catered,Self Catering,none,yes,,,unknown,Saturday,,per-person,GBP,season-range,833,1166,,"package via Sno: Accommodation, Self Catering, Flights Included, Transfers",no,,,"Chalet Orion is our smallest chalet in Val Thorens and indeed the whole of the Belleville valley. Val Thorens chalets are rarely stand-alone, and even less so are they are ski-in, ski-out. If it’s a good location you’re after, our",https://www.sno.co.uk/ski-holidays/chalet-orion_19696/,Sno,site-sno,5,chalets/images/sno-chalet-orion/,2026-10-06,"Sno 20 Mar 2027: Sold Out; price range = Sno dates priced for 6 sharing from Heathrow; operator not named on Sno (image code wlc); sauna = residence/complex shared wellness (sauna, steam), not private (pass2: verify per chalet)"
sno-chalet-sagittaire,Chalet Sagittaire,unknown (sold via Sno),Val Thorens,Les 3 Vallées,France,8,9,4,,chalet,catered,Welcome vin chaud; Hearty continental breakfast (7 days); Hot breakfast options provided by hosts (5 days); Homemade afternoon tea and cake (6 days); Delicious three-course evening menu (5 days); Two-course Alpine speciality (1 day); A selection of hand-picked silver level wines (6 days); Hearty set,none,yes,"Sauna / Steam room, Heated boot warmers, Free WiFi, Close to piste, All rooms with private facilities",200,unknown,Saturday,1530,per-person,GBP,exact-week,1456,2280,,"package via Sno: Accommodation, Catered, Flights Included, Transfers",yes,,,"A great-value chalet with all rooms with private facilities, access to the spa area, and a sunny balcony just 200m from the pistes in snow-sure Val Thorens. Chalet Sagittaire is a traditional-style chalet apartment in the Altitude Val 2400 Residence,",https://www.sno.co.uk/ski-holidays/chalet-sagittaire_11344/,Sno,site-sno,5,chalets/images/sno-chalet-sagittaire/,2026-10-06,"Sno 20 Mar 2027: £1530pp with 3 sharing from Gatwick; price range = Sno dates priced for 3 sharing from Gatwick; operator not named on Sno (image code wlc); sauna = residence/complex shared wellness (sauna, steam), not private (pass2: verify per chalet)"
sno-chalet-noella,Chalet Noella,unknown (sold via Sno),Val Thorens,Les 3 Vallées,France,,8,,,chalet,catered,"Our catered chalets mean there is no need to worry about a shopping trip whilst on holiday, as you will be looked after by us from arrival right to departure.; Staff night off is once a week when there is no afternoon tea or dinner, so on this day you can explore the local restaurants in Val Thorens",none,yes,"After a long day on the slopes, guests of the property are able to relax and rejuvenate in the wellness area, which includes a sauna and steam room., Sun terrace with fantastic views, Wellness spa wit",,unknown,Saturday,1829,per-person,GBP,exact-week,1279,2109,,"package via Sno: Accommodation, Catered, Flights Included, Transfers",yes,,,Chalet Noella is one of three chalets in a small residence at the entrance to the Balcons area of Val Thorens. The building is shared exclusively with Chalets Mathilde and Chloe. The entrance is on the top floor and a,https://www.sno.co.uk/ski-holidays/chalet-noella_18617/,Sno,site-sno,5,chalets/images/sno-chalet-noella/,2026-10-06,"Sno 20 Mar 2027: £1829pp with 2 sharing from Gatwick; price range = Sno dates priced for 2 sharing from Gatwick; operator not named on Sno (image code wlc); sauna = residence/complex shared wellness (sauna, steam), not private (pass2: verify per chalet)"
sno-chalet-mathilde,Chalet Mathilde,unknown (sold via Sno),Val Thorens,Les 3 Vallées,France,,8,,,chalet,catered,"Our catered chalets mean there is no need to worry about a shopping trip whilst on holiday, as you will be looked after by us from arrival right to departure.; Staff night off is once a week when there is no afternoon tea or dinner, so on this day you can explore the local restaurants in Val Thorens",none,yes,"After a day on the slopes, take advantage of the shared wellness area. Give your ski legs a break and relax in the sauna or steam-room, available for all guests within the residence., Sun terrace with",,unknown,Saturday,1879,per-person,GBP,exact-week,1529,2149,,"package via Sno: Accommodation, Catered, Flights Included, Transfers",yes,,,Chalet Mathilde is one of three chalets in a small residence at the entrance to the Balcons area of Val Thorens. The building is shared exclusively with Chalets Chloe and Noella. The entrance is on the top floor and a,https://www.sno.co.uk/ski-holidays/chalet-mathilde_18615/,Sno,site-sno,5,chalets/images/sno-chalet-mathilde/,2026-10-06,"Sno 20 Mar 2027: £1879pp with 2 sharing from Gatwick; price range = Sno dates priced for 2 sharing from Gatwick; operator not named on Sno (image code wlc); sauna = residence/complex shared wellness (sauna, steam), not private (pass2: verify per chalet)"
sno-chalet-chloe,Chalet Chloe,unknown (sold via Sno),Val Thorens,Les 3 Vallées,France,8,10,,,chalet,catered,"Our catered chalets mean there is no need to worry about a shopping trip whilst on holiday, as you will be looked after by us from arrival right to departure.; Staff night off is once a week when there is no afternoon tea or dinner, so on this day you can explore the local restaurants in Val Thorens",none,yes,"After a long day on the slopes, relax and rejuvenate in the wellness area including a sauna and steam room that is shared between guests in the residence., Sun terrace with fantastic views, Wellness s",,unknown,Saturday,,per-person,GBP,season-range,1779,1879,,"package via Sno: Accommodation, Catered, Flights Included, Transfers",no,,,Chalet Chloe is one of three chalets in a small residence at the entrance to the Balcons area of Val Thorens. The building is shared exclusively with Chalets Mathilde and Noella. The entrance is on the top floor and a,https://www.sno.co.uk/ski-holidays/chalet-chloe_18616/,Sno,site-sno,5,chalets/images/sno-chalet-chloe/,2026-10-06,"Sno 20 Mar 2027: Sold Out; price range = Sno dates priced for 2 sharing from Gatwick; operator not named on Sno (image code wlc); sauna = residence/complex shared wellness (sauna, steam), not private (pass2: verify per chalet)"
sno-chalet-capricorne,Chalet Capricorne,unknown (sold via Sno),Val Thorens,Les 3 Vallées,France,8,9,4,,chalet,catered,Welcome vin chaud; Hearty continental breakfast (7 days); Hot breakfast options provided by hosts (5 days); Homemade afternoon tea and cake (6 days); Delicious three-course evening menu (5 days); Two-course Alpine speciality (1 day); A selection of hand-picked silver level wines (6 days); Hearty set,none,yes,"Sauna / Steam room, Heated boot warmers, Free WiFi, Close to piste, All rooms with private facilities",200,unknown,Saturday,1530,per-person,GBP,exact-week,1456,5464,,"package via Sno: Accommodation, Catered, Flights Included, Transfers",yes,,,"Spacious, cosy and brilliantly located near the slopes, Chalet Capricorne offers great value and a private bathroom for every guest - no queues, no stress. Chalet Capricorne is a smart choice for families or small groups looking for mountain charm,",https://www.sno.co.uk/ski-holidays/chalet-capricorne_11314/,Sno,site-sno,5,chalets/images/sno-chalet-capricorne/,2026-10-06,"Sno 20 Mar 2027: £1530pp with 3 sharing from Gatwick; price range = Sno dates priced for 3 sharing from Gatwick; operator not named on Sno (image code wlc); sauna = residence/complex shared wellness (sauna, steam), not private (pass2: verify per chalet)"
sno-chalet-pegase,Chalet Pégase,unknown (sold via Sno),Val Thorens,Les 3 Vallées,France,,12,,,chalet,self-catered,Self Catering,none,no,,,unknown,Saturday,,per-person,GBP,season-range,833,999,,"package via Sno: Accommodation, Self Catering, Flights Included, Transfers",no,,,"Stand-alone chalets are a rarity in Val Thorens and even more so when they are ski-in, ski-out. If it’s a good location you’re after, then Chalet Pégase and Chalet Orion are both housed in Chalet Alrock, situated on piste, next",https://www.sno.co.uk/ski-holidays/chalet-p-gase_19568/,Sno,site-sno,5,chalets/images/sno-chalet-pegase/,2026-10-06,Sno 20 Mar 2027: Sold Out; price range = Sno dates priced for 12 sharing from Heathrow; operator not named on Sno (image code wlc)
sno-chalet-le-rabel,Chalet Le Rabel,unknown (sold via Sno),La Tania,Les 3 Vallées,France,,23,,,chalet,catered,"Chalet board:; cooked breakfast, afternoon tea and a 3-course evening meal with unlimited wine at dinner, coffee and mints 5 nights a week. Champagne reception with canapés on your first and last evenings, with canapés and locally made Methode Champenoise on every other catered evening. Cheeseboard ",none,no,"Sleeps 23, Private Catering, Log fireplace, Close to the ski lifts, Family rooms, Family friendly",,unknown,Sunday,1198,per-person,GBP,exact-week,1056,1583,,"package via Sno: Accommodation, Catered, Flights Included, Transfers",yes,,,"STYLISH AND POPULAR CHALET NEAR THE VILLAGE CENTRE FOR 23 GUESTS Owned by a charming local restaurateur, Chalet Le Rabel is a very stylish and popular chalet with comfortable bedrooms and attractive décor. The lounge area, finished with rustic wood",https://www.sno.co.uk/ski-holidays/chalet-le-rabel_13392/,Sno,site-sno,5,chalets/images/sno-chalet-le-rabel/,2026-10-06,Sno 20 Mar 2027: £1198pp with 2 sharing from Gatwick; price range = Sno dates priced for 2 sharing from Gatwick; operator not named on Sno (image code wlc)
sno-chalet-toubkal-2,Chalet Toubkal 2,unknown (sold via Sno),La Tania,Les 3 Vallées,France,,8,,,chalet,half-board,"Catered bookings; Catered stays include half-board catering. This comprises:; Breakfast; 5 days continental breakfast with hot option; 2 days self-service continental; Daily afternoon tea; including homemade cake or biscuits, fresh baguette and hot drinks; 3-course evening meal on 6 evenings*; House",none,yes,"Sleeps 8, 4 bedrooms, In La Tania 'Chalet Quarter' with piste access, Nearest lift 150m (via piste), Boot room with heated boot-warmers, Sauna Access, Ski-in / ski-out*",,unknown,Sunday,728,per-person,GBP,exact-week,680,885,,"package via Sno: Accommodation, Half Board, Without Flights",yes,,,"Chalet Toubkal 1 is one half of a spacious ski-in, ski-out* chalet located on the edge of the Moretta Blanche piste. Chalet Toubkal 2 is a spacious and modern catered ski chalet, accommodating fup to 8 guests. The chalet occupies",https://www.sno.co.uk/ski-holidays/chalet-toubkal-2_19055/,Sno,site-sno,5,chalets/images/sno-chalet-toubkal-2/,2026-10-06,Sno 20 Mar 2027: £728pp with 8 sharing from no flights (accommodation only); price range = Sno dates priced for 8 sharing from no flights (accommodation only); operator not named on Sno (image code wlc); sauna shared between Toubkal 1 and 2
sno-chalet-jardin-alpin,Chalet Jardin Alpin,unknown (sold via Sno),La Tania,Les 3 Vallées,France,,12,,,chalet,catered,"Our catered chalets mean there is no need to worry about a shopping trip whilst on holiday, as you will be looked after by us from arrival right to departure.; Staff night off is once a week when there is no afternoon tea or dinner, so on this day you can explore the local restaurants in La Tania. B",none,yes,"Sauna, Ski and boot room, Free Wi-Fi, Log fire, Terrace, Family facilities, Baby cots are available upon request, Children's menu and earlier meal times are available upon request, Children, 11 years ",,unknown,Saturday,,per-person,GBP,season-range,879,1728,,"package via Sno: Accommodation, Catered, Flights Included, Transfers",no,,,"Tucked away amongst the trees, Chalet Jardin Alpin offers you the perfect mix of peace, stunning scenery and easy slope access. If you’re a confident skier, you’re just a two-minute walk from the red Moretta Blanche piste. Or at the",https://www.sno.co.uk/ski-holidays/chalet-jardin-alpin_21570/,Sno,site-sno,5,chalets/images/sno-chalet-jardin-alpin/,2026-10-06,Sno 20 Mar 2027: Sold Out; price range = Sno dates priced for 2 sharing from Gatwick; operator not named on Sno (image code wlc)
sno-chalet-elliot-east,Chalet Elliot East,unknown (sold via Sno),La Tania,Les 3 Vallées,France,,8,,,chalet,self-catered,"Classic Contactless Catering Service; Your chalet will be ready on arrival - beds made, dinner ready and fridges stocked*, wine-cellars replenished, skis and lift passes all booked. But you won't see us. We'll be at the end of the phone, but there will be no contact, unless you need it. You and your",private-outdoor,no,,,unknown,Saturday,,per-person,GBP,season-range,677,1200,,"package via Sno: Accommodation, Self Catering, Without Flights",no,,,"Constructed with reclaimed timbers taken from an old Russian farmhouse, Chalet Elliot East has a traditional cosy log cabin feel. Located in the picturesque setting of the forest of La Tania and with exposed wood beams, pine clad finish, plus",https://www.sno.co.uk/ski-holidays/chalet-elliot-east_18643/,Sno,site-sno,5,chalets/images/sno-chalet-elliot-east/,2026-10-06,Sno 20 Mar 2027: Sold Out; price range = Sno dates priced for 8 sharing from no flights (accommodation only); operator not named on Sno (image code wlc); hot tub: On the private terrace you will find a bubbling hot tub to soak away any aches and pains after a tough day on the slopes
sno-chalet-elliot-west,Chalet Elliot West,unknown (sold via Sno),La Tania,Les 3 Vallées,France,,10,,,chalet,self-catered,"Classic Contactless Catering Service; Your chalet will be ready on arrival - beds made, dinner ready and fridges stocked*, wine-cellars replenished, skis and lift passes all booked. But you won't see us. We'll be at the end of the phone, but there will be no contact, unless you need it. You and your",private-outdoor,no,,,unknown,Saturday,,per-person,GBP,season-range,486,833,,"package via Sno: Accommodation, Self Catering, Without Flights",no,,,"Constructed with reclaimed timbers taken from an Old Russian farmhouse, Chalet Elliot West has a traditional cosy log cabin feel. Located in the picturesque setting of the forest of La Tania and with exposed wood beams, pine clad finish, plus",https://www.sno.co.uk/ski-holidays/chalet-elliot-west_18644/,Sno,site-sno,5,chalets/images/sno-chalet-elliot-west/,2026-10-06,Sno 20 Mar 2027: Sold Out; price range = Sno dates priced for 10 sharing from no flights (accommodation only); operator not named on Sno (image code wlc); hot tub: On the private terrace you will find a bubbling hot tub to soak away any aches and pains after a tough day on the slopes
sno-chalet-serenia,Chalet Serenia,unknown (sold via Sno),La Tania,Les 3 Vallées,France,,6,,,chalet,catered,"Chalet board:; cooked breakfast, afternoon tea and a 3-course evening meal with unlimited wine at dinner, coffee and mints 5 nights a week. Champagne reception with canapés on your first and last evenings, with canapés and locally made Methode Champenoise on every other catered evening. Cheeseboard ",none,no,"Sleeps 6, Private Catering, Log fireplace, Close to the ski lifts, Classic chalet style, Large lounge and dining area",,unknown,Sunday,,per-person,GBP,season-range,1420,1858,,"package via Sno: Accommodation, Catered, Flights Included, Transfers",no,,,Serenia is a private chalet for 6 guests in a fantastic location just minutes from the village centre. We've been searching for top quality chalets for smaller groups in La Tania for a while now - then a local partner,https://www.sno.co.uk/ski-holidays/chalet-serenia_22904/,Sno,site-sno,5,chalets/images/sno-chalet-serenia/,2026-10-06,Sno 20 Mar 2027: Sold Out; price range = Sno dates priced for 2 sharing from Gatwick; operator not named on Sno (image code wlc)
sno-chalet-michele,Chalet Michèle,unknown (sold via Sno),La Tania,Les 3 Vallées,France,,8,,,chalet,catered,"Chalet board:; cooked breakfast, afternoon tea and a 3-course evening meal with unlimited wine at dinner, coffee and mints 5 nights a week. Champagne reception with canapés on your first and last evenings, with canapés and locally made Methode Champenoise on every other catered evening. Cheeseboard ",none,yes,"Sleeps 8, Private Catering, Log fireplace, Sauna, Close to the ski lifts, Detached chalet",,unknown,Sunday,1378,per-person,GBP,exact-week,1214,2731,,"package via Sno: Accommodation, Catered, Flights Included, Transfers",yes,,,CHALET BY THE PISTE FOR 8 GUESTS - TOTALLY REFURBISHED FOR DECEMBER 2023 Michèle has had a complete overhaul and is now a superb chalet for 8 guests nestling in the forest right next to the main slope in Courchevel,https://www.sno.co.uk/ski-holidays/chalet-mich-le_13391/,Sno,site-sno,5,chalets/images/sno-chalet-michele/,2026-10-06,Sno 20 Mar 2027: £1378pp with 2 sharing from Gatwick; price range = Sno dates priced for 2 sharing from Gatwick; operator not named on Sno (image code wlc)
sno-chalet-petit-marmau,Chalet Petit Marmau,unknown (sold via Sno),La Tania,Les 3 Vallées,France,,4,,,chalet,catered,"Chalet board:; cooked breakfast, afternoon tea and a 3-course evening meal with unlimited wine at dinner, coffee and mints 5 nights a week. Champagne reception with canapés on your first and last evenings, with canapés and locally made Methode Champenoise on every other catered evening. Cheeseboard ",none,no,"Sleeps 4, Private Catering, Beautiful Alpine views, Close to the ski lifts, Detached chalet, Family friendly",,unknown,Sunday,1198,per-person,GBP,exact-week,1198,2333,,"package via Sno: Accommodation, Catered, Flights Included, Transfers",yes,,,DETACHED CHALET FOR 4 GUESTS NEAR THE VILLAGE CENTRE Petit MarMau (or Mini MarMau as it is nicknamed!) is a very rare private stand alone chalet for 4 guests in a fantastic location just minutes from the village centre. Privacy,https://www.sno.co.uk/ski-holidays/chalet-petit-marmau_15593/,Sno,site-sno,5,chalets/images/sno-chalet-petit-marmau/,2026-10-06,Sno 20 Mar 2027: £1198pp with 2 sharing from Gatwick; price range = Sno dates priced for 2 sharing from Gatwick; operator not named on Sno (image code wlc)
sno-chalet-de-mon-grand-pere,Chalet de mon Grand-Père,unknown (sold via Sno),La Tania,Les 3 Vallées,France,,,,,room,half-board,"Half Board; · Continental buffet breakfast (7.30am-10am) · hot breakfast option prepared by the host (8am-9am) · afternoon tea with cake, cookies or a sweet treat, fruit, tea and coffee (4pm-5pm) · 4-course set-menu evening meal with starter, main course, cheese and dessert on 6 nights of your stay ",shared,no,· shared lounge with fireplace · cinema room · outdoor hot tub on the balcony (4pm-10pm) · dedicated chalet host · English-speaking chalet coordinator contactable by WhatsApp · free Wi-Fi · ski room w,,unknown,Saturday,1256,per-person,GBP,exact-week,1256,2240,,"package via Sno: Accommodation, Half Board, Flights Included, Transfers",yes,,,"The adults-only Chalet de mon Grand-Père gives you that proper chalet-holiday feel – relaxed, sociable and easy. The stay itself is run by our trusted partner in La Tania, with a dedicated host to help you settle in from the",https://www.sno.co.uk/ski-holidays/chalet-de-mon-grand-p-re_22953/,Sno,site-sno,5,chalets/images/sno-chalet-de-mon-grand-pere/,2026-10-06,"Sno 20 Mar 2027: £1256pp with 2 sharing from Gatwick; price range = Sno dates priced for 2 sharing from Gatwick; operator not named on Sno (image code wlc); hot tub: There’s also a hot tub on the balcony where you can soak with a snowy backdrop; adults-only, sold by room with shared lounge/cinema/balcony hot tub (4pm-10pm) - shared with other guests; sleeps not stated; half board package"
sno-chalet-toubkal-1,Chalet Toubkal 1,unknown (sold via Sno),La Tania,Les 3 Vallées,France,,6,,,chalet,half-board,"Catered bookings; Catered stays include half-board catering. This comprises:; Breakfast; 5 days continental breakfast with hot option; 2 days self-service continental; Daily afternoon tea; including homemade cake or biscuits, fresh baguette and hot drinks; 3-course evening meal on 6 evenings*; House",none,yes,"Sleeps 6, 3 bedrooms, In La Tania 'Chalet Quarter' with piste access, Nearest lift 150m (via piste), Boot room with heated boot-warmers, Sauna Access, Ski-in / ski-out*",,unknown,Sunday,,per-person,GBP,season-range,432,885,,"package via Sno: Accommodation, Half Board, Without Flights",no,,,"Chalet Toubkal 1 is one half of a spacious ski-in, ski-out* chalet located on the edge of the Moretta Blanche piste. Welcome to Chalet Toubkal 1, a comfortable and modern 3-bedroom ski-in/ski-out* chalet offering a perfect base for a relaxed",https://www.sno.co.uk/ski-holidays/chalet-toubkal-1_19054/,Sno,site-sno,5,chalets/images/sno-chalet-toubkal-1/,2026-10-06,Sno 20 Mar 2027: Sold Out; price range = Sno dates priced for 6 sharing from no flights (accommodation only); operator not named on Sno (image code wlc); sauna shared between Toubkal 1 and 2
sno-chalet-le-corty,Chalet Le Corty,unknown (sold via Sno),La Tania,Les 3 Vallées,France,10,12,,,chalet,catered,"Chalet board:; cooked breakfast, afternoon tea and a 3-course evening meal with unlimited wine at dinner, coffee and mints 5 nights a week. Champagne reception with canapés on your first and last evenings, with canapés and locally made Methode Champenoise on every other catered evening. Cheeseboard ",none,no,"Sleeps 10-12, Private Catering, Log fireplace, Beautiful Alpine views, Close to the ski lifts, Media room",,unknown,Sunday,1406,per-person,GBP,exact-week,1406,1968,,"package via Sno: Accommodation, Catered, Flights Included, Transfers",yes,,,"Le Corty is a private, stand alone chalet for 10-12 guests in a fantastic location just 3 minutes from the village centre. The chalet's construction was started in Summer 2025 and all the major works are complete. Work on finishing",https://www.sno.co.uk/ski-holidays/chalet-le-corty_22903/,Sno,site-sno,5,chalets/images/sno-chalet-le-corty/,2026-10-06,Sno 20 Mar 2027: £1406pp with 2 sharing from Gatwick; price range = Sno dates priced for 2 sharing from Gatwick; operator not named on Sno (image code wlc)
sno-chalet-christine,Chalet Christine,unknown (sold via Sno),La Tania,Les 3 Vallées,France,17,20,,,chalet,half-board,"Catered bookings; Catered stays include half-board catering. This comprises:; Breakfast; 5 days continental breakfast with hot option; 2 days self-service continental; Daily afternoon tea; including homemade cake or biscuits, fresh baguette and hot drinks; 3-course evening meal on 6 evenings*; House",none,no,"Sleeps 17 (+3), 10 bedrooms, Close to the piste, Nearest lift 250m, Boot room, Parking",,unknown,Sunday,,per-person,GBP,season-range,379,763,,"package via Sno: Accommodation, Half Board, Without Flights",no,,,"A large and well-located chalet in La Tania, perfect for groups or families. Chalet Christine is a large and homely chalet, built in a traditional style. The property is split over four levels and offers 10 guest bedrooms, accommodating 17",https://www.sno.co.uk/ski-holidays/chalet-christine_19056/,Sno,site-sno,5,chalets/images/sno-chalet-christine/,2026-10-06,Sno 20 Mar 2027: Sold Out; price range = Sno dates priced for 20 sharing from no flights (accommodation only); operator not named on Sno (image code wlc)
sno-chalet-oursons,Chalet Oursons,unknown (sold via Sno),La Tania,Les 3 Vallées,France,10,12,,,chalet,half-board,"Catered bookings; Catered stays include half-board catering. This comprises:; Breakfast; 5 days continental breakfast with hot option; 2 days self-service continental; Daily afternoon tea; including homemade cake or biscuits, fresh baguette and hot drinks; 3-course evening meal on 6 evenings*; House",none,no,"Sleeps 10+2, 5 bedrooms, Nearest lift 400m (via piste), Boot room with heated boot-warmers, Ski-in / ski-out",,unknown,Sunday,,per-person,GBP,season-range,772,1042,,"package via Sno: Accommodation, Half Board, Without Flights",no,,,"Chalet Oursons is a spacious ski-in, ski-out* chalet right on the Plan Fontaine and Folyeres pistes in the heart of La Tania. Set over 4 floors, Chalet Oursons has 5 en-suite bedrooms, sleeping up to 10 adults plus 2 children.",https://www.sno.co.uk/ski-holidays/chalet-oursons_18698/,Sno,site-sno,5,chalets/images/sno-chalet-oursons/,2026-10-06,Sno 20 Mar 2027: Sold Out; price range = Sno dates priced for 10 sharing from no flights (accommodation only); operator not named on Sno (image code wlc)
sno-chalet-morgane,Chalet Morgane,unknown (sold via Sno),La Tania,Les 3 Vallées,France,,12,,,chalet,self-catered,"Classic Contactless Catering Service; Your chalet will be ready on arrival - beds made, dinner ready and fridges stocked*, wine-cellars replenished, skis and lift passes all booked. But you won't see us. We'll be at the end of the phone, but there will be no contact, unless you need it. You and your",private-outdoor,no,,,unknown,Saturday,,per-person,GBP,season-range,508,708,,"package via Sno: Accommodation, Self Catering, Without Flights",no,,,"Chalet Morgane is an attractive traditional Savoyard chalet, with a real cosy log cabin feel to it. Located in the picturesque setting of the forest of La Tania and with exposed wood beams, pine clad finish, plus a roaring log",https://www.sno.co.uk/ski-holidays/chalet-morgane_18645/,Sno,site-sno,5,chalets/images/sno-chalet-morgane/,2026-10-06,"Sno 20 Mar 2027: Sold Out; price range = Sno dates priced for 12 sharing from no flights (accommodation only); operator not named on Sno (image code wlc); hot tub: Outside the living room you'll find a spacious terrace, complete with hot tub, the perfect spot in which to enjoy apres-"
sno-chalet-le-maci,Chalet Le Maci,unknown (sold via Sno),La Tania,Les 3 Vallées,France,,12,,,chalet,self-catered,,private-outdoor,yes,"General, Wood fireplace, Parking space, Boots heater, Safe, Without elevator, Multimedia, Wifi, TV, Household appliances, Microwave, Nespresso coffee machine, Kitchen exhaust hood, Toaster, Dishwasher",,unknown,Saturday,826,per-person,GBP,exact-week,678,1399,,"package via Sno: Accommodation, Self Catering, Without Flights",yes,,,"Chalet Maci – Courchevel La Tania Perched at the very top of La Tania's most sought-after chalet district, Chalet Maci boasts an exceptional location for an unforgettable alpine retreat. Just a few steps from the slopes, it combines privacy with",https://www.sno.co.uk/ski-holidays/chalet-le-maci_22234/,Sno,site-sno,5,chalets/images/sno-chalet-le-maci/,2026-10-06,"Sno 20 Mar 2027: £826pp with 10 sharing from no flights (accommodation only); price range = Sno dates priced for 10 sharing from no flights (accommodation only); operator not named on Sno (image code wlc); hot tub: It offers a wellness area on the lower level with a sauna and outdoor jacuzzi, complemented by two bedrooms, one of whic"
sno-chalet-lea,Chalet Lea,unknown (sold via Sno),La Tania,Les 3 Vallées,France,,12,,,chalet,self-catered,"Classic Contactless Catering Service; Your chalet will be ready on arrival - beds made, dinner ready and fridges stocked*, wine-cellars replenished, skis and lift passes all booked. But you won't see us. We'll be at the end of the phone, but there will be no contact, unless you need it. You and your",private-outdoor,no,,,unknown,Saturday,,per-person,GBP,season-range,692,708,,"package via Sno: Accommodation, Self Catering, Without Flights",no,,,"Overlooking the snow covered trees in La Tania, Chalet Lea is a traditional Savoyard chalet with a cosy log cabin feel. The exposed wood beams and roaring fireplace make this chalet a wonderful home from home for a ski holiday",https://www.sno.co.uk/ski-holidays/chalet-lea_18646/,Sno,site-sno,5,chalets/images/sno-chalet-lea/,2026-10-06,Sno 20 Mar 2027: Sold Out; price range = Sno dates priced for 12 sharing from no flights (accommodation only); operator not named on Sno (image code wlc); hot tub: On the terrace you can soak up the afternoon sun and unwind in the bubbling hot tub with an après-ski drink
sno-chalet-alysson,Chalet Alysson,unknown (sold via Sno),Méribel (centre),Les 3 Vallées,France,,12,6,,chalet,catered,Welcome vin chaud; Hearty continental breakfast (7 days); Hot breakfast options provided by hosts (5 days); Homemade afternoon tea and cake (6 days); Delicious three-course evening menu (5 days); Two-course Alpine speciality (1 day); A selection of hand-picked silver level wines (6 days); Hearty set,none,yes,"Sauna / Steam room, Heated boot warmers, Free WiFi, All rooms en suite",280,unknown,Saturday,,per-person,GBP,season-range,1229,1229,,"package via Sno: Accommodation, Catered, Flights Included, Transfers",no,,,"This charming Savoyarde chalet combines comfort and value with a peaceful Meribel location, just five minutes from the Morel chairlift. Chalet Alysson is a classic alpine retreat, set in a quiet spot above Meribel centre and just 250m from the",https://www.sno.co.uk/ski-holidays/chalet-alysson_21165/,Sno,site-sno,5,chalets/images/sno-chalet-alysson/,2026-10-06,Sno 20 Mar 2027: Sold Out; price range = Sno dates priced for 2 sharing from Gatwick; operator not named on Sno (image code wlc)
sno-chalet-pulsa,Chalet Pulsa,unknown (sold via Sno),Les Allues,Les 3 Vallées,France,,12,,,chalet,self-catered,,none,no,"General, Wood fireplace, Ski locker, Without elevator",,unknown,Sunday,600,per-person,GBP,exact-week,556,851,,"package via Sno: Accommodation, Self Catering, Without Flights",yes,,,"Chalet PULSA is located in the heart of the charming and authentic village of Le Raffort, just a few steps from the Olympe ski lift, which connects directly to Méribel. Spread over three floors, this new chalet is the ideal",https://www.sno.co.uk/ski-holidays/chalet-pulsa_22498/,Sno,site-sno,5,chalets/images/sno-chalet-pulsa/,2026-10-06,Sno 20 Mar 2027: £600pp with 10 sharing from no flights (accommodation only); price range = Sno dates priced for 10 sharing from no flights (accommodation only); operator not named on Sno (image code wlc); hamlet: Le Raffort (between Les Allues and Méribel centre; village set to Les Allues as nearest listed village)
sno-chalet-edel,Chalet Edel,unknown (sold via Sno),Les Allues,Les 3 Vallées,France,,10,,,chalet,self-catered,,none,no,"General, Wood fireplace, Ski locker, Parking space, Household appliances, Microwave, Fridge, Freezer, Vaccum, Dishwasher, Washing machine, Dryer, Oven",,unknown,Saturday,,per-person,GBP,season-range,573,921,,"package via Sno: Accommodation, Self Catering, Without Flights",no,,,"Chalet EDEL is located in the heart of the charming and authentic village of Le Raffort, just a few steps from the Olympe ski lift, which connects directly to Méribel. Spread over three floors, this new chalet is the ideal",https://www.sno.co.uk/ski-holidays/chalet-edel_21721/,Sno,site-sno,5,chalets/images/sno-chalet-edel/,2026-10-06,Sno 20 Mar 2027: Sold Out; price range = Sno dates priced for 10 sharing from no flights (accommodation only); operator not named on Sno (image code wlc); hamlet: Le Raffort (between Les Allues and Méribel centre; village set to Les Allues as nearest listed village)
sno-chalet-nico,Chalet Nico,unknown (sold via Sno),Méribel-Mottaret,Les 3 Vallées,France,,6,3,,chalet,catered,Welcome vin chaud; Aperitifs on six nights; Nibbles on first and last nights; Hearty continental breakfast (7 days); Hot breakfast options provided by hosts (5 days); Homemade afternoon tea and cake (6 days); Delicious three-course evening menu (5 days); Two-course Alpine speciality (1 day); A selec,none,no,"Heated boot warmers, Free WiFi, Close to piste, All rooms en suite",500,unknown,Saturday,1489,per-person,GBP,exact-week,1399,2199,,"package via Sno: Accommodation, Catered, Flights Included, Transfers",yes,,,"A cosy, well-located chalet apartment just moments from the slopes, Chalet Nico is an ideal base for a relaxed ski holiday in Méribel Mottaret. Ideally positioned for ski access, Chalet Nico is just moments from the lifts in Mottaret. This",https://www.sno.co.uk/ski-holidays/chalet-nico_18606/,Sno,site-sno,5,chalets/images/sno-chalet-nico/,2026-10-06,Sno 20 Mar 2027: £1489pp with 2 sharing from Gatwick; price range = Sno dates priced for 2 sharing from Gatwick; operator not named on Sno (image code wlc)
sno-chalet-pierre,Chalet Pierre,unknown (sold via Sno),Méribel-Mottaret,Les 3 Vallées,France,,6,3,,chalet,catered,Welcome vin chaud; Hearty continental breakfast (7 days); Hot breakfast options provided by hosts (5 days); Homemade afternoon tea and cake (6 days); Delicious three-course evening menu (5 days); Two-course Alpine speciality (1 day); A selection of hand-picked silver level wines (6 days); Hearty set,none,no,"Room With Cots, Heated boot warmers, Free WiFi, Close to piste, All rooms en suite",240,unknown,Saturday,1549,per-person,GBP,exact-week,1449,4237,,"package via Sno: Accommodation, Catered, Flights Included, Transfers",yes,,,"Chalet Pierre blends traditional alpine charm with excellent comforts, just steps from the slopes - your cosy, well-located retreat in the heart of Meribel Mottaret. Chalet Pierre is a welcoming, traditionally styled chalet in an enviable location close to the",https://www.sno.co.uk/ski-holidays/chalet-pierre_18607/,Sno,site-sno,5,chalets/images/sno-chalet-pierre/,2026-10-06,Sno 20 Mar 2027: £1549pp with 2 sharing from Gatwick; price range = Sno dates priced for 2 sharing from Gatwick; operator not named on Sno (image code wlc)
sno-chalet-oxalys,Chalet Oxalys,unknown (sold via Sno),Méribel (centre),Les 3 Vallées,France,,10,,,chalet,catered,"Our catered chalets mean there is no need to worry about a shopping trip whilst on holiday, as you will be looked after by us from arrival right to departure.; Staff night off is once a week when there is no afternoon tea or dinner, so on this day you can explore the local restaurants in Meribel. Br",private-outdoor,yes,"Throughout the week, there'll be lots of opportunities to sit back and relax. Unwind after an active day with a glass of wine by the fireplace, or spend time with friends and family in the snug lounge",,unknown,Saturday,,per-person,GBP,season-range,979,1664,,"package via Sno: Accommodation, Catered, Flights Included, Transfers",no,,,"Chalet Oxalys is located in the Mussillon area of Méribel and will make you feel right at home with its cosy, inviting atmosphere and comfortable interior. Sleeping up to 10 people, this chalet is perfect for families and friends wanting",https://www.sno.co.uk/ski-holidays/chalet-oxalys_21425/,Sno,site-sno,5,chalets/images/sno-chalet-oxalys/,2026-10-06,Sno 20 Mar 2027: Sold Out; price range = Sno dates priced for 2 sharing from Gatwick; operator not named on Sno (image code wlc); hot tub: You can also enjoy the view from the hot tub on the large sun terrace
sno-chalet-saint-joseph-meribel,Chalet Saint Joseph,unknown (sold via Sno),Méribel (centre),Les 3 Vallées,France,,10,,,chalet,self-catered,,private-outdoor,no,"General, Wood fireplace, Board games, Boots heater, Safe, Outdoor furniture, Multimedia, Wifi, TV, Home cinema, Books, Children games, Household appliances, Microwave, Fridge, Freezer, Raclette machin",,unknown,Saturday,695,per-person,GBP,exact-week,582,1042,,"package via Sno: Accommodation, Self Catering, Without Flights",yes,,,"Chalet Saint Joseph is situated in Mussillon, an area maturely developed with some wonderful surrounding chalets. It is only a 10 minute walk to the town centre and there is a good bus service to all parts of Méribel providing",https://www.sno.co.uk/ski-holidays/chalet-saint-joseph_21893/,Sno,site-sno,5,chalets/images/sno-chalet-saint-joseph-meribel/,2026-10-06,Sno 20 Mar 2027: £695pp with 10 sharing from no flights (accommodation only); price range = Sno dates priced for 10 sharing from no flights (accommodation only); operator not named on Sno (image code wlc); hot tub: The jacuzzi will be the place to relax and recharge your batteries
sno-chalet-natalette-i,Chalet Natalette I,unknown (sold via Sno),Méribel-Mottaret,Les 3 Vallées,France,,10,5,,chalet,catered,Welcome vin chaud; Hearty continental breakfast (7 days); Hot breakfast options provided by hosts (5 days); Homemade afternoon tea and cake (6 days); Delicious three-course evening menu (5 days); Two-course Alpine speciality (1 day); A selection of hand-picked silver level wines (6 days); Hearty set,none,no,"Room With Cots, Heated boot warmers, Free WiFi, Close to piste, All rooms en suite",240,unknown,Saturday,1539,per-person,GBP,exact-week,1459,8375,,"package via Sno: Accommodation, Catered, Flights Included, Transfers",yes,,,"Perfectly placed for the slopes in Meribel Mottaret, Chalet Natalette I offers easy access to lifts, great value, and all you need for a seamless ski holiday. Ideally located for skiing access, Chalet Natalette I is a spacious and well-equipped",https://www.sno.co.uk/ski-holidays/chalet-natalette-i_18605/,Sno,site-sno,5,chalets/images/sno-chalet-natalette-i/,2026-10-06,Sno 20 Mar 2027: £1539pp with 2 sharing from Gatwick; price range = Sno dates priced for 2 sharing from Gatwick; operator not named on Sno (image code wlc)
sno-chalet-victoire-mijane,Chalet Victoire Mijane,unknown (sold via Sno),Méribel Village,Les 3 Vallées,France,,6,,,chalet,self-catered,,none,no,"General, Ski locker, Parking space, Boots heater, Multimedia, Fiber, Chromecast, Household appliances, Microwave, Fridge, Raclette machine, Fondue appliance, Ironing board, Nespresso coffee machine, I",,unknown,Saturday,521,per-person,GBP,exact-week,492,521,,"package via Sno: Accommodation, Self Catering, Without Flights",yes,,,"Renovated chalet near the slopes in Méribel Village, the chalet Victoire Mijane is a beautiful cozy chalet with views. Chalet well equipped for a ski holiday, it is close to the slopes, the boulangerie and shops in Méribel Village and",https://www.sno.co.uk/ski-holidays/chalet-victoire-mijane_22148/,Sno,site-sno,5,chalets/images/sno-chalet-victoire-mijane/,2026-10-06,Sno 20 Mar 2027: £521pp with 6 sharing from no flights (accommodation only); price range = Sno dates priced for 6 sharing from no flights (accommodation only); operator not named on Sno (image code wlc)
sno-chalet-l-arclusaz,Chalet l'Arclusaz,unknown (sold via Sno),Méribel-Mottaret,Les 3 Vallées,France,,10,,,chalet,self-catered,"Classic Contactless Catering Service; Your chalet will be ready on arrival - beds made, dinner ready and fridges stocked*, wine-cellars replenished, skis and lift passes all booked. But you won't see us. We'll be at the end of the phone, but there will be no contact, unless you need it. You and your",private-indoor,yes,,,unknown,Sunday,680,per-person,GBP,exact-week,585,833,,"package via Sno: Accommodation, Self Catering, Without Flights",yes,,,"This traditional Savoyard chalet, oozes mountain charm and comfort. Upon entering on the ground floor, there is a ski and boot room for safely storing your equipment, as well as a communal toilet. Follow the entrance hall through and on",https://www.sno.co.uk/ski-holidays/chalet-l-arclusaz_18654/,Sno,site-sno,5,chalets/images/sno-chalet-l-arclusaz/,2026-10-06,"Sno 20 Mar 2027: £680pp with 10 sharing from no flights (accommodation only); price range = Sno dates priced for 10 sharing from no flights (accommodation only); operator not named on Sno (image code wlc); hot tub: For some added luxury, you'll also find an indoor hot tub and sauna, as well as a downstairs shower and toilet"
sno-chalet-almeri,Chalet Almeri,unknown (sold via Sno),Méribel Village,Les 3 Vallées,France,,8,,,chalet,self-catered,,none,no,"General, Ski locker, Multimedia, Fiber, Netflix, Amazon Prime, Household appliances, Fridge, Freezer, Induction hobs, Dishwasher, Washing machine, Dryer, Oven, Not included (on request), Baby cot, Hig",,unknown,Saturday,423,per-person,GBP,exact-week,423,923,,"package via Sno: Accommodation, Self Catering, Without Flights",yes,,,"Located in the charming village of Méribel Village, this 8-person chalet provides a warm, intimate atmosphere, ideal for mountain vacations. Just 130m from the Golf chairlift, it offers easy access to the 3 Vallées ski area. Spread over 4 levels,",https://www.sno.co.uk/ski-holidays/chalet-almeri_22264/,Sno,site-sno,5,chalets/images/sno-chalet-almeri/,2026-10-06,Sno 20 Mar 2027: £423pp with 8 sharing from no flights (accommodation only); price range = Sno dates priced for 8 sharing from no flights (accommodation only); operator not named on Sno (image code wlc)
sno-chalet-l-ancolie,Chalet L'Ancolie,unknown (sold via Sno),Méribel (centre),Les 3 Vallées,France,10,11,,,chalet,catered,"Our catered chalets mean there is no need to worry about a shopping trip whilst on holiday, as you will be looked after by us from arrival right to departure.; Staff night off is once a week when there is no afternoon tea or dinner, so on this day you can explore the local restaurants in Meribel. Br",none,yes,"Sun terrace, Mountain views, Bedrooms have en suite facilities including toiletries and hair dryers, Bedrooms have a balcony, Heated ski and boot room, Sauna, Lounge with fireplace, Free Wi-Fi, L'Occi",,unknown,Saturday,,per-person,GBP,season-range,1029,1768,,"package via Sno: Accommodation, Catered, Flights Included, Transfers",no,,,"Chalet L'Ancolie is a traditional and characterful property set in a quiet location back from the main street. The owner is an expert carpenter and he has done most of the interior wood panelling himself, ensuring a high attention to",https://www.sno.co.uk/ski-holidays/chalet-l-ancolie_18619/,Sno,site-sno,5,chalets/images/sno-chalet-l-ancolie/,2026-10-06,Sno 20 Mar 2027: Sold Out; price range = Sno dates priced for 2 sharing from Gatwick; operator not named on Sno (image code wlc)
sno-chalet-eleanor,Chalet Eleanor,unknown (sold via Sno),Méribel (centre),Les 3 Vallées,France,,14,7,,chalet,catered,Welcome vin chaud; Hearty continental breakfast (7 days); Hot breakfast options provided by hosts (5 days); Homemade afternoon tea and cake (6 days); Delicious three-course evening menu (5 days); Two-course Alpine speciality (1 day); A selection of hand-picked silver level wines (6 days); Hearty set,none,no,"Room With Cots, Heated boot warmers, Free WiFi, All rooms en suite",850,unknown,Sunday,1649,per-person,GBP,exact-week,1579,2489,,"package via Sno: Accommodation, Catered, Flights Included, Transfers",yes,,,"Chalet Eleanor pairs breathtaking views with a prime Meribel location, just steps from the piste and resort buzz - plus a stunning sociable top floor. Chalet Eleanor is a beautifully renovated, standalone chalet offering traditional Savoyarde style with a contemporary",https://www.sno.co.uk/ski-holidays/chalet-eleanor_21164/,Sno,site-sno,5,chalets/images/sno-chalet-eleanor/,2026-10-06,Sno 20 Mar 2027: £1649pp with 2 sharing from Gatwick; price range = Sno dates priced for 2 sharing from Gatwick; operator not named on Sno (image code wlc)
sno-chalet-natalette-ii,Chalet Natalette II,unknown (sold via Sno),Méribel-Mottaret,Les 3 Vallées,France,,8,4,,chalet,catered,Welcome vin chaud; Hearty continental breakfast (7 days); Hot breakfast options provided by hosts (5 days); Homemade afternoon tea and cake (6 days); Delicious three-course evening menu (5 days); Two-course Alpine speciality (1 day); A selection of hand-picked silver level wines (6 days); Hearty set,none,no,"Room With Cots, Heated boot warmers, Free WiFi, Close to piste, All rooms en suite",240,unknown,Saturday,1559,per-person,GBP,exact-week,1559,1629,,"package via Sno: Accommodation, Catered, Flights Included, Transfers",yes,,,"Chalet Natalette II offers space, comfort and a prime location with immediate access to skiing - the perfect alpine base for a memorable ski break with friends or family in Meribel Mottaret. Chalet Natalette II is ideal for families or",https://www.sno.co.uk/ski-holidays/chalet-natalette-ii_18608/,Sno,site-sno,5,chalets/images/sno-chalet-natalette-ii/,2026-10-06,Sno 20 Mar 2027: £1559pp with 8 sharing from Gatwick; price range = Sno dates priced for 8 sharing from Gatwick; operator not named on Sno (image code wlc)
sno-chalet-la-grange-a-gege,Chalet La Grange à Gégé,unknown (sold via Sno),Méribel Village,Les 3 Vallées,France,,10,,,chalet,self-catered,,none,yes,"General, Ski locker, Board games, Without elevator, Baby cot, Multimedia, Wifi, TV, Household appliances, Microwave, Fridge, Raclette machine, Nespresso coffee machine, Device with grill-stone, Kitche",,unknown,Saturday,521,per-person,GBP,exact-week,504,782,,"package via Sno: Accommodation, Self Catering, Without Flights",yes,,,"This charming fully equipped chalet is close to the centre of Meribel Village. It will allow you to quickly access all the amenities of the resort such as its restaurants or sports shop. The Golf chairlift, which is only a",https://www.sno.co.uk/ski-holidays/chalet-la-grange-g-g_21976/,Sno,site-sno,5,chalets/images/sno-chalet-la-grange-a-gege/,2026-10-06,Sno 20 Mar 2027: £521pp with 10 sharing from no flights (accommodation only); price range = Sno dates priced for 10 sharing from no flights (accommodation only); operator not named on Sno (image code wlc)
sno-chalet-mariefleur,Chalet Mariefleur,unknown (sold via Sno),Méribel (centre),Les 3 Vallées,France,10,11,5,,chalet,catered,Signature Chalet Board; Welcome vin chaud; Champagne on your first evening; Hearty continental breakfast (7 days); Bean-to-cup freshly made coffee; Hot breakfast options provided by hosts (5 days); Homemade afternoon tea and cake (6 days); Aperitifs and canapes (6 days); Delicious three-course eveni,private-outdoor,yes,"Sauna / Steam room, Luxury property, Hot tub, Free WiFi, All rooms en suite",,unknown,Sunday,1859,per-person,GBP,exact-week,1859,11595,,"package via Sno: Accommodation, Catered, Flights Included, Transfers",yes,,,"Chalet Mariefleur blends timeless Savoyard style with luxury furnishing and high-end features like a cinema room, outdoor hot tub, sauna, and games room - all spread over four floors. This five-bedroom Signature chalet sleeps 10 guests in supreme comfort, with",https://www.sno.co.uk/ski-holidays/chalet-mariefleur_21571/,Sno,site-sno,5,chalets/images/sno-chalet-mariefleur/,2026-10-06,"Sno 20 Mar 2027: £1859pp with 2 sharing from Gatwick; price range = Sno dates priced for 2 sharing from Gatwick; operator not named on Sno (image code wlc); hot tub: Chalet Mariefleur blends timeless Savoyard style with luxury furnishing and high-end features like a cinema room, outdoo"
sno-chalet-le-refuge,Chalet Le Refuge,unknown (sold via Sno),Méribel Village,Les 3 Vallées,France,,10,,,chalet,self-catered,,none,yes,"General, Garage, Wood fireplace, Ski locker, Board games, Multimedia, Wifi, TV, Household appliances, Coffee machine, Microwave, Fridge, Freezer, Raclette machine, Vaccum, Ironing board, Nespresso cof",,unknown,Saturday,,per-person,GBP,season-range,573,1477,,"package via Sno: Accommodation, Self Catering, Without Flights",no,,,"The chalet Le Refuge is located a hundred metres from the centre of Méribel village. It is a warm, contemporary mountain lodge. Completely renovated, it is the perfect balance between modernity and tradition. This traditional chalet in old wood and",https://www.sno.co.uk/ski-holidays/chalet-le-refuge_22060/,Sno,site-sno,5,chalets/images/sno-chalet-le-refuge/,2026-10-06,Sno 20 Mar 2027: Sold Out; price range = Sno dates priced for 10 sharing from no flights (accommodation only); operator not named on Sno (image code wlc)
sno-chalet-laetitia,Chalet Laetitia,unknown (sold via Sno),Méribel (centre),Les 3 Vallées,France,10,11,5,,chalet,catered,Welcome vin chaud; Hearty continental breakfast (7 days); Hot breakfast options provided by hosts (5 days); Homemade afternoon tea and cake (6 days); Delicious three-course evening menu (5 days); Two-course Alpine speciality (1 day); A selection of hand-picked silver level wines (6 days); Hearty set,private-outdoor,yes,"Sauna / Steam room, Room With Cots, Hot tub, Heated boot warmers, Free WiFi, All rooms en suite",950,unknown,Saturday,1540,per-person,GBP,exact-week,1470,1806,,"package via Sno: Accommodation, Catered, Flights Included, Transfers",yes,,,"Spacious, stylish and superbly equipped, Chalet Laetitia combines alpine elegance with standout extras like a cinema room, hot tub, and all en-suite bedrooms. Chalet Laetitia is a large and stylish chalet in Meribel offering a perfect mix of alpine charm",https://www.sno.co.uk/ski-holidays/chalet-laetitia_11280/,Sno,site-sno,5,chalets/images/sno-chalet-laetitia/,2026-10-06,"Sno 20 Mar 2027: £1540pp with 3 sharing from Gatwick; price range = Sno dates priced for 3 sharing from Gatwick; operator not named on Sno (image code wlc); hot tub: Spacious, stylish and superbly equipped, Chalet Laetitia combines alpine elegance with standout extras like a cinema roo"
sno-chalet-marmotte,Chalet Marmotte,unknown (sold via Sno),Méribel-Mottaret,Les 3 Vallées,France,,10,,,chalet,self-catered,,none,no,"General, Ski locker, Parking space, Board games, Boots heater, Wood Stove, Multimedia, Wifi, TV, Household appliances, Coffee machine, Microwave, Fridge, Freezer, Fondue appliance, Vaccum, Ironing boa",,unknown,Saturday,,per-person,GBP,season-range,547,1103,,"package via Sno: Accommodation, Self Catering, Without Flights",no,,,"Nestled in the sought-after Mottaret district, just steps from the slopes, Chalet Marmotte is a brand-new semi-detached chalet that beautifully blends authenticity and modern comfort. Its privileged location offers quick access to the ski lifts as well as the lively",https://www.sno.co.uk/ski-holidays/chalet-marmotte_22088/,Sno,site-sno,5,chalets/images/sno-chalet-marmotte/,2026-10-06,"Sno 20 Mar 2027: Sold Out; price range = Sno dates priced for 10 sharing from no flights (accommodation only); operator not named on Sno (image code wlc); hot tub: The master suite stands out with its private bathroom and whirlpool bathtub, offering a haven of relaxation after a day ; no hot tub; only whirlpool bathtub in en-suite"
sno-chalet-tourterelle,Chalet Tourterelle,unknown (sold via Sno),Méribel Village,Les 3 Vallées,France,10,12,,,chalet,self-catered,,none,yes,"WiFi Access, Play Area, Balcony/Terrace, Fireplace, Beds made on arrival, Included linen packs, Car Park, Sauna, Shuttle service",,unknown,unknown,,per-person,GBP,season-range,469,1156,,"package via Sno: Accommodation, Self Catering, Without Flights",unknown,,,"Chalet Tourterelle is decorated throughout in a classic alpine style, with exposed wooden beams, a stone fireplace, and stylish soft furnishings. It enjoys a convenient position close to the fast ‘Golf' chairlift, but for that extra comfort, a shuttle journey",https://www.sno.co.uk/ski-holidays/chalet-tourterelle_22938/,Sno,site-sno,5,chalets/images/sno-chalet-tourterelle/,2026-10-06,Sno: no 20 Mar 2027 departure listed; price range = Sno dates priced for 12 sharing from no flights (accommodation only); operator not named on Sno (image code wlc)
sno-chalet-elodie,Chalet Elodie,unknown (sold via Sno),Méribel-Mottaret,Les 3 Vallées,France,9,10,5,,chalet,catered,Welcome vin chaud; Hearty continental breakfast (7 days); Hot breakfast options provided by hosts (5 days); Homemade afternoon tea and cake (6 days); Delicious three-course evening menu (5 days); Two-course Alpine speciality (1 day); A selection of hand-picked silver level wines (6 days); Hearty set,none,no,"Room With Cots, Free WiFi, Close to Ski School, Close to piste, All rooms en suite",500,unknown,Saturday,,per-person,GBP,season-range,1159,1159,,"package via Sno: Accommodation, Catered, Flights Included, Transfers",no,,,"Traditional and sociable, Chalet Elodie combines a sunny setting with a central Mottaret location just 120m (approx.) from the slopes. Chalet Elodie is a warm and classic Savoyard chalet boasting five en-suite bedrooms, a homely open-plan dining and living area",https://www.sno.co.uk/ski-holidays/chalet-elodie_11278/,Sno,site-sno,5,chalets/images/sno-chalet-elodie/,2026-10-06,Sno 20 Mar 2027: Sold Out; price range = Sno dates priced for 2 sharing from Gatwick; operator not named on Sno (image code wlc)
sno-chalet-dzintila,Chalet Dzintila,unknown (sold via Sno),Les Allues,Les 3 Vallées,France,,12,,,chalet,self-catered,,private-indoor,yes,"General, Wood fireplace, Ski locker, Parking space, Board games, Boots heater, Without elevator, Baby cot, High chair, Multimedia, Wifi, TV, Apple TV, Household appliances, Coffee machine, Microwave, ",,unknown,unknown,,per-person,GBP,season-range,456,601,,"package via Sno: Accommodation, Self Catering, Without Flights",unknown,,,"The Dzintila is a traditional chalet of 220 sq.m located in Les Hameaux de Méribel, in Le Raffort. This chalet in Méribel offers to its guests an incredible living room which is very bright, decorated in neutral tones, with many",https://www.sno.co.uk/ski-holidays/chalet-dzintila_22006/,Sno,site-sno,5,chalets/images/sno-chalet-dzintila/,2026-10-06,Sno: no 20 Mar 2027 departure listed; price range = Sno dates priced for 12 sharing from no flights (accommodation only); operator not named on Sno (image code wlc); hot tub: Indoor jacuzzi; hamlet: Le Raffort (Les Hameaux de Méribel) (between Les Allues and Méribel centre; village set to Les Allues as nearest listed village)
sno-chalet-arbe,Chalet Arbe,unknown (sold via Sno),Méribel Village,Les 3 Vallées,France,,8,,,chalet,self-catered,,none,no,"General, Ski locker, Parking space, Boots heater, Multimedia, TV, Household appliances, Coffee machine, Microwave, Fridge, Freezer, Raclette machine, Fondue appliance, Vaccum, Nespresso coffee machine",,unknown,Saturday,,per-person,GBP,season-range,434,543,,"package via Sno: Accommodation, Self Catering, Without Flights",no,,,"Discover this charming little 79 sq.m chalet, ideally located close to the shops and the Golf chairlift. It has 4 en suite bedrooms, offering optimum comfort for all occupants with 3 WCS in total. Ski room with boot dryer. This",https://www.sno.co.uk/ski-holidays/chalet-arbe_22692/,Sno,site-sno,5,chalets/images/sno-chalet-arbe/,2026-10-06,Sno 20 Mar 2027: Sold Out; price range = Sno dates priced for 8 sharing from no flights (accommodation only); operator not named on Sno (image code wlc)
sno-chalet-le-cedre-blanc,Chalet Le Cedre Blanc,unknown (sold via Sno),Méribel (centre),Les 3 Vallées,France,10,12,,,chalet,catered,"Our catered chalets mean there is no need to worry about a shopping trip whilst on holiday, as you will be looked after by us from arrival right to departure.; Staff night off is once a week when there is no afternoon tea or dinner, so on this day you can explore the local restaurants in Meribel. Br",none,yes,"Stylish, quality detached chalet, Spacious lounge and dining area with log fire, Bedrooms have en suite facilities including toiletries and hair dryers, TV area with DVD player, Sun terrace with fanta",,unknown,Saturday,,per-person,GBP,season-range,979,1729,,"package via Sno: Accommodation, Catered, Flights Included, Transfers",no,,,The Chalet Le Cedre Blanc is a high-quality property with a stylish interior throughout. The light wood panelled walls add to the bright and airy feel of the property. The open plan living and dining area provides a comfortable area,https://www.sno.co.uk/ski-holidays/chalet-le-cedre-blanc_18740/,Sno,site-sno,5,chalets/images/sno-chalet-le-cedre-blanc/,2026-10-06,Sno 20 Mar 2027: Sold Out; price range = Sno dates priced for 2 sharing from Gatwick; operator not named on Sno (image code wlc)
sno-chalet-hors-piste,Chalet Hors Piste,unknown (sold via Sno),Les Allues,Les 3 Vallées,France,,10,,,chalet,self-catered,,none,yes,"General, Ski locker, Parking space, Boots heater, Without elevator, Multimedia, Wifi, TV, Apple TV, SONOS speaker, Household appliances, Microwave, Fridge, Freezer, Raclette machine, Fondue appliance,",,unknown,Saturday,495,per-person,GBP,exact-week,460,782,,"package via Sno: Accommodation, Self Catering, Without Flights",yes,,,"Chalet Hors Piste is a recently renovated semi-detached chalet. Located in the quiet and peaceful village of Le Raffort, it enjoys an ideal location surrounded by nature and a beautiful view of Mont Vallon. You can reach the ski slopes",https://www.sno.co.uk/ski-holidays/chalet-hors-piste_22807/,Sno,site-sno,5,chalets/images/sno-chalet-hors-piste/,2026-10-06,Sno 20 Mar 2027: £495pp with 10 sharing from no flights (accommodation only); price range = Sno dates priced for 10 sharing from no flights (accommodation only); operator not named on Sno (image code wlc); hamlet: Le Raffort (between Les Allues and Méribel centre; village set to Les Allues as nearest listed village)
sno-chalet-aline,Chalet Aline,unknown (sold via Sno),Méribel (centre),Les 3 Vallées,France,8,10,4,,chalet,catered,Welcome vin chaud; Hearty continental breakfast (7 days); Hot breakfast options provided by hosts (5 days); Homemade afternoon tea and cake (6 days); Delicious three-course evening menu (5 days); Two-course Alpine speciality (1 day); A selection of hand-picked silver level wines (6 days); Hearty set,private-outdoor,no,"Room With Cots, Hot tub, Heated boot warmers, Free WiFi, All rooms en suite",950,unknown,Saturday,1669,per-person,GBP,exact-week,1559,1939,,"package via Sno: Accommodation, Catered, Flights Included, Transfers",yes,,,"A stylish, family-friendly chalet in Méribel with en-suite rooms, a front balcony hot tub and panoramic valley views, Chalet Aline brings modern comfort together with classic Alpine soul. Chalet Aline is a warm, quirky, and welcoming hillside retreat with a",https://www.sno.co.uk/ski-holidays/chalet-aline_18074/,Sno,site-sno,5,chalets/images/sno-chalet-aline/,2026-10-06,"Sno 20 Mar 2027: £1669pp with 2 sharing from Gatwick; price range = Sno dates priced for 2 sharing from Gatwick; operator not named on Sno (image code wlc); hot tub: A stylish, family-friendly chalet in Méribel with en-suite rooms, a front balcony hot tub and panoramic valley views, Ch"
sno-chalet-andre,Chalet Andre,unknown (sold via Sno),Méribel-Mottaret,Les 3 Vallées,France,,6,3,,chalet,catered,Welcome vin chaud; Hearty continental breakfast (7 days); Hot breakfast options provided by hosts (5 days); Homemade afternoon tea and cake (6 days); Delicious three-course evening menu (5 days); Two-course Alpine speciality (1 day); A selection of hand-picked silver level wines (6 days); Hearty set,none,no,"Free WiFi, Close to Ski School, Close to piste, All rooms en suite",120,unknown,Saturday,1459,per-person,GBP,exact-week,1459,2129,,"package via Sno: Accommodation, Catered, Flights Included, Transfers",yes,,,"A cosy, traditional chalet just a short stroll to the lifts and pistes of Mottaret - perfect for soaking up the Three Valleys with ease. Chalet Andre is a warm and welcoming Savoyard chalet with rustic alpine character, a spacious",https://www.sno.co.uk/ski-holidays/chalet-andre_11336/,Sno,site-sno,5,chalets/images/sno-chalet-andre/,2026-10-06,Sno 20 Mar 2027: £1459pp with 6 sharing from Gatwick; price range = Sno dates priced for 6 sharing from Gatwick; operator not named on Sno (image code wlc)
sno-chalet-marilaine,Chalet Marilaine,unknown (sold via Sno),Méribel (centre),Les 3 Vallées,France,,6,3,,chalet,catered,Signature Chalet Board; Welcome vin chaud; Champagne on your first evening; Hearty continental breakfast (7 days); Bean-to-cup freshly made coffee; Hot breakfast options provided by hosts (5 days); Homemade afternoon tea and cake (6 days); Aperitifs and canapes (6 days); Delicious three-course eveni,private-outdoor,yes,"Sauna / Steam room, Room With Cots, Luxury property, Hot tub, Free WiFi, All rooms en suite",,unknown,Sunday,1899,per-person,GBP,exact-week,1739,2919,,"package via Sno: Accommodation, Catered, Flights Included, Transfers",yes,,,"This chic Savoyard chalet in Mussillon blends boutique styling with soul-soothing luxury - private hot tub, sauna, firelit evenings, and easy Meribel access. Chalet Marilaine is a beautifully styled Signature chalet in Meribel's peaceful Mussillon area, just a short walk",https://www.sno.co.uk/ski-holidays/chalet-marilaine_21402/,Sno,site-sno,5,chalets/images/sno-chalet-marilaine/,2026-10-06,"Sno 20 Mar 2027: £1899pp with 6 sharing from Gatwick; price range = Sno dates priced for 6 sharing from Gatwick; operator not named on Sno (image code wlc); hot tub: This chic Savoyard chalet in Mussillon blends boutique styling with soul-soothing luxury - private hot tub, sauna, firel"
sno-chalet-manara,Chalet Manara,unknown (sold via Sno),Méribel (centre),Les 3 Vallées,France,,12,,,chalet,self-catered,,private-outdoor,yes,"General, Wood fireplace, Parking space, Boots heater, Without elevator, Multimedia, Wifi, TV, Household appliances, Microwave, Fridge, Nespresso coffee machine, Kettle, Toaster, Induction hobs, Dishwa",,unknown,Saturday,886,per-person,GBP,exact-week,799,1433,,"package via Sno: Accommodation, Self Catering, Without Flights",yes,,,"A contemporary chalet for large families Contemporary style, unobstructed view of the mountain and the 3 Vallées slopes opposite. These are the major assets of the Manara chalet. Its large bay windows open onto the wooded landscape, with no construction",https://www.sno.co.uk/ski-holidays/chalet-manara_21879/,Sno,site-sno,5,chalets/images/sno-chalet-manara/,2026-10-06,"Sno 20 Mar 2027: £886pp with 10 sharing from no flights (accommodation only); price range = Sno dates priced for 10 sharing from no flights (accommodation only); operator not named on Sno (image code wlc); hot tub: The first level has a sauna and indoor & outdoor jacuzzi, which are welcome after skiing"
sno-chalet-reve-de-marmottes,Chalet Rêve de Marmottes,unknown (sold via Sno),Méribel Village,Les 3 Vallées,France,,14,,,chalet,self-catered,,private-outdoor,yes,"General, Wood fireplace, Ski locker, Parking space, Board games, Boots heater, Outdoor furniture, Baby cot, High chair, Multimedia, Wifi, TV, International channels, Home cinema, Canal plus, Fiber, Ne",,unknown,Saturday,,per-person,GBP,season-range,620,1241,,"package via Sno: Accommodation, Self Catering, Without Flights",no,,,"Treat yourself to an exceptional stay in this 256 sq.m chalet, ideally located just a few steps from the slopes and shops in Méribel Village. Perfect for holidays with family or friends. This warm and spacious chalet sleeps 14 with",https://www.sno.co.uk/ski-holidays/chalet-r-ve-de-marmottes_22581/,Sno,site-sno,5,chalets/images/sno-chalet-reve-de-marmottes/,2026-10-06,"Sno 20 Mar 2027: Sold Out; price range = Sno dates priced for 14 sharing from no flights (accommodation only); operator not named on Sno (image code wlc); hot tub: For a moment of relaxation, you will appreciate the jacuzzi and sauna at your disposal after a great day's skiing in the"
sno-chalet-eric,Chalet Eric,unknown (sold via Sno),Méribel (centre),Les 3 Vallées,France,,12,,,chalet,self-catered,,none,yes,"General, Garage, Wood fireplace, Ski locker, Parking space, Board games, Boots heater, Piano, Multimedia, Wifi, TV, International channels, BOSE speakers, Household appliances, Coffee machine, Microwa",,unknown,Saturday,,per-person,GBP,season-range,688,1629,,"package via Sno: Accommodation, Self Catering, Without Flights",no,,,"Chalet Eric, located a few minutes walk from the centre of Meribel and 100 metres from the ski slopes, is a comfortable and traditional mountain chalet. With its large surface area of 300sqm, Chalet Eric offers a prime location and",https://www.sno.co.uk/ski-holidays/chalet-eric_22096/,Sno,site-sno,5,chalets/images/sno-chalet-eric/,2026-10-06,Sno 20 Mar 2027: Sold Out; price range = Sno dates priced for 12 sharing from no flights (accommodation only); operator not named on Sno (image code wlc); hot tub: Whirlpool bathtub; no hot tub; only whirlpool bathtub in en-suite
sno-chalet-les-voutes,Chalet Les Voutes,unknown (sold via Sno),Les Allues,Les 3 Vallées,France,,10,,,chalet,self-catered,,private-outdoor,no,"General, Wood fireplace, Ski locker, Parking space, Board games, Boots heater, Safe, Baby cot, High chair, Multimedia, Wifi, TV, Apple TV, SONOS speaker, Household appliances, Microwave, Fridge, Freez",,unknown,unknown,,per-person,GBP,season-range,652,652,,"package via Sno: Accommodation, Self Catering, Without Flights",unknown,,,Discover the incredible Chalet Les Voûtes nestled in the hamlets of Meribel. This chalet features a contemporary decoration with 340 sq.m spread over 4 levels and it can accommodate up to 10 adults with its 5 en-suite bedrooms. On the,https://www.sno.co.uk/ski-holidays/chalet-les-voutes_22766/,Sno,site-sno,5,chalets/images/sno-chalet-les-voutes/,2026-10-06,"Sno: no 20 Mar 2027 departure listed; price range = Sno dates priced for 10 sharing from no flights (accommodation only); operator not named on Sno (image code wlc); hot tub: On the ground floor, a large relaxation area awaits you: billiards, bar, large cozy armchairs, and an outdoor Jacuzzi lo; hamlet: Le Raffort (between Les Allues and Méribel centre; village set to Les Allues as nearest listed village)"
sno-chalet-les-flocons-1,Chalet Les Flocons 1,unknown (sold via Sno),Méribel Village,Les 3 Vallées,France,,12,,,chalet,self-catered,,none,no,"General, Garage, Wood fireplace, Ski locker, Parking space, Board games, Boots heater, Safe, Without elevator, Baby cot, High chair, Multimedia, Wifi, TV, SONOS speaker, Household appliances, Coffee m",,unknown,Saturday,,per-person,GBP,season-range,615,1158,,"package via Sno: Accommodation, Self Catering, Without Flights",no,,,"Les Flocons family chalet is centrally located in Méribel Village, 200 m from the Lapin piste and the Golf chairlift, which opens the door to the 3 Vallées ski area. Close to all amenities (supermarket, restaurants, bakery and sports store),",https://www.sno.co.uk/ski-holidays/chalet-les-flocons-1_22637/,Sno,site-sno,5,chalets/images/sno-chalet-les-flocons-1/,2026-10-06,Sno 20 Mar 2027: Sold Out; price range = Sno dates priced for 12 sharing from no flights (accommodation only); operator not named on Sno (image code wlc); family chalet: bookings must include at least one child/teen
sno-chalet-germaine,Chalet Germaine,unknown (sold via Sno),Méribel-Mottaret,Les 3 Vallées,France,6,7,3,,chalet,catered,Welcome vin chaud; Hearty continental breakfast (7 days); Hot breakfast options provided by hosts (5 days); Homemade afternoon tea and cake (6 days); Delicious three-course evening menu (5 days); Two-course Alpine speciality (1 day); A selection of hand-picked silver level wines (6 days); Hearty set,none,no,"Room With Cots, Heated boot warmers, Free WiFi, Close to piste, All rooms en suite",300,unknown,Saturday,1599,per-person,GBP,exact-week,1599,1869,,"package via Sno: Accommodation, Catered, Flights Included, Transfers",yes,,,"A sought-after chalet in Meribel Mottaret with en-suite rooms, modern alpine style, and an unbeatable location near piste, lifts, and village life. Chalet Germaine is a beautifully furnished 4-star chalet in the heart of Meribel Mottaret, just steps from the",https://www.sno.co.uk/ski-holidays/chalet-germaine_18379/,Sno,site-sno,5,chalets/images/sno-chalet-germaine/,2026-10-06,Sno 20 Mar 2027: £1599pp with 6 sharing from Gatwick; price range = Sno dates priced for 6 sharing from Gatwick; operator not named on Sno (image code wlc)
sno-chalet-cret-voland,Chalet Cret Voland,unknown (sold via Sno),Méribel (centre),Les 3 Vallées,France,,12,,,chalet,self-catered,,private-outdoor,yes,"General, Wood fireplace, Parking space, Boots heater, Without elevator, Outdoor furniture, Multimedia, Wifi, TV, Household appliances, Fridge, Freezer, Fondue appliance, Ironing board, Nespresso coffe",,unknown,Saturday,1190,per-person,GBP,exact-week,934,1607,,"package via Sno: Accommodation, Self Catering, Without Flights",yes,,,"Treat yourself to an exceptional getaway in the heart of the 3 Vallées with Chalet Cret Voland, a chic and cosy retreat perched in the peaceful heights of Mussillon, Méribel. Fully renovated, this charming property seamlessly combines the authenticity of",https://www.sno.co.uk/ski-holidays/chalet-cret-voland_21716/,Sno,site-sno,5,chalets/images/sno-chalet-cret-voland/,2026-10-06,"Sno 20 Mar 2027: £1190pp with 10 sharing from no flights (accommodation only); price range = Sno dates priced for 10 sharing from no flights (accommodation only); operator not named on Sno (image code wlc); sauna appears shared (residence/complex), not private; hot tub: Its standout feature? The outdoor wellness spaces: a large terrace, a heated Nordic bath for relaxing under the stars, a"
sno-chalet-tanniere-des-ours,Chalet Tannière des Ours,unknown (sold via Sno),Les Allues,Les 3 Vallées,France,,10,,,chalet,self-catered,,private-indoor,yes,"General, Wood fireplace, Ski locker, Boots heater, Multimedia, Wifi, TV, Household appliances, Coffee machine, Microwave, Microwave & oven combination, Fridge, Freezer, Raclette machine, Vaccum, Ironi",,unknown,Saturday,608,per-person,GBP,exact-week,608,1477,,"package via Sno: Accommodation, Self Catering, Without Flights",yes,,,"The chalet La Tanière des Ours located in the popular village of Raffort is a family chalet easily accessible by the slopes. It has been built in a very conservative spirit, all in wood and stone, this Savoyard chalet will",https://www.sno.co.uk/ski-holidays/chalet-tanni-re-des-ours_22572/,Sno,site-sno,5,chalets/images/sno-chalet-tanniere-des-ours/,2026-10-06,"Sno 20 Mar 2027: £608pp with 10 sharing from no flights (accommodation only); price range = Sno dates priced for 10 sharing from no flights (accommodation only); operator not named on Sno (image code wlc); family chalet: bookings must include at least one child/teen; hot tub: From the living room to the various bedrooms, including the relaxation area with jacuzzi, the spaces are warm and invite; hamlet: Le Raffort (between Les Allues and Méribel centre; village set to Les Allues as nearest listed village)"
sno-chalet-colorado,Chalet Colorado,unknown (sold via Sno),Méribel (centre),Les 3 Vallées,France,,14,,,chalet,self-catered,,private-indoor,no,"General, Garage, Wood fireplace, Ski locker, Parking space, Board games, Boots heater, Outdoor furniture, Multimedia, Wifi, TV, Household appliances, Coffee machine, Microwave, Fridge, Freezer, Raclet",,unknown,Saturday,,per-person,GBP,season-range,633,1235,,"package via Sno: Accommodation, Self Catering, Without Flights",no,,,"The chalet Colorado is situated in the neighbourhood of Musillon at the entrance of Meribel Centre and is a true mountain chalet decorated in a genuine rustic style. The outdoor architecture as the indoor's is very traditional, old wood covers",https://www.sno.co.uk/ski-holidays/chalet-colorado_21715/,Sno,site-sno,5,chalets/images/sno-chalet-colorado/,2026-10-06,"Sno 20 Mar 2027: Sold Out; price range = Sno dates priced for 14 sharing from no flights (accommodation only); operator not named on Sno (image code wlc); hot tub: with its table football, fitness room, hammam and jacuzzi"
sno-chalet-hygge,Chalet Hygge,unknown (sold via Sno),Les Allues,Les 3 Vallées,France,,12,,,chalet,self-catered,,none,no,"General, Wood fireplace, Ski locker, Parking space, Boots heater, Multimedia, Sky, Wifi, International channels, SONOS speaker, Household appliances, Microwave, Fridge, Freezer, Raclette machine, Fond",,unknown,Saturday,686,per-person,GBP,exact-week,686,1720,,"package via Sno: Accommodation, Self Catering, Without Flights",yes,,,"""Hygge"" is a danish word used to describe comfortable surroundings that bring a sense of well-being. Nestled in the hamlet le Raffort in Meribel, chalet Hygge is a recently refurbished barn designed designed and furnished to a special sense of",https://www.sno.co.uk/ski-holidays/chalet-hygge_22132/,Sno,site-sno,5,chalets/images/sno-chalet-hygge/,2026-10-06,Sno 20 Mar 2027: £686pp with 10 sharing from no flights (accommodation only); price range = Sno dates priced for 10 sharing from no flights (accommodation only); operator not named on Sno (image code wlc); hamlet: Le Raffort (between Les Allues and Méribel centre; village set to Les Allues as nearest listed village)
sno-chalet-palou,Chalet Palou,unknown (sold via Sno),Méribel (centre),Les 3 Vallées,France,,12,,,chalet,self-catered,,private-indoor,yes,"General, Garage, Parking space, Board games, Boots heater, Without elevator, Outdoor furniture, Wood Stove, Baby cot, Multimedia, Wifi, TV, Apple TV, SONOS speaker, BOSE speakers, Bluetooth or wifi sp",,unknown,Saturday,920,per-person,GBP,exact-week,764,1442,,"package via Sno: Accommodation, Self Catering, Without Flights",yes,,,"Chalet Palou is a recently built property with jacuzzi and sauna located in the quiet and sought-after Plateau district of Méribel resort. On a sunny hillside, it provides easy access to the ski slopes (450m away) and to the resort",https://www.sno.co.uk/ski-holidays/chalet-palou_21714/,Sno,site-sno,5,chalets/images/sno-chalet-palou/,2026-10-06,Sno 20 Mar 2027: £920pp with 10 sharing from no flights (accommodation only); price range = Sno dates priced for 10 sharing from no flights (accommodation only); operator not named on Sno (image code wlc); hot tub: jacuzzi and sauna
sno-chalet-aster,Chalet Aster,unknown (sold via Sno),Méribel-Mottaret,Les 3 Vallées,France,,10,,,chalet,self-catered,,none,yes,"General, Garage, Wood fireplace, Ski locker, Boots heater, Outdoor furniture, Multimedia, Wifi, TV, Bluetooth or wifi speaker, Household appliances, Microwave, Microwave & oven combination, Fridge, Fr",,unknown,Saturday,912,per-person,GBP,exact-week,869,1737,,"package via Sno: Accommodation, Self Catering, Without Flights",yes,,,"Perched high above Meribel in the sought-after Mottaret area, Chalet Aster is a true gem that combines modern elegance with authentic Alpine charm. This brand new chalet offers a warm and refined atmosphere, perfect for unforgettable mountain holidays. After a",https://www.sno.co.uk/ski-holidays/chalet-aster_22592/,Sno,site-sno,5,chalets/images/sno-chalet-aster/,2026-10-06,Sno 20 Mar 2027: £912pp with 10 sharing from no flights (accommodation only); price range = Sno dates priced for 10 sharing from no flights (accommodation only); operator not named on Sno (image code wlc)
sno-chalet-jeth,Chalet Jeth,unknown (sold via Sno),Méribel-Mottaret,Les 3 Vallées,France,,12,,,chalet,self-catered,,none,yes,"General, Ski locker, Boots heater, Pets not allowed, Multimedia, Wifi, TV, Household appliances, Microwave, Freezer, Nespresso coffee machine, Kettle, Toaster, Dishwasher, Oven, Not included (on reque",,unknown,Saturday,1086,per-person,GBP,exact-week,912,1955,,"package via Sno: Accommodation, Self Catering, Without Flights",yes,,,"Chalet Jeth is nestled in a peaceful natural setting, just a few steps from the Tueda Nature Reserve. Located in the Le Châtelet area of Méribel-Mottaret, it is only 250 metres from the ski slopes and ski school. A free",https://www.sno.co.uk/ski-holidays/chalet-jeth_23013/,Sno,site-sno,5,chalets/images/sno-chalet-jeth/,2026-10-06,Sno 20 Mar 2027: £1086pp with 10 sharing from no flights (accommodation only); price range = Sno dates priced for 10 sharing from no flights (accommodation only); operator not named on Sno (image code wlc)
sno-chalet-ruisseau-renarde,Chalet Ruisseau Renarde,unknown (sold via Sno),Méribel (centre),Les 3 Vallées,France,,11,,,chalet,self-catered,,none,yes,"General, Wood fireplace, Ski locker, Parking space, Boots heater, Without elevator, Outdoor furniture, Baby cot, Multimedia, Wifi, TV, Home cinema, Household appliances, Coffee machine, Microwave, Fri",,unknown,Saturday,695,per-person,GBP,exact-week,608,1260,,"package via Sno: Accommodation, Self Catering, Without Flights",yes,,,"Chalet Ruisseau Renarde is located on Route de la Renarde, a highly sought-after area close to the center and slopes of Méribel. This semi-detached chalet embodies the spirit of a refuge in dialogue with the mountains, combining comfort and conviviality.",https://www.sno.co.uk/ski-holidays/chalet-ruisseau-renarde_22190/,Sno,site-sno,5,chalets/images/sno-chalet-ruisseau-renarde/,2026-10-06,"Sno 20 Mar 2027: £695pp with 10 sharing from no flights (accommodation only); price range = Sno dates priced for 10 sharing from no flights (accommodation only); operator not named on Sno (image code wlc); hot tub: Ensuite bathroom : Double hand basin, Towel dryer, Hairdryer, Whirlpool bathtub, Toilet,; no hot tub; only whirlpool bathtub in en-suite"
sno-chalet-clementine,Chalet Clémentine,unknown (sold via Sno),Méribel-Mottaret,Les 3 Vallées,France,,10,,,chalet,self-catered,,none,no,"General, Garage, Wood fireplace, Ski locker, Boots heater, Household appliances, Coffee machine, Microwave, Fridge, Nespresso coffee machine, Toaster, Washing-drying machine, Dishwasher, Oven",,unknown,unknown,,per-person,GBP,season-range,695,1346,,"package via Sno: Accommodation, Self Catering, Without Flights",unknown,,,"Chalet Clémentine is located in a green setting just a few steps from the Tueda nature reserve. In the ""Le Chatelet"" district of Mottaret, it's just 250m from the start of the slopes and the ski school. A shuttle bus",https://www.sno.co.uk/ski-holidays/chalet-cl-mentine_21910/,Sno,site-sno,5,chalets/images/sno-chalet-clementine/,2026-10-06,Sno: no 20 Mar 2027 departure listed; price range = Sno dates priced for 10 sharing from no flights (accommodation only); operator not named on Sno (image code wlc)
sno-apartment-serene,Apartment Serene,unknown (sold via Sno),Méribel (centre),Les 3 Vallées,France,8,12,5,5,chalet,self-catered,,private-outdoor,yes,"Interior, Sleeps 8+4, 173 Square metres, 5 Bedrooms, 8 Individual beds, 5 Bathrooms, 1 Additional WCs, 9 Dining table seats, 10 Living area seats, Appliances, Alarm System, Bluetooth speaker, Smart TV",,unknown,Sunday,1827,per-person,GBP,exact-week,1473,3342,,"package via Sno: Accommodation, Self Catering, Without Flights",yes,,,"Spacious and beautifully decorated apartment situated in the heart of Meribel centre, with an outdoor hot tub and sauna. This beautiful five-bedroom apartment in Meribel is set across one spacious floor, thoughtfully designed for both comfort and conviviality. Stepping through",https://www.sno.co.uk/ski-holidays/apartment-serene_21730/,Sno,site-sno,5,chalets/images/sno-apartment-serene/,2026-10-06,"Sno 20 Mar 2027: £1827pp with 8 sharing from no flights (accommodation only); price range = Sno dates priced for 8 sharing from no flights (accommodation only); operator not named on Sno (image code wlc); sauna appears shared (residence/complex), not private; hot tub: Spacious and beautifully decorated apartment situated in the heart of Meribel centre, with an outdoor hot tub and sauna"
sno-chalet-les-morilles,Chalet Les Morilles,unknown (sold via Sno),Méribel Village,Les 3 Vallées,France,,10,,,chalet,self-catered,,private-outdoor,no,"General, Garage, Wood fireplace, Ski locker, Parking space, Boots heater, Safe, Outdoor furniture, Baby cot, High chair, Multimedia, TV, Household appliances, Microwave, Fridge, Freezer, Raclette mach",,unknown,unknown,,per-person,GBP,season-range,738,1390,,"package via Sno: Accommodation, Self Catering, Without Flights",unknown,,,"Discover this modern chalet with jacuzzi, enjoying breathtaking views over the valley. Experience the peace and quiet of the authentic village of Méribel, near the Golf chairlift to the 3 Vallées ski area. This chalet is split over 3 levels",https://www.sno.co.uk/ski-holidays/chalet-les-morilles_22065/,Sno,site-sno,5,chalets/images/sno-chalet-les-morilles/,2026-10-06,"Sno: no 20 Mar 2027 departure listed; price range = Sno dates priced for 10 sharing from no flights (accommodation only); operator not named on Sno (image code wlc); hot tub: Discover this modern chalet with jacuzzi, enjoying breathtaking views over the valley"
sno-chalet-rhodo,Chalet Rhodo,unknown (sold via Sno),Les Allues,Les 3 Vallées,France,,12,,,chalet,self-catered,,none,yes,"General, Wood fireplace, Ski locker, Parking space, Boots heater, Multimedia, TV",,unknown,Saturday,,per-person,GBP,season-range,796,1375,,"package via Sno: Accommodation, Self Catering, Without Flights",no,,,"Chalet RHODO, semi-detached, is located in the heart of the charming and authentic village of Le Raffort, just a few steps from the Olympe ski lift, which connects directly to Méribel. Spread over three floors, this new chalet is the",https://www.sno.co.uk/ski-holidays/chalet-rhodo_22084/,Sno,site-sno,5,chalets/images/sno-chalet-rhodo/,2026-10-06,Sno 20 Mar 2027: Sold Out; price range = Sno dates priced for 12 sharing from no flights (accommodation only); operator not named on Sno (image code wlc); hamlet: Le Raffort (between Les Allues and Méribel centre; village set to Les Allues as nearest listed village)
sno-chalet-marmottes,Chalet Marmottes,unknown (sold via Sno),Méribel Village,Les 3 Vallées,France,,10,,,chalet,self-catered,,none,no,"General, Wood fireplace, Ski locker, Parking space, Boots heater, Without elevator, Outdoor furniture, Baby cot, High chair, Multimedia, Wifi, TV, SONOS speaker, Netflix, Snooker, Household appliances",,unknown,Saturday,678,per-person,GBP,exact-week,608,843,,"package via Sno: Accommodation, Self Catering, Without Flights",yes,,,"Discover the new, modern Chalet Marmottes, just a few metres from the slopes and shops at Meribel Village, with easy access to the 3 Vallees ski area just a few steps away. Designed to accommodate 6 adults and 4 children,",https://www.sno.co.uk/ski-holidays/chalet-marmottes_22763/,Sno,site-sno,5,chalets/images/sno-chalet-marmottes/,2026-10-06,Sno 20 Mar 2027: £678pp with 10 sharing from no flights (accommodation only); price range = Sno dates priced for 10 sharing from no flights (accommodation only); operator not named on Sno (image code wlc)
sno-chalet-brioche,Chalet Brioche,unknown (sold via Sno),Méribel (centre),Les 3 Vallées,France,,8,4,,chalet,catered,Signature Chalet Board; Welcome vin chaud; Champagne on your first evening; Hearty continental breakfast (7 days); Bean-to-cup freshly made coffee; Hot breakfast options provided by hosts (5 days); Homemade afternoon tea and cake (6 days); Aperitifs and canapes (6 days); Delicious three-course eveni,private-outdoor,yes,"Sauna / Steam room, Room With Cots, Luxury property, Hot tub, Free WiFi, All rooms en suite",,unknown,Sunday,1699,per-person,GBP,exact-week,1699,2049,,"package via Sno: Accommodation, Catered, Flights Included, Transfers",yes,,,"A 'chocolate-box' stunner complete with hot tub, sauna and a cosy crackling log fire - Chalet Brioche blends charm, opulence and comfort for the ski holiday of your dreams in magical Meribel. Chalet Brioche is a characterful and elegant Savoyard",https://www.sno.co.uk/ski-holidays/chalet-brioche_21572/,Sno,site-sno,5,chalets/images/sno-chalet-brioche/,2026-10-06,"Sno 20 Mar 2027: £1699pp with 8 sharing from Gatwick; price range = Sno dates priced for 8 sharing from Gatwick; operator not named on Sno (image code wlc); hot tub: A 'chocolate-box' stunner complete with hot tub, sauna and a cosy crackling log fire - Chalet Brioche blends charm, opul"
sno-chalet-fontany,Chalet Fontany,unknown (sold via Sno),Méribel Village,Les 3 Vallées,France,,12,,,chalet,self-catered,,private-outdoor,yes,"General, Ski locker, Parking space, Boots heater, Multimedia, Sky, Wifi, TV, Household appliances, Fridge, Freezer, Vaccum, Ironing board, Iron, Kitchen exhaust hood, Toaster, Dishwasher, Washing mach",,unknown,unknown,,per-person,GBP,season-range,760,1810,,"package via Sno: Accommodation, Self Catering, Without Flights",unknown,,,"Chalet Fontany, located in the hamlet of Meribel Village, is a family chalet combining traditional and contemporary styles. Located a few minutes from the slopes and shops, you can access the ski area of the ??3 Valleys in a few",https://www.sno.co.uk/ski-holidays/chalet-fontany_22343/,Sno,site-sno,5,chalets/images/sno-chalet-fontany/,2026-10-06,"Sno: no 20 Mar 2027 departure listed; price range = Sno dates priced for 12 sharing from no flights (accommodation only); operator not named on Sno (image code wlc); family chalet: bookings must include at least one child/teen; hot tub: On the same level, a separate bathroom offers a sauna and a whirlpool bath for moments of relaxation"
sno-mont-tremblant,Mont Tremblant,unknown (sold via Sno),Méribel (centre),Les 3 Vallées,France,,12,6,6,chalet,self-catered,,private-outdoor,no,"Interior, Sleeps 12, 600 Square meters, 6 Bedrooms, 11 Individual beds, 6 Bathrooms, 2 Additional WCs, 12 Dining table seats, 10 Living area seats, Appliances, Apple TV, TV, Hi-Fi/CD player/MP3 player",,unknown,Sunday,3492,per-person,GBP,exact-week,3390,3854,,"package via Sno: Accommodation, Self Catering, Without Flights",yes,,,"An exceptional property with outstanding facilities, decor and design. Mont Tremblant epitomises the height of luxurious alpine living. A heated outdoor infinity pool and elevated hot tub add an additional luxury dimension to this already outstanding private home. Mont Tremblant",https://www.sno.co.uk/ski-holidays/mont-tremblant_18905/,Sno,site-sno,5,chalets/images/sno-mont-tremblant/,2026-10-06,Sno 20 Mar 2027: £3492pp with 10 sharing from no flights (accommodation only); price range = Sno dates priced for 10 sharing from no flights (accommodation only); operator not named on Sno (image code wlc); hot tub: A heated outdoor infinity pool and elevated hot tub add an additional luxury dimension to this already outstanding priva
sno-chalet-elegie,Chalet Elegie,unknown (sold via Sno),Méribel (centre),Les 3 Vallées,France,,12,,,chalet,self-catered,"Chalet Pontus is available in both; Hosted and Independent Stay; Hosted Stay :; When you choose a Hosted Holiday, you’re in for an unforgettable treat. Every stay includes a private chef, a dedicated host and an in-resort concierge service, ensuring every detail is taken care of with the utmost atte",private-outdoor,yes,"Upon entry, discover a ski and boot room, games room, and a wellness area with a pool. A lift connects all floors, with en suite bedrooms on the first and second levels, three featuring private balcon",,unknown,Sunday,3512,per-person,GBP,exact-week,3365,9692,,"package via Sno: Accommodation, Self Catering, Without Flights",yes,,,"Chalet Elegie is a 310 sqm retreat perfectly located, just 300 meters from the village and 500 meters from the slopes. Spanning four floors, it’s designed for families and friends to gather. The expansive living room, framed by floor-to-ceiling windows,",https://www.sno.co.uk/ski-holidays/chalet-elegie_21504/,Sno,site-sno,5,chalets/images/sno-chalet-elegie/,2026-10-06,"Sno 20 Mar 2027: £3512pp with 10 sharing from no flights (accommodation only); price range = Sno dates priced for 10 sharing from no flights (accommodation only); operator not named on Sno (image code wlc); hot tub: Unwind in the chalet’s spa, featuring a counter-flow pool, sauna, and a spacious terrace with a hot tub—perfect for soak"
sno-chalet-caribou,Chalet Caribou,unknown (sold via Sno),Les Allues,Les 3 Vallées,France,,10,5,5,chalet,self-catered,,none,yes,"Interior, Sleeps 10, 210 Square metres, 5 Bedrooms, 8 Individual beds, 5 Bathrooms, 1 Additional WCs, 10 Dining table seats, 10 Living area seats, Appliances, TV, Wifi, Wellness and Relaxation, Hammam",,unknown,unknown,,per-person,GBP,season-range,1298,2704,,"package via Sno: Accommodation, Self Catering, Without Flights",unknown,,,"A stylish alpine escape in the heart of the three valleys Tucked away in the tranquil Raffort hamlet of Meribel, just a few minutes' walk from the Olympic gondola, Chalet Caribou is an elegant property that perfectly blends modern design",https://www.sno.co.uk/ski-holidays/chalet-caribou_21481/,Sno,site-sno,5,chalets/images/sno-chalet-caribou/,2026-10-06,Sno: no 20 Mar 2027 departure listed; price range = Sno dates priced for 10 sharing from no flights (accommodation only); operator not named on Sno (image code wlc); hamlet: Raffort hameau (between Les Allues and Méribel centre; village set to Les Allues as nearest listed village)
sno-chalet-kalinka,Chalet Kalinka,unknown (sold via Sno),Méribel (centre),Les 3 Vallées,France,,15,,,chalet,breakfast-only,,private-indoor,yes,"General, Elevator, Garage, Wood fireplace, Ski locker, Parking space, Boots heater, Table football, Multimedia, TV, Home cinema, Apple TV, Netflix, Snooker, Children games, Playstation, Not included (",,unknown,Sunday,,per-person,GBP,season-range,869,2832,,"package via Sno: Accommodation, Bed & Breakfast, Without Flights",no,,,"This luxurious new chalet is a gem in the 3 Vallées. A large cosy living room, games for children and adults, as well as a wellness area worthy of a hotel; everything you need for a successful stay. Located in",https://www.sno.co.uk/ski-holidays/chalet-kalinka_22329/,Sno,site-sno,5,chalets/images/sno-chalet-kalinka/,2026-10-06,Sno 20 Mar 2027: Sold Out; price range = Sno dates priced for 15 sharing from no flights (accommodation only); operator not named on Sno (image code wlc); hot tub: Indoor jacuzzi
sno-chalet-harmony,Chalet Harmony,unknown (sold via Sno),Méribel (centre),Les 3 Vallées,France,,14,,,chalet,catered,,private-indoor,yes,"Ski room with heated book racks and TV, Sitting room with library and TV, Dining and games room with open fireplace, billiards table, minibar and TV., Wine cellar, Swimming pool, Wellness area with ho",,unknown,Sunday,,per-person,GBP,season-range,3722,5322,,"package via Sno: Accommodation, Catered, Without Flights",no,,,"Chalet Harmony offers a rare opportunity for those seeking luxury, privacy, and proximity to Méribel’s pistes and charming centre: a brand new chalet, built to an unrivalled standard in 2023 and spanning four opulently decorated floors, just minutes from the",https://www.sno.co.uk/ski-holidays/chalet-harmony_19829/,Sno,site-sno,5,chalets/images/sno-chalet-harmony/,2026-10-06,"Sno 20 Mar 2027: Sold Out; price range = Sno dates priced for 14 sharing from no flights (accommodation only); operator not named on Sno (image code wlc); hot tub: Next-door is the beautifully appointed wellness area, where you could easily spend a week soaking in the hot tub, easing"
sno-chalet-etoile-des-neiges,Chalet Etoile des Neiges,unknown (sold via Sno),Méribel (centre),Les 3 Vallées,France,,14,,,chalet,self-catered,,private-outdoor,yes,"Fireplace, Outdoor HotTub, Sauna, Indoor & Outdoor parking, Meribel center: 700 metres, Ski lift: 900 metres",,unknown,Sunday,2365,per-person,GBP,exact-week,2365,3179,,"package via Sno: Accommodation, Self Catering, Without Flights",yes,,,"An alpine escape of refined sophistication, framed by panoramic views, flawless design, and in-chalet wellness. Located in Meribel Centre, Chalet Étoile des Neiges sleeps up to 14 guests across five bedrooms and a family suite. South-facing bay windows frame the",https://www.sno.co.uk/ski-holidays/chalet-etoile-des-neiges_21509/,Sno,site-sno,5,chalets/images/sno-chalet-etoile-des-neiges/,2026-10-06,"Sno 20 Mar 2027: £2365pp with 10 sharing from no flights (accommodation only); price range = Sno dates priced for 10 sharing from no flights (accommodation only); operator not named on Sno (image code wlc); hot tub: South-facing bay windows frame the mountain views, with a generous terrace and outdoor hot tub beyond"
sno-chalet-des-amis,Chalet des Amis,unknown (sold via Sno),Méribel (centre),Les 3 Vallées,France,,15,,,chalet,breakfast-only,,none,yes,"General, Wood fireplace, Ski locker, Parking space, Board games, Boots heater, Outdoor furniture, Table football, Multimedia, Wifi, TV, Karaoke, Flipper, Household appliances, Coffee machine, Microwav",,unknown,Sunday,,per-person,GBP,season-range,1129,1668,,"package via Sno: Accommodation, Bed & Breakfast, Without Flights",no,,,"The Chalet des Amis is a unique accommodation for tailor-made vacations in Meribel. Equipped for 15 people, it combines the authentic charm of mountain chalets with the comfort and equipment of today's chalets. The Chalet des Amis will seduce you",https://www.sno.co.uk/ski-holidays/chalet-des-amis_21981/,Sno,site-sno,5,chalets/images/sno-chalet-des-amis/,2026-10-06,Sno 20 Mar 2027: Sold Out; price range = Sno dates priced for 15 sharing from no flights (accommodation only); operator not named on Sno (image code wlc)
sno-chalet-les-sorbiers,Chalet Les Sorbiers,unknown (sold via Sno),Les Allues,Les 3 Vallées,France,,12,,,chalet,half-board,,private-indoor,yes,"General, Elevator, Garage, Wood fireplace, Ski locker, Parking space, Board games, Boots heater, Safe, Outdoor furniture, Multimedia, Wifi, TV, Apple TV, Household appliances, Microwave, Fridge, Freez",,unknown,Saturday,,per-person,GBP,season-range,1955,3113,,"package via Sno: Accommodation, Half Board, Without Flights",no,,,"In the heart of the Méribel valley, the hamlet of Raffort stands out for its charm and authenticity. It alone embodies the mountain imagination, through its traditional chalets and its old renovated barns. Wood and stone, a chapel and even",https://www.sno.co.uk/ski-holidays/chalet-les-sorbiers_22175/,Sno,site-sno,5,chalets/images/sno-chalet-les-sorbiers/,2026-10-06,"Sno 20 Mar 2027: Sold Out; price range = Sno dates priced for 12 sharing from no flights (accommodation only); operator not named on Sno (image code wlc); hot tub: It includes a sauna, an indoor jacuzzi, a gym and a massage table; hamlet: Le Raffort (between Les Allues and Méribel centre; village set to Les Allues as nearest listed village)"
sno-chalet-la-loze,Chalet La Loze,unknown (sold via Sno),Méribel Village,Les 3 Vallées,France,12,15,7,5,chalet,self-catered,,private-outdoor,no,"Interior, Sleeps 12 + 3, 375 Square metres, 7 Bedrooms, 12 Individual beds, 5 Bathrooms, 2 Additional WCs, 12 Dining table seats, 10 Living area seats, Appliances, Apple TV, TV, Integrated sound syste",,unknown,unknown,,per-person,GBP,season-range,1639,1986,,"package via Sno: Accommodation, Self Catering, Without Flights",unknown,,,"Brand new for the 2019/20 season, modern elegance and authentic alpine style are the hallmarks of Chalet La Loze Chalet La Loze is a beautiful seven-bedroom luxury alpine home in Méribel Village with stunning mountain views. The neighbourhood is renowned",https://www.sno.co.uk/ski-holidays/chalet-la-loze_18880/,Sno,site-sno,5,chalets/images/sno-chalet-la-loze/,2026-10-06,"Sno: no 20 Mar 2027 departure listed; price range = Sno dates priced for 12 sharing from no flights (accommodation only); operator not named on Sno (image code wlc); hot tub: The chalet's eight-person hot tub is accessed from this floor, via a heated outdoor path"
sno-chalet-pierre-meribel,Chalet Pierre,unknown (sold via Sno),Méribel (centre),Les 3 Vallées,France,14,15,,,chalet,catered,,private-indoor,yes,,,unknown,Sunday,4162,per-person,GBP,exact-week,3692,8235,,"package via Sno: Accommodation, Catered, Without Flights",yes,,,"Every detail of Chalet Pierre has been considered to ensure the perfect ski holiday. Constructed in 2026 to the highest possible standards, it combines natural materials, carefully chosen furnishings, and a subtle use of colour and texture to create a",https://www.sno.co.uk/ski-holidays/chalet-pierre_22954/,Sno,site-sno,5,chalets/images/sno-chalet-pierre-meribel/,2026-10-06,"Sno 20 Mar 2027: £4162pp with 10 sharing from no flights (accommodation only); price range = Sno dates priced for 10 sharing from no flights (accommodation only); operator not named on Sno (image code wlc); hot tub: Chalet Pierre’s serene wellness area is a treat for weary skiers, with its large indoor hot tub, sauna, hammam, and a ma"
sno-chalet-gebroulaz,Chalet Gebroulaz,unknown (sold via Sno),Méribel Village,Les 3 Vallées,France,,12,,,chalet,breakfast-only,,none,yes,"General, Garage, Wood fireplace, Ski locker, Parking space, Boots heater, Safe, Outdoor furniture, Ski room, Pets not allowed, Multimedia, Wifi, TV, Speakers, Household appliances, Microwave, Fridge, ",,unknown,unknown,,per-person,GBP,season-range,1050,2606,,"package via Sno: Accommodation, Bed & Breakfast, Without Flights",unknown,,,"Treat yourself to an exceptional stay at Chalet Gebroulaz, a 300 m² chalet ideally located in the heart of Méribel Village, right next to the slopes and the Golf chairlift. A prime location to fully enjoy the mountains with family",https://www.sno.co.uk/ski-holidays/chalet-gebroulaz_23014/,Sno,site-sno,5,chalets/images/sno-chalet-gebroulaz/,2026-10-06,Sno: no 20 Mar 2027 departure listed; price range = Sno dates priced for 12 sharing from no flights (accommodation only); operator not named on Sno (image code wlc)
sno-apartment-nanuq,Apartment Nanuq,unknown (sold via Sno),Méribel (centre),Les 3 Vallées,France,12,14,7,6,chalet,self-catered,,none,no,"Interior, Sleeps 12+2, 450 Square metres, 7 Bedrooms, 8 Individual beds, 6 Bathrooms, 12 Dining table seats, Appliances, TV, Wifi, Entertainment, Bar, TV room, Wellness and Relaxation, Balcony, Hammam",,unknown,Sunday,2519,per-person,GBP,exact-week,2054,5069,,"package via Sno: Accommodation, Self Catering, Without Flights",yes,,,"A beautifully designed ski-in, ski-out apartment with hammam in the heart of the French alps An idyllic retreat minutes from the slopes, Apartment Nanuq offers the ultimate mountain getaway in Méribel. Just a minute's ski from the Adret ski lift",https://www.sno.co.uk/ski-holidays/apartment-nanuq_21495/,Sno,site-sno,5,chalets/images/sno-apartment-nanuq/,2026-10-06,Sno 20 Mar 2027: £2519pp with 10 sharing from no flights (accommodation only); price range = Sno dates priced for 10 sharing from no flights (accommodation only); operator not named on Sno (image code wlc)
sno-chalet-lorchidee,Chalet L’Orchidée,unknown (sold via Sno),Les Allues,Les 3 Vallées,France,8,12,5,5,chalet,self-catered,,private-outdoor,no,"Interior, Sleeps 8+4, 300 Square metres, 5 Bedrooms, 8+4 Individual beds, 5 Bathrooms, 1 Additional WCs, 8 Dining table seats, 8 Living area seats, Appliances, Smart TV, Entertainment, Foosball table,",,unknown,Sunday,2038,per-person,GBP,exact-week,1877,2867,,"package via Sno: Accommodation, Self Catering, Without Flights",yes,,,"Stunning newly built standalone chalet in a peaceful area of Meribel, with easy access to the gondola and outdoor hot tub. This stunning newly renovated chalet is tucked away in the tranquil Raffort hamlet in Meribel, only a five-minute walk",https://www.sno.co.uk/ski-holidays/chalet-l-orchid-e_21729/,Sno,site-sno,5,chalets/images/sno-chalet-lorchidee/,2026-10-06,"Sno 20 Mar 2027: £2038pp with 8 sharing from no flights (accommodation only); price range = Sno dates priced for 8 sharing from no flights (accommodation only); operator not named on Sno (image code wlc); hot tub: Stunning newly built standalone chalet in a peaceful area of Meribel, with easy access to the gondola and outdoor hot tu; hamlet: Raffort hameau (between Les Allues and Méribel centre; village set to Les Allues as nearest listed village)"
sno-chalet-altius,Chalet Altius,unknown (sold via Sno),Méribel (centre),Les 3 Vallées,France,,12,6,5,chalet,self-catered,,private-indoor,yes,"Interior, Sleeps 12, 400 Square metres, 6 Bedrooms, 8 Individual beds, 5 Bathrooms, 2 Additional WCs, 12 Dining table seats, 7 Living area seats, Appliances, Smart TV, Wifi, Wellness and Relaxation, B",,unknown,unknown,,per-person,GBP,season-range,1382,1575,,"package via Sno: Accommodation, Room Only, Without Flights",unknown,,,"This stylish, modern family chalet with beautiful views sits a 5-minute drive from the heart of Méribel, and 150m from the piste Situated just 150m from the piste in the highly desirable and peaceful La Renarde area of Méribel, this",https://www.sno.co.uk/ski-holidays/chalet-altius_19797/,Sno,site-sno,5,chalets/images/sno-chalet-altius/,2026-10-06,"Sno: no 20 Mar 2027 departure listed; price range = Sno dates priced for 12 sharing from no flights (accommodation only); operator not named on Sno (image code wlc); family chalet: bookings must include at least one child/teen; hot tub: Equipped with calming and sensitive lighting, here you’ll find an indoor hot tub to soak in, as well as a luxurious hamm"
sno-chalet-queen-mijane,Chalet Queen Mijane,unknown (sold via Sno),Méribel Village,Les 3 Vallées,France,,15,,,chalet,breakfast-only,,none,no,"General, Elevator, Garage, Wood fireplace, Ski locker, Outdoor furniture, Wood Stove, Multimedia, Wifi, TV, Fiber, Speakers and wireless audio system, Household appliances, Microwave, Fridge, Freezer,",,unknown,Sunday,1998,per-person,GBP,exact-week,1998,3388,,"package via Sno: Accommodation, Bed & Breakfast, Without Flights",yes,,,"The chalet Queen Mijane, located in the hamlet of Méribel Village, is a luxury chalet with swimming pool that will make some envious. In a quiet area of the bustling Méribel, the chalet Queen Mijane is the perfect combination of",https://www.sno.co.uk/ski-holidays/chalet-queen-mijane_22658/,Sno,site-sno,5,chalets/images/sno-chalet-queen-mijane/,2026-10-06,Sno 20 Mar 2027: £1998pp with 10 sharing from no flights (accommodation only); price range = Sno dates priced for 10 sharing from no flights (accommodation only); operator not named on Sno (image code wlc)
sno-chalet-caro,Chalet Caro,unknown (sold via Sno),Méribel (centre),Les 3 Vallées,France,,8,4,,chalet,self-catered,,private-outdoor,no,"4 Bedrooms, all with en-suite facilities, Outdoor Hot Tub, Snug with Cinema Screen, Open Fire, Centre Distance: 450m, Distance from the slopes: 850m, Nearest Ski Lift: La Chaudanne Lift, Distance from",,unknown,Sunday,2606,per-person,GBP,exact-week,2331,4002,,"package via Sno: Accommodation, Self Catering, Without Flights",yes,,,"New for 23-24 | This stylish chalet was completed in 2017 and is expertly arranged over three floors, with modern chic furniture effortlessly blending with traditional alpine wood typical of Savoyard chalets. The main entrance is on the top floor",https://www.sno.co.uk/ski-holidays/chalet-caro_20988/,Sno,site-sno,5,chalets/images/sno-chalet-caro/,2026-10-06,"Sno 20 Mar 2027: £2606pp with 8 sharing from no flights (accommodation only); price range = Sno dates priced for 8 sharing from no flights (accommodation only); operator not named on Sno (image code wlc); hot tub: Full height sliding doors lead out to the south facing terrace, with hot-tub and views to the mountain beyond"
sno-chalet-lady-mijane,Chalet Lady Mijane,unknown (sold via Sno),Méribel Village,Les 3 Vallées,France,,12,,,chalet,self-catered,,private-indoor,yes,"General, Garage, Wood fireplace, Parking space, Board games, Boots heater, Safe, Without elevator, Multimedia, TV, Household appliances, Coffee machine, Microwave, Fridge, Freezer, Raclette machine, F",,unknown,Saturday,1520,per-person,GBP,exact-week,1216,1520,,"package via Sno: Accommodation, Self Catering, Without Flights",yes,,,"Chalet Lady Mijane, located in the hamlet of Méribel Village, is a luxury chalet with a relaxation area that will win you over. In a quiet area of bustling Méribel, the Lady Mijane chalet is the perfect blend of tradition",https://www.sno.co.uk/ski-holidays/chalet-lady-mijane_22019/,Sno,site-sno,5,chalets/images/sno-chalet-lady-mijane/,2026-10-06,"Sno 20 Mar 2027: £1520pp with 10 sharing from no flights (accommodation only); price range = Sno dates priced for 10 sharing from no flights (accommodation only); operator not named on Sno (image code wlc); family chalet: bookings must include at least one child/teen; hot tub: The Jacuzzi, hammam and sauna offer you a moment of relaxation in a space that combines comfort and modernity"
sno-domaine-de-l-orme,Domaine de l'Orme,unknown (sold via Sno),Méribel (centre),Les 3 Vallées,France,12,14,6,7,chalet,catered,,private-outdoor,no,"Interior, Sleeps 12 + 2, 730 Square meters, 6 Bedrooms, 10 Individual beds, 7 Bathrooms, 1 Additional WCs, 14 Dining table seats, 7 Living area seats, Appliances, Smart TV, Wifi, Wellness & Relaxation",,unknown,Sunday,7696,per-person,GBP,exact-week,7212,16958,,"package via Sno: Accommodation, Catered, Without Flights",yes,,,"A fantastic six-bedroom chalet which occupies a peaceful, secluded location yet is just a 5-minute drive from the heart of the resort. Domaine de l'Orme marries impressive modern chalet interior design with a plethora of luxurious facilities to create a",https://www.sno.co.uk/ski-holidays/domaine-de-l-orme_19805/,Sno,site-sno,5,chalets/images/sno-domaine-de-l-orme/,2026-10-06,"Sno 20 Mar 2027: £7696pp with 10 sharing from no flights (accommodation only); price range = Sno dates priced for 10 sharing from no flights (accommodation only); operator not named on Sno (image code wlc); hot tub: Comprised of a large indoor swimming pool, hammam, massage room, relaxation area and a stunning sunken wooden outdoor ho"
sno-chalet-lapin-blanc,Chalet Lapin Blanc,unknown (sold via Sno),Méribel (centre),Les 3 Vallées,France,14,15,,,chalet,catered,"Exquisite Food & Wine; The cuisine offered is a huge part of what sets a holiday apart. Eating has always been a memorable experience, akin to eating in a top quality restaurant. And we are proud that, in a recent competition run by The Times newspaper in which scores of excellent companies were nom",private-outdoor,yes,"Cinema/Children’s play room, Ski room- With heated boot racks, Cinema / play room with bar, Outdoor hot tub, Sauna, Private car parking",,unknown,Sunday,,per-person,GBP,season-range,3173,3954,,"package via Sno: Accommodation, Catered, Without Flights",no,,,"Nestled in the heart of Méribel, this ski-in, ski-out chalet is one of the most luxurious and best located in the valley. Magnificent from the outside in, this striking chalet spans four floors and is flanked by sundrenched wraparound balconies,",https://www.sno.co.uk/ski-holidays/chalet-lapin-blanc_15726/,Sno,site-sno,5,chalets/images/sno-chalet-lapin-blanc/,2026-10-06,"Sno 20 Mar 2027: Sold Out; price range = Sno dates priced for 14 sharing from no flights (accommodation only); operator not named on Sno (image code wlc); hot tub: For that well-deserved glass of champagne, the south facing picture windows open onto a sun terrace, and for ultimate re"
sno-chalet-bergeronnette,Chalet Bergeronnette,unknown (sold via Sno),Les Allues,Les 3 Vallées,France,,14,7,,chalet,self-catered,,private-outdoor,yes,"Total Area: 350 metre-squared, 7 Bedrooms, all with en-suite facilities, Outdoor Hot Tub & Indoor Sauna, Ski room with heated boot rack, Centre Distance: 1,300m, Distance from the slopes: 550m, Neares",,unknown,Sunday,1603,per-person,GBP,exact-week,1470,2731,,"package via Sno: Accommodation, Self Catering, Without Flights",yes,,,"New for 23-24 | We are delighted to add Chalet Bergeronnette to our portfolio of Meribel Chalets, a stunning, newly-renovated Chalet that can accommodate up to 14 guests. Chalet Bergeronnette oozes contemporary alpine charm, with vaulted ceilings in the living",https://www.sno.co.uk/ski-holidays/chalet-bergeronnette_19820/,Sno,site-sno,5,chalets/images/sno-chalet-bergeronnette/,2026-10-06,"Sno 20 Mar 2027: £1603pp with 10 sharing from no flights (accommodation only); price range = Sno dates priced for 10 sharing from no flights (accommodation only); operator not named on Sno (image code wlc); hot tub: Outside on the spacious terrace is a large jacuzzi, just the spot to soak aching muscles with a glass of something fizzy; hamlet: Nantgerel (between Les Allues and Méribel centre; village set to Les Allues as nearest listed village)"
sno-chalet-foinsbois,Chalet Foinsbois,unknown (sold via Sno),Méribel (centre),Les 3 Vallées,France,12,15,,,chalet,catered,"The cuisine offered is a huge part of what sets our holiday apart. Eating has always been a memorable experience, akin to eating in a top quality restaurant. And we are proud that, in a recent competition run by The Times newspaper in which scores of excellent companies were nominated by the public,",private-outdoor,yes,"Outdoor hot tub, Ski room with heated boot racks, Cinema room, Sauna, Private gym, Games room, Extensive terrace and garden with wonderful views, Car parking",,unknown,Sunday,3648,per-person,GBP,exact-week,3560,6558,,"package via Sno: Accommodation, Catered, Without Flights",yes,,,"Close to the skiing yet alluringly secluded, this sumptuous chalet enjoys arguably the most sought after position in Méribel Village. With its warm rustic beauty, smoking chimneys and snowy woodpiles, Chalet Foinsbois epitomises alpine charm, but with all the modern",https://www.sno.co.uk/ski-holidays/chalet-foinsbois_15725/,Sno,site-sno,5,chalets/images/sno-chalet-foinsbois/,2026-10-06,"Sno 20 Mar 2027: £3648pp with 10 sharing from no flights (accommodation only); price range = Sno dates priced for 10 sharing from no flights (accommodation only); operator not named on Sno (image code wlc); hot tub: Additionally, with its sauna, games room, gym, cinema and access to a traditional stone-clad hot tub, the lower ground f"
sno-chalet-hadrianou,Chalet Hadrianou,unknown (sold via Sno),Méribel (centre),Les 3 Vallées,France,,8,,,chalet,half-board,,none,yes,"General, Garage, Wood fireplace, Ski locker, Parking space, Board games, Boots heater, Safe, Without elevator, Outdoor furniture, Multimedia, Wifi, TV, International channels, Home cinema, Apple TV, W",,unknown,Saturday,3801,per-person,GBP,exact-week,3801,5429,,"package via Sno: Accommodation, Half Board, Without Flights",yes,,,"The ultimate luxury chalet Hadrianou, the downsized version of Chalet Hadrien, located a few minutes' walk from the slope Doron and shops of the resort centre, is a mythical prestigious chalet at this level of the station, without doubt one",https://www.sno.co.uk/ski-holidays/chalet-hadrianou_21992/,Sno,site-sno,5,chalets/images/sno-chalet-hadrianou/,2026-10-06,"Sno 20 Mar 2027: £3801pp with 8 sharing from no flights (accommodation only); price range = Sno dates priced for 8 sharing from no flights (accommodation only); operator not named on Sno (image code wlc); hot tub: Ensuite bathroom : Walk-in shower, Double hand basin, Towel dryer, Hairdryer, Whirlpool bathtub, Independent toilet,; no hot tub; only whirlpool bathtub in en-suite"
sno-chalet-haapiti,Chalet Haapiti,unknown (sold via Sno),Méribel (centre),Les 3 Vallées,France,8,12,5,,chalet,self-catered,,none,no,"Total Area: 400 metre-squared, 5 Bedrooms, sleeping 12 guests, Relaxation area and indoor pool, Panoramic Mountain views, Centre Distance: 200m, Distance from the Slopes: 300m, Nearest Ski Lift: Front",,unknown,unknown,,per-person,GBP,season-range,3083,4679,,"package via Sno: Accommodation, Self Catering, Without Flights",unknown,,,"This beautifully presented chalet is perfect for multiple families, with lots of space, a beautiful living room, cosy guestrooms, and that all-important indoor pool. The main Ski School meeting place is only a short walk away, ensuring easy and convenient",https://www.sno.co.uk/ski-holidays/chalet-haapiti_19184/,Sno,site-sno,5,chalets/images/sno-chalet-haapiti/,2026-10-06,Sno: no 20 Mar 2027 departure listed; price range = Sno dates priced for 8 sharing from no flights (accommodation only); operator not named on Sno (image code wlc)
sno-chalet-chergui,Chalet Chergui,unknown (sold via Sno),Méribel (centre),Les 3 Vallées,France,,10,,,chalet,self-catered,,shared,yes,"General, Elevator, Wood fireplace, Ski locker, Parking space, Boots heater, Outdoor furniture, Multimedia, Wifi, TV, Snooker, Household appliances, Microwave, Fridge, Freezer, Fondue appliance, Nespre",,unknown,Saturday,1542,per-person,GBP,exact-week,1260,2893,,"package via Sno: Accommodation, Self Catering, Without Flights",yes,,,"The Chergui is a prestigious chalet with hammam in the exclusive area of the rond-point des Pistes in Meribel. It offers high quality services, close to the ski slopes at only 50m. This 339 sq.m chalet is distributed on 4",https://www.sno.co.uk/ski-holidays/chalet-chergui_21718/,Sno,site-sno,5,chalets/images/sno-chalet-chergui/,2026-10-06,"Sno 20 Mar 2027: £1542pp with 10 sharing from no flights (accommodation only); price range = Sno dates priced for 10 sharing from no flights (accommodation only); operator not named on Sno (image code wlc); sauna appears shared (residence/complex), not private; hot tub: You also have access to the wellness area of the residence including a fitness room, a sauna, a jacuzzi, a hammam and a ; Rond-Point des Pistes area; jacuzzi/sauna in residence wellness area (shared)"
sno-chalet-la-varappe,Chalet La Varappe,unknown (sold via Sno),Méribel (centre),Les 3 Vallées,France,10,12,,,chalet,catered,"Exquisite Food & Wine; The cuisine offered is a huge part of what sets a holiday apart. Eating has always been a memorable experience, akin to eating in a top quality restaurant. And we are proud that, in a recent competition run by The Times newspaper in which scores of excellent companies were nom",private-outdoor,no,"TV room, Steam room, Outdoor hot tub, Private car parking, Bedroom 7-Twin or super-king bedded room with private bathroom with shower over., Large ski room-With heated boot racks, Infant Cots-Three of",,unknown,Sunday,2565,per-person,GBP,exact-week,2170,4253,,"package via Sno: Accommodation, Catered, Without Flights",yes,,,"From the moment you step into Chalet La Varappe, you know you’re somewhere rather special. Originally built by Mr Pomagalski (founder of the world-leading company, Poma), much of the interior is clad in the wood cleared whilst building the lift",https://www.sno.co.uk/ski-holidays/chalet-la-varappe_15728/,Sno,site-sno,5,chalets/images/sno-chalet-la-varappe/,2026-10-06,"Sno 20 Mar 2027: £2565pp with 10 sharing from no flights (accommodation only); price range = Sno dates priced for 10 sharing from no flights (accommodation only); operator not named on Sno (image code wlc); hot tub: Its spacious terraces, garden and private outdoor hot tub allow you to marvel at the mountains even after you’ve kicked "
sno-chalet-hadrien,Chalet Hadrien,unknown (sold via Sno),Méribel (centre),Les 3 Vallées,France,,14,,,chalet,half-board,,none,yes,"General, Garage, Wood fireplace, Ski locker, Parking space, Board games, Boots heater, Safe, Without elevator, Outdoor furniture, Multimedia, Wifi, TV, International channels, Home cinema, Apple TV, W",,unknown,Saturday,5646,per-person,GBP,exact-week,4778,10424,,"package via Sno: Accommodation, Half Board, Without Flights",yes,,,"The ultimate luxury chalet Hadrien located a few minutes' walk from the slope Doron and shops of the resort centre, is a mythical prestigious chalet at this level of the station, without doubt one of the most luxurious in Méribel.",https://www.sno.co.uk/ski-holidays/chalet-hadrien_22625/,Sno,site-sno,5,chalets/images/sno-chalet-hadrien/,2026-10-06,"Sno 20 Mar 2027: £5646pp with 10 sharing from no flights (accommodation only); price range = Sno dates priced for 10 sharing from no flights (accommodation only); operator not named on Sno (image code wlc); hot tub: Ensuite bathroom : Walk-in shower, Double hand basin, Towel dryer, Hairdryer, Whirlpool bathtub, Independent toilet,; no hot tub; only whirlpool bathtub in en-suite"
sno-chalet-ferme-de-mon-grand-pere,Chalet Ferme de mon Grand-Père,unknown (sold via Sno),Méribel (centre),Les 3 Vallées,France,,18,,,chalet,half-board,,private-indoor,yes,"General, Elevator, Wood fireplace, Ski locker, Parking space, Board games, Boots heater, Safe, Piano, Outdoor furniture, Baby cot, High chair, Multimedia, Wifi, TV, International channels, Home cinema",,unknown,Sunday,,per-person,GBP,season-range,965,4102,,"package via Sno: Accommodation, Half Board, Without Flights",no,,,Chalet under renovation and extension The chalet Ferme de mon Grand-Père located in the very privileged area of ??Mussillon at the entrance of the resort is certainly a family chalet. Its large size areas and numerous upscale amenities will delight,https://www.sno.co.uk/ski-holidays/chalet-ferme-de-mon-grand-p-re_22450/,Sno,site-sno,5,chalets/images/sno-chalet-ferme-de-mon-grand-pere/,2026-10-06,"Sno 20 Mar 2027: Sold Out; price range = Sno dates priced for 18 sharing from no flights (accommodation only); operator not named on Sno (image code wlc); family chalet: bookings must include at least one child/teen; hot tub: , the jacuzzi or sauna, while the sportier bunch can benefit from cardio training if the days on the 600 km of slopes of"
sno-chalet-casse-noisette,Chalet Casse Noisette,unknown (sold via Sno),Méribel (centre),Les 3 Vallées,France,,8,,,chalet,self-catered,,private-indoor,yes,"General, Garage, Wood fireplace, Ski locker, Parking space, Safe, Multimedia, Wifi, TV, Not included (on request), Baby cot, High chair",,unknown,Saturday,869,per-person,GBP,exact-week,456,1575,,"package via Sno: Accommodation, Self Catering, Without Flights",yes,,,"The Casse Noisette is a chic and cosy chalet with jacuzzi and sauna located in the quiet and sought-after area of the Plateau in Méribel. On the sunny side, you can easily access the ski slopes 450m away and the",https://www.sno.co.uk/ski-holidays/chalet-casse-noisette_22776/,Sno,site-sno,5,chalets/images/sno-chalet-casse-noisette/,2026-10-06,Sno 20 Mar 2027: £869pp with 8 sharing from no flights (accommodation only); price range = Sno dates priced for 8 sharing from no flights (accommodation only); operator not named on Sno (image code wlc); hot tub: jacuzzi and sauna
sno-chalet-irma,Chalet Irma,unknown (sold via Sno),Courchevel 1650 (Moriond),Les 3 Vallées,France,,6,,,chalet,catered,"Chalet board:; cooked breakfast, afternoon tea and a 3-course evening meal with unlimited wine at dinner, coffee and mints 5 nights a week. Champagne reception with canapés on your first and last evenings, with canapés and locally made Methode Champenoise on every other catered evening. Cheeseboard ",none,no,"Sleeps 6, Private Catering, Log fireplace, Steam room, Beautiful Alpine views, Close to the ski lifts",,unknown,Sunday,1474,per-person,GBP,exact-week,1468,2078,,"package via Sno: Accommodation, Catered, Flights Included, Transfers",yes,,,"STYLISH CHALET FOR 6 IN GREAT LOCATION WITH STEAM ROOM Chalet Irma was built on the site of ""The Shack"", where one of our directors lived in the 1980s, when health and safety was unknown in the French Alps (one",https://www.sno.co.uk/ski-holidays/chalet-irma_16374/,Sno,site-sno,5,chalets/images/sno-chalet-irma/,2026-10-06,Sno 20 Mar 2027: £1474pp with 2 sharing from Gatwick; price range = Sno dates priced for 2 sharing from Gatwick; operator not named on Sno (image code wlc)
sno-chalet-golden-eagle,Chalet Golden Eagle,unknown (sold via Sno),Courchevel,Les 3 Vallées,France,,10,,,chalet,catered,"Chalet board:; cooked breakfast, afternoon tea and a 3-course evening meal with unlimited wine at dinner, coffee and mints 5 nights a week. Champagne reception with canapés on your first and last evenings, with canapés and locally made Methode Champenoise on every other catered evening. Cheeseboard ",none,no,"Private Catering, Beautiful Alpine views, Classic chalet style, Large lounge and dining area, Media room, Large terrace",,unknown,Sunday,,per-person,GBP,season-range,1245,2078,,"package via Sno: Accommodation, Catered, Flights Included, Transfers",no,,,"STUNNING VIEWS FROM THIS BEAUTIFUL CHALET FOR 10 GUESTS Golden Eagle is another classic Alpine chalet of ours. Owned by a thoroughly charming and stylish local lady, every detail has been considered and taken care of. The chalet is extremely",https://www.sno.co.uk/ski-holidays/chalet-golden-eagle_18465/,Sno,site-sno,5,chalets/images/sno-chalet-golden-eagle/,2026-10-06,Sno 20 Mar 2027: Sold Out; price range = Sno dates priced for 2 sharing from Gatwick; operator not named on Sno (image code wlc)
sno-chalet-les-marmottes,Chalet Les Marmottes,unknown (sold via Sno),Courchevel,Les 3 Vallées,France,,2,,,chalet,catered,"Chalet board:; cooked breakfast, afternoon tea and a 3-course evening meal with unlimited wine at dinner, coffee and mints 5 nights a week. Champagne reception with canapés on your first and last evenings, with canapés and locally made Methode Champenoise on every other catered evening. Cheeseboard ",none,no,"Sleeps 2, Private Catering, Beautiful Alpine views, Large lounge and dining area, Large terrace, Whirlpool bath",,unknown,Sunday,1709,per-person,GBP,exact-week,1709,3420,,"package via Sno: Accommodation, Catered, Flights Included, Transfers",yes,,,"A PRIVATE CHALET FOR TWO PEOPLE, BLISS... Some people thought us crazy to offer a private catered chalet for just two guests, but Les Marmottes has proved extremely popular. You choose the topic of conversation - it's your own fault",https://www.sno.co.uk/ski-holidays/chalet-les-marmottes_13364/,Sno,site-sno,5,chalets/images/sno-chalet-les-marmottes/,2026-10-06,Sno 20 Mar 2027: £1709pp with 2 sharing from Gatwick; price range = Sno dates priced for 2 sharing from Gatwick; operator not named on Sno (image code wlc); village: Sno text only mentions views towards Courchevel 1850; exact village not stated
sno-chalet-jacques,Chalet Jacques,unknown (sold via Sno),Courchevel 1550 (Village),Les 3 Vallées,France,,10,5,,chalet,catered,Signature Chalet Board; Welcome vin chaud; Champagne on your first evening; Hearty continental breakfast (7 days); Bean-to-cup freshly made coffee; Hot breakfast options provided by hosts (5 days); Homemade afternoon tea and cake (6 days); Aperitifs and canapes (6 days); Delicious three-course eveni,private-outdoor,yes,"Ski In/Out, Sauna / Steam room, Room With Cots, Luxury property, Hot tub, Heated boot warmers, Free WiFi, All rooms en suite",120,yes,Sunday,1819,per-person,GBP,exact-week,1199,12175,,"package via Sno: Accommodation, Catered, Flights Included, Transfers",yes,,,"Chalet Jacques blends luxurious alpine style with en-suite bedrooms, wellness facilities, and a ski-in/out location right in the heart of Courchevel Village. Chalet Jacques is a 5+ Signature chalet brimming with traditional alpine charm and stylish comforts. Its ski-in/out location,",https://www.sno.co.uk/ski-holidays/chalet-jacques_15541/,Sno,site-sno,5,chalets/images/sno-chalet-jacques/,2026-10-06,"Sno 20 Mar 2027: £1819pp with 2 sharing from Gatwick; price range = Sno dates priced for 2 sharing from Gatwick; operator not named on Sno (image code wlc); hot tub: Add in a sauna and outdoor hot tub, and you've got the complete Three Valleys retreat; village: Sno location says Courchevel Village / Proveres piste / Grangettes"
sno-chalet-benjamin,Chalet Benjamin,unknown (sold via Sno),Courchevel 1550 (Village),Les 3 Vallées,France,10,11,5,,chalet,catered,Signature Chalet Board; Welcome vin chaud; Champagne on your first evening; Hearty continental breakfast (7 days); Bean-to-cup freshly made coffee; Hot breakfast options provided by hosts (5 days); Homemade afternoon tea and cake (6 days); Aperitifs and canapes (6 days); Delicious three-course eveni,yes-type-unknown,yes,"Ski In/Out, Sauna / Steam room, Room With Cots, Luxury property, Hot tub, Heated boot warmers, Free WiFi, All rooms en suite",120,yes,Sunday,1879,per-person,GBP,exact-week,1879,2859,,"package via Sno: Accommodation, Catered, Flights Included, Transfers",yes,,,"Chalet Benjamin is a Signature-grade stunner, blending industrial-chic style with en-suite bedrooms, a sauna, spectacular views and ski-in/out access in Courchevel Village. Chalet Benjamin is a stylish 5+ Signature chalet in a unique ski-in/out location beside the Proveres piste. With",https://www.sno.co.uk/ski-holidays/chalet-benjamin_15588/,Sno,site-sno,5,chalets/images/sno-chalet-benjamin/,2026-10-06,"Sno 20 Mar 2027: £1879pp with 10 sharing from Gatwick; price range = Sno dates priced for 10 sharing from Gatwick; operator not named on Sno (image code wlc); sauna appears shared (residence/complex), not private; hot tub: With five en-suite bedrooms, designer interiors, and a hot tub with a view, it's a warm and welcoming retreat; village: Sno location says Courchevel Village / Proveres piste / Grangettes; hot tub: 'outdoor hot tub overlooking the Vallée de Bozel'; one room text says 'shared terrace with outdoor hot tub' - probably private to the chalet, not confirmed"
sno-chalet-estrella,Chalet Estrella,unknown (sold via Sno),Courchevel 1650 (Moriond),Les 3 Vallées,France,,21,10,,chalet,catered,Welcome vin chaud; Hearty continental breakfast (7 days); Hot breakfast options provided by hosts (5 days); Homemade afternoon tea and cake (6 days); Delicious three-course evening menu (5 days); Two-course Alpine speciality (1 day); A selection of hand-picked silver level wines (6 days); Hearty set,private-outdoor,no,"Room With Cots, Hot tub, Heated boot warmers, Free WiFi, All rooms en suite",300,unknown,Sunday,1709,per-person,GBP,exact-week,1629,15600,,"package via Sno: Accommodation, Catered, Flights Included, Transfers",yes,,,"With all en-suite rooms, a bubbling outdoor hot tub, stunning views and serious Alpine style, Chalet Estrella is perfect for larger groups who don't want to compromise on comfort. Chalet Estrella is a traditional free-standing chalet in Courchevel Moriond, offering",https://www.sno.co.uk/ski-holidays/chalet-estrella_11243/,Sno,site-sno,5,chalets/images/sno-chalet-estrella/,2026-10-06,"Sno 20 Mar 2027: £1709pp with 2 sharing from Gatwick; price range = Sno dates priced for 2 sharing from Gatwick; operator not named on Sno (image code wlc); hot tub: With all en-suite rooms, a bubbling outdoor hot tub, stunning views and serious Alpine style, Chalet Estrella is perfect"
sno-chalet-rikiki,Chalet Rikiki,unknown (sold via Sno),Courchevel,Les 3 Vallées,France,,22,,,chalet,catered,"Chalet board:; cooked breakfast, afternoon tea and a 3-course evening meal with unlimited wine at dinner, coffee and mints 5 nights a week. Champagne reception with canapés on your first and last evenings, with canapés and locally made Methode Champenoise on every other catered evening. Cheeseboard ",private-outdoor,no,"Sleeps 22, Private Catering, Hot Tub, Log fireplace, Close to the ski lifts, Large lounge and dining area",,unknown,Sunday,,per-person,GBP,season-range,1245,2719,,"package via Sno: Accommodation, Catered, Flights Included, Transfers",no,,,NEWLY IMPROVED FABULOUS PISTE SIDE CHALET FOR 22 GUESTS We are delighted that the owners of this fabulous chalet made a lot of important improvements to the Chalet Rikiki we all know and love last Autumn. In the lounge new,https://www.sno.co.uk/ski-holidays/chalet-rikiki_13381/,Sno,site-sno,5,chalets/images/sno-chalet-rikiki/,2026-10-06,Sno 20 Mar 2027: Sold Out; price range = Sno dates priced for 2 sharing from Gatwick; operator not named on Sno (image code wlc); hot tub: You can also ski back right onto the terrace of Rikiki and you could even get straight into the hot tub - but we'd recom
sno-chalet-eagle-s-nest,Chalet Eagle's Nest,unknown (sold via Sno),Courchevel,Les 3 Vallées,France,,10,,,chalet,catered,"Chalet board:; cooked breakfast, afternoon tea and a 3-course evening meal with unlimited wine at dinner, coffee and mints 5 nights a week. Champagne reception with canapés on your first and last evenings, with canapés and locally made Methode Champenoise on every other catered evening. Cheeseboard ",none,no,"Sleeps 10, Private Catering, Steam room, Beautiful Alpine views, Classic chalet style, Large terrace",,unknown,Sunday,,per-person,GBP,season-range,1223,2905,,"package via Sno: Accommodation, Catered, Flights Included, Transfers",no,,,STUNNING VIEWS FROM THIS FABULOUS CHALET FOR 10 GUESTS Eagle's Nest sits right next to its sister Chalet Golden Eagle and is owned by the same delightful lady who has thought of everything one could need in an Alpine chalet.,https://www.sno.co.uk/ski-holidays/chalet-eagle-s-nest_18483/,Sno,site-sno,5,chalets/images/sno-chalet-eagle-s-nest/,2026-10-06,Sno 20 Mar 2027: Sold Out; price range = Sno dates priced for 2 sharing from Gatwick; operator not named on Sno (image code wlc); village: Sno text only mentions views towards Courchevel 1850; exact village not stated
sno-chalet-le-mollard,Chalet Le Mollard,unknown (sold via Sno),Courchevel 1650 (Moriond),Les 3 Vallées,France,,10,,,chalet,catered,"Chalet board:; cooked breakfast, afternoon tea and a 3-course evening meal with unlimited wine at dinner, coffee and mints 5 nights a week. Champagne reception with canapés on your first and last evenings, with canapés and locally made Methode Champenoise on every other catered evening. Cheeseboard ",private-outdoor,no,,,unknown,Sunday,1452,per-person,GBP,exact-week,1452,2905,,"package via Sno: Accommodation, Catered, Flights Included, Transfers",yes,,,"A STYLISH ALPINE CHALET IN THE PERFECT LOCATION The exterior of Le Mollard suggests classic Alpine chalet; the interior is more beachside home - and a very chic one at that. There's a wooden outdoor hot tub with stunning views,",https://www.sno.co.uk/ski-holidays/chalet-le-mollard_19664/,Sno,site-sno,5,chalets/images/sno-chalet-le-mollard/,2026-10-06,"Sno 20 Mar 2027: £1452pp with 2 sharing from Gatwick; price range = Sno dates priced for 2 sharing from Gatwick; operator not named on Sno (image code wlc); hot tub: There's a wooden outdoor hot tub with stunning views, beautiful new sofas surrounding the log burner in the very comfort"
sno-chalet-premier-de-cordee,Chalet Premier de Cordee,unknown (sold via Sno),Courchevel,Les 3 Vallées,France,,10,,,chalet,catered,"Chalet board:; cooked breakfast, afternoon tea and a 3-course evening meal with unlimited wine at dinner, coffee and mints 5 nights a week. Champagne reception with canapés on your first and last evenings, with canapés and locally made Methode Champenoise on every other catered evening. Cheeseboard ",none,no,"Sleeps 10, Private Catering, Log fireplace, Steam room, Beautiful Alpine views, Large lounge and dining area",,unknown,Sunday,1376,per-person,GBP,exact-week,1163,2753,,"package via Sno: Accommodation, Catered, Flights Included, Transfers",yes,,,"CLASSIC ALPINE CHALET WITH WONDERFUL VIEWS Premier de Cordée is a warm and welcoming chalet just made for relaxation after a tough day on the hill! Classic detached chalet exterior, modern Alpine interior with traditional touches and rustic timber panelling.",https://www.sno.co.uk/ski-holidays/chalet-premier-de-cordee_13379/,Sno,site-sno,5,chalets/images/sno-chalet-premier-de-cordee/,2026-10-06,Sno 20 Mar 2027: £1376pp with 2 sharing from Gatwick; price range = Sno dates priced for 2 sharing from Gatwick; operator not named on Sno (image code wlc)
sno-chalet-le-bouquetin,Chalet Le Bouquetin,unknown (sold via Sno),Courchevel,Les 3 Vallées,France,,6,,,chalet,catered,"Chalet board:; cooked breakfast, afternoon tea and a 3-course evening meal with unlimited wine at dinner, coffee and mints 5 nights a week. Champagne reception with canapés on your first and last evenings, with canapés and locally made Methode Champenoise on every other catered evening. Cheeseboard ",none,no,"Sleeps 6, Private Catering, Log fireplace, Large lounge and dining area, Large terrace, Whirlpool bath",,unknown,Sunday,,per-person,GBP,season-range,1535,1836,,"package via Sno: Accommodation, Catered, Flights Included, Transfers",no,,,"FABULOUSLY SPACIOUS AND STYLISH CHALET FOR SIX GUESTS Chalet Le Bouquetin sleeps six guests in great comfort and style. There are three twin bedrooms, all with ensuite facilities, and the lounge and dining areas are also extremely spacious. Bouquetin's large",https://www.sno.co.uk/ski-holidays/chalet-le-bouquetin_13368/,Sno,site-sno,5,chalets/images/sno-chalet-le-bouquetin/,2026-10-06,Sno 20 Mar 2027: Sold Out; price range = Sno dates priced for 2 sharing from Gatwick; operator not named on Sno (image code wlc)
sno-chalet-le-bisolet,Chalet Le Bisolet,unknown (sold via Sno),Courchevel,Les 3 Vallées,France,,7,,,chalet,catered,"Chalet board:; cooked breakfast, afternoon tea and a 3-course evening meal with unlimited wine at dinner, coffee and mints 5 nights a week. Champagne reception with canapés on your first and last evenings, with canapés and locally made Methode Champenoise on every other catered evening. Cheeseboard ",none,yes,"Sleeps 7, Private Catering, Log fireplace, Sauna, Beautiful Alpine views, Large lounge and dining area",,unknown,Sunday,1434,per-person,GBP,exact-week,1428,2869,,"package via Sno: Accommodation, Catered, Flights Included, Transfers",yes,,,"SLEEPS 7 GUESTS - GREAT VIEWS, STYLISH DECOR AND A RARE SINGLE ROOM Chalet Le Bisolet is a beautful chalet for seven guests with three ensuite twins plus a single room which carries no sole occupancy fee. The chalet's private",https://www.sno.co.uk/ski-holidays/chalet-le-bisolet_13372/,Sno,site-sno,5,chalets/images/sno-chalet-le-bisolet/,2026-10-06,Sno 20 Mar 2027: £1434pp with 2 sharing from Gatwick; price range = Sno dates priced for 2 sharing from Gatwick; operator not named on Sno (image code wlc)
sno-chalet-la-terrasse,Chalet La Terrasse,unknown (sold via Sno),Courchevel 1650 (Moriond),Les 3 Vallées,France,,4,,,chalet,catered,"Chalet board:; cooked breakfast, afternoon tea and a 3-course evening meal with unlimited wine at dinner, coffee and mints 5 nights a week. Champagne reception with canapés on your first and last evenings, with canapés and locally made Methode Champenoise on every other catered evening. Cheeseboard ",none,no,"Sleeps 4, Private Catering, Beautiful Alpine views, Close to the ski lifts, Large lounge and dining area, Large terrace",,unknown,Sunday,1474,per-person,GBP,exact-week,1245,2719,,"package via Sno: Accommodation, Catered, Flights Included, Transfers",yes,,,"MODERN, SYTLISH CHALET APARTMENT FOR FOUR GUESTS Chalet La Terrasse is a chalet/apartment in a very smart development called Aspen Lodge. The Lodge was an attractive addition right in the centre of Courchevel Moriond when it was built just a",https://www.sno.co.uk/ski-holidays/chalet-la-terrasse_16373/,Sno,site-sno,5,chalets/images/sno-chalet-la-terrasse/,2026-10-06,Sno 20 Mar 2027: £1474pp with 2 sharing from Gatwick; price range = Sno dates priced for 2 sharing from Gatwick; operator not named on Sno (image code wlc)
sno-chalet-mazot-les-bichettes,Chalet Mazot Les Bichettes,unknown (sold via Sno),Courchevel 1850,Les 3 Vallées,France,,4,,,chalet,self-catered,,none,no,,,unknown,Saturday,760,per-person,GBP,exact-week,652,923,,"package via Sno: Accommodation, Self Catering, Without Flights",yes,,,"A refuge in the fir trees In the privileged hamlet of Bellecôte in Courchevel, the mazot les Bichettes is accessible only by foot between the fir trees (from a distance of 40 meters). It benefits from a dreamlike setting in",https://www.sno.co.uk/ski-holidays/chalet-mazot-les-bichettes_22649/,Sno,site-sno,5,chalets/images/sno-chalet-mazot-les-bichettes/,2026-10-06,Sno 20 Mar 2027: £760pp with 4 sharing from no flights (accommodation only); price range = Sno dates priced for 4 sharing from no flights (accommodation only); operator not named on Sno (image code wlc); village: Sno says hamlet of Bellecôte in Courchevel (Bellecôte is a Courchevel 1850 quarter)
sno-chalet-caribou-courchevel-1650,Chalet Caribou,unknown (sold via Sno),Courchevel 1650 (Moriond),Les 3 Vallées,France,,6,,,chalet,catered,"Chalet board:; cooked breakfast, afternoon tea and a 3-course evening meal with unlimited wine at dinner, coffee and mints 5 nights a week. Champagne reception with canapés on your first and last evenings, with canapés and locally made Methode Champenoise on every other catered evening. Cheeseboard ",none,no,"Sleeps 6, Private Catering, Log fireplace, Steam room, Beautiful Alpine views, Close to the ski lifts",,unknown,Sunday,,per-person,GBP,season-range,1640,1932,,"package via Sno: Accommodation, Catered, Flights Included, Transfers",no,,,"CARIBOU SLEEPS 6 GUESTS AND HAS JUST COMPLETED A MARVELLOUS UPGRADE Chalet Caribou already had it all...terrific location, spacious ensuite bedrooms, comfortable and welcoming lounge and dining areas and fantastic sunsets. And now there's a seriously cool new kitchen with",https://www.sno.co.uk/ski-holidays/chalet-caribou_13370/,Sno,site-sno,5,chalets/images/sno-chalet-caribou-courchevel-1650/,2026-10-06,Sno 20 Mar 2027: Sold Out; price range = Sno dates priced for 2 sharing from Gatwick; operator not named on Sno (image code wlc)
sno-chalet-alpamayor-maia,Chalet Alpamayor Maia,unknown (sold via Sno),Courchevel 1550 (Village),Les 3 Vallées,France,,8,,,chalet,self-catered,,none,yes,"General, Wood fireplace, Parking space, Boots heater, Without elevator, High chair, Multimedia, Wifi, TV, Household appliances, Fridge, Freezer, Oven, Not included (on request), Baby cot",,unknown,Saturday,597,per-person,GBP,exact-week,543,1629,,"package via Sno: Accommodation, Self Catering, Without Flights",yes,,,"In the Alpamayor residence, the Maia chalet is a new creation in Courchevel Village. A perfect combination of elegance and tradition, built with noble and natural materials that blend in perfectly with the environment. Its exceptional location, just a few",https://www.sno.co.uk/ski-holidays/chalet-alpamayor-maia_21966/,Sno,site-sno,5,chalets/images/sno-chalet-alpamayor-maia/,2026-10-06,Sno 20 Mar 2027: £597pp with 8 sharing from no flights (accommodation only); price range = Sno dates priced for 8 sharing from no flights (accommodation only); operator not named on Sno (image code wlc); village: Sno location says Courchevel Village / Proveres piste / Grangettes
sno-chalet-samuel,Chalet Samuel,unknown (sold via Sno),Courchevel 1550 (Village),Les 3 Vallées,France,6,8,3,,chalet,catered,Signature Chalet Board; Welcome vin chaud; Champagne on your first evening; Hearty continental breakfast (7 days); Bean-to-cup freshly made coffee; Hot breakfast options provided by hosts (5 days); Homemade afternoon tea and cake (6 days); Aperitifs and canapes (6 days); Delicious three-course eveni,private-outdoor,yes,"Ski In/Out, Sauna / Steam room, Luxury property, Hot tub, Heated boot warmers, Free WiFi, All rooms en suite",120,yes,Sunday,1895,per-person,GBP,exact-week,1785,1949,,"package via Sno: Accommodation, Catered, Flights Included, Transfers",yes,,,"Chalet Samuel delivers ski-in/ski-out access, rustic-chic interiors, en-suite bedrooms, and a private wellness space - perfect for a stylish family getaway. Chalet Samuel is a charming 5+ Signature chalet combining traditional alpine materials with contemporary comforts. With three en-suite bedrooms,",https://www.sno.co.uk/ski-holidays/chalet-samuel_15589/,Sno,site-sno,5,chalets/images/sno-chalet-samuel/,2026-10-06,"Sno 20 Mar 2027: £1895pp with 6 sharing from Gatwick; price range = Sno dates priced for 6 sharing from Gatwick; operator not named on Sno (image code wlc); hot tub: With three en-suite bedrooms, a wood-clad lounge, a private sauna and hot tub, it’s a boutique-style retreat in a superb; village: Sno location says Courchevel Village / Proveres piste / Grangettes"
sno-chalet-le-notus,Chalet Le Notus,unknown (sold via Sno),Courchevel,Les 3 Vallées,France,,10,,,chalet,catered,"Chalet board:; cooked breakfast, afternoon tea and a 3-course evening meal with unlimited wine at dinner, coffee and mints 5 nights a week. Champagne reception with canapés on your first and last evenings, with canapés and locally made Methode Champenoise on every other catered evening. Cheeseboard ",none,yes,"Sleeps 10, Private Catering, Log fireplace, Sauna, Beautiful Alpine views, Classic chalet style",,unknown,Sunday,1403,per-person,GBP,exact-week,1186,2808,,"package via Sno: Accommodation, Catered, Flights Included, Transfers",yes,,,"SPACIOUS, STYLISH CHALET IN A PEACEFUL LOCATION Chalet Le Notus is an excellent choice for a group wanting complete privacy in one of our Courchevel chalets. It is beautifully decorated and wood clad throughout and the very spacious lounge has",https://www.sno.co.uk/ski-holidays/chalet-le-notus_13377/,Sno,site-sno,5,chalets/images/sno-chalet-le-notus/,2026-10-06,Sno 20 Mar 2027: £1403pp with 2 sharing from Gatwick; price range = Sno dates priced for 2 sharing from Gatwick; operator not named on Sno (image code wlc)
sno-chalet-mistral,Chalet Mistral,unknown (sold via Sno),Courchevel,Les 3 Vallées,France,,8,,,chalet,catered,"Chalet board:; cooked breakfast, afternoon tea and a 3-course evening meal with unlimited wine at dinner, coffee and mints 5 nights a week. Champagne reception with canapés on your first and last evenings, with canapés and locally made Methode Champenoise on every other catered evening. Cheeseboard ",none,yes,"Sleeps 8, Private Catering, Sauna, Beautiful Alpine views, Large lounge and dining area, Large terrace",,unknown,Sunday,,per-person,GBP,season-range,1621,2919,,"package via Sno: Accommodation, Catered, Flights Included, Transfers",no,,,"EXTREMELY COMFORTABLE AND SPACIOUS CHALET SLEEPING 8 GUESTS Chalet Mistral is one of the new breed of chalet apartments sought after by so many. It has everything you need...space, light, views, sauna - and your very own private chalet host.",https://www.sno.co.uk/ski-holidays/chalet-mistral_18435/,Sno,site-sno,5,chalets/images/sno-chalet-mistral/,2026-10-06,Sno 20 Mar 2027: Sold Out; price range = Sno dates priced for 2 sharing from Gatwick; operator not named on Sno (image code wlc)
sno-chalet-bellevue,Chalet Bellevue,unknown (sold via Sno),Courchevel 1650 (Moriond),Les 3 Vallées,France,,4,,,chalet,catered,"Chalet board:; cooked breakfast, afternoon tea and a 3-course evening meal with unlimited wine at dinner, coffee and mints 5 nights a week. Champagne reception with canapés on your first and last evenings, with canapés and locally made Methode Champenoise on every other catered evening. Cheeseboard ",none,no,"Sleeps 4, Private Catering, Beautiful Alpine views, Close to the ski lifts, Large lounge and dining area, Large terrace",,unknown,unknown,,per-person,GBP,season-range,1510,1756,,"package via Sno: Accommodation, Catered, Flights Included, Transfers",unknown,,,"EVER POPULAR CHALET APARTMENT FOR FOUR WITH STUNNING VIEWS Chalet Bellevue is forever busy with repeat guests - always a good sign! Part of a stylish and modern development located right in the centre of Courchevel Moriond, Bellevue is a",https://www.sno.co.uk/ski-holidays/chalet-bellevue_13366/,Sno,site-sno,5,chalets/images/sno-chalet-bellevue/,2026-10-06,Sno: no 20 Mar 2027 departure listed; price range = Sno dates priced for 2 sharing from Gatwick; operator not named on Sno (image code wlc)
sno-chalet-eterlou,Chalet Eterlou,unknown (sold via Sno),Courchevel,Les 3 Vallées,France,4,6,,,chalet,catered,"Chalet board:; cooked breakfast, afternoon tea and a 3-course evening meal with unlimited wine at dinner, coffee and mints 5 nights a week. Champagne reception with canapés on your first and last evenings, with canapés and locally made Methode Champenoise on every other catered evening. Cheeseboard ",none,no,"Sleeps 4-6, Private Catering, Log fireplace, Large lounge and dining area, Large terrace, Whirlpool bath",,unknown,Sunday,,per-person,GBP,season-range,1471,1779,,"package via Sno: Accommodation, Catered, Flights Included, Transfers",no,,,"SUPER SMART CHALET FOR 4-6 GUESTS, PERFECT FOR LARGER FAMILIES Chalet L'Eterlou is an extremely spacious and comfortable chalet sleeping four to six guests. It offers particularly excellent value for a larger family seeking the perfect private chalet (see below",https://www.sno.co.uk/ski-holidays/chalet-eterlou_13367/,Sno,site-sno,5,chalets/images/sno-chalet-eterlou/,2026-10-06,Sno 20 Mar 2027: Sold Out; price range = Sno dates priced for 2 sharing from Gatwick; operator not named on Sno (image code wlc)
sno-chalet-ecureuil-courchevel,Chalet Ecureuil,unknown (sold via Sno),Courchevel,Les 3 Vallées,France,8,10,,,chalet,catered,"Chalet board:; cooked breakfast, afternoon tea and a 3-course evening meal with unlimited wine at dinner, coffee and mints 5 nights a week. Champagne reception with canapés on your first and last evenings, with canapés and locally made Methode Champenoise on every other catered evening. Cheeseboard ",none,no,"Sleeps 8-10, Private Catering, Log fireplace, Beautiful Alpine views, Detached chalet, Classic chalet style",,unknown,Sunday,1362,per-person,GBP,exact-week,1151,2726,,"package via Sno: Accommodation, Catered, Flights Included, Transfers",yes,,,"SMART ALPINE CHALET FOR 8-10 GUESTS It is far easier to describe this pretty, detached, chalet than it is to pronounce its name in French! Ecureuil des Neiges (pronounced “ay-cue-roy-day-nej”) to give it its full name (literally meaning Snow Squirrel",https://www.sno.co.uk/ski-holidays/chalet-ecureuil_22971/,Sno,site-sno,5,chalets/images/sno-chalet-ecureuil-courchevel/,2026-10-06,Sno 20 Mar 2027: £1362pp with 2 sharing from Gatwick; price range = Sno dates priced for 2 sharing from Gatwick; operator not named on Sno (image code wlc)
sno-chalet-dandrina,Chalet Dandrina,unknown (sold via Sno),Courchevel Le Praz (1300),Les 3 Vallées,France,,8,,,chalet,self-catered,,none,no,"General, Wood fireplace, Parking space, Multimedia, TV, Bluetooth or wifi speaker, Household appliances, Coffee machine, Microwave, Fridge, Raclette machine, Vaccum, Nespresso coffee machine, Blender,",,unknown,unknown,,per-person,GBP,season-range,500,500,,"package via Sno: Accommodation, Self Catering, Without Flights",unknown,,,"In the authentic village of Courchevel Le Praz is located the cosy, family-friendly Chalet Dandrina. Close to the ski slopes and all amenities, Chalet Dandrina is the perfect base for an unforgettable mountain holiday with friends or family. Built on",https://www.sno.co.uk/ski-holidays/chalet-dandrina_22141/,Sno,site-sno,5,chalets/images/sno-chalet-dandrina/,2026-10-06,Sno: no 20 Mar 2027 departure listed; price range = Sno dates priced for 8 sharing from no flights (accommodation only); operator not named on Sno (image code wlc)
sno-chalet-le-blanchot,Chalet Le Blanchot,unknown (sold via Sno),Courchevel 1650 (Moriond),Les 3 Vallées,France,,4,,,chalet,catered,"Chalet board:; cooked breakfast, afternoon tea and a 3-course evening meal with unlimited wine at dinner, coffee and mints 5 nights a week. Champagne reception with canapés on your first and last evenings, with canapés and locally made Methode Champenoise on every other catered evening. Cheeseboard ",none,no,"Sleeps 4, Private Catering, Log fireplace, Large lounge and dining area, Large terrace, Whirlpool bath",,unknown,Sunday,1493,per-person,GBP,exact-week,1493,2754,,"package via Sno: Accommodation, Catered, Flights Included, Transfers",yes,,,"VERY SMART PRIVATE CHALET FOR FOUR GUESTS Le Blanchot is an exceptionally smart chalet for four guests in our stunning property 'Scalottas Lodge', which lies in a fabulous secluded part of Courchevel Moriond and has wonderful views of the forests",https://www.sno.co.uk/ski-holidays/chalet-le-blanchot_13365/,Sno,site-sno,5,chalets/images/sno-chalet-le-blanchot/,2026-10-06,Sno 20 Mar 2027: £1493pp with 2 sharing from Gatwick; price range = Sno dates priced for 2 sharing from Gatwick; operator not named on Sno (image code wlc)
sno-chalet-les-mures,Chalet Les Mûres,unknown (sold via Sno),Courchevel 1650 (Moriond),Les 3 Vallées,France,,8,,,chalet,self-catered,,none,no,"General, Ski locker, Parking space, Boots heater, Safe, Without elevator, Household appliances, Coffee machine, Fridge, Raclette machine, Fondue appliance, Nespresso coffee machine, Kitchen exhaust ho",,unknown,Saturday,510,per-person,GBP,exact-week,472,1357,,"package via Sno: Accommodation, Self Catering, Without Flights",yes,,,Discover the family chalet Les Mûres located in a small hamlet at the entrance of the Courchevel Moriond resort. You will appreciate the quietness of the area and its immediate proximity to a covered escalator linking the different levels of,https://www.sno.co.uk/ski-holidays/chalet-les-m-res_22221/,Sno,site-sno,5,chalets/images/sno-chalet-les-mures/,2026-10-06,Sno 20 Mar 2027: £510pp with 8 sharing from no flights (accommodation only); price range = Sno dates priced for 8 sharing from no flights (accommodation only); operator not named on Sno (image code wlc); family chalet: bookings must include at least one child/teen
sno-chalet-agathe-blanche,Chalet Agathe Blanche,unknown (sold via Sno),Courchevel 1650 (Moriond),Les 3 Vallées,France,,12,,,chalet,self-catered,,none,yes,"General, Wood fireplace, Safe, Without elevator, Outdoor furniture, Baby cot, High chair, Multimedia, Wifi, Household appliances, Coffee machine, Microwave, Fridge, Raclette machine, Vaccum, Nespresso",,unknown,Saturday,895,per-person,GBP,exact-week,695,1781,,"package via Sno: Accommodation, Self Catering, Without Flights",yes,,,"The chalet Agathe Blanche, located minutes from the center of Courchevel Moriond is a ski-in ski-out chalet built on a nature trail and decorated in the purest spirit of Savoyard traditions. This chalet on the piste and is one of",https://www.sno.co.uk/ski-holidays/chalet-agathe-blanche_22599/,Sno,site-sno,5,chalets/images/sno-chalet-agathe-blanche/,2026-10-06,Sno 20 Mar 2027: £895pp with 10 sharing from no flights (accommodation only); price range = Sno dates priced for 10 sharing from no flights (accommodation only); operator not named on Sno (image code wlc)
sno-chalet-la-grande-casse-courchevel-1650,Chalet La Grande Casse,unknown (sold via Sno),Courchevel 1650 (Moriond),Les 3 Vallées,France,,8,,,chalet,self-catered,,none,no,"General, Elevator, Garage, Ski locker, Parking space, Boots heater, Safe, Gas fireplace, Baby cot, High chair, Household appliances, Microwave, Vaccum, Kitchen exhaust hood, Kettle, Toaster, Washing-d",,unknown,Saturday,1108,per-person,GBP,exact-week,1010,2269,,"package via Sno: Accommodation, Self Catering, Without Flights",yes,,,"Impeccable design and great outdoor scenery La Grande Casse is a 4 strars rated-chalet located in the Domaine des Glaciers at the entrance to Courchevel Moriond. Just 170m from the resort center and its services (tourist office, ski school, childcare,...),",https://www.sno.co.uk/ski-holidays/chalet-la-grande-casse_22172/,Sno,site-sno,5,chalets/images/sno-chalet-la-grande-casse-courchevel-1650/,2026-10-06,Sno 20 Mar 2027: £1108pp with 8 sharing from no flights (accommodation only); price range = Sno dates priced for 8 sharing from no flights (accommodation only); operator not named on Sno (image code wlc)
sno-chalet-les-petits-grebiers,Chalet Les Petits Grébiers,unknown (sold via Sno),Courchevel 1550 (Village),Les 3 Vallées,France,,12,,,chalet,breakfast-only,,private-indoor,yes,"General, Wood fireplace, Ski locker, Parking space, Boots heater, Safe, Without elevator, Multimedia, Wifi, TV, Apple TV, Household appliances, Coffee machine, Microwave, Fridge, Raclette machine, Fon",,unknown,Saturday,782,per-person,GBP,exact-week,738,1824,,"package via Sno: Accommodation, Bed & Breakfast, Without Flights",yes,,,"Les Petits Grébiers is a Savoyard-inspired mountain chalet that will delight lovers of rough wooden buildings and Lauze roofs (thick, rough stone). With its large windows, you have a pretty view on the Tarentaise valley, while being close to the",https://www.sno.co.uk/ski-holidays/chalet-les-petits-gr-biers_22467/,Sno,site-sno,5,chalets/images/sno-chalet-les-petits-grebiers/,2026-10-06,"Sno 20 Mar 2027: £782pp with 10 sharing from no flights (accommodation only); price range = Sno dates priced for 10 sharing from no flights (accommodation only); operator not named on Sno (image code wlc); hot tub: With its indoor sauna and jacuzzi, you can enjoy a relaxing moment after a great day of skiing"
sno-chalet-bois-de-l-abbaye,Chalet Bois de L'Abbaye,unknown (sold via Sno),Courchevel Le Praz (1300),Les 3 Vallées,France,,12,,,chalet,breakfast-only,,none,yes,"General, Elevator, Garage, Wood fireplace, Parking space, Boots heater, Safe, Outdoor furniture, Baby cot, High chair, Multimedia, Wifi, TV, SONOS speaker, Speakers and wireless audio system, Househol",,unknown,Saturday,1390,per-person,GBP,exact-week,1129,2476,,"package via Sno: Accommodation, Bed & Breakfast, Without Flights",yes,,,"Le Bois de l'Abbaye, a family chalet with relaxation area in Courchevel le Praz In the hamlet of Bois du Praz, this new program consists of 4 unique chalets with high-end amenities. It benefits from a privileged location, just a",https://www.sno.co.uk/ski-holidays/chalet-bois-de-l-abbaye_22620/,Sno,site-sno,5,chalets/images/sno-chalet-bois-de-l-abbaye/,2026-10-06,Sno 20 Mar 2027: £1390pp with 10 sharing from no flights (accommodation only); price range = Sno dates priced for 10 sharing from no flights (accommodation only); operator not named on Sno (image code wlc); family chalet: bookings must include at least one child/teen
sno-chalet-face-nord,Chalet Face Nord,unknown (sold via Sno),Courchevel,Les 3 Vallées,France,,12,,,chalet,breakfast-only,,private-indoor,yes,"General, Wood fireplace, Ski locker, Parking space, Boots heater, Multimedia, Wifi, TV, Household appliances, Microwave, Fridge, Nespresso coffee machine, Kitchen exhaust hood, Toaster, Induction hobs",,unknown,Saturday,,per-person,GBP,season-range,652,1955,,"package via Sno: Accommodation, Bed & Breakfast, Without Flights",no,,,"Chalet Face Nord, located in the centre of the village of Courchevel, is a mountain chalet with an alpine style. It benefits from an ideal location, in the heart of the village and few metres from the snow front (Tovets",https://www.sno.co.uk/ski-holidays/chalet-face-nord_22674/,Sno,site-sno,5,chalets/images/sno-chalet-face-nord/,2026-10-06,"Sno 20 Mar 2027: Sold Out; price range = Sno dates priced for 12 sharing from no flights (accommodation only); operator not named on Sno (image code wlc); hot tub: After a day on the slopes of the 3 Valleys area, you can enjoy a moment in the indoor jacuzzi or sauna"
sno-chalet-belle-place-2,Chalet Belle Place 2,unknown (sold via Sno),Courchevel 1650 (Moriond),Les 3 Vallées,France,,10,,,chalet,self-catered,,private-indoor,no,"General, Elevator, Wood fireplace, Parking space, Boots heater, Safe, Multimedia, Wifi, TV, Apple TV, SONOS speaker, Household appliances, Coffee machine, Microwave, Fridge, Freezer, Vaccum, Kitchen e",,unknown,Saturday,782,per-person,GBP,exact-week,691,1816,,"package via Sno: Accommodation, Self Catering, Without Flights",yes,,,"Belle Place 2 is a new chalet with a jacuzzi, located in Courchevel Moriond, in the Domaine des Glaciers. Just 250 meters from the center of the resort and 450 meters from the ski slopes, it opens onto the largest",https://www.sno.co.uk/ski-holidays/chalet-belle-place-2_22660/,Sno,site-sno,5,chalets/images/sno-chalet-belle-place-2/,2026-10-06,"Sno 20 Mar 2027: £782pp with 10 sharing from no flights (accommodation only); price range = Sno dates priced for 10 sharing from no flights (accommodation only); operator not named on Sno (image code wlc); family chalet: bookings must include at least one child/teen; hot tub: Belle Place 2 is a new chalet with a jacuzzi, located in Courchevel Moriond, in the Domaine des Glaciers"
sno-chalet-la-poudreuse,Chalet LA POUDREUSE,unknown (sold via Sno),Courchevel 1550 (Village),Les 3 Vallées,France,,13,,,chalet,breakfast-only,,private-outdoor,yes,"General, Wood fireplace, Ski locker, Boots heater, Without elevator, Outdoor furniture, Household appliances, Microwave, Microwave & oven combination, Fridge, Freezer, Raclette machine, Fondue applian",,unknown,Saturday,,per-person,GBP,season-range,802,1470,,"package via Sno: Accommodation, Bed & Breakfast, Without Flights",no,,,"La Poudreuse offers generous volumes spread over four levels. It has four en-suite bedrooms, including a family room with a double bed and five single beds. The living room exudes a feeling of space thanks to its cathedral ceiling and",https://www.sno.co.uk/ski-holidays/chalet-la-poudreuse_21968/,Sno,site-sno,5,chalets/images/sno-chalet-la-poudreuse/,2026-10-06,Sno 20 Mar 2027: Sold Out; price range = Sno dates priced for 13 sharing from no flights (accommodation only); operator not named on Sno (image code wlc); hot tub: Outdoor jacuzzi
sno-chalet-darbeilo,Chalet Darbeilo,unknown (sold via Sno),La Tania,Les 3 Vallées,France,,8,,,chalet,half-board,"Catered bookings; Catered stays include half-board catering. This comprises:; Breakfast; 5 days continental breakfast with hot option; 2 days self-service continental; Daily afternoon tea; including homemade cake or biscuits, fresh baguette and hot drinks; 3-course evening meal on 6 evenings*; House",none,no,"Sleeps 8, 4 bedrooms, Central Le Praz, Nearest lift 180m",,unknown,Sunday,868,per-person,GBP,exact-week,772,1077,,"package via Sno: Accommodation, Half Board, Without Flights",yes,,,"Modern and characterful 4 bedroom chalet in the centre of charming Courchevel Le Praz. Chalet Darbeilo is a beautiful and traditional chalet building featuring the modern touches, located right in the heart of Courchevel Le Praz. Head up the stairs",https://www.sno.co.uk/ski-holidays/chalet-darbeilo_19205/,Sno,site-sno,5,chalets/images/sno-chalet-darbeilo/,2026-10-06,Sno 20 Mar 2027: £868pp with 8 sharing from no flights (accommodation only); price range = Sno dates priced for 8 sharing from no flights (accommodation only); operator not named on Sno (image code wlc)
sno-sasha-apartment-3,Sasha Apartment 3,unknown (sold via Sno),Courchevel 1550 (Village),Les 3 Vallées,France,,6,3,3,chalet,self-catered,,none,no,"Interior, Sleeps 6, 116 Square metres, 3 Bedrooms, 3 Individual beds, 3 Bathrooms, 8 Dining table seats, 6 Living area seats, Appliances, TV, Wifi, Entertainment, TV room, Wellness and Relaxation, Sha",,unknown,Sunday,2054,per-person,GBP,exact-week,1827,2149,,"package via Sno: Accommodation, Room Only, Without Flights",yes,,,"A beautiful apartment, newly completed, only moments from the Jardin Alpin lift station Sasha Apartment 3 is a stylish three-bedroom apartment perfectly positioned next to the Jardin Alpin in Courchevel 1850. The apartment is only moments from the slopes in",https://www.sno.co.uk/ski-holidays/sasha-apartment-3_21490/,Sno,site-sno,4,chalets/images/sno-sasha-apartment-3/,2026-10-06,Sno 20 Mar 2027: £2054pp with 6 sharing from no flights (accommodation only); price range = Sno dates priced for 6 sharing from no flights (accommodation only); operator not named on Sno (image code wlc)
sno-chalet-alpinum,Chalet Alpinum,unknown (sold via Sno),Courchevel 1550 (Village),Les 3 Vallées,France,,10,,,chalet,self-catered,,none,no,"General, Garage, Wood fireplace, Ski locker, Parking space, Boots heater, Multimedia, Wifi, TV, Household appliances, Microwave, Fridge, Freezer, Raclette machine, Fondue appliance, Nespresso coffee m",,unknown,unknown,,per-person,GBP,season-range,730,1129,,"package via Sno: Accommodation, Self Catering, Without Flights",unknown,,,"Between ski slopes and fir trees, in the Brigues district, one of the most sought-after in Courchevel Village, is the Chalet Alpinum This magnificent chalet perfectly represents the traditional construction style of the valley: a blend of old woods that",https://www.sno.co.uk/ski-holidays/chalet-alpinum_21854/,Sno,site-sno,5,chalets/images/sno-chalet-alpinum/,2026-10-06,Sno: no 20 Mar 2027 departure listed; price range = Sno dates priced for 10 sharing from no flights (accommodation only); operator not named on Sno (image code wlc)
sno-chalet-prosper,Chalet Prosper,unknown (sold via Sno),Courchevel 1550 (Village),Les 3 Vallées,France,,14,,,chalet,self-catered,,private-outdoor,yes,"General, Garage, Wood fireplace, Ski locker, Parking space, Boots heater, Multimedia, Wifi, TV, Household appliances, Coffee machine, Microwave, Fridge, Raclette machine, Fondue appliance, Vaccum, Kit",,unknown,Saturday,1217,per-person,GBP,exact-week,1130,2867,,"package via Sno: Accommodation, Self Catering, Without Flights",yes,,,The Chalet Prosper is located in the heart of Courchevel Village and enjoys a dream location close to the centre of the resort and the ski slopes. This family chalet is the promise of beautiful moments of conviviality and sharing.,https://www.sno.co.uk/ski-holidays/chalet-prosper_22642/,Sno,site-sno,5,chalets/images/sno-chalet-prosper/,2026-10-06,Sno 20 Mar 2027: £1217pp with 10 sharing from no flights (accommodation only); price range = Sno dates priced for 10 sharing from no flights (accommodation only); operator not named on Sno (image code wlc); family chalet: bookings must include at least one child/teen; hot tub: Outdoor jacuzzi
sno-chalet-cortina,Chalet Cortina,unknown (sold via Sno),Courchevel 1650 (Moriond),Les 3 Vallées,France,,10,,,chalet,self-catered,,private-outdoor,no,"General, Elevator, Garage, Wood fireplace, Ski locker, Parking space, Board games, Boots heater, Outdoor furniture, Multimedia, Wifi, TV, BOSE speakers, Household appliances, Coffee machine, Microwave",,unknown,unknown,,per-person,GBP,season-range,1129,2606,,"package via Sno: Accommodation, Self Catering, Without Flights",unknown,,,"Chalet Cortina is a jewel located in the old Moriond area in Courchevel. It enjoys a quiet location, only 140 meters away from the escalator to reach the center of the resort, the slopes and the ski lifts. This large",https://www.sno.co.uk/ski-holidays/chalet-cortina_22551/,Sno,site-sno,5,chalets/images/sno-chalet-cortina/,2026-10-06,"Sno: no 20 Mar 2027 departure listed; price range = Sno dates priced for 10 sharing from no flights (accommodation only); operator not named on Sno (image code wlc); hot tub: From the terrace, enjoy the outdoor jacuzzi and take a well-deserved moment of relaxation after a day on the ski slopes"
sno-chalet-l-ecureuil-sur-le-toit,Chalet L'Ecureuil sur le toit,unknown (sold via Sno),Courchevel 1850,Les 3 Vallées,France,,7,,,chalet,self-catered,,none,no,"General, Parking space, Boots heater, Without elevator, Outdoor furniture, Multimedia, TV, Household appliances, Microwave, Fridge, Freezer, Raclette machine, Vaccum, Ironing board, Iron, Mixer, Kitch",,unknown,unknown,,per-person,GBP,season-range,1142,2457,,"package via Sno: Accommodation, Self Catering, Without Flights",unknown,,,"The Chalet Écureuil sur le Toit is ideally located in the quiet Bellecôte neighbourhood, offering an intimate and relaxing setting, perfect for holidays with family or friends. Thanks to its privileged ski-in/ski-out location, it provides direct access to the slopes",https://www.sno.co.uk/ski-holidays/chalet-l-ecureuil-sur-le-toit_22778/,Sno,site-sno,5,chalets/images/sno-chalet-l-ecureuil-sur-le-toit/,2026-10-06,Sno: no 20 Mar 2027 departure listed; price range = Sno dates priced for 7 sharing from no flights (accommodation only); operator not named on Sno (image code wlc); village: Sno says Bellecôte neighbourhood (Courchevel 1850)
sno-chalet-beloukha,Chalet Beloukha,unknown (sold via Sno),Courchevel Le Praz (1300),Les 3 Vallées,France,,12,,,chalet,breakfast-only,,none,no,"General, Garage, Wood fireplace, Parking space, Boots heater, Multimedia, Wifi, TV, Books, Household appliances, Coffee machine, Microwave, Fridge, Freezer, Raclette machine, Fondue appliance, Vaccum,",,unknown,Saturday,1190,per-person,GBP,exact-week,1025,1867,,"package via Sno: Accommodation, Bed & Breakfast, Without Flights",yes,,,"NEW - The luxury and alpine spirit that bring your dreams to life. Located at the end of the allée des cerisiers, 3 unique new chalets with top-of-the-range facilities are now available. Chalet Beloukha enjoys a privileged location with an",https://www.sno.co.uk/ski-holidays/chalet-beloukha_22182/,Sno,site-sno,5,chalets/images/sno-chalet-beloukha/,2026-10-06,Sno 20 Mar 2027: £1190pp with 10 sharing from no flights (accommodation only); price range = Sno dates priced for 10 sharing from no flights (accommodation only); operator not named on Sno (image code wlc)
sno-chalet-etagne,Chalet Etagne,unknown (sold via Sno),Courchevel Le Praz (1300),Les 3 Vallées,France,,12,,,chalet,breakfast-only,,private-indoor,yes,"General, Elevator, Garage, Wood fireplace, Parking space, Board games, Boots heater, Outdoor furniture, Multimedia, Wifi, TV, Household appliances, Microwave, Fridge, Freezer, Raclette machine, Fondue",,unknown,unknown,,per-person,GBP,season-range,644,644,,"package via Sno: Accommodation, Bed & Breakfast, Without Flights",unknown,,,"Nestled in the charming village of Courchevel-Le Praz, at an altitude of 1300 m, the chalet l'Etagne combines the calm and authenticity of the mountains with skiing in the 3 Valleys. What better combo to ensure a memorable ski holiday?",https://www.sno.co.uk/ski-holidays/chalet-etagne_22153/,Sno,site-sno,5,chalets/images/sno-chalet-etagne/,2026-10-06,"Sno: no 20 Mar 2027 departure listed; price range = Sno dates priced for 12 sharing from no flights (accommodation only); operator not named on Sno (image code wlc); hot tub: Guests benefit from a relaxation area with sauna, indoor jacuzzi and Italian shower"
sno-manej-apartment-4,Manej Apartment 4,unknown (sold via Sno),Courchevel 1850,Les 3 Vallées,France,,6,3,3,chalet,self-catered,,none,no,"Interior, Sleeps 6, 113 Square metres, 3 Bedrooms, 3 Individual beds, 3 Bathrooms, 1 Additional WCs, 8 Dining table seats, 6 Living area seats, Appliances, Smart TV, Wifi, Wellness and Relaxation, Bal",,unknown,Sunday,1729,per-person,GBP,exact-week,1541,2294,,"package via Sno: Accommodation, Room Only, Without Flights",yes,,,"Alpine Luxury Steps from Courchevel's Bellecôte Piste Apartment Manej 4, sleeping up to six guests, is part of a new development nestled in the heart of Courchevel 1850, in a prime location amidst the French Alps, just a 10-minute walk",https://www.sno.co.uk/ski-holidays/manej-apartment-4_21487/,Sno,site-sno,5,chalets/images/sno-manej-apartment-4/,2026-10-06,Sno 20 Mar 2027: £1729pp with 6 sharing from no flights (accommodation only); price range = Sno dates priced for 6 sharing from no flights (accommodation only); operator not named on Sno (image code wlc)
sno-chalet-ciuk,Chalet Ciuk,unknown (sold via Sno),Courchevel 1550 (Village),Les 3 Vallées,France,,10,,,chalet,breakfast-only,,none,yes,"General, Garage, Boots heater, Safe, Without elevator, Outdoor furniture, Multimedia, Wifi, TV, Household appliances, Coffee machine, Microwave, Fridge, Freezer, Electric hobs, Kitchen exhaust hood, K",,unknown,Saturday,1564,per-person,GBP,exact-week,1173,3996,,"package via Sno: Accommodation, Bed & Breakfast, Without Flights",yes,,,"Chalet Ciuk is one of four chalets in the Stelvio hamlet. Built in 2020, Ciuk is nestled in Courchevel Village, 200m from the slopes and the Grangettes gondola which leads directly to Courchevel 1850. Chalet Ciuk offers a generous 320sqm",https://www.sno.co.uk/ski-holidays/chalet-ciuk_22811/,Sno,site-sno,5,chalets/images/sno-chalet-ciuk/,2026-10-06,Sno 20 Mar 2027: £1564pp with 10 sharing from no flights (accommodation only); price range = Sno dates priced for 10 sharing from no flights (accommodation only); operator not named on Sno (image code wlc)
sno-chalet-bois-du-fontanil,Chalet Bois du Fontanil,unknown (sold via Sno),Courchevel Le Praz (1300),Les 3 Vallées,France,,12,,,chalet,self-catered,,none,yes,"General, Elevator, Garage, Wood fireplace, Parking space, Boots heater, Safe, Outdoor furniture, Baby cot, High chair, Multimedia, Wifi, Speakers and wireless audio system, Household appliances, Micro",,unknown,Saturday,,per-person,GBP,season-range,905,1882,,"package via Sno: Accommodation, Self Catering, Without Flights",no,,,"Le Bois du Fontanil, a family chalet with relaxation area in Courchevel le Praz The hamlet Bois du Praz is a new development consisting of 4 unique chalets with top of the range facilities. It benefits from a privileged location,",https://www.sno.co.uk/ski-holidays/chalet-bois-du-fontanil_21887/,Sno,site-sno,5,chalets/images/sno-chalet-bois-du-fontanil/,2026-10-06,Sno 20 Mar 2027: Sold Out; price range = Sno dates priced for 12 sharing from no flights (accommodation only); operator not named on Sno (image code wlc); family chalet: bookings must include at least one child/teen
sno-chalet-kibo,Chalet Kibo,unknown (sold via Sno),Courchevel 1550 (Village),Les 3 Vallées,France,,11,,,chalet,breakfast-only,,private-indoor,no,"General, Elevator, Garage, Wood fireplace, Ski locker, Boots heater, Outdoor furniture, Multimedia, Wifi, TV, Home cinema, Household appliances, Microwave, Fridge, Freezer, Raclette machine, Fondue ap",,unknown,Saturday,1390,per-person,GBP,exact-week,1130,3649,,"package via Sno: Accommodation, Bed & Breakfast, Without Flights",yes,,,The chalet Kibo is situated not far from the centre of Courchevel Village. It is an ultimate luxury chalet on human scale at the edge of the forest with the possibility to return to the chalet by skis. This authentic,https://www.sno.co.uk/ski-holidays/chalet-kibo_21843/,Sno,site-sno,5,chalets/images/sno-chalet-kibo/,2026-10-06,Sno 20 Mar 2027: £1390pp with 10 sharing from no flights (accommodation only); price range = Sno dates priced for 10 sharing from no flights (accommodation only); operator not named on Sno (image code wlc); hot tub: with a hammam and jacuzzi and a large cinema with its giant high-definition screen and its library of films
sno-chalet-lavenchere,Chalet Lavenchère,unknown (sold via Sno),Courchevel Le Praz (1300),Les 3 Vallées,France,,10,,,chalet,self-catered,,none,yes,"General, Wood fireplace, Ski locker, Parking space, Boots heater, Without elevator, Outdoor furniture, Multimedia, Wifi, TV, Household appliances, Coffee machine, Microwave, Fridge, Freezer, Raclette ",,unknown,unknown,,per-person,GBP,season-range,773,1294,,"package via Sno: Accommodation, Self Catering, Without Flights",unknown,,,"Chalet Lavenchère, located in the heart of the village of Courchevel Le Praz, is an attractive family chalet. In the centre of the resort of Le Praz and only 300 metres from the lifts at Le Praz (1850) and Forêt",https://www.sno.co.uk/ski-holidays/chalet-lavench-re_22615/,Sno,site-sno,5,chalets/images/sno-chalet-lavenchere/,2026-10-06,Sno: no 20 Mar 2027 departure listed; price range = Sno dates priced for 10 sharing from no flights (accommodation only); operator not named on Sno (image code wlc); family chalet: bookings must include at least one child/teen
sno-chalet-le-grand-tetras,Chalet Le Grand Tetras,unknown (sold via Sno),Courchevel Le Praz (1300),Les 3 Vallées,France,,14,,,chalet,self-catered,,none,yes,"General, Elevator, Garage, Wood fireplace, Ski locker, Parking space, Boots heater, Safe, Multimedia, Wifi, TV, International channels, Speakers and wireless audio system, Household appliances, Coffee",,unknown,Saturday,1494,per-person,GBP,exact-week,1130,2780,,"package via Sno: Accommodation, Self Catering, Without Flights",yes,,,"Le Grand Tétras, a superb chalet located a few steps from the centre of Courchevel le Praz, a traditional village with incomparable charm. It has 450sq.m of living space distributed over four floors, which can accommodate 10 adults and 4",https://www.sno.co.uk/ski-holidays/chalet-le-grand-tetras_21933/,Sno,site-sno,5,chalets/images/sno-chalet-le-grand-tetras/,2026-10-06,Sno 20 Mar 2027: £1494pp with 10 sharing from no flights (accommodation only); price range = Sno dates priced for 10 sharing from no flights (accommodation only); operator not named on Sno (image code wlc)
sno-chalet-ajacour,Chalet Ajacour,unknown (sold via Sno),Courchevel 1850,Les 3 Vallées,France,,8,,,chalet,self-catered,,none,yes,"General, Wood fireplace, Ski locker, Parking space, Boots heater, Multimedia, Wifi, TV, International channels, Apple TV, Household appliances, Coffee machine, Fridge, Freezer, Raclette machine, Fondu",,unknown,Saturday,847,per-person,GBP,exact-week,760,1564,,"package via Sno: Accommodation, Self Catering, Without Flights",yes,,,The chalet Ajacour is located in a natural setting in the preserved area of Les Chenus in Courchevel 1850. It was built on a human scale in the purest Savoyard spirit. This chalet enjoys a privileged location in front of,https://www.sno.co.uk/ski-holidays/chalet-ajacour_22278/,Sno,site-sno,5,chalets/images/sno-chalet-ajacour/,2026-10-06,Sno 20 Mar 2027: £847pp with 8 sharing from no flights (accommodation only); price range = Sno dates priced for 8 sharing from no flights (accommodation only); operator not named on Sno (image code wlc)
sno-chalet-ancolie,Chalet Ancolie,unknown (sold via Sno),Courchevel 1550 (Village),Les 3 Vallées,France,,10,,,chalet,self-catered,,private-indoor,yes,"General, Elevator, Garage, Ski locker, Parking space, Boots heater, Safe, Wood Stove, Multimedia, Wifi, TV, International channels, Household appliances, Microwave, Fridge, Freezer, Raclette machine, ",,unknown,Saturday,782,per-person,GBP,exact-week,738,2085,,"package via Sno: Accommodation, Self Catering, Without Flights",yes,,,"A stunning view of the Tarentaise peaks and a quiet location in the Brigues area of Courchevel Village make this chalet a perfect choice for families looking for a mountain vacation. Built in 2015, Chalet Ancolie combines an exceptional location,",https://www.sno.co.uk/ski-holidays/chalet-ancolie_22476/,Sno,site-sno,5,chalets/images/sno-chalet-ancolie/,2026-10-06,"Sno 20 Mar 2027: £782pp with 10 sharing from no flights (accommodation only); price range = Sno dates priced for 10 sharing from no flights (accommodation only); operator not named on Sno (image code wlc); hot tub: On the ground floor, the Ancolie chalet offers a relaxation area with jacuzzi, sauna and TV lounge"
sno-chalet-alpin,Chalet Alpin,unknown (sold via Sno),Courchevel 1850,Les 3 Vallées,France,,14,,,chalet,half-board,,private-indoor,yes,"General, Elevator, Garage, Parking space, Boots heater, Safe, Outdoor furniture, Gas fireplace, Multimedia, TV, Bluetooth or wifi speaker, Household appliances, Microwave, Fridge, Freezer, Raclette ma",,unknown,Saturday,8253,per-person,GBP,exact-week,7384,13030,,"package via Sno: Accommodation, Half Board, Without Flights",yes,,,"Chalet Alpin is ideally located in the quiet Jardin Alpin district, close to the ski slopes. Its panoramic view of the Saulire summit and the surrounding countryside is breathtaking from morning to night. Completely renovated in 2023, the chic decor",https://www.sno.co.uk/ski-holidays/chalet-alpin_22090/,Sno,site-sno,5,chalets/images/sno-chalet-alpin/,2026-10-06,"Sno 20 Mar 2027: £8253pp with 10 sharing from no flights (accommodation only); price range = Sno dates priced for 10 sharing from no flights (accommodation only); operator not named on Sno (image code wlc); family chalet: bookings must include at least one child/teen; hot tub: Between sport and relaxation, its wellness area has all the essential ingredients for a successful skiing vacation, with; village: Sno says Jardin Alpin district (Courchevel 1850)"
sno-chalet-grace-dieu,Chalet Grâce Dieu,unknown (sold via Sno),Courchevel 1850,Les 3 Vallées,France,,10,,,chalet,self-catered,,none,yes,"General, Wood fireplace, Boots heater, Multimedia, Wifi, TV, Books, Household appliances, Raclette machine, Fondue appliance, Vaccum, Nespresso coffee machine, Iron, Kettle, Dishwasher, Washing machin",,unknown,Saturday,,per-person,GBP,season-range,1390,1911,,"package via Sno: Accommodation, Self Catering, Without Flights",no,,,"The Chalet Grâce Dieu, with a surface area of 195 sq.m, enjoys a rare and privileged location between the Cospillot area and the center of Courchevel 1850. This family chalet combines comfort, modernity, and conviviality, designed to offer unforgettable mountain",https://www.sno.co.uk/ski-holidays/chalet-gr-ce-dieu_22036/,Sno,site-sno,5,chalets/images/sno-chalet-grace-dieu/,2026-10-06,Sno 20 Mar 2027: Sold Out; price range = Sno dates priced for 10 sharing from no flights (accommodation only); operator not named on Sno (image code wlc); family chalet: bookings must include at least one child/teen
sno-chalet-edelstone,Chalet Edelstone,unknown (sold via Sno),Courchevel 1850,Les 3 Vallées,France,,14,,,chalet,breakfast-only,,private-outdoor,no,"General, Wood fireplace, Parking space, Boots heater, Without elevator, Multimedia, Wifi, TV, BOSE speakers, Household appliances, Microwave, Fridge, Freezer, Raclette machine, Fondue appliance, Vaccu",,unknown,Saturday,3909,per-person,GBP,exact-week,2605,6516,,"package via Sno: Accommodation, Bed & Breakfast, Without Flights",yes,,,"Recently renovated in a style that combines elegance and mountain codes, Chalet Edelstone is a jewel in the heart of a natural setting. This luxury family chalet invites you to disconnect completely for a rejuvenating holiday. Nestling in the heart",https://www.sno.co.uk/ski-holidays/chalet-edelstone_22347/,Sno,site-sno,5,chalets/images/sno-chalet-edelstone/,2026-10-06,"Sno 20 Mar 2027: £3909pp with 10 sharing from no flights (accommodation only); price range = Sno dates priced for 10 sharing from no flights (accommodation only); operator not named on Sno (image code wlc); family chalet: bookings must include at least one child/teen; hot tub: A 60m² terrace surrounds the chalet and gives access to the outdoor jacuzzi, a promise of relaxation in the heart of Alp"
sno-chalet-les-bruxellois,Chalet Les Bruxellois,unknown (sold via Sno),Courchevel 1850,Les 3 Vallées,France,,14,,,chalet,half-board,,private-indoor,yes,"General, Elevator, Wood fireplace, Boots heater, Safe, Baby cot, High chair, Baby bath, Multimedia, Wifi, TV",,unknown,Saturday,14333,per-person,GBP,exact-week,14333,20849,,"package via Sno: Accommodation, Half Board, Without Flights",yes,,,"An exceptional property nestled in the heart of Courchevel 1850, the chalet Les Bruxellois benefits from a premium location, close to all amenities but most importantly to the slopes and ski lifts. With a vast surface area of 837 sqm,",https://www.sno.co.uk/ski-holidays/chalet-les-bruxellois_22744/,Sno,site-sno,5,chalets/images/sno-chalet-les-bruxellois/,2026-10-06,"Sno 20 Mar 2027: £14333pp with 10 sharing from no flights (accommodation only); price range = Sno dates priced for 10 sharing from no flights (accommodation only); operator not named on Sno (image code wlc); hot tub: Within this sumptuous property, you will find a huge wellness area including a gym, a relaxation area with massage room "
sno-chalet-goyard,Chalet Goyard,unknown (sold via Sno),Courchevel 1650 (Moriond),Les 3 Vallées,France,,12,,,chalet,breakfast-only,,private-indoor,yes,"General, Elevator, Wood fireplace, Ski locker, Parking space, Board games, Boots heater, Safe, Outdoor furniture, Electric charging station (vehicle), Baby cot, High chair, Multimedia, Wifi, TV, Inter",,unknown,Saturday,1913,per-person,GBP,exact-week,1764,2911,,"package via Sno: Accommodation, Bed & Breakfast, Without Flights",yes,,,"In the Domaine des Glaciers, a charming newly-built program in the heart of Courchevel Moriond, discover the Goyard chalet. This superb 257 sqm half-chalet combines a stylish interior, a relaxation area and easy access to the slopes of the world's",https://www.sno.co.uk/ski-holidays/chalet-goyard_22460/,Sno,site-sno,5,chalets/images/sno-chalet-goyard/,2026-10-06,"Sno 20 Mar 2027: £1913pp with 10 sharing from no flights (accommodation only); price range = Sno dates priced for 10 sharing from no flights (accommodation only); operator not named on Sno (image code wlc); hot tub: The first floor features a ski room, laundry room and relaxation area with sauna, Jacuzzi and shower"
sno-chalet-les-bastidons,Chalet Les Bastidons,unknown (sold via Sno),Courchevel 1850,Les 3 Vallées,France,,12,,,chalet,half-board,,private-outdoor,yes,"General, Elevator, Garage, Wood fireplace, Ski locker, Parking space, Boots heater, Safe, Piano, Baby cot, High chair, Baby bath, Multimedia, Wifi, Apple TV, Russian channels, Household appliances, Mi",,unknown,Saturday,7384,per-person,GBP,exact-week,6949,14768,,"package via Sno: Accommodation, Half Board, Without Flights",yes,,,"Set in the heart of Les Chenus district of Courchevel 1850, Les Bastidons is one of the three properties that make up the Hameau de la Volière. Surrounded by fir trees and boasting stunning views over the valley, its location",https://www.sno.co.uk/ski-holidays/chalet-les-bastidons_22385/,Sno,site-sno,5,chalets/images/sno-chalet-les-bastidons/,2026-10-06,"Sno 20 Mar 2027: £7384pp with 10 sharing from no flights (accommodation only); price range = Sno dates priced for 10 sharing from no flights (accommodation only); operator not named on Sno (image code wlc); hot tub: Set over 5 floors, Les Bastidons features 6 spacious and comfortable bedrooms, as well as a Spa with an indoor pool and "
sno-chalet-san-pietro,Chalet San Pietro,unknown (sold via Sno),Courchevel 1550 (Village),Les 3 Vallées,France,,14,,,chalet,breakfast-only,,none,yes,"General, Garage, Wood fireplace, Ski locker, Boots heater, Safe, Without elevator, Multimedia, Wifi, TV, Household appliances, Coffee machine, Microwave, Fridge, Freezer, Raclette machine, Fondue appl",,unknown,Saturday,,per-person,GBP,season-range,1303,3413,,"package via Sno: Accommodation, Bed & Breakfast, Without Flights",no,,,"Chalet San Pietro is part of the luxurious La Stelvio hamlet, a complex of four newly-built chalets in Courchevel Village. With 6 bedrooms for 14 guests, and a wellness area with indoor pool, it's a haven of peace and comfort",https://www.sno.co.uk/ski-holidays/chalet-san-pietro_22710/,Sno,site-sno,5,chalets/images/sno-chalet-san-pietro/,2026-10-06,Sno 20 Mar 2027: Sold Out; price range = Sno dates priced for 14 sharing from no flights (accommodation only); operator not named on Sno (image code wlc)
sno-chalet-ascension,Chalet Ascension,unknown (sold via Sno),Courchevel 1650 (Moriond),Les 3 Vallées,France,12,14,6,6,chalet,self-catered,"Service levels; Catered; Enjoy breakfast, and dinner, as well as attentive service from our dedicated pre-arrivals team, private chef, and exceptional hosts, ensuring a truly seamless and luxurious retreat in the Alps.; Self-Catered; This service consists of daily housekeeping, premium bathroom amen",none,yes,"Interior, Sleeps 12+2, 411 Square metres, 6 Bedrooms, 8 Individual beds, 6 Bathrooms, 3 Additional WCs, 12 Dining table seats, 7 Living area seats, Appliances, Smart TV, Wifi, Entertainment, Foosball ",,unknown,unknown,,per-person,GBP,season-range,2838,4120,,"package via Sno: Accommodation, Self Catering, Without Flights",unknown,,,"A luxurious haven at the foot of Courchevel's slopes Nestled at the foot of the slopes in the chic resort of Courchevel 1650, Chalet Ascension is a luxurious haven designed for ski-loving groups. This exquisite 6-bedroom chalet, sleeping up to",https://www.sno.co.uk/ski-holidays/chalet-ascension_21362/,Sno,site-sno,5,chalets/images/sno-chalet-ascension/,2026-10-06,Sno: no 20 Mar 2027 departure listed; price range = Sno dates priced for 12 sharing from no flights (accommodation only); operator not named on Sno (image code wlc)
sno-chalet-everest,Chalet Everest,unknown (sold via Sno),Courchevel 1850,Les 3 Vallées,France,,10,,,chalet,half-board,,private (location not stated),no,"General, Elevator, Parking space, Multimedia, Wifi, Apple TV, Bluetooth or wifi speaker, Household appliances, Coffee machine, Microwave, Fridge, Freezer, Vaccum, Ironing board, Iron, Kitchen exhaust ",,unknown,Saturday,3388,per-person,GBP,exact-week,3040,6515,,"package via Sno: Accommodation, Half Board, Without Flights",yes,,,"Located in the Nogentil district, Chalet Everest offers a relaxing setting, surrounded by greenery, yet 50 metres from the slopes and lifts. With large terraces and wide opened spaces, this rental in Courchevel 1850 offers a breathtaking view of the",https://www.sno.co.uk/ski-holidays/chalet-everest_21806/,Sno,site-sno,5,chalets/images/sno-chalet-everest/,2026-10-06,"Sno 20 Mar 2027: £3388pp with 10 sharing from no flights (accommodation only); price range = Sno dates priced for 10 sharing from no flights (accommodation only); operator not named on Sno (image code wlc); hot tub: It includes a magnificent swimming pool with massage shower, surrounded by panoramic views of the Courchevel mountains a"
sno-chalet-khoton,Chalet Khoton,unknown (sold via Sno),Courchevel Le Praz (1300),Les 3 Vallées,France,,10,,,chalet,breakfast-only,,none,yes,"General, Wood fireplace, Ski locker, Parking space, Boots heater, Safe, Without elevator, Outdoor furniture, Electric charging station (vehicle), Baby cot, High chair, Multimedia, Wifi, TV, Books, Hou",,unknown,Saturday,1833,per-person,GBP,exact-week,1520,2215,,"package via Sno: Accommodation, Bed & Breakfast, Without Flights",yes,,,"NEW - The luxury and alpine spirit that bring your dreams to life. Located at the end of the allée des cerisiers, 3 new, unique chalets with top-of-the-range facilities are now available. Chalet Khoton enjoys a privileged location with an",https://www.sno.co.uk/ski-holidays/chalet-khoton_22119/,Sno,site-sno,5,chalets/images/sno-chalet-khoton/,2026-10-06,Sno 20 Mar 2027: £1833pp with 10 sharing from no flights (accommodation only); price range = Sno dates priced for 10 sharing from no flights (accommodation only); operator not named on Sno (image code wlc)
sno-chalet-bois-des-barmes,Chalet Bois des Barmes,unknown (sold via Sno),Courchevel Le Praz (1300),Les 3 Vallées,France,,10,,,chalet,breakfast-only,,none,yes,"General, Elevator, Garage, Wood fireplace, Ski locker, Parking space, Boots heater, Safe, Outdoor furniture, Baby cot, High chair, Multimedia, Wifi, TV, Home cinema, SONOS speaker, Speakers and wirele",,unknown,Saturday,1477,per-person,GBP,exact-week,1260,2563,,"package via Sno: Accommodation, Bed & Breakfast, Without Flights",yes,,,"Le Bois des Barmes, a prestigious chalet with pool in Courchevel le Praz In the hamlet of Bois du Praz, this new program consists of 4 unique chalets with high-end amenities. It benefits from a privileged location, just a few",https://www.sno.co.uk/ski-holidays/chalet-bois-des-barmes_22808/,Sno,site-sno,5,chalets/images/sno-chalet-bois-des-barmes/,2026-10-06,Sno 20 Mar 2027: £1477pp with 10 sharing from no flights (accommodation only); price range = Sno dates priced for 10 sharing from no flights (accommodation only); operator not named on Sno (image code wlc)
sno-chalet-le-blanchot-courchevel-1850,Chalet Le Blanchot,unknown (sold via Sno),Courchevel 1850,Les 3 Vallées,France,,12,,,chalet,half-board,,private-indoor,no,"General, Elevator, Garage, Wood fireplace, Parking space, Board games, Boots heater, Safe, Outdoor furniture, Baby cot, High chair, Baby bath, Household appliances, Microwave, Microwave & oven combina",,unknown,Sunday,7818,per-person,GBP,exact-week,5212,15636,,"package via Sno: Accommodation, Half Board, Without Flights",yes,,,"Discover the chalet Blanchot located in the private Bellecôte residence. The residence offers a direct access to the ski slopes and is located close to the resort centre. The chalet is tastefully decorated, inspired by the surrounding mountains and the",https://www.sno.co.uk/ski-holidays/chalet-le-blanchot_22691/,Sno,site-sno,5,chalets/images/sno-chalet-le-blanchot-courchevel-1850/,2026-10-06,"Sno 20 Mar 2027: £7818pp with 10 sharing from no flights (accommodation only); price range = Sno dates priced for 10 sharing from no flights (accommodation only); operator not named on Sno (image code wlc); hot tub: In the basement, there is a relaxation area with a swimming pool, a hammam and a jacuzzi but also a massage room and a l"
sno-chalet-jade,Chalet Jade,unknown (sold via Sno),Courchevel 1850,Les 3 Vallées,France,,10,,,chalet,self-catered,,private-indoor,yes,"General, Wood fireplace, Parking space, Boots heater, Safe, Without elevator, Multimedia, TV, Playstation, Household appliances, Microwave, Fridge, Freezer, Vaccum, Ironing board, Nespresso coffee mac",,unknown,Saturday,2085,per-person,GBP,exact-week,1898,3696,,"package via Sno: Accommodation, Self Catering, Without Flights",yes,,,"Chalet Jade, located in the hamlet of Cospillot, is a mountain chalet that embodies the traditional Alpine spirit combined with the top-of-the-range facilities for which Courchevel is renowned. This chalet is located in the heart of a quiet area of",https://www.sno.co.uk/ski-holidays/chalet-jade_22173/,Sno,site-sno,5,chalets/images/sno-chalet-jade/,2026-10-06,"Sno 20 Mar 2027: £2085pp with 10 sharing from no flights (accommodation only); price range = Sno dates priced for 10 sharing from no flights (accommodation only); operator not named on Sno (image code wlc); hot tub: Coming back to the chalet after a long day on skis will be a daily treat: sauna, jacuzzi and video projector await you"
sno-chalet-white-sand,Chalet White Sand,unknown (sold via Sno),Courchevel 1550 (Village),Les 3 Vallées,France,,15,,,chalet,half-board,,none,yes,"General, Elevator, Garage, Wood fireplace, Ski locker, Boots heater, Safe, Outdoor furniture, Multimedia, Wifi, TV, Snooker, Household appliances, Microwave, Fridge, Raclette machine, Fondue appliance",,unknown,Saturday,,per-person,GBP,season-range,3359,11003,,"package via Sno: Accommodation, Half Board, Without Flights",no,,,"A contemporary retreat with an Alpine feel Set in the charming hamlet of Les Brigues, chalet White Sand offers the ultimate in luxury and comfort. Extending over 6 floors, with a surface area of 1,100sq.m, it can sleep up to",https://www.sno.co.uk/ski-holidays/chalet-white-sand_22801/,Sno,site-sno,5,chalets/images/sno-chalet-white-sand/,2026-10-06,Sno 20 Mar 2027: Sold Out; price range = Sno dates priced for 15 sharing from no flights (accommodation only); operator not named on Sno (image code wlc)
sno-sasha-apartment-4,Sasha Apartment 4,unknown (sold via Sno),Courchevel 1550 (Village),Les 3 Vallées,France,,10,6,6,chalet,self-catered,,private-indoor,yes,"Interior, Sleeps 10, 6 Bedrooms, 8 Individual beds, 6 Bathrooms, 1 Additional WCs, 10 Dining table seats, 8 Living area seats, Appliances, TV, Wifi, Entertainment, TV room, Wellness and Relaxation, Gy",,unknown,Sunday,2976,per-person,GBP,exact-week,2490,4570,,"package via Sno: Accommodation, Self Catering, Without Flights",yes,,,"Spacious and stylish first floor apartment overlooking Courchevel's pistes Sasha Apartment 4 is a lavish retreat in Courchevel 1850 that accommodates up to 10 guests across five bedrooms. Ideally situated, this apartment boasts one of the village's most prime positions,",https://www.sno.co.uk/ski-holidays/sasha-apartment-4_21479/,Sno,site-sno,5,chalets/images/sno-sasha-apartment-4/,2026-10-06,"Sno 20 Mar 2027: £2976pp with 10 sharing from no flights (accommodation only); price range = Sno dates priced for 10 sharing from no flights (accommodation only); operator not named on Sno (image code wlc); hot tub: In the annex you will find a beautiful private spa with indoor hot tub, hammam, sauna, gym and massage room"
sno-chalet-overview,Chalet Overview,unknown (sold via Sno),Courchevel 1650 (Moriond),Les 3 Vallées,France,,10,,,chalet,breakfast-only,,private-indoor,no,"General, Elevator, Garage, Wood fireplace, Ski locker, Parking space, Board games, Boots heater, Safe, Baby cot, High chair, Baby bath, Multimedia, Wifi, International channels, Household appliances, ",,unknown,Saturday,1346,per-person,GBP,exact-week,1216,2780,,"package via Sno: Accommodation, Bed & Breakfast, Without Flights",yes,,,The ultimate luxury chalet Overview situated at the entrance to Courchevel Moriond enjoys an excellent location close to the resort centre and the ski slopes. This prestigious chalet is the promise of relaxing moments and sharing at the heart of,https://www.sno.co.uk/ski-holidays/chalet-overview_22164/,Sno,site-sno,5,chalets/images/sno-chalet-overview/,2026-10-06,"Sno 20 Mar 2027: £1346pp with 10 sharing from no flights (accommodation only); price range = Sno dates priced for 10 sharing from no flights (accommodation only); operator not named on Sno (image code wlc); hot tub: There is a Spa with XXL Jacuzzi, steam room and solarium, fitness area and massage, a lounge area with bar and pool tabl"
sno-chalet-perce-neige,Chalet Perce Neige,unknown (sold via Sno),Courchevel,Les 3 Vallées,France,,15,,,chalet,half-board,,private-outdoor,no,"General, Elevator, Wood fireplace, Ethanol fireplace, Parking space, Boots heater, Safe, Multimedia, Sky, Wifi, Home cinema, Apple TV, Russian channels, Arabic channels, Household appliances, Nespress",,unknown,Saturday,8686,per-person,GBP,exact-week,7384,13466,,"package via Sno: Accommodation, Half Board, Without Flights",yes,,,"Chic, contemporary and discreetly elegant, Chalet Perce Neige is a property that has everything you need for a memorable ski vacation in Courchevel. Its 687m² of space will comfortably host 15 people in a refined setting. Contemporary and chic chalet",https://www.sno.co.uk/ski-holidays/chalet-perce-neige_22590/,Sno,site-sno,5,chalets/images/sno-chalet-perce-neige/,2026-10-06,"Sno 20 Mar 2027: £8686pp with 10 sharing from no flights (accommodation only); price range = Sno dates priced for 10 sharing from no flights (accommodation only); operator not named on Sno (image code wlc); hot tub: Among the features of this luxury chalet is a leisure area with an infinity pool, Jacuzzi, hammam and massage room"
sno-chalet-continental,Chalet Continental,unknown (sold via Sno),Courchevel 1850,Les 3 Vallées,France,,10,,,chalet,self-catered,,none,no,"General, Garage, Wood fireplace, Boots heater, Safe, Without elevator, Multimedia, Wifi, TV, SONOS speaker, Netflix, Household appliances, Microwave, Fridge, Freezer, Vaccum, Ironing board, Nespresso ",,unknown,Saturday,2345,per-person,GBP,exact-week,1998,2606,,"package via Sno: Accommodation, Self Catering, Without Flights",yes,,,"The Chalet Continental is a high standing building which benefits from an exceptional location in Courchevel 1850. Indeed, it is only 30 meters from the resort center. It also benefits from a real ski in/ski out access, at the edge",https://www.sno.co.uk/ski-holidays/chalet-continental_22705/,Sno,site-sno,5,chalets/images/sno-chalet-continental/,2026-10-06,Sno 20 Mar 2027: £2345pp with 10 sharing from no flights (accommodation only); price range = Sno dates priced for 10 sharing from no flights (accommodation only); operator not named on Sno (image code wlc)
sno-chalet-margaux,Chalet Margaux,unknown (sold via Sno),Courchevel 1850,Les 3 Vallées,France,12,14,,,chalet,catered,"We truly aim to deliver the best food in the Alps and succeed in this - we were the overall winners of The Times Chalet Chef 2010 award and so our food has been independently rated as the best in the Alps, but our standards have improved hugely even since then and our reputation in the ski chalet in",private-indoor,no,,,unknown,Sunday,4712,per-person,GBP,exact-week,3904,6454,,"package via Sno: Accommodation, Catered, Without Flights",yes,,,"At the heart of Courchevel 1850, Margaux is a charming ski-in ski-out family home. With beautiful hand painted interiors, elegant indoor jacuzzi and generous master suite, it makes for a wonderful luxury escape in one of Europe's most exclusive resorts.",https://www.sno.co.uk/ski-holidays/chalet-margaux_18988/,Sno,site-sno,5,chalets/images/sno-chalet-margaux/,2026-10-06,"Sno 20 Mar 2027: £4712pp with 10 sharing from no flights (accommodation only); price range = Sno dates priced for 10 sharing from no flights (accommodation only); operator not named on Sno (image code wlc); hot tub: With beautiful hand painted interiors, elegant indoor jacuzzi and generous master suite, it makes for a wonderful luxury"
sno-chalet-la-grande-roche,Chalet La Grande Roche,unknown (sold via Sno),Courchevel 1850,Les 3 Vallées,France,,14,,,chalet,catered,Full Board (per Sno),private-outdoor,no,"General, Elevator, Wood fireplace, Parking space, Boots heater, Safe, Outdoor furniture, Baby cot, High chair, Baby bath, Multimedia, Sky, Wifi, International channels, Home cinema, Apple TV, BOSE spe",,unknown,Saturday,10598,per-person,GBP,exact-week,7384,16505,,"package via Sno: Accommodation, Full Board, Without Flights",yes,,,"This emblematic luxury chalet in Courchevel 1850 is located in the highly sought-after Cospillot district. It seems to be suspended from the rock that borders the forest, in a preserved nature and surrounded by fir trees. Its exceptional view is",https://www.sno.co.uk/ski-holidays/chalet-la-grande-roche_22230/,Sno,site-sno,5,chalets/images/sno-chalet-la-grande-roche/,2026-10-06,"Sno 20 Mar 2027: £10598pp with 10 sharing from no flights (accommodation only); price range = Sno dates priced for 10 sharing from no flights (accommodation only); operator not named on Sno (image code wlc); hot tub: After a great day of skiing, enjoy a relaxing moment in the outdoor jacuzzi; board: Sno lists 'Full Board chalet' (accommodation only, no flights)"
sno-chalet-la-feniere,Chalet La Fenière,unknown (sold via Sno),Courchevel 1850,Les 3 Vallées,France,,12,,,chalet,self-catered,,private-indoor,yes,"General, Garage, Parking space, Multimedia, Wifi, TV, Wii, Russian channels, Arabic channels, Household appliances, Coffee machine, Microwave, Fridge, Freezer, Vaccum, Ironing board, Toaster, Inductio",,unknown,Saturday,1303,per-person,GBP,exact-week,1216,1867,,"package via Sno: Accommodation, Self Catering, Without Flights",yes,,,"Charming chalet with jacuzzi Chalet La Fenière with Jacuzzi enjoys a privileged location in the Nogentil loop in Courchevel 1850. It enjoys an easy access to the Pralong chairlifts and ski lifts; the Bellecôte, Pralong and Cospillot slopes are only",https://www.sno.co.uk/ski-holidays/chalet-la-feni-re_22790/,Sno,site-sno,5,chalets/images/sno-chalet-la-feniere/,2026-10-06,Sno 20 Mar 2027: £1303pp with 10 sharing from no flights (accommodation only); price range = Sno dates priced for 10 sharing from no flights (accommodation only); operator not named on Sno (image code wlc); hot tub: Charming chalet with jacuzzi
sno-chalet-bois-du-ban,Chalet Bois du Ban,unknown (sold via Sno),Courchevel Le Praz (1300),Les 3 Vallées,France,,10,,,chalet,breakfast-only,,none,yes,"General, Elevator, Garage, Wood fireplace, Ski locker, Parking space, Boots heater, Safe, Outdoor furniture, Baby cot, High chair, Multimedia, Wifi, TV, Home cinema, Speakers and wireless audio system",,unknown,Saturday,1477,per-person,GBP,exact-week,1260,2563,,"package via Sno: Accommodation, Bed & Breakfast, Without Flights",yes,,,"Le Bois du Ban , a prestigious chalet with pool in Courchevel le Praz In the hamlet of Bois du Praz, this new program consists of 4 unique chalets with high-end amenities. It benefits from a privileged location, just a",https://www.sno.co.uk/ski-holidays/chalet-bois-du-ban_22195/,Sno,site-sno,5,chalets/images/sno-chalet-bois-du-ban/,2026-10-06,Sno 20 Mar 2027: £1477pp with 10 sharing from no flights (accommodation only); price range = Sno dates priced for 10 sharing from no flights (accommodation only); operator not named on Sno (image code wlc)
sno-chalet-aigle-blanc,Chalet Aigle Blanc,unknown (sold via Sno),Courchevel,Les 3 Vallées,France,,8,,,chalet,self-catered,,private-outdoor,no,"General, Wood fireplace, Parking space, Boots heater, Safe, Outdoor furniture, Multimedia, Wifi, TV, Household appliances, Microwave, Fridge, Freezer, Raclette machine, Vaccum, Ironing board, Nespress",,unknown,Saturday,1933,per-person,GBP,exact-week,1651,3258,,"package via Sno: Accommodation, Self Catering, Without Flights",yes,,,"Chalet Aigle Blanc is ideally located in the peaceful Cospillot district, providing the perfect setting for an intimate, relaxing holiday. From its sun-drenched terrace, you can enjoy breathtaking views of the majestic Dent du Villard. It is ideally located, just",https://www.sno.co.uk/ski-holidays/chalet-aigle-blanc_22008/,Sno,site-sno,5,chalets/images/sno-chalet-aigle-blanc/,2026-10-06,Sno 20 Mar 2027: £1933pp with 8 sharing from no flights (accommodation only); price range = Sno dates priced for 8 sharing from no flights (accommodation only); operator not named on Sno (image code wlc); hot tub: There is also an outdoor jacuzzi for moments of relaxation in total privacy
sno-chalet-cryst-aile,Chalet Cryst'Aile,unknown (sold via Sno),Courchevel 1850,Les 3 Vallées,France,,12,,,chalet,half-board,,private-outdoor,yes,"General, Elevator, Garage, Wood fireplace, Parking space, Boots heater, Safe, Outdoor furniture, Baby cot, High chair, Baby bath, Multimedia, Wifi, Apple TV, Russian channels, Household appliances, Mi",,unknown,Saturday,9556,per-person,GBP,exact-week,6949,15202,,"package via Sno: Accommodation, Half Board, Without Flights",yes,,,"Set in the heart of Les Chenus district of Courchevel 1850, Cryst'Aile is one of the three properties that make up the Hameau de la Volière. The property offers a subtle blend of traditional chalet, clean lines and luxury services.",https://www.sno.co.uk/ski-holidays/chalet-cryst-aile_22584/,Sno,site-sno,5,chalets/images/sno-chalet-cryst-aile/,2026-10-06,"Sno 20 Mar 2027: £9556pp with 10 sharing from no flights (accommodation only); price range = Sno dates priced for 10 sharing from no flights (accommodation only); operator not named on Sno (image code wlc); hot tub: The chalet's five floors are home to luxury facilities, including an indoor pool, Jacuzzi, gym, steam room, sauna and ma"
sno-chalet-nanuq,Chalet Nanuq,unknown (sold via Sno),Courchevel 1850,Les 3 Vallées,France,,12,,,chalet,half-board,,private-outdoor,yes,"General, Elevator, Garage, Parking space, Boots heater, Safe, Baby cot, High chair, Baby bath, Multimedia, Wifi, TV, Apple TV, Wii, Russian channels, Arabic channels, Household appliances, Microwave, ",,unknown,Saturday,5994,per-person,GBP,exact-week,4344,13900,,"package via Sno: Accommodation, Half Board, Without Flights",yes,,,"Set in the heart of Les Chenus district of Courchevel 1850, Nanuq is one of the three properties that make up the Hameau de la Volière. Surrounded by fir trees and boasting stunning views over the valley, its location at",https://www.sno.co.uk/ski-holidays/chalet-nanuq_21894/,Sno,site-sno,5,chalets/images/sno-chalet-nanuq/,2026-10-06,"Sno 20 Mar 2027: £5994pp with 10 sharing from no flights (accommodation only); price range = Sno dates priced for 10 sharing from no flights (accommodation only); operator not named on Sno (image code wlc); hot tub: A relaxation area features a swimming pool, Jacuzzi, gym and massage room, with a home cinema, billiards, library and ba"
sno-chalet-elixir,Chalet Elixir,unknown (sold via Sno),Courchevel,Les 3 Vallées,France,,14,,,chalet,half-board,,private-indoor,yes,"General, Elevator, Garage, Wood fireplace, Ski locker, Board games, Boots heater, Safe, Outdoor furniture, High chair, Multimedia, Wifi, Home cinema, Apple TV, Netflix, Not included (on request), Baby",,unknown,Saturday,7818,per-person,GBP,exact-week,6950,11292,,"package via Sno: Accommodation, Half Board, Without Flights",yes,,,"This luxurious chalet has been designed and built to blend harmoniously into the landscape. Designed by Jean-Marc Mouchet, an architect from the region, it has spacious living spaces with a contemporary design. Located in the exclusive district of Cospillot, close",https://www.sno.co.uk/ski-holidays/chalet-elixir_22804/,Sno,site-sno,5,chalets/images/sno-chalet-elixir/,2026-10-06,Sno 20 Mar 2027: £7818pp with 10 sharing from no flights (accommodation only); price range = Sno dates priced for 10 sharing from no flights (accommodation only); operator not named on Sno (image code wlc); hot tub: The sumptuous and refined spa area opens onto a covered swimming pool visible under the glass floor of the relaxation ar
sno-chalet-arpont,Chalet Arpont,unknown (sold via Sno),Courchevel 1650 (Moriond),Les 3 Vallées,France,,12,,,chalet,self-catered,,private-indoor,no,"General, Elevator, Garage, Ski locker, Parking space, Boots heater, Safe, Outdoor furniture, Electric charging station (vehicle), Gas fireplace, Baby cot, High chair, Multimedia, Wifi, TV, Internation",,unknown,Saturday,1760,per-person,GBP,exact-week,1543,2640,,"package via Sno: Accommodation, Self Catering, Without Flights",yes,,,"Domaine des Glaciers is the latest prestige real estate development in Courchevel Moriond. Scheduled for delivery in December 2023, it offers apartments and chalets grouped together in a private hamlet, around 400m from the snow front. Among them, Chalet Arpont",https://www.sno.co.uk/ski-holidays/chalet-arpont_22411/,Sno,site-sno,5,chalets/images/sno-chalet-arpont/,2026-10-06,Sno 20 Mar 2027: £1760pp with 10 sharing from no flights (accommodation only); price range = Sno dates priced for 10 sharing from no flights (accommodation only); operator not named on Sno (image code wlc); hot tub: The first floor features laundry facilities and a relaxation area with Jacuzzi
sno-chalet-libellule,Chalet Libellule,unknown (sold via Sno),Courchevel 1650 (Moriond),Les 3 Vallées,France,,10,,,chalet,breakfast-only,,private (location not stated),yes,"General, Elevator, Garage, Wood fireplace, Ski locker, Parking space, Board games, Boots heater, Safe, Outdoor furniture, Baby cot, High chair, Baby bath, Multimedia, Sky, Wifi, TV, Home cinema, House",,unknown,unknown,,per-person,GBP,season-range,1260,1720,,"package via Sno: Accommodation, Bed & Breakfast, Without Flights",unknown,,,"Enter in an exceptional chalet nestled in Courchevel Moriond: the Chalet Libellule is located in a quiet area, yet close to the center and close to the ski slopes. An escalator located just 1-minute walk from the chalet allows you",https://www.sno.co.uk/ski-holidays/chalet-libellule_22679/,Sno,site-sno,5,chalets/images/sno-chalet-libellule/,2026-10-06,"Sno: no 20 Mar 2027 departure listed; price range = Sno dates priced for 10 sharing from no flights (accommodation only); operator not named on Sno (image code wlc); hot tub: A place where you can relax in a hot tub, a nice and zen cocoon where to be hot on waking or after skiing"
sno-chalet-les-3-soeurs,Chalet Les 3 Soeurs,unknown (sold via Sno),Courchevel 1850,Les 3 Vallées,France,,12,,,chalet,breakfast-only,,private-indoor,yes,"General, Garage, Parking space, Boots heater, Safe, Outdoor furniture, Multimedia, Sky, Wifi, TV, International channels, Apple TV, SONOS speaker, Russian channels, Household appliances, Fridge, Freez",,unknown,unknown,,per-person,GBP,season-range,2859,5067,,"package via Sno: Accommodation, Bed & Breakfast, Without Flights",unknown,,,"Les 3 Soeurs is an exceptional chalet of 350 sq.m, the decoration is rustic but also design, in the heart of Courchevel 1850, within the Domaine de Bellecôte Residence. Wood is the main material that makes up this chalet. It",https://www.sno.co.uk/ski-holidays/chalet-les-3-soeurs_22669/,Sno,site-sno,5,chalets/images/sno-chalet-les-3-soeurs/,2026-10-06,"Sno: no 20 Mar 2027 departure listed; price range = Sno dates priced for 12 sharing from no flights (accommodation only); operator not named on Sno (image code wlc); hot tub: The lower floor is dedicated to wellness, with a large spa area featuring a sumptuous stone wall running alongside the j"
sno-chalet-madeleine,Chalet Madeleine,unknown (sold via Sno),Courchevel 1850,Les 3 Vallées,France,,8,,,chalet,self-catered,,none,yes,"General, Elevator, Garage, Wood fireplace, Multimedia, Wifi, Apple TV, Household appliances, Coffee machine, Microwave & oven combination, Fridge, Freezer, Raclette machine, Fondue appliance, Vaccum, ",,unknown,Saturday,3258,per-person,GBP,exact-week,3040,5972,,"package via Sno: Accommodation, Self Catering, Without Flights",yes,,,"Chalet Madeleine, located in the Jardin Alpin district of Courchevel 1850, is an authentic, family-friendly mountain chalet built in the purest Savoyard style. This chalet enjoys a privileged location near the slopes and the ski lifts, facing the mythical summit",https://www.sno.co.uk/ski-holidays/chalet-madeleine_22751/,Sno,site-sno,5,chalets/images/sno-chalet-madeleine/,2026-10-06,Sno 20 Mar 2027: £3258pp with 8 sharing from no flights (accommodation only); price range = Sno dates priced for 8 sharing from no flights (accommodation only); operator not named on Sno (image code wlc)
sno-chalet-irbis,Chalet Irbis,unknown (sold via Sno),Courchevel Le Praz (1300),Les 3 Vallées,France,,10,,,chalet,breakfast-only,,none,yes,"General, Garage, Wood fireplace, Ski locker, Parking space, Boots heater, Safe, Without elevator, Outdoor furniture, Electric charging station (vehicle), Baby cot, High chair, Multimedia, Wifi, TV, Bo",,unknown,Saturday,1642,per-person,GBP,exact-week,1364,2511,,"package via Sno: Accommodation, Bed & Breakfast, Without Flights",yes,,,"NEW - The luxury and alpine spirit to bring your dreams to life. Located at the end of the allée des cerisiers, 3 new, unique chalets with top-of-the-range facilities have been created. Chalet Iribis enjoys a privileged location with an",https://www.sno.co.uk/ski-holidays/chalet-irbis_22611/,Sno,site-sno,5,chalets/images/sno-chalet-irbis/,2026-10-06,Sno 20 Mar 2027: £1642pp with 10 sharing from no flights (accommodation only); price range = Sno dates priced for 10 sharing from no flights (accommodation only); operator not named on Sno (image code wlc)
sno-chalet-gros-caillou,Chalet Gros Caillou,unknown (sold via Sno),Courchevel Le Praz (1300),Les 3 Vallées,France,,14,,,chalet,self-catered,,none,yes,"General, Wood fireplace, Ski locker, Boots heater, Multimedia, Wifi, TV, Household appliances, Coffee machine, Microwave, Fridge, Freezer, Fondue appliance, Vaccum, Nespresso coffee machine, Iron, Ele",,unknown,unknown,,per-person,GBP,season-range,1148,1812,,"package via Sno: Accommodation, Self Catering, Without Flights",unknown,,,"Chalet Gros Caillou is ideally located in Courchevel 1850. On the heights of Jardin Alpin, it offers quick access to the Jardin Alpin ski slope, just 50m away. Chalet Gros Caillou offers spacious accommodation on 3 levels. With its 7",https://www.sno.co.uk/ski-holidays/chalet-gros-caillou_22586/,Sno,site-sno,5,chalets/images/sno-chalet-gros-caillou/,2026-10-06,Sno: no 20 Mar 2027 departure listed; price range = Sno dates priced for 14 sharing from no flights (accommodation only); operator not named on Sno (image code wlc)
sno-chalet-chanterelles-courchevel-1850,Chalet CHANTERELLES,unknown (sold via Sno),Courchevel 1850,Les 3 Vallées,France,,12,,,chalet,self-catered,,none,no,"General, Garage, Wood fireplace, Parking space, Safe, Without elevator, Multimedia, Wifi, TV, Household appliances, Microwave, Fridge, Freezer, Vaccum, Ironing board, Nespresso coffee machine, Iron, K",,unknown,Saturday,1555,per-person,GBP,exact-week,1295,3466,,"package via Sno: Accommodation, Self Catering, Without Flights",yes,,,"Tucked away in the coveted Chenus neighborhood of Courchevel 1850, this 240 m² traditional chalet blends authenticity, comfort, and a truly exceptional location. Just 50 meters from the slopes and 800 meters from the resort center, it offers the perfect",https://www.sno.co.uk/ski-holidays/chalet-chanterelles_21844/,Sno,site-sno,5,chalets/images/sno-chalet-chanterelles-courchevel-1850/,2026-10-06,Sno 20 Mar 2027: £1555pp with 10 sharing from no flights (accommodation only); price range = Sno dates priced for 10 sharing from no flights (accommodation only); operator not named on Sno (image code wlc)
sno-chalet-larctique,Chalet L’Arctique,unknown (sold via Sno),Courchevel 1850,Les 3 Vallées,France,10,12,6,6,chalet,self-catered,,private-indoor,no,"Interior, Sleeps 10+2, 330 Square metres, 6 Bedrooms, 9 Individual beds, 6 Bathrooms, 16 Dining table seats, 8 Living area seats, Appliances, Wifi, Wellness and Relaxation, Balcony, Indoor hot tub, In",,unknown,unknown,,per-person,GBP,season-range,2278,6740,,"package via Sno: Accommodation, Self Catering, Without Flights",unknown,,,"A stunning chalet in the heart of Courchevel 1850, just steps from the slopes and village centre, complete with a spa for ultimate relaxation. Nestled in the heart of Courchevel 1850, Chalet l'Arctique is a beautiful alpine retreat, just a",https://www.sno.co.uk/ski-holidays/chalet-l-arctique_21727/,Sno,site-sno,5,chalets/images/sno-chalet-larctique/,2026-10-06,"Sno: no 20 Mar 2027 departure listed; price range = Sno dates priced for 10 sharing from no flights (accommodation only); operator not named on Sno (image code wlc); hot tub: Finally, on the spa floor, you'll find the indoor swimming pool and hot tub, perfect for relaxing after a day on the slo"
sno-chalet-eden,Chalet Eden,unknown (sold via Sno),Courchevel 1850,Les 3 Vallées,France,,10,,,chalet,breakfast-only,,private (location not stated),no,"General, Ethanol fireplace, Boots heater, Without elevator, Baby cot, High chair, Multimedia, Wifi, TV, International channels, Karaoke, Apple TV, SONOS speaker, BOSE speakers, Russian channels, House",,unknown,Saturday,3292,per-person,GBP,exact-week,2867,6472,,"package via Sno: Accommodation, Bed & Breakfast, Without Flights",yes,,,The ultimate luxury chalet Eden is located near the centre of Courchevel 1850. It is a chic chalet with a private spa which is considered as one of the best in Courchevel. This ultimate luxury chalet is an architectural achievement:,https://www.sno.co.uk/ski-holidays/chalet-eden_22653/,Sno,site-sno,5,chalets/images/sno-chalet-eden/,2026-10-06,Sno 20 Mar 2027: £3292pp with 10 sharing from no flights (accommodation only); price range = Sno dates priced for 10 sharing from no flights (accommodation only); operator not named on Sno (image code wlc); hot tub: The pool on level -1 of the chalet with steam room and Jacuzzi will delight guests after a long day of skiing on the sun
sno-chalet-bellarossa,Chalet Bellarossa,unknown (sold via Sno),Courchevel 1850,Les 3 Vallées,France,,14,,,chalet,breakfast-only,,private-outdoor,yes,"General, Elevator, Boots heater, Safe, Gas fireplace, Multimedia, International channels, Apple TV, SONOS speaker, BOSE speakers, Fiber, Household appliances, Microwave, Fridge, Freezer, Vaccum, Ironi",,unknown,Saturday,5125,per-person,GBP,exact-week,4169,9121,,"package via Sno: Accommodation, Bed & Breakfast, Without Flights",yes,,,"This sumptuous Bellarossa mountain chalet with its clean lines and design is nestled in the heart of unspoilt nature on the Pralong piste in Courchevel 1850. Premium services, exceptional leisure areas and direct access to the ski slopes will make",https://www.sno.co.uk/ski-holidays/chalet-bellarossa_22147/,Sno,site-sno,5,chalets/images/sno-chalet-bellarossa/,2026-10-06,"Sno 20 Mar 2027: £5125pp with 10 sharing from no flights (accommodation only); price range = Sno dates priced for 10 sharing from no flights (accommodation only); operator not named on Sno (image code wlc); hot tub: On the first level of the chalet, a large Jacuzzi and an outdoor sauna occupy the terrace, ideal for bathing in the midd"
sno-chalet-l-hermetiere,Chalet L'Hermetiere,unknown (sold via Sno),Courchevel Le Praz (1300),Les 3 Vallées,France,,8,,,chalet,self-catered,,none,no,"General, Ethanol fireplace, Ski locker, Boots heater, Without elevator, Table football, Multimedia, Wifi, TV, Household appliances, Microwave, Fridge, Raclette machine, Fondue appliance, Vaccum, Kitch",,unknown,Saturday,847,per-person,GBP,exact-week,456,1368,,"package via Sno: Accommodation, Self Catering, Without Flights",yes,,,"A chalet with swimming pool in the heart of Courchevel village In the heart of Courchevel-Le Praz, chalet l'Hermetière boasts a chic mountain style and a magnificent indoor swimming pool. Le Praz offers this chalet the soothing setting of a",https://www.sno.co.uk/ski-holidays/chalet-l-hermetiere_21846/,Sno,site-sno,5,chalets/images/sno-chalet-l-hermetiere/,2026-10-06,Sno 20 Mar 2027: £847pp with 8 sharing from no flights (accommodation only); price range = Sno dates priced for 8 sharing from no flights (accommodation only); operator not named on Sno (image code wlc); family chalet: bookings must include at least one child/teen
sno-chalet-le-blizzard,Chalet Le Blizzard,unknown (sold via Sno),Morzine,Portes du Soleil,France,,10,,,chalet,self-catered,,none,no,"General, Garage, Wood fireplace, Parking space, Outdoor furniture, Baby cot, High chair, Multimedia, Wifi, TV, BOSE speakers, Household appliances, Coffee machine, Microwave, Fridge, Freezer, Raclette",,unknown,unknown,,per-person,GBP,season-range,495,495,,"package via Sno: Accommodation, Self Catering, Without Flights",unknown,,,"Le Blizzard is a detached chalet, ideally located in the centre of Morzine, approximately 400m from the Super-Morzine cable car. It has a surface area of 170m² and has been completely renovated to accommodate 11 guests in the greatest comfort.",https://www.sno.co.uk/ski-holidays/chalet-le-blizzard_22013/,Sno,site-sno,5,chalets/images/sno-chalet-le-blizzard/,2026-10-06,Sno: no 20 Mar 2027 departure listed; price range = Sno dates priced for 10 sharing from no flights (accommodation only); operator not named on Sno (image code wlc)
sno-chalet-chelmer,Chalet Chelmer,unknown (sold via Sno),Morzine,Portes du Soleil,France,10,13,,,chalet,catered,In a catered Chalet you are taken care of by professional chalet staff. They make sure you can enjoy an extensive breakfast buffet and a delicious three-course dinner.; 7 x breakfast; 6 x 3-course dinner,private-outdoor,yes,"Up to 13 people, Free WiFi, Heated ski storage room, Spacious sun terrace with sauna and hot tub, Sitting room with a flat-screen TV, Wood-burning stove, Free parking facilities",,unknown,Saturday,738,per-person,GBP,exact-week,521,999,,"package via Sno: Accommodation, Catered, Without Flights",yes,,,"Welcome to catered chalet Chelmer, a welcoming private chalet where our enthusiastic team is ready to greet you warmly. Discover the unforgettable pleasure of staying in our catered chalet, located amidst the enchanting surroundings of Morzine. Enjoy the excellent amenities",https://www.sno.co.uk/ski-holidays/chalet-chelmer_19699/,Sno,site-sno,5,chalets/images/sno-chalet-chelmer/,2026-10-06,"Sno 20 Mar 2027: £738pp with 10 sharing from no flights (accommodation only); price range = Sno dates priced for 10 sharing from no flights (accommodation only); operator not named on Sno (image code wlc); hot tub: Enjoy the excellent amenities this chalet offers and indulge yourself on our unique terrace, complete with a hot tub and"
sno-chalet-as-de-coeur,Chalet As de Coeur,unknown (sold via Sno),Morzine,Portes du Soleil,France,,14,,,chalet,self-catered,,none,no,"General, Garage, Wood fireplace, Outdoor furniture, Multimedia, Wifi, TV, Household appliances, Microwave, Fridge, Nespresso coffee machine, Electric hobs, Gas hobs, Refrigerated wine cellar, Dishwash",,unknown,unknown,,per-person,GBP,season-range,416,526,,"package via Sno: Accommodation, Self Catering, Without Flights",unknown,,,"Family cocoon in the heart of the village Located in the Mas Metoud area, the 4* As de Coeur chalet benefits from a dominant position overlooking the village of Morzine, the Pléney slopes and the Pointe de Nyon. The living",https://www.sno.co.uk/ski-holidays/chalet-as-de-coeur_22413/,Sno,site-sno,5,chalets/images/sno-chalet-as-de-coeur/,2026-10-06,Sno: no 20 Mar 2027 departure listed; price range = Sno dates priced for 14 sharing from no flights (accommodation only); operator not named on Sno (image code wlc)
sno-chalet-chez-nous,Chalet Chez Nous,unknown (sold via Sno),Morzine,Portes du Soleil,France,10,12,,,chalet,half-board,"Catered bookings; Catered stays include half-board catering. This comprises:; Breakfast; 5 days continental breakfast with hot option; 2 days self-service continental; Daily afternoon tea; including homemade cake or biscuits, fresh baguette and hot drinks; 3-course evening meal on 6 evenings*; House",private-outdoor,yes,"Sleeps 10-12, 6 twin bedrooms, Nearest lift 400m, Boot room with heated boot warmers, Outdoor hot tub, Sauna",,unknown,Sunday,,per-person,GBP,season-range,406,820,,"package via Sno: Accommodation, Half Board, Without Flights",no,,,"Superbly designed and finished to a high standard, the chalet offers comfortable and quality surroundings in which to spend your long-awaited ski holiday. Spaciously laid out over two floors, Chalet Chez Nous is one of our Signature chalets and features",https://www.sno.co.uk/ski-holidays/chalet-chez-nous_18690/,Sno,site-sno,5,chalets/images/sno-chalet-chez-nous/,2026-10-06,"Sno 20 Mar 2027: Sold Out; price range = Sno dates priced for 12 sharing from no flights (accommodation only); operator not named on Sno (image code wlc); hot tub: Features of the chalet include a large open-plan living and dining area, a sauna, an outdoor hot tub, and a boot room eq"
sno-chalet-mazot-bambi,Chalet Mazot Bambi,unknown (sold via Sno),Prodains,Portes du Soleil,France,,4,,,chalet,self-catered,,none,no,"General, Ski locker, Parking space, Multimedia, Wifi, TV, Household appliances, Microwave, Fridge, Raclette machine, Vaccum, Nespresso coffee machine, Kettle, Toaster, Induction hobs, Dishwasher, Wash",,unknown,unknown,,per-person,GBP,season-range,401,427,,"package via Sno: Accommodation, Self Catering, Without Flights",unknown,,,"Small in size but large in charm! Beautifully restored, it will be a luxury retreat for 4 guests. Spread over two levels, the Mazot Bambi chalet offers a bedroom with one double bed and a shower room on the ground",https://www.sno.co.uk/ski-holidays/chalet-mazot-bambi_22496/,Sno,site-sno,5,chalets/images/sno-chalet-mazot-bambi/,2026-10-06,Sno: no 20 Mar 2027 departure listed; price range = Sno dates priced for 4 sharing from no flights (accommodation only); operator not named on Sno (image code wlc)
sno-chalet-constantine,Chalet Constantine,unknown (sold via Sno),Morzine,Portes du Soleil,France,,10,,,chalet,self-catered,,none,no,"General, Wood fireplace, Parking space, Without elevator, Multimedia, Wifi, TV, Household appliances, Microwave, Fridge, Freezer, Raclette machine, Fondue appliance, Vaccum, Nespresso coffee machine, ",,unknown,Saturday,430,per-person,GBP,exact-week,402,633,,"package via Sno: Accommodation, Self Catering, Without Flights",yes,,,"Beautiful 155 sq.m chalet combining modernity and comfort, ideally located just a short walk from the centre of Morzine and close to the Nyon cable car. Designed for entertaining family and friends, it offers generous interior space and a beautiful",https://www.sno.co.uk/ski-holidays/chalet-constantine_22728/,Sno,site-sno,5,chalets/images/sno-chalet-constantine/,2026-10-06,Sno 20 Mar 2027: £430pp with 10 sharing from no flights (accommodation only); price range = Sno dates priced for 10 sharing from no flights (accommodation only); operator not named on Sno (image code wlc)
sno-chalet-beaufaire,Chalet Beaufaire,unknown (sold via Sno),Morzine,Portes du Soleil,France,,12,,,chalet,self-catered,,none,no,"General, Garage, Wood fireplace, Parking space, Boots heater, Outdoor furniture, Electric charging station (vehicle), Multimedia, Wifi, TV, Household appliances, Coffee machine, Microwave, Fridge, Fre",,unknown,Saturday,557,per-person,GBP,exact-week,496,814,,"package via Sno: Accommodation, Self Catering, Without Flights",yes,,,"A family cocoon in the heart of the village Situated in a peaceful setting, this new chalet combines elegance, comfort and modernity, offering an ideal space for holidays with family or friends. Located in the Mas Metoud district, Chalet Beaufaire",https://www.sno.co.uk/ski-holidays/chalet-beaufaire_21977/,Sno,site-sno,5,chalets/images/sno-chalet-beaufaire/,2026-10-06,Sno 20 Mar 2027: £557pp with 10 sharing from no flights (accommodation only); price range = Sno dates priced for 10 sharing from no flights (accommodation only); operator not named on Sno (image code wlc)
sno-chalet-suzanne,Chalet Suzanne,unknown (sold via Sno),Morzine,Portes du Soleil,France,8,11,,,chalet,half-board,"Catered bookings; Catered stays include half-board catering. This comprises:; Breakfast; 5 days continental breakfast with hot option; 2 days self-service continental; Daily afternoon tea; including homemade cake or biscuits, fresh baguette and hot drinks; 3-course evening meal on 6 evenings*; House",private-outdoor,yes,"Sleeps 8 (+3), 4 bedrooms, Central location, Close to lift (200m), Boot room with heated bootwarmers, Hot tub, Sauna, Parking",,unknown,Sunday,,per-person,GBP,season-range,589,589,,"package via Sno: Accommodation, Half Board, Without Flights",no,,,"A stunning and modern 4-bedroom chalet with a private hot tub, sauna and amazing views of Morzine and the surrounding mountains. Chalet Suzanne, one of our Signature chalet range, is stylishly furnished and features a lovely open-plan living and dining",https://www.sno.co.uk/ski-holidays/chalet-suzanne_18693/,Sno,site-sno,5,chalets/images/sno-chalet-suzanne/,2026-10-06,"Sno 20 Mar 2027: Sold Out; price range = Sno dates priced for 8 sharing from no flights (accommodation only); operator not named on Sno (image code wlc); hot tub: A stunning and modern 4-bedroom chalet with a private hot tub, sauna and amazing views of Morzine and the surrounding mo"
sno-chalet-copains,Chalet Copains,unknown (sold via Sno),Montriond,Portes du Soleil,France,,10,,,chalet,self-catered,,private-outdoor,yes,"General, Wood fireplace, Ski locker, Parking space, Boots heater, Outdoor furniture, Multimedia, Wifi, TV, BOSE speakers, Household appliances, Fridge, Dishwasher, Washing machine, Dryer",,unknown,unknown,,per-person,GBP,season-range,405,487,,"package via Sno: Accommodation, Self Catering, Without Flights",unknown,,,"The Chalet Copains is a traditional construction offering beautiful volumes, and can accommodate up to 14 people. Situated near the village of Montriond, it has many facilities ready to entertain the whole tribe. The chalet offers 4 bedrooms and 5",https://www.sno.co.uk/ski-holidays/chalet-copains_22703/,Sno,site-sno,5,chalets/images/sno-chalet-copains/,2026-10-06,"Sno: no 20 Mar 2027 departure listed; price range = Sno dates priced for 10 sharing from no flights (accommodation only); operator not named on Sno (image code wlc); hot tub: The chalet's main attraction is its leisure facilities: outdoor jacuzzi, petanque court and table football"
sno-chalet-bonheur,Chalet Bonheur,unknown (sold via Sno),Morzine,Portes du Soleil,France,,10,,,chalet,self-catered,,none,no,"General, Wood fireplace, Parking space, Wood Stove, Multimedia, Wifi, TV, Household appliances, Coffee machine, Microwave, Fridge, Freezer, Raclette machine, Fondue appliance, Vaccum, Kitchen exhaust ",,unknown,Saturday,433,per-person,GBP,exact-week,433,662,,"package via Sno: Accommodation, Self Catering, Without Flights",yes,,,"Located in the quiet neighbourhood of Nyon, just 1.5 km from the centre of Morzine and a stone's throw from the Nyon cable car, Chalet Bonheur combines modern comfort with authentic mountain charm. New and spacious, it offers 140 sq.m",https://www.sno.co.uk/ski-holidays/chalet-bonheur_22502/,Sno,site-sno,5,chalets/images/sno-chalet-bonheur/,2026-10-06,Sno 20 Mar 2027: £433pp with 10 sharing from no flights (accommodation only); price range = Sno dates priced for 10 sharing from no flights (accommodation only); operator not named on Sno (image code wlc)
sno-chalet-romy,Chalet Romy,unknown (sold via Sno),Morzine,Portes du Soleil,France,,6,,,chalet,half-board,"Catered bookings; Catered stays include half-board catering. This comprises:; Breakfast; 5 days continental breakfast with hot option; 2 days self-service continental; Daily afternoon tea; including homemade cake or biscuits, fresh baguette and hot drinks; 3-course evening meal on 6 evenings*; House",private-outdoor,no,"Sleeps 6, 3 bedrooms, Quiet location, 1.4km from the ski lift, Boot room with heated boot warmers, Private hot tub, Parking, 30m from the bus stop",,unknown,Sunday,545,per-person,GBP,exact-week,475,1069,,"package via Sno: Accommodation, Half Board, Without Flights",yes,,,"A lovely 3 bedroom chalet in a quiet residential area, with terrace and private outdoor hot tub. Chalet Romy is a modern chalet located on the Route de la Plagne, within easy access of the centre of Morzine and the",https://www.sno.co.uk/ski-holidays/chalet-romy_19052/,Sno,site-sno,5,chalets/images/sno-chalet-romy/,2026-10-06,"Sno 20 Mar 2027: £545pp with 6 sharing from no flights (accommodation only); price range = Sno dates priced for 6 sharing from no flights (accommodation only); operator not named on Sno (image code wlc); hot tub: A lovely 3 bedroom chalet in a quiet residential area, with terrace and private outdoor hot tub"
sno-chalet-crystal,Chalet Crystal,unknown (sold via Sno),Morzine,Portes du Soleil,France,,12,,,chalet,self-catered,,none,yes,"General, Garage, Ski locker, Boots heater, Multimedia, Wifi, TV, Household appliances, Microwave, Fridge, Freezer, Vaccum, Kitchen exhaust hood, Kettle, Toaster, Senseo coffee machine, Induction hobs,",,unknown,Saturday,,per-person,GBP,season-range,437,485,,"package via Sno: Accommodation, Self Catering, Without Flights",no,,,"Located in the sought-after Super Morzine area, just 600 meters from the village center and the Super Morzine gondola, Chalet CRYSTAL is a brand-new property that perfectly combines contemporary elegance with the warm spirit of the mountains. With a surface",https://www.sno.co.uk/ski-holidays/chalet-crystal_22597/,Sno,site-sno,5,chalets/images/sno-chalet-crystal/,2026-10-06,Sno 20 Mar 2027: Sold Out; price range = Sno dates priced for 12 sharing from no flights (accommodation only); operator not named on Sno (image code wlc)
sno-grand-belvedere,Grand Belvedere,unknown (sold via Sno),Morzine,Portes du Soleil,France,8,10,,,chalet,half-board,"Catered bookings; Catered stays include half-board catering. This comprises:; Breakfast; 5 days continental breakfast with hot option; 2 days self-service continental; Daily afternoon tea; including homemade cake or biscuits, fresh baguette and hot drinks; 3-course evening meal on 6 evenings*; House",none,no,"Sleeps 8-10, 5 twin bedrooms, Central location, Close to lift (200m), Boot room with heated boot warmers, Parking",,unknown,Sunday,,per-person,GBP,season-range,340,755,,"package via Sno: Accommodation, Half Board, Without Flights",no,,,"An airy and modern single floor property, Grand Belvedere offers extremely well located and comfortable accommodation at an excellent price. Chalet Grand Belvedere is a modern and comfortable single-storey chalet, extremely well located for the ski lifts and amenities of",https://www.sno.co.uk/ski-holidays/grand-belvedere_18692/,Sno,site-sno,5,chalets/images/sno-grand-belvedere/,2026-10-06,Sno 20 Mar 2027: Sold Out; price range = Sno dates priced for 8 sharing from no flights (accommodation only); operator not named on Sno (image code wlc)
sno-chalet-catherine-morzine,Chalet Catherine,unknown (sold via Sno),Morzine,Portes du Soleil,France,20,22,,,chalet,half-board,"Catered bookings; Catered stays include half-board catering. This comprises:; Breakfast; 5 days continental breakfast with hot option; 2 days self-service continental; Daily afternoon tea; including homemade cake or biscuits, fresh baguette and hot drinks; 3-course evening meal on 6 evenings*; House",none,yes,"Sleeps 20 (+2), 10 bedrooms, Central location, Close to lift (300m), Boot room with heated bootwarmers, Sauna",,unknown,unknown,,per-person,GBP,season-range,475,1077,,"package via Sno: Accommodation, Half Board, Without Flights",unknown,,,"A stunningly renovated 10-bedroom chalet with sauna, centrally located in the heart of Morzine and and just 300m from the Super Morzine ski lift. Chalet Catherine is a stunningly renovated Signature chalet situated in the perfect location in Morzine, diagonally",https://www.sno.co.uk/ski-holidays/chalet-catherine_19026/,Sno,site-sno,5,chalets/images/sno-chalet-catherine-morzine/,2026-10-06,Sno: no 20 Mar 2027 departure listed; price range = Sno dates priced for 20 sharing from no flights (accommodation only); operator not named on Sno (image code wlc)
sno-chalet-des-ardoisiers,Chalet des Ardoisiers,unknown (sold via Sno),Prodains,Portes du Soleil,France,10,13,,,chalet,half-board,"Catered bookings; Catered stays include half-board catering. This comprises:; Breakfast; 5 days continental breakfast with hot option; 2 days self-service continental; Daily afternoon tea; including homemade cake or biscuits, fresh baguette and hot drinks; 3-course evening meal on 6 evenings*; House",private-outdoor,yes,"Sleeps 10 (+3), 5 bedrooms, 1.4km to Super Morzine, Boot room with heated boot warmers, Outdoor hot tub, Two saunas, Parking, Free bus route",,unknown,Sunday,,per-person,GBP,season-range,519,1156,,"package via Sno: Accommodation, Half Board, Without Flights",no,,,"Chalet des Ardoisiers is a large and spacious chalet, traditional in style, with an outdoor hot tub and two saunas. New to our property portfolio for winter 23/24, Chalet des Ardoisiers is a beautiful traditional property which comfortably accommodates up",https://www.sno.co.uk/ski-holidays/chalet-des-ardoisiers_19233/,Sno,site-sno,5,chalets/images/sno-chalet-des-ardoisiers/,2026-10-06,"Sno 20 Mar 2027: Sold Out; price range = Sno dates priced for 13 sharing from no flights (accommodation only); operator not named on Sno (image code wlc); hot tub: Chalet des Ardoisiers is a large and spacious chalet, traditional in style, with an outdoor hot tub and two saunas"
sno-chalet-bonbon,Chalet Bonbon,unknown (sold via Sno),Morzine,Portes du Soleil,France,11,14,,,chalet,half-board,"Catered bookings; Catered stays include half-board catering. This comprises:; Breakfast; 5 days continental breakfast with hot option; 2 days self-service continental; Daily afternoon tea; including homemade cake or biscuits, fresh baguette and hot drinks; 3-course evening meal on 6 evenings*; House",none,no,"Sleeps 11-14, 6 bedrooms, Central Morzine, Close to lift (200m), Boot room with heated bootwarmers, 1 Parking Space",,unknown,Sunday,,per-person,GBP,season-range,432,781,,"package via Sno: Accommodation, Half Board, Without Flights",no,,,"A centrally located 6 en-suite bedroom chalet located in the centre of Morzine, tastefully decorated with a mix of modern and traditional Alpine chic. Chalet Bonbon is one of our Signature chalets, located in the heart of Morzine, just 3",https://www.sno.co.uk/ski-holidays/chalet-bonbon_19047/,Sno,site-sno,5,chalets/images/sno-chalet-bonbon/,2026-10-06,Sno 20 Mar 2027: Sold Out; price range = Sno dates priced for 14 sharing from no flights (accommodation only); operator not named on Sno (image code wlc)
sno-chalet-ossetra,Chalet Ossetra,unknown (sold via Sno),Avoriaz,Portes du Soleil,France,6,7,,,chalet,catered,Our Executive Chef is passionate about food and hugely sensitive to the appetite of a hungry skier whilst considering a balanced diet. The new and refined menus are heavy enough to reward mountain exertion yet light and simple enough to leave you grinning not groaning.; All our catered ski holidays ,none,no,"Ski in ski out, Open fire, Balcony, WiFi in all rooms, Flat screen TV with UK TV in each bedroom, Ski room with boot warmers, Not suitable for those with reduced mobility (PRM), Chalet catering, Welco",,unknown,Sunday,1575,per-person,GBP,exact-week,1575,10392,,"package via Sno: Accommodation, Catered, Without Flights, Transfers",yes,,,"* Ski in/Ski out * Chalet Ossetra is the smaller neighbour of Chalet Beluga next door, and offers a more intimate space for smaller parties, accommodating 6-7 guests.The position is sensational; mind blowing views, piste and chair lifts all around",https://www.sno.co.uk/ski-holidays/chalet-ossetra_16845/,Sno,site-sno,5,chalets/images/sno-chalet-ossetra/,2026-10-06,Sno 20 Mar 2027: £1575pp with 2 sharing from no flights (accommodation only); price range = Sno dates priced for 2 sharing from no flights (accommodation only); operator not named on Sno (image code wlc)
sno-chalet-kakisa,Chalet Kakisa,unknown (sold via Sno),Avoriaz,Portes du Soleil,France,8,10,,,chalet,catered,Our Executive Chef is passionate about food and hugely sensitive to the appetite of a hungry skier whilst considering a balanced diet. The new and refined menus are heavy enough to reward mountain exertion yet light and simple enough to leave you grinning not groaning.; All our catered ski holidays ,none,yes,"Ski out location, Open fire, Balcony, WiFi in all rooms, Flat screen TV with UK TV in each bedroom, Ski room with boot warmers, Not suitable for those with reduced mobility (PRM), Indoor pool, sauna &",,unknown,Sunday,1823,per-person,GBP,exact-week,1374,3593,,"package via Sno: Accommodation, Catered, Without Flights, Transfers",yes,,,"* Piste-side Location * Indoor pool, sauna & hammam * Chalet Kakisa sits close to the centre of Avoriaz, a vertical lift ride away from the noise and bustle of the very centre, but perfectly placed on the piste side",https://www.sno.co.uk/ski-holidays/chalet-kakisa_16843/,Sno,site-sno,5,chalets/images/sno-chalet-kakisa/,2026-10-06,Sno 20 Mar 2027: £1823pp with 8 sharing from no flights (accommodation only); price range = Sno dates priced for 8 sharing from no flights (accommodation only); operator not named on Sno (image code wlc)
sno-chalet-kobuk,Chalet Kobuk,unknown (sold via Sno),Avoriaz,Portes du Soleil,France,8,10,,,chalet,catered,Our Executive Chef is passionate about food and hugely sensitive to the appetite of a hungry skier whilst considering a balanced diet. The new and refined menus are heavy enough to reward mountain exertion yet light and simple enough to leave you grinning not groaning.; All our catered ski holidays ,none,yes,"Ski out location, Open fire, Balcony, WiFi in all rooms, Flat screen TV with UK TV in each bedroom, Sauna & hammam, Ski room with boot warmers, Not suitable for those with reduced mobility (PRM), Chal",,unknown,Sunday,1633,per-person,GBP,exact-week,1337,3526,,"package via Sno: Accommodation, Catered, Without Flights, Transfers",yes,,,"* Piste-side Location * Sauna & hammam * Without wishing to appear too evangelical about it, every now and again the stars seem to align and extraordinary opportunities drop into your lap. Through chance or good fortune we became the",https://www.sno.co.uk/ski-holidays/chalet-kobuk_16842/,Sno,site-sno,5,chalets/images/sno-chalet-kobuk/,2026-10-06,Sno 20 Mar 2027: £1633pp with 8 sharing from no flights (accommodation only); price range = Sno dates priced for 8 sharing from no flights (accommodation only); operator not named on Sno (image code wlc)
sno-chalet-marie,Chalet Marie,unknown (sold via Sno),Avoriaz,Portes du Soleil,France,14,15,,,chalet,catered,"Our catered chalets mean there is no need to worry about a shopping trip whilst on holiday, as you will be looked after by us from arrival right to departure.; Staff night off is once a week when there is no afternoon tea or dinner, so on this day you can explore the local restaurants in Avoriaz. Br",none,yes,"After a day on the slopes, return to the chalet to enjoy a coffee and an afternoon treat in the spacious open-concept living and dining space, complete with high beamed ceilings, a feature fireplace, ",,unknown,Saturday,1722,per-person,GBP,exact-week,1051,1891,,"package via Sno: Accommodation, Catered, Flights Included, Transfers",yes,,,"Chalet Marie is a fantastic Savoyard style chalet in the centre of Avoriaz, with its cosy Alpine décor and doorstep skiing it is the perfect choice for a week in the Portes du Soleil Ski Area. With doorstep skiing, you",https://www.sno.co.uk/ski-holidays/chalet-marie_18611/,Sno,site-sno,5,chalets/images/sno-chalet-marie/,2026-10-06,Sno 20 Mar 2027: £1722pp with 2 sharing from Gatwick; price range = Sno dates priced for 2 sharing from Gatwick; operator not named on Sno (image code wlc)
sno-chalet-kipnuk,Chalet Kipnuk,unknown (sold via Sno),Avoriaz,Portes du Soleil,France,6,8,,,chalet,catered,Our Executive Chef is passionate about food and hugely sensitive to the appetite of a hungry skier whilst considering a balanced diet. The new and refined menus are heavy enough to reward mountain exertion yet light and simple enough to leave you grinning not groaning.; All our catered ski holidays ,private-indoor,no,"Log fire, Indoor hot tub, Balcony, WiFi in all rooms, DVD player, Flat screen TV with UK TV in each bedroom, Ski room with boot warmers, Not suitable for those with reduced mobility (PRM), Chalet cate",,unknown,Sunday,1633,per-person,GBP,exact-week,1337,3526,,"package via Sno: Accommodation, Catered, Without Flights, Transfers",yes,,,"* Within 50 metres of the pistes * Indoor hot tub * Chalet Kipnuk offers the perfect home for 6-8 guests looking to explore Avoriaz, the Portes du Soleil and Switzerland beyond. Built into the side of the mountain above",https://www.sno.co.uk/ski-holidays/chalet-kipnuk_18302/,Sno,site-sno,5,chalets/images/sno-chalet-kipnuk/,2026-10-06,Sno 20 Mar 2027: £1633pp with 6 sharing from no flights (accommodation only); price range = Sno dates priced for 6 sharing from no flights (accommodation only); operator not named on Sno (image code wlc); hot tub: * Within 50 metres of the pistes * Indoor hot tub *
sno-chalet-sakami,Chalet Sakami,unknown (sold via Sno),Avoriaz,Portes du Soleil,France,,6,,,chalet,catered,Our Executive Chef is passionate about food and hugely sensitive to the appetite of a hungry skier whilst considering a balanced diet. The new and refined menus are heavy enough to reward mountain exertion yet light and simple enough to leave you grinning not groaning.; All our catered ski holidays ,private-outdoor,no,"Log fire, Outdoor hot tub, Balcony, WiFi in all rooms, Flat screen TV with UK TV in each bedroom, Ski room with boot warmers, Not suitable for those with reduced mobility (PRM), Chalet catering, Welco",,unknown,Sunday,1582,per-person,GBP,exact-week,1285,3472,,"package via Sno: Accommodation, Catered, Without Flights, Transfers",yes,,,* Within 50 metres of the pistes * Outdoor hot tub * Chalet Sakami offers the perfect space for six guests over three floors. The huge windows and balconies allow you to enjoy mountain panoramas from every room. Built into,https://www.sno.co.uk/ski-holidays/chalet-sakami_18301/,Sno,site-sno,5,chalets/images/sno-chalet-sakami/,2026-10-06,Sno 20 Mar 2027: £1582pp with 6 sharing from no flights (accommodation only); price range = Sno dates priced for 6 sharing from no flights (accommodation only); operator not named on Sno (image code wlc); hot tub: * Within 50 metres of the pistes * Outdoor hot tub *
sno-chalet-ipaka,Chalet Ipaka,unknown (sold via Sno),Avoriaz,Portes du Soleil,France,,6,,,chalet,catered,Our Executive Chef is passionate about food and hugely sensitive to the appetite of a hungry skier whilst considering a balanced diet. The new and refined menus are heavy enough to reward mountain exertion yet light and simple enough to leave you grinning not groaning.; All our catered ski holidays ,none,yes,"Log fire, Indoor pool, sauna & hammam, Balcony, WiFi in all rooms, DVD player, Flat screen TV with UK TV in each bedroom, Ski room with boot warmers, Not suitable for those with reduced mobility (PRM)",,unknown,Sunday,1633,per-person,GBP,exact-week,1337,3526,,"package via Sno: Accommodation, Catered, Without Flights, Transfers",yes,,,"* Within 50 metres of the pistes * Indoor pool, sauna & hammam * Avoriaz is the highest and most snow-sure resort in the vast Portes du Soleil ski area, offering over 600km of pistes across 14 resorts and two",https://www.sno.co.uk/ski-holidays/chalet-ipaka_18303/,Sno,site-sno,5,chalets/images/sno-chalet-ipaka/,2026-10-06,Sno 20 Mar 2027: £1633pp with 6 sharing from no flights (accommodation only); price range = Sno dates priced for 6 sharing from no flights (accommodation only); operator not named on Sno (image code wlc)
sno-chalet-beluga,Chalet Beluga,unknown (sold via Sno),Avoriaz,Portes du Soleil,France,10,14,,,chalet,catered,Our Executive Chef is passionate about food and hugely sensitive to the appetite of a hungry skier whilst considering a balanced diet. The new and refined menus are heavy enough to reward mountain exertion yet light and simple enough to leave you grinning not groaning.; All our catered ski holidays ,none,no,"Ski in ski out, Open fire, Balcony, WiFi in all rooms, Flat screen TV with UK TV in each bedroom, Ski room with boot warmers, Spa suite with pool & hammam, Not suitable for those with reduced mobility",,unknown,Sunday,1950,per-person,GBP,exact-week,1378,3613,,"package via Sno: Accommodation, Catered, Without Flights, Transfers",yes,,,"* Ski in/Ski out * Indoor Heated Pool * Hammam * Every now and again the stars seem to align and extraordinary opportunities drop into your lap. Through a chance lunch and a random overheard comment, we became owners of",https://www.sno.co.uk/ski-holidays/chalet-beluga_16844/,Sno,site-sno,5,chalets/images/sno-chalet-beluga/,2026-10-06,Sno 20 Mar 2027: £1950pp with 10 sharing from no flights (accommodation only); price range = Sno dates priced for 10 sharing from no flights (accommodation only); operator not named on Sno (image code wlc)
sno-chalet-le-vieux,Chalet Le Vieux,unknown (sold via Sno),Les Gets,Portes du Soleil,France,,12,,,chalet,catered,"In a catered Chalet you are taken care of by professional chalet staff. They make sure you can enjoy an extensive breakfast buffet and a delicious three-course dinner.; The chalet staff is carefully selected. They are evaluated on their cooking qualities, hospitality and professionalism.",none,yes,"Up to 12 people, Fireplace (wood included), Separate reading room / conservatory, Large playground next to chalet, Parking in front of chalet, Free WiFi, Separate bar, Location close to the slopes, Sa",,unknown,Saturday,886,per-person,GBP,exact-week,625,1094,,"package via Sno: Accommodation, Catered, Without Flights",yes,,,"Discover the unique chalet experience of Chalet Le Vieux, an exclusive offering by Wens Chalets. This beautiful, authentic chalet, built in 1910 in Gstaad and relocated to Les Gets in 2001, offers a rich history and charming details. Immerse yourself",https://www.sno.co.uk/ski-holidays/chalet-le-vieux_18912/,Sno,site-sno,5,chalets/images/sno-chalet-le-vieux/,2026-10-06,Sno 20 Mar 2027: £886pp with 10 sharing from no flights (accommodation only); price range = Sno dates priced for 10 sharing from no flights (accommodation only); operator not named on Sno (image code wlc)
sno-chalet-alpaka,Chalet Alpaka,unknown (sold via Sno),Châtel,Portes du Soleil,France,24,30,,,chalet,catered,"In a catered Chalet you are taken care of by professional chalet staff. They make sure you can enjoy an extensive breakfast buffet and a delicious three-course dinner.; The chalet staff is carefully selected. They are evaluated on their cooking qualities, hospitality and professionalism.",none,yes,"Up to 28 people, 38 guests possible with the adjacent chalet Pom de Pin included, Spacious living and dining room, Fireplace (firewood included), Free WiFi, Ski storage with boot warmers, Sauna (inclu",,unknown,Saturday,782,per-person,GBP,exact-week,565,1042,,"package via Sno: Accommodation, Catered, Without Flights",yes,,,"Châtel is a charming village with an authentic centre and sprawling suburbs. After a day on the slopes Châtel offers a lot of possibilities to enjoy yourself in the restaurants, bars and / or nightclubs. Chalet Alpaca was built in",https://www.sno.co.uk/ski-holidays/chalet-alpaka_18908/,Sno,site-sno,5,chalets/images/sno-chalet-alpaka/,2026-10-06,Sno 20 Mar 2027: £782pp with 2 sharing from no flights (accommodation only); price range = Sno dates priced for 2 sharing from no flights (accommodation only); operator not named on Sno (image code wlc)
sno-chalet-pom-de-pin,Chalet Pom de Pin,unknown (sold via Sno),Châtel,Portes du Soleil,France,,8,,,chalet,catered,"In a catered Chalet you are taken care of by professional chalet staff. They make sure you can enjoy an extensive breakfast buffet and a delicious three-course dinner.; The chalet staff is carefully selected. They are evaluated on their cooking qualities, hospitality and professionalism.",none,no,"Up to 8 people, Cozy living / dining room, Ample parking, Balcony around the house",,unknown,Saturday,652,per-person,GBP,exact-week,456,912,,"package via Sno: Accommodation, Catered, Without Flights",yes,,,"Explore Chalet Pom de Pin, a charming and cozy catered chalet located in the picturesque and family-friendly village of Châtel. This accommodation is ideal for smaller groups and is located just a stone's throw away from shops, restaurants, and the",https://www.sno.co.uk/ski-holidays/chalet-pom-de-pin_18909/,Sno,site-sno,5,chalets/images/sno-chalet-pom-de-pin/,2026-10-06,Sno 20 Mar 2027: £652pp with 8 sharing from no flights (accommodation only); price range = Sno dates priced for 8 sharing from no flights (accommodation only); operator not named on Sno (image code wlc)
