chalet_id,chalet_name,operator,village,ski_area,country,sleeps_min,sleeps_max,bedrooms,bathrooms,property_type,board,catering_detail,hot_tub,sauna,other_facilities,distance_to_lift_m,ski_in_out,changeover_day,price_week_20_27_mar_2027,price_basis,price_currency,price_type,price_range_low,price_range_high,price_per_bed,price_includes,available_20_27_mar,combines,same_as,description,url,listed_on,found_via,image_count,image_dir,date_checked,notes
travel-ski-apartments-les-charmettes,Apartments Les Charmettes,Travel Ski,Les Menuires,Les 3 Vallées,France,,4,,,apartment,self-catered,self-catered,none,no,,200,unknown,Saturday,,per-person,GBP,season-range,992,1872,,Eurostar/rail travel + board (Ski Line package),unknown,,,"100 m from the the shops. 200 m from the ski slopes.Residence Charmettes is in the very centre of les Menuires, at 50 metres from shops, facilities, and ski lifts. Child club is at the bottom of the building, bus ...",https://www.skiline.co.uk/ski-holidays/france/les-menuires/apartments-les-charmettes,Ski Line,site-ski-line,5,chalets/images/travel-ski-apartments-les-charmettes/,2026-10-06,no 20/21 Mar 2027 departure in Ski Line price list; Ski Line prices GBP pp
mmv-hotels-residence-club-le-coeur-des-loges,Residence Club Le Coeur des Loges,MMV Hotels,Les Menuires,Les 3 Vallées,France,,12,,,apartment,self-catered,self-catered,yes-type-unknown,yes,pool,,unknown,Saturday,344,per-person,GBP,exact-week,193,798,,"accommodation + board, no travel (Ski Line)",yes,,,"Benvegnu! The warm welcome at the Coeur des Loges is a prelude to discovering your comfortable apartment, where you'll quickly feel at home. A glance from the panoramic terrace with its breathtaking view of the 3 Valleys ski area invites ...",https://www.skiline.co.uk/ski-holidays/france/les-menuires/residence-club-le-coeur-des-loges,Ski Line,site-ski-line,5,chalets/images/mmv-hotels-residence-club-le-coeur-des-loges/,2026-10-06,20 Mar price from Ski Line (Independent Travel); Ski Line prices GBP pp
inghams-le-coeur-des-loges,Le Coeur des Loges,Inghams,Les Menuires,Les 3 Vallées,France,,6,1,,apartment,self-catered,self-catered,yes-type-unknown,yes,"pool, steam room",,unknown,Saturday,,per-person,GBP,season-range,739,1499,,"flights, transfers + board (Ski Line package)",unknown,,,"Located at the entrance to les Menuires, the Coeur des Loges is an attractive residence built in traditional Alpine style. With ski-in/ski-out access, the apartments provide the perfect opportunity for quick access into the fantastic Three Valleys ski area. Relax ...",https://www.skiline.co.uk/ski-holidays/france/les-menuires/le-coeur-des-loges,Ski Line,site-ski-line,5,chalets/images/inghams-le-coeur-des-loges/,2026-10-06,no 20/21 Mar 2027 departure in Ski Line price list; Ski Line prices GBP pp
inghams-les-bruyeres-hotel,Les Bruyeres Hotel,Inghams,Les Menuires,Les 3 Vallées,France,,200,,,hotel,half-board,,none,yes,"steam room, fireplace",,yes,Saturday,1071,per-person,GBP,exact-week,949,1959,,mixed: some departures include travel,yes,,,"The Hotel Les Bruyeres is located in the heart of Les Menuires, at the foot of the slopes, next to the Les Bruyeres ski lifts and ski school meeting point. This allows quick and easy access to the slopes for ...",https://www.skiline.co.uk/ski-holidays/france/les-menuires/les-bruyeres-hotel,Ski Line,site-ski-line,5,chalets/images/inghams-les-bruyeres-hotel/,2026-10-06,"20 Mar price from Ski Line (London St. Pancras (rail), Double or Twin,PB, WC, BA,Panoramic); Ski Line prices GBP pp"
crystal-le-coeur-des-loges,Le Coeur des Loges,Crystal,Les Menuires,Les 3 Vallées,France,,8,,,apartment,self-catered,self-catered,yes-type-unknown,yes,"pool, steam room",,yes,flexible,,per-person,GBP,season-range,962,2638,,mixed: some departures include travel,unknown,,,"This place is spot on for group trips and family getaways. It’s modern, self-catered and right on the slopes too - simply hop in the lift that's connected to the hotel, ride down to the piste and click in to ...",https://www.skiline.co.uk/ski-holidays/france/les-menuires/le-coeur-des-loges-2,Ski Line,site-ski-line,5,chalets/images/crystal-le-coeur-des-loges/,2026-10-06,no 20/21 Mar 2027 departure in Ski Line price list; hot tub per Ski Line facility flag; Ski Line prices GBP pp
crystal-belambra-hotel-les-bruyeres,Belambra Hotel Les Bruyeres,Crystal,Les Menuires,Les 3 Vallées,France,,200,,,hotel,half-board,,none,yes,"steam room, fireplace",,yes,Saturday,,per-person,GBP,season-range,1032,2031,,mixed: some departures include travel,unknown,,,"Sitting near the bottom of Les Menuires' slopes, Les Bruyères is a ski-in, ski-out hotel just 1 minute from the gondola. And the resort bus stops outside to take you to the town centre too, so popping out for a ...",https://www.skiline.co.uk/ski-holidays/france/les-menuires/hotel-les-bruyeres-2,Ski Line,site-ski-line,5,chalets/images/crystal-belambra-hotel-les-bruyeres/,2026-10-06,no 20/21 Mar 2027 departure in Ski Line price list; Ski Line prices GBP pp
crystal-higalik-hotel,Higalik Hotel,Crystal,Les Menuires,Les 3 Vallées,France,,100,,,hotel,breakfast-only,,none,yes,"pool, steam room",,yes,flexible,,per-person,GBP,season-range,1094,2905,,mixed: some departures include travel,unknown,,,"Modern décor meets traditional wood-and-stone architecture at the Higalik Hotel, so you get an authentic alpine feel with some contemporary twists. Snowy peaks wrap around on all sides giving some wow-worthy views and it's right at the foot of a ...",https://www.skiline.co.uk/ski-holidays/france/les-menuires/higalik-hotel-2,Ski Line,site-ski-line,5,chalets/images/crystal-higalik-hotel/,2026-10-06,no 20/21 Mar 2027 departure in Ski Line price list; Ski Line prices GBP pp
sno-chalet-hotel-cocon-des-neiges,,Ski Famille,,,,,,,,,,,,,,,,,,,,,,,,,,,,,,Ski Line,site-ski-line,,,2026-10-06,Ski Line: https://www.skiline.co.uk/ski-holidays/france/les-menuires/chalet-hotel-cocon-des-neiges-family; 20 Mar GBP 1919 per-person; range GBP 1399-1949 per-person; available 20 Mar: yes; operator per Ski Line: Ski Famille
sno-chalet-le-corbeau,,Ski Famille,,,,,,2,,,,,,,fireplace,,,,,,,,,,,,,,,,,Ski Line,site-ski-line,,,2026-10-06,Ski Line: https://www.skiline.co.uk/ski-holidays/france/les-menuires/chalet-le-corbeau-family; range GBP 1509-1819 per-person; operator per Ski Line: Ski Famille
sno-chalet-aigrette,,Ski Famille,,,,,,2,,,,,,,"fireplace, resort driver/minibus",,,,,,,,,,,,,,,,,Ski Line,site-ski-line,,,2026-10-06,Ski Line: https://www.skiline.co.uk/ski-holidays/france/les-menuires/chalet-aigrette-family; range GBP 1509-2049 per-person; operator per Ski Line: Ski Famille
sno-chalet-aigle,,Ski Famille,,,,,,,,,,,,,,,,,,,,,,,,,,,,,,Ski Line,site-ski-line,,,2026-10-06,Ski Line: https://www.skiline.co.uk/ski-holidays/france/les-menuires/chalet-aigle-family; range GBP 1569-2119 per-person; operator per Ski Line: Ski Famille
sno-chalet-faucon,,Ski Famille,,,,,,,,,,,,,,,,,,,,,,,,,,,,,,Ski Line,site-ski-line,,,2026-10-06,Ski Line: https://www.skiline.co.uk/ski-holidays/france/les-menuires/chalet-faucon-family; range GBP 1569-2119 per-person; operator per Ski Line: Ski Famille
crystal-premium-residence-les-alpages-de-reberty,Premium Residence Les Alpages de Reberty,Crystal,Les Menuires,Les 3 Vallées,France,,6,,,apartment,self-catered,self-catered,none,yes,pool,,yes,Saturday,,per-person,GBP,season-range,1597,3708,,"flights, transfers + board (Ski Line package)",unknown,,,"These apartments are nestled in the highest part of Les Menuires, in the cosy hamlet of Réberty 2000. Best thing about them is they’re ski-in, ski-out on a green run, easily connected to the nearby beginner zone as well as ...",https://www.skiline.co.uk/ski-holidays/france/les-menuires/premium-residence-les-alpages-de-reberty,Ski Line,site-ski-line,5,chalets/images/crystal-premium-residence-les-alpages-de-reberty/,2026-10-06,no 20/21 Mar 2027 departure in Ski Line price list; Ski Line prices GBP pp
inghams-hotel-le-kaya,Hotel Le Kaya,Inghams,Les Menuires,Les 3 Vallées,France,,50,,,hotel,half-board,,none,yes,"pool, steam room",,unknown,Saturday,1955,per-person,GBP,exact-week,1629,3329,,"flights, transfers + board (Ski Line package)",yes,,,"The Kaya is a superb hotel located in the Reberty area of Les Menuires, part of the world-renowned Three Valleys ski area. With its piste-side location and fabulous facilities, the hotel promises a winter holiday to remember. Within minutes of ...",https://www.skiline.co.uk/ski-holidays/france/les-menuires/hotel-le-kaya,Ski Line,site-ski-line,5,chalets/images/inghams-hotel-le-kaya/,2026-10-06,"20 Mar price from Ski Line (London Gatwick, Junior Suite,PB & PS, WC, BA,); Ski Line prices GBP pp"
crystal-ours-blanc-hotel,Ours Blanc Hotel,Crystal,Les Menuires,Les 3 Vallées,France,,99,,,hotel,half-board,,none,yes,"pool, steam room",,unknown,Saturday,1847,per-person,GBP,exact-week,1713,2758,,mixed: some departures include travel,yes,,,"This stylish hotel is on the mountainside overlooking Les Menuires, so you can be on the slopes in under a minute. It looks just like a traditional chalet on the outside – but inside, it’s got a modern alpine look ...",https://www.skiline.co.uk/ski-holidays/france/les-menuires/ours-blanc-hotel,Ski Line,site-ski-line,5,chalets/images/crystal-ours-blanc-hotel/,2026-10-06,"20 Mar price from Ski Line (London Gatwick, Double Room with Balcony - (price pp based on 2 sharing)); Ski Line prices GBP pp"
inghams-ours-blanc-hotel-and-spa,Ours Blanc Hotel and Spa,Inghams,Les Menuires,Les 3 Vallées,France,,66,,,hotel,half-board,,none,yes,"pool, steam room, fireplace",,yes,Saturday,,per-person,GBP,season-range,1819,3029,,"flights, transfers + board (Ski Line package)",unknown,,,"Ours Blanc Hotel and Spa is a ski in / ski out, newly refurbished, hotel on the mountainside of Les Menuires. Which is a perfect location to explore the whole of the Three Valleys Ski Area, with a gorgeous view ...",https://www.skiline.co.uk/ski-holidays/france/les-menuires/ours-blanc-hotel-and-spa,Ski Line,site-ski-line,5,chalets/images/inghams-ours-blanc-hotel-and-spa/,2026-10-06,no 20/21 Mar 2027 departure in Ski Line price list; Ski Line prices GBP pp
odalys-ski-chalet-de-sophie,Ski Chalet De Sophie,Odalys,Les Menuires,Les 3 Vallées,France,,14,7,,chalet,self-catered,self-catered,none,no,fireplace,,partial,Saturday,352,per-person,GBP,exact-week,220,669,,"accommodation + board, no travel (Ski Line)",yes,,,"Offering superb views of the surrounding peaks, Chalet Sophie in Les Menuires is an ideal choice for your ski holiday rental in Savoy. This attractive chalet located on the ski slopes of the “Preyerand” area in Les Menuires, is just ...",https://www.skiline.co.uk/ski-holidays/france/les-menuires/ski-chalet-de-sophie,Ski Line,site-ski-line,5,chalets/images/odalys-ski-chalet-de-sophie/,2026-10-06,20 Mar price from Ski Line (Independent Travel); Ski Line prices GBP pp
allchalets-chalet-de-marie,,Odalys,,,,,,,,,,self-catered,,,,,,,,,,,,,,,,,,,,Ski Line,site-ski-line,,,2026-10-06,Ski Line: https://www.skiline.co.uk/ski-holidays/france/les-menuires/chalet-de-marie-2; 20 Mar GBP 383 per-person; range GBP 247-719 per-person; available 20 Mar: yes; operator per Ski Line: Odalys
wens-le-panicaut,,,,,,,,,,,,,,,,,,,,,,,,,,,,,,,,Ski Line,site-ski-line,,,2026-10-06,Ski Line: https://www.skiline.co.uk/ski-holidays/france/les-menuires/chalet-le-panicaut; 20 Mar GBP 784 per-person; range GBP 688-1055 per-person; available 20 Mar: yes
inghams-residence-les-clarines,Residence Les Clarines,Inghams,Les Menuires,Les 3 Vallées,France,,8,,,apartment,self-catered,self-catered,yes-type-unknown,yes,"pool, steam room",100,unknown,Saturday,,per-person,GBP,season-range,839,1539,,"flights, transfers + board (Ski Line package)",unknown,,,"Perched on the side of the piste in Les Menuires, these apartments are a great option for those looking for quick access to fantastic skiing. The nearest cable car is only 100m away. With the added advantage of free access ...",https://www.skiline.co.uk/ski-holidays/france/les-menuires/residence-les-clarines-2,Ski Line,site-ski-line,5,chalets/images/inghams-residence-les-clarines/,2026-10-06,no 20/21 Mar 2027 departure in Ski Line price list; hot tub per Ski Line facility flag; Ski Line prices GBP pp
crystal-hameau-de-la-sapiniere-apartments,Hameau de la Sapiniere Apartments,Crystal,Les Menuires,Les 3 Vallées,France,,10,,,apartment,self-catered,self-catered,yes-type-unknown,yes,steam room,,yes,Saturday,1217,per-person,GBP,exact-week,1088,4180,,mixed: some departures include travel,yes,,,"Set in its own mini-mountain hamlet, and accessed from the centre of resort by a small pedestrian path, Les Hameau de la Sapinière has a simple, rustic feel. Inside, the apartments are everything you'd imagine an alpine chalet to be, ...",https://www.skiline.co.uk/ski-holidays/france/les-menuires/hameau-de-la-sapiniere,Ski Line,site-ski-line,5,chalets/images/crystal-hameau-de-la-sapiniere-apartments/,2026-10-06,"20 Mar price from Ski Line (London Gatwick, 2 Bedroom Apartment with Balcony - (price pp based on 2 sharing)); Ski Line prices GBP pp"
skiline-chalets-du-soleil-authentiques,Chalets du Soleil Authentiques,,,,,,14,1,,apartment,self-catered,self-catered,none,no,fireplace,,unknown,,,,,quote-needed,,,,,unknown,,,"The CHALETS DU SOLEIL AUTHENTIQUES self-catering apartments in Les Menuires are located in the Reberty 2000 area of the resort, and are at the foot of the slopes. The residence is a further 1.5km from the resort centre, shops and ...",https://www.skiline.co.uk/ski-holidays/france/les-menuires/chalets-du-soleil-authentiques,Ski Line,site-ski-line,5,chalets/images/skiline-chalets-du-soleil-authentiques/,2026-10-06,no 20/21 Mar 2027 departure in Ski Line price list; operator not named (Ski Line sitemap-only page); sitemap-only (not in Ski Line search)
skiline-les-chalets-du-soleil-authentique,Les Chalets du Soleil Authentique,,,,,,14,1,,apartment,self-catered,self-catered,none,yes,"steam room, fireplace",,unknown,,,,,quote-needed,,,,,unknown,,,"Overlooking the resort and nestled into the edge of the pistes of the Reberty 2000 area of Les Menuires, Les Chalets du Soleil Authentique offers quality accommodation, built in a traditional Savoyard style. Upon reservation and payable locally, guests are ...",https://www.skiline.co.uk/ski-holidays/france/les-menuires/les-chalets-du-soleil-authentique,Ski Line,site-ski-line,5,chalets/images/skiline-les-chalets-du-soleil-authentique/,2026-10-06,no 20/21 Mar 2027 departure in Ski Line price list; operator not named (Ski Line sitemap-only page); sitemap-only (not in Ski Line search)
skiline-chalets-de-ladonis-apartments,Chalets de L’Adonis Apartments,,,,,,8,,,apartment,self-catered,self-catered,none,yes,"pool, steam room",,unknown,,,,,quote-needed,,,,,unknown,,,"The Residence Les Chalets de l'Adonis offers comfortable modern accommodation in the Les Bruyères sector of Les Menuires. Connected by walkways and pedestrian lifts, the apartments are just 100m from the ski lifts, and only 300m from the centre of ...",https://www.skiline.co.uk/ski-holidays/france/les-menuires/chalets-de-ladonis-apartments,Ski Line,site-ski-line,5,chalets/images/skiline-chalets-de-ladonis-apartments/,2026-10-06,no 20/21 Mar 2027 departure in Ski Line price list; operator not named (Ski Line sitemap-only page); sitemap-only (not in Ski Line search)
skiline-le-chalet-du-mont-vallon-apartments,Le Chalet du Mont Vallon Apartments,,,,,,6,,,apartment,self-catered,self-catered,yes-type-unknown,yes,"pool, steam room",,unknown,,,,,quote-needed,,,,,unknown,,,"Le Chalet Du Mont Vallon Apartments offer an excellent standard of accommodation with a slopeside location. The residence has everything guests might want for a peaceful and relaxing stay, including an onsite bar and restaurant and fantastic wellness facilities. Ski-in, ...",https://www.skiline.co.uk/ski-holidays/france/les-menuires/le-chalet-du-mont-vallon,Ski Line,site-ski-line,5,chalets/images/skiline-le-chalet-du-mont-vallon-apartments/,2026-10-06,no 20/21 Mar 2027 departure in Ski Line price list; hot tub per Ski Line facility flag; operator not named (Ski Line sitemap-only page); sitemap-only (not in Ski Line search)
skiline-chalet-dalice,Chalet D’Alice,,,,,,8,4,,chalet,self-catered,self-catered,none,no,,,unknown,,,,,quote-needed,,,,,unknown,,,"Offering lovely views of the snow-capped summits, the Chalet d'Alice (110m²) is ideal for a ski holiday in the Savoie region of the French Alps. Located on the slopes in Preyerand aux Menuires, this chalet is right next to the ...",https://www.skiline.co.uk/ski-holidays/france/les-menuires/chalet-dalice-2,Ski Line,site-ski-line,5,chalets/images/skiline-chalet-dalice/,2026-10-06,no 20/21 Mar 2027 departure in Ski Line price list; operator not named (Ski Line sitemap-only page); sitemap-only (not in Ski Line search)
skiline-residence-cgh-spa-les-chalets-du-soleil-contemporains,Residence CGH & SPA Les Chalets du Soleil Contemporains,,,,,,7,1,,apartment,self-catered,self-catered,none,yes,,,unknown,,,,,quote-needed,,,,,unknown,,,"The "" Plus "" of the CGH & SPA Residence Les Chalets du Soleil Contemporary 4* : A prestigious residence that will delight you with its many included services? Located in the heart of the 3 Valleys domain which is ...",https://www.skiline.co.uk/ski-holidays/france/les-menuires/residence-cgh-spa-les-chalets-du-soleil-contemporains,Ski Line,site-ski-line,5,chalets/images/skiline-residence-cgh-spa-les-chalets-du-soleil-contemporains/,2026-10-06,no 20/21 Mar 2027 departure in Ski Line price list; operator not named (Ski Line sitemap-only page); sitemap-only (not in Ski Line search)
skiline-residence-cgh-spa-les-chalets-du-soleil-authentique-4,Residence CGH & SPA Les Chalets du Soleil Authentique 4*,,,,,,8,,,apartment,self-catered,self-catered,none,no,,,unknown,,,,,quote-needed,,,,,unknown,,,"The prestigious CGH & SPA Residence Les Chalets du Soleil Authentique 4* is located at the top of Les Ménuires in the Réberty 2000 district. The access to the domain is ski in and ski out, the ESF is 500 ...",https://www.skiline.co.uk/ski-holidays/france/les-menuires/residence-cgh-spa-les-chalets-du-soleil-authentique,Ski Line,site-ski-line,5,chalets/images/skiline-residence-cgh-spa-les-chalets-du-soleil-authentique-4/,2026-10-06,no 20/21 Mar 2027 departure in Ski Line price list; operator not named (Ski Line sitemap-only page); sitemap-only (not in Ski Line search)
skiline-premium-les-chalets-de-ladonis-4,Premium – Les Chalets de l’Adonis 4*,,,,,,6,,,apartment,self-catered,self-catered,none,yes,pool,,unknown,,,,,quote-needed,,,,,unknown,,,"What's Included Eurostar seat ✔ Transfers ✔ Accommodation ✔ Ski pass ✔ Residence les Chalets de l'Adonis 4* is located 1850 metres high, inside the Bruyères district in the Menuires resort, part of the 3 Valleys domain. The residence is ...",https://www.skiline.co.uk/ski-holidays/france/les-menuires/skissim-premium-les-chalets-de-ladonis-4,Ski Line,site-ski-line,5,chalets/images/skiline-premium-les-chalets-de-ladonis-4/,2026-10-06,no 20/21 Mar 2027 departure in Ski Line price list; operator not named (Ski Line sitemap-only page); sitemap-only (not in Ski Line search)
allchalets-blanchot,,Ski Chalets.nl,,,,,,,,,,,,,,,,,,,,,,,,,,,,,,Ski Line,site-ski-line,,,2026-10-06,Ski Line: https://www.skiline.co.uk/ski-holidays/france/reberty-2000/chalet-blanchot-2; range GBP 890-1541 per-person; operator per Ski Line: Ski Chalets.nl
sno-chalet-neve-reberty-2000,,Ski Vertigo,,,,,,,,,,,,,fireplace,,,,,,,,,,,,,,,,,Ski Line,site-ski-line,,,2026-10-06,Ski Line: https://www.skiline.co.uk/ski-holidays/france/reberty-2000/chalet-neve-2; range GBP 1149-1389 per-person; operator per Ski Line: Ski Vertigo
sno-chalet-sapin,,Ski Vertigo,,,,,,,,,,,,,fireplace,,,,,,,,,,,,,,,,,Ski Line,site-ski-line,,,2026-10-06,Ski Line: https://www.skiline.co.uk/ski-holidays/france/reberty-2000/chalet-sapin; 20 Mar GBP 1399 per-person; range GBP 1149-1469 per-person; available 20 Mar: yes; operator per Ski Line: Ski Vertigo
sno-chalet-katie-1,,Ski Famille,,,,,,,,,,,,,,,,,,,,,,,,,,,,,,Ski Line,site-ski-line,,,2026-10-06,Ski Line: https://www.skiline.co.uk/ski-holidays/france/reberty-2000/chalet-katie-1-family; range GBP 1349-1609 per-person; operator per Ski Line: Ski Famille
sno-chalet-katie-2,,Ski Famille,,,,,,,,,,,,,,,,,,,,,,,,,,,,,,Ski Line,site-ski-line,,,2026-10-06,Ski Line: https://www.skiline.co.uk/ski-holidays/france/reberty-2000/chalet-katie-2-family; range GBP 1349-1899 per-person; operator per Ski Line: Ski Famille
sno-chalet-chamois,,Ski Famille,,,,,,2,,,,,,,,,,,,,,,,,,,,,,,,Ski Line,site-ski-line,,,2026-10-06,Ski Line: https://www.skiline.co.uk/ski-holidays/france/reberty-2000/chalet-chamois-family-2; range GBP 1349-1899 per-person; operator per Ski Line: Ski Famille
sno-chalet-eva,,Ski Famille,,,,,,,,,,,,,,,,,,,,,,,,,,,,,,Ski Line,site-ski-line,,,2026-10-06,Ski Line: https://www.skiline.co.uk/ski-holidays/france/reberty-2000/chalet-eva-family; range GBP 1399-1959 per-person; operator per Ski Line: Ski Famille
sno-chalet-bramble,,Ski Famille,,,,,,,,,,,,,,,,,,,,,,,,,,,,,,Ski Line,site-ski-line,,,2026-10-06,Ski Line: https://www.skiline.co.uk/ski-holidays/france/reberty-2000/chalet-bramble-family; range GBP 1399-1899 per-person; operator per Ski Line: Ski Famille
wens-in-the-clouds,,,,,,,,,,,,,,,,,,,,,,,,,,,,,,,,Ski Line,site-ski-line,,,2026-10-06,Ski Line: https://www.skiline.co.uk/ski-holidays/france/reberty-2000/chalet-in-the-clouds; range GBP 872-1124 per-person
mercury-alpine-chalets-chalet-constantia-catered,Chalet Constantia (Catered),Mercury Alpine Chalets,St-Martin-de-Belleville,Les 3 Vallées,France,,12,6,,chalet,catered,Daily Breakfast with cooked options Afternoon Tea with choice of homemade cake or charcuterie board 5 course dinner served on 5 nights Artisan gin bar with premium tonic Champagne reception ...,private-outdoor,yes,"fireplace, resort driver/minibus",200,unknown,Saturday,,per-person,GBP,season-range,1167,3917,,"accommodation + board, no travel (Ski Line)",unknown,,,"Chalet Constantia is a spectacular four-storey chalet offering luxury, space, and seclusion. Nestled at the bottom of the village, this standalone chalet provides breathtaking, uninterrupted views of the surrounding mountains and alpine meadows and is located less than 200m from ...",https://www.skiline.co.uk/ski-holidays/france/st-martin-de-belleville/chalet-constantia-catered,Ski Line,site-ski-line,5,chalets/images/mercury-alpine-chalets-chalet-constantia-catered/,2026-10-06,no 20/21 Mar 2027 departure in Ski Line price list; hot tub per Ski Line facility flag; Ski Line prices GBP pp
mercury-alpine-chalets-chalet-constantia-self-catered,Chalet Constantia (Self-Catered),Mercury Alpine Chalets,St-Martin-de-Belleville,Les 3 Vallées,France,,12,6,,chalet,self-catered,self-catered,private-outdoor,yes,fireplace,200,unknown,Saturday,,per-person,GBP,season-range,808,3008,,"accommodation + board, no travel (Ski Line)",unknown,,,"Chalet Constantia is a spectacular four-storey chalet offering luxury, space, and seclusion. Nestled at the bottom of the village, this standalone chalet provides breathtaking, uninterrupted views of the surrounding mountains and alpine meadows and is located less than 200m from ...",https://www.skiline.co.uk/ski-holidays/france/st-martin-de-belleville/chalet-constantia-self-catered,Ski Line,site-ski-line,5,chalets/images/mercury-alpine-chalets-chalet-constantia-self-catered/,2026-10-06,no 20/21 Mar 2027 departure in Ski Line price list; hot tub per Ski Line facility flag; Ski Line prices GBP pp
mercury-alpine-chalets-chalet-chez-bugi-catered,Chalet Chez Bugi (Catered),Mercury Alpine Chalets,St-Martin-de-Belleville,Les 3 Vallées,France,,12,6,,chalet,catered,"Daily Breakfast with cooked options Afternoon Tea 5 course dinner served on 5 nights Champagne reception on first evening Complimentary bar - sparkling wine, wine, spirits, beers, soft drinks and ...",private-outdoor,yes,resort driver/minibus,,yes,Sunday,,per-person,GBP,season-range,1167,3917,,"accommodation + board, no travel (Ski Line)",unknown,,,"Perched directly on the piste in St Martin de Belleville, Chez Bugi offers the ultimate in ski-in, ski-out luxury. Just a 20-second glide from the gondola and the heart of the village, this exquisite chalet provides the perfect blend of ...",https://www.skiline.co.uk/ski-holidays/france/st-martin-de-belleville/chalet-chez-bugi-catered,Ski Line,site-ski-line,5,chalets/images/mercury-alpine-chalets-chalet-chez-bugi-catered/,2026-10-06,no 20/21 Mar 2027 departure in Ski Line price list; hot tub per Ski Line facility flag; Ski Line prices GBP pp
mercury-alpine-chalets-chalet-chez-bugi-self-catered,Chalet Chez Bugi (Self-Catered),Mercury Alpine Chalets,St-Martin-de-Belleville,Les 3 Vallées,France,,12,6,,chalet,self-catered,self-catered,private-outdoor,yes,,,yes,Sunday,,per-person,GBP,season-range,808,3008,,"accommodation + board, no travel (Ski Line)",unknown,,,"Perched directly on the piste in St Martin de Belleville, Chez Bugi offers the ultimate in ski-in, ski-out luxury. Just a 20-second glide from the gondola and the heart of the village, this exquisite chalet provides the perfect blend of ...",https://www.skiline.co.uk/ski-holidays/france/st-martin-de-belleville/chalet-chez-bugi-self-catered,Ski Line,site-ski-line,5,chalets/images/mercury-alpine-chalets-chalet-chez-bugi-self-catered/,2026-10-06,no 20/21 Mar 2027 departure in Ski Line price list; hot tub per Ski Line facility flag; Ski Line prices GBP pp
mercury-alpine-chalets-chalet-aphylla-catered,Chalet Aphylla (Catered),Mercury Alpine Chalets,St-Martin-de-Belleville,Les 3 Vallées,France,,8,,,chalet,catered,Daily Breakfast with cooked options Afternoon Tea with choice of homemade cake or charcuterie board 5 course dinner served on 5 nights Champagne reception on first evening Complimentary bar - ...,private-outdoor,yes,,,unknown,,,,,quote-needed,,,,,unknown,,,"Chalet Aphylla is a stunning semi-detached property situated in the tranquil hamlet of Villarabout, just above St. Martin de Belleville. This elegant alpine retreat offers an intimate escape for up to eight guests, housed in four beautifully designed en-suite bedrooms. ...",https://www.skiline.co.uk/ski-holidays/france/st-martin-de-belleville/chalet-aphylla-catered,Ski Line,site-ski-line,5,chalets/images/mercury-alpine-chalets-chalet-aphylla-catered/,2026-10-06,no 20/21 Mar 2027 departure in Ski Line price list; hot tub per Ski Line facility flag
mercury-alpine-chalets-chalet-aphylla-self-catered,Chalet Aphylla (Self-Catered),Mercury Alpine Chalets,St-Martin-de-Belleville,Les 3 Vallées,France,,8,,,chalet,self-catered,self-catered,private-outdoor,yes,,,unknown,Sunday,750,per-person,GBP,exact-week,313,750,,"accommodation + board, no travel (Ski Line)",yes,,,"Chalet Aphylla is a stunning semi-detached property situated in the tranquil hamlet of Villarabout, just above St. Martin de Belleville. This elegant alpine retreat offers an intimate escape for up to eight guests, housed in four beautifully designed en-suite bedrooms. ...",https://www.skiline.co.uk/ski-holidays/france/st-martin-de-belleville/chalet-aphylla-self-catered,Ski Line,site-ski-line,5,chalets/images/mercury-alpine-chalets-chalet-aphylla-self-catered/,2026-10-06,20 Mar price from Ski Line (Independent Travel); hot tub per Ski Line facility flag; Ski Line prices GBP pp
mercury-alpine-chalets-chalet-aralia-catered,Chalet Aralia (Catered),Mercury Alpine Chalets,St-Martin-de-Belleville,Les 3 Vallées,France,,8,4,,chalet,catered,Daily Breakfast with cooked options Afternoon Tea with choice of homemade cake or charcuterie board 5 course dinner served on 5 nights Champagne reception on first evening Complimentary bar - ...,private-outdoor,yes,resort driver/minibus,,unknown,Sunday,1500,per-person,GBP,exact-week,1000,1875,,"accommodation + board, no travel (Ski Line)",yes,,,"Located on a quiet, private road just above St Martin de Belleville, Chalet Aralia offers a tranquil retreat with beautiful views over the village and surrounding meadows. Just a few minutes' drive from the village centre and the pistes, this ...",https://www.skiline.co.uk/ski-holidays/france/st-martin-de-belleville/chalet-aralia-catered,Ski Line,site-ski-line,5,chalets/images/mercury-alpine-chalets-chalet-aralia-catered/,2026-10-06,20 Mar price from Ski Line (Independent Travel); hot tub per Ski Line facility flag; Ski Line prices GBP pp
mercury-alpine-chalets-chalet-aralia-self-catered,Chalet Aralia (Self-Catered),Mercury Alpine Chalets,St-Martin-de-Belleville,Les 3 Vallées,France,,8,4,,chalet,self-catered,self-catered,private-outdoor,yes,,,unknown,Sunday,750,per-person,GBP,exact-week,313,750,,"accommodation + board, no travel (Ski Line)",yes,,,"Located on a quiet, private road just above St Martin de Belleville, Chalet Aralia offers a tranquil retreat with beautiful views over the village and surrounding meadows. Just a few minutes' drive from the village centre and the pistes, this ...",https://www.skiline.co.uk/ski-holidays/france/st-martin-de-belleville/chalet-aralia-self-catered,Ski Line,site-ski-line,5,chalets/images/mercury-alpine-chalets-chalet-aralia-self-catered/,2026-10-06,20 Mar price from Ski Line (Independent Travel); hot tub per Ski Line facility flag; Ski Line prices GBP pp
odalys-chalet-le-duc-blanc,Chalet Le Duc Blanc,Odalys,St-Martin-de-Belleville,Les 3 Vallées,France,,8,3,,chalet,self-catered,self-catered,private-outdoor,yes,fireplace,180,unknown,Saturday,572,per-person,GBP,exact-week,316,1045,,"accommodation + board, no travel (Ski Line)",yes,,,"The ski chalet Le Duc Blanc is ideally located in Saint-Martin-de-Belleville, just 180 metres from the slopes, the ski lifts, and the resort centre giving access to the famous 3 Valleys ski area. Take advantage of the miles of pristine ...",https://www.skiline.co.uk/ski-holidays/france/st-martin-de-belleville/chalet-le-duc-blanc,Ski Line,site-ski-line,5,chalets/images/odalys-chalet-le-duc-blanc/,2026-10-06,20 Mar price from Ski Line (Independent Travel); hot tub per Ski Line facility flag; Ski Line prices GBP pp
le-chalet-st-martin-le-chalet-st-martin,Le Chalet St Martin,Le Chalet St Martin,St-Martin-de-Belleville,Les 3 Vallées,France,,10,,,chalet,catered,,private-outdoor,yes,"pool, steam room, fireplace",200,unknown,Sunday,1651,per-person,GBP,exact-week,1651,1835,,"accommodation + board, no travel (Ski Line)",yes,,,"'Le Chalet' caters for up to 10 people in five beautifully decorated bedrooms with stunning en-suite bathrooms. Located in St Martin de Belleville, just 200m from the ski lift. We provide a driver service to take you between the chalet ...",https://www.skiline.co.uk/ski-holidays/france/st-martin-de-belleville/le-chalet-st-martin,Ski Line,site-ski-line,5,chalets/images/le-chalet-st-martin-le-chalet-st-martin/,2026-10-06,20 Mar price from Ski Line (Independent Travel); hot tub per Ski Line facility flag; Ski Line prices GBP pp
skiline-chalet-loutantin,Chalet Loutantin,,,,,,10,3,,chalet,self-catered,self-catered,none,no,fireplace,,unknown,,,,,quote-needed,,,,,unknown,,,"Set in the heart of the old village of Saint Marcel, enjoy a ski holiday with family or friends in the cosy Chalet Loutatin just 900m from the ski slopes. In the winter ski almost to your door after a ...",https://www.skiline.co.uk/ski-holidays/france/st-martin-de-belleville/chalet-loutantin,Ski Line,site-ski-line,5,chalets/images/skiline-chalet-loutantin/,2026-10-06,no 20/21 Mar 2027 departure in Ski Line price list; operator not named (Ski Line sitemap-only page); sitemap-only (not in Ski Line search)
skiline-chalet-la-tarine,Chalet La Tarine,,,,,,6,,,chalet,self-catered,self-catered,none,no,,,unknown,,,,,quote-needed,,,,,unknown,,,"Le Chalet Tarine is a standalone village house located in the heart of the Villarencel area at the entrance of St Martin de Belleville. This renovated house, featuring a lot of wood interior, adheres to the standards of traditional homes ...",https://www.skiline.co.uk/ski-holidays/france/st-martin-de-belleville/chalet-la-tarine,Ski Line,site-ski-line,5,chalets/images/skiline-chalet-la-tarine/,2026-10-06,no 20/21 Mar 2027 departure in Ski Line price list; operator not named (Ski Line sitemap-only page); sitemap-only (not in Ski Line search)
skiline-chalet-barthelemy,Chalet Barthelemy,,,,,,4,,,chalet,self-catered,self-catered,none,no,,,unknown,,,,,quote-needed,,,,,unknown,,,"Chalet Barthelemy is located in a village house in the hamlet of St Marcel, just 1.5 km from Saint Martin de Belleville, shopping facilities, and the ski slopes. The offered apartment has been renovated in a Scandinavian style. Discover the ...",https://www.skiline.co.uk/ski-holidays/france/st-martin-de-belleville/chalet-barthelemy,Ski Line,site-ski-line,5,chalets/images/skiline-chalet-barthelemy/,2026-10-06,no 20/21 Mar 2027 departure in Ski Line price list; operator not named (Ski Line sitemap-only page); sitemap-only (not in Ski Line search)
skiline-chalet-caseblanche,Chalet Caseblanche,,,,,,16,,,chalet,self-catered,self-catered,private (location not stated),yes,fireplace,,unknown,,,,,quote-needed,,,,,unknown,,,"What's Included Eurostar seat ✔ Transfers ✔ Accommodation ✔ Ski pass ✔ The lovely hamlet of Caseblanche with its high-end chalets (sleeping 6 to 16) and its stunning views is 50m from the gondola, and right next the run coming ...",https://www.skiline.co.uk/ski-holidays/france/st-martin-de-belleville/chalet-caseblanche,Ski Line,site-ski-line,5,chalets/images/skiline-chalet-caseblanche/,2026-10-06,no 20/21 Mar 2027 departure in Ski Line price list; hot tub per Ski Line facility flag; operator not named (Ski Line sitemap-only page); sitemap-only (not in Ski Line search)
locstnicolas-la-grange,,,,,,,,,,,,self-catered,,,,,unknown,,,,,,,,,,,,,,,Ski Line,site-ski-line,,,2026-10-06,Ski Line: https://www.skiline.co.uk/ski-holidays/france/st-martin-de-belleville/chalet-la-grange
skiline-chalet-de-julie,Chalet De Julie,,,,,,6,,,chalet,self-catered,self-catered,none,no,,,unknown,,,,,quote-needed,,,,,unknown,,,"What's Included Eurostar seat ✔ Transfers ✔ Accommodation ✔ Ski pass ✔ Located in La Villette district in the lower part of the village of St Martin de Belleville, the Chalet de Julie is in a chalet made with stones ...",https://www.skiline.co.uk/ski-holidays/france/st-martin-de-belleville/chalet-de-julie,Ski Line,site-ski-line,5,chalets/images/skiline-chalet-de-julie/,2026-10-06,no 20/21 Mar 2027 departure in Ski Line price list; operator not named (Ski Line sitemap-only page); sitemap-only (not in Ski Line search)
lechaletclub-chalet-les-granges,,,,,,,,,,,,self-catered,,,,,unknown,,,,,,,,,,,,,,,Ski Line,site-ski-line,,,2026-10-06,Ski Line: https://www.skiline.co.uk/ski-holidays/france/st-martin-de-belleville/chalet-les-granges
skiline-apartments-chalets-du-gypse,Apartments Chalets Du Gypse,,,,,,8,,,apartment,self-catered,self-catered,none,yes,,,unknown,,,,,quote-needed,,,,,unknown,,,What's Included Eurostar seat ✔ Transfers ✔ Accommodation ✔ Ski pass ✔ Apartments Chalets Du Gypse is located in les belleville. 50m from the ski slopes. 50m from the ski lifts. 200m from the resort center. 150m from the ESF. ...,https://www.skiline.co.uk/ski-holidays/france/st-martin-de-belleville/apartments-chalets-du-gypse,Ski Line,site-ski-line,5,chalets/images/skiline-apartments-chalets-du-gypse/,2026-10-06,no 20/21 Mar 2027 departure in Ski Line price list; operator not named (Ski Line sitemap-only page); sitemap-only (not in Ski Line search)
crystal-le-hameau-du-mottaret-apartments,Le Hameau du Mottaret Apartments,Crystal,Méribel-Mottaret,Les 3 Vallées,France,,5,,,apartment,self-catered,self-catered,none,no,,,yes,Saturday,,per-person,GBP,season-range,735,1546,,mixed: some departures include travel,unknown,,,"These fuss-free apartments offer good-value accommodation within the Hameau du Mottaret complex. Just a short gondola ride up from the resort centre, the complex has a range of shops and restaurants, a shopping centre, a bar with live music and ...",https://www.skiline.co.uk/ski-holidays/france/mottaret/le-hameau-du-mottaret-apartments,Ski Line,site-ski-line,5,chalets/images/crystal-le-hameau-du-mottaret-apartments/,2026-10-06,no 20/21 Mar 2027 departure in Ski Line price list; Ski Line prices GBP pp; Ski Line resort 'Mottaret'
crystal-les-crets-apartments,Les Crets Apartments,Crystal,Méribel-Mottaret,Les 3 Vallées,France,,4,,,apartment,self-catered,self-catered,none,no,,,yes,Saturday,1152,per-person,GBP,exact-week,1152,3484,,mixed: some departures include travel,yes,,,"With their cosy, chalet-style décor and top-notch facilities, it’s easy to see why these up-to-date apartments are so popular. The location’s ideal too. Set in a scenic spot overlooking Mottaret, you can ski to and from the door on a ...",https://www.skiline.co.uk/ski-holidays/france/mottaret/les-crets-apartments,Ski Line,site-ski-line,5,chalets/images/crystal-les-crets-apartments/,2026-10-06,"20 Mar price from Ski Line (London Gatwick, 2 Bedroom Apartment with Mountain View - (price pp based on 2 sharing)); Ski Line prices GBP pp; Ski Line resort 'Mottaret'"
sno-chalet-elodie,,Ski World,,,,,,,,,,,,,,,,,,,,,,,,,,,,,,Ski Line,site-ski-line,,,2026-10-06,Ski Line: https://www.skiline.co.uk/ski-holidays/france/mottaret/chalet-elodie; range GBP 1223-1479 per-person; operator per Ski Line: Ski World
sno-chalet-andre,,Ski World,,,,,,,,,,,,,,,,,,,,,,,,,,,,,,Ski Line,site-ski-line,,,2026-10-06,Ski Line: https://www.skiline.co.uk/ski-holidays/france/mottaret/chalet-andre; range GBP 1415-1604 per-person; operator per Ski Line: Ski World
crystal-le-mottaret-hotel,Le Mottaret Hotel,Crystal,Méribel-Mottaret,Les 3 Vallées,France,,149,,,hotel,half-board,,yes-type-unknown,yes,"pool, steam room, fireplace",,yes,flexible,,per-person,GBP,season-range,1335,2161,,"flights, transfers + board (Ski Line package)",unknown,,,"It won’t take you long to find out what makes the Le Mottaret so special. From the friendly, helpful staff to the smart TVs in each room, this place has a long list of highlights. And getting going each morning ...",https://www.skiline.co.uk/ski-holidays/france/mottaret/le-mottaret-hotel-2,Ski Line,site-ski-line,5,chalets/images/crystal-le-mottaret-hotel/,2026-10-06,no 20/21 Mar 2027 departure in Ski Line price list; hot tub per Ski Line facility flag; Ski Line prices GBP pp; Ski Line resort 'Mottaret'; Ski Line hot-tub flag on a residence/hotel: probably shared spa (pass2: hot tub type)
sno-chalet-natalette-i,,Ski World,,,,,,,,,,,,,,,,,,,,,,,,,,,,,,Ski Line,site-ski-line,,,2026-10-06,Ski Line: https://www.skiline.co.uk/ski-holidays/france/mottaret/chalet-natalette-i; range GBP 1459-1599 per-person; operator per Ski Line: Ski World
sno-chalet-natalette-ii,,Ski World,,,,,,,,,,,,,,,,,,,,,,,,,,,,,,Ski Line,site-ski-line,,,2026-10-06,Ski Line: https://www.skiline.co.uk/ski-holidays/france/mottaret/chalet-natalette-ii; range GBP 1469-1626 per-person; operator per Ski Line: Ski World
sno-chalet-germaine,,Ski World,,,,,,,,,,,,,,,,,,,,,,,,,,,,,,Ski Line,site-ski-line,,,2026-10-06,Ski Line: https://www.skiline.co.uk/ski-holidays/france/mottaret/chalet-germaine; range GBP 1629-1665 per-person; operator per Ski Line: Ski World
odalys-residence-le-hameau-du-mottaret,Residence Le Hameau du Mottaret,Odalys,Méribel-Mottaret,Les 3 Vallées,France,,8,,,apartment,self-catered,self-catered,none,no,,,yes,Saturday,179,per-person,GBP,exact-week,117,580,,"accommodation + board, no travel (Ski Line)",yes,,,"On the slopes above the French ski resort of Meribel in the 3 Valleys in the Savoy region, you will find ideally located ski holiday rentals at 1800m of altitude in the Residence Le Hameau du Mottaret. From your ski ...",https://www.skiline.co.uk/ski-holidays/france/mottaret/residence-le-hameau-du-mottaret,Ski Line,site-ski-line,5,chalets/images/odalys-residence-le-hameau-du-mottaret/,2026-10-06,20 Mar price from Ski Line (Independent Travel); Ski Line prices GBP pp; Ski Line resort 'Mottaret'
sno-chalet-l-arclusaz,,,,,,,,,,,,,,,fireplace,,,,,,,,,,,,,,,,,Ski Line,site-ski-line,,,2026-10-06,Ski Line: https://www.skiline.co.uk/ski-holidays/france/mottaret/chalet-arclusaz
skiline-chalet-simone,Chalet Simone,,,,,,6,3,,chalet,catered,"A catered ski chalet is a home-style ski holiday accommodation. Packages usually include flights, airport transfers, breakfast, afternoon tea and 3 or 4-course evening meals. Dinner also includes unlimited wine ...",none,no,fireplace,,unknown,,,,,quote-needed,,,,,unknown,,,"With its original exposed wooden roof beams, decorative stone fireplace (not in use) and comfortable furniture, Chalet Simone evokes as traditional chalet atmosphere as you’re likely to find in the Alps. Whether sat in the living or dining area or ...",https://www.skiline.co.uk/ski-holidays/france/mottaret/chalet-simone,Ski Line,site-ski-line,5,chalets/images/skiline-chalet-simone/,2026-10-06,no 20/21 Mar 2027 departure in Ski Line price list; operator not named (Ski Line sitemap-only page); sitemap-only (not in Ski Line search)
ski-beat-chalet-loup-blanc,Chalet Loup Blanc,Ski Beat,Val Thorens,Les 3 Vallées,France,,10,,,chalet,catered,"This operator knows how much extra yummy food can add to your ski chalet holiday, that's why they work hard to make sure all of our chalet hosts are trained ...",private-indoor,yes,"pool, fireplace",300,unknown,Saturday,1870,per-person,GBP,exact-week,811,2270,,"flights, transfers + board (Ski Line package)",yes,,,"Looking for a modern chalet with a wealth of amenities at your fingertips, look no further than Chalet Loup Blanc. This chalet certainly has something for everyone. Chalet Loup Blanc is a chalet style apartment split over two floors and ...",https://www.skiline.co.uk/ski-holidays/france/val-thorens/chalet-loup-blanc,Ski Line,site-ski-line,0,,2026-10-06,20 Mar price from Ski Line (London Gatwick); hot tub per Ski Line facility flag; Ski Line prices GBP pp
ski-beat-chalet-ibex,Chalet Ibex,Ski Beat,Val Thorens,Les 3 Vallées,France,,10,,,chalet,catered,"This operator knows how much extra yummy food can add to your ski chalet holiday, that's why they work hard to make sure all of our chalet hosts are trained ...",private-indoor,yes,pool,300,unknown,Saturday,1870,per-person,GBP,exact-week,811,2270,,"flights, transfers + board (Ski Line package)",yes,,,"Chalet Ibex is the highest chalet style apartment in the French Alps, it is split over two floors and accommodates up to ten guests. This chalet offers modern decor and boasts an open plan communal living area with wonderful views ...",https://www.skiline.co.uk/ski-holidays/france/val-thorens/chalet-ibex,Ski Line,site-ski-line,1,chalets/images/ski-beat-chalet-ibex/,2026-10-06,20 Mar price from Ski Line (London Gatwick); hot tub per Ski Line facility flag; Ski Line prices GBP pp
ski-beat-chalet-renard,Chalet Renard,Ski Beat,Val Thorens,Les 3 Vallées,France,,8,,,chalet,catered,"This operator knows how much extra yummy food can add to your ski chalet holiday, that's why they work hard to make sure all of our chalet hosts are trained ...",private-indoor,yes,,200,unknown,Saturday,,per-person,GBP,season-range,1255,2362,,"flights, transfers + board (Ski Line package)",unknown,,,"Chalet Renard is one of the highest chalet style apartments in the French Alps, and accommodates eight guests on one floor. This chalet offers modern decor and boasts an open plan communal living area with wonderful views of the piste. ...",https://www.skiline.co.uk/ski-holidays/france/val-thorens/chalet-renard,Ski Line,site-ski-line,5,chalets/images/ski-beat-chalet-renard/,2026-10-06,no 20/21 Mar 2027 departure in Ski Line price list; hot tub per Ski Line facility flag; Ski Line prices GBP pp
buildmyskitrip-chalet-sabot,Chalet Sabot,Buildmyskitrip,Val Thorens,Les 3 Vallées,France,,10,5,,chalet,catered,,none,no,,,yes,Saturday,,per-person,GBP,season-range,1350,2000,,"accommodation + board, no travel (Ski Line)",unknown,,,"Our exclusive catered ski apartment Sabot accommodates up to 10 guests, uniquely positioned with direct piste access from the ski locker room to the snow-sure French ski resort of Val Thorens, the highest ski resort in Europe. Just steps away ...",https://www.skiline.co.uk/ski-holidays/france/val-thorens/chalet-sabot,Ski Line,site-ski-line,5,chalets/images/buildmyskitrip-chalet-sabot/,2026-10-06,no 20/21 Mar 2027 departure in Ski Line price list; Ski Line prices GBP pp
buildmyskitrip-sabot-penthouse,Sabot Penthouse,Buildmyskitrip,Val Thorens,Les 3 Vallées,France,,8,4,,chalet,catered,"In our catered chalets, we really do pride ourselves on the quality of our food and catering. We love food. We are all very much foodies here. That is why ...",none,no,fireplace,,yes,Saturday,,per-person,GBP,season-range,1875,2250,,"accommodation + board, no travel (Ski Line)",unknown,,,"Our spacious 4-bedroom catered chalet penthouse sleeps up to 10 guests, with 6 days of our highly-rated catering service included. With direct ski-in/ski-out access from the ski boot room to the pistes of the 3 Valleys, the penthouse is located ...",https://www.skiline.co.uk/ski-holidays/france/val-thorens/sabot-penthouse,Ski Line,site-ski-line,5,chalets/images/buildmyskitrip-sabot-penthouse/,2026-10-06,no 20/21 Mar 2027 departure in Ski Line price list; Ski Line prices GBP pp
buildmyskitrip-petit-sabot,Petit Sabot,Buildmyskitrip,Val Thorens,Les 3 Vallées,France,,6,3,,chalet,catered,"In our catered chalets, we really do pride ourselves on the quality of our food and catering. We love food. We are all very much foodies here. That is why ...",none,no,fireplace,,yes,Saturday,,per-person,GBP,season-range,1167,2333,,"accommodation + board, no travel (Ski Line)",unknown,,,"All good things come in small packages, and our 6-person catered Petit-Sabot is no exception. With 3 bedrooms sleeping up to 6 people, the apartment offers ski-in/ski-out access from the ski boot room, as well as a wrap-around balcony which ...",https://www.skiline.co.uk/ski-holidays/france/val-thorens/petit-sabot,Ski Line,site-ski-line,5,chalets/images/buildmyskitrip-petit-sabot/,2026-10-06,no 20/21 Mar 2027 departure in Ski Line price list; Ski Line prices GBP pp
buildmyskitrip-chalet-bonhomme,Chalet Bonhomme,Buildmyskitrip,Val Thorens,Les 3 Vallées,France,,28,12,,chalet,catered,"In our catered chalets, we really do pride ourselves on the quality of our food and catering. We love food. We are all very much foodies here. That is why ...",private-outdoor,yes,"pool, fireplace",,unknown,Saturday,,per-person,GBP,season-range,714,1286,,"accommodation + board, no travel (Ski Line)",unknown,,,"Our catered chalet Bonhomme is one of the largest catered ski chalets in the French ski resort of Val Thorens, offering stunning views over the 3 Valleys ski resort and accommodating up to 28 people. Perfect for a large group ...",https://www.skiline.co.uk/ski-holidays/france/val-thorens/chalet-bonhomme,Ski Line,site-ski-line,5,chalets/images/buildmyskitrip-chalet-bonhomme/,2026-10-06,no 20/21 Mar 2027 departure in Ski Line price list; hot tub per Ski Line facility flag; Ski Line prices GBP pp
buildmyskitrip-chalet-sabot-1,Chalet Sabot 1,Buildmyskitrip,Val Thorens,Les 3 Vallées,France,,10,5,,chalet,catered,"In our catered chalets, we really do pride ourselves on the quality of our food and catering. We love food. We are all very much foodies. That is why our ...",none,no,fireplace,,yes,Saturday,,per-person,GBP,season-range,1350,2000,,"accommodation + board, no travel (Ski Line)",unknown,,,"This exclusive catered ski apartment Sabot accommodates up to 10 guests, uniquely positioned with direct piste access from the ski locker room to the snow-sure French ski resort of Val Thorens, the highest ski resort in Europe. Just steps away ...",https://www.skiline.co.uk/ski-holidays/france/val-thorens/chalet-sabot-1,Ski Line,site-ski-line,5,chalets/images/buildmyskitrip-chalet-sabot-1/,2026-10-06,no 20/21 Mar 2027 departure in Ski Line price list; Ski Line prices GBP pp
inghams-residence-le-tikal,Residence Le Tikal,Inghams,Val Thorens,Les 3 Vallées,France,,6,,,apartment,self-catered,self-catered,yes-type-unknown,yes,,,yes,Saturday,769,per-person,GBP,exact-week,529,1539,,"flights, transfers + board (Ski Line package)",yes,,,"The Tikal Apartments benefit from an excellent ski-in/ski-out location, and are also near the centre of Val Thorens and it's amenities. Rooms All apartments have twin or double beds (please specify preference when booking), bath with shower head attachment or ...",https://www.skiline.co.uk/ski-holidays/france/val-thorens/residence-le-tikal,Ski Line,site-ski-line,5,chalets/images/inghams-residence-le-tikal/,2026-10-06,"20 Mar price from Ski Line (London Gatwick, Two Bedroom Apartment,PB, WC); hot tub per Ski Line facility flag; Ski Line prices GBP pp; Ski Line hot-tub flag on a residence/hotel: probably shared spa (pass2: hot tub type)"
club-med-club-med-val-thorens-sensations,Club Med Val Thorens Sensations,Club Med,Val Thorens,Les 3 Vallées,France,,200,,,,,,none,no,,,yes,flexible,,per-person,GBP,season-range,2057,5148,,"accommodation + board, no travel (Ski Line)",unknown,,,"Exceptional skiing and new experiences in Europe’s highest ski resort A very contemporary spirit, designed by Sophie Jacqmin. One of the main aims of the architects was to get maximum benefit from the mountain panorama: the rooms have a magnificent ...",https://www.skiline.co.uk/ski-holidays/france/val-thorens/club-med-val-thorens-sensations,Ski Line,site-ski-line,5,chalets/images/club-med-club-med-val-thorens-sensations/,2026-10-06,Ski Line board 'All Inclusive'; no 20/21 Mar 2027 departure in Ski Line price list; Ski Line prices GBP pp
inghams-residence-village-montana-apartments,Residence Village Montana Apartments,Inghams,Val Thorens,Les 3 Vallées,France,,6,,,apartment,self-catered,self-catered,none,yes,steam room,,yes,Saturday,1239,per-person,GBP,exact-week,789,1599,,"flights, transfers + board (Ski Line package)",yes,,,"This is one of the premier Residences in Val Thorens with its piste side location. The apartments are spacious, comfortable and all tastefully decorated and all have superb views. The resort centre is accessed by a lift and a covered ...",https://www.skiline.co.uk/ski-holidays/france/val-thorens/residence-village-montana-apartments,Ski Line,site-ski-line,5,chalets/images/inghams-residence-village-montana-apartments/,2026-10-06,"20 Mar price from Ski Line (London Gatwick, Two Bedroom Apartment,PB, WC, BA,); Ski Line prices GBP pp"
sno-chalet-pegase,,Ski Vertigo,,,,,,3,,,,,,,,,,,,,,,,,,,,,,,,Ski Line,site-ski-line,,,2026-10-06,Ski Line: https://www.skiline.co.uk/ski-holidays/france/val-thorens/chalet-pegase-2; range GBP 833-833 per-person; operator per Ski Line: Ski Vertigo
sno-chalet-orion,,Ski Vertigo,,,,,,3,,,,,,,,,,,,,,,,,,,,,,,,Ski Line,site-ski-line,,,2026-10-06,Ski Line: https://www.skiline.co.uk/ski-holidays/france/val-thorens/chalet-orion; range GBP 833-833 per-person; operator per Ski Line: Ski Vertigo
crystal-residence-odalys-tourotel,Residence Odalys Tourotel,Crystal,Val Thorens,Les 3 Vallées,France,,2,,,apartment,self-catered,self-catered,none,no,,,yes,flexible,,per-person,GBP,season-range,910,2110,,"flights, transfers + board (Ski Line package)",unknown,,,"Stylish slopeside stays are sorted at the Odalys Tourotel. The apartments have a fresh look, with lots of light wood and a white-and-grey colour scheme to match the snow-covered peaks outside. And speaking of peaks, you couldn’t be closer here ...",https://www.skiline.co.uk/ski-holidays/france/val-thorens/residence-odalys-tourotel-2,Ski Line,site-ski-line,5,chalets/images/crystal-residence-odalys-tourotel/,2026-10-06,no 20/21 Mar 2027 departure in Ski Line price list; Ski Line prices GBP pp
inghams-residence-les-balcons,Residence les Balcons,Inghams,Val Thorens,Les 3 Vallées,France,,8,,,apartment,self-catered,self-catered,yes-type-unknown,yes,"pool, steam room",,unknown,Saturday,,per-person,GBP,season-range,929,929,,"flights, transfers + board (Ski Line package)",unknown,,,"Located in the heart of one of the biggest ski areas in the world, The Three Valleys, Residence les Balcons sits in a quiet neighbourhood just outside the resort centre of Val Thorens. These apartments provide comfort and privacy for ...",https://www.skiline.co.uk/ski-holidays/france/val-thorens/residence-les-balcons,Ski Line,site-ski-line,5,chalets/images/inghams-residence-les-balcons/,2026-10-06,no 20/21 Mar 2027 departure in Ski Line price list; hot tub per Ski Line facility flag; Ski Line prices GBP pp; Ski Line hot-tub flag on a residence/hotel: probably shared spa (pass2: hot tub type)
crystal-le-cheval-blanc-apartments,Le Cheval Blanc Apartments,Crystal,Val Thorens,Les 3 Vallées,France,,8,,,apartment,self-catered,self-catered,none,no,,,yes,Saturday,1051,per-person,GBP,exact-week,966,1491,,mixed: some departures include travel,yes,,,"This basic residence has an excellent location right on the slopes in Val Thorens, so you can virtually ski to and from the door. Also close to the centre of the resort, there are numerous shops, bars and restaurants just ...",https://www.skiline.co.uk/ski-holidays/france/val-thorens/le-cheval-blanc-apartments-2,Ski Line,site-ski-line,5,chalets/images/crystal-le-cheval-blanc-apartments/,2026-10-06,"20 Mar price from Ski Line (London Gatwick, 1 Bedroom Apartment with Balcony - (price pp based on 2 sharing)); Ski Line prices GBP pp"
crystal-residence-le-tikal,Residence Le Tikal,Crystal,Val Thorens,Les 3 Vallées,France,,6,,,apartment,self-catered,self-catered,none,yes,,,yes,Saturday,,per-person,GBP,season-range,1003,3085,,"flights, transfers + board (Ski Line package)",unknown,,,"Getting to and from Residence Le Tikal couldn’t be simpler – these apartments sit right alongside a green run so you can step outside the door and swoosh off. And if you'd rather walk, the lifts and nursery slopes are ...",https://www.skiline.co.uk/ski-holidays/france/val-thorens/residence-le-tikal-2,Ski Line,site-ski-line,5,chalets/images/crystal-residence-le-tikal/,2026-10-06,no 20/21 Mar 2027 departure in Ski Line price list; Ski Line prices GBP pp
inghams-residence-hameau-de-kashmir,Residence Hameau de Kashmir,Inghams,Val Thorens,Les 3 Vallées,France,,6,,,apartment,self-catered,self-catered,yes-type-unknown,yes,pool,,yes,Saturday,1199,per-person,GBP,exact-week,1019,1919,,"flights, transfers + board (Ski Line package)",yes,,,"Located at the foot of the slopes, the Résidence Hameau de Kashmir enjoys stunning views, excellent service and a stylish interior with a selection of luxurious apartments. With direct access to the Plein Sud piste, the Kashmir provides the ultimate ...",https://www.skiline.co.uk/ski-holidays/france/val-thorens/residence-hameau-de-kashmir,Ski Line,site-ski-line,5,chalets/images/inghams-residence-hameau-de-kashmir/,2026-10-06,"20 Mar price from Ski Line (London Gatwick, Two Bedroom Apartment,PB or PS, WC, BA); Ski Line prices GBP pp; Ski Line hot-tub flag on a residence/hotel: probably shared spa (pass2: hot tub type)"
crystal-hotel-le-sherpa,Hotel Le Sherpa,Crystal,Val Thorens,Les 3 Vallées,France,,100,,,hotel,half-board,,yes-type-unknown,yes,fireplace,,yes,Saturday,1724,per-person,GBP,exact-week,1079,2405,,mixed: some departures include travel,yes,,,"Just a snowball’s throw from the slopes and a 5-minute walk from the shops and bars, the Sherpa is a friendly, family-run hotel. The décor inside is traditional, with little touches like sheepskin rugs on the chairs to make you ...",https://www.skiline.co.uk/ski-holidays/france/val-thorens/hotel-le-sherpa-2,Ski Line,site-ski-line,5,chalets/images/crystal-hotel-le-sherpa/,2026-10-06,"20 Mar price from Ski Line (London Stansted, Duplex Junior Suite - (price pp based on 2 sharing)); Ski Line prices GBP pp; Ski Line hot-tub flag on a residence/hotel: probably shared spa (pass2: hot tub type)"
sno-chalet-capricorne,,Ski World,,,,,,,,,,,,,,,,,,,,,,,,,,,,,,Ski Line,site-ski-line,,,2026-10-06,Ski Line: https://www.skiline.co.uk/ski-holidays/france/val-thorens/chalet-capricorne; range GBP 1089-1749 per-person; operator per Ski Line: Ski World
sno-chalet-sagittaire,,Ski World,,,,,,,,,,,,,,,,,,,,,,,,,,,,,,Ski Line,site-ski-line,,,2026-10-06,Ski Line: https://www.skiline.co.uk/ski-holidays/france/val-thorens/chalet-sagittaire; range GBP 1089-1749 per-person; operator per Ski Line: Ski World
crystal-hotel-val-chaviere,Hotel Val Chaviere,Crystal,Val Thorens,Les 3 Vallées,France,,60,,,hotel,half-board,,none,no,,,yes,Saturday,1436,per-person,GBP,exact-week,1106,1933,,mixed: some departures include travel,yes,,,"The modest chalet-style Hotel Val Chavière is a homely place to rest your head in Val Thorens, the highest ski resort in Europe. The décor in the rooms is simple, but it’s all about the views here – open your ...",https://www.skiline.co.uk/ski-holidays/france/val-thorens/hotel-val-chaviere,Ski Line,site-ski-line,5,chalets/images/crystal-hotel-val-chaviere/,2026-10-06,"20 Mar price from Ski Line (London Gatwick, Twin Room with Balcony - (price pp based on 2 sharing)); Ski Line prices GBP pp"
sno-chalet-verseau,,Ski World,,,,,,,,,,,,,,,,,,,,,,,,,,,,,,Ski Line,site-ski-line,,,2026-10-06,Ski Line: https://www.skiline.co.uk/ski-holidays/france/val-thorens/chalet-verseau; range GBP 1119-1790 per-person; operator per Ski Line: Ski World
sno-chalet-libra,,Ski World,,,,,,,,,,,,,,,,,,,,,,,,,,,,,,Ski Line,site-ski-line,,,2026-10-06,Ski Line: https://www.skiline.co.uk/ski-holidays/france/val-thorens/chalet-libra; range GBP 1119-1790 per-person; operator per Ski Line: Ski World
inghams-hotel-club-les-arolles,Hotel Club Les Arolles,Inghams,Val Thorens,Les 3 Vallées,France,,408,,,hotel,half-board,,yes-type-unknown,yes,"steam room, fireplace",,yes,Saturday,1309,per-person,GBP,exact-week,1199,2089,,"flights, transfers + board (Ski Line package)",yes,,,"Renovated in a contemporary style, Hotel Les Arolles offers a modern take on mountainous atmosphere and is placed in the heart of the highest ski resort of Val Thorens. Fantastic location A usual crowd pleaser for keen skiers, Les Arolles ...",https://www.skiline.co.uk/ski-holidays/france/val-thorens/hotel-club-les-arolles,Ski Line,site-ski-line,5,chalets/images/inghams-hotel-club-les-arolles/,2026-10-06,"20 Mar price from Ski Line (Bristol International, Twin or Double,PS, WC,Mountain View); hot tub per Ski Line facility flag; Ski Line prices GBP pp; Ski Line hot-tub flag on a residence/hotel: probably shared spa (pass2: hot tub type)"
inghams-residence-hermine,Residence Hermine,Inghams,Val Thorens,Les 3 Vallées,France,,12,,,apartment,self-catered,self-catered,none,yes,"pool, fireplace",150,unknown,Saturday,,per-person,GBP,season-range,1260,1823,,"flights, transfers + board (Ski Line package)",unknown,,,"Residence Hermine is a lovely chalet style apartment building in Val Thorens. Offering everything you need for a great ski trip to the Three Valleys including a great location, fully furnished apartment with a balcony and a wellness area with ...",https://www.skiline.co.uk/ski-holidays/france/val-thorens/residence-hermine-3,Ski Line,site-ski-line,5,chalets/images/inghams-residence-hermine/,2026-10-06,no 20/21 Mar 2027 departure in Ski Line price list; Ski Line prices GBP pp
inghams-hotel-le-val-chaviere,Hotel Le Val Chaviere,Inghams,Val Thorens,Les 3 Vallées,France,,98,,,hotel,half-board,,none,no,,,yes,Saturday,1639,per-person,GBP,exact-week,1269,2321,,"flights, transfers + board (Ski Line package)",yes,,,"Run by the charming Garcin family, the Val Chavière is one of our most popular hotels in Val Thorens, offering a very warm welcome and a friendly, relaxed atmosphere in a superb ski-in/out location. The hotel is deservedly popular with ...",https://www.skiline.co.uk/ski-holidays/france/val-thorens/hotel-le-val-chaviere,Ski Line,site-ski-line,5,chalets/images/inghams-hotel-le-val-chaviere/,2026-10-06,"20 Mar price from Ski Line (London Gatwick, Twin,PB, WC, BA,Piste View); Ski Line prices GBP pp"
inghams-le-sherpa-hotel,Le Sherpa Hotel,Inghams,Val Thorens,Les 3 Vallées,France,,110,,,hotel,half-board,,yes-type-unknown,yes,"steam room, fireplace",,partial,Saturday,,per-person,GBP,season-range,1280,2440,,"flights, transfers + board (Ski Line package)",unknown,,,"This delightful Hôtel de Charme enjoys spectacular views of the resort and surrounding peaks and is just 100m from the shops and nightlife. The Chambérot family ensure superb standards of comfort, service and fine cuisine in a cosy, relaxed atmosphere. ...",https://www.skiline.co.uk/ski-holidays/france/val-thorens/le-sherpa-hotel,Ski Line,site-ski-line,5,chalets/images/inghams-le-sherpa-hotel/,2026-10-06,no 20/21 Mar 2027 departure in Ski Line price list; hot tub per Ski Line facility flag; Ski Line prices GBP pp; Ski Line hot-tub flag on a residence/hotel: probably shared spa (pass2: hot tub type)
crystal-residence-montana-premier,Residence Montana Premier,Crystal,Val Thorens,Les 3 Vallées,France,,4,,,apartment,self-catered,self-catered,none,no,,,yes,Saturday,,per-person,GBP,season-range,1283,2414,,"flights, transfers + board (Ski Line package)",unknown,,,"For a slopeside stay in Val Thorens with the ease and flexibility of a self-catering setup, the Montana Premier Apartments are a solid pick. Directly on a green slope with the Cascades chairlift just across the piste, the location is ...",https://www.skiline.co.uk/ski-holidays/france/val-thorens/residence-montana-premier,Ski Line,site-ski-line,5,chalets/images/crystal-residence-montana-premier/,2026-10-06,no 20/21 Mar 2027 departure in Ski Line price list; Ski Line prices GBP pp
inghams-residence-koh-i-nor,Residence Koh-I Nor,Inghams,Val Thorens,Les 3 Vallées,France,,126,,,apartment,self-catered,self-catered,yes-type-unknown,yes,"pool, steam room",,yes,Saturday,1567,per-person,GBP,exact-week,1303,2841,,"flights, transfers + board (Ski Line package)",yes,,,"Proudly part of Europe’s highest resort, the Residence Koh-I Nor is a ski-in / ski-out property that makes for a unique ski holiday base, as it has direct access onto the slopes. Its high-altitude position really stands out as it ...",https://www.skiline.co.uk/ski-holidays/france/val-thorens/residence-koh-i-nor-3,Ski Line,site-ski-line,5,chalets/images/inghams-residence-koh-i-nor/,2026-10-06,"20 Mar price from Ski Line (London Gatwick, Two Bedroom Apartment); hot tub per Ski Line facility flag; Ski Line prices GBP pp; Ski Line hot-tub flag on a residence/hotel: probably shared spa (pass2: hot tub type)"
crystal-residence-montana-soleil,Residence Montana Soleil,Crystal,Val Thorens,Les 3 Vallées,France,,6,,,apartment,self-catered,self-catered,none,no,,,yes,Saturday,,per-person,GBP,season-range,1385,2554,,"flights, transfers + board (Ski Line package)",unknown,,,"The Montana Soleil is a cracking option if self-catering in a traditional alpine setting sounds up your piste. It’s charming chalet-style façade leads into a mix of 1 and 2-bedroom apartments, with warm wooden furnishings and snug living spaces. It’s ...",https://www.skiline.co.uk/ski-holidays/france/val-thorens/residence-montana-soleil,Ski Line,site-ski-line,5,chalets/images/crystal-residence-montana-soleil/,2026-10-06,no 20/21 Mar 2027 departure in Ski Line price list; Ski Line prices GBP pp
sno-chalet-mathilde,,Inghams,,,,,,4,,,,,,,,,,,,,,,,,,,,,,,,Ski Line,site-ski-line,,,2026-10-06,Ski Line: https://www.skiline.co.uk/ski-holidays/france/val-thorens/chalet-mathilde-2; 20 Mar GBP 1849 per-person; range GBP 1399-2109 per-person; available 20 Mar: yes; operator per Ski Line: Inghams
sno-chalet-chloe,,Inghams,,,,,,4,,,,,,,,,,,,,,,,,,,,,,,,Ski Line,site-ski-line,,,2026-10-06,Ski Line: https://www.skiline.co.uk/ski-holidays/france/val-thorens/chalet-chloe-2; range GBP 1399-1899 per-person; operator per Ski Line: Inghams
sno-chalet-noella,,Inghams,,,,,,4,,,,,,,,,,,,,,,,,,,,,,,,Ski Line,site-ski-line,,,2026-10-06,Ski Line: https://www.skiline.co.uk/ski-holidays/france/val-thorens/chalet-noella-2; 20 Mar GBP 1799 per-person; range GBP 1399-2059 per-person; available 20 Mar: yes; operator per Ski Line: Inghams
crystal-hotel-les-arolles,Hotel Les Arolles,Crystal,Val Thorens,Les 3 Vallées,France,,100,,,hotel,half-board,,yes-type-unknown,yes,steam room,,yes,flexible,,per-person,GBP,season-range,1416,2017,,"flights, transfers + board (Ski Line package)",unknown,,,"Looking for a good-value pick in Europe’s highest ski resort? This place is bang on the money. Sitting right on a blue run, it’s ski-in, ski-out, so you can get straight out onto the slopes every morning. And there’s lots ...",https://www.skiline.co.uk/ski-holidays/france/val-thorens/hotel-les-arolles-2,Ski Line,site-ski-line,5,chalets/images/crystal-hotel-les-arolles/,2026-10-06,no 20/21 Mar 2027 departure in Ski Line price list; hot tub per Ski Line facility flag; Ski Line prices GBP pp; Ski Line hot-tub flag on a residence/hotel: probably shared spa (pass2: hot tub type)
inghams-hotel-les-trois-vallees,Hotel Les Trois Vallees,Inghams,Val Thorens,Les 3 Vallées,France,,56,,,hotel,half-board,,yes-type-unknown,yes,steam room,,unknown,Saturday,1741,per-person,GBP,exact-week,1428,2376,,"flights, transfers + board (Ski Line package)",yes,,,"Run by the Gorini family since 1979, Des Trois Vallées is a cosy, friendly hotel with an enviable reputation for high standards of comfort and service - so we can assure you that you and your family will be looked ...",https://www.skiline.co.uk/ski-holidays/france/val-thorens/hotel-les-trois-vallees,Ski Line,site-ski-line,5,chalets/images/inghams-hotel-les-trois-vallees/,2026-10-06,"20 Mar price from Ski Line (London Gatwick, Triple,PB, WC,Type Superior); hot tub per Ski Line facility flag; Ski Line prices GBP pp; Ski Line hot-tub flag on a residence/hotel: probably shared spa (pass2: hot tub type)"
crystal-hotel-des-3-vallees,Hotel des 3 Vallees,Crystal,Val Thorens,Les 3 Vallées,France,,100,,,hotel,half-board,,yes-type-unknown,yes,steam room,,unknown,Saturday,1522,per-person,GBP,exact-week,1476,2414,,mixed: some departures include travel,yes,,,"From the décor to the food, they do things with a dash of French flare at the Hotel 3 Vallées. There’s a boutique feel from top to bottom, with mementos from the 1952 Winter Olympics decorating the restaurant, while vintage ...",https://www.skiline.co.uk/ski-holidays/france/val-thorens/hotel-des-3-vallees,Ski Line,site-ski-line,5,chalets/images/crystal-hotel-des-3-vallees/,2026-10-06,"20 Mar price from Ski Line (London Gatwick, Superior Triple Room - (price pp based on 2 sharing)); hot tub per Ski Line facility flag; Ski Line prices GBP pp; Ski Line hot-tub flag on a residence/hotel: probably shared spa (pass2: hot tub type)"
inghams-hotel-fahrenheit-seven,Hotel Fahrenheit Seven,Inghams,Val Thorens,Les 3 Vallées,France,,214,,,hotel,breakfast-only,,none,yes,steam room,50,yes,Saturday,1936,per-person,GBP,exact-week,1584,3099,,"flights, transfers + board (Ski Line package)",yes,,,The Hotel Fahrenheit Seven offers a trendy stay in Val Thorens with it's take on vintage modern. It is in a prime location on the piste and walking distance from the local amenities. The hotel has a relaxed atmosphere and ...,https://www.skiline.co.uk/ski-holidays/france/val-thorens/hotel-fahrenheit-seven,Ski Line,site-ski-line,5,chalets/images/inghams-hotel-fahrenheit-seven/,2026-10-06,"20 Mar price from Ski Line (London Gatwick, Double Room with Village View,); Ski Line prices GBP pp"
crystal-le-hameau-du-kashmir-residence,Le Hameau du Kashmir Residence,Crystal,Val Thorens,Les 3 Vallées,France,,6,,,apartment,self-catered,self-catered,none,yes,pool,,yes,Saturday,1707,per-person,GBP,exact-week,1707,3212,,mixed: some departures include travel,yes,,,"Decorated in the traditional colours of the Kashmir region in India, these swanky apartments are modern and stylish in design. The apartments are located in various tiered buildings surrounding a small, central quadrangle, promoting harmony with the snow-covered slopes. They ...",https://www.skiline.co.uk/ski-holidays/france/val-thorens/le-hameau-du-kashmir-residence,Ski Line,site-ski-line,5,chalets/images/crystal-le-hameau-du-kashmir-residence/,2026-10-06,"20 Mar price from Ski Line (London Gatwick, 2 Bedroom Apartment - (price pp based on 2 sharing)); Ski Line prices GBP pp"
inghams-hotel-hameau-de-kashmir,Hotel Hameau de Kashmir,Inghams,Val Thorens,Les 3 Vallées,France,,184,,,hotel,breakfast-only,,yes-type-unknown,yes,pool,100,yes,Saturday,2752,per-person,GBP,exact-week,1766,3378,,"flights, transfers + board (Ski Line package)",yes,,,The Kashmir provides the ultimate ski convenience alongside a beautifully decorated interior with a Himalayan theme and excellent service. You can enjoy stunning views from the property and the lively atmosphere of Val Thorens as this peaceful accommodation is located ...,https://www.skiline.co.uk/ski-holidays/france/val-thorens/hotel-hameau-de-kashmir,Ski Line,site-ski-line,5,chalets/images/inghams-hotel-hameau-de-kashmir/,2026-10-06,"20 Mar price from Ski Line (London Gatwick, Prestige,Suite,PB or PS, WC, BA); hot tub per Ski Line facility flag; Ski Line prices GBP pp; Ski Line hot-tub flag on a residence/hotel: probably shared spa (pass2: hot tub type)"
crystal-hotel-marielle,Hotel Marielle,Crystal,Val Thorens,Les 3 Vallées,France,,100,,,hotel,half-board,,none,no,,,yes,Saturday,,per-person,GBP,season-range,1827,3174,,"flights, transfers + board (Ski Line package)",unknown,,,"The Hotel Marielle is ideally located in Val Thorens, with front-row seats to the piste and ski-in, ski-out facilities. Each morning, you can pop on your gear and head straight out onto the snow. The ski school meeting point is ...",https://www.skiline.co.uk/ski-holidays/france/val-thorens/hotel-marielle,Ski Line,site-ski-line,5,chalets/images/crystal-hotel-marielle/,2026-10-06,no 20/21 Mar 2027 departure in Ski Line price list; Ski Line prices GBP pp
crystal-residence-montana-valbel,Residence Montana Valbel,Crystal,Val Thorens,Les 3 Vallées,France,,4,,,apartment,self-catered,self-catered,none,no,,,yes,Saturday,1829,per-person,GBP,exact-week,1829,2780,,"flights, transfers + board (Ski Line package)",yes,,,"With a winning location and not long renovated, the Montana Valbel apartments are just what you’d want from a cosy slopeside stay. Facing directly onto Val Thorens’ beginner area with the Cascades chairlift just a short ski across the piste, ...",https://www.skiline.co.uk/ski-holidays/france/val-thorens/residence-montana-valbel,Ski Line,site-ski-line,5,chalets/images/crystal-residence-montana-valbel/,2026-10-06,"20 Mar price from Ski Line (London Gatwick, Premium 2 Bedroom Apartment - (price pp based on 2 sharing)); Ski Line prices GBP pp"
crystal-hotel-fahrenheit-seven,Hotel Fahrenheit Seven,Crystal,Val Thorens,Les 3 Vallées,France,,100,,,hotel,breakfast-only,,none,yes,fireplace,,yes,flexible,1838,per-person,GBP,exact-week,1838,3465,,mixed: some departures include travel,yes,,,"The Fahrenheit Seven has a perfect blend of modern and vintage style, with an Art Deco theme, jewel tones and plush furnishings. It's in a brilliant location, with ski-in, ski-out access from the terrace outside the boot room. It’s a ...",https://www.skiline.co.uk/ski-holidays/france/val-thorens/hotel-fahrenheit-seven-2,Ski Line,site-ski-line,5,chalets/images/crystal-hotel-fahrenheit-seven/,2026-10-06,"20 Mar price from Ski Line (London Gatwick, Twin Room with Piste View - (price pp based on 2 sharing)); Ski Line prices GBP pp"
inghams-hotel-koh-i-nor,Hotel Koh-I Nor,Inghams,Val Thorens,Les 3 Vallées,France,,126,,,hotel,breakfast-only,,yes-type-unknown,yes,"pool, steam room",,yes,Saturday,2499,per-person,GBP,exact-week,1847,4139,,"flights, transfers + board (Ski Line package)",yes,,,"Sitting proudly in Europe’s highest resort, this ski-in ski-out five-star Hotel Koh-I Nor enjoys a standout, high altitude position overlooking the beautiful Belleville Valley. This contemporary alpine hotel pairs refined design with warm, natural materials across its stylish rooms, restaurants ...",https://www.skiline.co.uk/ski-holidays/france/val-thorens/hotel-koh-i-nor-3,Ski Line,site-ski-line,5,chalets/images/inghams-hotel-koh-i-nor/,2026-10-06,"20 Mar price from Ski Line (London Gatwick, Duo North-West Facing,Double or Twin,); hot tub per Ski Line facility flag; Ski Line prices GBP pp; Ski Line hot-tub flag on a residence/hotel: probably shared spa (pass2: hot tub type)"
crystal-hotel-le-val-thorens,Hotel Le Val Thorens,Crystal,Val Thorens,Les 3 Vallées,France,,150,,,hotel,half-board,,none,no,"pool, fireplace",,yes,flexible,,per-person,GBP,season-range,2041,3364,,"flights, transfers + board (Ski Line package)",unknown,,,"Le Val Thorens is less than a minute's walk from the nearest lift and the ski school and nursery slopes are right on your doorstep. This hotel was actually one of the resort's first hotels, and inside the décor takes ...",https://www.skiline.co.uk/ski-holidays/france/val-thorens/hotel-le-val-thorens-2,Ski Line,site-ski-line,5,chalets/images/crystal-hotel-le-val-thorens/,2026-10-06,no 20/21 Mar 2027 departure in Ski Line price list; Ski Line prices GBP pp
inghams-hotel-le-val-thorens,Hotel Le Val Thorens,Inghams,Val Thorens,Les 3 Vallées,France,,166,,,hotel,half-board,,none,yes,"pool, steam room, fireplace",,yes,Saturday,,per-person,GBP,season-range,2089,3279,,"flights, transfers + board (Ski Line package)",unknown,,,"Hotel Le Val Thorens is a great addition to our collection. A modern and warm hotel, with great facilities and an even better location. Excellent Location Hotel Le Val Thorens is a firm favourite due to its fantastic location. This ...",https://www.skiline.co.uk/ski-holidays/france/val-thorens/hotel-le-val-thorens-3,Ski Line,site-ski-line,5,chalets/images/inghams-hotel-le-val-thorens/,2026-10-06,no 20/21 Mar 2027 departure in Ski Line price list; Ski Line prices GBP pp
inghams-hotel-altapura,Hotel Altapura,Inghams,Val Thorens,Les 3 Vallées,France,,176,,,hotel,half-board,,yes-type-unknown,yes,"pool, steam room, resort driver/minibus",,yes,Saturday,2799,per-person,GBP,exact-week,2229,4019,,"flights, transfers + board (Ski Line package)",yes,,,"The Altapura lives up to its name as the ‘highest ski palace’, redefining luxury and style in Val Thorens. The interior design is a modern take on the mountain theme, creating an atmosphere of glamour yet cosiness that you’ll find ...",https://www.skiline.co.uk/ski-holidays/france/val-thorens/hotel-altapura,Ski Line,site-ski-line,5,chalets/images/inghams-hotel-altapura/,2026-10-06,"20 Mar price from Ski Line (London Gatwick, Twin or Double,PB & PS, WC,North Facing,); hot tub per Ski Line facility flag; Ski Line prices GBP pp; Ski Line hot-tub flag on a residence/hotel: probably shared spa (pass2: hot tub type)"
crystal-hotel-hameau-du-kashmir,Hotel Hameau du Kashmir,Crystal,Val Thorens,Les 3 Vallées,France,,100,,,hotel,half-board,,none,yes,pool,,yes,Saturday,2744,per-person,GBP,exact-week,2239,3712,,"flights, transfers + board (Ski Line package)",yes,,,"Stylish and modern, the Kashmir is one of Val Thoren’s most highly-rated picks. It’s got a pretty distinctive look inside too. The whole place is decorated in the traditional style of the Kashmir region in India, with richly coloured silks ...",https://www.skiline.co.uk/ski-holidays/france/val-thorens/hotel-hameau-du-kashmir,Ski Line,site-ski-line,5,chalets/images/crystal-hotel-hameau-du-kashmir/,2026-10-06,"20 Mar price from Ski Line (London Gatwick, Suite - (price pp based on 2 sharing)); Ski Line prices GBP pp"
inghams-hotel-le-fitz-roy,Hotel Le Fitz Roy,Inghams,Val Thorens,Les 3 Vallées,France,,144,,,hotel,half-board,,none,yes,"pool, steam room, fireplace",,yes,Saturday,2691,per-person,GBP,exact-week,2379,3839,,"flights, transfers + board (Ski Line package)",yes,,,"Hotel Le Fitz Roy is a fantastic 5-star hotel, offering everything you could need for the perfect ski holiday. With a fantastic location, luxury spa facilities and a restaurant that offers classic French gastronomy, you really couldn't ask for more. ...",https://www.skiline.co.uk/ski-holidays/france/val-thorens/hotel-le-fitz-roy-3,Ski Line,site-ski-line,5,chalets/images/inghams-hotel-le-fitz-roy/,2026-10-06,"20 Mar price from Ski Line (London Gatwick, Twin or Double,PS, WC, BA,Village View,); Ski Line prices GBP pp"
crystal-montana-plein-sud-apartments,Montana Plein Sud Apartments,Crystal,Val Thorens,Les 3 Vallées,France,,6,,,apartment,self-catered,self-catered,yes-type-unknown,yes,pool,,partial,Saturday,,per-person,GBP,season-range,2402,3205,,"flights, transfers + board (Ski Line package)",unknown,,,"The fantastic Montana Plein Sud Apartments are decorated in luxury Savoyard style. They're ideally situated at the foot of the slopes, close to the Village Montana. Offering spacious accommodation and some superb leisure facilities, these apartments are a great choice ...",https://www.skiline.co.uk/ski-holidays/france/val-thorens/montana-plein-sud-apartments,Ski Line,site-ski-line,5,chalets/images/crystal-montana-plein-sud-apartments/,2026-10-06,no 20/21 Mar 2027 departure in Ski Line price list; hot tub per Ski Line facility flag; Ski Line prices GBP pp; Ski Line hot-tub flag on a residence/hotel: probably shared spa (pass2: hot tub type)
inghams-residence-le-cheval-blanc-apartments,Residence Le Cheval Blanc Apartments,Inghams,Val Thorens,Les 3 Vallées,France,,8,,,apartment,self-catered,self-catered,none,no,,,yes,Saturday,839,per-person,GBP,exact-week,719,1219,,"flights, transfers + board (Ski Line package)",yes,,,"The Cheval Blanc is an attractive ski in-ski out residence enjoying a quiet location in the lower part of the resort, with a good standard of comfort. It is ideal for the keen skier who wants to be on the ...",https://www.skiline.co.uk/ski-holidays/france/val-thorens/residence-le-cheval-blanc-apartments,Ski Line,site-ski-line,5,chalets/images/inghams-residence-le-cheval-blanc-apartments/,2026-10-06,"20 Mar price from Ski Line (London Gatwick, One Bedroom Apartment,PB, WC, BA,); Ski Line prices GBP pp"
mmv-hotels-hotel-club-les-arolles,Hotel Club Les Arolles,MMV Hotels,Val Thorens,Les 3 Vallées,France,,404,1,,,,,private (location not stated),yes,,,yes,Saturday,1028,per-person,GBP,exact-week,732,1644,,"accommodation + board, no travel (Ski Line)",yes,,,"In a contemporary atmosphere, discover the large living spaces, the beautiful terrace, and the bar with a performance hall of this comfortable Village Club ""Les Arolles""! After settling into your spacious and well-equipped room, enjoy the club's large restaurant, which ...",https://www.skiline.co.uk/ski-holidays/france/val-thorens/club-hotel-les-arolles-mmv,Ski Line,site-ski-line,5,chalets/images/mmv-hotels-hotel-club-les-arolles/,2026-10-06,Ski Line board 'Hotel Full Board'; 20 Mar price from Ski Line (Independent Travel); hot tub per Ski Line facility flag; Ski Line prices GBP pp
crystal-le-chamois-dor-apartments,Le Chamois d’Or Apartments,Crystal,Val Thorens,Les 3 Vallées,France,,6,,,apartment,self-catered,self-catered,none,no,,,yes,Saturday,,per-person,GBP,season-range,834,1523,,mixed: some departures include travel,unknown,,,"Perfect for families, the Chamois d’Or Apartments offer a great base to eat and sleep in between tackling the slopes of Val Thorens and the Three Valleys. In typical French ski resort fashion, the apartments are simply decorated, but they’ve ...",https://www.skiline.co.uk/ski-holidays/france/val-thorens/le-chamois-dor-apartments,Ski Line,site-ski-line,5,chalets/images/crystal-le-chamois-dor-apartments/,2026-10-06,no 20/21 Mar 2027 departure in Ski Line price list; Ski Line prices GBP pp
inghams-residence-montana-plein-sud,Residence Montana Plein Sud,Inghams,Val Thorens,Les 3 Vallées,France,,6,,,apartment,self-catered,self-catered,yes-type-unknown,yes,"pool, steam room",,yes,Saturday,,per-person,GBP,season-range,1209,2039,,"flights, transfers + board (Ski Line package)",unknown,,,"The Plein Sud has a fantastic location, benefiting from great views across the snowy peaks, plus ski-in/ski-out access from the 5th floor. After an exhilarating day skiing retreat to the in-house Bains du Montana Spa as a great way to ...",https://www.skiline.co.uk/ski-holidays/france/val-thorens/residence-montana-plein-sud-2,Ski Line,site-ski-line,5,chalets/images/inghams-residence-montana-plein-sud/,2026-10-06,no 20/21 Mar 2027 departure in Ski Line price list; hot tub per Ski Line facility flag; Ski Line prices GBP pp; Ski Line hot-tub flag on a residence/hotel: probably shared spa (pass2: hot tub type)
crystal-hotel-tango,Hotel Tango,Crystal,Val Thorens,Les 3 Vallées,France,,125,,,hotel,half-board,,none,yes,"steam room, fireplace",,yes,Saturday,1425,per-person,GBP,exact-week,1210,1725,,"flights, transfers + board (Ski Line package)",yes,,,"The Hotel Tango is a fun place to stay right in the centre of the resort, with its popular bar and indulgent spa. And best of all, you’ll have ski-in, ski-out access to the highest resort in Europe. There’s a ...",https://www.skiline.co.uk/ski-holidays/france/val-thorens/hotel-tango,Ski Line,site-ski-line,5,chalets/images/crystal-hotel-tango/,2026-10-06,"20 Mar price from Ski Line (Birmingham International, Twin Room with Balcony - (price pp based on 2 sharing)); Ski Line prices GBP pp"
crystal-hotel-le-fitz-roy,Hotel Le Fitz Roy,Crystal,Val Thorens,Les 3 Vallées,France,,120,,,hotel,half-board,,yes-type-unknown,yes,"pool, steam room, fireplace",,yes,flexible,2403,per-person,GBP,exact-week,2260,3708,,"flights, transfers + board (Ski Line package)",yes,,,"Excellent service and food, with a touch of understated luxury from top to bottom – that’s the Fitz Roy. Add in a prime slopeside spot that’s strolling distance from shops and bars in the centre, and it’s easy to see ...",https://www.skiline.co.uk/ski-holidays/france/val-thorens/hotel-le-fitz-roy,Ski Line,site-ski-line,5,chalets/images/crystal-hotel-le-fitz-roy/,2026-10-06,"20 Mar price from Ski Line (London Stansted, Privilege Twin Room with Village View and Balcony - (price pp based on 2 sharing)); Ski Line prices GBP pp; Ski Line hot-tub flag on a residence/hotel: probably shared spa (pass2: hot tub type)"
crystal-hermine-residence,Hermine Residence,Crystal,Val Thorens,Les 3 Vallées,France,,8,,,apartment,self-catered,self-catered,none,yes,pool,,unknown,Saturday,2611,per-person,GBP,exact-week,2611,4490,,mixed: some departures include travel,yes,,,"Well-suited to families and groups, Residence Hermine sits in a great position at the top of Val Thorens in the quiet Plein Sud area of resort. The apartments have a contemporary look, and maintain a cosy and homely feel. As ...",https://www.skiline.co.uk/ski-holidays/france/val-thorens/hermine-residence,Ski Line,site-ski-line,5,chalets/images/crystal-hermine-residence/,2026-10-06,"20 Mar price from Ski Line (London Gatwick, 4 Bedroom Apartment with Balcony - (price pp based on 2 sharing)); Ski Line prices GBP pp"
crystal-hotel-pashmina,Hotel Pashmina,Crystal,Val Thorens,Les 3 Vallées,France,,100,,,hotel,half-board,,yes-type-unknown,yes,"pool, steam room",,yes,Saturday,3046,per-person,GBP,exact-week,2716,3476,,mixed: some departures include travel,yes,,,"The Hotel Pashmina was designed with a truly contemporary feel in mind, with an emphasis on lighting and space to make it feel warm and inviting after a day on the slopes. The facilities are everything you’d expect of a ...",https://www.skiline.co.uk/ski-holidays/france/val-thorens/hotel-pashmina-le-refuge,Ski Line,site-ski-line,5,chalets/images/crystal-hotel-pashmina/,2026-10-06,"20 Mar price from Ski Line (London Stansted, Junior Suite with Balcony - (price pp based on 2 sharing)); hot tub per Ski Line facility flag; Ski Line prices GBP pp; Ski Line hot-tub flag on a residence/hotel: probably shared spa (pass2: hot tub type)"
skiline-chalet-val-2400,Chalet Val 2400,,,,,,14,,,apartment,self-catered,self-catered,none,yes,fireplace,,unknown,,,,,quote-needed,,,,,unknown,,,"Located in the Les Balcons district at the entrance to Val Thorens these apartments are situated 100m from the slopes, 200m from the nearest ski lifts and 5-10 minutes’ walk from the resort centre and ski school. Guests are able ...",https://www.skiline.co.uk/ski-holidays/france/val-thorens/chalet-val-2400,Ski Line,site-ski-line,4,chalets/images/skiline-chalet-val-2400/,2026-10-06,no 20/21 Mar 2027 departure in Ski Line price list; operator not named (Ski Line sitemap-only page); sitemap-only (not in Ski Line search)
skiline-chalet-des-neiges-hermine,Chalet Des Neiges Hermine,,,,,,12,,,apartment,self-catered,self-catered,none,yes,"pool, fireplace",,unknown,,,,,quote-needed,,,,,unknown,,,"The Residence Hermine is perfectly situated for a family stay in Val Thorens. Located in the quieter Plein Sud district of the resort, the apartments offer a peaceful setting in the buzzing resort yet are still close to the many ...",https://www.skiline.co.uk/ski-holidays/france/val-thorens/chalet-des-neiges-hermine,Ski Line,site-ski-line,5,chalets/images/skiline-chalet-des-neiges-hermine/,2026-10-06,no 20/21 Mar 2027 departure in Ski Line price list; operator not named (Ski Line sitemap-only page); sitemap-only (not in Ski Line search)
skiline-les-montagnettes-le-chalet-de-la-lombarde,Les Montagnettes – Le Chalet de la Lombarde,,,,,,8,,,apartment,self-catered,self-catered,none,yes,fireplace,,unknown,,,,,quote-needed,,,,,unknown,,,"These south facing chalet style apartments are ideally situated on the edge of the piste in the quieter Lombarde district at the top of the resort, just a few minutes walk from the centre. They are decorated and furnished in ...",https://www.skiline.co.uk/ski-holidays/france/val-thorens/les-montagnettes-le-chalet-de-la-lombarde,Ski Line,site-ski-line,5,chalets/images/skiline-les-montagnettes-le-chalet-de-la-lombarde/,2026-10-06,no 20/21 Mar 2027 departure in Ski Line price list; operator not named (Ski Line sitemap-only page); sitemap-only (not in Ski Line search)
skiline-chalet-des-neiges-plein-sud,Chalet Des Neiges Plein Sud,,,,,,14,,,apartment,self-catered,self-catered,none,yes,"pool, fireplace",,unknown,,,,,quote-needed,,,,,unknown,,,"This well-situated residence boasts thirteen apartments and a superb location at the foot of the slopes, ensuring direct and easy access to the superb skiing within the Three Valleys. The spacious Plein Sud ski apartments enjoy both a traditional Savoyard ...",https://www.skiline.co.uk/ski-holidays/france/val-thorens/chalet-des-neiges-plein-sud,Ski Line,site-ski-line,5,chalets/images/skiline-chalet-des-neiges-plein-sud/,2026-10-06,no 20/21 Mar 2027 departure in Ski Line price list; operator not named (Ski Line sitemap-only page); sitemap-only (not in Ski Line search)
skiline-les-chalets-de-rosael,Les Chalets de Rosael,,,,,,16,,,apartment,self-catered,self-catered,none,yes,"pool, steam room, fireplace",,unknown,,,,,quote-needed,,,,,unknown,,,"Les Chalets de Rosaël will leave you feeling spoilt for choice, with 35 apartments to choose from across four chalets, we have the perfect place just for you. Turn back time with our Authentic range. Its’ rustic wooden decor creates ...",https://www.skiline.co.uk/ski-holidays/france/val-thorens/les-chalets-de-rosael,Ski Line,site-ski-line,5,chalets/images/skiline-les-chalets-de-rosael/,2026-10-06,no 20/21 Mar 2027 departure in Ski Line price list; operator not named (Ski Line sitemap-only page); sitemap-only (not in Ski Line search)
skiline-chalets-cocoon,Chalets Cocoon,,,,,,14,,,apartment,self-catered,self-catered,yes-type-unknown,yes,pool,,unknown,,,,,quote-needed,,,,,unknown,,,The Chalets Cocoon are amongst the most luxurious accommodation options in Val Thorens. There are ten chalet style apartments altogether ranging from 2 bedrooms to 6 bedrooms sleeping up to 14 persons. Guests in each apartment enjoy unlimited WIFI and ...,https://www.skiline.co.uk/ski-holidays/france/val-thorens/chalets-cocoon,Ski Line,site-ski-line,5,chalets/images/skiline-chalets-cocoon/,2026-10-06,no 20/21 Mar 2027 departure in Ski Line price list; hot tub per Ski Line facility flag; operator not named (Ski Line sitemap-only page); sitemap-only (not in Ski Line search); Ski Line hot-tub flag on a residence/hotel: probably shared spa (pass2: hot tub type)
skiline-chalet-altitude-apartments,Chalet Altitude Apartments,,,,,,10,,,apartment,self-catered,self-catered,none,yes,"pool, fireplace",,unknown,,,,,quote-needed,,,,,unknown,,,"At the top of Val Thorens, retreat to the peace and quiet of Chalet Altitude Apartments. But don't worry, you'll be less than a minute away from the slopes and supermarket and, as its only a short walk into the ...",https://www.skiline.co.uk/ski-holidays/france/val-thorens/chalet-altitude-apartments-2,Ski Line,site-ski-line,5,chalets/images/skiline-chalet-altitude-apartments/,2026-10-06,no 20/21 Mar 2027 departure in Ski Line price list; operator not named (Ski Line sitemap-only page); sitemap-only (not in Ski Line search)
skiline-chalet-golden-jubilee,Chalet Golden Jubilee,,,,,,12,6,,chalet,self-catered,self-catered,private (location not stated),yes,"pool, steam room, fireplace",,unknown,,,,,quote-needed,,,,,unknown,,,"A stylish and sophisticated place, Chalet Golden Jubilee combines traditional chalet architecture with sleek furnishings. The chalet features a bright, open-plan living area on the top floor with tall, vaulted ceilings and a central fireplace. The room is tastefully furnished ...",https://www.skiline.co.uk/ski-holidays/france/val-thorens/chalet-golden-jubilee-2,Ski Line,site-ski-line,5,chalets/images/skiline-chalet-golden-jubilee/,2026-10-06,no 20/21 Mar 2027 departure in Ski Line price list; hot tub per Ski Line facility flag; operator not named (Ski Line sitemap-only page); sitemap-only (not in Ski Line search)
skiline-chalet-orlov,Chalet Orlov,,,,,,10,,,chalet,self-catered,self-catered,private (location not stated),yes,"pool, steam room",,unknown,,,,,quote-needed,,,,,unknown,,,"As you step inside Chalet Orlov, you'll be captivated by the muted and opulent decor that seamlessly blends natural colours and textures. Volcanic black granite meets the softest wools and velvets, creating a harmonious fusion of earthy and bejewelled tones. ...",https://www.skiline.co.uk/ski-holidays/france/val-thorens/chalet-orlov,Ski Line,site-ski-line,5,chalets/images/skiline-chalet-orlov/,2026-10-06,no 20/21 Mar 2027 departure in Ski Line price list; hot tub per Ski Line facility flag; operator not named (Ski Line sitemap-only page); sitemap-only (not in Ski Line search)
skiline-chalet-caribou,Chalet Caribou,,,,,,8,,,chalet,catered,"This operator knows how much extra yummy food can add to your ski chalet holiday, that's why they work hard to make sure all of our chalet hosts are trained ...",private-indoor,yes,pool,,unknown,,,,,quote-needed,,,,,unknown,,sno-chalet-caribou;clubalpine-chalet-caribou,"Sophistication and cosiness go hand in hand at the Chalet Caribou. A stay here means high altitude, high quality and high standards, all topped off with bucketloads of charm. Striking the perfect balance between contemporary and old world, the home ...",https://www.skiline.co.uk/ski-holidays/france/val-thorens/chalet-caribou-2,Ski Line,site-ski-line,5,chalets/images/skiline-chalet-caribou/,2026-10-06,no 20/21 Mar 2027 departure in Ski Line price list; hot tub per Ski Line facility flag; operator not named (Ski Line sitemap-only page); sitemap-only (not in Ski Line search)
skiline-chalet-altitude,Chalet Altitude,,,,,,14,,,apartment,self-catered,self-catered,none,yes,"pool, fireplace",,unknown,,,,,quote-needed,,,,,unknown,,,"Located in the district of Les Balcons at the entrance to Val Thorens these chalets are conveniently situated just 100m from the slopes, 200m from the nearest lifts and guests are able to ski back to the residence (depending on ...",https://www.skiline.co.uk/ski-holidays/france/val-thorens/chalet-altitude-2,Ski Line,site-ski-line,5,chalets/images/skiline-chalet-altitude/,2026-10-06,no 20/21 Mar 2027 departure in Ski Line price list; operator not named (Ski Line sitemap-only page); sitemap-only (not in Ski Line search)
skiline-residence-chalet-altitude-5,Residence Chalet Altitude 5*,,,,,,10,,,apartment,self-catered,self-catered,none,yes,fireplace,,unknown,,,,,quote-needed,,,,,unknown,,,"The “pros” of the Residence Chalets Altitude & Ours *****: -The wellness centre –The view of the Aiguille Rouge and the Vallée de l’Arc –The supermarket on site. The Residence Chalet Altitude & Ours *****, with traditional decor, has all ...",https://www.skiline.co.uk/ski-holidays/france/val-thorens/residence-chalet-altitude-5,Ski Line,site-ski-line,5,chalets/images/skiline-residence-chalet-altitude-5/,2026-10-06,no 20/21 Mar 2027 departure in Ski Line price list; operator not named (Ski Line sitemap-only page); sitemap-only (not in Ski Line search)
skiline-chalet-6-les-balcons,Chalet 6 Les Balcons,,,,,,6,,,chalet,self-catered,self-catered,none,no,,,unknown,,,,,quote-needed,,,,,unknown,,,What's Included Eurostar seat ✔ Transfers ✔ Accommodation ✔ Ski pass ✔ 500 m from the city centre. 500 m from the the shops. 250 m from the ski school. 100 m from the ski slopes.The Chalet residences les Balcons ...,https://www.skiline.co.uk/ski-holidays/france/val-thorens/chalet-6-les-balcons,Ski Line,site-ski-line,5,chalets/images/skiline-chalet-6-les-balcons/,2026-10-06,no 20/21 Mar 2027 departure in Ski Line price list; operator not named (Ski Line sitemap-only page); sitemap-only (not in Ski Line search)
skiline-chalet-le-cristallo,Chalet Le Cristallo,,,,,,6,,,chalet,self-catered,self-catered,none,no,,,unknown,,,,,quote-needed,,,,,unknown,,,What's Included Eurostar seat ✔ Transfers ✔ Accommodation ✔ Ski pass ✔ 100 m from the city centre. 100 m from the the shops. 100 m from the ski school. 50 m from the ski slopes.Chalet residence le Cristallo is ...,https://www.skiline.co.uk/ski-holidays/france/val-thorens/chalet-le-cristallo,Ski Line,site-ski-line,5,chalets/images/skiline-chalet-le-cristallo/,2026-10-06,no 20/21 Mar 2027 departure in Ski Line price list; operator not named (Ski Line sitemap-only page); sitemap-only (not in Ski Line search)
sno-chalet-michele,,Le Ski,,,,,,,,,,,,,,,,,,,,,,,,,,,,,,Ski Line,site-ski-line,,,2026-10-06,Ski Line: https://www.skiline.co.uk/ski-holidays/france/la-tania/chalet-michele; 20 Mar GBP 1378 per-person; range GBP 1214-2731 per-person; available 20 Mar: yes; operator per Ski Line: Le Ski
sno-chalet-le-rabel,,Le Ski,,,,,,,,,,,,,,,,,,,,,,,,,,,,,,Ski Line,site-ski-line,,,2026-10-06,Ski Line: https://www.skiline.co.uk/ski-holidays/france/la-tania/chalet-le-rabel; 20 Mar GBP 1198 per-person; range GBP 1056-1583 per-person; available 20 Mar: yes; operator per Ski Line: Le Ski
sno-chalet-petit-marmau,,Le Ski,,,,,,,,,,,,,,,,,,,,,,,,,,,,,,Ski Line,site-ski-line,,,2026-10-06,Ski Line: https://www.skiline.co.uk/ski-holidays/france/la-tania/petit-marmau; 20 Mar GBP 1198 per-person; range GBP 1198-2333 per-person; available 20 Mar: yes; operator per Ski Line: Le Ski
ski-beat-chalet-vallon-blanc,Chalet Vallon Blanc,Ski Beat,La Tania,Les 3 Vallées,France,,10,5,,chalet,catered,"This operator knows how much extra yummy food can add to your ski chalet holiday, that's why they work hard to make sure all of our chalet hosts are trained ...",none,yes,fireplace,75,unknown,Saturday,1121,per-person,GBP,exact-week,851,2092,,"flights, transfers + board (Ski Line package)",yes,,,"Step inside the spacious and beautifully decorated Chalet Vallon Blanc in La Tania. You can expect comfort, modern facilities and breath-taking views, alongside superb service and top quality cuisine. The open plan dining and lounge area offers fantastic views of ...",https://www.skiline.co.uk/ski-holidays/france/la-tania/ski-chalet-vallon-blanc,Ski Line,site-ski-line,5,chalets/images/ski-beat-chalet-vallon-blanc/,2026-10-06,20 Mar price from Ski Line (London Gatwick); Ski Line prices GBP pp
sno-chalet-elliot-west,,Ski France,,,,,,5,,,,,,,fireplace,,,,,,,,,,,,,,,,,Ski Line,site-ski-line,,,2026-10-06,Ski Line: https://www.skiline.co.uk/ski-holidays/france/la-tania/chalet-elliot-west; range GBP 360-833 per-person; operator per Ski Line: Ski France
sno-chalet-morgane,,Ski France,,,,,,6,,,,,,,fireplace,,,,,,,,,,,,,,,,,Ski Line,site-ski-line,,,2026-10-06,Ski Line: https://www.skiline.co.uk/ski-holidays/france/la-tania/chalet-morgane; range GBP 375-708 per-person; operator per Ski Line: Ski France
sno-chalet-elliot-east,,Ski France,,,,,,4,,,,,,,fireplace,,,,,,,,,,,,,,,,,Ski Line,site-ski-line,,,2026-10-06,Ski Line: https://www.skiline.co.uk/ski-holidays/france/la-tania/chalet-elliot-east; range GBP 394-1200 per-person; operator per Ski Line: Ski France
sno-chalet-lea,,Ski France,,,,,,6,,,,,,,fireplace,,,,,,,,,,,,,,,,,Ski Line,site-ski-line,,,2026-10-06,Ski Line: https://www.skiline.co.uk/ski-holidays/france/la-tania/chalet-lea; range GBP 375-708 per-person; operator per Ski Line: Ski France
alpine-escape-chalet-3sixty,Chalet 3SIXTY,Alpine Escape,La Tania,Les 3 Vallées,France,,10,,,chalet,catered,Best Of Both Catering Want to stay out for your favourite après band without the worry of racing home to dinner or planning to have a late lunch at the ...,none,no,"pool, steam room, fireplace",,unknown,Sunday,1500,per-person,GBP,exact-week,800,1820,,"accommodation + board, no travel (Ski Line)",yes,,,"We are really excited to have Chalet 3 SIXTY in our portfolio, located in an enviable position overlooking the La Tania gondola, our latest addition to the collection is truly exceptional. Located a snowballs throw from the newly redeveloped snow ...",https://www.skiline.co.uk/ski-holidays/france/la-tania/chalet-3sixty,Ski Line,site-ski-line,5,chalets/images/alpine-escape-chalet-3sixty/,2026-10-06,20 Mar price from Ski Line (Independent Travel); Ski Line board 'Chalet Club Board'; Ski Line prices GBP pp
ski-beat-chalet-idylle,Chalet Idylle,Ski Beat,La Tania,Les 3 Vallées,France,,12,,,chalet,catered,"This operator knows how much extra yummy food can add to your ski chalet holiday, that's why they work hard to make sure all of our chalet hosts are trained ...",none,yes,fireplace,,yes,Saturday,,per-person,GBP,season-range,916,2262,,"flights, transfers + board (Ski Line package)",unknown,,,"The newly renovated and lovingly brought up to date Chalet Idylle is a cosy and warm chalet with ski-in, ski-out access to the Folyères blue piste, from which it is just a short ski into La Tania. Located in a ...",https://www.skiline.co.uk/ski-holidays/france/la-tania/chalet-idylle,Ski Line,site-ski-line,5,chalets/images/ski-beat-chalet-idylle/,2026-10-06,no 20/21 Mar 2027 departure in Ski Line price list; Ski Line prices GBP pp
sno-chalet-serenia,,Le Ski,,,,,,3,,,,,,,,,,,,,,,,,,,,,,,,Ski Line,site-ski-line,,,2026-10-06,Ski Line: https://www.skiline.co.uk/ski-holidays/france/la-tania/chalet-serenia; range GBP 1420-1858 per-person; operator per Ski Line: Le Ski
sno-chalet-le-corty,,Le Ski,,,,,,5,,,,,,,,,,,,,,,,,,,,,,,,Ski Line,site-ski-line,,,2026-10-06,Ski Line: https://www.skiline.co.uk/ski-holidays/france/la-tania/chalet-le-corty; 20 Mar GBP 1406 per-person; range GBP 1406-1968 per-person; available 20 Mar: yes; operator per Ski Line: Le Ski
the-alpine-generation-chalet-toubkal-one,Chalet Toubkal One,The Alpine Generation,La Tania,Les 3 Vallées,France,,6,3,,chalet,catered,"'Go Off Piste' Menu Switch Options Back again for the 2024/2025 season, this operator is offering guests the option to go off-piste and ‘swap out’ certain elements of the catering, ...",none,yes,fireplace,,yes,Sunday,,per-person,GBP,season-range,454,931,,"accommodation + board, no travel (Ski Line)",unknown,,,"Welcome to Chalet Toubkal 1, a modern 3-bedroom property in a great ski-in/ski-out location*! The chalet offers 1 twin and 2 double bedrooms, all of which have en-suite facilities. The bright open-plan living and dining area open out onto a ...",https://www.skiline.co.uk/ski-holidays/france/la-tania/chalet-toubkal-one,Ski Line,site-ski-line,5,chalets/images/the-alpine-generation-chalet-toubkal-one/,2026-10-06,no 20/21 Mar 2027 departure in Ski Line price list; Ski Line prices GBP pp
the-alpine-generation-chalet-toubkal-two,Chalet Toubkal Two,The Alpine Generation,La Tania,Les 3 Vallées,France,,8,4,,chalet,catered,"'Go Off Piste' Menu Switch Options Back again for the 2024/2025 season, this operator is offering guests the option to go off-piste and ‘swap out’ certain elements of the catering, ...",none,yes,fireplace,,yes,Sunday,766,per-person,GBP,exact-week,716,931,,"accommodation + board, no travel (Ski Line)",yes,,,"Chalet Toubkal 2 is a spacious and modern chalet, catering for up to 8 guests. The chalet occupies an enviable ski-in/ski-out* location, right on the edge of the Moretta Blanche piste. There are 4 bedrooms (2 double and 2 twin), ...",https://www.skiline.co.uk/ski-holidays/france/la-tania/chalet-toubkal-two,Ski Line,site-ski-line,5,chalets/images/the-alpine-generation-chalet-toubkal-two/,2026-10-06,20 Mar price from Ski Line (Independent Travel); Ski Line prices GBP pp
sno-chalet-jardin-alpin,,Inghams,,,,,,,,,,,,,,180,,,,,,,,,,,,,,,,Ski Line,site-ski-line,,,2026-10-06,Ski Line: https://www.skiline.co.uk/ski-holidays/france/la-tania/chalet-jardin-alpin; range GBP 999-1599 per-person; operator per Ski Line: Inghams
crystal-residence-le-britania,Residence Le Britania,Crystal,La Tania,Les 3 Vallées,France,,4,,,apartment,self-catered,self-catered,none,no,,,yes,Saturday,,per-person,GBP,season-range,1046,2003,,mixed: some departures include travel,unknown,,,"Combining convenience and comfort, the Residence Le Britania is a great-value pick in La Tania. You can ski straight to the main gondola on La Tania's green home run, Plan Fontaine. And as well as being close to the slopes, ...",https://www.skiline.co.uk/ski-holidays/france/la-tania/residence-le-britania-2,Ski Line,site-ski-line,5,chalets/images/crystal-residence-le-britania/,2026-10-06,no 20/21 Mar 2027 departure in Ski Line price list; Ski Line prices GBP pp
crystal-hotel-le-montana,Hotel Le Montana,Crystal,La Tania,Les 3 Vallées,France,,50,,,hotel,half-board,,none,yes,"pool, steam room, fireplace",,yes,flexible,1264,per-person,GBP,exact-week,1217,2098,,"flights, transfers + board (Ski Line package)",yes,,,"Clip into your skis outside the Montana’s boot room and ski to the main gondola on a gentle green run in under a minute. And at the end of the day, swap slope stories beside the open fireplace in the ...",https://www.skiline.co.uk/ski-holidays/france/la-tania/hotel-le-montana,Ski Line,site-ski-line,5,chalets/images/crystal-hotel-le-montana/,2026-10-06,"20 Mar price from Ski Line (London Gatwick, Triple Room with Balcony - (price pp based on 2 sharing)); Ski Line prices GBP pp"
sno-chalet-de-mon-grand-pere,,Crystal,,,,,15,,,,,,,,,,,,,,,,,,,,,,,,,Ski Line,site-ski-line,,,2026-10-06,Ski Line: https://www.skiline.co.uk/ski-holidays/france/la-tania/chalet-de-mon-grand-pere; 20 Mar GBP 1306 per-person; range GBP 1306-2048 per-person; available 20 Mar: yes; operator per Ski Line: Crystal
alpine-escape-chalet-pleroma,Chalet Pleroma,Alpine Escape,La Tania,Les 3 Vallées,France,,8,,,chalet,catered,Best Of Both Catering Want to stay out for your favourite après band without the worry of racing home to dinner or planning to have a late lunch at the ...,private-outdoor,no,resort driver/minibus,50,unknown,Sunday,,per-person,GBP,season-range,1125,2750,,"accommodation + board, no travel (Ski Line)",unknown,,,"(Obviously you don’t have to be a perfect family to stay here!) However Chalet Pleroma is certainly an ideal choice for families and smaller groups looking to enjoy the freedom of a smaller, fully detached chalet. The chalet itself is ...",https://www.skiline.co.uk/ski-holidays/france/la-tania/chalet-pleroma,Ski Line,site-ski-line,5,chalets/images/alpine-escape-chalet-pleroma/,2026-10-06,no 20/21 Mar 2027 departure in Ski Line price list; hot tub per Ski Line facility flag; Ski Line board 'Chalet Club Board'; Ski Line prices GBP pp
alpine-escape-chalet-elangeni,Chalet Elangeni,Alpine Escape,La Tania,Les 3 Vallées,France,,15,,,chalet,catered,"A luxury catered chalet holiday should revolve around three things (aside from amazing skiing!) – gorgeous chalets, slick service and food with the wow factor. In each of our catered ...",private-outdoor,yes,fireplace,50,unknown,Sunday,,per-person,GBP,season-range,533,1250,,"accommodation + board, no travel (Ski Line)",unknown,,,"With 600km of incredible skiing only metres from the doorstep and a central location in La Tania, Chalet Elangeni makes a perfect base for your group ski holiday. The interior of Chalet Elangeni has a modern design and the result ...",https://www.skiline.co.uk/ski-holidays/france/la-tania/chalet-elangeni,Ski Line,site-ski-line,5,chalets/images/alpine-escape-chalet-elangeni/,2026-10-06,no 20/21 Mar 2027 departure in Ski Line price list; hot tub per Ski Line facility flag; Ski Line prices GBP pp
alpine-escape-chalet-becca,Chalet Becca,Alpine Escape,La Tania,Les 3 Vallées,France,,8,,,chalet,self-catered,self-catered,none,no,,,unknown,Saturday,775,per-person,GBP,exact-week,500,1550,,"accommodation + board, no travel (Ski Line)",yes,,,"You simply couldn’t ask for a better location for a ski holiday! With 600km of pistes on the doorstep, you’re just a couple of metres schuss from La Tania’s gondola, and a few steps from the village’s bar and shops. ...",https://www.skiline.co.uk/ski-holidays/france/la-tania/chalet-becca,Ski Line,site-ski-line,5,chalets/images/alpine-escape-chalet-becca/,2026-10-06,20 Mar price from Ski Line (Independent Travel); Ski Line prices GBP pp
alpine-escape-chalet-belvedere,Chalet Belvedere,Alpine Escape,La Tania,Les 3 Vallées,France,,10,5,,chalet,self-catered,self-catered,private-outdoor,yes,,20,yes,Sunday,,per-person,GBP,season-range,600,2000,,"accommodation + board, no travel (Ski Line)",unknown,,,"An amazing chalet in an amazing location right next to the piste, Chalet Belvedere is open to guests looking for a self-catered holiday with a difference. Clad in elegant grey wood, the styling of this chalet is truly exceptional with ...",https://www.skiline.co.uk/ski-holidays/france/la-tania/chalet-belvedere,Ski Line,site-ski-line,5,chalets/images/alpine-escape-chalet-belvedere/,2026-10-06,no 20/21 Mar 2027 departure in Ski Line price list; hot tub per Ski Line facility flag; Ski Line prices GBP pp
alpine-escape-chalet-ecritoire,Chalet Ecritoire,Alpine Escape,La Tania,Les 3 Vallées,France,,10,5,,chalet,catered,"A luxury catered chalet holiday should revolve around three things (aside from amazing skiing!) – gorgeous chalets, slick service and food with the wow factor. In each of our catered ...",private-outdoor,yes,,50,yes,Saturday,,per-person,GBP,season-range,800,1450,,"accommodation + board, no travel (Ski Line)",unknown,,,"Chalet Ecritoire has doorstep skiing, fully ensuite bedrooms, a sauna & hot tub and all the usual gadgets and boutique styling that you expect from an alpine chalet. Outside, it’s a beautifully-finished, picture-perfect chalet with the La Tania’s Moretta piste ...",https://www.skiline.co.uk/ski-holidays/france/la-tania/chalet-ecritoire,Ski Line,site-ski-line,5,chalets/images/alpine-escape-chalet-ecritoire/,2026-10-06,no 20/21 Mar 2027 departure in Ski Line price list; hot tub per Ski Line facility flag; Ski Line prices GBP pp
alpine-escape-chalet-ours-des-montagnes,Chalet Ours des Montagnes,Alpine Escape,La Tania,Les 3 Vallées,France,,10,,,chalet,catered,"A luxury catered chalet holiday should revolve around three things (aside from amazing skiing!) – gorgeous chalets, slick service and food with the wow factor. In each of our catered ...",private-outdoor,yes,fireplace,70,unknown,Saturday,,per-person,GBP,season-range,800,2750,,"accommodation + board, no travel (Ski Line)",unknown,,,"Just 70 metres from the slopes of La Tania and the newly redesigned Moretta Blanche piste, this large detached property ticks all the boxes: outdoor hot tub on the terrace, games & TV room, spacious boot room, sauna/shower, bright living ...",https://www.skiline.co.uk/ski-holidays/france/la-tania/chalet-ours-des-montagnes,Ski Line,site-ski-line,5,chalets/images/alpine-escape-chalet-ours-des-montagnes/,2026-10-06,no 20/21 Mar 2027 departure in Ski Line price list; hot tub per Ski Line facility flag; Ski Line prices GBP pp
alpine-escape-chalet-de-mon-pere,Chalet de Mon Pere,Alpine Escape,La Tania,Les 3 Vallées,France,,12,6,,chalet,catered,"A luxury catered chalet holiday should revolve around three things (aside from amazing skiing!) – gorgeous chalets, slick service and food with the wow factor. In each of our catered ...",private-outdoor,no,,50,unknown,Saturday,,per-person,GBP,season-range,667,1433,,"accommodation + board, no travel (Ski Line)",unknown,,,Sophisticated styling gives Chalet de Mon Pere a relaxed yet chic vibe. The stunning open plan living area with huge windows overlooks the resort and the valley beyond. The TV room makes a great break-out space for anyone wanting to ...,https://www.skiline.co.uk/ski-holidays/france/la-tania/chalet-de-mon-pere,Ski Line,site-ski-line,5,chalets/images/alpine-escape-chalet-de-mon-pere/,2026-10-06,no 20/21 Mar 2027 departure in Ski Line price list; hot tub per Ski Line facility flag; Ski Line prices GBP pp
alpine-escape-chalet-herisson,Chalet Herisson,Alpine Escape,La Tania,Les 3 Vallées,France,,8,4,,chalet,catered,Best Of Both Catering Want to stay out for your favourite après band without the worry of racing home to dinner or planning to have a late lunch at the ...,private-outdoor,no,fireplace,,yes,Saturday,,per-person,GBP,season-range,875,2200,,"accommodation + board, no travel (Ski Line)",unknown,,,"Situated on the very edge of the Moretta Blanche piste and surrounded by snow-clad pines, lies a picture-perfect alpine retreat… Chalet Herisson takes its inspiration from the wilderness, with gentle neutral tones complementing the softest natural textures to create a ...",https://www.skiline.co.uk/ski-holidays/france/la-tania/chalet-herisson,Ski Line,site-ski-line,5,chalets/images/alpine-escape-chalet-herisson/,2026-10-06,no 20/21 Mar 2027 departure in Ski Line price list; hot tub per Ski Line facility flag; Ski Line board 'Chalet Club Board'; Ski Line prices GBP pp
alpine-escape-chalet-peppa,Chalet Peppa,Alpine Escape,La Tania,Les 3 Vallées,France,,12,5,,chalet,catered,"A luxury catered chalet holiday should revolve around three things (aside from amazing skiing!) – gorgeous chalets, slick service and food with the wow factor. In each of our catered ...",private-outdoor,yes,"fireplace, resort driver/minibus",50,partial,Saturday,,per-person,GBP,season-range,667,1208,,"accommodation + board, no travel (Ski Line)",unknown,,,"Chalet Peppa (named after the famed Peppa pig cartoon!) has been recently redeveloped to accommodate up to 12 guests in spacious comfort. With a double aspect open plan lounge area and a large central fireplace, the chalet is perfect for ...",https://www.skiline.co.uk/ski-holidays/france/la-tania/chalet-peppa,Ski Line,site-ski-line,5,chalets/images/alpine-escape-chalet-peppa/,2026-10-06,no 20/21 Mar 2027 departure in Ski Line price list; hot tub per Ski Line facility flag; Ski Line prices GBP pp
sno-chalet-christine,,The Alpine Generation,,,,,,10,,,,,,,,250,,,,,,,,,,,,,,,,Ski Line,site-ski-line,,,2026-10-06,Ski Line: https://www.skiline.co.uk/ski-holidays/france/la-tania/chalet-christine; range GBP 399-803 per-person; operator per Ski Line: The Alpine Generation
sno-chalet-oursons,,The Alpine Generation,,,,,,5,,,,,,,,,,,,,,,,,,,,,,,,Ski Line,site-ski-line,,,2026-10-06,Ski Line: https://www.skiline.co.uk/ski-holidays/france/la-tania/chalet-les-oursons; range GBP 812-1096 per-person; operator per Ski Line: The Alpine Generation
skiline-les-chalets-de-la-tania,Les Chalets de la Tania,,,,,,15,,,apartment,self-catered,self-catered,none,no,fireplace,,unknown,,,,,quote-needed,,,,,unknown,,,These chalets are located a short distance from the slopes and 5-10 minute walk from the resort centre. It has been built in a traditional wooden style and consists of semi-detached chalets with a fireplace or Norwegian stove. In every ...,https://www.skiline.co.uk/ski-holidays/france/la-tania/les-chalets-de-la-tania,Ski Line,site-ski-line,5,chalets/images/skiline-les-chalets-de-la-tania/,2026-10-06,no 20/21 Mar 2027 departure in Ski Line price list; operator not named (Ski Line sitemap-only page); sitemap-only (not in Ski Line search)
skiline-chalet-beriozka,Chalet Beriozka,,,,,,14,,,chalet,catered,"This operator knows how much extra yummy food can add to your ski chalet holiday, that's why they work hard to make sure all of our chalet hosts are trained ...",private-outdoor,yes,,,unknown,,,,,quote-needed,,,,,unknown,,,Chalet Beriozka is a charming stone and wood-finished chalet nestled amongst the trees at the top of the resort. The traditional stand alone chalet has a homely atmosphere and has plenty of space throughout. The lounge is light and spacious ...,https://www.skiline.co.uk/ski-holidays/france/la-tania/chalet-beriozka,Ski Line,site-ski-line,5,chalets/images/skiline-chalet-beriozka/,2026-10-06,no 20/21 Mar 2027 departure in Ski Line price list; operator not named (Ski Line sitemap-only page); sitemap-only (not in Ski Line search)
le-ski-chalet-caribou,Chalet Caribou,Le Ski,Courchevel,Les 3 Vallées,France,,6,,,chalet,catered,"Chalet catering has moved on an awfully long way since the early days! Your Chalet Host will be cooking and serving home-made breakfast, home-baked afternoon tea, canapes and three-course dinners. ...",none,no,"steam room, fireplace",,unknown,Sunday,,per-person,GBP,season-range,1640,1932,,"flights, transfers + board (Ski Line package)",unknown,,sno-chalet-caribou-courchevel-1650;sno-chalet-caribou,"Chalet Caribou already had it all...terrific location, spacious ensuite bedrooms, comfortable and welcoming lounge and dining areas and fantastic sunsets. And now there's a seriously cool new kitchen with granite work surfaces, the biggest fridge in Courchevel, a whole host ...",https://www.skiline.co.uk/ski-holidays/france/courchevel/chalet-caribou,Ski Line,site-ski-line,5,chalets/images/le-ski-chalet-caribou/,2026-10-06,no 20/21 Mar 2027 departure in Ski Line price list; Ski Line prices GBP pp
sno-chalet-le-bouquetin,,Le Ski,,,,,,,,,,,,,,,,,,,,,,,,,,,,,,Ski Line,site-ski-line,,,2026-10-06,Ski Line: https://www.skiline.co.uk/ski-holidays/france/courchevel/chalet-le-bouquetin; range GBP 1535-1836 per-person; operator per Ski Line: Le Ski
le-ski-chalet-les-marmottes,Chalet Les Marmottes,Le Ski,Courchevel,Les 3 Vallées,France,,2,1,,chalet,catered,"Chalet catering has moved on an awfully long way since the early days! Your Chalet Host will be cooking and serving home-made breakfast, home-baked afternoon tea, canapes and three-course dinners. ...",private-outdoor,no,,,unknown,Sunday,1709,per-person,GBP,exact-week,1709,3420,,"flights, transfers + board (Ski Line package)",yes,,sno-chalet-les-marmottes;sno-chalet-marmottes,"Some people thought us crazy to offer a private catered chalet for just two guests, but Les Marmottes has proved extremely popular. You choose the topic of conversation - it's your own fault if you've brought the wrong friend! Chalet ...",https://www.skiline.co.uk/ski-holidays/france/courchevel/chalet-les-marmottes,Ski Line,site-ski-line,5,chalets/images/le-ski-chalet-les-marmottes/,2026-10-06,20 Mar price from Ski Line (London Gatwick); Ski Line prices GBP pp
sno-chalet-le-bisolet,,Le Ski,,,,,,,,,,,,,,,,,,,,,,,,,,,,,,Ski Line,site-ski-line,,,2026-10-06,Ski Line: https://www.skiline.co.uk/ski-holidays/france/courchevel/chalet-le-bisolet; 20 Mar GBP 1434 per-person; range GBP 1428-2869 per-person; available 20 Mar: yes; operator per Ski Line: Le Ski
sno-chalet-premier-de-cordee,,Le Ski,,,,,,5,,,,,,,,,,,,,,,,,,,,,,,,Ski Line,site-ski-line,,,2026-10-06,Ski Line: https://www.skiline.co.uk/ski-holidays/france/courchevel/chalet-premier-de-cordee; 20 Mar GBP 1376 per-person; range GBP 1163-2753 per-person; available 20 Mar: yes; operator per Ski Line: Le Ski
sno-chalet-le-notus,,Le Ski,,,,,,,,,,,,,,,,,,,,,,,,,,,,,,Ski Line,site-ski-line,,,2026-10-06,Ski Line: https://www.skiline.co.uk/ski-holidays/france/courchevel/chalet-le-notus; 20 Mar GBP 1403 per-person; range GBP 1186-2808 per-person; available 20 Mar: yes; operator per Ski Line: Le Ski
le-ski-chalet-le-blanchot,Chalet Le Blanchot,Le Ski,Courchevel,Les 3 Vallées,France,,4,,,chalet,catered,"Chalet catering has moved on an awfully long way since the early days! Your Chalet Host will be cooking and serving home-made breakfast, home-baked afternoon tea, canapes and three-course dinners. ...",private-outdoor,no,fireplace,,unknown,Sunday,1493,per-person,GBP,exact-week,1493,2754,,"flights, transfers + board (Ski Line package)",yes,,,"Le Blanchot is an exceptionally smart chalet for four guests in our stunning property 'Scalottas Lodge', which lies in a fabulous secluded part of Courchevel Moriond and has wonderful views of the forests above and the valley below. Chalet Le ...",https://www.skiline.co.uk/ski-holidays/france/courchevel/chalet-le-blanchot,Ski Line,site-ski-line,5,chalets/images/le-ski-chalet-le-blanchot/,2026-10-06,20 Mar price from Ski Line (London Gatwick); Ski Line prices GBP pp
sno-chalet-rikiki,,Le Ski,,,,,,12,,,,,,,,,,,,,,,,,,,,,,,,Ski Line,site-ski-line,,,2026-10-06,Ski Line: https://www.skiline.co.uk/ski-holidays/france/courchevel/chalet-rikiki; range GBP 1245-2719 per-person; operator per Ski Line: Le Ski
le-ski-chalet-leterlou,Chalet L’Eterlou,Le Ski,Courchevel,Les 3 Vallées,France,,6,2,,chalet,catered,"Chalet catering has moved on an awfully long way since the early days! Your Chalet Host will be cooking and serving home-made breakfast, home-baked afternoon tea, canapes and three-course dinners. ...",private-outdoor,no,fireplace,,unknown,Sunday,,per-person,GBP,season-range,1471,1779,,"flights, transfers + board (Ski Line package)",unknown,,,Chalet L'Eterlou is an extremely spacious and comfortable chalet sleeping four to six guests. It offers particularly excellent value for a larger family seeking the perfect private chalet (see below for full details). L'Eterlou is an exceptionally smart chalet in ...,https://www.skiline.co.uk/ski-holidays/france/courchevel/chalet-leterlou,Ski Line,site-ski-line,1,chalets/images/le-ski-chalet-leterlou/,2026-10-06,no 20/21 Mar 2027 departure in Ski Line price list; Ski Line prices GBP pp
sno-chalet-bellevue,,Le Ski,,,,,,2,,,,,,,,,,,,,,,,,,,,,,,,Ski Line,site-ski-line,,,2026-10-06,Ski Line: https://www.skiline.co.uk/ski-holidays/france/courchevel/chalet-bellevue; range GBP 1510-1756 per-person; operator per Ski Line: Le Ski
sno-chalet-la-terrasse,,Le Ski,,,,,,2,,,,,,,,,,,,,,,,,,,,,,,,Ski Line,site-ski-line,,,2026-10-06,Ski Line: https://www.skiline.co.uk/ski-holidays/france/courchevel/chalet-la-terrasse; 20 Mar GBP 1474 per-person; range GBP 1245-2719 per-person; available 20 Mar: yes; operator per Ski Line: Le Ski
sno-chalet-irma,,Le Ski,,,,,,,,,,,,,,,,,,,,,,,,,,,,,,Ski Line,site-ski-line,,,2026-10-06,Ski Line: https://www.skiline.co.uk/ski-holidays/france/courchevel/chalet-irma; 20 Mar GBP 1474 per-person; range GBP 1468-2078 per-person; available 20 Mar: yes; operator per Ski Line: Le Ski
sno-chalet-mistral,,Le Ski,,,,,,,,,,,,,,,,,,,,,,,,,,,,,,Ski Line,site-ski-line,,,2026-10-06,Ski Line: https://www.skiline.co.uk/ski-holidays/france/courchevel/chalet-mistral-2; range GBP 1621-2919 per-person; operator per Ski Line: Le Ski
sno-chalet-le-mollard,,Le Ski,,,,,,5,,,,,,,fireplace,,,,,,,,,,,,,,,,,Ski Line,site-ski-line,,,2026-10-06,Ski Line: https://www.skiline.co.uk/ski-holidays/france/courchevel/chalet-le-mollard; 20 Mar GBP 1452 per-person; range GBP 1452-2905 per-person; available 20 Mar: yes; operator per Ski Line: Le Ski
le-ski-chalet-ecureuil,Chalet Ecureuil,Le Ski,Courchevel,Les 3 Vallées,France,,8,5,,chalet,catered,"Chalet catering has moved on an awfully long way since the early days! Your Chalet Host will be cooking and serving home-made breakfast, home-baked afternoon tea, canapes and three-course dinners. ...",none,no,fireplace,,unknown,Sunday,1362,per-person,GBP,exact-week,1151,2726,,"flights, transfers + board (Ski Line package)",yes,,,"It is far easier to describe this pretty, detached chalet than it is to pronounce its name in French! Ecureuil des Neiges (pronounced “ay-cue-roy-day-nej”), to give it its full name; literally meaning Snow Squirrel in English) is another classic Alpine ...",https://www.skiline.co.uk/ski-holidays/france/courchevel/chalet-ecureuil,Ski Line,site-ski-line,5,chalets/images/le-ski-chalet-ecureuil/,2026-10-06,20 Mar price from Ski Line (London Gatwick); Ski Line prices GBP pp
inghams-residence-britania,Residence Britania,Inghams,Courchevel,Les 3 Vallées,France,,4,,,apartment,self-catered,self-catered,none,no,,,unknown,Saturday,739,per-person,GBP,exact-week,509,1449,,"flights, transfers + board (Ski Line package)",yes,,,"If you’re a duo or a small family ready to discover what the Three Valleys has to offer, Le Britania is your perfect mountain base. The apartments are naturally light, bright and airy, from where you’ll love soaking up the ...",https://www.skiline.co.uk/ski-holidays/france/courchevel/residence-britania,Ski Line,site-ski-line,5,chalets/images/inghams-residence-britania/,2026-10-06,"20 Mar price from Ski Line (London Gatwick, One Bedroom Apartment,PB, WC); Ski Line prices GBP pp"
the-alpine-generation-chalet-darbeilo,Chalet Darbeilo,The Alpine Generation,Courchevel,Les 3 Vallées,France,,8,4,,chalet,catered,"'Go Off Piste' Menu Switch Options Back again for the 2024/2025 season, this operator is offering guests the option to go off-piste and ‘swap out’ certain elements of the catering, ...",none,no,fireplace,180,unknown,Sunday,913,per-person,GBP,exact-week,812,1133,,"accommodation + board, no travel (Ski Line)",yes,,,"Chalet Darbeilo is a beautiful and traditional chalet building featuring the modern touches, located right in the heart of Courchevel Le Praz. Head up the stairs from street level and the first floor is home to the 4 ensuite bedrooms ...",https://www.skiline.co.uk/ski-holidays/france/courchevel/chalet-darbeilo,Ski Line,site-ski-line,5,chalets/images/the-alpine-generation-chalet-darbeilo/,2026-10-06,20 Mar price from Ski Line (Independent Travel); Ski Line prices GBP pp
sno-chalet-samuel,,Ski World,,,,,,,,,,,,,,,,,,,,,,,,,,,,,,Ski Line,site-ski-line,,,2026-10-06,Ski Line: https://www.skiline.co.uk/ski-holidays/france/courchevel/chalet-samuel; range GBP 1096-1949 per-person; operator per Ski Line: Ski World
sno-chalet-benjamin,,Ski World,,,,,,,,,,,,,,,,,,,,,,,,,,,,,,Ski Line,site-ski-line,,,2026-10-06,Ski Line: https://www.skiline.co.uk/ski-holidays/france/courchevel/chalet-benjamin; range GBP 1103-1899 per-person; operator per Ski Line: Ski World
crystal-hotel-olympic,Hotel Olympic,Crystal,Courchevel,Les 3 Vallées,France,,60,,,hotel,breakfast-only,,none,no,fireplace,,unknown,Sunday,1301,per-person,GBP,exact-week,1181,1890,,"flights, transfers + board (Ski Line package)",yes,,,"If you’re looking for excellent value and superb service in the heart of Courchevel 1850, the Hotel Olympic is the perfect choice. This no-fuss hotel is in a great location in the centre of the resort, just minutes from the ...",https://www.skiline.co.uk/ski-holidays/france/courchevel/hotel-olympic-2,Ski Line,site-ski-line,5,chalets/images/crystal-hotel-olympic/,2026-10-06,"20 Mar price from Ski Line (London Gatwick, Superior Twin Room with Balcony - (price pp based on 2 sharing)); Ski Line prices GBP pp"
sno-chalet-jacques,,Ski World,,,,,,,,,,,,,,,,,,,,,,,,,,,,,,Ski Line,site-ski-line,,,2026-10-06,Ski Line: https://www.skiline.co.uk/ski-holidays/france/courchevel/chalet-jacques; range GBP 1199-1829 per-person; operator per Ski Line: Ski World
inghams-hotel-olympic,Hotel Olympic,Inghams,Courchevel,Les 3 Vallées,France,,100,,,hotel,breakfast-only,,none,no,fireplace,200,unknown,Saturday,1385,per-person,GBP,exact-week,1229,3035,,"flights, transfers + board (Ski Line package)",yes,,,"This hotel has a fantastic location in Courchevel, close to the Croisette ski lifts and the resort centre. Offered on a bed and breakfast basis, allowing you to make the most of the great selection of restaurants close by for ...",https://www.skiline.co.uk/ski-holidays/france/courchevel/hotel-olympic,Ski Line,site-ski-line,5,chalets/images/inghams-hotel-olympic/,2026-10-06,"20 Mar price from Ski Line (London Gatwick, Twin or Double,PB, WC, BA,Superior); Ski Line prices GBP pp"
inghams-fahrenheit-seven,Fahrenheit Seven,Inghams,Courchevel,Les 3 Vallées,France,,93,,,hotel,breakfast-only,,none,yes,"steam room, fireplace",200,unknown,Saturday,1542,per-person,GBP,exact-week,1457,3367,,"flights, transfers + board (Ski Line package)",yes,,,"Hotel Fahrenheit Seven is in Courchevel 1650 in a great piste side location. The modern and fully refurbished hotel will make a fun and comfortable holiday. Excellent Location This hotel offers the ultimate convenience being right on the piste, plus ...",https://www.skiline.co.uk/ski-holidays/france/courchevel/fahrenheit-seven,Ski Line,site-ski-line,5,chalets/images/inghams-fahrenheit-seven/,2026-10-06,"20 Mar price from Ski Line (London Gatwick, Family room Pistes View,Family Room,); Ski Line prices GBP pp"
crystal-fahrenheit-seven-courchevel-hotel,Fahrenheit Seven Courchevel Hotel,Crystal,Courchevel,Les 3 Vallées,France,,200,,,hotel,breakfast-only,,none,yes,"steam room, fireplace",,yes,flexible,1558,per-person,GBP,exact-week,1558,3780,,mixed: some departures include travel,yes,,,"The Fahrenheit Seven is a luxury hotel in a perfect spot for doorstep skiing – the Ariondaz lift and nursery slopes are just 50m away, and the resort centre is close by too. There's a vintage 1920s theme running throughout, ...",https://www.skiline.co.uk/ski-holidays/france/courchevel/fahrenheit-seven-courchevel-hotel,Ski Line,site-ski-line,5,chalets/images/crystal-fahrenheit-seven-courchevel-hotel/,2026-10-06,"20 Mar price from Ski Line (London Gatwick, Double Room with Valley View and Balcony - (price pp based on 2 sharing)); Ski Line prices GBP pp"
sno-chalet-estrella,,Ski World,,,,,,,,,,,,,,,,,,,,,,,,,,,,,,Ski Line,site-ski-line,,,2026-10-06,Ski Line: https://www.skiline.co.uk/ski-holidays/france/courchevel/chalet-estrella; range GBP 1629-1804 per-person; operator per Ski Line: Ski World
inghams-hotel-les-flocons-courchevel,Hotel Les Flocons – Courchevel,Inghams,Courchevel,Les 3 Vallées,France,,60,,,hotel,half-board,,none,yes,steam room,,unknown,Saturday,,per-person,GBP,season-range,1679,2199,,"flights, transfers + board (Ski Line package)",unknown,,,"Family-run since 1967, Hotel Les Flocons offers a warm welcome, excellent food, and a prime location at the foot of the pistes in Courchevel 1550. The friendly Obert family has created a cosy atmosphere, with Savoyard-style rooms and stunning views ...",https://www.skiline.co.uk/ski-holidays/france/courchevel/hotel-les-flocons-courchevel,Ski Line,site-ski-line,5,chalets/images/inghams-hotel-les-flocons-courchevel/,2026-10-06,no 20/21 Mar 2027 departure in Ski Line price list; Ski Line prices GBP pp
inghams-hotel-les-sherpas,Hotel Les Sherpas,Inghams,Courchevel,Les 3 Vallées,France,,76,,,hotel,half-board,,none,yes,"pool, steam room, fireplace",250,unknown,Saturday,,per-person,GBP,season-range,2049,3273,,"flights, transfers + board (Ski Line package)",unknown,,,"Hotel Les Sherpas is a family run hotel that's located amongst the pine trees on the outskirts of the Courchevel 1850 village. The hotel's cosy saloon bar, with a log fireplace, is the perfect place for an après-ski drink. To ...",https://www.skiline.co.uk/ski-holidays/france/courchevel/hotel-les-sherpas-2,Ski Line,site-ski-line,5,chalets/images/inghams-hotel-les-sherpas/,2026-10-06,no 20/21 Mar 2027 departure in Ski Line price list; Ski Line prices GBP pp
consensio-chalet-carat,Chalet Carat,Consensio,Courchevel,Les 3 Vallées,France,,8,,,chalet,self-catered,self-catered,none,yes,"pool, fireplace",,unknown,Saturday,3154,per-person,GBP,exact-week,3154,7913,,"accommodation + board, no travel (Ski Line)",yes,,,"Carat brings elegant alpine living to one of Courchevel 1850’s most sought-after addresses. Set within the private Domaine de Bellecôte hamlet, the property sits just 100 metres from the Bellecôte piste, offering excellent access to the slopes and the wider ...",https://www.skiline.co.uk/ski-holidays/france/courchevel/chalet-carat,Ski Line,site-ski-line,5,chalets/images/consensio-chalet-carat/,2026-10-06,20 Mar price from Ski Line (Independent Travel); Ski Line prices GBP pp
consensio-chalet-bacchus,Chalet Bacchus,Consensio,Courchevel,Les 3 Vallées,France,,14,,,chalet,catered,This chalet is sold on an 'Ultimate Catered Chalet' basis. To find out more about what is included in an Ultimate Catered Chalet please click on the 'Catering' section below. ...,private-outdoor,yes,"pool, steam room, resort driver/minibus",,yes,Sunday,4620,per-person,GBP,exact-week,3211,5027,,"accommodation + board, no travel (Ski Line)",yes,,,"Chalet Bacchus is a newly built chalet launched in January 2021, situated in an enviable position on the Belvedere piste running into Courchevel Moriond. It has direct ski-in/ski-out access and is located a short walk from the centre of this ...",https://www.skiline.co.uk/ski-holidays/france/courchevel/chalet-bacchus,Ski Line,site-ski-line,5,chalets/images/consensio-chalet-bacchus/,2026-10-06,20 Mar price from Ski Line (Independent Travel); hot tub per Ski Line facility flag; Ski Line prices GBP pp
alpine-escape-chalet-dulcis-casu,Chalet Dulcis Casu,Alpine Escape,Courchevel,Les 3 Vallées,France,,10,5,,chalet,catered,"A luxury catered chalet holiday should revolve around three things (aside from amazing skiing!) – gorgeous chalets, slick service and food with the wow factor. In each of our catered ...",private-outdoor,yes,"pool, steam room, fireplace",150,unknown,Sunday,,per-person,GBP,season-range,1900,2700,,"accommodation + board, no travel (Ski Line)",unknown,,,"This 5 star, 5 bedroom chalet is a seriously stylish Alpine retreat located in the heart of the exclusive village of Courchevel Le Praz. Close to the new high speed gondola which takes you directly into Courchevel 1850 and is ...",https://www.skiline.co.uk/ski-holidays/france/courchevel/chalet-dulcis-casu,Ski Line,site-ski-line,5,chalets/images/alpine-escape-chalet-dulcis-casu/,2026-10-06,no 20/21 Mar 2027 departure in Ski Line price list; hot tub per Ski Line facility flag; Ski Line prices GBP pp
sno-chalet-golden-eagle,,Le Ski,,,,,,,,,,,,,,,,,,,,,,,,,,,,,,Ski Line,site-ski-line,,,2026-10-06,Ski Line: https://www.skiline.co.uk/ski-holidays/france/courchevel/golden-eagle; range GBP 1245-2078 per-person; operator per Ski Line: Le Ski
le-ski-eagles-nest,Eagle’s Nest,Le Ski,Courchevel,Les 3 Vallées,France,,10,,,chalet,catered,"Chalet catering has moved on an awfully long way since the early days! Your Chalet Host will be cooking and serving home-made breakfast, home-baked afternoon tea, canapes and three-course dinners. ...",none,no,steam room,,unknown,Sunday,,per-person,GBP,season-range,1223,2678,,"flights, transfers + board (Ski Line package)",unknown,,,Eagle's Nest sits right next to its sister Chalet Golden Eagle and is owned by the same delightful lady who has thought of everything one could need in an Alpine chalet. Eagle's Nest is finished in a traditional style yet ...,https://www.skiline.co.uk/ski-holidays/france/courchevel/eagles-nest,Ski Line,site-ski-line,5,chalets/images/le-ski-eagles-nest/,2026-10-06,no 20/21 Mar 2027 departure in Ski Line price list; Ski Line prices GBP pp
consensio-chalet-st-christophe,Chalet St. Christophe,Consensio,Courchevel,Les 3 Vallées,France,,10,,,chalet,catered,This operator prides itself on its professional and approachable staff; handpicked and rigorously trained to maintain exceptional levels of bespoke service they are known for and the luxurious chalets and ...,none,yes,"pool, fireplace, private chauffeur",50,unknown,Sunday,3440,per-person,GBP,exact-week,3028,7294,,"accommodation + board, no travel (Ski Line)",yes,,,"Set in the exclusive Nogentil area of Courchevel 1850, Chalet St. Christophe is just 50 metres from the Pralong lift and piste. Its elevated position offers wide mountain views, while the shared in-resort driver service keeps the centre of Courchevel ...",https://www.skiline.co.uk/ski-holidays/france/courchevel/chalet-st-christophe,Ski Line,site-ski-line,5,chalets/images/consensio-chalet-st-christophe/,2026-10-06,20 Mar price from Ski Line (Independent Travel); Ski Line prices GBP pp
purple-ski-chalet-margaux,Chalet Margaux,Purple Ski,Courchevel,Les 3 Vallées,France,,12,6,,chalet,catered,"Beautiful food and wine are central to this operator's experience. After a long day on the slopes, what can be better than sharing your adventures with friends and family over ...",private-indoor,no,"fireplace, resort driver/minibus",,yes,Sunday,4148,per-person,GBP,exact-week,3435,5680,,"accommodation + board, no travel (Ski Line)",yes,,,"At the heart of Courchevel 1850, Margaux is a charming ski-in ski-out family home. With beautiful hand painted interiors, elegant indoor jacuzzi and generous master suite, it makes for a wonderful luxury escape in one of Europe's most exclusive resorts. ...",https://www.skiline.co.uk/ski-holidays/france/courchevel/chalet-margaux-3,Ski Line,site-ski-line,5,chalets/images/purple-ski-chalet-margaux/,2026-10-06,20 Mar price from Ski Line (Independent Travel); hot tub per Ski Line facility flag; Ski Line prices GBP pp
consensio-apartment-penthouse-b,Apartment Penthouse B,Consensio,Courchevel,Les 3 Vallées,France,,6,3,,chalet,self-catered,self-catered,private (location not stated),yes,fireplace,,yes,Saturday,5122,per-person,GBP,exact-week,5122,9557,,"accommodation + board, no travel (Ski Line)",yes,,,"Elevate your alpine experience with a stay at Penthouse B, the exciting new address debuting winter 2023/24. Nestled amidst the pristine snow-capped beauty of Courchevel 1850, this remarkable penthouse redefines luxury living in the heart of the French Alps. Penthouse ...",https://www.skiline.co.uk/ski-holidays/france/courchevel/apartment-penthouse-b,Ski Line,site-ski-line,5,chalets/images/consensio-apartment-penthouse-b/,2026-10-06,20 Mar price from Ski Line (Independent Travel); hot tub per Ski Line facility flag; Ski Line prices GBP pp
skiline-les-chalets-du-forum,Les Chalets Du Forum,,,,,,13,,,apartment,self-catered,self-catered,none,no,,,unknown,,,,,quote-needed,,,,,unknown,,,"Extremely popular due to their quality and location just 100m from the slopes and near the shopping district of the Forum and the Croisette, in the heart of Courchevel 1850. Please be advised however that due to their central location, ...",https://www.skiline.co.uk/ski-holidays/france/courchevel/les-chalets-du-forum,Ski Line,site-ski-line,5,chalets/images/skiline-les-chalets-du-forum/,2026-10-06,no 20/21 Mar 2027 departure in Ski Line price list; operator not named (Ski Line sitemap-only page); sitemap-only (not in Ski Line search)
skiline-les-chalets-du-forum-apartments,Les Chalets du Forum Apartments,,,,,,13,,,apartment,self-catered,self-catered,none,no,,,unknown,,,,,quote-needed,,,,,unknown,,,"Your residence in a majestic setting. In the heart of Courchevel 1850 and close to the La Croisette district and the Le Commerce shopping gallery, the Chalets du Forum put the resort's entertainment and services within easy reach. A renowned ...",https://www.skiline.co.uk/ski-holidays/france/courchevel/les-chalets-du-forum-apartments,Ski Line,site-ski-line,5,chalets/images/skiline-les-chalets-du-forum-apartments/,2026-10-06,no 20/21 Mar 2027 departure in Ski Line price list; operator not named (Ski Line sitemap-only page); sitemap-only (not in Ski Line search)
skiline-chalet-trois-soeurs,Chalet Trois Soeurs,,,,,,12,,,chalet,self-catered,self-catered,none,no,pool,,unknown,,,,,quote-needed,,,,,unknown,,,"What's Included Eurostar seat ✔ Transfers ✔ Accommodation ✔ Ski pass ✔ 700 m from the city centre. 1,5 km from the shops. 830 m from the ski school. 200 m from the ski slopes.Trois Soeurs chalet, with a visible ...",https://www.skiline.co.uk/ski-holidays/france/courchevel/chalet-trois-soeurs,Ski Line,site-ski-line,5,chalets/images/skiline-chalet-trois-soeurs/,2026-10-06,no 20/21 Mar 2027 departure in Ski Line price list; operator not named (Ski Line sitemap-only page); sitemap-only (not in Ski Line search)
skiline-chalet-overview,Chalet Overview,,,,,,10,,,chalet,self-catered,self-catered,none,no,,,unknown,,,,,quote-needed,,,,,unknown,,,What's Included Eurostar seat ✔ Transfers ✔ Accommodation ✔ Ski pass ✔ 350 m from the city centre. 350 m from the shops. 350 m from the ski school. 350 m from the ski slopes. At the entry of Courchevel ...,https://www.skiline.co.uk/ski-holidays/france/courchevel/chalet-overview,Ski Line,site-ski-line,5,chalets/images/skiline-chalet-overview/,2026-10-06,no 20/21 Mar 2027 departure in Ski Line price list; operator not named (Ski Line sitemap-only page); sitemap-only (not in Ski Line search)
skiline-chalet-libellule,Chalet Libellule,,,,,,10,,,chalet,self-catered,self-catered,none,no,,,unknown,,,,,quote-needed,,,,,unknown,,,"What's Included Eurostar seat ✔ Transfers ✔ Accommodation ✔ Ski pass ✔ 300 m from the city centre. 300 m from the shops. 350 m from the ski school. 350 m from the ski slopes. Exception Mountain label, in the ...",https://www.skiline.co.uk/ski-holidays/france/courchevel/chalet-libellule,Ski Line,site-ski-line,5,chalets/images/skiline-chalet-libellule/,2026-10-06,no 20/21 Mar 2027 departure in Ski Line price list; operator not named (Ski Line sitemap-only page); sitemap-only (not in Ski Line search)
skiline-chalet-les-3-vaches,Chalet Les 3 Vaches,,,,,,10,,,chalet,self-catered,self-catered,none,no,,,unknown,,,,,quote-needed,,,,,unknown,,,100 m from the the shops. 200 m from the ski slopes. Location : 100 m from the the shops. 200 m from the ski slopes. Private apartment : Comfortable and well equipped apartements,https://www.skiline.co.uk/ski-holidays/france/courchevel/chalet-les-3-vaches,Ski Line,site-ski-line,5,chalets/images/skiline-chalet-les-3-vaches/,2026-10-06,no 20/21 Mar 2027 departure in Ski Line price list; operator not named (Ski Line sitemap-only page); sitemap-only (not in Ski Line search)
skiline-chalet-de-lourse,Chalet De L’Ourse,,,,,,10,,,chalet,self-catered,self-catered,none,no,,,unknown,,,,,quote-needed,,,,,unknown,,,What's Included Eurostar seat ✔ Transfers ✔ Accommodation ✔ Ski pass ✔ Private apartment : Comfortable and well equipped apartements Accommodation in detail 6 Rooms 10 Persons Non Classé COURCHEVEL Classement prefectoral 4* Label de Courchevel Montagne de REVE The ...,https://www.skiline.co.uk/ski-holidays/france/courchevel/chalet-de-lourse,Ski Line,site-ski-line,5,chalets/images/skiline-chalet-de-lourse/,2026-10-06,no 20/21 Mar 2027 departure in Ski Line price list; operator not named (Ski Line sitemap-only page); sitemap-only (not in Ski Line search)
skiline-chalet-centenary,Chalet Centenary,,,,,,12,,,chalet,self-catered,self-catered,none,yes,pool,,unknown,,,,,quote-needed,,,,,unknown,,,What's Included Eurostar seat ✔ Transfers ✔ Accommodation ✔ Ski pass ✔ 450 m from the city centre. 500 m from the ski school. 90 m from the ski slopes. Location : 450 m from the city centre. 500 m ...,https://www.skiline.co.uk/ski-holidays/france/courchevel/chalet-centenary,Ski Line,site-ski-line,5,chalets/images/skiline-chalet-centenary/,2026-10-06,no 20/21 Mar 2027 departure in Ski Line price list; operator not named (Ski Line sitemap-only page); sitemap-only (not in Ski Line search)
skiline-chalet-amnesia,Chalet Amnesia,,,,,,10,,,chalet,self-catered,self-catered,none,no,,,unknown,,,,,quote-needed,,,,,unknown,,,"What's Included Eurostar seat ✔ Transfers ✔ Accommodation ✔ Ski pass ✔ 100 m from the city centre. 100 m from the shops. 100 m from the ski school. Amnesia Chalet, exceptional mountain label, outside environment, equipment and furniture, and ...",https://www.skiline.co.uk/ski-holidays/france/courchevel/chalet-amnesia,Ski Line,site-ski-line,5,chalets/images/skiline-chalet-amnesia/,2026-10-06,no 20/21 Mar 2027 departure in Ski Line price list; operator not named (Ski Line sitemap-only page); sitemap-only (not in Ski Line search)
skiline-chalet-agathe-blanche,Chalet Agathe Blanche,,,,,,12,,,chalet,self-catered,self-catered,none,no,,,unknown,,,,,quote-needed,,,,,unknown,,,What's Included Eurostar seat ✔ Transfers ✔ Accommodation ✔ Ski pass ✔ 100 m from the city centre. 100 m from the shops. 100 m from the ski school. The chalet l'Agathe Blanche is slightly on the side of Courchevel ...,https://www.skiline.co.uk/ski-holidays/france/courchevel/chalet-agathe-blanche,Ski Line,site-ski-line,5,chalets/images/skiline-chalet-agathe-blanche/,2026-10-06,no 20/21 Mar 2027 departure in Ski Line price list; operator not named (Ski Line sitemap-only page); sitemap-only (not in Ski Line search)
skiline-chalet-toutounier,Chalet Toutounier,,,,,,6,,,chalet,self-catered,self-catered,none,no,,,unknown,,,,,quote-needed,,,,,unknown,,,What's Included Eurostar seat ✔ Transfers ✔ Accommodation ✔ Ski pass ✔ Private apartment: Comfortable and well equipped apartments,https://www.skiline.co.uk/ski-holidays/france/courchevel/chalet-toutounier,Ski Line,site-ski-line,5,chalets/images/skiline-chalet-toutounier/,2026-10-06,no 20/21 Mar 2027 departure in Ski Line price list; operator not named (Ski Line sitemap-only page); sitemap-only (not in Ski Line search)
sno-apartment-nanuq,,,,,,,,,,,,self-catered,,,,,,,,,,,,,,,,,,,,Ski Line,site-ski-line,,,2026-10-06,Ski Line: https://www.skiline.co.uk/ski-holidays/france/courchevel/chalet-nanuq
skiline-chalet-le-sommet,Chalet Le Sommet,,,,,,15,,,chalet,self-catered,self-catered,none,no,,,unknown,,,,,quote-needed,,,,,unknown,,,What's Included Eurostar seat ✔ Transfers ✔ Accommodation ✔ Ski pass ✔ The town centre is 500 m. the shops are 300 m. the ski school is 500 m. the slopes are 100 m. the train station is 25 Km. ...,https://www.skiline.co.uk/ski-holidays/france/courchevel/chalet-le-sommet,Ski Line,site-ski-line,5,chalets/images/skiline-chalet-le-sommet/,2026-10-06,no 20/21 Mar 2027 departure in Ski Line price list; operator not named (Ski Line sitemap-only page); sitemap-only (not in Ski Line search)
skiline-chalet-la-feniere,Chalet La Feniere,,,,,,12,,,chalet,self-catered,self-catered,none,no,,,unknown,,,,,quote-needed,,,,,unknown,,,"What's Included Eurostar seat ✔ Transfers ✔ Accommodation ✔ Ski pass ✔ 1,2 km from the city centre. 1,6 km from the the shops. 1,2 km from the ski school. 200 m from the ski slopes.Formerly a hay barn, the ...",https://www.skiline.co.uk/ski-holidays/france/courchevel/chalet-la-feniere-2,Ski Line,site-ski-line,5,chalets/images/skiline-chalet-la-feniere/,2026-10-06,no 20/21 Mar 2027 departure in Ski Line price list; operator not named (Ski Line sitemap-only page); sitemap-only (not in Ski Line search)
skiline-chalet-du-forum,Chalet Du Forum,,,,,,6,,,chalet,self-catered,self-catered,none,no,,,unknown,,,,,quote-needed,,,,,unknown,,,What's Included Eurostar seat ✔ Transfers ✔ Accommodation ✔ Ski pass ✔ 150 m from the ski slopes. Location : 150 m from the ski slopes. Private apartment : Comfortable and well-equipped apartements,https://www.skiline.co.uk/ski-holidays/france/courchevel/chalet-du-forum,Ski Line,site-ski-line,5,chalets/images/skiline-chalet-du-forum/,2026-10-06,no 20/21 Mar 2027 departure in Ski Line price list; operator not named (Ski Line sitemap-only page); sitemap-only (not in Ski Line search)
skiline-chalet-gros-caillou,Chalet Gros Caillou,,,,,,14,,,chalet,self-catered,self-catered,none,no,,,unknown,,,,,quote-needed,,,,,unknown,,,What's Included Eurostar seat ✔ Transfers ✔ Accommodation ✔ Ski pass ✔ Chalet : Comfortable and well equipped apartements,https://www.skiline.co.uk/ski-holidays/france/courchevel/chalet-gros-caillou,Ski Line,site-ski-line,5,chalets/images/skiline-chalet-gros-caillou/,2026-10-06,no 20/21 Mar 2027 departure in Ski Line price list; operator not named (Ski Line sitemap-only page); sitemap-only (not in Ski Line search)
allchalets-chalet-aspen,,,,,,,,,,,,,,,,,,,,,,,,,,,,,,,,Ski Line,site-ski-line,,,2026-10-06,Ski Line: https://www.skiline.co.uk/ski-holidays/france/courchevel/chalet-aspen
skiline-chalet-ajacour,Chalet Ajacour,,,,,,8,,,chalet,self-catered,self-catered,none,yes,,,unknown,,,,,quote-needed,,,,,unknown,,,"What's Included Eurostar seat ✔ Transfers ✔ Accommodation ✔ Ski pass ✔ 600 m from the city centre. 700 m from the shops. 700 m from the ski school. 150 m from the ski slopes. Cosy family chalet, located in ...",https://www.skiline.co.uk/ski-holidays/france/courchevel/chalet-ajacour,Ski Line,site-ski-line,5,chalets/images/skiline-chalet-ajacour/,2026-10-06,no 20/21 Mar 2027 departure in Ski Line price list; operator not named (Ski Line sitemap-only page); sitemap-only (not in Ski Line search)
skiline-premium-residence-les-chalets-du-forum,Premium residence Les Chalets du Forum,,,,,,6,,,apartment,self-catered,self-catered,none,no,,,unknown,,,,,quote-needed,,,,,unknown,,,"In the heart of the resort 100 m from the slopes, the Les Chalets du Forum residence is near Le Forum shopping centre and the La Croisette area, which is the location for all the resort's entertainment and sports. This ...",https://www.skiline.co.uk/ski-holidays/france/courchevel/pierre-vacances-premium-residence-les-chalets-du-forum,Ski Line,site-ski-line,5,chalets/images/skiline-premium-residence-les-chalets-du-forum/,2026-10-06,no 20/21 Mar 2027 departure in Ski Line price list; operator not named (Ski Line sitemap-only page); sitemap-only (not in Ski Line search)
skiline-chalet-white,Chalet White,,,,,,10,,,chalet,self-catered,self-catered,none,no,pool,,unknown,,,,,quote-needed,,,,,unknown,,,"Chalet White has been designed with no expense spared, built to the highest standard with attention to detail and contemporary old wood finishes throughout. This independent 270 m2 chalet includes a state of the art wellness centre spanning the entire ...",https://www.skiline.co.uk/ski-holidays/france/courchevel/chalet-white,Ski Line,site-ski-line,5,chalets/images/skiline-chalet-white/,2026-10-06,no 20/21 Mar 2027 departure in Ski Line price list; operator not named (Ski Line sitemap-only page); sitemap-only (not in Ski Line search)
ski-france-chalet-larclusaz,Chalet l’Arclusaz,Ski France,Méribel,Les 3 Vallées,France,,10,5,,chalet,self-catered,self-catered,private-outdoor,yes,fireplace,,unknown,Sunday,680,per-person,GBP,exact-week,585,833,,"accommodation + board, no travel (Ski Line)",yes,,,"The Chalet L’Arclusaz, located on Route du Laitelet in the charming village of Mottaret, lies at the very heart of the immense Three Valleys ski area. L’Arclusaz is a charming Savoyard chalet, with five comfortable bedrooms, sleeping up to ten ...",https://www.skiline.co.uk/ski-holidays/france/meribel/chalet-larclusaz-2,Ski Line,site-ski-line,5,chalets/images/ski-france-chalet-larclusaz/,2026-10-06,20 Mar price from Ski Line (Independent Travel); hot tub per Ski Line facility flag; Ski Line prices GBP pp; Ski Line resort 'Meribel'
alpine-escape-bellacima-lodge,Bellacima Lodge,Alpine Escape,Méribel,Les 3 Vallées,France,,10,5,,chalet,catered,"A luxury catered chalet holiday should revolve around three things (aside from amazing skiing!) – gorgeous chalets, slick service and food with the wow factor. In each of our catered ...",private-outdoor,yes,resort driver/minibus,,unknown,Sunday,,per-person,GBP,season-range,900,3600,,"accommodation + board, no travel (Ski Line)",unknown,,,"We are thrilled to announce the addition of Bellacima Lodge to this operator's portfolio, our first chalet in the legendary resort of Méribel! Imagine your perfect chalet… A prime location just a few minutes’ walk from the buzzy resort centre, ...",https://www.skiline.co.uk/ski-holidays/france/meribel/bellacima-lodge,Ski Line,site-ski-line,5,chalets/images/alpine-escape-bellacima-lodge/,2026-10-06,no 20/21 Mar 2027 departure in Ski Line price list; hot tub per Ski Line facility flag; Ski Line prices GBP pp; Ski Line resort 'Meribel'
crystal-premium-residence-les-fermes-de-meribel,Premium Residence Les Fermes de Meribel,Crystal,Méribel,Les 3 Vallées,France,,5,,,apartment,self-catered,self-catered,none,no,"pool, fireplace",,unknown,Saturday,1046,per-person,GBP,exact-week,978,3378,,mixed: some departures include travel,yes,,,"These practical apartments have all you need for a self-catering stay in Méribel. There’s a traditional feel here, with chalet-style buildings of local stone and wood set amongst the trees. Location is spot on, with views of the slopes and ...",https://www.skiline.co.uk/ski-holidays/france/meribel/premium-residence-les-fermes-de-meribel-2,Ski Line,site-ski-line,5,chalets/images/crystal-premium-residence-les-fermes-de-meribel/,2026-10-06,"20 Mar price from Ski Line (London Gatwick, 1 Bedroom Apartment - (price pp based on 2 sharing)); Ski Line prices GBP pp; Ski Line resort 'Meribel'"
sno-chalet-le-cedre-blanc,,Inghams,,,,,,6,,,,,,,,,,,,,,,,,,,,,,,,Ski Line,site-ski-line,,,2026-10-06,Ski Line: https://www.skiline.co.uk/ski-holidays/france/meribel/chalet-le-cedre-blanc; range GBP 999-1899 per-person; operator per Ski Line: Inghams
inghams-chalet-lancolie,Chalet L’Ancolie,Inghams,Méribel,Les 3 Vallées,France,,11,5,,chalet,catered,"Enjoy a home away from home this ski season, and settle into one of our luxury ski chalets for an unforgettable holiday. Fantastic food, wine and unbeatable service awaits you ...",none,yes,fireplace,,unknown,Saturday,,per-person,GBP,season-range,999,1639,,"flights, transfers + board (Ski Line package)",unknown,,,"The Chalet L'Ancolie is a traditional and characterful property set in a quiet location back from the main street. The owner is an expert carpenter and he has done most of the interior wood panelling himself, ensuring a high attention ...",https://www.skiline.co.uk/ski-holidays/france/meribel/chalet-lancolie-2,Ski Line,site-ski-line,5,chalets/images/inghams-chalet-lancolie/,2026-10-06,no 20/21 Mar 2027 departure in Ski Line price list; Ski Line prices GBP pp; Ski Line resort 'Meribel'
sno-chalet-oxalys,,Inghams,,,,,,,,,,,,,,,,,,,,,,,,,,,,,,Ski Line,site-ski-line,,,2026-10-06,Ski Line: https://www.skiline.co.uk/ski-holidays/france/meribel/chalet-oxalys; range GBP 999-1584 per-person; operator per Ski Line: Inghams
inghams-hotel-leterlou,Hotel L’Eterlou,Inghams,Méribel,Les 3 Vallées,France,,116,,,hotel,breakfast-only,,yes-type-unknown,yes,"pool, steam room, fireplace",60,unknown,Saturday,1389,per-person,GBP,exact-week,1090,1978,,"flights, transfers + board (Ski Line package)",yes,,,"You'll feel that classic alpine magic the second step inside Hotel L'Eterlou. The hotel takes inspiration from traditional mountain chalets, using plenty of natural wood and a palette of warm, inviting colours to nail that rustic mountain atmosphere. Best of ...",https://www.skiline.co.uk/ski-holidays/france/meribel/hotel-leterlou,Ski Line,site-ski-line,5,chalets/images/inghams-hotel-leterlou/,2026-10-06,"20 Mar price from Ski Line (Leeds Bradford, 5-Person,Family Room); Ski Line prices GBP pp; Ski Line resort 'Meribel'; Ski Line hot-tub flag on a residence/hotel: probably shared spa (pass2: hot tub type)"
crystal-grangettes-hotel,Grangettes Hotel,Crystal,Méribel,Les 3 Vallées,France,,50,,,hotel,half-board,,none,no,,,unknown,flexible,1422,per-person,GBP,exact-week,1112,1948,,"flights, transfers + board (Ski Line package)",yes,,,"The Grangettes Hotel’s slap-bang in the middle of Méribel, close to all the action. You’ll get quick access to the huge Three Valleys ski area and a lively nightlife with a range of bars and restaurants nearby. It’s an ideal ...",https://www.skiline.co.uk/ski-holidays/france/meribel/grangettes-hotel,Ski Line,site-ski-line,5,chalets/images/crystal-grangettes-hotel/,2026-10-06,"20 Mar price from Ski Line (London Gatwick, Quad Room - (price pp based on 2 sharing)); Ski Line prices GBP pp; Ski Line resort 'Meribel'"
consensio-apartment-petit-chamois,Apartment Petit Chamois,Consensio,Méribel,Les 3 Vallées,France,,8,,,chalet,self-catered,self-catered,none,no,fireplace,,yes,Saturday,1806,per-person,GBP,exact-week,1187,3675,,"accommodation + board, no travel (Ski Line)",yes,,,"Petit Chamois is an exquisite, brand new apartment located at the Rond Point des Pistes in Méribel. It enjoys an ideal ski-in/ski-out location adjacent to the green ‘Forêt’ piste and is only one minute’s ski away from the ‘Adret’ ski ...",https://www.skiline.co.uk/ski-holidays/france/meribel/apartment-petit-chamois,Ski Line,site-ski-line,5,chalets/images/consensio-apartment-petit-chamois/,2026-10-06,20 Mar price from Ski Line (Independent Travel); Ski Line prices GBP pp; Ski Line resort 'Meribel'
sno-chalet-nico,,Ski World,,,,,,,,,,,,,,,,,,,,,,,,,,,,,,Ski Line,site-ski-line,,,2026-10-06,Ski Line: https://www.skiline.co.uk/ski-holidays/france/meribel/chalet-nico; range GBP 1439-1525 per-person; operator per Ski Line: Ski World
inghams-hotel-le-mottaret,Hotel Le Mottaret,Inghams,Méribel,Les 3 Vallées,France,,84,,,hotel,half-board,,yes-type-unknown,yes,fireplace,,yes,Saturday,1459,per-person,GBP,exact-week,1199,2692,,"flights, transfers + board (Ski Line package)",yes,,,"Hotel Le Mottaret is an excellent choice if you are looking for accommodation with ski in, ski out access in France. The added bonus of this property is you can upgrade to an 'All Inclusive' board basis which includes a ...",https://www.skiline.co.uk/ski-holidays/france/meribel/hotel-le-mottaret,Ski Line,site-ski-line,5,chalets/images/inghams-hotel-le-mottaret/,2026-10-06,"20 Mar price from Ski Line (Bristol International, Twin or Double,PB or PS, WC,Standard); Ski Line prices GBP pp; Ski Line resort 'Meribel'; Ski Line hot-tub flag on a residence/hotel: probably shared spa (pass2: hot tub type)"
sno-chalet-alysson,,Ski World,,,,,,,,,,,,,,,,,,,,,,,,,,,,,,Ski Line,site-ski-line,,,2026-10-06,Ski Line: https://www.skiline.co.uk/ski-holidays/france/meribel/chalet-alysson-2; range GBP 1459-1595 per-person; operator per Ski Line: Ski World
sno-chalet-laetitia,,Ski World,,,,,,,,,,,,,,,,,,,,,,,,,,,,,,Ski Line,site-ski-line,,,2026-10-06,Ski Line: https://www.skiline.co.uk/ski-holidays/france/meribel/chalet-laetitia; range GBP 1470-1749 per-person; operator per Ski Line: Ski World
crystal-hotel-leterlou,Hotel L’Eterlou,Crystal,Méribel,Les 3 Vallées,France,,50,,,hotel,half-board,,yes-type-unknown,yes,"pool, steam room",,unknown,Saturday,1337,per-person,GBP,exact-week,1276,2020,,"flights, transfers + board (Ski Line package)",yes,,,"Centrally located, L’Éterlou is just a short walk from the slopes, and it's close to Méribel's shops and bars too. Rooms are decorated in a traditional Savoyard style, with comfy beds and a satellite TV. And there's a real range ...",https://www.skiline.co.uk/ski-holidays/france/meribel/hotel-leterlou-2,Ski Line,site-ski-line,5,chalets/images/crystal-hotel-leterlou/,2026-10-06,"20 Mar price from Ski Line (London Gatwick, Small Eaves Twin Room - (price pp based on 2 sharing)); hot tub per Ski Line facility flag; Ski Line prices GBP pp; Ski Line resort 'Meribel'; Ski Line hot-tub flag on a residence/hotel: probably shared spa (pass2: hot tub type)"
sno-chalet-aline,,Ski World,,,,,,,,,,,,,,,,,,,,,,,,,,,,,,Ski Line,site-ski-line,,,2026-10-06,Ski Line: https://www.skiline.co.uk/ski-holidays/france/meribel/chalet-aline-2; range GBP 1559-1729 per-person; operator per Ski Line: Ski World
crystal-premium-residence-lhevana,Premium Residence L’Hevana,Crystal,Méribel,Les 3 Vallées,France,,6,,,apartment,self-catered,self-catered,yes-type-unknown,yes,"pool, steam room",,unknown,Saturday,1354,per-person,GBP,exact-week,1354,3865,,mixed: some departures include travel,yes,,,"If you like to self-cater in style, the Hevana will be right up your piste. There’s a high-quality feel from top to bottom, whether you’re relaxing in the spa or cooking something tasty in the kitchen. And location-wise, you’re on ...",https://www.skiline.co.uk/ski-holidays/france/meribel/premium-residence-lhevana-3,Ski Line,site-ski-line,5,chalets/images/crystal-premium-residence-lhevana/,2026-10-06,"20 Mar price from Ski Line (London Gatwick, 1 Bedroom Apartment - (price pp based on 2 sharing)); hot tub per Ski Line facility flag; Ski Line prices GBP pp; Ski Line resort 'Meribel'; Ski Line hot-tub flag on a residence/hotel: probably shared spa (pass2: hot tub type)"
ski-world-chalet-pierre,Chalet Pierre,Ski World,Méribel,Les 3 Vallées,France,,6,,,chalet,catered,"A catered ski chalet is a home-style ski holiday accommodation. Packages usually include flights, airport transfers, breakfast, afternoon tea and 3 or 4-course evening meals. Dinner also includes unlimited wine ...",none,no,,240,unknown,Saturday,,per-person,GBP,season-range,1449,1599,,"flights, transfers + board (Ski Line package)",unknown,,sno-chalet-pierre-meribel;sno-chalet-pierre,"Chalet Pierre is a stylish, modern chalet built in classic alpine style, boasting excellent features and a sought after position in Meribel Mottaret. Chalet Pierre has a modern lounge and dining area leading onto a balcony. All rooms are en ...",https://www.skiline.co.uk/ski-holidays/france/meribel/chalet-pierre,Ski Line,site-ski-line,5,chalets/images/ski-world-chalet-pierre/,2026-10-06,no 20/21 Mar 2027 departure in Ski Line price list; Ski Line prices GBP pp; Ski Line resort 'Meribel'
sno-chalet-eleanor,,Ski World,,,,,,,,,,,,,,,,,,,,,,,,,,,,,,Ski Line,site-ski-line,,,2026-10-06,Ski Line: https://www.skiline.co.uk/ski-holidays/france/meribel/chalet-eleanor; range GBP 1579-1669 per-person; operator per Ski Line: Ski World
sno-chalet-mariefleur,,Ski World,,,,,,,,,,,,,,,,,,,,,,,,,,,,,,Ski Line,site-ski-line,,,2026-10-06,Ski Line: https://www.skiline.co.uk/ski-holidays/france/meribel/chalet-mariefleur-4; range GBP 1719-1949 per-person; operator per Ski Line: Ski World
sno-chalet-brioche,,Ski World,,,,,,,,,,,,,,,,,,,,,,,,,,,,,,Ski Line,site-ski-line,,,2026-10-06,Ski Line: https://www.skiline.co.uk/ski-holidays/france/meribel/chalet-brioche-4; range GBP 1769-1769 per-person; operator per Ski Line: Ski World
crystal-hotel-chaudanne,Hotel Chaudanne,Crystal,Méribel,Les 3 Vallées,France,,128,,,hotel,breakfast-only,,none,yes,pool,,unknown,Saturday,1982,per-person,GBP,exact-week,1916,2397,,mixed: some departures include travel,yes,,,"The Hotel La Chaudanne is a high quality hotel right in the heart of Méribel. The Chaudanne has a lovely spa facility with a sauna, hammam, indoor swimming pool and fitness room. After your amazing day's skiing in the Three ...",https://www.skiline.co.uk/ski-holidays/france/meribel/hotel-chaudanne,Ski Line,site-ski-line,5,chalets/images/crystal-hotel-chaudanne/,2026-10-06,"20 Mar price from Ski Line (London Gatwick, Double Room - (price pp based on 2 sharing)); Ski Line prices GBP pp; Ski Line resort 'Meribel'"
inghams-hotel-la-chaudanne,Hotel La Chaudanne,Inghams,Méribel,Les 3 Vallées,France,,152,,,hotel,breakfast-only,,none,yes,"pool, steam room",50,partial,Saturday,2199,per-person,GBP,exact-week,1969,2409,,"flights, transfers + board (Ski Line package)",yes,,,The warm and welcoming Hotel La Chaudanne has an excellent location in Méribel just a short walk away from the slopes. After a day on the slopes make the most of the Nuxe Spa or relax in the cosy lounge ...,https://www.skiline.co.uk/ski-holidays/france/meribel/hotel-la-chaudanne,Ski Line,site-ski-line,5,chalets/images/inghams-hotel-la-chaudanne/,2026-10-06,"20 Mar price from Ski Line (London Gatwick, Double,PB or PS, WC, BA,Type Standard); Ski Line prices GBP pp; Ski Line resort 'Meribel'"
sno-chalet-caro,,Ski Armadillo,,,,,,,,,,self-catered,,,,850,,,,,,,,,,,,,,,,Ski Line,site-ski-line,,,2026-10-06,Ski Line: https://www.skiline.co.uk/ski-holidays/france/meribel/chalet-caro-2; 20 Mar GBP 2271 per-person; range GBP 1984-3819 per-person; available 20 Mar: yes; operator per Ski Line: Ski Armadillo
sno-chalet-bergeronnette,,Ski Armadillo,,,,,,,,,,One of the most enjoyable parts of a catered chalet holiday is undoubtedly the food. This operator aims to create the perfect dinner party every night of the week. Their ...,,,,,,,,,,,,,,,,,,,,Ski Line,site-ski-line,,,2026-10-06,Ski Line: https://www.skiline.co.uk/ski-holidays/france/meribel/chalet-bergeronnette; 20 Mar GBP 2425 per-person; range GBP 2425-2779 per-person; available 20 Mar: yes; operator per Ski Line: Ski Armadillo
sno-chalet-etoile-des-neiges,,Ski Armadillo,,,,,,5,,,,One of the most enjoyable parts of a catered chalet holiday is undoubtedly the food. This operator aims to create the perfect dinner party every night of the week. Their ...,,,,,,,,,,,,,,,,,,,,Ski Line,site-ski-line,,,2026-10-06,Ski Line: https://www.skiline.co.uk/ski-holidays/france/meribel/chalet-etoile-des-neiges; range GBP 2582-3480 per-person; operator per Ski Line: Ski Armadillo
consensio-chalet-le-grenier,Chalet Le Grenier,Consensio,Méribel,Les 3 Vallées,France,,12,,,chalet,catered,This chalet is sold on an 'Ultimate Catered Chalet' basis. To find out more about what is included in an Ultimate Catered Chalet please click on the 'Catering' section below. ...,private (location not stated),yes,"fireplace, resort driver/minibus",,yes,Sunday,3532,per-person,GBP,exact-week,2837,3532,,"accommodation + board, no travel (Ski Line)",yes,,,"Chalet Le Grenier is a stunning chalet, situated in the Morel region in the heart of Méribel. It’s enviably located just across the road from the Morel chairlift and the Hulotte piste allowing direct access to the pistes. The chalet ...",https://www.skiline.co.uk/ski-holidays/france/meribel/chalet-le-grenier,Ski Line,site-ski-line,5,chalets/images/consensio-chalet-le-grenier/,2026-10-06,20 Mar price from Ski Line (Independent Travel); hot tub per Ski Line facility flag; Ski Line prices GBP pp; Ski Line resort 'Meribel'
alpine-escape-chalet-indiana,Chalet Indiana,Alpine Escape,Méribel,Les 3 Vallées,France,,12,2,,chalet,catered,"A luxury catered chalet holiday should revolve around three things (aside from amazing skiing!) – gorgeous chalets, slick service and food with the wow factor. In each of our catered ...",private-outdoor,yes,fireplace,,unknown,Saturday,,per-person,GBP,season-range,833,3170,,"accommodation + board, no travel (Ski Line)",unknown,,,We are really excited to introduce Chalet Indiana which borders the forest at the end of the exclusive ‘Dou du Pont’ area and overlooks Meribel. There are few chalets that rival its prime location. Sympathetically refurbished and extended over the ...,https://www.skiline.co.uk/ski-holidays/france/meribel/chalet-indiana,Ski Line,site-ski-line,5,chalets/images/alpine-escape-chalet-indiana/,2026-10-06,no 20/21 Mar 2027 departure in Ski Line price list; hot tub per Ski Line facility flag; Ski Line prices GBP pp; Ski Line resort 'Meribel'
alpine-escape-apartment-la-neva,Apartment La Neva,Alpine Escape,Méribel,Les 3 Vallées,France,,4,,,chalet,self-catered,self-catered,private-outdoor,no,,,unknown,Saturday,,per-person,GBP,season-range,750,1100,,"accommodation + board, no travel (Ski Line)",unknown,,,"This newly built (and adjoining Chalet Indiana), La Neva is a stand alone apartment with unbeatable views across the ski pistes and the resort of Meribel. La Neva boasts 2 generous fully ensuite bedrooms and a large open plan lounge ...",https://www.skiline.co.uk/ski-holidays/france/meribel/apartment-la-neva,Ski Line,site-ski-line,2,chalets/images/alpine-escape-apartment-la-neva/,2026-10-06,no 20/21 Mar 2027 departure in Ski Line price list; hot tub per Ski Line facility flag; Ski Line prices GBP pp; Ski Line resort 'Meribel'
sno-chalet-tourterelle,,Ski France,,,,,,5,,,,self-catered,,,,,,,,,,,,,,,,,,,,Ski Line,site-ski-line,,,2026-10-06,Ski Line: https://www.skiline.co.uk/ski-holidays/france/meribel/chalet-tourterelle; range GBP 562-1387 per-person; operator per Ski Line: Ski France
inghams-residence-lhevana,Residence L’Hevana,Inghams,Méribel,Les 3 Vallées,France,,6,,,apartment,self-catered,self-catered,shared,yes,"pool, steam room",,unknown,Saturday,1089,per-person,GBP,exact-week,808,2009,,mixed: some departures include travel,yes,,,"Résidence L'Hévana is an exciting new property opening in Méribel for the winter 2019/20 ski season! The residence boasts modern, well equipped apartments with a beautiful alpine style interior and all apartments have a balcony or terrace to enjoy the ...",https://www.skiline.co.uk/ski-holidays/france/meribel/residence-lhevana,Ski Line,site-ski-line,5,chalets/images/inghams-residence-lhevana/,2026-10-06,"20 Mar price from Ski Line (London St. Pancras (rail), One Bedroom Apartment,PB or PS, WC); Ski Line prices GBP pp; Ski Line resort 'Meribel'"
sno-chalet-bergeronnette,,Ski Armadillo,,,,,,,,,,self-catered,,,,,,,,,,,,,,,,,,,,Ski Line,site-ski-line,,,2026-10-06,Ski Line: https://www.skiline.co.uk/ski-holidays/france/meribel/chalet-bergeronnette-self-catered; 20 Mar GBP 1265 per-person; range GBP 1265-1416 per-person; available 20 Mar: yes; operator per Ski Line: Ski Armadillo
sno-chalet-etoile-des-neiges,,Ski Armadillo,,,,,,5,,,,self-catered,,,,,,,,,,,,,,,,,,,,Ski Line,site-ski-line,,,2026-10-06,Ski Line: https://www.skiline.co.uk/ski-holidays/france/meribel/chalet-etoile-des-neiges-self-catered; range GBP 1481-2379 per-person; operator per Ski Line: Ski Armadillo
consensio-apartment-champlain,Apartment Champlain,Consensio,Méribel,Les 3 Vallées,France,,6,,,chalet,self-catered,self-catered,none,no,,,yes,Saturday,1583,per-person,GBP,exact-week,1583,2500,,"accommodation + board, no travel (Ski Line)",yes,,,"Located in the prestigious Le Bois des Ours residence at the Rond-Point des Pistes, Champlain offers an exceptional alpine retreat in the heart of Méribel. This luxurious serviced apartment seamlessly blends contemporary elegance with traditional chalet charm, providing an unrivalled ...",https://www.skiline.co.uk/ski-holidays/france/meribel/apartment-champlain,Ski Line,site-ski-line,5,chalets/images/consensio-apartment-champlain/,2026-10-06,20 Mar price from Ski Line (Independent Travel); Ski Line prices GBP pp; Ski Line resort 'Meribel'
sno-chalet-marilaine,,Ski World,,,,,,,,,,,,,,,,,,,,,,,,,,,,,,Ski Line,site-ski-line,,,2026-10-06,Ski Line: https://www.skiline.co.uk/ski-holidays/france/meribel/chalet-marilaine; range GBP 1739-1979 per-person; operator per Ski Line: Ski World
ski-armadillo-cheval-blanc-self-catered,Cheval Blanc (Self-Catered),Ski Armadillo,Méribel,Les 3 Vallées,France,,14,7,,chalet,self-catered,self-catered,none,no,"pool, fireplace",100,unknown,Sunday,2031,per-person,GBP,exact-week,1841,3493,,"accommodation + board, no travel (Ski Line)",yes,,,"Chalet Cheval Blanc is a 450sqm retreat that redefines Alpine luxury with character and glamour. Traditional woodwork is complemented by decorative stone flooring and thoughtful design details, creating a space full of charm and sophistication. Each bedroom holds its own ...",https://www.skiline.co.uk/ski-holidays/france/meribel/cheval-blanc-self-catered,Ski Line,site-ski-line,5,chalets/images/ski-armadillo-cheval-blanc-self-catered/,2026-10-06,20 Mar price from Ski Line (Independent Travel); Ski Line prices GBP pp; Ski Line resort 'Meribel'
consensio-apartment-jossane,Apartment Jossane,Consensio,Méribel,Les 3 Vallées,France,,4,2,,chalet,self-catered,self-catered,none,no,fireplace,,unknown,Saturday,,per-person,GBP,season-range,1893,3728,,"accommodation + board, no travel (Ski Line)",unknown,,,"Inspired by the Cantonese words for Hello (Jo San), this authentically Alpine luxury apartment is welcoming by both its name and the warm and inviting interior design. Apartment Jossane comfortably sleeps four adults and four children in two double bedrooms ...",https://www.skiline.co.uk/ski-holidays/france/meribel/apartment-jossane,Ski Line,site-ski-line,5,chalets/images/consensio-apartment-jossane/,2026-10-06,no 20/21 Mar 2027 departure in Ski Line price list; Ski Line prices GBP pp; Ski Line resort 'Meribel'
sno-chalet-lorchidee,,Bramble Ski,,,,,,,,,,self-catered,,,,,,,,,,,,,,,,,,,,Ski Line,site-ski-line,,,2026-10-06,Ski Line: https://www.skiline.co.uk/ski-holidays/france/meribel/chalet-lorchidee-2; 20 Mar GBP 2128 per-person; range GBP 1961-2994 per-person; available 20 Mar: yes; operator per Ski Line: Bramble Ski
sno-chalet-la-varappe,,Purple Ski,,,,,,,,,,,,,,,,,,,,,,,,,,,,,,Ski Line,site-ski-line,,,2026-10-06,Ski Line: https://www.skiline.co.uk/ski-holidays/france/meribel/chalet-la-varappe; 20 Mar GBP 2709 per-person; range GBP 2292-4492 per-person; available 20 Mar: yes; operator per Ski Line: Purple Ski
sno-chalet-elegie,,Ski Armadillo,,,,,,6,,,,,,,,,,,,,,,,,,,,,,,,Ski Line,site-ski-line,,,2026-10-06,Ski Line: https://www.skiline.co.uk/ski-holidays/france/meribel/chalet-elegie-self-catered; 20 Mar GBP 2737 per-person; range GBP 2530-3991 per-person; available 20 Mar: yes; operator per Ski Line: Ski Armadillo
purple-ski-chalet-pierre,Chalet Pierre,Purple Ski,Méribel,Les 3 Vallées,France,,14,5,,chalet,catered,"Beautiful food and wine are central to this operator's experience. After a long day on the slopes, what can be better than sharing your adventures with friends and family over ...",private-indoor,yes,fireplace,,yes,Sunday,3140,per-person,GBP,exact-week,2784,6212,,"accommodation + board, no travel (Ski Line)",yes,,sno-chalet-pierre-meribel;sno-chalet-pierre,"Every detail of Chalet Pierre has been considered to ensure the perfect ski holiday. Constructed in 2026 to the highest possible standards, it combines natural materials, carefully chosen furnishings, and a subtle use of colour and texture to create a ...",https://www.skiline.co.uk/ski-holidays/france/meribel/chalet-pierre-2,Ski Line,site-ski-line,5,chalets/images/purple-ski-chalet-pierre/,2026-10-06,20 Mar price from Ski Line (Independent Travel); hot tub per Ski Line facility flag; Ski Line prices GBP pp; Ski Line resort 'Meribel'
purple-ski-chalet-iona,Chalet Iona,Purple Ski,Méribel,Les 3 Vallées,France,,10,5,,chalet,catered,"Beautiful food and wine are central to this operator's experience. After a long day on the slopes, what can be better than sharing your adventures with friends and family over ...",private-outdoor,yes,"fireplace, resort driver/minibus",,unknown,Sunday,,per-person,GBP,season-range,2898,5955,,"accommodation + board, no travel (Ski Line)",unknown,,,"Set in its own secluded orchards, with breath-taking views from full height windows across 13 pretty villages and settlements stretching towards the Vanoise National Park and the magnificent Grand Bec mountain rising 3400 metres to the east and with the ...",https://www.skiline.co.uk/ski-holidays/france/meribel/chalet-iona,Ski Line,site-ski-line,5,chalets/images/purple-ski-chalet-iona/,2026-10-06,no 20/21 Mar 2027 departure in Ski Line price list; hot tub per Ski Line facility flag; Ski Line prices GBP pp; Ski Line resort 'Meribel'
ski-armadillo-cheval-blanc-catered,Cheval Blanc (Catered),Ski Armadillo,Méribel,Les 3 Vallées,France,,14,7,,chalet,catered,One of the most enjoyable parts of a catered chalet holiday is undoubtedly the food. This operator aims to create the perfect dinner party every night of the week. Their ...,none,no,"pool, fireplace",100,yes,Sunday,3290,per-person,GBP,exact-week,3080,5027,,"accommodation + board, no travel (Ski Line)",yes,,,"Chalet Cheval Blanc is a 450sqm retreat that redefines Alpine luxury with character and glamour. Traditional woodwork is complemented by decorative stone flooring and thoughtful design details, creating a space full of charm and sophistication. Each bedroom holds its own ...",https://www.skiline.co.uk/ski-holidays/france/meribel/cheval-blanc,Ski Line,site-ski-line,5,chalets/images/ski-armadillo-cheval-blanc-catered/,2026-10-06,20 Mar price from Ski Line (Independent Travel); Ski Line prices GBP pp; Ski Line resort 'Meribel'
sno-chalet-foinsbois,,Purple Ski,,,,,,,,,,,,,,,,,,,,,,,,,,,,,,Ski Line,site-ski-line,,,2026-10-06,Ski Line: https://www.skiline.co.uk/ski-holidays/france/meribel/chalet-foinsbois; 20 Mar GBP 3210 per-person; range GBP 3134-5772 per-person; available 20 Mar: yes; operator per Ski Line: Purple Ski
sno-chalet-lapin-blanc,,Purple Ski,,,,,,,,,,,,,,,,,,,,,,,,,,,,,,Ski Line,site-ski-line,,,2026-10-06,Ski Line: https://www.skiline.co.uk/ski-holidays/france/meribel/chalet-lapin-blanc; range GBP 3350-4176 per-person; operator per Ski Line: Purple Ski
consensio-chalet-montclair,Chalet Montclair,Consensio,Méribel,Les 3 Vallées,France,,12,6,,chalet,catered,This operator prides itself on its professional and approachable staff; handpicked and rigorously trained to maintain exceptional levels of bespoke service they are known for and the luxurious chalets and ...,none,yes,"pool, fireplace, private chauffeur",,unknown,Sunday,4236,per-person,GBP,exact-week,3402,6422,,"accommodation + board, no travel (Ski Line)",yes,,,"Chalet Montclair is a brand new, stunning chalet located on the Route de la Renarde, close to Méribel Centre and the main ski village. Surrounded by forest and mountain scenery and within easy reach of the slopes, the chalet offers ...",https://www.skiline.co.uk/ski-holidays/france/meribel/chalet-montclair,Ski Line,site-ski-line,5,chalets/images/consensio-chalet-montclair/,2026-10-06,20 Mar price from Ski Line (Independent Travel); Ski Line prices GBP pp; Ski Line resort 'Meribel'
sno-chalet-elegie,,Ski Armadillo,,,,,,6,,,,,,,,,,,,,,,,,,,,,,,,Ski Line,site-ski-line,,,2026-10-06,Ski Line: https://www.skiline.co.uk/ski-holidays/france/meribel/chalet-elegie; 20 Mar GBP 3853 per-person; range GBP 3754-5076 per-person; available 20 Mar: yes; operator per Ski Line: Ski Armadillo
sno-chalet-altius,,Bramble Ski,,,,,,,,,,This luxury chalet will be staffed by a team of seasoned winter professionals who have been trained to understand the subtle details that make a holiday exceptional and unforgettable. The ...,,,,,,,,,,,,,,,,,,,,Ski Line,site-ski-line,,,2026-10-06,Ski Line: https://www.skiline.co.uk/ski-holidays/france/meribel/chalet-altius; range GBP 3905-7188 per-person; operator per Ski Line: Bramble Ski
sno-chalet-harmony,,Purple Ski,,,,,,1,,,,"Beautiful food and wine are central to this operator's experience. After a long day on the slopes, what can be better than sharing your adventures with friends and family over ...",,,,,,,,,,,,,,,,,,,,Ski Line,site-ski-line,,,2026-10-06,Ski Line: https://www.skiline.co.uk/ski-holidays/france/meribel/chalet-harmony; range GBP 3930-5620 per-person; operator per Ski Line: Purple Ski
ski-armadillo-chalet-himalaya-catered,Chalet Himalaya (Catered),Ski Armadillo,Méribel,Les 3 Vallées,France,,15,2,,chalet,catered,One of the most enjoyable parts of a catered chalet holiday is undoubtedly the food. This operator aims to create the perfect dinner party every night of the week. Their ...,private-outdoor,no,"pool, fireplace",,unknown,Sunday,5223,per-person,GBP,exact-week,4850,8214,,"accommodation + board, no travel (Ski Line)",yes,,,"Arranged over approximately 720 sqm and four levels, Chalet Himalaya balances scale with clarity. An internal lift connects each floor, allowing the spaces to flow with ease. Four master suites, two double bedrooms, one dormitory. Each bedroom is finished with ...",https://www.skiline.co.uk/ski-holidays/france/meribel/chalet-himalaya-2,Ski Line,site-ski-line,5,chalets/images/ski-armadillo-chalet-himalaya-catered/,2026-10-06,20 Mar price from Ski Line (Independent Travel); Ski Line prices GBP pp; Ski Line resort 'Meribel'
sno-mont-tremblant,,Haute Montagne,,,,,,,,,,,,,,,,,,,,,,,,,,,,,,Ski Line,site-ski-line,,,2026-10-06,Ski Line: https://www.skiline.co.uk/ski-holidays/france/meribel/mont-tremblant; 20 Mar GBP 5087 per-person; range GBP 4997-10840 per-person; available 20 Mar: yes; operator per Ski Line: Haute Montagne
haute-montagne-domaine-de-lorme,Domaine de l’Orme,Haute Montagne,Méribel,Les 3 Vallées,France,,12,6,,chalet,catered,,private-outdoor,no,"pool, steam room, fireplace, private chauffeur",,unknown,Sunday,6697,per-person,GBP,exact-week,6277,14759,,"accommodation + board, no travel (Ski Line)",yes,,,"Entering the chalet on the ground floor, you will be welcomed by the warm and inviting living space. A statement chandelier is the focal point of the space, but the vast windows occupying the whole wall draw the eye outside ...",https://www.skiline.co.uk/ski-holidays/france/meribel/domaine-de-lorme,Ski Line,site-ski-line,5,chalets/images/haute-montagne-domaine-de-lorme/,2026-10-06,20 Mar price from Ski Line (Independent Travel); hot tub per Ski Line facility flag; Ski Line prices GBP pp; Ski Line resort 'Meribel'
skiline-chalet-azalee,Chalet Azalee,,,,,,10,5,,chalet,catered,"A catered ski chalet is a home-style ski holiday accommodation. Packages usually include flights, airport transfers, breakfast, afternoon tea and 3 or 4-course evening meals. Dinner also includes unlimited wine ...",none,no,fireplace,,unknown,,,,,quote-needed,,,,,unknown,,,"Chalet Azalee, is nestled away from the noise of the main road, yet only 5 minutes to the Morel chairlift, and with the ability to ski back to the front door (not total beginners). Situated at the epicentre of the ...",https://www.skiline.co.uk/ski-holidays/france/meribel/chalet-azalee-2,Ski Line,site-ski-line,5,chalets/images/skiline-chalet-azalee/,2026-10-06,no 20/21 Mar 2027 departure in Ski Line price list; operator not named (Ski Line sitemap-only page); sitemap-only (not in Ski Line search)
skiline-chalet-virage,Chalet Virage,,,,,,15,,,chalet,catered,"A catered ski chalet is a home-style ski holiday accommodation. Packages usually include flights, airport transfers, breakfast, afternoon tea and 3 or 4-course evening meals. Dinner also includes unlimited wine ...",private-outdoor,no,fireplace,,unknown,,,,,quote-needed,,,,,unknown,,,"This stunning and roomy three-story chalet, with a truly enviable location in Meribel, offers panoramic views of the valley, and has been built with all ages in mind. In addition to the wonderful entertaining space of the open plan sitting ...",https://www.skiline.co.uk/ski-holidays/france/meribel/chalet-virage-2,Ski Line,site-ski-line,5,chalets/images/skiline-chalet-virage/,2026-10-06,no 20/21 Mar 2027 departure in Ski Line price list; operator not named (Ski Line sitemap-only page); sitemap-only (not in Ski Line search)
skiline-chalet-etienne,Chalet Etienne,,,,,,14,7,,chalet,self-catered,self-catered,private (location not stated),yes,fireplace,,unknown,,,,,quote-needed,,,,,unknown,,,"Chalet Etienne is a beautifully furnished property with seven bedrooms and space for up to fifteen guests, set in the picturesque resort of Meribel Village, just a short walk from the nearest ski lift. Given its size and location, this ...",https://www.skiline.co.uk/ski-holidays/france/meribel/chalet-etienne-2,Ski Line,site-ski-line,5,chalets/images/skiline-chalet-etienne/,2026-10-06,no 20/21 Mar 2027 departure in Ski Line price list; hot tub per Ski Line facility flag; operator not named (Ski Line sitemap-only page); sitemap-only (not in Ski Line search)
skiline-chalet-etienne-2,Chalet Etienne,,,,,,15,,,chalet,self-catered,self-catered,private-outdoor,yes,fireplace,,unknown,,,,,quote-needed,,,,,unknown,,,"What's Included Eurostar seat ✔ Transfers ✔ Accommodation ✔ Ski pass ✔ Chalet Etienne is located in Meribel Village, which has a center with a few places to eat and drink, a small supermarket, a bakery and easy access to ...",https://www.skiline.co.uk/ski-holidays/france/meribel/chalet-etienne,Ski Line,site-ski-line,5,chalets/images/skiline-chalet-etienne-2/,2026-10-06,no 20/21 Mar 2027 departure in Ski Line price list; hot tub per Ski Line facility flag; operator not named (Ski Line sitemap-only page); sitemap-only (not in Ski Line search)
icebreaker-castor,,,,,,,,,,,,,,,,,,,,,,,,,,,,,,,,Ski Line,site-ski-line,,,2026-10-06,Ski Line: https://www.skiline.co.uk/ski-holidays/france/meribel/chalet-castor
skiline-chalet-letagne,Chalet L’Etagne,,,,,,6,1,,chalet,self-catered,self-catered,none,no,fireplace,,unknown,,,,,quote-needed,,,,,unknown,,,"Le Chalet L'Etagne is located in the quiet area of Mussillon, 150 metres from the bus stop, approximately 600 metres from shopping facilities and restaurants, and 900 metres from the slopes. This charming mountain-adjacent chalet features on its first level ...",https://www.skiline.co.uk/ski-holidays/france/meribel/chalet-letagne,Ski Line,site-ski-line,5,chalets/images/skiline-chalet-letagne/,2026-10-06,no 20/21 Mar 2027 departure in Ski Line price list; operator not named (Ski Line sitemap-only page); sitemap-only (not in Ski Line search)
skiline-chalet-grillon,Chalet Grillon,,,,,,12,6,,chalet,self-catered,self-catered,none,no,,,unknown,,,,,quote-needed,,,,,unknown,,,"What's Included Eurostar seat ✔ Transfers ✔ Accommodation ✔ Ski pass ✔ CHALET GRILLON is located in meribel. 150m from the ski slopes. 1500m from the ski lifts. 600m from the resort center. 1500m from the ESF. Pleasant and comfortable, ...",https://www.skiline.co.uk/ski-holidays/france/meribel/chalet-grillon,Ski Line,site-ski-line,5,chalets/images/skiline-chalet-grillon/,2026-10-06,no 20/21 Mar 2027 departure in Ski Line price list; operator not named (Ski Line sitemap-only page); sitemap-only (not in Ski Line search)
skiline-le-chalet-de-meribel,Le Chalet De Meribel,,,,,,6,,,apartment,self-catered,self-catered,none,no,fireplace,,unknown,,,,,quote-needed,,,,,unknown,,,What's Included Eurostar seat ✔ Transfers ✔ Accommodation ✔ Ski pass ✔ The town centre is 10 m. the shops are 10 m. the ski school is 400 m. the slopes are 200 m. the train station is 17 Km. ...,https://www.skiline.co.uk/ski-holidays/france/meribel/le-chalet-de-meribel,Ski Line,site-ski-line,5,chalets/images/skiline-le-chalet-de-meribel/,2026-10-06,no 20/21 Mar 2027 departure in Ski Line price list; operator not named (Ski Line sitemap-only page); sitemap-only (not in Ski Line search)
skiline-chalet-marielaine,Chalet Marielaine,,,,,,7,,,chalet,self-catered,self-catered,private-outdoor,no,fireplace,,unknown,,,,,quote-needed,,,,,unknown,,,"What's Included Eurostar seat ✔ Transfers ✔ Accommodation ✔ Ski pass ✔ Chalet Marielaine is located on the resort's main road, just below the town centre. A free shuttle bus is located 100 meters from the chalet, for easy access ...",https://www.skiline.co.uk/ski-holidays/france/meribel/chalet-marielaine-2,Ski Line,site-ski-line,5,chalets/images/skiline-chalet-marielaine/,2026-10-06,no 20/21 Mar 2027 departure in Ski Line price list; hot tub per Ski Line facility flag; operator not named (Ski Line sitemap-only page); sitemap-only (not in Ski Line search)
skiline-chalet-genevrier,Chalet Genevrier,,,,,,8,4,,chalet,self-catered,self-catered,none,no,fireplace,,unknown,,,,,quote-needed,,,,,unknown,,,"What's Included Eurostar seat ✔ Transfers ✔ Accommodation ✔ Ski pass ✔ The town centre is 600 m. the shops are 550 m. the ski school is 1,40 Km. the slopes are 300 m. the train station is 18 Km. ...",https://www.skiline.co.uk/ski-holidays/france/meribel/chalet-genevrier,Ski Line,site-ski-line,5,chalets/images/skiline-chalet-genevrier/,2026-10-06,no 20/21 Mar 2027 departure in Ski Line price list; operator not named (Ski Line sitemap-only page); sitemap-only (not in Ski Line search)
skiline-apartments-ruisseau-de-la-renarde,Apartments Ruisseau De La Renarde,,,,,,11,,,chalet,self-catered,self-catered,none,no,,,unknown,,,,,quote-needed,,,,,unknown,,,"What's Included Eurostar seat ✔ Transfers ✔ Accommodation ✔ Ski pass ✔ 600 m from the city centre. 550 m from the the shops. 1,4 km from the ski school. 300 m from the ski slopes.Ruisseau Renarde chalet: semi-detached chalet ...",https://www.skiline.co.uk/ski-holidays/france/meribel/chalet-ruisseau-de-la-renarde,Ski Line,site-ski-line,5,chalets/images/skiline-apartments-ruisseau-de-la-renarde/,2026-10-06,no 20/21 Mar 2027 departure in Ski Line price list; operator not named (Ski Line sitemap-only page); sitemap-only (not in Ski Line search)
purple-ski-summer-chalet-iona-summer,Chalet Iona – Summer,Purple Ski - Summer,Méribel,Les 3 Vallées,France,,12,,,chalet,self-catered,self-catered,private-outdoor,yes,fireplace,,unknown,Saturday,,per-person,GBP,season-range,1606,1606,,"accommodation + board, no travel (Ski Line)",unknown,,,"Set in its own secluded orchards where the authentic hamlet of Le Villard gives way to thick mountain forest, Chalet Iona’s remarkable sense of space, peace, and comfort makes it a one-of-a-kind summer retreat. It is blessed with breathtaking views ...",https://www.skiline.co.uk/ski-holidays/france/meribel/chalet-iona-summer,Ski Line,site-ski-line,5,chalets/images/purple-ski-summer-chalet-iona-summer/,2026-10-06,no 20/21 Mar 2027 departure in Ski Line price list; Ski Line prices GBP pp; sitemap-only (not in Ski Line search); Ski Line resort 'Meribel'
sno-chalet-caro,,,,,,,,,,,,One of the most enjoyable parts of a catered chalet holiday is undoubtedly the food. This operator aims to create the perfect dinner party every night of the week. Their ...,,,,,,,,,,,,,,,,,,,,Ski Line,site-ski-line,,,2026-10-06,Ski Line: https://www.skiline.co.uk/ski-holidays/france/meribel/chalet-caro-catered
sno-chalet-haapiti,,,,,,,,,,,,self-catered,,,,,,,,,,,,,,,,,,,,Ski Line,site-ski-line,,,2026-10-06,Ski Line: https://www.skiline.co.uk/ski-holidays/france/meribel/chalet-haapiti-self-catered
crystal-grand-chalet-brides-les-bains,Grand Chalet Brides-Les-Bains,Crystal,Brides-les-Bains,Les 3 Vallées,France,,4,,,apartment,self-catered,self-catered,none,no,,,unknown,Saturday,671,per-person,GBP,exact-week,586,1198,,mixed: some departures include travel,yes,,,"Comfortable and great value, the Grand Chalet studios are located right in the centre of Brides-les-Bains, just a 3-minute walk from the main gondola, giving you access to the entire Three Valleys ski area. 3 minutes’ walk to the gondola. ...",https://www.skiline.co.uk/ski-holidays/france/brides-les-bains/le-grand-chalet-studios,Ski Line,site-ski-line,5,chalets/images/crystal-grand-chalet-brides-les-bains/,2026-10-06,"20 Mar price from Ski Line (London Gatwick, Studio - (price pp based on 2 sharing)); Ski Line prices GBP pp; Ski Line resort 'Brides les Bains'"
crystal-hotel-amelie,Hotel Amelie,Crystal,Brides-les-Bains,Les 3 Vallées,France,,80,,,hotel,half-board,,none,no,,,unknown,Saturday,876,per-person,GBP,exact-week,817,1209,,"flights, transfers + board (Ski Line package)",yes,,,"Hotel Amélie is in the centre of the small spa town of Brides-les-Bains, just a few minutes' walk from the main gondola. This popular pick is great value for money, bringing people back year after year. The bedrooms are traditional, ...",https://www.skiline.co.uk/ski-holidays/france/brides-les-bains/hotel-amelie,Ski Line,site-ski-line,5,chalets/images/crystal-hotel-amelie/,2026-10-06,"20 Mar price from Ski Line (London Gatwick, Superior Triple Room - (price pp based on 2 sharing)); Ski Line prices GBP pp; Ski Line resort 'Brides les Bains'"
crystal-hotel-la-vanoise-1825,Hotel La Vanoise 1825,Crystal,Brides-les-Bains,Les 3 Vallées,France,,40,,,hotel,half-board,,none,no,,,unknown,Saturday,890,per-person,GBP,exact-week,838,1194,,"flights, transfers + board (Ski Line package)",yes,,,"The Hotel La Vanoise 1825 has a vibrant and stylish look throughout. Centrally located in the small town of Brides-les-Bains, the hotel's a short walk from the Olympe gondola, which links up the famous resort of Méribel and the Three ...",https://www.skiline.co.uk/ski-holidays/france/brides-les-bains/hotel-la-vanoise-1825,Ski Line,site-ski-line,5,chalets/images/crystal-hotel-la-vanoise-1825/,2026-10-06,"20 Mar price from Ski Line (London Gatwick, Comfort Twin Room - (price pp based on 2 sharing)); Ski Line prices GBP pp; Ski Line resort 'Brides les Bains'"
skiline-grand-chalet,Grand Chalet,,,,,,5,,,apartment,self-catered,self-catered,none,no,,,unknown,,,,,quote-needed,,,,,unknown,,,"Just 200 metres from the gondola to Méribel and next door to the spa centre, shops and restaurants, these basic apartments were built specially for the 1992 Olympic Games and offer a low cost means by which to explore one ...",https://www.skiline.co.uk/ski-holidays/france/brides-les-bains/grand-chalet,Ski Line,site-ski-line,5,chalets/images/skiline-grand-chalet/,2026-10-06,no 20/21 Mar 2027 departure in Ski Line price list; operator not named (Ski Line sitemap-only page); sitemap-only (not in Ski Line search)
mark-warner-chalet-hotel-lecrin,Chalet Hotel L’Ecrin,Mark Warner,Tignes,Espace Killy (Tignes – Val d'Isère),France,,100,,,chalet-hotel,chalet-hotel,"Traditional Savoie style flows throughout the hotel's restaurant and bar. The new chef team, head to the Chalet Hotel L’Ecrin this winter armed with new menus laced with an exciting ...",yes-type-unknown,yes,"pool, fireplace",,unknown,Sunday,1599,per-person,GBP,exact-week,1019,2579,,"flights, transfers + board (Ski Line package)",yes,,,"Built from timber in the traditional Savoie style, our property in Tignes Val Claret oozes charm and tradition with its alpine interior, spa and swimming pool. At the heart of this inviting chalet hotel lies a large lounge with local ...",https://www.skiline.co.uk/ski-holidays/france/tignes/chalet-hotel-lecrin,Ski Line,site-ski-line,5,chalets/images/mark-warner-chalet-hotel-lecrin/,2026-10-06,20 Mar price from Ski Line (London Gatwick); hot tub per Ski Line facility flag; Ski Line prices GBP pp
travel-ski-apartments-bec-rouge,Apartments Bec Rouge,Travel Ski,Tignes,Espace Killy (Tignes – Val d'Isère),France,,9,,,apartment,self-catered,self-catered,none,no,,,yes,Saturday,,per-person,GBP,season-range,979,1699,,Eurostar/rail travel + board (Ski Line package),unknown,,,The town centre is 100 m. the shops are 100 m. the ski school is 300 m. the slopes are 10 m. the lake is 100 m. the train station is 35 Km. Ideally situated in the heart of the ...,https://www.skiline.co.uk/ski-holidays/france/tignes/apartments-bec-rouge,Ski Line,site-ski-line,5,chalets/images/travel-ski-apartments-bec-rouge/,2026-10-06,no 20/21 Mar 2027 departure in Ski Line price list; Ski Line prices GBP pp
travel-ski-apartments-pramecou,Apartments Pramecou,Travel Ski,Tignes,Espace Killy (Tignes – Val d'Isère),France,,4,,,apartment,self-catered,self-catered,none,no,,100,unknown,Saturday,,per-person,GBP,season-range,982,1690,,Eurostar/rail travel + board (Ski Line package),unknown,,,"Val Claret: Apartment block ""Le Pramecou"". In a quiet, sunny position, directly by the skiing area. In the complex: lift, central heating system. Shopping centre 200 m, restaurant, bar 100 m, bakery 200 m, indoor swimming pool 2 km. Sports ...",https://www.skiline.co.uk/ski-holidays/france/tignes/apartments-pramecou,Ski Line,site-ski-line,5,chalets/images/travel-ski-apartments-pramecou/,2026-10-06,no 20/21 Mar 2027 departure in Ski Line price list; Ski Line prices GBP pp
travel-ski-apartments-rosset,Apartments Rosset,Travel Ski,Tignes,Espace Killy (Tignes – Val d'Isère),France,,4,,,apartment,self-catered,self-catered,none,no,,,unknown,Saturday,,per-person,GBP,season-range,1000,1734,,Eurostar/rail travel + board (Ski Line package),unknown,,,"This residence is located in the Le Rosset area, close to the slopes, the ski school, the chairlifts, the children's village Les Marmottons, shopping facilities, and the Tourist Office. Outdoor or indoor parking is chargeable and compulsory in the resort. ...",https://www.skiline.co.uk/ski-holidays/france/tignes/apartments-rosset,Ski Line,site-ski-line,5,chalets/images/travel-ski-apartments-rosset/,2026-10-06,no 20/21 Mar 2027 departure in Ski Line price list; Ski Line prices GBP pp
travel-ski-hotel-voulezvous,Hotel Voulezvous,Travel Ski,Tignes,Espace Killy (Tignes – Val d'Isère),France,,4,,,hotel,half-board,,yes-type-unknown,yes,pool,200,unknown,,,,,quote-needed,,,,,unknown,,,"The VoulezVous de Tignes le Lac hotel is located in the heart of the Rosset district. Just 200 metres from the ski slopes and close to the first shops. On site, the hotel offers a spa with a whirlpool, sauna, ...",https://www.skiline.co.uk/ski-holidays/france/tignes/hotel-voulezvous,Ski Line,site-ski-line,5,chalets/images/travel-ski-hotel-voulezvous/,2026-10-06,no 20/21 Mar 2027 departure in Ski Line price list; Ski Line hot-tub flag on a residence/hotel: probably shared spa (pass2: hot tub type)
travel-ski-residence-club-mmv-laltaviva,Residence Club MMV L’Altaviva,Travel Ski,Tignes,Espace Killy (Tignes – Val d'Isère),France,,8,,,apartment,self-catered,self-catered,yes-type-unknown,yes,"pool, fireplace",,unknown,,,,,quote-needed,,,,,unknown,,,The MMV L'Altaviva 4* club residence opened its doors in December 2018 in the resort of Tignes. This resort is located in one of the most beautiful ski areas in the world and offers 156 slopes. The residence is located ...,https://www.skiline.co.uk/ski-holidays/france/tignes/residence-club-mmv-laltaviva,Ski Line,site-ski-line,5,chalets/images/travel-ski-residence-club-mmv-laltaviva/,2026-10-06,no 20/21 Mar 2027 departure in Ski Line price list; Ski Line hot-tub flag on a residence/hotel: probably shared spa (pass2: hot tub type)
travel-ski-hotel-les-campanules,Hotel Les Campanules,Travel Ski,Tignes,Espace Killy (Tignes – Val d'Isère),France,,200,,,hotel,half-board,,yes-type-unknown,yes,pool,,unknown,,,,,quote-needed,,,,,unknown,,,"The 4* Hotel Les Campanules is a charming and traditional family hotel located 200 metres from the slopes, in the heart of the Rosset district. Close to the first shops. The 29 rooms all have wifi and television in an ...",https://www.skiline.co.uk/ski-holidays/france/tignes/hotel-les-campanules-2,Ski Line,site-ski-line,5,chalets/images/travel-ski-hotel-les-campanules/,2026-10-06,no 20/21 Mar 2027 departure in Ski Line price list; Ski Line hot-tub flag on a residence/hotel: probably shared spa (pass2: hot tub type)
travel-ski-apartment-le-hameau-du-borsat,Apartment Le Hameau du Borsat,Travel Ski,Tignes,Espace Killy (Tignes – Val d'Isère),France,,4,,,apartment,self-catered,self-catered,none,no,,,unknown,Saturday,,per-person,GBP,season-range,1013,1747,,Eurostar/rail travel + board (Ski Line package),unknown,,,"Val Claret: Residence ""Le Hameau du Borsat"". Directly by the skiing area. In the complex: lift, storage room for skis, central heating system. Shop, grocery, restaurant 50 m, bakery 20 m, indoor swimming pool 800 m. Sports centre 800 m, ...",https://www.skiline.co.uk/ski-holidays/france/tignes/apartment-le-hameau-du-borsat,Ski Line,site-ski-line,5,chalets/images/travel-ski-apartment-le-hameau-du-borsat/,2026-10-06,no 20/21 Mar 2027 departure in Ski Line price list; Ski Line prices GBP pp
travel-ski-hotel-club-mmv-tignes-les-brevieres,Hotel Club MMV Tignes Les Brevieres,Travel Ski,Tignes,Espace Killy (Tignes – Val d'Isère),France,,150,,,,,,private (location not stated),yes,steam room,,unknown,Saturday,,per-person,GBP,season-range,1733,2670,,Eurostar/rail travel + board (Ski Line package),unknown,,,The Village Club MMV les Brévières is classified as a 4* Village Vacances and is located in the heart of the traditional Savoyard village of Tignes les Brévières. It is 600 metres from the slopes and ski lifts. The ski ...,https://www.skiline.co.uk/ski-holidays/france/tignes/hotel-club-mmv-tignes-les-brevieres-71-package,Ski Line,site-ski-line,5,chalets/images/travel-ski-hotel-club-mmv-tignes-les-brevieres/,2026-10-06,Ski Line board 'Hotel Full Board'; no 20/21 Mar 2027 departure in Ski Line price list; Ski Line prices GBP pp
allchalets-chalet-triglav,,,,,,,,,,,,"In our catered chalets, we really do pride ourselves on the quality of our food and catering. We love food. We are all very much foodies here. That is why ...",,,,50,,,,,,,,,,,,,,,,Ski Line,site-ski-line,,,2026-10-06,Ski Line: https://www.skiline.co.uk/ski-holidays/france/tignes/chalet-triglav; range GBP 917-2167 per-person
buildmyskitrip-chalet-chardonnet,Chalet Chardonnet,Buildmyskitrip,Tignes,Espace Killy (Tignes – Val d'Isère),France,,19,7,,chalet,catered,"In our catered chalets, we really do pride ourselves on the quality of our food and catering. We love food. We are all very much foodies here. That is why ...",private-outdoor,yes,fireplace,,unknown,Saturday,,per-person,GBP,season-range,921,2105,,"accommodation + board, no travel (Ski Line)",unknown,,,"Chalet Chardonnet is currently undergoing a complete renovation, transforming it into one of the most exciting luxury catered chalets in Tignes Le Lac. The images shown are CGI renders, offering a preview of the design, layout and finish guests can ...",https://www.skiline.co.uk/ski-holidays/france/tignes/chalet-chardonnet,Ski Line,site-ski-line,5,chalets/images/buildmyskitrip-chalet-chardonnet/,2026-10-06,no 20/21 Mar 2027 departure in Ski Line price list; hot tub per Ski Line facility flag; Ski Line prices GBP pp
buildmyskitrip-chalet-armoise,Chalet Armoise,Buildmyskitrip,Tignes,Espace Killy (Tignes – Val d'Isère),France,,14,7,,chalet,catered,,private-outdoor,no,,,unknown,Saturday,,per-person,GBP,season-range,643,1429,,"accommodation + board, no travel (Ski Line)",unknown,,,"Chalet Armoise is a 14-bed catered chalet with a private out-door hot tub, located in Tignes Val Claret. The chalet is just a 6-7 min walk to piste or just 1 minute on the free resort shuttle bus, which stops ...",https://www.skiline.co.uk/ski-holidays/france/tignes/chalet-armoise,Ski Line,site-ski-line,5,chalets/images/buildmyskitrip-chalet-armoise/,2026-10-06,no 20/21 Mar 2027 departure in Ski Line price list; hot tub per Ski Line facility flag; Ski Line prices GBP pp
buildmyskitrip-chalet-artayma,Chalet Artayma,Buildmyskitrip,Tignes,Espace Killy (Tignes – Val d'Isère),France,,15,7,,chalet,catered,"In our catered chalets, we really do pride ourselves on the quality of our food and catering. We love food. We are all very much foodies here. That is why ...",private-outdoor,yes,fireplace,,unknown,Saturday,1467,per-person,GBP,exact-week,900,2667,,"accommodation + board, no travel (Ski Line)",yes,,,"Welcome to our Catered Chalet Artayma, your luxurious catered chalet situated in Tignes Le Lavachet. This newly built chalet accommodates up to 15 guests in 7 ensuite bedrooms, offering an indulgent and exclusive ski holiday experience. Step inside and be ...",https://www.skiline.co.uk/ski-holidays/france/tignes/chalet-artayma,Ski Line,site-ski-line,5,chalets/images/buildmyskitrip-chalet-artayma/,2026-10-06,20 Mar price from Ski Line (Independent Travel); hot tub per Ski Line facility flag; Ski Line prices GBP pp
sno-chalet-raoul,,Le Ski,,,,,,,,chalet,,,,,fireplace,,,,,,,,,,,,,,,,,Ski Line,site-ski-line,,,2026-10-06,Ski Line: https://www.skiline.co.uk/ski-holidays/france/tignes/chalet-raoul; range GBP 918-2553 per-person; operator per Ski Line: Le Ski
buildmyskitrip-chalet-arolla,Chalet Arolla,Buildmyskitrip,Tignes,Espace Killy (Tignes – Val d'Isère),France,,18,7,,chalet,catered,This operator really do pride themselves on the quality of their food and catering. They love food. They are all very much foodies here. That is why their entire ethos ...,private (location not stated),yes,fireplace,,yes,Saturday,,per-person,GBP,season-range,964,2071,,"accommodation + board, no travel (Ski Line)",unknown,,,"Catered Chalet Arolla in Tignes, France is a beautifully designed luxury catered chalet and an exciting new addition to our France catered chalets for the 2026/27 ski season. Perfectly positioned ski-in / ski-out at 2,100 metres, this exceptional Tignes chalet ...",https://www.skiline.co.uk/ski-holidays/france/tignes/chalet-arolla-2,Ski Line,site-ski-line,5,chalets/images/buildmyskitrip-chalet-arolla/,2026-10-06,no 20/21 Mar 2027 departure in Ski Line price list; hot tub per Ski Line facility flag; Ski Line prices GBP pp
mmv-hotels-residence-club-laltaviva,Residence Club L’Altaviva,MMV Hotels,Tignes,Espace Killy (Tignes – Val d'Isère),France,,8,,,apartment,self-catered,self-catered,yes-type-unknown,yes,"pool, fireplace",,yes,Saturday,344,per-person,GBP,exact-week,193,798,,"accommodation + board, no travel (Ski Line)",yes,,,"Upon arrival at the Altaviva, you'll be charmed by the spacious, modern, cozy, and welcoming living room, with its fireplace and sofas that invite you to relax. The same warm atmosphere can be found on the beautiful sunny terrace of ...",https://www.skiline.co.uk/ski-holidays/france/tignes/residence-club-laltaviva,Ski Line,site-ski-line,5,chalets/images/mmv-hotels-residence-club-laltaviva/,2026-10-06,20 Mar price from Ski Line (Independent Travel); Ski Line prices GBP pp; Ski Line hot-tub flag on a residence/hotel: probably shared spa (pass2: hot tub type)
club-med-club-med-tignes,Club Med Tignes,Club Med,Tignes,Espace Killy (Tignes – Val d'Isère),France,,200,2,,,,,private-outdoor,no,"pool, fireplace, childcare",,yes,flexible,,per-person,GBP,season-range,1876,3460,,"accommodation + board, no travel (Ski Line)",unknown,,,"In the centre of the liveliest part of the Tignes ski resort, in Val Claret, the new Club Med Tignes Resort brings sparkle to the mountains. Here, sport and adrenalin come together in this amazing ski area suited to every ...",https://www.skiline.co.uk/ski-holidays/france/tignes/club-med-tignes,Ski Line,site-ski-line,5,chalets/images/club-med-club-med-tignes/,2026-10-06,Ski Line board 'All Inclusive'; no 20/21 Mar 2027 departure in Ski Line price list; Ski Line prices GBP pp
inghams-hameau-du-borsat-apartments,Hameau du Borsat Apartments,Inghams,Tignes,Espace Killy (Tignes – Val d'Isère),France,,4,,,apartment,self-catered,self-catered,none,no,,200,partial,Saturday,,per-person,GBP,season-range,639,1199,,"flights, transfers + board (Ski Line package)",unknown,,,The Hameau du Borsat apartments are well located with skiing to the doorstep and a selection of bars and restaurants nearby. They are ideal for keen skiers who want good value accommodation without any frills but with convenience of immediate ...,https://www.skiline.co.uk/ski-holidays/france/tignes/hameau-du-borsat-apartments,Ski Line,site-ski-line,5,chalets/images/inghams-hameau-du-borsat-apartments/,2026-10-06,no 20/21 Mar 2027 departure in Ski Line price list; Ski Line prices GBP pp
inghams-residence-boutique-lodge-des-neiges,Residence Boutique Lodge des Neiges,Inghams,Tignes,Espace Killy (Tignes – Val d'Isère),France,,8,,,apartment,self-catered,self-catered,yes-type-unknown,yes,"pool, steam room",,partial,Saturday,859,per-person,GBP,exact-week,639,1589,,"flights, transfers + board (Ski Line package)",yes,,,"These five star Savoyard style apartments benefit from having a prime position in Tignes 1800, snap on your skis at the start of the day and enjoy exploring the Tignes-Val d'Isere Ski Area. When you return, head down the blue ...",https://www.skiline.co.uk/ski-holidays/france/tignes/residence-boutique-lodge-des-neiges,Ski Line,site-ski-line,5,chalets/images/inghams-residence-boutique-lodge-des-neiges/,2026-10-06,"20 Mar price from Ski Line (London Gatwick, Three Bedroom Apartment,PB or PS, WC); hot tub per Ski Line facility flag; Ski Line prices GBP pp; Ski Line hot-tub flag on a residence/hotel: probably shared spa (pass2: hot tub type)"
inghams-residence-la-ferme-du-val-claret,Residence La Ferme du Val Claret,Inghams,Tignes,Espace Killy (Tignes – Val d'Isère),France,,8,,,apartment,self-catered,self-catered,yes-type-unknown,yes,"pool, steam room",,unknown,Saturday,,per-person,GBP,season-range,669,1529,,"flights, transfers + board (Ski Line package)",unknown,,,"Located in the heart of Tignes Val Claret, these welcoming apartments are the perfect base for your ski holiday. The warm décor and perfect location provide you with a home away from home for your week in the mountains. Ski-in, ...",https://www.skiline.co.uk/ski-holidays/france/tignes/residence-la-ferme-du-val-claret,Ski Line,site-ski-line,5,chalets/images/inghams-residence-la-ferme-du-val-claret/,2026-10-06,no 20/21 Mar 2027 departure in Ski Line price list; hot tub per Ski Line facility flag; Ski Line prices GBP pp; Ski Line hot-tub flag on a residence/hotel: probably shared spa (pass2: hot tub type)
inghams-residence-le-telemark-apartments,Residence Le Telemark Apartments,Inghams,Tignes,Espace Killy (Tignes – Val d'Isère),France,,12,,,apartment,self-catered,self-catered,yes-type-unknown,yes,"pool, steam room",,yes,Saturday,,per-person,GBP,season-range,729,1629,,"flights, transfers + board (Ski Line package)",unknown,,,"These luxury apartments offer the last word in comfort and facilities! Ski straight to the door and unwind after a day on the mountain in the sumptuous spa and swimming pool complex, complete with jacuzzi, sauna and Turkish bath. Furnished ...",https://www.skiline.co.uk/ski-holidays/france/tignes/residence-le-telemark-apartments,Ski Line,site-ski-line,4,chalets/images/inghams-residence-le-telemark-apartments/,2026-10-06,no 20/21 Mar 2027 departure in Ski Line price list; hot tub per Ski Line facility flag; Ski Line prices GBP pp; Ski Line hot-tub flag on a residence/hotel: probably shared spa (pass2: hot tub type)
inghams-village-montana-apartments,Village Montana Apartments,Inghams,Tignes,Espace Killy (Tignes – Val d'Isère),France,,10,,,apartment,self-catered,self-catered,yes-type-unknown,yes,"pool, steam room",,yes,Saturday,916,per-person,GBP,exact-week,744,1780,,"flights, transfers + board (Ski Line package)",yes,,,"Spread across five cosy buildings, Village Montana Apartments sit right on the snow - with some even perched directly on the edge of the slopes. This prime location lets you jump straight into the world-class Tignes-Val d'Isere ski area each ...",https://www.skiline.co.uk/ski-holidays/france/tignes/village-montana-apartments,Ski Line,site-ski-line,5,chalets/images/inghams-village-montana-apartments/,2026-10-06,"20 Mar price from Ski Line (London Gatwick, Two Bedroom Apartment,PB, WC, BA); hot tub per Ski Line facility flag; Ski Line prices GBP pp; Ski Line hot-tub flag on a residence/hotel: probably shared spa (pass2: hot tub type)"
sno-chalet-sarah,,Ski World,,,,,,,,,,,,,,,,,,,,,,,,,,,,,,Ski Line,site-ski-line,,,2026-10-06,Ski Line: https://www.skiline.co.uk/ski-holidays/france/tignes/chalet-sarah; range GBP 765-1699 per-person; operator per Ski Line: Ski World
crystal-laltaviva-apartments,L’Altaviva Apartments,Crystal,Tignes,Espace Killy (Tignes – Val d'Isère),France,,8,,,apartment,self-catered,self-catered,yes-type-unknown,yes,"pool, steam room, fireplace",,unknown,Saturday,,per-person,GBP,season-range,774,2166,,"flights, transfers + board (Ski Line package)",unknown,,,"Self-cater on your ski trip to Tignes at the L’Altaviva Apartments – a piste-side pick that comes loaded with extras, from spa facilities to a kids’ club for the little ‘uns. Head inside, and the apartments have that classic mountain ...",https://www.skiline.co.uk/ski-holidays/france/tignes/laltaviva-apartments,Ski Line,site-ski-line,5,chalets/images/crystal-laltaviva-apartments/,2026-10-06,no 20/21 Mar 2027 departure in Ski Line price list; hot tub per Ski Line facility flag; Ski Line prices GBP pp; Ski Line hot-tub flag on a residence/hotel: probably shared spa (pass2: hot tub type)
sno-chalet-kitz,,Ski Vertigo,,,,,,,,,,,,,,,,,,,,,,,,,,,,,,Ski Line,site-ski-line,,,2026-10-06,Ski Line: https://www.skiline.co.uk/ski-holidays/france/tignes/chalet-kitz; range GBP 829-1099 per-person; operator per Ski Line: Ski Vertigo
sno-chalet-tournavel,,Ski World,,,,,,,,,,,,,,,,,,,,,,,,,,,,,,Ski Line,site-ski-line,,,2026-10-06,Ski Line: https://www.skiline.co.uk/ski-holidays/france/tignes/chalet-tournavel; range GBP 876-1453 per-person; operator per Ski Line: Ski World
inghams-hotel-le-paquis,Hotel Le Paquis,Inghams,Tignes,Espace Killy (Tignes – Val d'Isère),France,,72,,,hotel,breakfast-only,,none,yes,,,unknown,Saturday,1169,per-person,GBP,exact-week,899,1659,,"flights, transfers + board (Ski Line package)",yes,,,"This friendly and traditional hotel is less that a minute's walk from the piste. It's beautifully decorated in wood and stone, giving it a warm chalet style atmosphere. The hotel is on a bed and breakfast basis and there is ...",https://www.skiline.co.uk/ski-holidays/france/tignes/hotel-le-paquis,Ski Line,site-ski-line,5,chalets/images/inghams-hotel-le-paquis/,2026-10-06,"20 Mar price from Ski Line (London Gatwick, Twin or Double,PB or PS, WC,); Ski Line prices GBP pp"
skiline-hotel-les-brevieres,,,,,,,,,,hotel,,,,,,,,,,,,,,,,,,,,,,Ski Line,site-ski-line,,,2026-10-06,Ski Line: https://www.skiline.co.uk/ski-holidays/france/tignes/hotel-les-brevieres; 20 Mar GBP 912 per-person; range GBP 903-1494 per-person; available 20 Mar: yes
sno-chalet-katalin,,Ski World,,,,,,,,,,,,,,,,,,,,,,,,,,,,,,Ski Line,site-ski-line,,,2026-10-06,Ski Line: https://www.skiline.co.uk/ski-holidays/france/tignes/chalet-katalin; range GBP 937-1635 per-person; operator per Ski Line: Ski World
skiworld-chalet-sachette,,,,,,,,,,,,,,,,,,,,,,,,,,,,,,,,Ski Line,site-ski-line,,,2026-10-06,Ski Line: https://www.skiline.co.uk/ski-holidays/france/tignes/chalet-sachette; range GBP 949-1569 per-person
inghams-chalet-la-bergerie,,,,,,,,,,chalet,,,,,,,,,,,,,,,,,,,,,,Ski Line,site-ski-line,,,2026-10-06,Ski Line: https://www.skiline.co.uk/ski-holidays/france/tignes/chalet-la-bergerie; 20 Mar GBP 1239 per-person; range GBP 969-2149 per-person; available 20 Mar: yes
inghams-hotel-club-les-brevieres,Hotel Club Les Brevieres,Inghams,Tignes,Espace Killy (Tignes – Val d'Isère),France,,300,,,,,,private (location not stated),yes,"steam room, childcare",,yes,Saturday,,per-person,GBP,season-range,979,1999,,"flights, transfers + board (Ski Line package)",unknown,,,"The Hotel Les Brevieres offers fantastic value with continental breakfasts, buffet-style lunches and dinners, packed lunch options, and themed evening meals each day of your stay. Dedicated kids clubs are available throughout the season, making it an ideal choice for ...",https://www.skiline.co.uk/ski-holidays/france/tignes/hotel-club-les-brevieres,Ski Line,site-ski-line,5,chalets/images/inghams-hotel-club-les-brevieres/,2026-10-06,Ski Line board 'Hotel Full Board'; no 20/21 Mar 2027 departure in Ski Line price list; hot tub per Ski Line facility flag; Ski Line prices GBP pp
sno-chalet-phoebe,,Ski World,,,,,,,,,,,,,,,,,,,,,,,,,,,,,,Ski Line,site-ski-line,,,2026-10-06,Ski Line: https://www.skiline.co.uk/ski-holidays/france/tignes/chalet-phoebe-2; range GBP 1019-1635 per-person; operator per Ski Line: Ski World
sno-chalet-catherine,,Ski World,,,,,,,,,,,,,,,,,,,,,,,,,,,,,,Ski Line,site-ski-line,,,2026-10-06,Ski Line: https://www.skiline.co.uk/ski-holidays/france/tignes/chalet-catherine-4; range GBP 1019-1645 per-person; operator per Ski Line: Ski World
sno-chalet-hera,,Ski World,,,,,,,,,,,,,,,,,,,,,,,,,,,,,,Ski Line,site-ski-line,,,2026-10-06,Ski Line: https://www.skiline.co.uk/ski-holidays/france/tignes/chalet-hera; range GBP 1029-1629 per-person; operator per Ski Line: Ski World
sno-chalet-teresa,,Ski World,,,,,,,,,,,,,,,,,,,,,,,,,,,,,,Ski Line,site-ski-line,,,2026-10-06,Ski Line: https://www.skiline.co.uk/ski-holidays/france/tignes/chalet-teresa; range GBP 1029-1689 per-person; operator per Ski Line: Ski World
crystal-le-kalinda-apartments,Le Kalinda Apartments,Crystal,Tignes,Espace Killy (Tignes – Val d'Isère),France,,8,,,apartment,self-catered,self-catered,yes-type-unknown,yes,"pool, steam room",,unknown,Saturday,1032,per-person,GBP,exact-week,1032,2479,,mixed: some departures include travel,yes,,,"Heading to the Tignes-Val d'Isère ski area with the little ones? Check out the family-friendly Kalinda Apartments in Tignes 1800. The rustic reception will make you feel right at home, with its pool table, soft toys dotted around and communal ...",https://www.skiline.co.uk/ski-holidays/france/tignes/le-kalinda-apartments,Ski Line,site-ski-line,5,chalets/images/crystal-le-kalinda-apartments/,2026-10-06,"20 Mar price from Ski Line (London Gatwick, 1 Bedroom Apartment with Balcony - (price pp based on 2 sharing)); hot tub per Ski Line facility flag; Ski Line prices GBP pp; Ski Line hot-tub flag on a residence/hotel: probably shared spa (pass2: hot tub type)"
sno-chalet-arktic,,Inghams,,,,,,,,,,,,,,,,,,,,,,,,,,,,,,Ski Line,site-ski-line,,,2026-10-06,Ski Line: https://www.skiline.co.uk/ski-holidays/france/tignes/chalet-arktic-2; 20 Mar GBP 1579 per-person; range GBP 1036-1759 per-person; available 20 Mar: yes; operator per Ski Line: Inghams
inghams-hotel-campanules,Hotel Campanules,Inghams,Tignes,Espace Killy (Tignes – Val d'Isère),France,,78,,,hotel,breakfast-only,,yes-type-unknown,yes,"pool, steam room, fireplace",300,unknown,Saturday,1605,per-person,GBP,exact-week,1058,2576,,"flights, transfers + board (Ski Line package)",yes,,,"Hotel Campanules has a fantastic central location in Tignes Le Lac, with easy access to the slopes (only 200m away) and wonderful views across the resort towards the surrounding peaks. After a day on the mountain, unwind in the heated ...",https://www.skiline.co.uk/ski-holidays/france/tignes/hotel-campanules,Ski Line,site-ski-line,5,chalets/images/inghams-hotel-campanules/,2026-10-06,"20 Mar price from Ski Line (London Gatwick, Junior Suite,Type Mezzanine); hot tub per Ski Line facility flag; Ski Line prices GBP pp; Ski Line hot-tub flag on a residence/hotel: probably shared spa (pass2: hot tub type)"
crystal-hotel-tignes-2100,Hotel Tignes 2100,Crystal,Tignes,Espace Killy (Tignes – Val d'Isère),France,,170,,,hotel,half-board,,yes-type-unknown,yes,"steam room, fireplace",150,unknown,flexible,1191,per-person,GBP,exact-week,1071,1841,,"flights, transfers + board (Ski Line package)",yes,,,"The Tignes 2100 draws people back year after year, and it’s easy to see why. This modern hotel’s in the centre of the resort, just a few minutes’ walk from the lifts, and is surrounded by amazing views – picture ...",https://www.skiline.co.uk/ski-holidays/france/tignes/hotel-tignes-2100,Ski Line,site-ski-line,5,chalets/images/crystal-hotel-tignes-2100/,2026-10-06,"20 Mar price from Ski Line (London Gatwick, Double Room - (price pp based on 2 sharing)); hot tub per Ski Line facility flag; Ski Line prices GBP pp; Ski Line hot-tub flag on a residence/hotel: probably shared spa (pass2: hot tub type)"
crystal-hotel-diva,Hotel Diva,Crystal,Tignes,Espace Killy (Tignes – Val d'Isère),France,,240,,,hotel,half-board,,none,yes,steam room,,unknown,flexible,1131,per-person,GBP,exact-week,1096,1896,,"flights, transfers + board (Ski Line package)",yes,,,"For a great location in Val Claret, the Diva is hard to beat. It’s opposite the Tichot chairlift and just a few minutes’ walk from the funicular up to the Grande Motte glacier, and you can ski almost back to ...",https://www.skiline.co.uk/ski-holidays/france/tignes/hotel-diva,Ski Line,site-ski-line,5,chalets/images/crystal-hotel-diva/,2026-10-06,"20 Mar price from Ski Line (London Gatwick, Twin Room - (price pp based on 2 sharing)); Ski Line prices GBP pp"
inghams-residence-ynycio,Residence YNYCIO,Inghams,Tignes,Espace Killy (Tignes – Val d'Isère),France,,6,,,apartment,self-catered,self-catered,yes-type-unknown,yes,pool,150,unknown,Saturday,,per-person,GBP,season-range,1109,1509,,"flights, transfers + board (Ski Line package)",unknown,,,"Residence YNYCIO is a brand new property for the 2022/23 winter season. Offering luxury apartments in the centre of Tignes Val Claret, with a Latino atmosphere that's inspired by the South American mountains. From the residence you can access the ...",https://www.skiline.co.uk/ski-holidays/france/tignes/residence-ynycio,Ski Line,site-ski-line,5,chalets/images/inghams-residence-ynycio/,2026-10-06,no 20/21 Mar 2027 departure in Ski Line price list; hot tub per Ski Line facility flag; Ski Line prices GBP pp; Ski Line hot-tub flag on a residence/hotel: probably shared spa (pass2: hot tub type)
sno-chalet-alaska,,Ski Vertigo,,,,,,,,,,,,,,150,,,,,,,,,,,,,,,,Ski Line,site-ski-line,,,2026-10-06,Ski Line: https://www.skiline.co.uk/ski-holidays/france/tignes/chalet-alaska-2; range GBP 1109-1149 per-person; operator per Ski Line: Ski Vertigo
crystal-la-ferme-du-val-claret-apartments,La Ferme du Val Claret Apartments,Crystal,Tignes,Espace Killy (Tignes – Val d'Isère),France,,8,,,apartment,self-catered,self-catered,yes-type-unknown,yes,"pool, steam room",,yes,Saturday,,per-person,GBP,season-range,1125,2957,,"flights, transfers + board (Ski Line package)",unknown,,,"These high-quality apartments are in an excellent location in Val Claret, with access to the main road at the front and straight onto the slopes at the back. Across the 43 apartments, there are several different sizes available, many with ...",https://www.skiline.co.uk/ski-holidays/france/tignes/la-ferme-du-val-claret-apartments-2,Ski Line,site-ski-line,5,chalets/images/crystal-la-ferme-du-val-claret-apartments/,2026-10-06,no 20/21 Mar 2027 departure in Ski Line price list; hot tub per Ski Line facility flag; Ski Line prices GBP pp; Ski Line hot-tub flag on a residence/hotel: probably shared spa (pass2: hot tub type)
sno-chalet-iceberg,,Ski Vertigo,,,,,,,,,,,,,,,,,,,,,,,,,,,,,,Ski Line,site-ski-line,,,2026-10-06,Ski Line: https://www.skiline.co.uk/ski-holidays/france/tignes/chalet-iceberg-2; 20 Mar GBP 1379 per-person; range GBP 1129-1379 per-person; available 20 Mar: yes; operator per Ski Line: Ski Vertigo
inghams-hotel-laigle-du-montana,Hotel l’Aigle du Montana,Inghams,Tignes,Espace Killy (Tignes – Val d'Isère),France,,42,,,hotel,breakfast-only,,none,yes,pool,,unknown,Saturday,1545,per-person,GBP,exact-week,1133,2869,,"flights, transfers + board (Ski Line package)",yes,,,"Renovated in a charming wooden chalet style, the Hotel l'Aigle du Montana is a warm and cosy hotel achieving that traditional alpine atmosphere every winter holiday needs. Sitting at an altitude of 2,100 metres, this hotel gives you easy access ...",https://www.skiline.co.uk/ski-holidays/france/tignes/hotel-laigle-du-montana,Ski Line,site-ski-line,5,chalets/images/inghams-hotel-laigle-du-montana/,2026-10-06,"20 Mar price from Ski Line (London Gatwick, Classic Balcony,Double or Twin,); Ski Line prices GBP pp"
inghams-village-montana-hotel,Village Montana Hotel,Inghams,Tignes,Espace Killy (Tignes – Val d'Isère),France,,166,,,hotel,half-board,,none,yes,"pool, steam room",,yes,Saturday,1493,per-person,GBP,exact-week,1157,2448,,"flights, transfers + board (Ski Line package)",yes,,,"Enjoying an elevated, sunny piste-side location and close to the centre of Tignes Le Lac, this unique resort complex offers a choice of hotel rooms in a quiet, piste-side location. The hotel has an excellent range of facilities and the ...",https://www.skiline.co.uk/ski-holidays/france/tignes/village-montana-hotel,Ski Line,site-ski-line,5,chalets/images/inghams-village-montana-hotel/,2026-10-06,"20 Mar price from Ski Line (London Gatwick, Privilege Room,.); Ski Line prices GBP pp"
inghams-chalet-les-arolles,Chalet Les Arolles,Inghams,Tignes,Espace Killy (Tignes – Val d'Isère),France,,14,7,,chalet,catered,"Enjoy a home away from home this ski season, and settle into one of our luxury ski chalets for an unforgettable holiday. Fantastic food, wine and unbeatable service awaits you ...",private-outdoor,yes,fireplace,200,unknown,Saturday,,per-person,GBP,season-range,1199,1649,,"flights, transfers + board (Ski Line package)",unknown,,allchalets-chalet-les-arolles;sno-chalet-les-arolles,"Chalet Les Arolles is a catered ski chalet in France that has been traditionally refurbished with a Savoyard design, set in the most attractive area in Tignes le Lac close to the Chardonnet ski lift. Other features of this ski ...",https://www.skiline.co.uk/ski-holidays/france/tignes/chalet-les-arolles,Ski Line,site-ski-line,5,chalets/images/inghams-chalet-les-arolles/,2026-10-06,no 20/21 Mar 2027 departure in Ski Line price list; hot tub per Ski Line facility flag; Ski Line prices GBP pp
inghams-le-taos-hotel,Le Taos Hotel,Inghams,Tignes,Espace Killy (Tignes – Val d'Isère),France,,104,,,hotel,breakfast-only,,none,yes,"pool, steam room, fireplace",,yes,Saturday,1942,per-person,GBP,exact-week,1219,2989,,"flights, transfers + board (Ski Line package)",yes,,,"Finished to a very high standard with a ‘New Mexico’ theme, this property boasts large picture windows providing wonderful views of Tignes and the mountains. After a day skiing in the fantastic Espace Killy area, take the time to enjoy ...",https://www.skiline.co.uk/ski-holidays/france/tignes/le-taos-hotel,Ski Line,site-ski-line,5,chalets/images/inghams-le-taos-hotel/,2026-10-06,"20 Mar price from Ski Line (London Gatwick, Junior Suite,PB or PS, WC); Ski Line prices GBP pp"
sno-chalet-camille,,Ski Vertigo,,,,,,,,,,,,,,,,,,,,,,,,,,,,,,Ski Line,site-ski-line,,,2026-10-06,Ski Line: https://www.skiline.co.uk/ski-holidays/france/tignes/chalet-camille-3; 20 Mar GBP 1479 per-person; range GBP 1229-1479 per-person; available 20 Mar: yes; operator per Ski Line: Ski Vertigo
inghams-hotel-levanna,Hotel Levanna,Inghams,Tignes,Espace Killy (Tignes – Val d'Isère),France,,46,,,hotel,breakfast-only,,yes-type-unknown,yes,"steam room, fireplace",50,unknown,Saturday,1551,per-person,GBP,exact-week,1231,2624,,"flights, transfers + board (Ski Line package)",yes,,,"This hotel has probably the best location in Tignes le Lac with doorstep skiing, with a lot of great piste choices. The Tovière gondola is less than a minute's walk away (30m) and the resort leisure centre with pool is ...",https://www.skiline.co.uk/ski-holidays/france/tignes/hotel-levanna,Ski Line,site-ski-line,5,chalets/images/inghams-hotel-levanna/,2026-10-06,"20 Mar price from Ski Line (London Gatwick, South Facing Privilege Room,); hot tub per Ski Line facility flag; Ski Line prices GBP pp; Ski Line hot-tub flag on a residence/hotel: probably shared spa (pass2: hot tub type)"
sno-chalet-isabelle,,Ski Vertigo,,,,,,,,,,,,,,,,,,,,,,,,,,,,,,Ski Line,site-ski-line,,,2026-10-06,Ski Line: https://www.skiline.co.uk/ski-holidays/france/tignes/chalet-isabelle-4; range GBP 1249-1499 per-person; operator per Ski Line: Ski Vertigo
crystal-le-jhana-apartments,Le Jhana Apartments,Crystal,Tignes,Espace Killy (Tignes – Val d'Isère),France,,6,,,apartment,self-catered,self-catered,yes-type-unknown,yes,"pool, steam room",,yes,Saturday,,per-person,GBP,season-range,1330,3062,,"flights, transfers + board (Ski Line package)",unknown,,,"The Jhana Apartments are in the heart of Val Claret, perfect for trying out the local restaurants – and they're ski-in, ski-out too. Inside, they're modern and well-equipped, and there's a wide range of luxury facilities including a sauna, hot ...",https://www.skiline.co.uk/ski-holidays/france/tignes/le-jhana-apartments,Ski Line,site-ski-line,5,chalets/images/crystal-le-jhana-apartments/,2026-10-06,no 20/21 Mar 2027 departure in Ski Line price list; hot tub per Ski Line facility flag; Ski Line prices GBP pp; Ski Line hot-tub flag on a residence/hotel: probably shared spa (pass2: hot tub type)
sno-chalet-lake-lodge,,Ski Vertigo,,,,,,,,,,,,,,,,,,,,,,,,,,,,,,Ski Line,site-ski-line,,,2026-10-06,Ski Line: https://www.skiline.co.uk/ski-holidays/france/tignes/chalet-lake-lodge; 20 Mar GBP 1599 per-person; range GBP 1349-1669 per-person; available 20 Mar: yes; operator per Ski Line: Ski Vertigo
crystal-hotel-le-taos,Hotel Le Taos,Crystal,Tignes,Espace Killy (Tignes – Val d'Isère),France,,100,,,hotel,breakfast-only,,none,yes,pool,,yes,Saturday,1420,per-person,GBP,exact-week,1382,2845,,mixed: some departures include travel,yes,,,"The Hotel le Taos is a high-quality hotel in Tignes Le Lac, themed and named after the centuries old native American village of Taos. A UNESCO World Heritage Site, the Montagnettes have taken inspiration from the culture, architecture and general ...",https://www.skiline.co.uk/ski-holidays/france/tignes/hotel-le-taos-4,Ski Line,site-ski-line,5,chalets/images/crystal-hotel-le-taos/,2026-10-06,"20 Mar price from Ski Line (London Gatwick, Twin Room - (price pp based on 2 sharing)); Ski Line prices GBP pp"
sno-chalet-la-perle,,Ski Famille,,,,,,,,,,,,,,,,,,,,,,,,,,,,,,Ski Line,site-ski-line,,,2026-10-06,Ski Line: https://www.skiline.co.uk/ski-holidays/france/tignes/chalet-la-perle-2; range GBP 1399-1779 per-person; operator per Ski Line: Ski Famille
sno-chalet-aigle-royal,,Ski Famille,,,,,,,,,,,,,,25,,,,,,,,,,,,,,,,Ski Line,site-ski-line,,,2026-10-06,Ski Line: https://www.skiline.co.uk/ski-holidays/france/tignes/chalet-aigle-royal-2; 20 Mar GBP 1949 per-person; range GBP 1419-1949 per-person; available 20 Mar: yes; operator per Ski Line: Ski Famille
crystal-le-taos-apartments,Le Taos Apartments,Crystal,Tignes,Espace Killy (Tignes – Val d'Isère),France,,6,,,apartment,self-catered,self-catered,none,yes,pool,,yes,Saturday,1560,per-person,GBP,exact-week,1539,2615,,"flights, transfers + board (Ski Line package)",yes,,,Le Taos Apartments are ideal for people looking for high-quality apartments in Tignes Le Lac. They are themed and named after the Native American village and UNESCO World Heritage Site of Taos. The décor has been inspired by the village’s ...,https://www.skiline.co.uk/ski-holidays/france/tignes/le-taos-apartments,Ski Line,site-ski-line,5,chalets/images/crystal-le-taos-apartments/,2026-10-06,"20 Mar price from Ski Line (London Gatwick, 1 Bedroom Apartment - (price pp based on 2 sharing)); Ski Line prices GBP pp"
inghams-hotel-val-claret,Hotel Val Claret,Inghams,Tignes,Espace Killy (Tignes – Val d'Isère),France,,388,,,,,,none,yes,"pool, steam room, fireplace",,yes,Saturday,,per-person,GBP,season-range,1553,2948,,"flights, transfers + board (Ski Line package)",unknown,,,"Hotel Val Claret All Inclusive is in Tignes Val Claret with an amazing ski-in, ski-out location. As the name suggests this hotel is on an all inclusive basis, which includes seven breakfasts, six lunches and seven dinners, also including wine ...",https://www.skiline.co.uk/ski-holidays/france/tignes/hotel-val-claret,Ski Line,site-ski-line,5,chalets/images/inghams-hotel-val-claret/,2026-10-06,Ski Line board 'Hotel Full Board'; no 20/21 Mar 2027 departure in Ski Line price list; Ski Line prices GBP pp
sno-chalet-corniche,,Ski Famille,,,,,,,,,,,,,,,,,,,,,,,,,,,,,,Ski Line,site-ski-line,,,2026-10-06,Ski Line: https://www.skiline.co.uk/ski-holidays/france/tignes/chalet-corniche-2; 20 Mar GBP 2019 per-person; range GBP 1569-2119 per-person; available 20 Mar: yes; operator per Ski Line: Ski Famille
inghams-hotel-voulez-vous,Hotel Voulez Vous,Inghams,Tignes,Espace Killy (Tignes – Val d'Isère),France,,138,,,hotel,breakfast-only,,yes-type-unknown,yes,steam room,200,unknown,Saturday,2235,per-person,GBP,exact-week,1745,3724,,"flights, transfers + board (Ski Line package)",yes,,,"Hotel Voulez Vous is a slick five-star hotel in Tignes le Lac. The hotel has an elegant, modern theme throughout with a mix of light and dark colours – complemented with large windows which give bold, clear views of the ...",https://www.skiline.co.uk/ski-holidays/france/tignes/hotel-voulez-vous,Ski Line,site-ski-line,5,chalets/images/inghams-hotel-voulez-vous/,2026-10-06,"20 Mar price from Ski Line (London Gatwick, Comfort,Double or Twin,PS, WC,); Ski Line prices GBP pp; Ski Line hot-tub flag on a residence/hotel: probably shared spa (pass2: hot tub type)"
crystal-residence-ynycio,Residence Ynycio,Crystal,Tignes,Espace Killy (Tignes – Val d'Isère),France,,8,,,apartment,self-catered,self-catered,none,yes,"pool, steam room",,yes,Saturday,,per-person,GBP,season-range,1825,3938,,"flights, transfers + board (Ski Line package)",unknown,,,"You’ll be staying piste-side in the Val Claret part of Tignes, so you can click straight into your skis and head off to explore the Tignes-Val d’Isère ski area. Or, for first-timers, the ski school and nursery slopes are just ...",https://www.skiline.co.uk/ski-holidays/france/tignes/residence-ynycio-2,Ski Line,site-ski-line,5,chalets/images/crystal-residence-ynycio/,2026-10-06,no 20/21 Mar 2027 departure in Ski Line price list; Ski Line prices GBP pp
odalys-residence-le-hameau-du-borsat,Residence le Hameau du Borsat,Odalys,Tignes,Espace Killy (Tignes – Val d'Isère),France,,6,,,apartment,self-catered,self-catered,none,no,,,partial,Saturday,208,per-person,GBP,exact-week,142,463,,"accommodation + board, no travel (Ski Line)",yes,,,In the heart of the Savoy in the French Alps the Residence le Hameau du Borsat overlooks the unique ski resort of in the famous Espace Killy ski area. This residence offers ski holiday rentals in Tignes only 200m from ...,https://www.skiline.co.uk/ski-holidays/france/tignes/residence-le-hameau-du-borsat,Ski Line,site-ski-line,5,chalets/images/odalys-residence-le-hameau-du-borsat/,2026-10-06,20 Mar price from Ski Line (Independent Travel); Ski Line prices GBP pp
chardons-chalet-belvedere,,,,,,,,,,chalet,,,,,,,,,,,,,,,,,,,,,,Ski Line,site-ski-line,,,2026-10-06,Ski Line: https://www.skiline.co.uk/ski-holidays/france/tignes/chalet-belvedere-2; range GBP 413-917 per-person
chardons-chalet-panoramique,,,,,,,,,,chalet,,,,,,,,,,,,,,,,,,,,,,Ski Line,site-ski-line,,,2026-10-06,Ski Line: https://www.skiline.co.uk/ski-holidays/france/tignes/chalet-panoramique; range GBP 432-734 per-person
chardons-chalet-rosko,,,,,,,,,,chalet,,,,,,,,,,,,,,,,,,,,,,Ski Line,site-ski-line,,,2026-10-06,Ski Line: https://www.skiline.co.uk/ski-holidays/france/tignes/chalet-rosko; 20 Mar GBP 795 per-person; range GBP 459-1284 per-person; available 20 Mar: yes
inghams-residence-club-mmv-altaviva,Residence Club MMV Altaviva,Inghams,Tignes,Espace Killy (Tignes – Val d'Isère),France,,8,,,apartment,self-catered,self-catered,yes-type-unknown,yes,"pool, steam room, fireplace",,yes,Saturday,785,per-person,GBP,exact-week,499,1438,,"flights, transfers + board (Ski Line package)",yes,,,Residence Altaviva is ideally located close to the resort centre whilst still delivering that private space on your ski holiday. The residence is ski in ski out with access to the Tignes Val d'Isère area which extends over 300 km ...,https://www.skiline.co.uk/ski-holidays/france/tignes/residence-club-mmv-altaviva,Ski Line,site-ski-line,5,chalets/images/inghams-residence-club-mmv-altaviva/,2026-10-06,"20 Mar price from Ski Line (Bristol International, Two Bedroom Apartment,PB & PS, WC, BA,); hot tub per Ski Line facility flag; Ski Line prices GBP pp; Ski Line hot-tub flag on a residence/hotel: probably shared spa (pass2: hot tub type)"
chardons-chalet-sophia,,,,,,,,,,,,,,,,50,,,,,,,,,,,,,,,,Ski Line,site-ski-line,,,2026-10-06,Ski Line: https://www.skiline.co.uk/ski-holidays/france/tignes/chalet-sophia-2; range GBP 505-1032 per-person
chardons-chalet-indah,,,,,,,,,,,,,,,,,,,,,,,,,,,,,,,,Ski Line,site-ski-line,,,2026-10-06,Ski Line: https://www.skiline.co.uk/ski-holidays/france/tignes/chalet-indah; 20 Mar GBP 954 per-person; range GBP 550-1363 per-person; available 20 Mar: yes
chardons-chalet-coeur-des-brevieres,,,,,,,,,,hotel,,,,,,,,,,,,,,,,,,,,,,Ski Line,site-ski-line,,,2026-10-06,Ski Line: https://www.skiline.co.uk/ski-holidays/france/tignes/coeur-des-brevieres; 20 Mar GBP 779 per-person; range GBP 641-1375 per-person; available 20 Mar: yes
chardons-chalet-isabella,,,,,,,,,,,,,,,,50,,,,,,,,,,,,,,,,Ski Line,site-ski-line,,,2026-10-06,Ski Line: https://www.skiline.co.uk/ski-holidays/france/tignes/chalet-isabella; 20 Mar GBP 917 per-person; range GBP 917-1365 per-person; available 20 Mar: yes
mmv-hotels-hotel-club-les-brevieres,Hotel Club Les Brevieres,MMV Hotels,Tignes,Espace Killy (Tignes – Val d'Isère),France,,200,1,,,,,private (location not stated),yes,,,unknown,Saturday,835,per-person,GBP,exact-week,719,1355,,"accommodation + board, no travel (Ski Line)",yes,,,"At the MMV Village Club, your vacation begins with the discovery of a spacious lounge, a large restaurant and even a friendly bar with a performance hall. Once you've unpacked your bags, grab your skis and head through the charming ...",https://www.skiline.co.uk/ski-holidays/france/tignes/hotel-club-mmv-les-brevieres,Ski Line,site-ski-line,5,chalets/images/mmv-hotels-hotel-club-les-brevieres/,2026-10-06,Ski Line board 'Hotel Full Board'; 20 Mar price from Ski Line (Independent Travel); hot tub per Ski Line facility flag; Ski Line prices GBP pp
inghams-residence-le-taos,Residence Le Taos,Inghams,Tignes,Espace Killy (Tignes – Val d'Isère),France,,6,,,apartment,self-catered,self-catered,none,yes,"pool, steam room",,yes,Saturday,1139,per-person,GBP,exact-week,869,1759,,"flights, transfers + board (Ski Line package)",yes,,,"Finished to a very high standard with a ‘New Mexico’ theme, this property boasts large picture windows providing wonderful views of Tignes and the mountains. After a day skiing in the fantastic Espace Killy area, take the time to enjoy ...",https://www.skiline.co.uk/ski-holidays/france/tignes/residence-le-taos,Ski Line,site-ski-line,5,chalets/images/inghams-residence-le-taos/,2026-10-06,"20 Mar price from Ski Line (London Gatwick, One Bedroom Apartment,PB or PS, WC); Ski Line prices GBP pp"
chardons-chalet-boubou-plus,,,,,,,,,,,,,,,,50,,,,,,,,,,,,,,,,Ski Line,site-ski-line,,,2026-10-06,Ski Line: https://www.skiline.co.uk/ski-holidays/france/tignes/chalet-boubou-plus; 20 Mar GBP 917 per-person; range GBP 917-1284 per-person; available 20 Mar: yes
inghams-hotel-laiguille-percee,Hotel l’Aiguille Percee,Inghams,Tignes,Espace Killy (Tignes – Val d'Isère),France,,104,,,hotel,breakfast-only,,none,yes,pool,,unknown,Saturday,1308,per-person,GBP,exact-week,1013,2223,,"flights, transfers + board (Ski Line package)",yes,,,"You have excellent access to the Tignes-Val d'Isere ski area from the main ski lifts, which are just a short walk away from the Hotel l'Aiguille Percee. The wonderful Tignes- Val d'Isere has over 300km of slopes with a variety ...",https://www.skiline.co.uk/ski-holidays/france/tignes/hotel-laiguille-percee,Ski Line,site-ski-line,5,chalets/images/inghams-hotel-laiguille-percee/,2026-10-06,"20 Mar price from Ski Line (London Gatwick, Suite Mezzanine,.,PB or PS, WC); Ski Line prices GBP pp"
crystal-santa-terra-residence,Santa Terra Residence,Crystal,Tignes,Espace Killy (Tignes – Val d'Isère),France,,10,,,apartment,self-catered,self-catered,yes-type-unknown,yes,"pool, steam room, fireplace",,unknown,Saturday,,per-person,GBP,season-range,1184,2338,,mixed: some departures include travel,unknown,,,"These swish apartments are a cut above your standard self-catered stay. Each apartment is decked out with up-to-date furniture, while scatter cushions and flower-filled vases add that proper home-from-home feel. Budding chefs have got everything they need in the fully ...",https://www.skiline.co.uk/ski-holidays/france/tignes/santa-terra-residence,Ski Line,site-ski-line,5,chalets/images/crystal-santa-terra-residence/,2026-10-06,no 20/21 Mar 2027 departure in Ski Line price list; hot tub per Ski Line facility flag; Ski Line prices GBP pp; Ski Line hot-tub flag on a residence/hotel: probably shared spa (pass2: hot tub type)
crystal-residence-le-nevada-apartments,Residence Le Nevada Apartments,Crystal,Tignes,Espace Killy (Tignes – Val d'Isère),France,,8,,,apartment,self-catered,self-catered,yes-type-unknown,yes,"pool, steam room",,unknown,Saturday,,per-person,GBP,season-range,1394,3458,,"flights, transfers + board (Ski Line package)",unknown,,,"The Résidence Le Nevada Apartments are decorated in a traditional North American style, and the onsite facilities are the real highlight. Each apartment has a genuine holiday apartment feel to it, with tiled countertops, pastel walls, aged timber furniture and ...",https://www.skiline.co.uk/ski-holidays/france/tignes/residence-le-nevada-apartments,Ski Line,site-ski-line,5,chalets/images/crystal-residence-le-nevada-apartments/,2026-10-06,no 20/21 Mar 2027 departure in Ski Line price list; hot tub per Ski Line facility flag; Ski Line prices GBP pp; Ski Line hot-tub flag on a residence/hotel: probably shared spa (pass2: hot tub type)
tignesreservation-chalet-babylon,,,,,,,,,,chalet,self-catered,self-catered,,,,,,,,,,,,,,,,,,,,Ski Line,site-ski-line,,,2026-10-06,Ski Line: https://www.skiline.co.uk/ski-holidays/france/tignes/chalet-babylon
tignesreservation-chalet-charlie,,,,,,,,,,chalet,self-catered,self-catered,,,,,,,,,,,,,,,,,,,,Ski Line,site-ski-line,,,2026-10-06,Ski Line: https://www.skiline.co.uk/ski-holidays/france/tignes/chalet-charlie
tignesreservation-chalet-ubud,,,,,,,,,,chalet,self-catered,self-catered,,,,,,,,,,,,,,,,,,,,Ski Line,site-ski-line,,,2026-10-06,Ski Line: https://www.skiline.co.uk/ski-holidays/france/tignes/chalet-ubud
skiline-chalet-ganga,Chalet Ganga,,,,,,16,,,chalet,self-catered,self-catered,private (location not stated),yes,"steam room, fireplace",,unknown,,,,,quote-needed,,,,,unknown,,,Chalet Ganga is brimming with modern functionality while still keeping its authentic alpine charms and comforts. The chalet’s traditional exterior features a combination of wood and natural stone and its convenient location means that guests will enjoy stunning views from ...,https://www.skiline.co.uk/ski-holidays/france/tignes/chalet-ganga,Ski Line,site-ski-line,5,chalets/images/skiline-chalet-ganga/,2026-10-06,no 20/21 Mar 2027 departure in Ski Line price list; hot tub per Ski Line facility flag; operator not named (Ski Line sitemap-only page); sitemap-only (not in Ski Line search)
skiline-chalet-macha,Chalet Macha,,,,,,10,,,chalet,self-catered,self-catered,private (location not stated),yes,"steam room, fireplace",,unknown,,,,,quote-needed,,,,,unknown,,,"Chalet Macha in 2022 undergone a series of improvements. The introduction of modern furnishings and plush, warm fabrics has transformed it into a chalet brimming with modern functionality, while still keeping its authentic alpine comforts. The chalet’s traditional exterior features ...",https://www.skiline.co.uk/ski-holidays/france/tignes/chalet-macha,Ski Line,site-ski-line,5,chalets/images/skiline-chalet-macha/,2026-10-06,no 20/21 Mar 2027 departure in Ski Line price list; hot tub per Ski Line facility flag; operator not named (Ski Line sitemap-only page); sitemap-only (not in Ski Line search)
tignesreservation-chalet-tango,,,,,,,,,,chalet,self-catered,self-catered,,,,,,,,,,,,,,,,,,,,Ski Line,site-ski-line,,,2026-10-06,Ski Line: https://www.skiline.co.uk/ski-holidays/france/tignes/chalet-tango
skiline-chalet-hotel-quartz,Chalet Hotel Quartz,,,,,,10,,,apartment,self-catered,self-catered,yes-type-unknown,yes,steam room,,unknown,,,,,quote-needed,,,,,unknown,,,"Centrally located in Tignes Val Claret, Chalet Hotel Quartz is the perfect base for exploring the Tignes-Val d'Isere ski area. Sauna & Spa Ski-in / Ski-out Pets Welcome Wifi Parking Quartz 201: 2 bedroom, 6 person 65m² approx |6 People ...",https://www.skiline.co.uk/ski-holidays/france/tignes/chalet-hotel-quartz,Ski Line,site-ski-line,5,chalets/images/skiline-chalet-hotel-quartz/,2026-10-06,no 20/21 Mar 2027 departure in Ski Line price list; operator not named (Ski Line sitemap-only page); sitemap-only (not in Ski Line search); Ski Line hot-tub flag on a residence/hotel: probably shared spa (pass2: hot tub type)
skiline-chalet-annapurna-2,Chalet Annapurna 2,,,,,,16,8,,chalet,self-catered,self-catered,private (location not stated),yes,fireplace,,unknown,,,,,quote-needed,,,,,unknown,,,"Chalet Annapurna 2 ""Ganga"" is a beautiful, luxurious 8 bedroom chalet in the quiet Les Almes area of Tignes le Lac. Access to the pistes is easy and the resort centre is a few minutes walk down the hill. Offering ...",https://www.skiline.co.uk/ski-holidays/france/tignes/chalet-annapurna-2,Ski Line,site-ski-line,5,chalets/images/skiline-chalet-annapurna-2/,2026-10-06,no 20/21 Mar 2027 departure in Ski Line price list; hot tub per Ski Line facility flag; operator not named (Ski Line sitemap-only page); sitemap-only (not in Ski Line search)
skiline-chalet-hotel-yeti,Chalet Hotel Yeti,,,,,,60,3,,chalet,self-catered,self-catered,private (location not stated),yes,"steam room, fireplace",,unknown,,,,,quote-needed,,,,,unknown,,,"In the Almes area of Tignes Le Lac, the Chalet Hotel Yeti is a short walk from the resort centre, with easy access to the shops, restaurants and slopes. The Yeti is a modern residence with traditional Alpine features in ...",https://www.skiline.co.uk/ski-holidays/france/tignes/chalet-hotel-yeti,Ski Line,site-ski-line,5,chalets/images/skiline-chalet-hotel-yeti/,2026-10-06,no 20/21 Mar 2027 departure in Ski Line price list; hot tub per Ski Line facility flag; operator not named (Ski Line sitemap-only page); sitemap-only (not in Ski Line search)
skiline-chalet-alpinium-2,Chalet Alpinium 2,,,,,,8,2,,chalet,self-catered,self-catered,private-outdoor,yes,fireplace,,unknown,,,,,quote-needed,,,,,unknown,,,What's Included Eurostar seat ✔ Transfers ✔ Accommodation ✔ Ski pass ✔ Chalet Alpinium 2 is located on the edge of the slopes on the Chemin des Boisses. The ski slope outside the chalet leads to the Boisses chairlift which ...,https://www.skiline.co.uk/ski-holidays/france/tignes/chalet-alpinium-2-2,Ski Line,site-ski-line,5,chalets/images/skiline-chalet-alpinium-2/,2026-10-06,no 20/21 Mar 2027 departure in Ski Line price list; operator not named (Ski Line sitemap-only page); sitemap-only (not in Ski Line search)
skiline-chalet-alpinium-1,Chalet Alpinium 1,,,,,,14,3,,chalet,self-catered,self-catered,private-outdoor,yes,fireplace,,unknown,,,,,quote-needed,,,,,unknown,,,What's Included Eurostar seat ✔ Transfers ✔ Accommodation ✔ Ski pass ✔ Chalet Alpinium 1 is located on the edge of the slopes on the Chemin des Boisses. The ski slope outside the chalet leads to the Boisses chairlift which ...,https://www.skiline.co.uk/ski-holidays/france/tignes/chalet-alpinium-1-2,Ski Line,site-ski-line,5,chalets/images/skiline-chalet-alpinium-1/,2026-10-06,no 20/21 Mar 2027 departure in Ski Line price list; operator not named (Ski Line sitemap-only page); sitemap-only (not in Ski Line search)
skiline-skissim-select-chalet-neve,Skissim Select – Chalet Neve,,,,,,4,,,chalet,self-catered,self-catered,none,no,,,unknown,,,,,quote-needed,,,,,unknown,,,What's Included Eurostar seat ✔ Transfers ✔ Accommodation ✔ Ski pass ✔ The Skissim Select - Chalet Névé is located in the Tignes Lavachet district. The shops are 200 metres away and the chair lifts of Paquis and Chaudanne are ...,https://www.skiline.co.uk/ski-holidays/france/tignes/chalet-neve,Ski Line,site-ski-line,5,chalets/images/skiline-skissim-select-chalet-neve/,2026-10-06,no 20/21 Mar 2027 departure in Ski Line price list; operator not named (Ski Line sitemap-only page); sitemap-only (not in Ski Line search)
sno-chalet-neve,,,,,,,,,,,,,,,,,,,,,,,,,,,,,,,,Ski Line,site-ski-line,,,2026-10-06,Ski Line: https://www.skiline.co.uk/ski-holidays/france/tignes/chalet-neve-3
sno-chalet-isabelle,,,,,,,,,,,,,,,,,,,,,,,,,,,,,,,,Ski Line,site-ski-line,,,2026-10-06,Ski Line: https://www.skiline.co.uk/ski-holidays/france/tignes/chalet-isabelle-3
skiline-chalet-camille,Chalet Camille,,,,,,15,3,,chalet,self-catered,self-catered,private-outdoor,yes,fireplace,,unknown,,,,,quote-needed,,,,,unknown,,sno-chalet-camille;allchalets-chalet-camille,What's Included Eurostar seat ✔ Transfers ✔ Accommodation ✔ Ski pass ✔ Chalet Camille is located in the resort of Tignes and only 30 meters from the slopes and the Paquis and Chaudanne ski lifts. This chalet has 9 comfortable ...,https://www.skiline.co.uk/ski-holidays/france/tignes/chalet-camille-2,Ski Line,site-ski-line,5,chalets/images/skiline-chalet-camille/,2026-10-06,no 20/21 Mar 2027 departure in Ski Line price list; hot tub per Ski Line facility flag; operator not named (Ski Line sitemap-only page); sitemap-only (not in Ski Line search)
skiline-chalet-annapurna-lodges,Chalet Annapurna Lodges,,,,,,16,,,chalet,self-catered,self-catered,private-outdoor,yes,fireplace,,unknown,,,,,quote-needed,,,,,unknown,,,"This ***** chalet comprises 2 apartments: ANNAPURNA 1 MACHA (6 rooms for 10 people) and ANNAPURNA 2 GANGA (12 rooms for 16 people), adhering to the local architecture with its larch wood facades and stone walls. Each apartment features a ...",https://www.skiline.co.uk/ski-holidays/france/tignes/chalet-annapurna-lodges,Ski Line,site-ski-line,5,chalets/images/skiline-chalet-annapurna-lodges/,2026-10-06,no 20/21 Mar 2027 departure in Ski Line price list; operator not named (Ski Line sitemap-only page); sitemap-only (not in Ski Line search)
skiline-chalet-bobech,Chalet Bobech,,,,,,8,,,chalet,self-catered,self-catered,none,no,,,unknown,,,,,quote-needed,,,,,unknown,,,"CHALET BOBECH is located in a quiet area of Almes, 200 m from the chairlifts Chaudannes and Pâquis, 200 m from the centre of TIGNES LE LAC (ESF Ski School, Maison de TIGNES, ski lifts and shopping facilities) and 50 ...",https://www.skiline.co.uk/ski-holidays/france/tignes/chalet-bobech-2,Ski Line,site-ski-line,5,chalets/images/skiline-chalet-bobech/,2026-10-06,no 20/21 Mar 2027 departure in Ski Line price list; operator not named (Ski Line sitemap-only page); sitemap-only (not in Ski Line search)
tignesreservation-chalet-crystal-ridge,,,,,,,,,,chalet,,self-catered,,,,,,,,,,,,,,,,,,,,Ski Line,site-ski-line,,,2026-10-06,Ski Line: https://www.skiline.co.uk/ski-holidays/france/tignes/chalet-crystal-ridge
sno-chalet-la-perle,,,,,,,,,,,,,,,,,,,,,,,,,,,,,,,,Ski Line,site-ski-line,,,2026-10-06,Ski Line: https://www.skiline.co.uk/ski-holidays/france/tignes/chalet-la-perle
skiline-chalet-tavaillons,Chalet Tavaillons,,,,,,16,,,chalet,catered,"A catered ski chalet is a home-style ski holiday accommodation. Packages usually include flights, airport transfers, breakfast, afternoon tea and 3 or 4-course evening meals. Dinner also includes unlimited wine ...",private (location not stated),yes,"steam room, fireplace",,unknown,,,,,quote-needed,,,,,unknown,,,"The always on-demand, and spacious Chalet Tavaillons is characterised by a classic feel, creating an ideal unwinding alpine ambience. The traditional open plan living and dining area have been preserved with plenty of authentic elements like exposed wooden rounded beams ...",https://www.skiline.co.uk/ski-holidays/france/tignes/chalet-tavaillons,Ski Line,site-ski-line,5,chalets/images/skiline-chalet-tavaillons/,2026-10-06,no 20/21 Mar 2027 departure in Ski Line price list; hot tub per Ski Line facility flag; operator not named (Ski Line sitemap-only page); sitemap-only (not in Ski Line search)
allchalets-chalet-lo-soli,,,,,,,,,,apartment,,self-catered,,,,,,,,,,,,,,,,,,,,Ski Line,site-ski-line,,,2026-10-06,Ski Line: https://www.skiline.co.uk/ski-holidays/france/tignes/chalet-lo-soli
sno-chalet-la-face,,Le Ski,,,,,,,,,,,,,,,,,,,,,,,,,,,,,,Ski Line,site-ski-line,,,2026-10-06,Ski Line: https://www.skiline.co.uk/ski-holidays/france/val-disere/chalet-la-face; 20 Mar GBP 1549 per-person; range GBP 1015-2889 per-person; available 20 Mar: yes; operator per Ski Line: Le Ski
sno-chalet-le-bel-air,,Le Ski,,,,,,,,,,,,,,,,,,,,,,,,,,,,,,Ski Line,site-ski-line,,,2026-10-06,Ski Line: https://www.skiline.co.uk/ski-holidays/france/val-disere/chalet-le-bel-air; range GBP 1309-2768 per-person; operator per Ski Line: Le Ski
sno-the-farmhouse,,VIP,,,,,,,,,,,,,,,,,,,,,,,,,,,,,,Ski Line,site-ski-line,,,2026-10-06,Ski Line: https://www.skiline.co.uk/ski-holidays/france/val-disere/the-farmhouse; range GBP 1427-3008 per-person; operator per Ski Line: VIP
ski-beat-chalet-cristal-1,Chalet Cristal 1,Ski Beat,Val d'Isère,Espace Killy (Tignes – Val d'Isère),France,,13,6,,chalet,catered,"This operator knows how much extra yummy food can add to your ski chalet holiday, that's why they work hard to make sure all of our chalet hosts are trained ...",none,no,fireplace,150,unknown,Saturday,1350,per-person,GBP,exact-week,846,2370,,"flights, transfers + board (Ski Line package)",yes,,,"Chalet Cristal 1, Val d'Isère is on the ground floor of this beautifully appointed chalet apartment. Its excellent location and great design, with its wood and stone finish and Savoyard charm, make it the ideal home for our Val d'Isère ...",https://www.skiline.co.uk/ski-holidays/france/val-disere/chalet-cristal-1,Ski Line,site-ski-line,5,chalets/images/ski-beat-chalet-cristal-1/,2026-10-06,20 Mar price from Ski Line (London Gatwick); Ski Line prices GBP pp; Ski Line resort 'Val d'Isere'
ski-beat-chalet-cristal-4,Chalet Cristal 4,Ski Beat,Val d'Isère,Espace Killy (Tignes – Val d'Isère),France,,9,4,,chalet,catered,"This operator knows how much extra yummy food can add to your ski chalet holiday, that's why they work hard to make sure all of our chalet hosts are trained ...",private-outdoor,no,fireplace,150,unknown,Saturday,1350,per-person,GBP,exact-week,846,2370,,"flights, transfers + board (Ski Line package)",yes,,,"Chalet Cristal 4, Val d'Isere is situated on the second floor of this beautifully appointed chalet. Its excellent location and great design, with its wood and stone finish and Savoyard charm, make it the ideal home for our Val d'Isere ...",https://www.skiline.co.uk/ski-holidays/france/val-disere/chalet-cristal-4,Ski Line,site-ski-line,5,chalets/images/ski-beat-chalet-cristal-4/,2026-10-06,20 Mar price from Ski Line (London Gatwick); Ski Line prices GBP pp; Ski Line resort 'Val d'Isere'
sno-chalet-du-berger,,Le Ski,,,,,,,,,,,,,,,,,,,,,,,,,,,,,,Ski Line,site-ski-line,,,2026-10-06,Ski Line: https://www.skiline.co.uk/ski-holidays/france/val-disere/chalet-du-berger; 20 Mar GBP 1359 per-person; range GBP 905-1916 per-person; available 20 Mar: yes; operator per Ski Line: Le Ski
sno-chalet-la-saulire,,Le Ski,,,,,,,,,,,,,,,,,,,,,,,,,,,,,,Ski Line,site-ski-line,,,2026-10-06,Ski Line: https://www.skiline.co.uk/ski-holidays/france/val-disere/chalet-la-saulire; 20 Mar GBP 1503 per-person; range GBP 997-2035 per-person; available 20 Mar: yes; operator per Ski Line: Le Ski
sno-chalet-roc-merlet,,Le Ski,,,,,,,,,,,,,,550,,,,,,,,,,,,,,,,Ski Line,site-ski-line,,,2026-10-06,Ski Line: https://www.skiline.co.uk/ski-holidays/france/val-disere/chalet-roc-merlet; range GBP 997-2035 per-person; operator per Ski Line: Le Ski
vip-chalet-bel-sol,Chalet Bel Sol,VIP,Val d'Isère,Espace Killy (Tignes – Val d'Isère),France,,8,4,,chalet,catered,This operator believes exceptional service isn't about grand gestures. It's about quietly taking care of the details. The details that make travelling with children easier and a celebration feel special. ...,none,no,fireplace,,unknown,Sunday,,per-person,GBP,season-range,2289,2289,,"accommodation + board, no travel (Ski Line)",unknown,,,"Situated in the very heart of Val d’Isere and just a stone’s throw from the piste, Bel Sol enjoys arguably the best location in resort. Bel Sol is handsomely designed with the living area and dining accommodation on the upper ...",https://www.skiline.co.uk/ski-holidays/france/val-disere/chalet-bel-sol,Ski Line,site-ski-line,5,chalets/images/vip-chalet-bel-sol/,2026-10-06,no 20/21 Mar 2027 departure in Ski Line price list; Ski Line prices GBP pp; Ski Line resort 'Val d'Isere'
ski-beat-chalet-cristal-3,Chalet Cristal 3,Ski Beat,Val d'Isère,Espace Killy (Tignes – Val d'Isère),France,,10,5,,chalet,catered,"This operator knows how much extra yummy food can add to your ski chalet holiday, that's why they work hard to make sure all of our chalet hosts are trained ...",private-outdoor,no,fireplace,150,unknown,Saturday,1350,per-person,GBP,exact-week,846,2188,,"flights, transfers + board (Ski Line package)",yes,,,"Chalet Cristal 3, Val d'Isere is a duplex chalet apartment on the first and second floors of this beautifully appointed chalet. Its excellent location and great design, with its wood and stone finish and Savoyard charm, make it the ideal ...",https://www.skiline.co.uk/ski-holidays/france/val-disere/chalet-cristal-3,Ski Line,site-ski-line,5,chalets/images/ski-beat-chalet-cristal-3/,2026-10-06,20 Mar price from Ski Line (London Gatwick); Ski Line prices GBP pp; Ski Line resort 'Val d'Isere'
sno-chalet-bellevarde,,Le Ski,,,,,,,,,,,,,,,,,,,,,,,,,,,,,,Ski Line,site-ski-line,,,2026-10-06,Ski Line: https://www.skiline.co.uk/ski-holidays/france/val-disere/chalet-bellevarde; range GBP 1309-2803 per-person; operator per Ski Line: Le Ski
ski-beat-chalet-cristal-5,Chalet Cristal 5,Ski Beat,Val d'Isère,Espace Killy (Tignes – Val d'Isère),France,,11,5,,chalet,catered,"This operator knows how much extra yummy food can add to your ski chalet holiday, that's why they work hard to make sure all of our chalet hosts are trained ...",private-outdoor,no,fireplace,150,unknown,Saturday,1350,per-person,GBP,exact-week,939,2370,,"flights, transfers + board (Ski Line package)",yes,,,"Chalet Cristal 5, Val d'Isere is situated on the third floor of this beautifully appointed chalet. Its excellent location and great design, with its wood and stone finish and Savoyard charm, make it the ideal home for our Val d'Isere ...",https://www.skiline.co.uk/ski-holidays/france/val-disere/chalet-cristal-5,Ski Line,site-ski-line,5,chalets/images/ski-beat-chalet-cristal-5/,2026-10-06,20 Mar price from Ski Line (London Gatwick); Ski Line prices GBP pp; Ski Line resort 'Val d'Isere'
ski-beat-chalet-cristal-2,Chalet Cristal 2,Ski Beat,Val d'Isère,Espace Killy (Tignes – Val d'Isère),France,,9,4,,chalet,catered,"This operator knows how much extra yummy food can add to your ski chalet holiday, that's why they work hard to make sure all of our chalet hosts are trained ...",private-outdoor,no,fireplace,150,unknown,Saturday,1350,per-person,GBP,exact-week,846,2370,,"flights, transfers + board (Ski Line package)",yes,,,"Chalet Cristal 2, Val d'Isere is an apartment on the first floor of this beautifully appointed chalet. Its excellent location and great design, with its wood and stone finish and Savoyard charm, make it the ideal home for our Val ...",https://www.skiline.co.uk/ski-holidays/france/val-disere/chalet-cristal-2,Ski Line,site-ski-line,5,chalets/images/ski-beat-chalet-cristal-2/,2026-10-06,20 Mar price from Ski Line (London Gatwick); Ski Line prices GBP pp; Ski Line resort 'Val d'Isere'
sno-chalet-kanjiroba,,Le Ski,,,,,,,,,,,,,,,,,,,,,,,,,,,,,,Ski Line,site-ski-line,,,2026-10-06,Ski Line: https://www.skiline.co.uk/ski-holidays/france/val-disere/chalet-kanjiroba; range GBP 1015-2878 per-person; operator per Ski Line: Le Ski
vip-loft-1-aspen-house,Loft 1 Aspen House,VIP,Val d'Isère,Espace Killy (Tignes – Val d'Isère),France,,8,3,,chalet,catered,This operator believes exceptional service isn't about grand gestures. It's about quietly taking care of the details. The details that make travelling with children easier and a celebration feel special. ...,private (location not stated),yes,"steam room, fireplace",100,unknown,Sunday,2112,per-person,GBP,exact-week,1299,4085,,"accommodation + board, no travel (Ski Line)",yes,,,"This wonderful property in the very heart of Val d’Isère sleeps 6 guests in absolute comfort. A vaulted ceiling gives loads of character to this handsome penthouse loft, with spacious open plan living/dining complete with log fire, balcony and spectacular ...",https://www.skiline.co.uk/ski-holidays/france/val-disere/loft-1-aspen-house,Ski Line,site-ski-line,5,chalets/images/vip-loft-1-aspen-house/,2026-10-06,20 Mar price from Ski Line (Independent Travel); hot tub per Ski Line facility flag; Ski Line prices GBP pp; Ski Line resort 'Val d'Isere'
vip-loft-2-aspen-house,Loft 2 Aspen House,VIP,Val d'Isère,Espace Killy (Tignes – Val d'Isère),France,,8,4,,chalet,catered,This operator believes exceptional service isn't about grand gestures. It's about quietly taking care of the details. The details that make travelling with children easier and a celebration feel special. ...,private (location not stated),yes,"steam room, fireplace",100,unknown,Sunday,,per-person,GBP,season-range,1299,2600,,"accommodation + board, no travel (Ski Line)",unknown,,,"In the very heart of Val d’Isère, Loft 2 Aspen House is a penthouse suite of the very highest quality. The Loft sleeps 8-10 guests in four en suite bedrooms, one of which has additional bunk beds (charged at half ...",https://www.skiline.co.uk/ski-holidays/france/val-disere/loft-2-aspen-house,Ski Line,site-ski-line,5,chalets/images/vip-loft-2-aspen-house/,2026-10-06,no 20/21 Mar 2027 departure in Ski Line price list; hot tub per Ski Line facility flag; Ski Line prices GBP pp; Ski Line resort 'Val d'Isere'
vip-loft-3-aspen-house,Loft 3 Aspen House,VIP,Val d'Isère,Espace Killy (Tignes – Val d'Isère),France,,4,2,,chalet,catered,This operator believes exceptional service isn't about grand gestures. It's about quietly taking care of the details. The details that make travelling with children easier and a celebration feel special. ...,private (location not stated),yes,"steam room, fireplace",100,unknown,Sunday,,per-person,GBP,season-range,1299,3008,,"accommodation + board, no travel (Ski Line)",unknown,,,Loft 3 is a spectacular vaulted suite at the very top of Aspen House in the heart of Val d’Isère. It’s completely unique to have a glamorous property such as this for an intimate group of four. The stylish open ...,https://www.skiline.co.uk/ski-holidays/france/val-disere/loft-3-aspen-house,Ski Line,site-ski-line,5,chalets/images/vip-loft-3-aspen-house/,2026-10-06,no 20/21 Mar 2027 departure in Ski Line price list; hot tub per Ski Line facility flag; Ski Line prices GBP pp; Ski Line resort 'Val d'Isere'
sno-chalet-arosa,,Ski France,,,,,,,,,,,,,,,,,,,,,,,,,,,,,,Ski Line,site-ski-line,,,2026-10-06,Ski Line: https://www.skiline.co.uk/ski-holidays/france/val-disere/chalet-arosa-contactless-chalet-catering; 20 Mar GBP 1187 per-person; range GBP 1062-1959 per-person; available 20 Mar: yes; operator per Ski Line: Ski France
sno-chalet-la-grande-sassiere,,Ski France,,,,,,,,,,,,,,,,,,,,,,,,,,,,,,Ski Line,site-ski-line,,,2026-10-06,Ski Line: https://www.skiline.co.uk/ski-holidays/france/val-disere/chalet-la-grande-sassiere-contactless-chalet-catering; 20 Mar GBP 950 per-person; range GBP 847-1567 per-person; available 20 Mar: yes; operator per Ski Line: Ski France
sno-chalet-acajuma,,Ski France,,,,,,,,,,,,,,,,,,,,,,,,,,,,,,Ski Line,site-ski-line,,,2026-10-06,Ski Line: https://www.skiline.co.uk/ski-holidays/france/val-disere/chalet-acajuma-contactless-chalet-catering; 20 Mar GBP 1159 per-person; range GBP 977-1908 per-person; available 20 Mar: yes; operator per Ski Line: Ski France
sno-chalet-jupiter,,Ski France,,,,,,,,,,,,,,,,,,,,,,,,,,,,,,Ski Line,site-ski-line,,,2026-10-06,Ski Line: https://www.skiline.co.uk/ski-holidays/france/val-disere/chalet-jupiter-contactless-chalet-catering; range GBP 1224-2272 per-person; operator per Ski Line: Ski France
simplyvaldisere-chalet-davos,,Ski France,,,,,,4,,,,,,,,,unknown,,,,,,,,,,,,,,,Ski Line,site-ski-line,,,2026-10-06,Ski Line: https://www.skiline.co.uk/ski-holidays/france/val-disere/chalet-davos-contactless-chalet-catering; 20 Mar GBP 1999 per-person; range GBP 1499-2962 per-person; available 20 Mar: yes; operator per Ski Line: Ski France
sno-chalet-inuit,,Ski France,,,,,,,,,,,,,,,,,,,,,,,,,,,,,,Ski Line,site-ski-line,,,2026-10-06,Ski Line: https://www.skiline.co.uk/ski-holidays/france/val-disere/chalet-inuit-contactless-chalet-catering; 20 Mar GBP 1650 per-person; range GBP 1334-2925 per-person; available 20 Mar: yes; operator per Ski Line: Ski France
travel-ski-pierre-vacances-residence-les-balcons-de-bellevarde,Pierre & Vacances Residence Les Balcons de Bellevarde,Travel Ski,Val d'Isère,Espace Killy (Tignes – Val d'Isère),France,,6,,,apartment,self-catered,self-catered,none,no,,,unknown,,,,,quote-needed,,,,,unknown,,,"Val d'Isère is a resort renowned for its ski area, which is appreciated by skiers from all over the world. The Les Balcons de Bellevarde residence is located at the entrance to the resort, in the Daille area. It is ...",https://www.skiline.co.uk/ski-holidays/france/val-disere/apartments-le-bellevarde,Ski Line,site-ski-line,5,chalets/images/travel-ski-pierre-vacances-residence-les-balcons-de-bellevarde/,2026-10-06,no 20/21 Mar 2027 departure in Ski Line price list; Ski Line resort 'Val d'Isere'
travel-ski-residence-chalet-skadi,Residence Chalet Skadi,Travel Ski,Val d'Isère,Espace Killy (Tignes – Val d'Isère),France,,4,,,chalet,self-catered,self-catered,private-outdoor,yes,steam room,400,unknown,Saturday,,per-person,GBP,season-range,2301,2773,,Eurostar/rail travel + board (Ski Line package),unknown,,,"In Val d'Isère, the new Chalet Skadi 5 prestige residence is located 400 metres from the lifts, 200 metres from the shops and 20 metres from a ski shop. Shuttles to their destination pass right next to the residence. It ...",https://www.skiline.co.uk/ski-holidays/france/val-disere/residence-chalet-skadi-3,Ski Line,site-ski-line,5,chalets/images/travel-ski-residence-chalet-skadi/,2026-10-06,no 20/21 Mar 2027 departure in Ski Line price list; Ski Line prices GBP pp; Ski Line resort 'Val d'Isere'
sno-chalet-la-grande-casse,,Le Ski,,,,,,,,,,,,,,,,,,,,,,,,,,,,,,Ski Line,site-ski-line,,,2026-10-06,Ski Line: https://www.skiline.co.uk/ski-holidays/france/val-disere/chalet-la-grande-casse; range GBP 1397-2953 per-person; operator per Ski Line: Le Ski
travel-ski-residence-chalet-izia,Residence Chalet Izia,Travel Ski,Val d'Isère,Espace Killy (Tignes – Val d'Isère),France,,4,,,apartment,self-catered,self-catered,none,yes,"pool, steam room",,unknown,Saturday,,per-person,GBP,season-range,2947,2947,,Eurostar/rail travel + board (Ski Line package),unknown,,,"The Résidence Chalet Izia 5* opens its doors in December 2019! The location, gives you seamless access to the slopes as soon as you leave your apartment. At the edge of the legendary slope “M”. The Mountain Chic décor, whose ...",https://www.skiline.co.uk/ski-holidays/france/val-disere/residence-chalet-izia-2,Ski Line,site-ski-line,5,chalets/images/travel-ski-residence-chalet-izia/,2026-10-06,no 20/21 Mar 2027 departure in Ski Line price list; Ski Line prices GBP pp; Ski Line resort 'Val d'Isere'
sno-chalet-val-rogoney,,Ski France,,,,,,,,,,,,,,,,,,,,,,,,,,,,,,Ski Line,site-ski-line,,,2026-10-06,Ski Line: https://www.skiline.co.uk/ski-holidays/france/val-disere/chalet-val-rogoney-2; range GBP 997-1667 per-person; operator per Ski Line: Ski France
ski-france-chalet-les-sources-de-lisere,Chalet Les Sources de l’Isere,Ski France,Val d'Isère,Espace Killy (Tignes – Val d'Isère),France,,14,7,,chalet,catered,"Please Note - This operator features two types of Contactless Catering, Classic and Premium. Please see the description above for full details on which of these two options is included ...",private-outdoor,yes,fireplace,,unknown,flexible,,per-person,GBP,season-range,951,2250,,"accommodation + board, no travel (Ski Line)",unknown,,,"Newly built for the 22/23 season, Chalet Les Sources de l’Isère is an elegant apartment which can sleep up to 14 people. It is situated in the charming village of Le Fornet and is only 200m from the piste. It ...",https://www.skiline.co.uk/ski-holidays/france/val-disere/chalet-les-sources-de-lisere-contactless-chalet-catering,Ski Line,site-ski-line,5,chalets/images/ski-france-chalet-les-sources-de-lisere/,2026-10-06,no 20/21 Mar 2027 departure in Ski Line price list; hot tub per Ski Line facility flag; Ski Line board 'Chalet Club Board'; Ski Line prices GBP pp; Ski Line resort 'Val d'Isere'
sno-chalet-atacama,,Ski France,,,,,,,,,,,,,,,,,,,,,,,,,,,,,,Ski Line,site-ski-line,,,2026-10-06,Ski Line: https://www.skiline.co.uk/ski-holidays/france/val-disere/chalet-atacama; 20 Mar GBP 1758 per-person; range GBP 1758-3858 per-person; available 20 Mar: yes; operator per Ski Line: Ski France
travel-ski-apartements-rond-point-des-pistes3,Apartements Rond Point Des Pistes3,Travel Ski,Val d'Isère,Espace Killy (Tignes – Val d'Isère),France,,8,,,apartment,self-catered,self-catered,none,no,,,yes,Saturday,,per-person,GBP,season-range,1054,1865,,Eurostar/rail travel + board (Ski Line package),unknown,,,"50 m from the ski slopes.Ski-in residence near the children's village. Close to all amenities (shops, restaurants, ski hire, ski lessons ..). Residence with elevator, secured with a code. Ski room and rubbish room on the ground floor of the ...",https://www.skiline.co.uk/ski-holidays/france/val-disere/apartements-rond-point-des-pistes3,Ski Line,site-ski-line,5,chalets/images/travel-ski-apartements-rond-point-des-pistes3/,2026-10-06,no 20/21 Mar 2027 departure in Ski Line price list; Ski Line prices GBP pp; Ski Line resort 'Val d'Isere'
sno-no-1-aspen-house,,VIP,,,,,,,,,,,,,,100,,,,,,,,,,,,,,,,Ski Line,site-ski-line,,,2026-10-06,Ski Line: https://www.skiline.co.uk/ski-holidays/france/val-disere/no-1-aspen-house; 20 Mar GBP 2112 per-person; range GBP 1243-2965 per-person; available 20 Mar: yes; operator per Ski Line: VIP
sno-no-2-aspen-house,,VIP,,,,,,,,,,,,,,100,,,,,,,,,,,,,,,,Ski Line,site-ski-line,,,2026-10-06,Ski Line: https://www.skiline.co.uk/ski-holidays/france/val-disere/no-2-aspen-house; range GBP 1243-2247 per-person; operator per Ski Line: VIP
sno-no-3-aspen-house,,VIP,,,,,,,,,,,,,,100,,,,,,,,,,,,,,,,Ski Line,site-ski-line,,,2026-10-06,Ski Line: https://www.skiline.co.uk/ski-holidays/france/val-disere/no-3-aspen-house; 20 Mar GBP 2112 per-person; range GBP 1243-4042 per-person; available 20 Mar: yes; operator per Ski Line: VIP
sno-no-4-aspen-house,,VIP,,,,,,,,,,,,,,100,,,,,,,,,,,,,,,,Ski Line,site-ski-line,,,2026-10-06,Ski Line: https://www.skiline.co.uk/ski-holidays/france/val-disere/no-4-aspen-house; 20 Mar GBP 2112 per-person; range GBP 1243-4042 per-person; available 20 Mar: yes; operator per Ski Line: VIP
sno-no-5-aspen-house,,VIP,,,,,,,,,,,,,,100,,,,,,,,,,,,,,,,Ski Line,site-ski-line,,,2026-10-06,Ski Line: https://www.skiline.co.uk/ski-holidays/france/val-disere/no-5-aspen-house; range GBP 1243-3986 per-person; operator per Ski Line: VIP
sno-no-1-bellevarde,,VIP,,,,,,,,,,,,,,,,,,,,,,,,,,,,,,Ski Line,site-ski-line,,,2026-10-06,Ski Line: https://www.skiline.co.uk/ski-holidays/france/val-disere/no-1-bellevarde; 20 Mar GBP 1928 per-person; range GBP 1091-3717 per-person; available 20 Mar: yes; operator per Ski Line: VIP
sno-no-2-bellevarde,,VIP,,,,,,,,,,,,,,,,,,,,,,,,,,,,,,Ski Line,site-ski-line,,,2026-10-06,Ski Line: https://www.skiline.co.uk/ski-holidays/france/val-disere/no-2-bellevarde; 20 Mar GBP 1928 per-person; range GBP 1091-3717 per-person; available 20 Mar: yes; operator per Ski Line: VIP
vip-no-3-club-bellevarde,No 3 Club Bellevarde,VIP,Val d'Isère,Espace Killy (Tignes – Val d'Isère),France,,24,4,,chalet,catered,This operator believes exceptional service isn't about grand gestures. It's about quietly taking care of the details. The details that make travelling with children easier and a celebration feel special. ...,private-outdoor,yes,"pool, fireplace",,yes,Sunday,2005,per-person,GBP,exact-week,1278,2005,,"accommodation + board, no travel (Ski Line)",yes,,,This imposing stone-and-timber chalet in Val d’Isere sleeps 24 guests and is ideally located on the edge of the Santons piste. This means that you can click in and out of your bindings a few steps up from the ski ...,https://www.skiline.co.uk/ski-holidays/france/val-disere/no-3-club-bellevarde,Ski Line,site-ski-line,5,chalets/images/vip-no-3-club-bellevarde/,2026-10-06,20 Mar price from Ski Line (Independent Travel); hot tub per Ski Line facility flag; Ski Line prices GBP pp; Ski Line resort 'Val d'Isere'
sno-no-5-bellevarde,,VIP,,,,,,,,,,,,,,,,,,,,,,,,,,,,,,Ski Line,site-ski-line,,,2026-10-06,Ski Line: https://www.skiline.co.uk/ski-holidays/france/val-disere/no-5-bellevarde; range GBP 1186-2668 per-person; operator per Ski Line: VIP
sno-no-6-bellevarde,,VIP,,,,,,,,,,,,,,,,,,,,,,,,,,,,,,Ski Line,site-ski-line,,,2026-10-06,Ski Line: https://www.skiline.co.uk/ski-holidays/france/val-disere/no-6-bellevarde; 20 Mar GBP 1970 per-person; range GBP 1186-3788 per-person; available 20 Mar: yes; operator per Ski Line: VIP
sno-no-7-club-bellevarde,,VIP,,,,,,,,,,,,,,,,,,,,,,,,,,,,,,Ski Line,site-ski-line,,,2026-10-06,Ski Line: https://www.skiline.co.uk/ski-holidays/france/val-disere/no-7-club-bellevarde; 20 Mar GBP 2225 per-person; range GBP 1485-4155 per-person; available 20 Mar: yes; operator per Ski Line: VIP
sno-no-8-club-bellevarde,,VIP,,,,,,,,,,,,,,,,,,,,,,,,,,,,,,Ski Line,site-ski-line,,,2026-10-06,Ski Line: https://www.skiline.co.uk/ski-holidays/france/val-disere/no-8-club-bellevarde; range GBP 1532-4155 per-person; operator per Ski Line: VIP
sno-chalet-arda,,Ski France,,,,,,,,,,"Please Note - This operator features two types of Contactless Catering, Classic and Premium. Please see the description above for full details on which of these two options is included ...",,,,,,,,,,,,,,,,,,,,Ski Line,site-ski-line,,,2026-10-06,Ski Line: https://www.skiline.co.uk/ski-holidays/france/val-disere/chalet-arda; range GBP 1204-2304 per-person; operator per Ski Line: Ski France
sno-chalet-azel,,Le Ski,,,,,,,,,,,,,,,,,,,,,,,,,,,,,,Ski Line,site-ski-line,,,2026-10-06,Ski Line: https://www.skiline.co.uk/ski-holidays/france/val-disere/chalet-azel; range GBP 1525-2116 per-person; operator per Ski Line: Le Ski
sno-chalet-petit-mire,,Le Ski,,,,,,,,,,,,,,,,,,,,,,,,,,,,,,Ski Line,site-ski-line,,,2026-10-06,Ski Line: https://www.skiline.co.uk/ski-holidays/france/val-disere/chalet-petit-mire; range GBP 1397-2991 per-person; operator per Ski Line: Le Ski
sno-chalet-mire,,Le Ski,,,,,,,,,,,,,,,,,,,,,,,,,,,,,,Ski Line,site-ski-line,,,2026-10-06,Ski Line: https://www.skiline.co.uk/ski-holidays/france/val-disere/chalet-mire; 20 Mar GBP 1726 per-person; range GBP 1173-2483 per-person; available 20 Mar: yes; operator per Ski Line: Le Ski
buildmyskitrip-chalet-madeleine,Chalet Madeleine,Buildmyskitrip,Val d'Isère,Espace Killy (Tignes – Val d'Isère),France,,12,6,,chalet,catered,"In our catered chalets, we really do pride ourselves on the quality of our food and catering. We love food. We are all very much foodies here. That is why ...",private-outdoor,no,fireplace,,unknown,Saturday,,per-person,GBP,season-range,758,2500,,"accommodation + board, no travel (Ski Line)",unknown,,,"Catered Chalet Madeleine in Val d'Isere, France is a luxury, rustic Savoyard-style catered chalet, situated just a short distance from the heart of Val d'Isere's charming old village. Perfectly designed for groups and families, our chalet offers a personalised and ...",https://www.skiline.co.uk/ski-holidays/france/val-disere/chalet-madeleine,Ski Line,site-ski-line,5,chalets/images/buildmyskitrip-chalet-madeleine/,2026-10-06,no 20/21 Mar 2027 departure in Ski Line price list; hot tub per Ski Line facility flag; Ski Line prices GBP pp; Ski Line resort 'Val d'Isere'
buildmyskitrip-chalet-cabri,Chalet Cabri,Buildmyskitrip,Val d'Isère,Espace Killy (Tignes – Val d'Isère),France,,12,5,,chalet,catered,"In our catered chalets, we really do pride ourselves on the quality of our food and catering. We love food. We are all very much foodies here. That is why ...",private-outdoor,yes,fireplace,,yes,Saturday,,per-person,GBP,season-range,833,1042,,"accommodation + board, no travel (Ski Line)",unknown,,,"Our catered Chalet Cabri is situated in one of the best positions in Val d'Isere - France, directly on the piste in the resort centre, opposite the Solaise Express. Glide from the slopes to an indulgent outdoor hot tub, or ...",https://www.skiline.co.uk/ski-holidays/france/val-disere/chalet-cabri,Ski Line,site-ski-line,5,chalets/images/buildmyskitrip-chalet-cabri/,2026-10-06,no 20/21 Mar 2027 departure in Ski Line price list; hot tub per Ski Line facility flag; Ski Line prices GBP pp; Ski Line resort 'Val d'Isere'
allchalets-chalet-sylvain,,Buildmyskitrip,,Espace Killy (Tignes – Val d'Isère),,,,,,,,"In our catered chalets, we really do pride ourselves on the quality of our food and catering. We love food. We are all very much foodies here. That is why ...",,,,,,,,,,,,,,,,,,,,Ski Line,site-ski-line,,,2026-10-06,Ski Line: https://www.skiline.co.uk/ski-holidays/france/val-disere/chalet-sylvain; range GBP 833-2500 per-person; operator per Ski Line: Buildmyskitrip
buildmyskitrip-chalet-bivouac,Chalet Bivouac,Buildmyskitrip,Val d'Isère,Espace Killy (Tignes – Val d'Isère),France,,12,5,,chalet,catered,"In our catered chalets, we really do pride ourselves on the quality of our food and catering. We love food. We are all very much foodies here. That is why ...",private-outdoor,yes,fireplace,,unknown,Saturday,,per-person,GBP,season-range,750,2333,,"accommodation + board, no travel (Ski Line)",unknown,,,"Our charming, catered chalet Bivouac is a traditional Savoyarde-style chalet, located directly in the picturesque old village in the centre of Val d’Isere, France, 40m from the piste. Chalet Bivouac is set over 3 floors and has 5 good-sized twin/double ...",https://www.skiline.co.uk/ski-holidays/france/val-disere/chalet-bivouac,Ski Line,site-ski-line,5,chalets/images/buildmyskitrip-chalet-bivouac/,2026-10-06,no 20/21 Mar 2027 departure in Ski Line price list; hot tub per Ski Line facility flag; Ski Line prices GBP pp; Ski Line resort 'Val d'Isere'
build-my-ski-trip-chalet-ananda,,,,,,,,6,,,,,,,,,unknown,,,,,,,,,,,,,,,Ski Line,site-ski-line,,,2026-10-06,Ski Line: https://www.skiline.co.uk/ski-holidays/france/val-disere/chalet-ananda; range GBP 833-2167 per-person
sno-chalet-genevieve,,Le Ski,,,,,,,,,,,,,,100,,,,,,,,,,,,,,,,Ski Line,site-ski-line,,,2026-10-06,Ski Line: https://www.skiline.co.uk/ski-holidays/france/val-disere/chalet-genevieve-2; range GBP 1496-1747 per-person; operator per Ski Line: Le Ski
build-my-ski-trip-chalet-sarire,,,,,,,,7,,,,,,,,,unknown,,,,,,,,,,,,,,,Ski Line,site-ski-line,,,2026-10-06,Ski Line: https://www.skiline.co.uk/ski-holidays/france/val-disere/chalet-sarire; range GBP 1125-2375 per-person
sno-chalet-genepy,,Ski France,,,,,,,,,,"Please Note - This operator features two types of Contactless Catering, Classic and Premium. Please see the description above for full details on which of these two options is included ...",,,,,,,,,,,,,,,,,,,,Ski Line,site-ski-line,,,2026-10-06,Ski Line: https://www.skiline.co.uk/ski-holidays/france/val-disere/chalet-genepy-3; 20 Mar GBP 1680 per-person; range GBP 1395-2025 per-person; available 20 Mar: yes; operator per Ski Line: Ski France
sno-chalet-arda,,Travel Ski,,,,,,,,,,self-catered,,,,1000,,,,,,,,,,,,,,,,Ski Line,site-ski-line,,,2026-10-06,Ski Line: https://www.skiline.co.uk/ski-holidays/france/val-disere/chalet-arda-2; range GBP 1957-3644 per-person; operator per Ski Line: Travel Ski
travel-ski-apartments-les-jardins-de-val,Apartments Les Jardins De Val,Travel Ski,Val d'Isère,Espace Killy (Tignes – Val d'Isère),France,,6,,,apartment,self-catered,self-catered,none,no,,500,unknown,Saturday,,per-person,GBP,season-range,1310,1770,,Eurostar/rail travel + board (Ski Line package),unknown,,,Location: Town centre 350 m. Shopping facilities 350 m. Slopes 450 m. Private apartment: Comfortable and well-equipped apartments The benefits of the stay 500 m to the slopes 500 m from ESF meeting point 200 m from the centre Lift ...,https://www.skiline.co.uk/ski-holidays/france/val-disere/apartments-les-jardins-de-val,Ski Line,site-ski-line,5,chalets/images/travel-ski-apartments-les-jardins-de-val/,2026-10-06,no 20/21 Mar 2027 departure in Ski Line price list; Ski Line prices GBP pp; Ski Line resort 'Val d'Isere'
buildmyskitrip-chalet-isara,Chalet Isara,Buildmyskitrip,Val d'Isère,Espace Killy (Tignes – Val d'Isère),France,,6,3,,chalet,catered,This operator prides themselves on the quality of their food and catering. They love food. They are all very much foodies. That is why their entire ethos for their chalets ...,none,no,,100,unknown,Saturday,,per-person,GBP,season-range,833,1583,,"accommodation + board, no travel (Ski Line)",unknown,,,"Chalet Isara is a beautifully located ground-floor catered chalet apartment in the very heart of Val d’Isère — hard to beat for both skiing convenience and village life. It has 3 bedrooms, 3 bathrooms and can sleep up to 8 ...",https://www.skiline.co.uk/ski-holidays/france/val-disere/chalet-isara,Ski Line,site-ski-line,5,chalets/images/buildmyskitrip-chalet-isara/,2026-10-06,no 20/21 Mar 2027 departure in Ski Line price list; Ski Line prices GBP pp; Ski Line resort 'Val d'Isere'
buildmyskitrip-chalet-vanoise,Chalet Vanoise,Buildmyskitrip,Val d'Isère,Espace Killy (Tignes – Val d'Isère),France,,14,5,,chalet,catered,"In our catered chalets, we really do pride ourselves on the quality of our food and catering. We love food. We are all very much foodies. That is why our ...",private-outdoor,no,fireplace,,unknown,Saturday,,per-person,GBP,season-range,786,2143,,"accommodation + board, no travel (Ski Line)",unknown,,simplyvaldisere-vanoise-2p;simplyvaldisere-vanoise-8p;build-my-ski-trip-chalet-vanoise,"Catered Chalet Vanoise is a grand sole-occupancy catered chalet in Val d’Isère, France, sleeping up to 14 guests across 5 bedrooms and 4 bathrooms. The chalet is located in Le Fornet, offering straightforward access to the slopes and Val d’Isère’s ...",https://www.skiline.co.uk/ski-holidays/france/val-disere/chalet-vanoise,Ski Line,site-ski-line,5,chalets/images/buildmyskitrip-chalet-vanoise/,2026-10-06,no 20/21 Mar 2027 departure in Ski Line price list; hot tub per Ski Line facility flag; Ski Line prices GBP pp; Ski Line resort 'Val d'Isere'
buildmyskitrip-chalet-mowgli,Chalet Mowgli,Buildmyskitrip,Val d'Isère,Espace Killy (Tignes – Val d'Isère),France,,10,5,,chalet,catered,,private-indoor,yes,fireplace,,unknown,Saturday,,per-person,GBP,season-range,900,2900,,"accommodation + board, no travel (Ski Line)",unknown,,,"Chalet Mowgli is one of the most distinctive properties in our Val d'Isère collection. Exclusively catered, this architect-designed chalet combines contemporary design, natural materials and light-filled living spaces to create a fresh alternative to the traditional Alpine chalet. Completed in ...",https://www.skiline.co.uk/ski-holidays/france/val-disere/chalet-mowgli-2,Ski Line,site-ski-line,5,chalets/images/buildmyskitrip-chalet-mowgli/,2026-10-06,no 20/21 Mar 2027 departure in Ski Line price list; hot tub per Ski Line facility flag; Ski Line prices GBP pp; Ski Line resort 'Val d'Isere'
build-my-ski-trip-chalet-angelique,,,,,,,,6,,,,,,,,,unknown,,,,,,,,,,,,,,,Ski Line,site-ski-line,,,2026-10-06,Ski Line: https://www.skiline.co.uk/ski-holidays/france/val-disere/chalet-angelique; 20 Mar GBP 1333 per-person; range GBP 833-2333 per-person; available 20 Mar: yes
club-med-club-med-val-disere,Club Med Val-d’Isere,Club Med,Val d'Isère,Espace Killy (Tignes – Val d'Isère),France,,200,,,,,,private (location not stated),yes,"pool, steam room",,yes,Sunday,5149,per-person,GBP,exact-week,2698,6804,,"accommodation + board, no travel (Ski Line)",yes,,,"A village nestled in the hollow of a valley, stone and wooden chalets... welcome to the magic of Val d'Isère. Amongst the most stylish and authentic in the Alps, the resort offers everything that lovers of skiing, fine dining and ...",https://www.skiline.co.uk/ski-holidays/france/val-disere/club-med-val-disere,Ski Line,site-ski-line,5,chalets/images/club-med-club-med-val-disere/,2026-10-06,"Ski Line board 'All Inclusive'; 20 Mar price from Ski Line (Independent Travel, Suite); hot tub per Ski Line facility flag; Ski Line prices GBP pp; Ski Line resort 'Val d'Isere'"
consensio-apartment-lorenzo,Apartment Lorenzo,Consensio,Val d'Isère,Espace Killy (Tignes – Val d'Isère),France,,8,4,,chalet,self-catered,self-catered,none,no,fireplace,,partial,Saturday,1141,per-person,GBP,exact-week,831,1141,,"accommodation + board, no travel (Ski Line)",yes,,,"The beautiful duplex apartment Lorenzo is located in the residence Myrtille comprising just seven apartments, enjoying an ideal location on the Avenue Olympic. It is only a short distance from the shops and old town of Val d’Isere. You will ...",https://www.skiline.co.uk/ski-holidays/france/val-disere/apartment-lorenzo,Ski Line,site-ski-line,5,chalets/images/consensio-apartment-lorenzo/,2026-10-06,20 Mar price from Ski Line (Independent Travel); Ski Line prices GBP pp; Ski Line resort 'Val d'Isere'
consensio-apartment-etoile-filante,Apartment Etoile Filante,Consensio,Val d'Isère,Espace Killy (Tignes – Val d'Isère),France,,9,4,,chalet,self-catered,self-catered,none,no,fireplace,,unknown,Saturday,1015,per-person,GBP,exact-week,841,2574,,"accommodation + board, no travel (Ski Line)",yes,,,"Etoile Filante is a modern luxury duplex apartment in the high altitude resort of Val d’Isère. Located in the La Canadienne development from Jean-Charles Covarel and designed by the well-known Alpine interior designer Nicky Dobree, it is the perfect destination ...",https://www.skiline.co.uk/ski-holidays/france/val-disere/apartment-etoile-filante,Ski Line,site-ski-line,5,chalets/images/consensio-apartment-etoile-filante/,2026-10-06,20 Mar price from Ski Line (Independent Travel); Ski Line prices GBP pp; Ski Line resort 'Val d'Isere'
consensio-apartment-tournesol,Apartment Tournesol,Consensio,Val d'Isère,Espace Killy (Tignes – Val d'Isère),France,,8,,,chalet,self-catered,self-catered,none,no,fireplace,,partial,Saturday,1382,per-person,GBP,exact-week,866,1738,,"accommodation + board, no travel (Ski Line)",yes,,,"The heated ski and boot locker is located at the entrance to the building, and there is a utility room inside the apartment conveniently located for you to store your ski wear. The apartment comes with a covered parking place ...",https://www.skiline.co.uk/ski-holidays/france/val-disere/apartment-tournesol,Ski Line,site-ski-line,5,chalets/images/consensio-apartment-tournesol/,2026-10-06,20 Mar price from Ski Line (Independent Travel); Ski Line prices GBP pp; Ski Line resort 'Val d'Isere'
sno-chalet-appaloosa,,Ski Vertigo,,,,,,,,,,,,,,,,,,,,,,,,,,,,,,Ski Line,site-ski-line,,,2026-10-06,Ski Line: https://www.skiline.co.uk/ski-holidays/france/val-disere/chalet-appaloosa; 20 Mar GBP 1239 per-person; range GBP 989-1309 per-person; available 20 Mar: yes; operator per Ski Line: Ski Vertigo
sno-chalet-yukon,,Ski Vertigo,,,,,,,,,,,,,fireplace,,,,,,,,,,,,,,,,,Ski Line,site-ski-line,,,2026-10-06,Ski Line: https://www.skiline.co.uk/ski-holidays/france/val-disere/chalet-yukon-2; range GBP 1019-1259 per-person; operator per Ski Line: Ski Vertigo
sno-chalet-nirmal,,Ski World,,,,,,,,,,,,,,,,,,,,,,,,,,,,,,Ski Line,site-ski-line,,,2026-10-06,Ski Line: https://www.skiline.co.uk/ski-holidays/france/val-disere/chalet-nirmal; range GBP 1059-1699 per-person; operator per Ski Line: Ski World
sno-chalet-casa-rivas,,Ski World,,,,,,,,,,,,,,,,Sunday,,per-person,GBP,season-range,1099,1749,,"flights, transfers + board (Ski Line package)",unknown,,,,,Ski Line,site-ski-line,,,2026-10-06,Ski Line: https://www.skiline.co.uk/ski-holidays/france/val-disere/chalet-casa-rivas; range GBP 1099-1749 per-person; operator per Ski Line: Ski World
consensio-apartment-les-sorbiers,Apartment Les Sorbiers,Consensio,Val d'Isère,Espace Killy (Tignes – Val d'Isère),France,,10,1,,chalet,self-catered,self-catered,private-outdoor,no,fireplace,,unknown,Saturday,,per-person,GBP,season-range,1115,1665,,"accommodation + board, no travel (Ski Line)",unknown,,,"Les Sorbiers apartment is located within a luxury building and ideally situated at the very heart of the high-altitude resort of Val d’Isere. Just 100 meters from the church in the old village, this duplex apartment sleeps 10 adults and ...",https://www.skiline.co.uk/ski-holidays/france/val-disere/apartment-les-sorbiers,Ski Line,site-ski-line,5,chalets/images/consensio-apartment-les-sorbiers/,2026-10-06,no 20/21 Mar 2027 departure in Ski Line price list; hot tub per Ski Line facility flag; Ski Line prices GBP pp; Ski Line resort 'Val d'Isere'
sno-chalet-tenzing,,Ski World,,,,,,,,,,,,,,,,,,,,,,,,,,,,,,Ski Line,site-ski-line,,,2026-10-06,Ski Line: https://www.skiline.co.uk/ski-holidays/france/val-disere/chalet-tenzing; range GBP 1135-1689 per-person; operator per Ski Line: Ski World
sno-chalet-quebec,,Ski Vertigo,,,,,,,,,,,,,fireplace,,,,,,,,,,,,,,,,,Ski Line,site-ski-line,,,2026-10-06,Ski Line: https://www.skiline.co.uk/ski-holidays/france/val-disere/chalet-quebec; 20 Mar GBP 1439 per-person; range GBP 1189-1509 per-person; available 20 Mar: yes; operator per Ski Line: Ski Vertigo
sno-chalet-alberta,,Ski Vertigo,,,,,,,,,,,,,fireplace,,,,,,,,,,,,,,,,,Ski Line,site-ski-line,,,2026-10-06,Ski Line: https://www.skiline.co.uk/ski-holidays/france/val-disere/chalet-alberta; range GBP 1189-1529 per-person; operator per Ski Line: Ski Vertigo
crystal-hotel-ormelune,Hotel Ormelune,Crystal,Val d'Isère,Espace Killy (Tignes – Val d'Isère),France,,80,,,hotel,half-board,,none,yes,steam room,,unknown,Saturday,1376,per-person,GBP,exact-week,1202,1766,,"flights, transfers + board (Ski Line package)",yes,,,"Funky and fun, Ormelune doesn’t look like your average alpine hotel. Vibrant colours and quirky modern art add to the chic style of the hotel to offer a fresh feel for your mountain stay. The hotel sits at the heart ...",https://www.skiline.co.uk/ski-holidays/france/val-disere/hotel-ormelune-2,Ski Line,site-ski-line,5,chalets/images/crystal-hotel-ormelune/,2026-10-06,"20 Mar price from Ski Line (London Gatwick, Small Twin Room with Village View - (price pp based on 2 sharing)); Ski Line prices GBP pp; Ski Line resort 'Val d'Isere'"
sno-chalet-ontario,,Ski Vertigo,,,,,,,,,,,,,,,,,,,,,,,,,,,,,,Ski Line,site-ski-line,,,2026-10-06,Ski Line: https://www.skiline.co.uk/ski-holidays/france/val-disere/chalet-ontario; 20 Mar GBP 1539 per-person; range GBP 1269-1609 per-person; available 20 Mar: yes; operator per Ski Line: Ski Vertigo
ski-vertigo-chalet-whistler,Chalet Whistler,Ski Vertigo,Val d'Isère,Espace Killy (Tignes – Val d'Isère),France,,8,,,chalet,catered,"WE BELIEVE THAT WITH GREAT CHALETS, SUPERB CUISINE AND WINE SHOULD GO HAND-IN-HAND After a stunning day on the slopes, there’s nothing better than heading back to your chalet knowing ...",none,no,fireplace,,unknown,Saturday,1539,per-person,GBP,exact-week,1289,1609,,"flights, transfers + board (Ski Line package)",yes,,tignesreservation-chalet-whistler;sno-chalet-whistler-val-d-isere,Chalet Whistler is a fabulous chalet on two levels offering superb accommodation close to the main ski lifts and lively centre of Val d’Isere. Chalet Whistler is just a short walk away from the Olympique or Solaise lifts heading into ...,https://www.skiline.co.uk/ski-holidays/france/val-disere/chalet-whistler-2,Ski Line,site-ski-line,5,chalets/images/ski-vertigo-chalet-whistler/,2026-10-06,20 Mar price from Ski Line (London Heathrow); Ski Line prices GBP pp; Ski Line resort 'Val d'Isere'
sno-chalet-blackcomb,,Ski Vertigo,,,,,,,,,,,,,,,,,,,,,,,,,,,,,,Ski Line,site-ski-line,,,2026-10-06,Ski Line: https://www.skiline.co.uk/ski-holidays/france/val-disere/chalet-blackcomb-2; 20 Mar GBP 1599 per-person; range GBP 1329-1669 per-person; available 20 Mar: yes; operator per Ski Line: Ski Vertigo
sno-chalet-brunswick,,Ski Vertigo,,,,,,,,,,,,,,,,,,,,,,,,,,,,,,Ski Line,site-ski-line,,,2026-10-06,Ski Line: https://www.skiline.co.uk/ski-holidays/france/val-disere/chalet-brunswick; range GBP 1329-1669 per-person; operator per Ski Line: Ski Vertigo
sno-chalet-columbia,,Ski Vertigo,,,,,,,,,,,,,fireplace,,,,,,,,,,,,,,,,,Ski Line,site-ski-line,,,2026-10-06,Ski Line: https://www.skiline.co.uk/ski-holidays/france/val-disere/chalet-columbia; range GBP 1329-1649 per-person; operator per Ski Line: Ski Vertigo
crystal-residence-la-daille,Residence La Daille,Crystal,Val d'Isère,Espace Killy (Tignes – Val d'Isère),France,,6,,,apartment,self-catered,self-catered,none,no,,,unknown,Saturday,,per-person,GBP,season-range,1342,1855,,"flights, transfers + board (Ski Line package)",unknown,,,"Want the same world-class skiing as Val d’Isère, but without splashing the cash? Take a look at these great-value apartments in the linked hamlet of La Daille. With the speedy Funival funicular opposite, you’ll be up the mountain in moments, ...",https://www.skiline.co.uk/ski-holidays/france/val-disere/residence-la-daille-2,Ski Line,site-ski-line,5,chalets/images/crystal-residence-la-daille/,2026-10-06,no 20/21 Mar 2027 departure in Ski Line price list; Ski Line prices GBP pp; Ski Line resort 'Val d'Isere'
crystal-hotel-ski-lodge-val-disere,Hotel Ski Lodge – Val d’Isere,Crystal,Val d'Isère,Espace Killy (Tignes – Val d'Isère),France,,50,,,hotel,half-board,,none,yes,"steam room, fireplace",,unknown,Saturday,1480,per-person,GBP,exact-week,1389,2169,,mixed: some departures include travel,yes,,,"The Ski Lodge is a top pick in one of France’s chicest resorts. It’s got the look of a traditional chalet, with wood panelling and natural stone, plush carpets and faux fur throws. And location-wise, you're in a quiet spot ...",https://www.skiline.co.uk/ski-holidays/france/val-disere/hotel-ski-lodge-2,Ski Line,site-ski-line,5,chalets/images/crystal-hotel-ski-lodge-val-disere/,2026-10-06,"20 Mar price from Ski Line (London Gatwick, Twin Room with Balcony - (price pp based on 2 sharing)); Ski Line prices GBP pp; Ski Line resort 'Val d'Isere'"
crystal-hotel-victoria-lodge,Hotel Victoria Lodge,Crystal,Val d'Isère,Espace Killy (Tignes – Val d'Isère),France,,50,,,hotel,half-board,,yes-type-unknown,yes,,,unknown,Saturday,1532,per-person,GBP,exact-week,1418,1974,,"flights, transfers + board (Ski Line package)",yes,,,"Alpine charm meets Scandi chic at the Victoria Lodge – a stylish, modern stay just a short stroll from the heart of the old village. Built from chunky stone and timber, the building itself has that authentic Savoyard look. Step ...",https://www.skiline.co.uk/ski-holidays/france/val-disere/hotel-victoria-lodge,Ski Line,site-ski-line,5,chalets/images/crystal-hotel-victoria-lodge/,2026-10-06,"20 Mar price from Ski Line (London Gatwick, Quad Room with Balcony - (price pp based on 2 sharing)); hot tub per Ski Line facility flag; Ski Line prices GBP pp; Ski Line resort 'Val d'Isere'; Ski Line hot-tub flag on a residence/hotel: probably shared spa (pass2: hot tub type)"
crystal-avenue-lodge-hotel,Avenue Lodge Hotel,Crystal,Val d'Isère,Espace Killy (Tignes – Val d'Isère),France,,50,,,hotel,breakfast-only,,yes-type-unknown,yes,"steam room, fireplace",,unknown,Saturday,1866,per-person,GBP,exact-week,1537,3455,,mixed: some departures include travel,yes,,,"The Avenue Lodge Hotel is in an enviable position in the heart of Val d'Isère, just 5 minutes' walk from the Solaise and Bellevarde ski lifts. This fabulous hotel has an elegant Savoyard chalet design with stylish furnishings. The cosy ...",https://www.skiline.co.uk/ski-holidays/france/val-disere/avenue-lodge-hotel,Ski Line,site-ski-line,5,chalets/images/crystal-avenue-lodge-hotel/,2026-10-06,"20 Mar price from Ski Line (London Gatwick, Double Room - (price pp based on 2 sharing)); hot tub per Ski Line facility flag; Ski Line prices GBP pp; Ski Line resort 'Val d'Isere'; Ski Line hot-tub flag on a residence/hotel: probably shared spa (pass2: hot tub type)"
allchalets-chalet-cairn,,Crystal,,Espace Killy (Tignes – Val d'Isère),,,,,,,,self-catered,,,,,,,,,,,,,,,,,,,,Ski Line,site-ski-line,,,2026-10-06,Ski Line: https://www.skiline.co.uk/ski-holidays/france/val-disere/residence-le-cairn; 20 Mar GBP 2024 per-person; range GBP 1635-3564 per-person; available 20 Mar: yes; operator per Ski Line: Crystal
crystal-hotel-le-val-disere,Hotel Le Val d’Isere,Crystal,Val d'Isère,Espace Killy (Tignes – Val d'Isère),France,,50,,,hotel,breakfast-only,,none,yes,"pool, steam room, fireplace",,unknown,Saturday,,per-person,GBP,season-range,1730,2441,,mixed: some departures include travel,unknown,,,"This chalet-style hotel has a prime spot right in the heart of the resort. Step outside and it’s only a short stroll to Val d’Isère’s shops, restaurants and lively bars. And when it’s time to head to the slopes, just ...",https://www.skiline.co.uk/ski-holidays/france/val-disere/hotel-le-val-disere-3,Ski Line,site-ski-line,5,chalets/images/crystal-hotel-le-val-disere/,2026-10-06,no 20/21 Mar 2027 departure in Ski Line price list; Ski Line prices GBP pp; Ski Line resort 'Val d'Isere'
sno-chalet-tolima,,Ski World,,,,,,,,,,,,,,,,,,,,,,,,,,,,,,Ski Line,site-ski-line,,,2026-10-06,Ski Line: https://www.skiline.co.uk/ski-holidays/france/val-disere/chalet-tolima; range GBP 1789-1899 per-person; operator per Ski Line: Ski World
crystal-residence-chalet-skadi,Residence Chalet Skadi,Crystal,Val d'Isère,Espace Killy (Tignes – Val d'Isère),France,,4,,,apartment,self-catered,self-catered,yes-type-unknown,yes,"pool, steam room, fireplace",,unknown,Saturday,2103,per-person,GBP,exact-week,1851,3388,,"flights, transfers + board (Ski Line package)",yes,,,"Get 5-star luxury with the freedom of self-catering, in the heart of Val d’Isère. The residence is in a fantastic location, just 5 minutes’ walk from the resort centre, lifts and nearest supermarket – plus, there’s a ski bus stop ...",https://www.skiline.co.uk/ski-holidays/france/val-disere/residence-chalet-skadi-4,Ski Line,site-ski-line,5,chalets/images/crystal-residence-chalet-skadi/,2026-10-06,"20 Mar price from Ski Line (London Gatwick, 2 Bedroom Apartment with Balcony - (price pp based on 2 sharing)); hot tub per Ski Line facility flag; Ski Line prices GBP pp; Ski Line resort 'Val d'Isere'; Ski Line hot-tub flag on a residence/hotel: probably shared spa (pass2: hot tub type)"
ingenie-valdisere-chalet-chalet-rocher,,Consensio,,,,,,,,,,,,,"pool, steam room, fireplace, resort driver/minibus",,unknown,,,,,,,,,,,,,"Chalet Le Rocher truly is an extraordinary chalet, perfectly merging cutting edge style and innovation. Everything has been considered to bring you the ultimate ski chalet. Take the lift to the second floor and you are wowed by the magnificent ...",,Ski Line,site-ski-line,,,2026-10-06,Ski Line: https://www.skiline.co.uk/ski-holidays/france/val-disere/chalet-le-rocher; range GBP 2097-5321 per-person; operator per Ski Line: Consensio
ingenie-valdisere-chalet-chalet-lhotse,,Consensio,,,,,,6,,,,,,,"pool, steam room, fireplace, resort driver/minibus",,unknown,,,,,,,,,,,,,"Chalet Lhotse is a unique chalet. Located in the heart of the high altitude resort of Val d’Isère, this luxury chalet retains a feeling of exclusivity and enjoys stunning views of the infamous La Face piste. The property is spread ...",,Ski Line,site-ski-line,,,2026-10-06,Ski Line: https://www.skiline.co.uk/ski-holidays/france/val-disere/chalet-lhotse; 20 Mar GBP 4136 per-person; range GBP 2447-4862 per-person; available 20 Mar: yes; operator per Ski Line: Consensio
sno-chalet-blackcomb,,Consensio,,,,,,,,,,,,,,,,,,,,,,,,,,,,,,Ski Line,site-ski-line,,,2026-10-06,Ski Line: https://www.skiline.co.uk/ski-holidays/france/val-disere/chalet-blackcomb; 20 Mar GBP 3193 per-person; range GBP 2716-4284 per-person; available 20 Mar: yes; operator per Ski Line: Consensio
ingenie-valdisere-chalet-chalet-marco-polo,,Consensio,,,,,,,,,,,,,"pool, steam room, fireplace, resort driver/minibus",,unknown,,,,,,,,,,,,,"Chalet Marco Polo is situated in the heart of the French ski resort of Val d’Isère. Discreetly set back from the main road, it offers the dual benefit of privacy and easy access to the town centre. The chalet comfortably ...",,Ski Line,site-ski-line,,,2026-10-06,Ski Line: https://www.skiline.co.uk/ski-holidays/france/val-disere/chalet-marco-polo; range GBP 3128-14881 per-person; operator per Ski Line: Consensio
sno-chalet-lashca,,Bramble Ski,,,,,,,,,,Standard Services Exclusive use of the chalet; Concierge service prior to arrival and for the duration of the stay; Complimentary ski instructor for the first two days of your stay; ...,,,,,,,,,,,,,,,,,,,,Ski Line,site-ski-line,,,2026-10-06,Ski Line: https://www.skiline.co.uk/ski-holidays/france/val-disere/chalet-lashca; 20 Mar GBP 6641 per-person; range GBP 6460-9982 per-person; available 20 Mar: yes; operator per Ski Line: Bramble Ski
sno-chalet-la-belle-etoile,,Le Ski,,,,,,,,,,,,,,,,,,,,,,,,,,,,,,Ski Line,site-ski-line,,,2026-10-06,Ski Line: https://www.skiline.co.uk/ski-holidays/france/val-disere/chalet-la-belle-etoile; 20 Mar GBP 1651 per-person; range GBP 1071-2328 per-person; available 20 Mar: yes; operator per Ski Line: Le Ski
ski-france-chalet-falaise,Chalet Falaise,Ski France,Val d'Isère,Espace Killy (Tignes – Val d'Isère),France,,8,,,chalet,catered,"Please Note - This operator features two types of Contactless Catering, Classic and Premium. Please see the description above for full details on which of these two options is included ...",none,no,fireplace,700,unknown,Saturday,1323,per-person,GBP,exact-week,1040,2413,,"accommodation + board, no travel (Ski Line)",yes,,,"Hidden in a quiet, peaceful hamlet on the hillside overlooking Val d’Isère, Chalet Falaise is blessed with extensive views of the valley and mountains. The ski lifts and village centre are just 700m away, and with a private shuttle journey ...",https://www.skiline.co.uk/ski-holidays/france/val-disere/chalet-falaise,Ski Line,site-ski-line,5,chalets/images/ski-france-chalet-falaise/,2026-10-06,20 Mar price from Ski Line (Independent Travel); Ski Line board 'Chalet Club Board'; Ski Line prices GBP pp; Ski Line resort 'Val d'Isere'
ski-france-chalet-andes,Chalet Andes,Ski France,Val d'Isère,Espace Killy (Tignes – Val d'Isère),France,,8,5,,chalet,catered,"Please Note - This operator features two types of Contactless Catering, Classic and Premium. Please see the description above for full details on which of these two options is included ...",none,no,fireplace,350,unknown,Saturday,,per-person,GBP,season-range,1489,1856,,"accommodation + board, no travel (Ski Line)",unknown,,,"Chalet Andes’ location is extremely hard to beat. Tucked away in the very centre of Val d’Isère, just 350m from the snow front and no distance at all from the many restaurants and shops, it offers the ultimate in comfort ...",https://www.skiline.co.uk/ski-holidays/france/val-disere/chalet-andes,Ski Line,site-ski-line,5,chalets/images/ski-france-chalet-andes/,2026-10-06,no 20/21 Mar 2027 departure in Ski Line price list; Ski Line board 'Chalet Club Board'; Ski Line prices GBP pp; Ski Line resort 'Val d'Isere'
odalys-residence-les-jardins-de-val-les-verdets,Residence Les Jardins de Val – Les Verdets,Odalys,Val d'Isère,Espace Killy (Tignes – Val d'Isère),France,,6,,,apartment,self-catered,self-catered,none,no,,300,unknown,Saturday,216,per-person,GBP,exact-week,158,555,,"accommodation + board, no travel (Ski Line)",yes,,,"In a large, chalet-style building the Residence les Jardins de Val et les Verdets offers holiday rentals for your mountain holiday ranging from studios for 4 people to 1 bedroom apartments for 6 people. Nicely decorated and well-equipped the accommodation ...",https://www.skiline.co.uk/ski-holidays/france/val-disere/residence-les-jardins-de-val-les-verdets,Ski Line,site-ski-line,5,chalets/images/odalys-residence-les-jardins-de-val-les-verdets/,2026-10-06,20 Mar price from Ski Line (Independent Travel); Ski Line prices GBP pp; Ski Line resort 'Val d'Isere'
odalys-residence-les-hauts-du-rogoney,Residence Les Hauts du Rogoney,Odalys,Val d'Isère,Espace Killy (Tignes – Val d'Isère),France,,6,,,apartment,self-catered,self-catered,none,no,,,unknown,Saturday,280,per-person,GBP,exact-week,194,693,,"accommodation + board, no travel (Ski Line)",yes,,,"Ideally located in the ski resort of Val d’Isere, your Odalys residence offers holiday rentals ranging from studios with sleeping alcove for 4 people to 1 bedroom apartments for 6 people. Well-equipped with all the home comforts needed for your ...",https://www.skiline.co.uk/ski-holidays/france/val-disere/residence-les-hauts-du-rogoney,Ski Line,site-ski-line,4,chalets/images/odalys-residence-les-hauts-du-rogoney/,2026-10-06,20 Mar price from Ski Line (Independent Travel); Ski Line prices GBP pp; Ski Line resort 'Val d'Isere'
consensio-apartment-luna,Apartment Luna,Consensio,Val d'Isère,Espace Killy (Tignes – Val d'Isère),France,,8,,,apartment,self-catered,self-catered,none,no,fireplace,,unknown,Saturday,,per-person,GBP,season-range,866,2357,,"accommodation + board, no travel (Ski Line)",unknown,,,"Apartment Luna is a brand-new masterpiece, meticulously crafted and set to debut in winter 2024/25, promising an unparalleled alpine experience in the heart of Val d’Isère. With enviable access to both the Bellevarde and Solaise mountains, this luxury apartment ensures ...",https://www.skiline.co.uk/ski-holidays/france/val-disere/apartment-luna,Ski Line,site-ski-line,5,chalets/images/consensio-apartment-luna/,2026-10-06,no 20/21 Mar 2027 departure in Ski Line price list; Ski Line prices GBP pp; Ski Line resort 'Val d'Isere'
crystal-alpina-lodge-apartments,Alpina Lodge Apartments,Crystal,Val d'Isère,Espace Killy (Tignes – Val d'Isère),France,,7,,,apartment,self-catered,self-catered,none,no,,,unknown,Saturday,1067,per-person,GBP,exact-week,936,2173,,"flights, transfers + board (Ski Line package)",yes,,,"The very popular Alpina Lodge apartments offer good quality accommodation in an excellent central location. All apartments are well equipped and offer a warm and welcoming atmosphere. Essentials Excellent location, value hotel in the very heart of Val d'Isere, on ...",https://www.skiline.co.uk/ski-holidays/france/val-disere/alpina-lodge-apartments,Ski Line,site-ski-line,1,chalets/images/crystal-alpina-lodge-apartments/,2026-10-06,"20 Mar price from Ski Line (London Gatwick, Studio - (price pp based on 2 sharing)); Ski Line prices GBP pp; Ski Line resort 'Val d'Isere'"
crystal-hotel-les-cretes-blanches,Hotel Les Cretes Blanches,Crystal,Val d'Isère,Espace Killy (Tignes – Val d'Isère),France,,60,,,hotel,breakfast-only,,none,no,,,unknown,Saturday,1056,per-person,GBP,exact-week,985,1667,,mixed: some departures include travel,yes,,,"Located in the centre of Val d'Isère, the Hotel Les Crêtes Blanches is close to the shops and bars of the town, and just 4 minutes' walk to the Solaise lift, so you can be on the slopes in no ...",https://www.skiline.co.uk/ski-holidays/france/val-disere/hotel-les-cretes-blanches,Ski Line,site-ski-line,1,chalets/images/crystal-hotel-les-cretes-blanches/,2026-10-06,"20 Mar price from Ski Line (London Gatwick, Twin Room - (price pp based on 2 sharing)); Ski Line prices GBP pp; Ski Line resort 'Val d'Isere'"
consensio-apartment-flora,Apartment Flora,Consensio,Val d'Isère,Espace Killy (Tignes – Val d'Isère),France,,6,,,apartment,self-catered,self-catered,none,no,fireplace,,unknown,Saturday,1002,per-person,GBP,exact-week,1002,1888,,"accommodation + board, no travel (Ski Line)",yes,,,"Introducing Apartment Flora, an exquisite brand-new luxury haven set to premiere in Winter 2024/25, promising an unmatched experience amidst the breathtaking snowy vistas of Val d’Isère. Perfectly situated in a perfect position from both the Bellevarde and Solaise mountains, this ...",https://www.skiline.co.uk/ski-holidays/france/val-disere/apartment-flora,Ski Line,site-ski-line,5,chalets/images/consensio-apartment-flora/,2026-10-06,20 Mar price from Ski Line (Independent Travel); Ski Line prices GBP pp; Ski Line resort 'Val d'Isere'
bel-val-chalet-cristal-b,Chalet Cristal B,Bel Val,Val d'Isère,Espace Killy (Tignes – Val d'Isère),France,,10,4,,chalet,self-catered,self-catered,none,no,"steam room, fireplace",,yes,Saturday,1353,per-person,GBP,exact-week,1005,2330,,"accommodation + board, no travel (Ski Line)",yes,,,"Our chalet is located in the prestigious Les Carats and offers luxurious facilities, a top class service and an amazing panoramic view of the mountains. Being just a few meters away from the Olympic slope Bellevarde, it is the ideal ...",https://www.skiline.co.uk/ski-holidays/france/val-disere/chalet-cristal-b,Ski Line,site-ski-line,5,chalets/images/bel-val-chalet-cristal-b/,2026-10-06,20 Mar price from Ski Line (Independent Travel); Ski Line prices GBP pp; Ski Line resort 'Val d'Isere'
consensio-apartment-aurora,Apartment Aurora,Consensio,Val d'Isère,Espace Killy (Tignes – Val d'Isère),France,,8,,,apartment,self-catered,self-catered,yes-type-unknown,yes,"steam room, fireplace",,unknown,Saturday,,per-person,GBP,season-range,1015,1434,,"accommodation + board, no travel (Ski Line)",unknown,,,"Apartment Aurora is a newly unveiled luxury sanctuary set to make its grand debut in Winter 2024/25, promising an unmatched experience amidst the majestic snow-capped beauty of Val d’Isère. Positioned for ultimate convenience, Apartment Aurora sits between the Bellevarde and ...",https://www.skiline.co.uk/ski-holidays/france/val-disere/apartment-aurora,Ski Line,site-ski-line,5,chalets/images/consensio-apartment-aurora/,2026-10-06,no 20/21 Mar 2027 departure in Ski Line price list; hot tub per Ski Line facility flag; Ski Line prices GBP pp; Ski Line resort 'Val d'Isere'; Ski Line hot-tub flag on a residence/hotel: probably shared spa (pass2: hot tub type)
crystal-balcons-de-bellevarde-apartments,Balcons de Bellevarde Apartments,Crystal,Val d'Isère,Espace Killy (Tignes – Val d'Isère),France,,7,,,apartment,self-catered,self-catered,none,no,,,unknown,Saturday,1112,per-person,GBP,exact-week,1063,1782,,"flights, transfers + board (Ski Line package)",yes,,,"These apartments are located in La Daille, a satellite village of Val d'Isère. This popular residence enjoys a very sunny position at the foot of the mountain, opposite the La Daille shopping arcade. Entirely refurbished, the apartments are comfortable and ...",https://www.skiline.co.uk/ski-holidays/france/val-disere/balcons-de-bellevarde-apartments,Ski Line,site-ski-line,5,chalets/images/crystal-balcons-de-bellevarde-apartments/,2026-10-06,"20 Mar price from Ski Line (London Gatwick, 1 Bedroom Apartment with Mountain View - (price pp based on 2 sharing)); Ski Line prices GBP pp; Ski Line resort 'Val d'Isere'"
consensio-apartment-ceres,Apartment Ceres,Consensio,Val d'Isère,Espace Killy (Tignes – Val d'Isère),France,,6,,,apartment,self-catered,self-catered,none,no,fireplace,,unknown,Saturday,1094,per-person,GBP,exact-week,1094,2974,,"accommodation + board, no travel (Ski Line)",yes,,,"Introducing Apartment Ceres, a brand-new luxury retreat poised to debut in Winter 2024/25, offering an unparalleled experience amidst the snow-capped splendour of Val d’Isère. Nestled amidst the pristine beauty of the French Alps. Ideal for both family gatherings and intimate ...",https://www.skiline.co.uk/ski-holidays/france/val-disere/apartment-ceres,Ski Line,site-ski-line,5,chalets/images/consensio-apartment-ceres/,2026-10-06,20 Mar price from Ski Line (Independent Travel); Ski Line prices GBP pp; Ski Line resort 'Val d'Isere'
bel-val-chalet-cristal-a,Chalet Cristal A,Bel Val,Val d'Isère,Espace Killy (Tignes – Val d'Isère),France,,12,5,,chalet,self-catered,self-catered,none,no,"steam room, fireplace",,yes,Saturday,,per-person,GBP,season-range,1120,2493,,"accommodation + board, no travel (Ski Line)",unknown,,,"Our chalet is located in the prestigious Les Carats and offers luxurious facilities, a top class service and an amazing panoramic view of the mountains. Being just a few meters away from the Olympic slope Bellevarde, it is the ideal ...",https://www.skiline.co.uk/ski-holidays/france/val-disere/chalet-cristal-a,Ski Line,site-ski-line,5,chalets/images/bel-val-chalet-cristal-a/,2026-10-06,no 20/21 Mar 2027 departure in Ski Line price list; Ski Line prices GBP pp; Ski Line resort 'Val d'Isere'
sno-grand-pre-2,,Bramble Ski,,,,,,,,,,self-catered,,,,,,,,,,,,,,,,,,,,Ski Line,site-ski-line,,,2026-10-06,Ski Line: https://www.skiline.co.uk/ski-holidays/france/val-disere/grand-pre-2; 20 Mar GBP 1380 per-person; range GBP 1181-2942 per-person; available 20 Mar: yes; operator per Ski Line: Bramble Ski
sno-grand-pre-4,,Bramble Ski,,,,,,,,,,self-catered,,,,,,,,,,,,,,,,,,,,Ski Line,site-ski-line,,,2026-10-06,Ski Line: https://www.skiline.co.uk/ski-holidays/france/val-disere/grand-pre-4; 20 Mar GBP 1934 per-person; range GBP 1692-2967 per-person; available 20 Mar: yes; operator per Ski Line: Bramble Ski
sno-chalet-1850,,Bramble Ski,,,,,,,,,,self-catered,,,,,,,,,,,,,,,,,,,,Ski Line,site-ski-line,,,2026-10-06,Ski Line: https://www.skiline.co.uk/ski-holidays/france/val-disere/chalet-1850; 20 Mar GBP 2558 per-person; range GBP 1906-6394 per-person; available 20 Mar: yes; operator per Ski Line: Bramble Ski
consensio-chalet-juno,Chalet Juno,Consensio,Val d'Isère,Espace Killy (Tignes – Val d'Isère),France,,12,,,chalet,catered,This chalet is sold on a 'Relaxed Catered Chalet' basis. To find out more about what is included in a Relaxed Catered Chalet please click on the 'Catering' section below. ...,private-outdoor,yes,pool,,yes,Sunday,,per-person,GBP,season-range,2798,4282,,"accommodation + board, no travel (Ski Line)",unknown,,,"Welcome to Chalet Juno, where modern luxury meets alpine charm in the heart of Val d’Isère. Nestled just 450 meters from the vibrant centre of the village, this chalet offers the perfect fusion of convenience and tranquillity. Boasting ski-in/ski-out access ...",https://www.skiline.co.uk/ski-holidays/france/val-disere/chalet-juno,Ski Line,site-ski-line,5,chalets/images/consensio-chalet-juno/,2026-10-06,no 20/21 Mar 2027 departure in Ski Line price list; hot tub per Ski Line facility flag; Ski Line prices GBP pp; Ski Line resort 'Val d'Isere'
purple-ski-chalet-inoko,Chalet Inoko,Purple Ski,Val d'Isère,Espace Killy (Tignes – Val d'Isère),France,,14,,,chalet,catered,"Beautiful food and wine are central to this operator's experience. After a long day on the slopes, what can be better than sharing your adventures with friends and family over ...",private-outdoor,yes,"pool, fireplace, resort driver/minibus",,unknown,Sunday,4075,per-person,GBP,exact-week,3306,8256,,"accommodation + board, no travel (Ski Line)",yes,,,"Overlooking Val d'Isère from a privileged position just above the central 'Petit Alaska' area, Inoko's location tucked away in the trees is immensely private and yet just a short chauffeured minibus ride from the snow front and the resort's infamous ...",https://www.skiline.co.uk/ski-holidays/france/val-disere/chalet-inoko-2,Ski Line,site-ski-line,5,chalets/images/purple-ski-chalet-inoko/,2026-10-06,20 Mar price from Ski Line (Independent Travel); hot tub per Ski Line facility flag; Ski Line prices GBP pp; Ski Line resort 'Val d'Isere'
ingenie-valdisere-chalet-chalet-des-legendes,,Consensio,,,,,,5,,,,,,,"pool, fireplace",,unknown,,,,,,,,,,,,,"Nestled in the exclusive enclave of Les Balmes in Val d’Isère, Chalet des Légendes offers a seamless blend of Alpine charm and contemporary elegance. Designed for discerning guests seeking a truly exceptional retreat, this newly crafted chalet redefines the traditional ...",,Ski Line,site-ski-line,,,2026-10-06,Ski Line: https://www.skiline.co.uk/ski-holidays/france/val-disere/chalet-des-legendes; range GBP 3326-10264 per-person; operator per Ski Line: Consensio
sno-chalet-machapuchare,,Purple Ski,,,,,,,,,,,,,"pool, resort driver/minibus",,,,,,,,,,,,,,,,,Ski Line,site-ski-line,,,2026-10-06,Ski Line: https://www.skiline.co.uk/ski-holidays/france/val-disere/chalet-machapuchare-2; 20 Mar GBP 4630 per-person; range GBP 3726-4630 per-person; available 20 Mar: yes; operator per Ski Line: Purple Ski
purple-ski-chalet-cervinia,Chalet Cervinia,Purple Ski,Val d'Isère,Espace Killy (Tignes – Val d'Isère),France,,10,,,chalet,catered,"Beautiful food and wine are central to this operator's experience. After a long day on the slopes, what can be better than sharing your adventures with friends and family over ...",private-indoor,yes,fireplace,,unknown,Sunday,4191,per-person,GBP,exact-week,4191,4833,,"accommodation + board, no travel (Ski Line)",yes,,,"Tucked away in the quiet lanes of the charming Le Joseray area of Val d'Isère, Chalet Cervinia is a hidden gem. Spanning three spectacular floors, this brand-new luxury retreat effortlessly blends classic alpine design with state-of-the-art facilities. It’s peppered with ...",https://www.skiline.co.uk/ski-holidays/france/val-disere/chalet-cervinia,Ski Line,site-ski-line,5,chalets/images/purple-ski-chalet-cervinia/,2026-10-06,20 Mar price from Ski Line (Independent Travel); Ski Line prices GBP pp; Ski Line resort 'Val d'Isere'
skiline-le-chalet-de-montchavin,Le Chalet de Montchavin,,,,,,8,,,apartment,self-catered,self-catered,none,yes,,,unknown,,,,,quote-needed,,,,,unknown,,,"Overview Résidence Le Chalet de Montchavin boasts 24 3* apartments, split across five floors, in a fantastic location. Located just 100m from the nearest ski lift and 150m from the resort centre, the residence provides easy access to the charming ...",https://www.skiline.co.uk/ski-holidays/france/val-disere/le-chalet-de-montchavin,Ski Line,site-ski-line,4,chalets/images/skiline-le-chalet-de-montchavin/,2026-10-06,no 20/21 Mar 2027 departure in Ski Line price list; operator not named (Ski Line sitemap-only page); sitemap-only (not in Ski Line search)
skiline-apartments-les-chalets-de-solaise,Apartments Les Chalets De Solaise,,,,,,7,,,apartment,self-catered,self-catered,none,yes,pool,,unknown,,,,,quote-needed,,,,,unknown,,,"Known locally as P&V Centre, this residence is popular due to its great location close to the centre of Val d’Isère, with all the shops and nightlife. Within the residence, there is an outdoor free heated swimming pool, fitness room ...",https://www.skiline.co.uk/ski-holidays/france/val-disere/apartments-les-chalets-de-solaise,Ski Line,site-ski-line,5,chalets/images/skiline-apartments-les-chalets-de-solaise/,2026-10-06,no 20/21 Mar 2027 departure in Ski Line price list; operator not named (Ski Line sitemap-only page); sitemap-only (not in Ski Line search)
skiline-les-chalets-de-solaise-ski-apartments,Les Chalets de Solaise Ski Apartments,,,,,,7,,,apartment,self-catered,self-catered,none,yes,pool,,unknown,,,,,quote-needed,,,,,unknown,,,"The Les Chalets de Solaise residence is located in the heart of Val d'Isère, a dynamic resort dedicated to winter sports in the Espace Val d'Isère/Tignes with ""Family Plus"" certification. Your residence is in a totally winter sports-focussed resort. It ...",https://www.skiline.co.uk/ski-holidays/france/val-disere/les-chalets-de-solaise-ski-apartments,Ski Line,site-ski-line,0,,2026-10-06,no 20/21 Mar 2027 departure in Ski Line price list; operator not named (Ski Line sitemap-only page); sitemap-only (not in Ski Line search)
skiline-chalets-du-jardin-alpin,Chalets Du Jardin Alpin,,,,,,12,,,apartment,self-catered,self-catered,none,yes,steam room,,unknown,,,,,quote-needed,,,,,unknown,,,"This high quality residence is located in the tranquil La Legettaz area of Val d’Isère and is extremely popular with guests. Situated at the foot of the Solaise Massif, and with direct access to the slopes, Les Chalets du Jardin ...",https://www.skiline.co.uk/ski-holidays/france/val-disere/les-chalets-du-jardin-alpin,Ski Line,site-ski-line,5,chalets/images/skiline-chalets-du-jardin-alpin/,2026-10-06,no 20/21 Mar 2027 departure in Ski Line price list; operator not named (Ski Line sitemap-only page); sitemap-only (not in Ski Line search)
sno-chalet-genepy,,,,,,,,,,,,"Beautiful food and wine are central to this operator's experience. After a long day on the slopes, what can be better than sharing your adventures with friends and family over ...",,,,,,,,,,,,,,,,,,,,Ski Line,site-ski-line,,,2026-10-06,Ski Line: https://www.skiline.co.uk/ski-holidays/france/val-disere/chalet-genepy-2
skiline-chalet-o-valala,Chalet O Valala,,,,,,13,,,chalet,catered,,private-outdoor,no,"pool, fireplace",,unknown,,,,,quote-needed,,,,,unknown,,,The Chalet Ô Valala on a quiet mountain side offers a magnificent view of the mountains of Solaise and Bellevarde in the countryside just minutes from downtown and the slopes. Enjoy a sumptuous panorama with the famous V of Val ...,https://www.skiline.co.uk/ski-holidays/france/val-disere/chalet-o-valala,Ski Line,site-ski-line,0,,2026-10-06,no 20/21 Mar 2027 departure in Ski Line price list; hot tub per Ski Line facility flag; operator not named (Ski Line sitemap-only page); sitemap-only (not in Ski Line search)
skiline-residence-chalet-skadi,Residence-Chalet Skadi,,,,,,6,,,apartment,self-catered,self-catered,yes-type-unknown,yes,"pool, fireplace",,unknown,,,,,quote-needed,,,,,unknown,,,Constructed and run by hotelier Village Montana. Situated just a five minute walk to the centre of town and ski school meeting point this luxury 5* accommodation provides the ultimate in skiing convenience- not to mention the ski bus stops ...,https://www.skiline.co.uk/ski-holidays/france/val-disere/residence-chalet-skadi,Ski Line,site-ski-line,0,,2026-10-06,no 20/21 Mar 2027 departure in Ski Line price list; hot tub per Ski Line facility flag; operator not named (Ski Line sitemap-only page); sitemap-only (not in Ski Line search); Ski Line hot-tub flag on a residence/hotel: probably shared spa (pass2: hot tub type)
sno-chalet-thovex,,,,,,,,,,,,,,,,,,,,,,,,,,,,,,,,Ski Line,site-ski-line,,,2026-10-06,Ski Line: https://www.skiline.co.uk/ski-holidays/france/val-disere/chalet-thovex
simplyvaldisere-chalet-bonne-neige,,,,,,,,,,,,,,,,,unknown,,,,,,,,,,,,,,,Ski Line,site-ski-line,,,2026-10-06,Ski Line: https://www.skiline.co.uk/ski-holidays/france/val-disere/chalet-bonne-neige
sno-chalet-appaloosa,,,,,,,,,,,,,,,,,,,,,,,,,,,,,,,,Ski Line,site-ski-line,,,2026-10-06,Ski Line: https://www.skiline.co.uk/ski-holidays/france/val-disere/chalet-appaloosa-2
sno-chalet-la-rocheure,,,,,,,,,,,,,,,,,,,,,,,,,,,,,,,,Ski Line,site-ski-line,,,2026-10-06,Ski Line: https://www.skiline.co.uk/ski-holidays/france/val-disere/chalet-la-rocheure-2
skiline-chalet-du-jardin-alpin-2,Chalet Du Jardin Alpin 2,,,,,,4,,,chalet,self-catered,self-catered,none,yes,,,unknown,,,,,quote-needed,,,,,unknown,,,The town centre is 1000 m. the shops are 1000 m. the ski school is 1000 m. the train station is 34 Km. Location : the town centre is 1000 m. the shops are 1000 m. the ski school is ...,https://www.skiline.co.uk/ski-holidays/france/val-disere/chalet-du-jardin-alpin-2,Ski Line,site-ski-line,5,chalets/images/skiline-chalet-du-jardin-alpin-2/,2026-10-06,no 20/21 Mar 2027 departure in Ski Line price list; operator not named (Ski Line sitemap-only page); sitemap-only (not in Ski Line search)
skiline-le-chalet-denali,Le Chalet Denali,,,,,,8,,,chalet,self-catered,self-catered,private-outdoor,no,fireplace,,unknown,,,,,quote-needed,,,,,unknown,,,The Denali chalet is located in the Petit Alaska area of the Val d'Isère resort. It is 1.2 kilometers from the resort center and 1 kilometer from the ski lifts. You can access the slopes with a private shuttle. This ...,https://www.skiline.co.uk/ski-holidays/france/val-disere/le-chalet-denali,Ski Line,site-ski-line,5,chalets/images/skiline-le-chalet-denali/,2026-10-06,no 20/21 Mar 2027 departure in Ski Line price list; hot tub per Ski Line facility flag; operator not named (Ski Line sitemap-only page); sitemap-only (not in Ski Line search)
skiline-residence-les-chalets-de-solaise,Residence Les Chalets de Solaise,,,,,,3,,,apartment,self-catered,self-catered,none,no,,,unknown,,,,,quote-needed,,,,,unknown,,,"What's Included Eurostar seat ✔ Transfers ✔ Accommodation ✔ Ski pass ✔ Located in the heart of the mountains, the Les Chalets de Solaise residence welcomes you for your stay. A few meters from local shops, the accommodation provides you ...",https://www.skiline.co.uk/ski-holidays/france/val-disere/les-chalets-de-solaise-2,Ski Line,site-ski-line,5,chalets/images/skiline-residence-les-chalets-de-solaise/,2026-10-06,no 20/21 Mar 2027 departure in Ski Line price list; operator not named (Ski Line sitemap-only page); sitemap-only (not in Ski Line search)
sno-chalet-aster,,,,,,,,,,,,self-catered,,,,,,,,,,,,,,,,,,,,Ski Line,site-ski-line,,,2026-10-06,Ski Line: https://www.skiline.co.uk/ski-holidays/france/val-disere/chalet-aster
sno-chalet-tasna,,,,,,,,,,,,,,,,,,,,,,,,,,,,,,,,Ski Line,site-ski-line,,,2026-10-06,Ski Line: https://www.skiline.co.uk/ski-holidays/france/val-disere/chalet-tasna
sno-chalet-arosa,,,,,,,,,,,,,,,,,,,,,,,,,,,,,,,,Ski Line,site-ski-line,,,2026-10-06,Ski Line: https://www.skiline.co.uk/ski-holidays/france/val-disere/le-chalet-arosa
simplyvaldisere-chalet-davos,,,,,,,,,,,,,,,,,unknown,,,,,,,,,,,,,,,Ski Line,site-ski-line,,,2026-10-06,Ski Line: https://www.skiline.co.uk/ski-holidays/france/val-disere/chalet-davos
skiline-chalet-charvet,Chalet Charvet,,,,,,14,7,,chalet,self-catered,self-catered,none,no,fireplace,,unknown,,,,,quote-needed,,,,,unknown,,,What's Included Eurostar seat ✔ Transfers ✔ Accommodation ✔ Ski pass ✔ The flat chalet Charvet is located in the resort of Val d'Isère and next to the Santons piste. It benefits from a ski in/ski out location and is ...,https://www.skiline.co.uk/ski-holidays/france/val-disere/chalet-charvet,Ski Line,site-ski-line,5,chalets/images/skiline-chalet-charvet/,2026-10-06,no 20/21 Mar 2027 departure in Ski Line price list; operator not named (Ski Line sitemap-only page); sitemap-only (not in Ski Line search)
skiline-chalet-lo-soli,Chalet Lo Soli,,,,,,10,4,,chalet,self-catered,self-catered,none,no,fireplace,,unknown,,,,,quote-needed,,,,,unknown,,,"What's Included Eurostar seat ✔ Transfers ✔ Accommodation ✔ Ski pass ✔ The town centre is 1,30 Km. the shops are 1,30 Km. the ski school is 1,30 Km. the train station is 33 Km. Location: the town centre is ...",https://www.skiline.co.uk/ski-holidays/france/val-disere/chalet-lo-soli-2,Ski Line,site-ski-line,5,chalets/images/skiline-chalet-lo-soli/,2026-10-06,no 20/21 Mar 2027 departure in Ski Line price list; operator not named (Ski Line sitemap-only page); sitemap-only (not in Ski Line search)
sno-chalet-acajuma,,,,,,,,,,,,,,,,,,,,,,,,,,,,,,,,Ski Line,site-ski-line,,,2026-10-06,Ski Line: https://www.skiline.co.uk/ski-holidays/france/val-disere/chalet-acajuma
sno-chalet-inuit,,,,,,,,,,,,,,,,,,,,,,,,,,,,,,,,Ski Line,site-ski-line,,,2026-10-06,Ski Line: https://www.skiline.co.uk/ski-holidays/france/val-disere/chalet-inuit
skiline-chalet-santons,Chalet Santons,,,,,,14,7,,chalet,self-catered,self-catered,none,no,fireplace,,unknown,,,,,quote-needed,,,,,unknown,,,What's Included Eurostar seat ✔ Transfers ✔ Accommodation ✔ Ski pass ✔ The flat chalet Santons is located in the resort of Val d'Isère and next to the slope with the same name. It benefits from a ski-in/ski-out location and ...,https://www.skiline.co.uk/ski-holidays/france/val-disere/chalet-santons,Ski Line,site-ski-line,5,chalets/images/skiline-chalet-santons/,2026-10-06,no 20/21 Mar 2027 departure in Ski Line price list; operator not named (Ski Line sitemap-only page); sitemap-only (not in Ski Line search)
sno-chalet-val-rogoney,,,,,,,,,,,,,,,,,,,,,,,,,,,,,,,,Ski Line,site-ski-line,,,2026-10-06,Ski Line: https://www.skiline.co.uk/ski-holidays/france/val-disere/chalet-val-rogoney-3
sno-chalet-le-petit-yeti,,,,,,,,,,,,,,,,,,,,,,,,,,,,,,,,Ski Line,site-ski-line,,,2026-10-06,Ski Line: https://www.skiline.co.uk/ski-holidays/france/val-disere/chalet-petit-yeti
skiline-the-experimental-chalet,The Experimental Chalet,,,,,,100,,,hotel,breakfast-only,,none,yes,"pool, steam room, fireplace",,unknown,,,,,quote-needed,,,,,unknown,,,"Experimental Chalet Val d’Isère is a winter haven of epic proportions. Brought to you by Experimental, this new 4 Star hotel in the French Alps is home to 113 rooms, two restaurants, a cocktail bar, spa and meeting spaces. A ...",https://www.skiline.co.uk/ski-holidays/france/val-disere/the-experimental-chalet,Ski Line,site-ski-line,5,chalets/images/skiline-the-experimental-chalet/,2026-10-06,no 20/21 Mar 2027 departure in Ski Line price list; operator not named (Ski Line sitemap-only page); sitemap-only (not in Ski Line search)
ski-beat-chalet-sorbier,Chalet Sorbier,Ski Beat,La Plagne,Paradiski,France,,6,3,,chalet,catered,"This operator knows how much extra yummy food can add to your ski chalet holiday, that's why they work hard to make sure all of our chalet hosts are trained ...",none,no,,,yes,Saturday,,per-person,GBP,season-range,734,2102,,"flights, transfers + board (Ski Line package)",unknown,,,"Based in La Plagne, Chalets Sorbier 1 and 2 are in an ideal position with superb ski access: they are just 30m from the Plagne 1800 chairlift. This ground floor chalet apartment really is beautifully appointed and tastefully furnished throughout. ...",https://www.skiline.co.uk/ski-holidays/france/la-plagne/chalet-sorbier,Ski Line,site-ski-line,5,chalets/images/ski-beat-chalet-sorbier/,2026-10-06,no 20/21 Mar 2027 departure in Ski Line price list; Ski Line prices GBP pp
ski-beat-chalet-sorbier-2,Chalet Sorbier 2,Ski Beat,La Plagne,Paradiski,France,,6,3,,chalet,catered,"This operator knows how much extra yummy food can add to your ski chalet holiday, that's why they work hard to make sure all of our chalet hosts are trained ...",none,no,fireplace,,unknown,Saturday,1146,per-person,GBP,exact-week,735,2104,,"flights, transfers + board (Ski Line package)",yes,,,"Based in La Plagne, Chalets Sorbier 1 & 2 are in an ideal position with superb ski access: they are just 30m from the Plagne 1800 chairlift. This newly renovated chalet apartment, located above Sorbier 1, is beautifully appointed and ...",https://www.skiline.co.uk/ski-holidays/france/la-plagne/chalet-sorbier-2-2,Ski Line,site-ski-line,5,chalets/images/ski-beat-chalet-sorbier-2/,2026-10-06,20 Mar price from Ski Line (London Gatwick); Ski Line prices GBP pp
will-i-ski-chalet-zibeline,Chalet Zibeline,Will I Ski,La Plagne,Paradiski,France,,8,4,,chalet,catered,The catering package includes breakfast everyday with a hot special 5 mornings of the week. Afternoon tea everyday to fill your stomachs after a long days skiing. 3 course evening ...,none,no,fireplace,,unknown,Saturday,625,per-person,GBP,exact-week,625,1250,,"accommodation + board, no travel (Ski Line)",yes,,,Chalet Zibeline is a bright and spacious chalet with its own private garden and set amongst the pine trees overlooking the village below. The chalet boasts an open plan lounge with comfortable seating and a wood burning stove. There are ...,https://www.skiline.co.uk/ski-holidays/france/la-plagne/chalet-zibeline,Ski Line,site-ski-line,5,chalets/images/will-i-ski-chalet-zibeline/,2026-10-06,20 Mar price from Ski Line (Independent Travel); Ski Line prices GBP pp
will-i-ski-chalet-plume,Chalet Plume,Will I Ski,La Plagne,Paradiski,France,,8,4,,chalet,catered,The catering package includes breakfast everyday with a hot special 5 mornings of the week. Afternoon tea everyday to fill your stomachs after a long days skiing. 3 course evening ...,private-outdoor,yes,fireplace,,unknown,Saturday,800,per-person,GBP,exact-week,600,800,,"accommodation + board, no travel (Ski Line)",yes,,,Chalet Plume is hidden away along a quiet road in La Plagne 1800. The chalet is a traditional build with a warm and welcoming atmosphere. There is a muscle soothing hot tub on the balcony with breathtaking views across the ...,https://www.skiline.co.uk/ski-holidays/france/la-plagne/chalet-plume,Ski Line,site-ski-line,5,chalets/images/will-i-ski-chalet-plume/,2026-10-06,20 Mar price from Ski Line (Independent Travel); hot tub per Ski Line facility flag; Ski Line prices GBP pp
ski-beat-chalet-lupin,Chalet Lupin,Ski Beat,La Plagne,Paradiski,France,,8,,,chalet,catered,"This operator knows how much extra yummy food can add to your ski chalet holiday, that's why they work hard to make sure all of our chalet hosts are trained ...",none,no,,,yes,Saturday,1145,per-person,GBP,exact-week,734,1527,,"flights, transfers + board (Ski Line package)",yes,,,"Based in Plagne 1800, Chalet Lupin is in an ideal position with superb ski access: it is just 30m from the Plagne 1800 chairlift. This ground floor chalet apartment really is beautifully appointed and tastefully furnished throughout. It is ideal ...",https://www.skiline.co.uk/ski-holidays/france/la-plagne/chalet-lupin,Ski Line,site-ski-line,5,chalets/images/ski-beat-chalet-lupin/,2026-10-06,20 Mar price from Ski Line (London Gatwick); Ski Line prices GBP pp
will-i-ski-chalet-choucas,Chalet Choucas,Will I Ski,La Plagne,Paradiski,France,,10,,,chalet,catered,The catering package includes breakfast everyday with a hot special 5 mornings of the week. Afternoon tea everyday to fill your stomachs after a long days skiing. 3 course evening ...,none,no,fireplace,,unknown,Saturday,600,per-person,GBP,exact-week,600,800,,"accommodation + board, no travel (Ski Line)",yes,,,Chalet Choucas is superbly located in the heart La Plagne 1800. A short walk down to the 1800 chairlift and a stone's throw from the exceedingly popular La Mine bar. The chalet has recently been fully renovated to a wonderfully ...,https://www.skiline.co.uk/ski-holidays/france/la-plagne/chalet-choucas-2,Ski Line,site-ski-line,5,chalets/images/will-i-ski-chalet-choucas/,2026-10-06,20 Mar price from Ski Line (Independent Travel); Ski Line prices GBP pp
vip-verdons-suite,Verdons Suite,VIP,La Plagne,Paradiski,France,,8,1,,chalet,catered,This operator believes exceptional service isn't about grand gestures. It's about quietly taking care of the details. The details that make travelling with children easier and a celebration feel special. ...,private-outdoor,no,fireplace,,yes,Sunday,,per-person,GBP,season-range,1052,3219,,"accommodation + board, no travel (Ski Line)",unknown,,,"Perched at an altitude of 2003m in Plagne Centre, The Graciosa offers unparalleled convenience and access to the slopes. A short stroll down the piste connects you to the heart of the resort, or ski straight from the ski room ...",https://www.skiline.co.uk/ski-holidays/france/la-plagne/verdons-suite,Ski Line,site-ski-line,5,chalets/images/vip-verdons-suite/,2026-10-06,no 20/21 Mar 2027 departure in Ski Line price list; hot tub per Ski Line facility flag; Ski Line prices GBP pp
vip-mio-suite,Mio Suite,VIP,La Plagne,Paradiski,France,,8,2,,chalet,catered,This operator believes exceptional service isn't about grand gestures. It's about quietly taking care of the details. The details that make travelling with children easier and a celebration feel special. ...,private-outdoor,no,fireplace,,yes,Sunday,,per-person,GBP,season-range,1139,1856,,"accommodation + board, no travel (Ski Line)",unknown,,,"At the Graciosa, Plagne Centre, perched at 2003m, you're just steps away from the resort via a brief walk down the piste, or you can glide straight from the ski room into the magnificent Paradiski. With sixteen suites, accommodating groups ...",https://www.skiline.co.uk/ski-holidays/france/la-plagne/mio-suite,Ski Line,site-ski-line,5,chalets/images/vip-mio-suite/,2026-10-06,no 20/21 Mar 2027 departure in Ski Line price list; hot tub per Ski Line facility flag; Ski Line prices GBP pp
vip-rochette-suite,Rochette Suite,VIP,La Plagne,Paradiski,France,,10,2,,chalet,catered,This operator believes exceptional service isn't about grand gestures. It's about quietly taking care of the details. The details that make travelling with children easier and a celebration feel special. ...,private-outdoor,no,fireplace,,yes,Sunday,,per-person,GBP,season-range,1030,3197,,"accommodation + board, no travel (Ski Line)",unknown,,,"Located at an impressive altitude of 2003m, The Graciosa in Plagne Centre provides unmatched convenience and access to the Paradiski area. With ski in - ski out access and just a short stroll down the piste to the heart of ...",https://www.skiline.co.uk/ski-holidays/france/la-plagne/rochette-suite,Ski Line,site-ski-line,5,chalets/images/vip-rochette-suite/,2026-10-06,no 20/21 Mar 2027 departure in Ski Line price list; hot tub per Ski Line facility flag; Ski Line prices GBP pp
vip-bellecote-suite,Bellecote Suite,VIP,La Plagne,Paradiski,France,,9,3,,chalet,catered,This operator believes exceptional service isn't about grand gestures. It's about quietly taking care of the details. The details that make travelling with children easier and a celebration feel special. ...,private-outdoor,no,fireplace,,yes,Sunday,,per-person,GBP,season-range,1063,3195,,"accommodation + board, no travel (Ski Line)",unknown,,,"Perched at an altitude of 2003m in Plagne Centre, The Graciosa offers unparalleled convenience and access to the slopes. A short stroll down the piste connects you to the heart of the resort, or ski straight from the ski room ...",https://www.skiline.co.uk/ski-holidays/france/la-plagne/bellecote-suite,Ski Line,site-ski-line,5,chalets/images/vip-bellecote-suite/,2026-10-06,no 20/21 Mar 2027 departure in Ski Line price list; hot tub per Ski Line facility flag; Ski Line prices GBP pp
vip-paradiso-suite,Paradiso Suite,VIP,La Plagne,Paradiski,France,,8,2,,chalet,catered,This operator believes exceptional service isn't about grand gestures. It's about quietly taking care of the details. The details that make travelling with children easier and a celebration feel special. ...,private-outdoor,no,fireplace,,yes,Sunday,1672,per-person,GBP,exact-week,1150,1867,,"accommodation + board, no travel (Ski Line)",yes,,,"Perched at an altitude of 2003m in Plagne Centre, The Graciosa offers effortless access to the resort, with a short stroll or a ski-out from the ski room directly into the stunning Paradiski area. Featuring 16 suites designed for groups ...",https://www.skiline.co.uk/ski-holidays/france/la-plagne/paradiso-suite,Ski Line,site-ski-line,5,chalets/images/vip-paradiso-suite/,2026-10-06,20 Mar price from Ski Line (Independent Travel); hot tub per Ski Line facility flag; Ski Line prices GBP pp
vip-combin-suite,Combin Suite,VIP,La Plagne,Paradiski,France,,10,2,,chalet,catered,This operator believes exceptional service isn't about grand gestures. It's about quietly taking care of the details. The details that make travelling with children easier and a celebration feel special. ...,private-outdoor,no,fireplace,,yes,Sunday,,per-person,GBP,season-range,1041,3208,,"accommodation + board, no travel (Ski Line)",unknown,,,"The Graciosa in Plagne Centre, located at 2003m, is just a short walk or ski away from this vibrant Paradiski resort. With sixteen suites ranging in size to accommodate 4 to 15 guests, including a cosy lounge, bar, on-site ski ...",https://www.skiline.co.uk/ski-holidays/france/la-plagne/combin-suite,Ski Line,site-ski-line,5,chalets/images/vip-combin-suite/,2026-10-06,no 20/21 Mar 2027 departure in Ski Line price list; hot tub per Ski Line facility flag; Ski Line prices GBP pp
vip-eiger-suite,Eiger Suite,VIP,La Plagne,Paradiski,France,,9,2,,chalet,catered,This operator believes exceptional service isn't about grand gestures. It's about quietly taking care of the details. The details that make travelling with children easier and a celebration feel special. ...,private-outdoor,no,fireplace,,yes,Sunday,,per-person,GBP,season-range,1074,3241,,"accommodation + board, no travel (Ski Line)",unknown,,,"Positioned at 2003m in Plagne Centre, The Graciosa allows for a brief walk to resort or glide from the ski room into the breath-taking Paradiski. Sixteen suites can host from 4 to 15 guests, and the property is equipped with ...",https://www.skiline.co.uk/ski-holidays/france/la-plagne/eiger-suite,Ski Line,site-ski-line,5,chalets/images/vip-eiger-suite/,2026-10-06,no 20/21 Mar 2027 departure in Ski Line price list; hot tub per Ski Line facility flag; Ski Line prices GBP pp
vip-matterhorn-suite,Matterhorn Suite,VIP,La Plagne,Paradiski,France,,8,2,,chalet,catered,This operator believes exceptional service isn't about grand gestures. It's about quietly taking care of the details. The details that make travelling with children easier and a celebration feel special. ...,private-outdoor,no,fireplace,,yes,Sunday,,per-person,GBP,season-range,1161,2221,,"accommodation + board, no travel (Ski Line)",unknown,,,"Perched at 2003m in Plagne Centre, The Graciosa offers quick access to Paradiski with either a short walk or a glide from the ski room door. Sixteen suites of varying sizes cater to groups from 4 to 15 guests. Facilities ...",https://www.skiline.co.uk/ski-holidays/france/la-plagne/matterhorn-suite,Ski Line,site-ski-line,5,chalets/images/vip-matterhorn-suite/,2026-10-06,no 20/21 Mar 2027 departure in Ski Line price list; hot tub per Ski Line facility flag; Ski Line prices GBP pp
vip-jungfrau-suite,Jungfrau Suite,VIP,La Plagne,Paradiski,France,,14,2,,chalet,catered,This operator believes exceptional service isn't about grand gestures. It's about quietly taking care of the details. The details that make travelling with children easier and a celebration feel special. ...,private-outdoor,no,fireplace,,yes,Sunday,,per-person,GBP,season-range,1052,3219,,"accommodation + board, no travel (Ski Line)",unknown,,,"Perched at 2003m in Plagne Centre, The Graciosa offers quick access to Paradiski with either a short walk or a glide from the ski room door. Sixteen suites of varying sizes cater to groups from 4 to 15 guests. Facilities ...",https://www.skiline.co.uk/ski-holidays/france/la-plagne/jungfrau-suite,Ski Line,site-ski-line,5,chalets/images/vip-jungfrau-suite/,2026-10-06,no 20/21 Mar 2027 departure in Ski Line price list; hot tub per Ski Line facility flag; Ski Line prices GBP pp
vip-monte-rosa-suite,Monte Rosa Suite,VIP,La Plagne,Paradiski,France,,9,2,,chalet,catered,This operator believes exceptional service isn't about grand gestures. It's about quietly taking care of the details. The details that make travelling with children easier and a celebration feel special. ...,private-outdoor,no,fireplace,,yes,Sunday,,per-person,GBP,season-range,1084,3217,,"accommodation + board, no travel (Ski Line)",unknown,,,"Positioned at 2003m in Plagne Centre, The Graciosa allows for a brief walk to resort or glide from the ski room into the breath-taking Paradiski. Sixteen suites can host from 4 to 15 guests, and the property is equipped with ...",https://www.skiline.co.uk/ski-holidays/france/la-plagne/monte-rosa-suite,Ski Line,site-ski-line,5,chalets/images/vip-monte-rosa-suite/,2026-10-06,no 20/21 Mar 2027 departure in Ski Line price list; hot tub per Ski Line facility flag; Ski Line prices GBP pp
vip-annapurna-suite,Annapurna Suite,VIP,La Plagne,Paradiski,France,,8,2,,chalet,catered,This operator believes exceptional service isn't about grand gestures. It's about quietly taking care of the details. The details that make travelling with children easier and a celebration feel special. ...,private-outdoor,no,fireplace,,yes,Sunday,,per-person,GBP,season-range,1172,2232,,"accommodation + board, no travel (Ski Line)",unknown,,,"Situated at 2003m in Plagne Centre, The Graciosa provides convenient access to the slopes, with a quick walk or ski-out from the ski room into the breath-taking Paradiski area. With 16 spacious suites accommodating groups of 4 to 15, guests ...",https://www.skiline.co.uk/ski-holidays/france/la-plagne/annapurna-suite,Ski Line,site-ski-line,5,chalets/images/vip-annapurna-suite/,2026-10-06,no 20/21 Mar 2027 departure in Ski Line price list; hot tub per Ski Line facility flag; Ski Line prices GBP pp
vip-mont-blanc-suite,Mont Blanc Suite,VIP,La Plagne,Paradiski,France,,14,2,,chalet,catered,This operator believes exceptional service isn't about grand gestures. It's about quietly taking care of the details. The details that make travelling with children easier and a celebration feel special. ...,private-outdoor,no,fireplace,,yes,Sunday,,per-person,GBP,season-range,1063,2123,,"accommodation + board, no travel (Ski Line)",unknown,,,"At 2003m in Plagne Centre, The Graciosa offers direct access to Paradiski with a short walk down the piste or by skiing from the door. Sixteen suites are designed to house 4 to 15 guests, with facilities like a bar, ...",https://www.skiline.co.uk/ski-holidays/france/la-plagne/mont-blanc-suite,Ski Line,site-ski-line,5,chalets/images/vip-mont-blanc-suite/,2026-10-06,no 20/21 Mar 2027 departure in Ski Line price list; hot tub per Ski Line facility flag; Ski Line prices GBP pp
vip-makalu-suite,Makalu Suite,VIP,La Plagne,Paradiski,France,,9,3,,chalet,catered,This operator believes exceptional service isn't about grand gestures. It's about quietly taking care of the details. The details that make travelling with children easier and a celebration feel special. ...,private-outdoor,no,fireplace,,yes,Sunday,,per-person,GBP,season-range,1095,3263,,"accommodation + board, no travel (Ski Line)",unknown,,,"Perched at an altitude of 2003m in Plagne Centre, The Graciosa offers unparalleled convenience and access to the slopes. A short stroll down the piste connects you to the heart of the resort, or ski straight from the ski room ...",https://www.skiline.co.uk/ski-holidays/france/la-plagne/makalu-suite,Ski Line,site-ski-line,5,chalets/images/vip-makalu-suite/,2026-10-06,no 20/21 Mar 2027 departure in Ski Line price list; hot tub per Ski Line facility flag; Ski Line prices GBP pp
vip-k2-suite,k2 Suite,VIP,La Plagne,Paradiski,France,,8,2,,chalet,catered,This operator believes exceptional service isn't about grand gestures. It's about quietly taking care of the details. The details that make travelling with children easier and a celebration feel special. ...,private-outdoor,no,fireplace,,yes,Sunday,,per-person,GBP,season-range,1183,1900,,"accommodation + board, no travel (Ski Line)",unknown,,,"Perched at 2003m in Plagne Centre, The Graciosa offers quick access to Paradiski with either a short walk or a glide from the ski room door. Sixteen suites of varying sizes cater to groups from 4 to 15 guests. Facilities ...",https://www.skiline.co.uk/ski-holidays/france/la-plagne/k2-suite,Ski Line,site-ski-line,5,chalets/images/vip-k2-suite/,2026-10-06,no 20/21 Mar 2027 departure in Ski Line price list; hot tub per Ski Line facility flag; Ski Line prices GBP pp
vip-lhotse-suite,Lhotse Suite,VIP,La Plagne,Paradiski,France,,14,2,,chalet,catered,This operator believes exceptional service isn't about grand gestures. It's about quietly taking care of the details. The details that make travelling with children easier and a celebration feel special. ...,private-outdoor,no,fireplace,,yes,Sunday,,per-person,GBP,season-range,1074,3241,,"accommodation + board, no travel (Ski Line)",unknown,,,"The Graciosa, Plagne Centre, altitude 2003m. A short walk down the piste into resort or slide away from the ski room door into the breath-taking Paradiski. Sixteen suites of various sizes to sleep from 4 to 15 with lounge & ...",https://www.skiline.co.uk/ski-holidays/france/la-plagne/lhotse-suite,Ski Line,site-ski-line,5,chalets/images/vip-lhotse-suite/,2026-10-06,no 20/21 Mar 2027 departure in Ski Line price list; hot tub per Ski Line facility flag; Ski Line prices GBP pp
vip-sagarmatha-penthouse,Sagarmatha Penthouse,VIP,La Plagne,Paradiski,France,,15,7,,chalet,catered,This operator believes exceptional service isn't about grand gestures. It's about quietly taking care of the details. The details that make travelling with children easier and a celebration feel special. ...,private-outdoor,yes,fireplace,,yes,Sunday,,per-person,GBP,season-range,1270,3438,,"accommodation + board, no travel (Ski Line)",unknown,,,"Perched at 2003m in Plagne Centre, The Graciosa offers effortless access to Paradiski with 16 luxurious suites for 4-15 guests, and luxurious facilities including a bar, lounge, ski shop, massage room and childcare. Sleeping 15 guests, CLUB Sagarmatha Penthouse features ...",https://www.skiline.co.uk/ski-holidays/france/la-plagne/sagarmatha-penthouse,Ski Line,site-ski-line,5,chalets/images/vip-sagarmatha-penthouse/,2026-10-06,no 20/21 Mar 2027 departure in Ski Line price list; hot tub per Ski Line facility flag; Ski Line prices GBP pp
will-i-ski-chalet-boudu,Chalet Boudu,Will I Ski,La Plagne,Paradiski,France,,7,,,chalet,catered,The catering package includes breakfast everyday with a hot special 5 mornings of the week. Afternoon tea everyday to fill your stomachs after a long days skiing. 3 course evening ...,private-outdoor,no,,,unknown,Saturday,,per-person,GBP,season-range,714,1429,,"accommodation + board, no travel (Ski Line)",unknown,,,"Chalet Boudu is a charming and beautifully positioned alpine retreat in La Plagne 1800, ideal for families or small groups looking for both convenience and comfort in the heart of the Paradiski ski area. Chalet Highlights Prime Location: Just 200m ...",https://www.skiline.co.uk/ski-holidays/france/la-plagne/chalet-boudu-3,Ski Line,site-ski-line,5,chalets/images/will-i-ski-chalet-boudu/,2026-10-06,no 20/21 Mar 2027 departure in Ski Line price list; hot tub per Ski Line facility flag; Ski Line prices GBP pp
will-i-ski-chalet-ammonite,Chalet Ammonite,Will I Ski,La Plagne,Paradiski,France,,15,8,,chalet,catered,The catering package includes breakfast everyday with a hot special 5 mornings of the week. Afternoon tea everyday to fill your stomachs after a long days skiing. 3 course evening ...,private-outdoor,no,fireplace,,unknown,Saturday,800,per-person,GBP,exact-week,600,800,,"accommodation + board, no travel (Ski Line)",yes,,,"Tucked away on a peaceful road in La Plagne 1800, Chalet Ammonite. This traditionally built chalet blends Alpine charm with modern comfort, creating a cosy and welcoming atmosphere from the moment you arrive. After a day on the slopes, kick ...",https://www.skiline.co.uk/ski-holidays/france/la-plagne/chalet-ammonite,Ski Line,site-ski-line,5,chalets/images/will-i-ski-chalet-ammonite/,2026-10-06,20 Mar price from Ski Line (Independent Travel); hot tub per Ski Line facility flag; Ski Line prices GBP pp
ski-beat-chalet-florence,Chalet Florence,Ski Beat,La Plagne,Paradiski,France,,15,7,,chalet,catered,"This operator knows how much extra yummy food can add to your ski chalet holiday, that's why they work hard to make sure all of our chalet hosts are trained ...",none,no,fireplace,400,unknown,Saturday,1101,per-person,GBP,exact-week,736,2063,,"flights, transfers + board (Ski Line package)",yes,,,"Chalet Florence is one of this operators largest chalets, sleeping up to 15 guests which makes it perfect for those looking to holiday as part of a large party. Added back into their program for winter 2026/27, it has an ...",https://www.skiline.co.uk/ski-holidays/france/la-plagne/chalet-florence,Ski Line,site-ski-line,5,chalets/images/ski-beat-chalet-florence/,2026-10-06,20 Mar price from Ski Line (London Gatwick); Ski Line prices GBP pp
the-alpine-generation-chalet-chanterelles,Chalet Chanterelles,The Alpine Generation,La Plagne,Paradiski,France,,14,7,,chalet,catered,"'Go Off Piste' Menu Switch Options Back again for the 2024/2025 season, this operator is offering guests the option to go off-piste and ‘swap out’ certain elements of the catering, ...",none,yes,fireplace,,unknown,Sunday,,per-person,GBP,season-range,381,711,,"accommodation + board, no travel (Ski Line)",unknown,,,"Chalet Chanterelles is a 7-bedroom chalet with a private sauna, close to the piste in Plagne 1800. Traditionally decorated Chalet Chanterelles is a 7-bedroom chalet in the heart of Plagne 1800, catering for groups of up to 14. The ground ...",https://www.skiline.co.uk/ski-holidays/france/la-plagne/chalet-chanterelles,Ski Line,site-ski-line,5,chalets/images/the-alpine-generation-chalet-chanterelles/,2026-10-06,no 20/21 Mar 2027 departure in Ski Line price list; Ski Line prices GBP pp
inghams-les-constellations-apartments,Les Constellations Apartments,Inghams,La Plagne,Paradiski,France,,7,,,apartment,self-catered,self-catered,none,no,,,yes,Saturday,,per-person,GBP,season-range,469,1299,,"flights, transfers + board (Ski Line package)",unknown,,,Located in the heart of Belle Plagne we are pleased to introduce the ski-in/ski-out Constellations Apartments. Finished in a modern style using wood and stone this property has a comfortable feel. All apartments also boast a south-facing balcony or terrace. ...,https://www.skiline.co.uk/ski-holidays/france/la-plagne/les-constellations-apartments,Ski Line,site-ski-line,5,chalets/images/inghams-les-constellations-apartments/,2026-10-06,no 20/21 Mar 2027 departure in Ski Line price list; Ski Line prices GBP pp
inghams-front-de-neige,Front de Neige,Inghams,La Plagne,Paradiski,France,,6,,,apartment,self-catered,self-catered,yes-type-unknown,no,"pool, steam room",,unknown,Saturday,609,per-person,GBP,exact-week,559,1489,,mixed: some departures include travel,yes,,,"Set right by the La Bergerie chairlift and just a short stroll from the centre of La Plagne Village, the Front de Neige Apartments make getting on and off the mountain wonderfully easy - a ski-in/ski-out location to the blue ...",https://www.skiline.co.uk/ski-holidays/france/la-plagne/front-de-neige,Ski Line,site-ski-line,5,chalets/images/inghams-front-de-neige/,2026-10-06,"20 Mar price from Ski Line (London St. Pancras (rail), One Bedroom Apartment,PB or PS, WC); hot tub per Ski Line facility flag; Ski Line prices GBP pp; Ski Line hot-tub flag on a residence/hotel: probably shared spa (pass2: hot tub type)"
inghams-hotel-le-terra-nova,Hotel Le Terra Nova,Inghams,La Plagne,Paradiski,France,,238,,,hotel,breakfast-only,,none,no,,,yes,Saturday,923,per-person,GBP,exact-week,604,1504,,"flights, transfers + board (Ski Line package)",yes,,,"If you are a keen skier then you'll be spoiled for choice staying here, with opportunities to discover the extensive Paradiski Ski Area. Each morning pop your skis on at the door for easy access to slopes, and when you ...",https://www.skiline.co.uk/ski-holidays/france/la-plagne/hotel-le-terra-nova,Ski Line,site-ski-line,5,chalets/images/inghams-hotel-le-terra-nova/,2026-10-06,"20 Mar price from Ski Line (London Gatwick, 2-2 Classic Quad,.); Ski Line prices GBP pp"
sno-chalet-la-vieille-maison,,Wens Chalets,La Plagne,,,,,,,,,,,,,,,,,,,,,,,,,,,,,Ski Line,site-ski-line,,,2026-10-06,Ski Line: https://www.skiline.co.uk/ski-holidays/france/la-plagne/chalet-la-vieille-maison; 20 Mar GBP 784 per-person; range GBP 642-1147 per-person; available 20 Mar: yes; operator per Ski Line: Wens Chalets
crystal-odalys-prestige-residence-front-de-neige,Odalys Prestige Residence Front de Neige,Crystal,La Plagne,Paradiski,France,,6,,,apartment,self-catered,self-catered,yes-type-unknown,no,pool,,yes,Saturday,749,per-person,GBP,exact-week,643,2780,,mixed: some departures include travel,yes,,,"You can’t get much closer to the action than at the Front de Neige. It’s located right on the piste, with ski-in, ski-out access on the Écartée blue run. At the Résidence Front de Neige, you can expect quality. Built ...",https://www.skiline.co.uk/ski-holidays/france/la-plagne/odalys-prestige-residence-front-de-neige,Ski Line,site-ski-line,5,chalets/images/crystal-odalys-prestige-residence-front-de-neige/,2026-10-06,"20 Mar price from Ski Line (London Stansted, Studio - (price pp based on 2 sharing)); Ski Line prices GBP pp; Ski Line hot-tub flag on a residence/hotel: probably shared spa (pass2: hot tub type)"
inghams-les-granges-du-soleil-apartments,Les Granges du Soleil Apartments,Inghams,La Plagne,Paradiski,France,,8,,,apartment,self-catered,self-catered,none,yes,"pool, steam room",,yes,Saturday,,per-person,GBP,season-range,649,1529,,"flights, transfers + board (Ski Line package)",unknown,,,"This high-quality residence is located in the centre of Plagne Soleil and offers direct access to the pistes as well as fantastic views. The facilities are fabulous and include a swimming pool, sauna, steam room and spa for treatments and ...",https://www.skiline.co.uk/ski-holidays/france/la-plagne/les-granges-du-soleil-apartments,Ski Line,site-ski-line,5,chalets/images/inghams-les-granges-du-soleil-apartments/,2026-10-06,no 20/21 Mar 2027 departure in Ski Line price list; Ski Line prices GBP pp
inghams-cgh-white-pearl-lodge-spa,CGH White Pearl Lodge & Spa,Inghams,La Plagne,Paradiski,France,,182,,,apartment,self-catered,self-catered,yes-type-unknown,yes,"pool, steam room",,unknown,Saturday,,per-person,GBP,season-range,769,1699,,"flights, transfers + board (Ski Line package)",unknown,,,"Residence White Pearl is a brand new residence in the Plagne Soleil part of La Plagne, located right on the slopes making the property ski in and ski out. The residence has panoramic views across the ski area and you ...",https://www.skiline.co.uk/ski-holidays/france/la-plagne/residence-white-pearl,Ski Line,site-ski-line,5,chalets/images/inghams-cgh-white-pearl-lodge-spa/,2026-10-06,no 20/21 Mar 2027 departure in Ski Line price list; Ski Line prices GBP pp; Ski Line hot-tub flag on a residence/hotel: probably shared spa (pass2: hot tub type)
crystal-residence-les-chalets-edelweiss,Residence Les Chalets Edelweiss,Crystal,La Plagne,Paradiski,France,,8,,,apartment,self-catered,self-catered,none,no,pool,,yes,Saturday,,per-person,GBP,season-range,807,1908,,"flights, transfers + board (Ski Line package)",unknown,,,"Located in the picturesque village of Plagne 1800, Résidence Les Chalets Edelweiss offers ski-in, ski-out access to the Paradiski area. The chalet-style buildings are set in a horseshoe formation, with 83 apartments between them. There are a range of sizes ...",https://www.skiline.co.uk/ski-holidays/france/la-plagne/residence-les-chalets-edelweiss,Ski Line,site-ski-line,5,chalets/images/crystal-residence-les-chalets-edelweiss/,2026-10-06,no 20/21 Mar 2027 departure in Ski Line price list; Ski Line prices GBP pp
inghams-residence-manaka,Residence Manaka,Inghams,La Plagne,Paradiski,France,,6,,,apartment,self-catered,self-catered,yes-type-unknown,yes,pool,,yes,Saturday,,per-person,GBP,season-range,859,1079,,"flights, transfers + board (Ski Line package)",unknown,,,"The Residence Manaka is located in the centre of La Plagne, offering a blend of luxury, convenience, and access to world-class skiing in the Paradiski Ski Area. Each apartment is furnished to a high standard, blending modern comfort with traditional ...",https://www.skiline.co.uk/ski-holidays/france/la-plagne/residence-manaka,Ski Line,site-ski-line,5,chalets/images/inghams-residence-manaka/,2026-10-06,no 20/21 Mar 2027 departure in Ski Line price list; hot tub per Ski Line facility flag; Ski Line prices GBP pp; Ski Line hot-tub flag on a residence/hotel: probably shared spa (pass2: hot tub type)
crystal-le-mont-soleil-apartments,Le Mont Soleil Apartments,Crystal,La Plagne,Paradiski,France,,7,,,apartment,self-catered,self-catered,none,no,,,yes,Sunday,859,per-person,GBP,exact-week,859,1375,,"flights, transfers + board (Ski Line package)",yes,,,"The Mont Soleil Apartments are just the thing for a slopeside, self-catered stay. In the mornings you’ll step outside, click into your skis and swoosh off down a gentle blue run. Plus, the ski school meeting point is a few ...",https://www.skiline.co.uk/ski-holidays/france/la-plagne/le-mont-soleil-apartments,Ski Line,site-ski-line,5,chalets/images/crystal-le-mont-soleil-apartments/,2026-10-06,"20 Mar price from Ski Line (London Gatwick, 1 Bedroom Apartment - (price pp based on 2 sharing)); Ski Line prices GBP pp"
crystal-sowell-family-la-lauziere,SOWELL Family La Lauziere,Crystal,La Plagne,Paradiski,France,,100,,,,,,none,no,fireplace,,yes,flexible,1038,per-person,GBP,exact-week,871,2743,,"flights, transfers + board (Ski Line package)",yes,,,"The Sowell Family La Lauzière’s tucked in the quieter, more traditional Plagne Montalbert, so it’ll be right up your piste if you’re after a laid-back base with speedy access to the whole La Plagne and Paradiski area. If you've a ...",https://www.skiline.co.uk/ski-holidays/france/la-plagne/sowell-family-la-lauziere,Ski Line,site-ski-line,5,chalets/images/crystal-sowell-family-la-lauziere/,2026-10-06,"Ski Line board 'Hotel Full Board'; 20 Mar price from Ski Line (London Gatwick, Twin Room - (price pp based on 2 sharing)); Ski Line prices GBP pp"
crystal-hauts-bois-apartments,Hauts Bois Apartments,Crystal,La Plagne,Paradiski,France,,8,,,apartment,self-catered,self-catered,none,yes,"pool, steam room",,yes,Saturday,932,per-person,GBP,exact-week,873,2665,,"flights, transfers + board (Ski Line package)",yes,,,"The Hauts Bois Apartments have all the convenience of self-catering, plus extra facilities like an indoor pool, sauna and steam room, and even Childcare. You can be on the slopes in a flash too, thanks to the ski-in, ski-out access. ...",https://www.skiline.co.uk/ski-holidays/france/la-plagne/hauts-bois-apartments,Ski Line,site-ski-line,5,chalets/images/crystal-hauts-bois-apartments/,2026-10-06,"20 Mar price from Ski Line (London Gatwick, 1 Bedroom Apartment - (price pp based on 2 sharing)); Ski Line prices GBP pp"
inghams-apartments-des-balcons,Apartments des Balcons,Inghams,La Plagne,Paradiski,France,,9,,,apartment,self-catered,self-catered,yes-type-unknown,yes,"pool, steam room",,unknown,Saturday,,per-person,GBP,season-range,879,879,,"flights, transfers + board (Ski Line package)",unknown,,,"Built in a traditional and rustic chalet-style, the apartments offer genuine ski-in/ski-out convenience and a comfortable base for your stay in Belle Plagne. After a day on the slopes there is nowhere better to be than the wellness area, guests ...",https://www.skiline.co.uk/ski-holidays/france/la-plagne/apartments-des-balcons,Ski Line,site-ski-line,5,chalets/images/inghams-apartments-des-balcons/,2026-10-06,no 20/21 Mar 2027 departure in Ski Line price list; Ski Line prices GBP pp; Ski Line hot-tub flag on a residence/hotel: probably shared spa (pass2: hot tub type)
crystal-residence-le-snoroc,Residence Le Snoroc,Crystal,La Plagne,Paradiski,France,,6,,,apartment,self-catered,self-catered,yes-type-unknown,yes,"pool, steam room, fireplace",,yes,Saturday,915,per-person,GBP,exact-week,915,2206,,mixed: some departures include travel,yes,,,"At Residence Le Snoroc you’ll wake up right on a blue run, so you can start your ski day the easy way – just clip in and go. The main gondola’s only a short ski or 10‑minute walk away, linking ...",https://www.skiline.co.uk/ski-holidays/france/la-plagne/residence-le-snoroc,Ski Line,site-ski-line,5,chalets/images/crystal-residence-le-snoroc/,2026-10-06,"20 Mar price from Ski Line (London Gatwick, 1 Bedroom Apartment - (price pp based on 2 sharing)); hot tub per Ski Line facility flag; Ski Line prices GBP pp; Ski Line hot-tub flag on a residence/hotel: probably shared spa (pass2: hot tub type)"
ski-vertigo-chalet-grand-chardon,Chalet Grand Chardon,Ski Vertigo,La Plagne,Paradiski,France,,12,,,chalet,catered,"WE BELIEVE THAT WITH GREAT CHALETS, SUPERB CUISINE AND WINE SHOULD GO HAND-IN-HAND After a stunning day on the slopes, there’s nothing better than heading back to your chalet knowing ...",none,yes,pool,200,unknown,Saturday,,per-person,GBP,season-range,917,1199,,"flights, transfers + board (Ski Line package)",unknown,,,"Chalet Grand Chardon offers private access to an outdoor pool, saunas and a squash court, just 200m from the piste in the centre of Plagne 1800. Sleeping 12 guests, there are 3 twin bedrooms on the top floor, and 3 ...",https://www.skiline.co.uk/ski-holidays/france/la-plagne/chalet-grand-chardon-2,Ski Line,site-ski-line,5,chalets/images/ski-vertigo-chalet-grand-chardon/,2026-10-06,no 20/21 Mar 2027 departure in Ski Line price list; Ski Line prices GBP pp
ski-vertigo-chalet-petit-chardon,Chalet Petit Chardon,Ski Vertigo,La Plagne,Paradiski,France,,6,,,chalet,catered,"WE BELIEVE THAT WITH GREAT CHALETS, SUPERB CUISINE AND WINE SHOULD GO HAND-IN-HAND After a stunning day on the slopes, there’s nothing better than heading back to your chalet knowing ...",none,yes,"pool, fireplace",200,unknown,Saturday,1133,per-person,GBP,exact-week,917,1167,,"flights, transfers + board (Ski Line package)",yes,,,"Chalet Petit Chardon is located in the heart of La Plagne, just 200m from the piste in the centre of Plagne 1800. The Chalet has private access to a pool, sauna and squash court, shared exclusively with other residents in ...",https://www.skiline.co.uk/ski-holidays/france/la-plagne/chalet-petit-chardon,Ski Line,site-ski-line,5,chalets/images/ski-vertigo-chalet-petit-chardon/,2026-10-06,20 Mar price from Ski Line (London Heathrow); Ski Line prices GBP pp
crystal-les-granges-du-soleil-apartments,Les Granges du Soleil Apartments,Crystal,La Plagne,Paradiski,France,,8,,,apartment,self-catered,self-catered,yes-type-unknown,yes,"pool, steam room",,unknown,Saturday,,per-person,GBP,season-range,934,2923,,"flights, transfers + board (Ski Line package)",unknown,,,"With spacious rooms and excellent facilities, it’s easy to see why this is one of Plagne Soleil’s most popular self-catering picks. It’s built in a scenic spot overlooking the resort, just a few minutes’ walk from the nearest lift – ...",https://www.skiline.co.uk/ski-holidays/france/la-plagne/les-granges-du-soleil-apartments-2,Ski Line,site-ski-line,5,chalets/images/crystal-les-granges-du-soleil-apartments/,2026-10-06,no 20/21 Mar 2027 departure in Ski Line price list; hot tub per Ski Line facility flag; Ski Line prices GBP pp; Ski Line hot-tub flag on a residence/hotel: probably shared spa (pass2: hot tub type)
inghams-hotel-des-deux-domaines,Hotel des Deux Domaines,Inghams,La Plagne,Paradiski,France,,160,,,hotel,half-board,,none,yes,pool,,partial,Saturday,1067,per-person,GBP,exact-week,945,2067,,"flights, transfers + board (Ski Line package)",yes,,,"The Hotel des Deux Domaines has a great location in Belle Plagne, the slopes are a snowballs throw away and the resort centre is less than 300 metres away. There's an onsite wellness area with an indoor pool, sauna and ...",https://www.skiline.co.uk/ski-holidays/france/la-plagne/hotel-des-deux-domaines-2,Ski Line,site-ski-line,5,chalets/images/inghams-hotel-des-deux-domaines/,2026-10-06,"20 Mar price from Ski Line (Bristol International, Triple,PB, WC); Ski Line prices GBP pp"
crystal-nereides-apartments,Nereides Apartments,Crystal,La Plagne,Paradiski,France,,4,,,hotel,half-board,,none,no,,,yes,Saturday,,per-person,GBP,season-range,954,2848,,"flights, transfers + board (Ski Line package)",unknown,,,These popular apartments offer an ideal position in Belle Plagne with direct access to the slopes and a central location in the resort. All the apartments have been completely renovated and now offer comfortable accommodation decorated in warm colours and ...,https://www.skiline.co.uk/ski-holidays/france/la-plagne/nereides-apartments,Ski Line,site-ski-line,5,chalets/images/crystal-nereides-apartments/,2026-10-06,no 20/21 Mar 2027 departure in Ski Line price list; Ski Line prices GBP pp
ski-world-chalet-campanula,Chalet Campanula,Ski World,La Plagne,Paradiski,France,,12,,,chalet,catered,"A catered ski chalet is a home-style ski holiday accommodation. Packages usually include flights, airport transfers, breakfast, afternoon tea and 3 or 4-course evening meals. Dinner also includes unlimited wine ...",private-outdoor,no,,500,unknown,flexible,,per-person,GBP,season-range,960,1739,,"flights, transfers + board (Ski Line package)",unknown,,,"The luxurious Chalet Campanula ski-in chalet apartment mixes traditional Savoyard style with contemporary comforts and has a great dominant position in La Plagne, a stone’s throw from the slopes. A kitchen/dinner area with a large dining table with seating chairs ...",https://www.skiline.co.uk/ski-holidays/france/la-plagne/chalet-campanula,Ski Line,site-ski-line,5,chalets/images/ski-world-chalet-campanula/,2026-10-06,no 20/21 Mar 2027 departure in Ski Line price list; hot tub per Ski Line facility flag; Ski Line prices GBP pp
ski-world-chalet-st-moritz,Chalet St Moritz,Ski World,La Plagne,Paradiski,France,,8,4,,chalet,catered,"A catered ski chalet is a home-style ski holiday accommodation. Packages usually include flights, airport transfers, breakfast, afternoon tea and 3 or 4-course evening meals. Dinner also includes unlimited wine ...",private-outdoor,yes,"steam room, fireplace",230,unknown,flexible,,per-person,GBP,season-range,975,1619,,"flights, transfers + board (Ski Line package)",unknown,,,"Chalet St Moritz is a charming, traditional alpine chalet nestled in a peaceful hillside location just above La Plagne 1800. Designed in classic Savoyard style, it features beautiful wooden interiors and a striking stone fireplace that creates a warm and ...",https://www.skiline.co.uk/ski-holidays/france/la-plagne/chalet-st-moritz,Ski Line,site-ski-line,5,chalets/images/ski-world-chalet-st-moritz/,2026-10-06,no 20/21 Mar 2027 departure in Ski Line price list; hot tub per Ski Line facility flag; Ski Line prices GBP pp
ski-world-chalet-neige-et-soleil,Chalet Neige Et Soleil,Ski World,La Plagne,Paradiski,France,,12,6,,chalet,catered,"A catered ski chalet is a home-style ski holiday accommodation. Packages usually include flights, airport transfers, breakfast, afternoon tea and 3 or 4-course evening meals. Dinner also includes unlimited wine ...",private-outdoor,no,fireplace,150,partial,flexible,,per-person,GBP,season-range,975,1514,,"flights, transfers + board (Ski Line package)",unknown,,,"Just steps from the slopes of Plagne 1800, Chalet Neige et Soleil brings together fireside comfort, great views, and serious ski convenience. Neige et Soleil is a traditional yet modern chalet just 30 metres from the piste and the main ...",https://www.skiline.co.uk/ski-holidays/france/la-plagne/chalet-neige-et-soleil,Ski Line,site-ski-line,5,chalets/images/ski-world-chalet-neige-et-soleil/,2026-10-06,no 20/21 Mar 2027 departure in Ski Line price list; hot tub per Ski Line facility flag; Ski Line prices GBP pp
crystal-mmv-hotel-plagne-2000,MMV Hotel Plagne 2000,Crystal,La Plagne,Paradiski,France,,200,,,hotel,half-board,,none,yes,steam room,,yes,flexible,1047,per-person,GBP,exact-week,1006,1730,,"flights, transfers + board (Ski Line package)",yes,,,"When it comes to family trips, the Plagne 2000 has all the bases covered. The ski school meeting point is right outside the hotel, and little ones even have their own separate boot room to make mornings super simple. Sticking ...",https://www.skiline.co.uk/ski-holidays/france/la-plagne/hotel-plagne-2000,Ski Line,site-ski-line,5,chalets/images/crystal-mmv-hotel-plagne-2000/,2026-10-06,"20 Mar price from Ski Line (London Gatwick, Twin Room - (price pp based on 2 sharing)); Ski Line prices GBP pp"
crystal-constellations-apartments,Constellations Apartments,Crystal,La Plagne,Paradiski,France,,5,,,apartment,self-catered,self-catered,none,no,,,yes,Saturday,1028,per-person,GBP,exact-week,1028,1155,,"flights, transfers + board (Ski Line package)",yes,,,"If you’re looking for a place to stay with a tip-top location, these apartments are just the ticket. You can ski straight to and from the door on a blue run, and when you're not on the mountain you can ...",https://www.skiline.co.uk/ski-holidays/france/la-plagne/constellations-apartments,Ski Line,site-ski-line,5,chalets/images/crystal-constellations-apartments/,2026-10-06,"20 Mar price from Ski Line (London Gatwick, 1 Bedroom Apartment with Balcony - (price pp based on 2 sharing)); Ski Line prices GBP pp"
ski-world-chalet-iris-bleu,Chalet Iris Bleu,Ski World,La Plagne,Paradiski,France,,8,,,chalet,catered,"A catered ski chalet is a home-style ski holiday accommodation. Packages usually include flights, airport transfers, breakfast, afternoon tea and 3 or 4-course evening meals. Dinner also includes unlimited wine ...",none,no,,500,unknown,flexible,,per-person,GBP,season-range,1031,1715,,"flights, transfers + board (Ski Line package)",unknown,,,This fancy ski-in chalet apartment split on two floors offers traditional alpine comforts combined with contemporary facilities and it has a great location in La Plagne. The kitchen/dining area is completed by a dining table and 8 dining chairs. The ...,https://www.skiline.co.uk/ski-holidays/france/la-plagne/chalet-iris-bleu,Ski Line,site-ski-line,5,chalets/images/ski-world-chalet-iris-bleu/,2026-10-06,no 20/21 Mar 2027 departure in Ski Line price list; Ski Line prices GBP pp
ski-world-chalet-silene,Chalet Silene,Ski World,La Plagne,Paradiski,France,,10,,,chalet,catered,"A catered ski chalet is a home-style ski holiday accommodation. Packages usually include flights, airport transfers, breakfast, afternoon tea and 3 or 4-course evening meals. Dinner also includes unlimited wine ...",private-outdoor,yes,steam room,500,unknown,flexible,,per-person,GBP,season-range,1055,1759,,"flights, transfers + board (Ski Line package)",unknown,,,This wonderful ski-in chalet apartment perfectly combines traditional Savoyard style with modern comforts and benefits of a great location in La Plagne. The spectacular kitchen/diner will truly impress from the start with a fancy table completed with seating chairs for ...,https://www.skiline.co.uk/ski-holidays/france/la-plagne/chalet-silene,Ski Line,site-ski-line,5,chalets/images/ski-world-chalet-silene/,2026-10-06,no 20/21 Mar 2027 departure in Ski Line price list; hot tub per Ski Line facility flag; Ski Line prices GBP pp
club-med-club-med-la-plagne-2100,Club Med La Plagne 2100,Club Med,La Plagne,Paradiski,France,,200,,,,,,none,no,fireplace,,yes,flexible,,per-person,GBP,season-range,1694,2733,,"accommodation + board, no travel (Ski Line)",unknown,,,"Spy our distinctive red roofs against the magnificent white backdrop of Mont Blanc and know you’ve arrived at Club Med La Plagne. Towering over the Tarentaise valley at 2,100 metres, this all-inclusive family ski resort has ski-in ski-out access to ...",https://www.skiline.co.uk/ski-holidays/france/la-plagne/club-med-la-plagne-2100,Ski Line,site-ski-line,5,chalets/images/club-med-club-med-la-plagne-2100/,2026-10-06,Ski Line board 'All Inclusive'; no 20/21 Mar 2027 departure in Ski Line price list; Ski Line prices GBP pp
crystal-belle-plagne-2100-leden-des-cimes,Belle Plagne 2100 L’Eden des Cimes,Crystal,La Plagne,Paradiski,France,,288,,,hotel,half-board,,none,no,fireplace,,yes,Saturday,,per-person,GBP,season-range,1176,1812,,"flights, transfers + board (Ski Line package)",unknown,,,"The Belle Plagne 2100's got a lot to shout about, and its location smack-bang on the slopes is high up the list. It’s right on a blue run, so you can click into your skis at the door and swoosh ...",https://www.skiline.co.uk/ski-holidays/france/la-plagne/belle-plagne-2100-leden-des-cimes,Ski Line,site-ski-line,5,chalets/images/crystal-belle-plagne-2100-leden-des-cimes/,2026-10-06,no 20/21 Mar 2027 departure in Ski Line price list; Ski Line prices GBP pp
crystal-cgh-residence-white-pearl-lodge-spa,CGH Residence White Pearl Lodge & Spa,Crystal,La Plagne,Paradiski,France,,10,,,apartment,self-catered,self-catered,yes-type-unknown,yes,"pool, steam room",,unknown,Saturday,,per-person,GBP,season-range,1224,3466,,"flights, transfers + board (Ski Line package)",unknown,,,"For a chic and smooth-running getaway, the White Pearl Lodge & Spa apartments tick all the boxes. Based in the Plagne Soleil village, you’ve got the huge Paradiski area right at your doorstep. Ski straight from the complex to the ...",https://www.skiline.co.uk/ski-holidays/france/la-plagne/cgh-residence-white-pearl-lodge-spa,Ski Line,site-ski-line,5,chalets/images/crystal-cgh-residence-white-pearl-lodge-spa/,2026-10-06,no 20/21 Mar 2027 departure in Ski Line price list; hot tub per Ski Line facility flag; Ski Line prices GBP pp; Ski Line hot-tub flag on a residence/hotel: probably shared spa (pass2: hot tub type)
ski-world-chalet-patrique,Chalet Patrique,Ski World,La Plagne,Paradiski,France,,6,,,chalet,catered,"A catered ski chalet is a home-style ski holiday accommodation. Packages usually include flights, airport transfers, breakfast, afternoon tea and 3 or 4-course evening meals. Dinner also includes unlimited wine ...",none,yes,,75,unknown,Saturday,,per-person,GBP,season-range,1459,1599,,"flights, transfers + board (Ski Line package)",unknown,,,"Patrique puts the slopes close at hand while giving your group a chalet of its own. Please note photos are of a similar chalet - more photos coming soon. A Charming Alpine Welcome - Timber ceilings, natural stone and warm ...",https://www.skiline.co.uk/ski-holidays/france/la-plagne/chalet-patrique,Ski Line,site-ski-line,3,chalets/images/ski-world-chalet-patrique/,2026-10-06,no 20/21 Mar 2027 departure in Ski Line price list; Ski Line prices GBP pp
ski-world-chalet-klosters,Chalet Klosters,Ski World,La Plagne,Paradiski,France,,12,,,chalet,catered,"A catered ski chalet is a home-style ski holiday accommodation. Packages usually include flights, airport transfers, breakfast, afternoon tea and 3 or 4-course evening meals. Dinner also includes unlimited wine ...",private-outdoor,no,fireplace,230,unknown,Saturday,,per-person,GBP,season-range,1499,1639,,"flights, transfers + board (Ski Line package)",unknown,,,"Chalet Klosters is a welcoming alpine retreat in the heart of La Plagne 1800, offering space, comfort, and fantastic views across the Tarentaise Valley. With six en suite bedrooms, the chalet sleeps up to 12 guests and is perfect for ...",https://www.skiline.co.uk/ski-holidays/france/la-plagne/chalet-klosters,Ski Line,site-ski-line,5,chalets/images/ski-world-chalet-klosters/,2026-10-06,no 20/21 Mar 2027 departure in Ski Line price list; hot tub per Ski Line facility flag; Ski Line prices GBP pp
crystal-popalp-hotel,PopAlp Hotel,Crystal,La Plagne,Paradiski,France,,50,,,hotel,breakfast-only,,none,no,,,yes,flexible,1412,per-person,GBP,exact-week,1298,2905,,"flights, transfers + board (Ski Line package)",yes,,,"For a ski stay with bags of character, add the quirky PopAlp Hotel to your shortlist. Rocking its unique design that celebrates French ski culture through the cartoonish lens of 60s-style pop art, it’s a pick which feels fresh, modern ...",https://www.skiline.co.uk/ski-holidays/france/la-plagne/popalp-hotel,Ski Line,site-ski-line,5,chalets/images/crystal-popalp-hotel/,2026-10-06,"20 Mar price from Ski Line (London Gatwick, Double Room with Mountain View and Balcony - (price pp based on 2 sharing)); Ski Line prices GBP pp"
ski-world-chalet-crocus-blanc,Chalet Crocus Blanc,Ski World,La Plagne,Paradiski,France,,7,,,chalet,catered,"A catered ski chalet is a home-style ski holiday accommodation. Packages usually include flights, airport transfers, breakfast, afternoon tea and 3 or 4-course evening meals. Dinner also includes unlimited wine ...",none,no,,500,unknown,Saturday,,per-person,GBP,season-range,1539,1689,,"flights, transfers + board (Ski Line package)",unknown,,,The modern yet traditional Chalet Crocus Blanc is a high-quality chalet apartment that boasts an enviable location in La Plagne. Excellent facilities- The living room features comfortable soft seating for up to 8 people around the lovely log burner and ...,https://www.skiline.co.uk/ski-holidays/france/la-plagne/chalet-crocus-blanc,Ski Line,site-ski-line,5,chalets/images/ski-world-chalet-crocus-blanc/,2026-10-06,no 20/21 Mar 2027 departure in Ski Line price list; Ski Line prices GBP pp
ski-world-chalet-hepatica,Chalet Hepatica,Ski World,La Plagne,Paradiski,France,,10,,,chalet,catered,"A catered ski chalet is a home-style ski holiday accommodation. Packages usually include flights, airport transfers, breakfast, afternoon tea and 3 or 4-course evening meals. Dinner also includes unlimited wine ...",private-outdoor,yes,steam room,500,unknown,Saturday,,per-person,GBP,season-range,1573,1669,,"flights, transfers + board (Ski Line package)",unknown,,,This luxurious ski-in chalet apartment with an ideal position in La Plagne offers traditional alpine comforts with modern functionality. The beautiful open-plan kitchen/diner is complete with a great table and seating for up to 11 people. The glamourous living area ...,https://www.skiline.co.uk/ski-holidays/france/la-plagne/chalet-hepatica,Ski Line,site-ski-line,5,chalets/images/ski-world-chalet-hepatica/,2026-10-06,no 20/21 Mar 2027 departure in Ski Line price list; hot tub per Ski Line facility flag; Ski Line prices GBP pp
inghams-hotel-popalp,Hotel PopAlp,Inghams,La Plagne,Paradiski,France,,100,,,hotel,half-board,,none,yes,steam room,,yes,Saturday,1662,per-person,GBP,exact-week,1343,2362,,"flights, transfers + board (Ski Line package)",yes,,,"Forget your typical wood-panelled chalet. Hotel PopAlp ditches your expectations for a modern, creative take on mountain living. True to its name, this hotel is a burst of energy: colourful, social and totally unique. Every room and communal space is ...",https://www.skiline.co.uk/ski-holidays/france/la-plagne/hotel-popalp,Ski Line,site-ski-line,5,chalets/images/inghams-hotel-popalp/,2026-10-06,"20 Mar price from Ski Line (London Gatwick, Superior Room South,Double or Twin); Ski Line prices GBP pp"
sno-chalet-nicole,,Ski Famille,La Plagne,,,,,1,,,,,,,"steam room, fireplace",,,,,,,,,,,,,,,,,Ski Line,site-ski-line,,,2026-10-06,Ski Line: https://www.skiline.co.uk/ski-holidays/france/la-plagne/chalet-nicole-family; 20 Mar GBP 1799 per-person; range GBP 1349-1849 per-person; available 20 Mar: yes; operator per Ski Line: Ski Famille
ski-famille-chalet-delphine-family,Chalet Delphine (Family),Ski Famille,La Plagne,Paradiski,France,,20,,,chalet,catered,"Food and drink are, to our minds, an important part of any family chalet holiday. Going on a ski holiday with children shouldn’t mean that you have to compromise on ...",private (location not stated),no,fireplace,,yes,Saturday,1909,per-person,GBP,exact-week,1389,1909,,"flights, transfers + board (Ski Line package)",yes,,,This lovely chalet is right beside the piste in Plagne 1800 and has been built to our own specifications. All rooms are en-suite and most are family suites. There is a hot tub as well as a dedicated playroom and ...,https://www.skiline.co.uk/ski-holidays/france/la-plagne/chalet-delphine-family,Ski Line,site-ski-line,5,chalets/images/ski-famille-chalet-delphine-family/,2026-10-06,20 Mar price from Ski Line (London Gatwick); hot tub per Ski Line facility flag; Ski Line prices GBP pp
ski-world-chalet-riva,Chalet Riva,Ski World,La Plagne,Paradiski,France,,15,,,chalet,catered,"A catered ski chalet is a home-style ski holiday accommodation. Packages usually include flights, airport transfers, breakfast, afternoon tea and 3 or 4-course evening meals. Dinner also includes unlimited wine ...",private-outdoor,yes,fireplace,200,yes,Saturday,,per-person,GBP,season-range,1729,1849,,"flights, transfers + board (Ski Line package)",unknown,,,"Snow-sure and very close to piste and lifts, Chalet Riva blends Savoyard warmth with high-end style, modern comforts and easy access to the Paradiski slopes. New for the 2026-27 season and completely refurbished throughout the 2024 season, this is a ...",https://www.skiline.co.uk/ski-holidays/france/la-plagne/chalet-riva,Ski Line,site-ski-line,5,chalets/images/ski-world-chalet-riva/,2026-10-06,no 20/21 Mar 2027 departure in Ski Line price list; hot tub per Ski Line facility flag; Ski Line prices GBP pp
crystal-hotel-des-deux-domaines-belle-plagne,"Hotel des Deux Domaines, Belle Plagne",Crystal,La Plagne,Paradiski,France,,150,,,,,,private-indoor,yes,"pool, steam room",,yes,Saturday,,per-person,GBP,season-range,1426,1560,,"flights, transfers + board (Ski Line package)",unknown,,,"Style meets convenience at the Hotel des Deux Domaines – a modern pick where you can step out the door, click into your skis and set straight off to explore the world-class Paradiski area. Or if you’re not that confident ...",https://www.skiline.co.uk/ski-holidays/france/la-plagne/hotel-des-deux-domaines,Ski Line,site-ski-line,5,chalets/images/crystal-hotel-des-deux-domaines-belle-plagne/,2026-10-06,Ski Line board 'Hotel Full Board'; no 20/21 Mar 2027 departure in Ski Line price list; hot tub per Ski Line facility flag; Ski Line prices GBP pp
crystal-araucaria-hotel-spa,Araucaria Hotel & Spa,Crystal,La Plagne,Paradiski,France,,100,,,hotel,half-board,,none,yes,"pool, steam room",,unknown,flexible,1426,per-person,GBP,exact-week,1426,3636,,"flights, transfers + board (Ski Line package)",yes,,,"The Araucaria is a chic, cosy hotel with a friendly atmosphere. As well as balconies that overlook either the slalom stadium or Mont Blanc, the 84 contemporary bedrooms have everything to make your stay relaxing and comfortable – including video ...",https://www.skiline.co.uk/ski-holidays/france/la-plagne/araucaria-hotel-spa-2,Ski Line,site-ski-line,5,chalets/images/crystal-araucaria-hotel-spa/,2026-10-06,"20 Mar price from Ski Line (London Gatwick, Twin Room with Mountain View and Balcony - (price pp based on 2 sharing)); Ski Line prices GBP pp"
inghams-carlina-hotel,Carlina Hotel,Inghams,La Plagne,Paradiski,France,,60,,,hotel,breakfast-only,,yes-type-unknown,yes,"pool, steam room",,unknown,Saturday,1683,per-person,GBP,exact-week,1431,2808,,"flights, transfers + board (Ski Line package)",yes,,,"Tastefully decorated in a traditional Alpine style, the Hotel Carlina offers a lovely, homely atmosphere right in the heart of Belle Plagne. Maximising your ski miles is effortless here, as the hotel sits directly on the slopes, allowing you to ...",https://www.skiline.co.uk/ski-holidays/france/la-plagne/carlina-hotel,Ski Line,site-ski-line,5,chalets/images/inghams-carlina-hotel/,2026-10-06,"20 Mar price from Ski Line (London Gatwick, Junior Suite,Type Mezzanine); Ski Line prices GBP pp; Ski Line hot-tub flag on a residence/hotel: probably shared spa (pass2: hot tub type)"
inghams-hotel-araucaria,Hotel Araucaria,Inghams,La Plagne,Paradiski,France,,142,,,hotel,half-board,,yes-type-unknown,yes,steam room,,unknown,Saturday,1629,per-person,GBP,exact-week,1549,3126,,"flights, transfers + board (Ski Line package)",yes,,,The Araucaria Hotel & Spa is exceptionally well located at the bottom of the slalom run in Plagne Centre and is sister hotel to the Heliopic Hotel in Chamonix. Views from the property are great across the pistes or Mont ...,https://www.skiline.co.uk/ski-holidays/france/la-plagne/hotel-araucaria,Ski Line,site-ski-line,5,chalets/images/inghams-hotel-araucaria/,2026-10-06,"20 Mar price from Ski Line (London Gatwick, Twin or Double,PB, WC, BA,Classic,); Ski Line prices GBP pp; Ski Line hot-tub flag on a residence/hotel: probably shared spa (pass2: hot tub type)"
crystal-residence-le-quartz,Residence Le Quartz,Crystal,La Plagne,Paradiski,France,,4,,,apartment,self-catered,self-catered,none,no,,,yes,Sunday,,per-person,GBP,season-range,1550,2686,,"flights, transfers + board (Ski Line package)",unknown,,,"Want to self-cater on your holiday to La Plagne? Add these comfy, modern apartments in the Belle Plagne part of the resort to your shortlist. Your right on the slopes here, so you can simply step outside, pop on your ...",https://www.skiline.co.uk/ski-holidays/france/la-plagne/residence-le-quartz-3,Ski Line,site-ski-line,5,chalets/images/crystal-residence-le-quartz/,2026-10-06,no 20/21 Mar 2027 departure in Ski Line price list; Ski Line prices GBP pp
ski-world-chalet-little-riva,Chalet Little Riva,Ski World,La Plagne,Paradiski,France,,4,,,chalet,catered,"A catered ski chalet is a home-style ski holiday accommodation. Packages usually include flights, airport transfers, breakfast, afternoon tea and 3 or 4-course evening meals. Dinner also includes unlimited wine ...",none,no,fireplace,200,yes,Saturday,,per-person,GBP,season-range,1569,1849,,"flights, transfers + board (Ski Line package)",unknown,,,"Fully renovated and full of warmth, Little Riva is your private ski-in/ski-out haven in Plagne Village - perfect for families or close friends. Little Riva is a brand-new, fully renovated alpine retreat in Plagne Villages, designed for up to 4-5 ...",https://www.skiline.co.uk/ski-holidays/france/la-plagne/chalet-little-riva,Ski Line,site-ski-line,5,chalets/images/ski-world-chalet-little-riva/,2026-10-06,no 20/21 Mar 2027 departure in Ski Line price list; Ski Line prices GBP pp
ski-world-chalet-hellebore,Chalet Hellebore,Ski World,La Plagne,Paradiski,France,,8,,,chalet,catered,"A catered ski chalet is a home-style ski holiday accommodation. Packages usually include flights, airport transfers, breakfast, afternoon tea and 3 or 4-course evening meals. Dinner also includes unlimited wine ...",private-outdoor,yes,steam room,500,unknown,Saturday,,per-person,GBP,season-range,1619,1775,,"flights, transfers + board (Ski Line package)",unknown,,,The glamorous Chalet Hellebore ski-in chalet boasts a modern yet traditional style perfectly combined with arguably the best location in La Plagne just steps from the slopes. The charming open-plan kitchen/diner includes a trendy table and 8 seating chairs. The ...,https://www.skiline.co.uk/ski-holidays/france/la-plagne/chalet-hellebore,Ski Line,site-ski-line,5,chalets/images/ski-world-chalet-hellebore/,2026-10-06,no 20/21 Mar 2027 departure in Ski Line price list; hot tub per Ski Line facility flag; Ski Line prices GBP pp
ski-world-chalet-benoite,Chalet Benoite,Ski World,La Plagne,Paradiski,France,,8,,,chalet,catered,"A catered ski chalet is a home-style ski holiday accommodation. Packages usually include flights, airport transfers, breakfast, afternoon tea and 3 or 4-course evening meals. Dinner also includes unlimited wine ...",private-outdoor,yes,steam room,500,unknown,Saturday,,per-person,GBP,season-range,1699,1775,,"flights, transfers + board (Ski Line package)",unknown,,,"The simply fabulous Chalet Benoite has a great location in La Plagne and it mixes Savoyard traditions with high-standard contemporary comforts. The modern kitchen/diner area is just spectacular, the dining table is spacious and allows seating up to 8 people. ...",https://www.skiline.co.uk/ski-holidays/france/la-plagne/chalet-benoite,Ski Line,site-ski-line,5,chalets/images/ski-world-chalet-benoite/,2026-10-06,no 20/21 Mar 2027 departure in Ski Line price list; hot tub per Ski Line facility flag; Ski Line prices GBP pp
crystal-residence-manaka,Residence Manaka,Crystal,La Plagne,Paradiski,France,,6,,,apartment,self-catered,self-catered,yes-type-unknown,yes,"pool, steam room, fireplace",,yes,Saturday,,per-person,GBP,season-range,2292,2503,,"flights, transfers + board (Ski Line package)",unknown,,,"If you’re looking for self-catered, slopeside stay with a touch of luxe, the Manaka apartments are an ideal pick. Brand new for Winter 23/24, that well-loved alpine look of wood and stone has been given a modern makeover here. And ...",https://www.skiline.co.uk/ski-holidays/france/la-plagne/residence-manaka-2,Ski Line,site-ski-line,5,chalets/images/crystal-residence-manaka/,2026-10-06,no 20/21 Mar 2027 departure in Ski Line price list; hot tub per Ski Line facility flag; Ski Line prices GBP pp; Ski Line hot-tub flag on a residence/hotel: probably shared spa (pass2: hot tub type)
will-i-ski-chalet-plume-2,Chalet Plume 2,Will I Ski,La Plagne,Paradiski,France,,6,3,,chalet,catered,The catering package includes breakfast everyday with a hot special 5 mornings of the week. Afternoon tea everyday to fill your stomachs after a long days skiing. 3 course evening ...,private-outdoor,no,fireplace,,unknown,flexible,833,per-person,GBP,exact-week,833,1667,,"accommodation + board, no travel (Ski Line)",yes,,,Chalet Plume 2 is a bright and spacious chalet sleeping up to 6 guests across 3 double bedrooms. There is 1 master ensuite with a balcony and the 2 others share a family bathroom. The open-plan lounge is perfect for ...,https://www.skiline.co.uk/ski-holidays/france/la-plagne/chalet-plume-2,Ski Line,site-ski-line,5,chalets/images/will-i-ski-chalet-plume-2/,2026-10-06,20 Mar price from Ski Line (Independent Travel); Ski Line prices GBP pp
odalys-residence-le-pelvoux,Residence Le Pelvoux,Odalys,La Plagne,Paradiski,France,,12,,,apartment,self-catered,self-catered,none,yes,steam room,,partial,Saturday,211,per-person,GBP,exact-week,125,668,,"accommodation + board, no travel (Ski Line)",yes,,,"In the Savoyard resort of La Plagne Centre, your ski holiday rental in the Residence Le Pelvoux offers all the home comforts required for the perfect ski holiday. Your comfortable ski residence is directly above the shopping centre in the ...",https://www.skiline.co.uk/ski-holidays/france/la-plagne/residence-le-pelvoux,Ski Line,site-ski-line,5,chalets/images/odalys-residence-le-pelvoux/,2026-10-06,20 Mar price from Ski Line (Independent Travel); Ski Line prices GBP pp
odalys-front-de-neige-residence,Front de Neige Residence,Odalys,La Plagne,Paradiski,France,,6,,,apartment,self-catered,self-catered,yes-type-unknown,no,"pool, steam room",,partial,Saturday,248,per-person,GBP,exact-week,147,748,,"accommodation + board, no travel (Ski Line)",yes,,,"Set at the foot of a blue slope and the Bergerie chair lift, this attractive residence gives direct access to ski slopes situated in the heart of the 2nd largest ski area in the world, the Paradiski ski area. Close ...",https://www.skiline.co.uk/ski-holidays/france/la-plagne/front-de-neige-residence,Ski Line,site-ski-line,5,chalets/images/odalys-front-de-neige-residence/,2026-10-06,20 Mar price from Ski Line (Independent Travel); hot tub per Ski Line facility flag; Ski Line prices GBP pp; Ski Line hot-tub flag on a residence/hotel: probably shared spa (pass2: hot tub type)
the-alpine-generation-chalet-apartment-cretier,Chalet-Apartment Cretier,The Alpine Generation,La Plagne,Paradiski,France,,8,4,,chalet,catered,"'Go Off Piste' Menu Switch Options Back again for the 2024/2025 season, this operator is offering guests the option to go off-piste and ‘swap out’ certain elements of the catering, ...",private (location not stated),yes,,200,unknown,Sunday,546,per-person,GBP,exact-week,362,656,,"accommodation + board, no travel (Ski Line)",yes,,,"Chalet Cretier is a 4 bedroom chalet-apartment in the Marmottes residence, centrally located in the heart of Plagne 1800. Classic property available on a Catered (Half Board) basis. This chalet-apartment is laid out over a single storey, and offers 4 ...",https://www.skiline.co.uk/ski-holidays/france/la-plagne/chalet-cretier,Ski Line,site-ski-line,5,chalets/images/the-alpine-generation-chalet-apartment-cretier/,2026-10-06,20 Mar price from Ski Line (Independent Travel); hot tub per Ski Line facility flag; Ski Line prices GBP pp
the-alpine-generation-chalet-apartment-montillet,Chalet-Apartment Montillet,The Alpine Generation,La Plagne,Paradiski,France,,8,4,,chalet,catered,"'Go Off Piste' Menu Switch Options Back again for the 2024/2025 season, this operator is offering guests the option to go off-piste and ‘swap out’ certain elements of the catering, ...",private (location not stated),yes,,200,unknown,Sunday,564,per-person,GBP,exact-week,381,683,,"accommodation + board, no travel (Ski Line)",yes,,,"Chalet Montillet is a spacious 4 bedroom chalet-apartment in the Marmottes residence, centrally located in the heart of Plagne 1800. Classic property on a Catered (Half-board) basis. Chalet-apartment Montillet is a perfect base for your ski holiday to explore the ...",https://www.skiline.co.uk/ski-holidays/france/la-plagne/chalet-montillet,Ski Line,site-ski-line,5,chalets/images/the-alpine-generation-chalet-apartment-montillet/,2026-10-06,20 Mar price from Ski Line (Independent Travel); hot tub per Ski Line facility flag; Ski Line prices GBP pp
the-alpine-generation-chalet-apartment-deneriaz,Chalet-Apartment Deneriaz,The Alpine Generation,La Plagne,Paradiski,France,,8,4,,chalet,catered,"'Go Off Piste' Menu Switch Options Back again for the 2024/2025 season, this operator is offering guests the option to go off-piste and ‘swap out’ certain elements of the catering, ...",private (location not stated),yes,,,unknown,Sunday,564,per-person,GBP,exact-week,381,1005,,"accommodation + board, no travel (Ski Line)",yes,,,"Chalet Deneriaz is a 4 bedroom chalet-apartment in the Marmottes residence, located in the heart of the Paradiski area. This single level chalet-apartment is a traditional Alpine property offering 4 en-suite bedrooms (3 twin bedrooms, and one triple), all with ...",https://www.skiline.co.uk/ski-holidays/france/la-plagne/chalet-deneriaz,Ski Line,site-ski-line,5,chalets/images/the-alpine-generation-chalet-apartment-deneriaz/,2026-10-06,20 Mar price from Ski Line (Independent Travel); hot tub per Ski Line facility flag; Ski Line prices GBP pp
the-alpine-generation-chalet-apartment-bonlieu,Chalet-Apartment Bonlieu,The Alpine Generation,La Plagne,Paradiski,France,,8,4,,chalet,catered,"'Go Off Piste' Menu Switch Options Back again for the 2024/2025 season, this operator is offering guests the option to go off-piste and ‘swap out’ certain elements of the catering, ...",private-outdoor,yes,,,unknown,Sunday,592,per-person,GBP,exact-week,399,711,,"accommodation + board, no travel (Ski Line)",yes,,,"Chalet Bonlieu is a 4 bedroom chalet-apartment in the Marmottes residence, catering for up to 10 guests. Classic chalet available on a Catered (half-board) basis. The apartment has 3 twin bedrooms with en-suite bathrooms, and 1 quad bedroom with en-suite ...",https://www.skiline.co.uk/ski-holidays/france/la-plagne/chalet-bonlieu,Ski Line,site-ski-line,5,chalets/images/the-alpine-generation-chalet-apartment-bonlieu/,2026-10-06,20 Mar price from Ski Line (Independent Travel); hot tub per Ski Line facility flag; Ski Line prices GBP pp
the-alpine-generation-chalet-apartment-piccard,Chalet-Apartment Piccard,The Alpine Generation,La Plagne,Paradiski,France,,10,5,,chalet,catered,"'Go Off Piste' Menu Switch Options Back again for the 2024/2025 season, this operator is offering guests the option to go off-piste and ‘swap out’ certain elements of the catering, ...",private-outdoor,yes,,,unknown,Sunday,564,per-person,GBP,exact-week,546,1005,,"accommodation + board, no travel (Ski Line)",yes,,,"Chalet Piccard is a 5 bedroom chalet-apartment in the Marmottes residence, centrally located in the heart of Plagne 1800. Classic property on a Catered (Half Board) basis. This duplex chalet-apartment has 5 twin bedrooms, with the largest bedroom offering an ...",https://www.skiline.co.uk/ski-holidays/france/la-plagne/chalet-piccard,Ski Line,site-ski-line,5,chalets/images/the-alpine-generation-chalet-apartment-piccard/,2026-10-06,20 Mar price from Ski Line (Independent Travel); hot tub per Ski Line facility flag; Ski Line prices GBP pp
the-alpine-generation-chalet-apartment-vidal,Chalet-Apartment Vidal,The Alpine Generation,La Plagne,Paradiski,France,,6,3,,chalet,catered,"'Go Off Piste' Menu Switch Options Back again for the 2024/2025 season, this operator is offering guests the option to go off-piste and ‘swap out’ certain elements of the catering, ...",private (location not stated),yes,,300,unknown,Sunday,,per-person,GBP,season-range,546,683,,"accommodation + board, no travel (Ski Line)",unknown,,,"Chalet Vidal is a 3 bedroom chalet-apartment in the Marmottes residence, centrally located in the heart of Plagne 1800. Classic property on a Catered (Half-board) basis. This single level chalet-apartment accommodates 6 to 8 guests across 2 twin bedrooms and ...",https://www.skiline.co.uk/ski-holidays/france/la-plagne/chalet-vidal,Ski Line,site-ski-line,5,chalets/images/the-alpine-generation-chalet-apartment-vidal/,2026-10-06,no 20/21 Mar 2027 departure in Ski Line price list; hot tub per Ski Line facility flag; Ski Line prices GBP pp
chalet-beyond-chalet-anna,Chalet Anna,Chalet Beyond,La Plagne,Paradiski,France,,17,8,,chalet,catered,,private-outdoor,no,fireplace,,unknown,Saturday,,per-person,GBP,season-range,633,940,,"accommodation + board, no travel (Ski Line)",unknown,,,Catered Chalet Anna is an authentic and cosy chalet located just 40 meters from the slopes. The chalet is centrally located in the Paradiski ski area near the cosy center of La Plagne 1800. On the other side of the ...,https://www.skiline.co.uk/ski-holidays/france/la-plagne/chalet-anna,Ski Line,site-ski-line,5,chalets/images/chalet-beyond-chalet-anna/,2026-10-06,no 20/21 Mar 2027 departure in Ski Line price list; hot tub per Ski Line facility flag; Ski Line prices GBP pp
mmv-hotels-hotel-club-les-deux-domaines,Hotel Club Les Deux Domaines,MMV Hotels,La Plagne,Paradiski,France,,200,1,,,,,none,yes,pool,,yes,Saturday,1079,per-person,GBP,exact-week,751,1728,,"accommodation + board, no travel (Ski Line)",yes,,,"Your stay begins in the intimate atmosphere of Les 2 Domaines, a Village Club with the feel of a Savoyard chalet featuring 79 particularly spacious rooms. Once you've unpacked your bags, you'll be captivated by the exceptional view of the ...",https://www.skiline.co.uk/ski-holidays/france/la-plagne/hotel-club-mmv-les-deux-domaines,Ski Line,site-ski-line,5,chalets/images/mmv-hotels-hotel-club-les-deux-domaines/,2026-10-06,Ski Line board 'Hotel Full Board'; 20 Mar price from Ski Line (Independent Travel); Ski Line prices GBP pp
chalet-beyond-chalet-penaroya,Chalet Penaroya,Chalet Beyond,La Plagne,Paradiski,France,,21,5,,chalet,catered,,private-outdoor,yes,fireplace,,unknown,Sunday,777,per-person,GBP,exact-week,759,1095,,"accommodation + board, no travel (Ski Line)",yes,,,"Catered chalet Penaroya is new this coming winter within Chalet Beyond’s selection. A spacious, renovated chalet, located in the small Crete Cote hamlet near La Plagne 1800. The chalet has a spacious terrace, private parking and lovely wellness areas with ...",https://www.skiline.co.uk/ski-holidays/france/la-plagne/chalet-penaroya,Ski Line,site-ski-line,5,chalets/images/chalet-beyond-chalet-penaroya/,2026-10-06,20 Mar price from Ski Line (Independent Travel); hot tub per Ski Line facility flag; Ski Line prices GBP pp
crystal-residence-pelvoux,Residence Pelvoux,Crystal,La Plagne,Paradiski,France,,10,,,apartment,self-catered,self-catered,none,yes,steam room,,unknown,Saturday,,per-person,GBP,season-range,907,2181,,"flights, transfers + board (Ski Line package)",unknown,,,"The location of the Residence Pelvoux is perfect, right on the slopes of Plagne centre. All apartments offer well equipped accommodation for 2-10 people, all nicely furnished for a comfortable stay in La Plagne. Essentials Ski-in, ski-out accommodation, 1 minute's ...",https://www.skiline.co.uk/ski-holidays/france/la-plagne/residence-pelvoux,Ski Line,site-ski-line,5,chalets/images/crystal-residence-pelvoux/,2026-10-06,no 20/21 Mar 2027 departure in Ski Line price list; Ski Line prices GBP pp
mmv-hotels-hotel-club-aime-2000,Hotel Club Aime 2000,MMV Hotels,La Plagne,Paradiski,France,,100,1,,,,,none,yes,,,yes,Saturday,1002,per-person,GBP,exact-week,1002,1612,,"accommodation + board, no travel (Ski Line)",yes,,,"After enjoying the generous living spaces of the MMV Plagne 2000 club, discover the comfort of your cozy and well-equipped room. While your children enjoy the activities of the Kids' Club, relax on the sunny terrace before treating yourself to ...",https://www.skiline.co.uk/ski-holidays/france/la-plagne/hotel-aime-2000,Ski Line,site-ski-line,5,chalets/images/mmv-hotels-hotel-club-aime-2000/,2026-10-06,Ski Line board 'Hotel Full Board'; 20 Mar price from Ski Line (Independent Travel); Ski Line prices GBP pp
crystal-hotel-terra-nova,Hotel Terra Nova,Crystal,La Plagne,Paradiski,France,,240,,,hotel,half-board,,none,yes,,,yes,Saturday,,per-person,GBP,season-range,1160,1720,,mixed: some departures include travel,unknown,,,"The Terra Nova Hotel is superbly located in Plagne Centre. Right at the foot of 225km of piste, you can jump straight on the chairlift in the morning and ski back to the door at the end of the day. ...",https://www.skiline.co.uk/ski-holidays/france/la-plagne/hotel-terra-nova,Ski Line,site-ski-line,5,chalets/images/crystal-hotel-terra-nova/,2026-10-06,no 20/21 Mar 2027 departure in Ski Line price list; Ski Line prices GBP pp
skiline-les-chalets-edelweiss,Les Chalets Edelweiss,,,,,,12,,,apartment,self-catered,self-catered,none,yes,"pool, steam room, fireplace",,unknown,,,,,quote-needed,,,,,unknown,,,"The LES CHALETS EDELWEISS self-catering ski apartments in La Plagne are located in the picturesque village of Plagne 1800, right next to the chair lift to Plagne Centre. This ski-in/ski-out Lagrange Prestige residence is made up of 83 apartments, housed ...",https://www.skiline.co.uk/ski-holidays/france/la-plagne/les-chalets-edelweiss,Ski Line,site-ski-line,5,chalets/images/skiline-les-chalets-edelweiss/,2026-10-06,no 20/21 Mar 2027 departure in Ski Line price list; operator not named (Ski Line sitemap-only page); sitemap-only (not in Ski Line search)
allchalets-chalet-les-alpages,,,,,,,,,,,,,,,fireplace,,,,,,,,,,,,,,,,,Ski Line,site-ski-line,,,2026-10-06,Ski Line: https://www.skiline.co.uk/ski-holidays/france/la-plagne/chalets-les-alpages
skiline-les-chalets-de-wengen,Les Chalets de Wengen,,,,,,6,,,apartment,self-catered,self-catered,none,no,pool,,unknown,,,,,quote-needed,,,,,unknown,,,"Les Chalets de Wengen comprises ten warm, comfortable and welcoming residences ideally situated in the friendly village of Les Coches. The residence is located just 200m from the village centre and 150m from the nearest ski-lift. In addition, guests are ...",https://www.skiline.co.uk/ski-holidays/france/la-plagne/les-chalets-de-wengen,Ski Line,site-ski-line,5,chalets/images/skiline-les-chalets-de-wengen/,2026-10-06,no 20/21 Mar 2027 departure in Ski Line price list; operator not named (Ski Line sitemap-only page); sitemap-only (not in Ski Line search)
skiline-le-chalet-du-vallon,Le Chalet du Vallon,,,,,,10,,,apartment,self-catered,self-catered,yes-type-unknown,yes,fireplace,,unknown,,,,,quote-needed,,,,,unknown,,,"The LES MONTAGNETTES (Le Chalet du Vallon) are self-catering ski apartments in La Plagne are located a maximum of 50m from the slopes, 100m from the shops, and a maximum of 300m from the resort centre, the snow kindergarten and ...",https://www.skiline.co.uk/ski-holidays/france/la-plagne/le-chalet-du-vallon,Ski Line,site-ski-line,5,chalets/images/skiline-le-chalet-du-vallon/,2026-10-06,no 20/21 Mar 2027 departure in Ski Line price list; operator not named (Ski Line sitemap-only page); sitemap-only (not in Ski Line search); Ski Line hot-tub flag on a residence/hotel: probably shared spa (pass2: hot tub type)
skiline-les-chalets-de-arolles,Les Chalets de Arolles,,,,,,5,,,apartment,self-catered,self-catered,none,no,,,unknown,,,,,quote-needed,,,,,unknown,,,"Your chalet in a natural Savoie setting. The Les Chalets des Arolles residence is located near the centre of Belle Plagne, a pedestrianised, family-friendly sports resort located in a quintessentially Savoyard natural setting at the heart of the Paradiski ski ...",https://www.skiline.co.uk/ski-holidays/france/la-plagne/les-chalets-de-arolles,Ski Line,site-ski-line,5,chalets/images/skiline-les-chalets-de-arolles/,2026-10-06,no 20/21 Mar 2027 departure in Ski Line price list; operator not named (Ski Line sitemap-only page); sitemap-only (not in Ski Line search)
skiline-apartments-les-chalets-edelweiss,Apartments Les Chalets Edelweiss,,,,,,8,,,apartment,self-catered,self-catered,none,yes,"pool, steam room, fireplace",,unknown,,,,,quote-needed,,,,,unknown,,,"This recently built residence offers 83 apartments within 7 chalet style buildings and is conveniently located just 20m from the ski lifts, next to the ESF meeting point and in the centre of Plagne 1800. A communal lounge with fireplace ...",https://www.skiline.co.uk/ski-holidays/france/la-plagne/apartments-les-chalets-edelweiss,Ski Line,site-ski-line,5,chalets/images/skiline-apartments-les-chalets-edelweiss/,2026-10-06,no 20/21 Mar 2027 departure in Ski Line price list; operator not named (Ski Line sitemap-only page); sitemap-only (not in Ski Line search)
skiline-les-montagnettes-le-chalet-des-cimes,Les Montagnettes – Le Chalet des Cimes,,,,,,10,,,apartment,self-catered,self-catered,yes-type-unknown,yes,"steam room, fireplace",,unknown,,,,,quote-needed,,,,,unknown,,,These chalets are always extremely popular and in high demand due to their location in resort and the quality of their design and management. The Chalet des Cimes is a south facing building located in the higher part of the ...,https://www.skiline.co.uk/ski-holidays/france/la-plagne/les-montagnettes-le-chalet-des-cimes,Ski Line,site-ski-line,5,chalets/images/skiline-les-montagnettes-le-chalet-des-cimes/,2026-10-06,no 20/21 Mar 2027 departure in Ski Line price list; operator not named (Ski Line sitemap-only page); sitemap-only (not in Ski Line search); Ski Line hot-tub flag on a residence/hotel: probably shared spa (pass2: hot tub type)
skiline-le-chalet-des-cimes,Le Chalet des Cimes,,,,,,8,,,apartment,self-catered,self-catered,yes-type-unknown,yes,"steam room, fireplace",,unknown,,,,,quote-needed,,,,,unknown,,,"Eternally popular due to their fantastic location and high-quality apartments, Le Chalet des Cimes boasts 13 large and spacious apartments with easy access to the fantastic Paradiski ski domain. All Le Chalet des Cimes ski apartments enjoy south-facing views of ...",https://www.skiline.co.uk/ski-holidays/france/la-plagne/le-chalet-des-cimes,Ski Line,site-ski-line,5,chalets/images/skiline-le-chalet-des-cimes/,2026-10-06,no 20/21 Mar 2027 departure in Ski Line price list; operator not named (Ski Line sitemap-only page); sitemap-only (not in Ski Line search); Ski Line hot-tub flag on a residence/hotel: probably shared spa (pass2: hot tub type)
skiline-chalets-de-la-mine,Chalets de la Mine,,,,,,8,,,apartment,self-catered,self-catered,none,no,,,unknown,,,,,quote-needed,,,,,unknown,,,"Refurbished in 2018, Chalets de la Mine comprises 2 chalets located in the heart of Plagne 1800, a short walk from the shops and restaurants. Offering great access to the large Paradiski area, with slopes accessible on foot approx 300m ...",https://www.skiline.co.uk/ski-holidays/france/la-plagne/chalets-de-la-mine,Ski Line,site-ski-line,3,chalets/images/skiline-chalets-de-la-mine/,2026-10-06,no 20/21 Mar 2027 departure in Ski Line price list; operator not named (Ski Line sitemap-only page); sitemap-only (not in Ski Line search)
skiline-chalet-juliette,Chalet Juliette,,,,,,14,,,chalet,self-catered,self-catered,private-outdoor,yes,"pool, steam room, fireplace",,unknown,,,,,quote-needed,,,,,unknown,,,"Tucked away in the scenic landscape of La Plagne, Chalet Juliette is laid out over three floors and presents a remarkable fusion of contemporary elegance and timeless mountain-inspired features, it showcases an awe-inspiring architectural composition that harmoniously blends modern aesthetics ...",https://www.skiline.co.uk/ski-holidays/france/la-plagne/chalet-juliette,Ski Line,site-ski-line,5,chalets/images/skiline-chalet-juliette/,2026-10-06,no 20/21 Mar 2027 departure in Ski Line price list; hot tub per Ski Line facility flag; operator not named (Ski Line sitemap-only page); sitemap-only (not in Ski Line search)
skiline-chalet-hugo,Chalet Hugo,,,,,,12,,,chalet,self-catered,self-catered,private-outdoor,yes,"pool, steam room",,unknown,,,,,quote-needed,,,,,unknown,,,"Meticulously designed by expert decorators to embody the traditional Alpine style. This captivating retreat provides an idyllic setting for gatherings of up to 12 friends or family, offering an unforgettable mountain experience. Indulge in the comfort of Chalet Hugo's six ...",https://www.skiline.co.uk/ski-holidays/france/la-plagne/chalet-hugo,Ski Line,site-ski-line,5,chalets/images/skiline-chalet-hugo/,2026-10-06,no 20/21 Mar 2027 departure in Ski Line price list; operator not named (Ski Line sitemap-only page); sitemap-only (not in Ski Line search)
skiline-chalet-violette,Chalet Violette,,,,,,12,6,,chalet,self-catered,self-catered,private-outdoor,yes,"pool, fireplace",,unknown,,,,,quote-needed,,,,,unknown,,,"Nestled in the picturesque surroundings of La Plagne this luxurious six-bedroom chalet boasts an impressive design, blending modern aesthetics with traditional mountain elements. Its spacious living area, featuring an open-plan kitchen and dining room, offers a welcoming atmosphere for up ...",https://www.skiline.co.uk/ski-holidays/france/la-plagne/chalet-violetta,Ski Line,site-ski-line,5,chalets/images/skiline-chalet-violette/,2026-10-06,no 20/21 Mar 2027 departure in Ski Line price list; hot tub per Ski Line facility flag; operator not named (Ski Line sitemap-only page); sitemap-only (not in Ski Line search)
skiline-chalet-perle,Chalet Perle,,,,,,14,4,,chalet,self-catered,self-catered,private-outdoor,yes,fireplace,,unknown,,,,,quote-needed,,,,,unknown,,,"Located in Plagne 1800, the charming ski chalet Perle sleeps 14 people and is in an exceptional location with fantastic views over the valley and the ski area. Easy access to sports activities and only 100m from the ski slopes ...",https://www.skiline.co.uk/ski-holidays/france/la-plagne/chalet-perle,Ski Line,site-ski-line,5,chalets/images/skiline-chalet-perle/,2026-10-06,no 20/21 Mar 2027 departure in Ski Line price list; hot tub per Ski Line facility flag; operator not named (Ski Line sitemap-only page); sitemap-only (not in Ski Line search)
skiline-chalet-sporting-lodge,Chalet Sporting Lodge,,,,,,14,7,,chalet,self-catered,self-catered,private-outdoor,yes,fireplace,,unknown,,,,,quote-needed,,,,,unknown,,,"The Chalet Sporting Lodge welcomes you to the center of La Plagne 1800 where you will find shops, cultural riches and a peaceful atmosphere. With the Mont Blanc not far, many outdoor activities are available to you: hiking, zip line, ...",https://www.skiline.co.uk/ski-holidays/france/la-plagne/chalet-sporting-lodge,Ski Line,site-ski-line,5,chalets/images/skiline-chalet-sporting-lodge/,2026-10-06,no 20/21 Mar 2027 departure in Ski Line price list; hot tub per Ski Line facility flag; operator not named (Ski Line sitemap-only page); sitemap-only (not in Ski Line search)
skiline-les-montagnettes-le-chalet-du-vallon,Les Montagnettes – Le Chalet du Vallon,,,,,,72,2,,chalet,self-catered,self-catered,private (location not stated),yes,fireplace,,unknown,,,,,quote-needed,,,,,unknown,,,These chalets are always popular due to the high quality of their design and management as well as the cosy chalet feel. The Chalet du Vallon offers great access to the ski tracks taking you through the resort to the ...,https://www.skiline.co.uk/ski-holidays/france/la-plagne/les-montagnettes-le-chalet-du-vallon,Ski Line,site-ski-line,5,chalets/images/skiline-les-montagnettes-le-chalet-du-vallon/,2026-10-06,no 20/21 Mar 2027 departure in Ski Line price list; hot tub per Ski Line facility flag; operator not named (Ski Line sitemap-only page); sitemap-only (not in Ski Line search)
skiline-chalet-mont-soleil,Chalet Mont Soleil,,,,,,12,3,,chalet,self-catered,self-catered,private-outdoor,yes,fireplace,,unknown,,,,,quote-needed,,,,,unknown,,,"Do you spend your time looking for the perfect, luxury ski chalet with sauna, whirlpool, terrace with stunning views in one of the best ski resorts in France? Look no further, you’ve found it! The luxury Chalet Mont Soleil in ...",https://www.skiline.co.uk/ski-holidays/france/la-plagne/chalet-mont-soleil,Ski Line,site-ski-line,5,chalets/images/skiline-chalet-mont-soleil/,2026-10-06,no 20/21 Mar 2027 departure in Ski Line price list; hot tub per Ski Line facility flag; operator not named (Ski Line sitemap-only page); sitemap-only (not in Ski Line search)
skiline-mmv-mountain-collection-chalets-de-la-mine-2,MMV Mountain Collection Chalets De La Mine 2,,,,,,10,,,chalet,self-catered,self-catered,none,no,,,unknown,,,,,quote-needed,,,,,unknown,,,"What's Included Eurostar seat ✔ Transfers ✔ Accommodation ✔ Ski pass ✔ Chalets with a Savoyard look, they already seduce from the outside. Refurbished in 2018, the two chalets offer quality materials and a mountain decor that perfectly combines modernity ...",https://www.skiline.co.uk/ski-holidays/france/la-plagne/mmv-mountain-collection-chalets-de-la-mine-2,Ski Line,site-ski-line,5,chalets/images/skiline-mmv-mountain-collection-chalets-de-la-mine-2/,2026-10-06,no 20/21 Mar 2027 departure in Ski Line price list; operator not named (Ski Line sitemap-only page); sitemap-only (not in Ski Line search)
skiline-mmv-mountain-collection-chalets-de-la-mine-1,MMV Mountain Collection Chalets De La Mine 1,,,,,,10,,,chalet,self-catered,self-catered,none,no,,,unknown,,,,,quote-needed,,,,,unknown,,,"What's Included Eurostar seat ✔ Transfers ✔ Accommodation ✔ Ski pass ✔ Chalets with a Savoyard look, they already seduce from the outside. Refurbished in 2018, the two chalets offer quality materials and a mountain decor that perfectly combines modernity ...",https://www.skiline.co.uk/ski-holidays/france/la-plagne/mmv-mountain-collection-chalets-de-la-mine-1,Ski Line,site-ski-line,5,chalets/images/skiline-mmv-mountain-collection-chalets-de-la-mine-1/,2026-10-06,no 20/21 Mar 2027 departure in Ski Line price list; operator not named (Ski Line sitemap-only page); sitemap-only (not in Ski Line search)
skiline-mmv-mountain-collection-chalet-boudu,MMV Mountain Collection Chalet Boudu,,,,,,7,,,chalet,self-catered,self-catered,none,no,fireplace,,unknown,,,,,quote-needed,,,,,unknown,,,"What's Included Eurostar seat ✔ Transfers ✔ Accommodation ✔ Ski pass ✔ Chalet Boudu is an authentic accommodation that will undoubtedly charm you. Its large, open and spacious living room invites you to take a break from the daily grind, ...",https://www.skiline.co.uk/ski-holidays/france/la-plagne/mmv-mountain-collection-chalet-boudu,Ski Line,site-ski-line,5,chalets/images/skiline-mmv-mountain-collection-chalet-boudu/,2026-10-06,no 20/21 Mar 2027 departure in Ski Line price list; operator not named (Ski Line sitemap-only page); sitemap-only (not in Ski Line search)
skiline-chalet-crete-cote-e2,Chalet Crete Cote E2,,,,,,6,2,,chalet,self-catered,self-catered,none,no,,,unknown,,,,,quote-needed,,,,,unknown,,,What's Included Eurostar seat ✔ Transfers ✔ Accommodation ✔ Ski pass ✔ The town centre is 2 Km. the shops are 2 Km. the ski school is 2 Km. the slopes are 2 Km. the train station is 10 Km. ...,https://www.skiline.co.uk/ski-holidays/france/la-plagne/chalet-crete-cote-e2,Ski Line,site-ski-line,5,chalets/images/skiline-chalet-crete-cote-e2/,2026-10-06,no 20/21 Mar 2027 departure in Ski Line price list; operator not named (Ski Line sitemap-only page); sitemap-only (not in Ski Line search)
skiline-premium-residence-les-chalets-dedelweiss-4,Premium – Residence Les Chalets d’Edelweiss 4*,,,,,,8,,,apartment,self-catered,self-catered,none,yes,"pool, fireplace",,unknown,,,,,quote-needed,,,,,unknown,,,"Residence les Chalets d’Edelweiss 4* is located at the heart of the Plagne 1800 resort, only 20 metres from the slopes, the ESF ski school meeting point, the Piou-Piou Club. The shops are 500 metres away. The residence is made ...",https://www.skiline.co.uk/ski-holidays/france/la-plagne/residence-les-chalets-dedelweiss,Ski Line,site-ski-line,5,chalets/images/skiline-premium-residence-les-chalets-dedelweiss-4/,2026-10-06,no 20/21 Mar 2027 departure in Ski Line price list; operator not named (Ski Line sitemap-only page); sitemap-only (not in Ski Line search)
skiline-residence-les-chalets-des-arolles,Residence Les Chalets des Arolles,,,,,,4,,,apartment,self-catered,self-catered,none,no,,,unknown,,,,,quote-needed,,,,,unknown,,,"What's Included Eurostar seat ✔ Transfers ✔ Accommodation ✔ Ski pass ✔ Wooden and stone chalets, close to shops and entertainment venues, most of which have direct access to the slopes, you are at Les Chalets des Arolles. Consisting of ...",https://www.skiline.co.uk/ski-holidays/france/la-plagne/residence-les-chalets-des-arolles-maeva-home,Ski Line,site-ski-line,5,chalets/images/skiline-residence-les-chalets-des-arolles/,2026-10-06,no 20/21 Mar 2027 departure in Ski Line price list; operator not named (Ski Line sitemap-only page); sitemap-only (not in Ski Line search)
skiline-les-chalets-des-praz,Les Chalets des Praz,,,,,,7,,,apartment,self-catered,self-catered,none,no,,,unknown,,,,,quote-needed,,,,,unknown,,,"What's Included Eurostar seat ✔ Transfers ✔ Accommodation ✔ Ski pass ✔ Les Chalets du Praz are located at an altitude of 2000 meters, in the resort of Plagne Villages, on the mountain side, at the level of the mountain ...",https://www.skiline.co.uk/ski-holidays/france/la-plagne/les-chalets-des-praz-8-night-package,Ski Line,site-ski-line,4,chalets/images/skiline-les-chalets-des-praz/,2026-10-06,no 20/21 Mar 2027 departure in Ski Line price list; operator not named (Ski Line sitemap-only page); sitemap-only (not in Ski Line search)
skiline-residence-le-chalet-du-vallon,Residence Le Chalet du Vallon,,,,,,10,,,apartment,self-catered,self-catered,yes-type-unknown,yes,fireplace,,unknown,,,,,quote-needed,,,,,unknown,,,"What's Included Eurostar seat ✔ Transfers ✔ Accommodation ✔ Ski pass ✔ The residence Le Vallon 2* is located at the entrance of the resort of Belle Plagne, 50 metres from the slopes. It is composed of spacious, comfortable and ...",https://www.skiline.co.uk/ski-holidays/france/la-plagne/residence-le-chalet-du-vallon,Ski Line,site-ski-line,5,chalets/images/skiline-residence-le-chalet-du-vallon/,2026-10-06,no 20/21 Mar 2027 departure in Ski Line price list; operator not named (Ski Line sitemap-only page); sitemap-only (not in Ski Line search); Ski Line hot-tub flag on a residence/hotel: probably shared spa (pass2: hot tub type)
skiline-residence-lagrange-vacances-les-chalets-edelweiss,Residence Lagrange Vacances Les Chalets Edelweiss,,,,,,8,,,apartment,self-catered,self-catered,none,yes,pool,,unknown,,,,,quote-needed,,,,,unknown,,,"What's Included Eurostar seat ✔ Transfers ✔ Accommodation ✔ Ski pass ✔ Only 20 m from the slopes and the ESF, the Residence Lagrange Vacances Les Chalets Edelweiss 4* is ideally located in the heart of the resort. Built in ...",https://www.skiline.co.uk/ski-holidays/france/la-plagne/residence-lagrange-vacances-les-chalets-edelweiss,Ski Line,site-ski-line,5,chalets/images/skiline-residence-lagrange-vacances-les-chalets-edelweiss/,2026-10-06,no 20/21 Mar 2027 departure in Ski Line price list; operator not named (Ski Line sitemap-only page); sitemap-only (not in Ski Line search)
skiline-chalet-larpette-lodge,Chalet l’Arpette Lodge,,,,,,12,5,,chalet,self-catered,self-catered,none,yes,fireplace,,unknown,,,,,quote-needed,,,,,unknown,,,Discover the L'Arpette Lodge at the foot of the slopes in the wonderful ski resort of La Plagne 1800. This exceptional chalet benefits from an ideal location to access the large and varied ski area and allows you to indulge ...,https://www.skiline.co.uk/ski-holidays/france/la-plagne/chalet-larpette-lodge,Ski Line,site-ski-line,5,chalets/images/skiline-chalet-larpette-lodge/,2026-10-06,no 20/21 Mar 2027 departure in Ski Line price list; operator not named (Ski Line sitemap-only page); sitemap-only (not in Ski Line search)
skiline-chalet-hotel-turquoise,Chalet Hotel Turquoise,,,,,,9,,,apartment,self-catered,self-catered,yes-type-unknown,yes,pool,,unknown,,,,,quote-needed,,,,,unknown,,,"Ideally located in Belle Plagne, Chalet Hotel Turquoise is the perfect base for exploring La Plagne and the wider Paradiski area. The residence features 13 apartments with easy access to the slopes and a wellness area for those looking to ...",https://www.skiline.co.uk/ski-holidays/france/la-plagne/chalet-hotel-turquoise,Ski Line,site-ski-line,5,chalets/images/skiline-chalet-hotel-turquoise/,2026-10-06,no 20/21 Mar 2027 departure in Ski Line price list; operator not named (Ski Line sitemap-only page); sitemap-only (not in Ski Line search); Ski Line hot-tub flag on a residence/hotel: probably shared spa (pass2: hot tub type)
ski-beat-chalet-blanchot,Chalet Blanchot,Ski Beat,Les Arcs,Paradiski,France,,9,4,,chalet,catered,"This operator knows how much extra yummy food can add to your ski chalet holiday, that's why they work hard to make sure all of our chalet hosts are trained ...",none,no,fireplace,,partial,Saturday,,per-person,GBP,season-range,752,2065,,"flights, transfers + board (Ski Line package)",unknown,,,"Providing comfortable, warm and cosy accommodation with a home from home feel, Chalet Blanchot is a great choice for groups, who like to truly unwind after their challenging day on the slopes. With a beautiful open plan lounge, complete with ...",https://www.skiline.co.uk/ski-holidays/france/les-arcs/chalet-blanchot,Ski Line,site-ski-line,5,chalets/images/ski-beat-chalet-blanchot/,2026-10-06,no 20/21 Mar 2027 departure in Ski Line price list; Ski Line prices GBP pp
ski-beat-chalet-herrison,Chalet Herrison,Ski Beat,Les Arcs,Paradiski,France,,9,4,,chalet,catered,"This operator knows how much extra yummy food can add to your ski chalet holiday, that's why they work hard to make sure all of our chalet hosts are trained ...",none,no,fireplace,,partial,Saturday,,per-person,GBP,season-range,742,2055,,"flights, transfers + board (Ski Line package)",unknown,,,"Chalet Herrison in Plan Peisey, les Arcs has four bedrooms all with full en-suite facilities. The open plan lounge and dining area of Chalet Herrison has comfortable seating around the glass-fronted fireplace. There is a door from the dining area ...",https://www.skiline.co.uk/ski-holidays/france/les-arcs/chalet-herrison,Ski Line,site-ski-line,5,chalets/images/ski-beat-chalet-herrison/,2026-10-06,no 20/21 Mar 2027 departure in Ski Line price list; Ski Line resort 'Les Arcs' but text/url says Peisey-Nancroix - check village; Ski Line prices GBP pp
ski-beat-chalet-fleur-de-neige,Chalet Fleur de Neige,Ski Beat,Les Arcs,Paradiski,France,,15,7,,chalet,catered,"This operator knows how much extra yummy food can add to your ski chalet holiday, that's why they work hard to make sure all of our chalet hosts are trained ...",none,yes,fireplace,50,partial,Saturday,,per-person,GBP,season-range,775,2273,,"flights, transfers + board (Ski Line package)",unknown,,,"Chalet Fleur de Neige has charm and comfort in spades. With its seven bedrooms, each providing en suite facilities, and with the space to sleep up to 15 guests, you are sure to enjoy a great group holiday with friends ...",https://www.skiline.co.uk/ski-holidays/france/les-arcs/chalet-fleur-de-neige,Ski Line,site-ski-line,5,chalets/images/ski-beat-chalet-fleur-de-neige/,2026-10-06,no 20/21 Mar 2027 departure in Ski Line price list; Ski Line prices GBP pp
ski-beat-chalet-alpaca,Chalet Alpaca,Ski Beat,Les Arcs,Paradiski,France,,9,4,,chalet,catered,"This operator knows how much extra yummy food can add to your ski chalet holiday, that's why they work hard to make sure all of our chalet hosts are trained ...",none,no,fireplace,50,partial,Saturday,,per-person,GBP,season-range,752,1407,,"flights, transfers + board (Ski Line package)",unknown,,,"Chalet Alpaca in Plan Peisey, Les Arcs has four bedrooms all with full en-suite facilities. There is seating around a glass-fronted fireplace in the comfortable open plan lounge and dining area. From the Chalet Alpaca dining area a door opens ...",https://www.skiline.co.uk/ski-holidays/france/les-arcs/chalet-alpaca,Ski Line,site-ski-line,5,chalets/images/ski-beat-chalet-alpaca/,2026-10-06,no 20/21 Mar 2027 departure in Ski Line price list; Ski Line resort 'Les Arcs' but text/url says Peisey-Nancroix - check village; Ski Line prices GBP pp
ski-beat-chalet-gentiane,Chalet Gentiane,Ski Beat,Les Arcs,Paradiski,France,,13,2,,chalet,catered,"This operator knows how much extra yummy food can add to your ski chalet holiday, that's why they work hard to make sure all of our chalet hosts are trained ...",none,yes,fireplace,50,partial,Saturday,1101,per-person,GBP,exact-week,741,2053,,"flights, transfers + board (Ski Line package)",yes,,,Chalet Gentiane has been built to our specifications and finished to a high standard. The entrance to the chalet is on the first floor with two bedrooms on this level and another four on the level below together with a ...,https://www.skiline.co.uk/ski-holidays/france/les-arcs/chalet-gentiane,Ski Line,site-ski-line,5,chalets/images/ski-beat-chalet-gentiane/,2026-10-06,20 Mar price from Ski Line (London Gatwick); Ski Line prices GBP pp
ski-beat-chalet-dahu,Chalet Dahu,Ski Beat,Les Arcs,Paradiski,France,,10,,,chalet,catered,"This operator knows how much extra yummy food can add to your ski chalet holiday, that's why they work hard to make sure all of our chalet hosts are trained ...",none,yes,fireplace,,partial,Saturday,,per-person,GBP,season-range,1153,1523,,"flights, transfers + board (Ski Line package)",unknown,,,"Discover the charm of Chalet Dahu a welcoming alpine retreat in the heart of Les Arcs. Warm, cosy, and homely, this beautiful chalet is the perfect base for your mountain adventure. Unwind in the open-plan lounge, where comfortable sofas and ...",https://www.skiline.co.uk/ski-holidays/france/les-arcs/chalet-dahu,Ski Line,site-ski-line,5,chalets/images/ski-beat-chalet-dahu/,2026-10-06,no 20/21 Mar 2027 departure in Ski Line price list; Ski Line prices GBP pp
ski-beat-chalet-bayona,Chalet Bayona,Ski Beat,Les Arcs,Paradiski,France,,15,7,,chalet,catered,"This operator knows how much extra yummy food can add to your ski chalet holiday, that's why they work hard to make sure all of our chalet hosts are trained ...",none,yes,fireplace,,unknown,Saturday,,per-person,GBP,season-range,752,1927,,"flights, transfers + board (Ski Line package)",unknown,,,"Chalet Bayona sleeps 14/15 in seven en-suite bedrooms, which are spread over three floors. The lounge and dining area is located on the upper floor which is up half a flight of stairs from the entrance floor. The log-burning stove ...",https://www.skiline.co.uk/ski-holidays/france/les-arcs/chalet-bayona,Ski Line,site-ski-line,5,chalets/images/ski-beat-chalet-bayona/,2026-10-06,no 20/21 Mar 2027 departure in Ski Line price list; Ski Line prices GBP pp
ski-beat-chalet-alouette,Chalet Alouette,Ski Beat,Les Arcs,Paradiski,France,,6,3,,chalet,catered,"This operator knows how much extra yummy food can add to your ski chalet holiday, that's why they work hard to make sure all of our chalet hosts are trained ...",private-outdoor,yes,"steam room, fireplace",,unknown,Saturday,1354,per-person,GBP,exact-week,870,2373,,"flights, transfers + board (Ski Line package)",yes,,,"Chalet Alouette is a chalet style apartment that features 3 bedrooms and sleeps 6 guests. Inspired by Canadian architecture and decor, it boasts a private living area with a glass fronted log burning fire and a large flat screen TV ...",https://www.skiline.co.uk/ski-holidays/france/les-arcs/chalet-alouette,Ski Line,site-ski-line,5,chalets/images/ski-beat-chalet-alouette/,2026-10-06,20 Mar price from Ski Line (London Gatwick); hot tub per Ski Line facility flag; Ski Line prices GBP pp
ski-beat-chalet-coulicou,Chalet Coulicou,Ski Beat,Les Arcs,Paradiski,France,,9,4,,chalet,catered,"This operator knows how much extra yummy food can add to your ski chalet holiday, that's why they work hard to make sure all of our chalet hosts are trained ...",private (location not stated),yes,"pool, steam room",200,yes,Saturday,,per-person,GBP,season-range,874,2386,,"flights, transfers + board (Ski Line package)",unknown,,,"Located within the Prince de Cimes Residence, providing your 5 star amenities, this chalet style apartment gives you wonderful homely comforts whilst also ensuring that you have a truly relaxing and luxurious stay. Sleeping up to 9 people with 4 ...",https://www.skiline.co.uk/ski-holidays/france/les-arcs/chalet-coulicou,Ski Line,site-ski-line,5,chalets/images/ski-beat-chalet-coulicou/,2026-10-06,no 20/21 Mar 2027 departure in Ski Line price list; hot tub per Ski Line facility flag; Ski Line prices GBP pp
vip-bear-lodge,Bear Lodge,VIP,Les Arcs,Paradiski,France,,80,,,hotel,half-board,,yes-type-unknown,yes,"pool, steam room",,yes,Sunday,1668,per-person,GBP,exact-week,1094,3261,,"accommodation + board, no travel (Ski Line)",yes,,,We really do think we’ve hit the jackpot with the latest new addition to our property portfolio. Bear Lodge is the heart and soul of our new piste side resort in the centre of Arc 1950. Just thirty bedrooms along ...,https://www.skiline.co.uk/ski-holidays/france/les-arcs/bear-lodge,Ski Line,site-ski-line,5,chalets/images/vip-bear-lodge/,2026-10-06,20 Mar price from Ski Line (Independent Travel); hot tub per Ski Line facility flag; Ski Line prices GBP pp; Ski Line hot-tub flag on a residence/hotel: probably shared spa (pass2: hot tub type)
vip-suite-zozi,Suite Zozi,VIP,Les Arcs,Paradiski,France,,6,30,,chalet,catered,This operator believes exceptional service isn't about grand gestures. It's about quietly taking care of the details. The details that make travelling with children easier and a celebration feel special. ...,private (location not stated),yes,"pool, steam room",,yes,Sunday,,per-person,GBP,season-range,1288,2390,,"accommodation + board, no travel (Ski Line)",unknown,,,"We are super excited to be launching not one, but three brand new chalet apartments and a 30 bedroom boutique hotel in the wonderful resort of Arc 1950. This high altitude, snow-sure resort has a village feel with a good ...",https://www.skiline.co.uk/ski-holidays/france/les-arcs/suite-zozi,Ski Line,site-ski-line,5,chalets/images/vip-suite-zozi/,2026-10-06,no 20/21 Mar 2027 departure in Ski Line price list; hot tub per Ski Line facility flag; Ski Line prices GBP pp
vip-suite-baloo,Suite Baloo,VIP,Les Arcs,Paradiski,France,,8,2,,chalet,catered,This operator believes exceptional service isn't about grand gestures. It's about quietly taking care of the details. The details that make travelling with children easier and a celebration feel special. ...,private (location not stated),yes,"pool, steam room",,yes,Sunday,,per-person,GBP,season-range,1388,2590,,"accommodation + board, no travel (Ski Line)",unknown,,,"We’re absolutely thrilled to be opening our brand new property in Arc 1950, and believe Suite Baloo delivers the ultimate skiing venue. Our Bear Suites are affectionately named after mythical bears from around the world and offer the intimacy of ...",https://www.skiline.co.uk/ski-holidays/france/les-arcs/suite-baloo,Ski Line,site-ski-line,5,chalets/images/vip-suite-baloo/,2026-10-06,no 20/21 Mar 2027 departure in Ski Line price list; hot tub per Ski Line facility flag; Ski Line prices GBP pp
vip-suite-luk,Suite Luk,VIP,Les Arcs,Paradiski,France,,10,,,chalet,catered,This operator believes exceptional service isn't about grand gestures. It's about quietly taking care of the details. The details that make travelling with children easier and a celebration feel special. ...,private (location not stated),yes,"pool, steam room",,yes,Sunday,,per-person,GBP,season-range,1288,2473,,"accommodation + board, no travel (Ski Line)",unknown,,,"Bear Suites are affectionately named after mythical bears from around the world and offer the intimacy of our renown and award-winning chalet service with the fabulous facilities of Bear Resort; a spacious common lounge and bar, proper size pool complex ...",https://www.skiline.co.uk/ski-holidays/france/les-arcs/suite-luk,Ski Line,site-ski-line,5,chalets/images/vip-suite-luk/,2026-10-06,no 20/21 Mar 2027 departure in Ski Line price list; hot tub per Ski Line facility flag; Ski Line prices GBP pp
vip-suite-choko,Suite Choko,VIP,Les Arcs,Paradiski,France,,8,30,,chalet,catered,This operator believes exceptional service isn't about grand gestures. It's about quietly taking care of the details. The details that make travelling with children easier and a celebration feel special. ...,private (location not stated),yes,"pool, steam room",,yes,Sunday,,per-person,GBP,season-range,1388,2590,,"accommodation + board, no travel (Ski Line)",unknown,,,"This operator is delighted to announce the opening of their Bear resort in the prestigious resort of Arc 1950, made up of 12 independent chalet-apartments and a 30 bedroom lodge. Affectionately named after mythical bear characters, these luxurious suites offer ...",https://www.skiline.co.uk/ski-holidays/france/les-arcs/suite-choko,Ski Line,site-ski-line,5,chalets/images/vip-suite-choko/,2026-10-06,no 20/21 Mar 2027 departure in Ski Line price list; Ski Line prices GBP pp
vip-suite-yogi,Suite Yogi,VIP,Les Arcs,Paradiski,France,,10,,,chalet,catered,This operator believes exceptional service isn't about grand gestures. It's about quietly taking care of the details. The details that make travelling with children easier and a celebration feel special. ...,private (location not stated),yes,"pool, steam room",,yes,Sunday,,per-person,GBP,season-range,1288,3561,,"accommodation + board, no travel (Ski Line)",unknown,,,"Suite Yogi sits at a whopping 1950m in the distinguished resort of Arc 1950, offering stylish comfort and cutting-edge decor in an unbeatable position. This brand new suite is one of twelve named after mythical bears from around the world ...",https://www.skiline.co.uk/ski-holidays/france/les-arcs/suite-yogi,Ski Line,site-ski-line,5,chalets/images/vip-suite-yogi/,2026-10-06,no 20/21 Mar 2027 departure in Ski Line price list; Ski Line prices GBP pp
vip-suite-oso,Suite Oso,VIP,Les Arcs,Paradiski,France,,8,3,,chalet,catered,This operator believes exceptional service isn't about grand gestures. It's about quietly taking care of the details. The details that make travelling with children easier and a celebration feel special. ...,private (location not stated),yes,"pool, steam room",,yes,Sunday,,per-person,GBP,season-range,1288,1992,,"accommodation + board, no travel (Ski Line)",unknown,,,"We're thrilled to announce the opening of 12 new luxurious suites and a boutique hotel in Arc 1950. Affectionally named after mythically bears from around the world, these suave chalet-apartments offer the intimacy of our renown chalet service whilst offering ...",https://www.skiline.co.uk/ski-holidays/france/les-arcs/suite-oso,Ski Line,site-ski-line,5,chalets/images/vip-suite-oso/,2026-10-06,no 20/21 Mar 2027 departure in Ski Line price list; Ski Line prices GBP pp
vip-suite-grizzly,Suite Grizzly,VIP,Les Arcs,Paradiski,France,,10,3,,chalet,catered,This operator believes exceptional service isn't about grand gestures. It's about quietly taking care of the details. The details that make travelling with children easier and a celebration feel special. ...,private (location not stated),yes,"pool, steam room",,yes,Sunday,,per-person,GBP,season-range,1288,2390,,"accommodation + board, no travel (Ski Line)",unknown,,,"Suite Grizzly accommodates 6 to 10 guests in three en-suite bedrooms, two of which have additional bunk beds (charged at half the adult price). This suite is situated on the fifth floor of the building, offering a killer combination of ...",https://www.skiline.co.uk/ski-holidays/france/les-arcs/suite-grizzly,Ski Line,site-ski-line,5,chalets/images/vip-suite-grizzly/,2026-10-06,no 20/21 Mar 2027 departure in Ski Line price list; Ski Line prices GBP pp
vip-suite-mouk,Suite Mouk,VIP,Les Arcs,Paradiski,France,,10,30,,chalet,catered,This operator believes exceptional service isn't about grand gestures. It's about quietly taking care of the details. The details that make travelling with children easier and a celebration feel special. ...,private (location not stated),yes,"pool, steam room",,yes,Sunday,,per-person,GBP,season-range,1288,3561,,"accommodation + board, no travel (Ski Line)",unknown,,,"Bear Resort is our new home in Arc 1950. All 12 independent apartments and our 30 bedroom lodge are sumptuously designed creating a timeless aura with elegant furnishings and a rich decor. Suite Mouk is a four bedroom suite, sitting ...",https://www.skiline.co.uk/ski-holidays/france/les-arcs/suite-mouk,Ski Line,site-ski-line,5,chalets/images/vip-suite-mouk/,2026-10-06,no 20/21 Mar 2027 departure in Ski Line price list; Ski Line prices GBP pp
vip-suite-koda,Suite Koda,VIP,Les Arcs,Paradiski,France,,8,2,,chalet,catered,This operator believes exceptional service isn't about grand gestures. It's about quietly taking care of the details. The details that make travelling with children easier and a celebration feel special. ...,private (location not stated),yes,"pool, steam room",,yes,Sunday,,per-person,GBP,season-range,1388,2590,,"accommodation + board, no travel (Ski Line)",unknown,,,"Affectionately named after mythical bears from around the world, our 12 luxurious suites will be opening for winter 2021/2022. Suite Koda sits on the sixth floor of our brand new building, in the sensational village of Arc 1950. With direct ...",https://www.skiline.co.uk/ski-holidays/france/les-arcs/suite-koda,Ski Line,site-ski-line,5,chalets/images/vip-suite-koda/,2026-10-06,no 20/21 Mar 2027 departure in Ski Line price list; Ski Line prices GBP pp
vip-suite-natsu,Suite Natsu,VIP,Les Arcs,Paradiski,France,,8,30,,chalet,catered,This operator believes exceptional service isn't about grand gestures. It's about quietly taking care of the details. The details that make travelling with children easier and a celebration feel special. ...,private (location not stated),yes,"pool, steam room, fireplace",,yes,Sunday,,per-person,GBP,season-range,1288,2390,,"accommodation + board, no travel (Ski Line)",unknown,,,"We're thrilled to be opening our brand new Bear Resort in the heart of Arc 1950. Made up of 12 independent suites and a 30 bedroom lodge, alongside the Papriste Giabiconi blue piste and opposite the Marmottes and Bois de ...",https://www.skiline.co.uk/ski-holidays/france/les-arcs/suite-natsu,Ski Line,site-ski-line,5,chalets/images/vip-suite-natsu/,2026-10-06,no 20/21 Mar 2027 departure in Ski Line price list; Ski Line prices GBP pp
vip-penthouse-umka,Penthouse Umka,VIP,Les Arcs,Paradiski,France,,8,4,,chalet,catered,This operator believes exceptional service isn't about grand gestures. It's about quietly taking care of the details. The details that make travelling with children easier and a celebration feel special. ...,private (location not stated),yes,"pool, steam room",,yes,Sunday,,per-person,GBP,season-range,1359,3703,,"accommodation + board, no travel (Ski Line)",unknown,,,Penthouse Umka is one of 12 brand new suites within the Bear Resort in Arc 1950. We're absolutely thrilled to be opening these independent chalet apartments which combine the intimacy of our award winning chalet service and the luxury of ...,https://www.skiline.co.uk/ski-holidays/france/les-arcs/penthouse-umka,Ski Line,site-ski-line,5,chalets/images/vip-penthouse-umka/,2026-10-06,no 20/21 Mar 2027 departure in Ski Line price list; Ski Line prices GBP pp
vip-penthouse-misha,Penthouse Misha,VIP,Les Arcs,Paradiski,France,,12,30,,chalet,catered,This operator believes exceptional service isn't about grand gestures. It's about quietly taking care of the details. The details that make travelling with children easier and a celebration feel special. ...,private (location not stated),yes,"pool, steam room",,yes,Sunday,,per-person,GBP,season-range,1359,3703,,"accommodation + board, no travel (Ski Line)",unknown,,,"The largest of our Bear Resort suites, Penthouse Misha, sits on the seventh floor of our brand new building. We are delighted to be opening 12 luxurious suites and a 30 bedroom lodge perched on the edge of Arc 1950. ...",https://www.skiline.co.uk/ski-holidays/france/les-arcs/penthouse-misha,Ski Line,site-ski-line,5,chalets/images/vip-penthouse-misha/,2026-10-06,no 20/21 Mar 2027 departure in Ski Line price list; Ski Line prices GBP pp
travel-ski-residence-larollaie,Residence L’Arollaie,Travel Ski,Les Arcs,Paradiski,France,,8,,,apartment,self-catered,self-catered,yes-type-unknown,yes,"pool, steam room",50,unknown,Saturday,,per-person,GBP,season-range,1109,2008,,Eurostar/rail travel + board (Ski Line package),unknown,,,"Residence L’Arollaie 4* is ideally located in the village of Plan-Peisey, just 50m from the Vanoise Express cable car and the Peisey chair lift. The residence is close to all of the resort’s services, shops are 200 metres away and ...",https://www.skiline.co.uk/ski-holidays/france/les-arcs/residence-larollaie-2,Ski Line,site-ski-line,5,chalets/images/travel-ski-residence-larollaie/,2026-10-06,no 20/21 Mar 2027 departure in Ski Line price list; Ski Line resort 'Les Arcs' but text/url says Peisey-Nancroix - check village; Ski Line prices GBP pp; Ski Line hot-tub flag on a residence/hotel: probably shared spa (pass2: hot tub type)
travel-ski-apartments-presles,Apartments Presles,Travel Ski,Les Arcs,Paradiski,France,,8,,,apartment,self-catered,self-catered,none,no,,,unknown,Saturday,,per-person,GBP,season-range,1042,1753,,Eurostar/rail travel + board (Ski Line package),unknown,,,"Features: Final cleaning Pets allowed 3 Rooms 7 Persons Comfort YOUR APARTMENT For your next winter or summer holidays in Vallandry, book this comfortable 3 rooms apartment with a South and South and West facing terrace. This 48 sq-m apartment ...",https://www.skiline.co.uk/ski-holidays/france/les-arcs/apartments-presles,Ski Line,site-ski-line,5,chalets/images/travel-ski-apartments-presles/,2026-10-06,no 20/21 Mar 2027 departure in Ski Line price list; Ski Line prices GBP pp
travel-ski-apartment-belles-challes,Apartment Belles Challes,Travel Ski,Les Arcs,Paradiski,France,,4,,,apartment,self-catered,self-catered,none,no,,,yes,Saturday,,per-person,GBP,season-range,883,1537,,Eurostar/rail travel + board (Ski Line package),unknown,,,"50 m from the city centre. 10 m from the the shops. 50 m from the ski school. 10 m from the ski slopes.Residence located in the center of the resort, near all the shops and services: Tourist office, ski ...",https://www.skiline.co.uk/ski-holidays/france/les-arcs/apartment-belles-challes,Ski Line,site-ski-line,5,chalets/images/travel-ski-apartment-belles-challes/,2026-10-06,no 20/21 Mar 2027 departure in Ski Line price list; Ski Line prices GBP pp
travel-ski-residence-varet,Residence Varet,Travel Ski,Les Arcs,Paradiski,France,,7,,,apartment,self-catered,self-catered,none,no,,,yes,Saturday,,per-person,GBP,season-range,848,1550,,Eurostar/rail travel + board (Ski Line package),unknown,,,"This Skissim Select apartment complex “Varet” is located at the heart of the calm and friendly ski resort village of Les Arcs 2000. Close to a ski lift located outside of the residence, this ski resort benefits from being ski-in ...",https://www.skiline.co.uk/ski-holidays/france/les-arcs/residence-varet,Ski Line,site-ski-line,5,chalets/images/travel-ski-residence-varet/,2026-10-06,no 20/21 Mar 2027 departure in Ski Line price list; Ski Line prices GBP pp
travel-ski-residence-les-arcs-1950-the-village,Residence Les Arcs 1950 The Village,Travel Ski,Les Arcs,Paradiski,France,,4,,,apartment,self-catered,self-catered,yes-type-unknown,yes,"pool, fireplace",,unknown,,,,,quote-needed,,,,,unknown,,,"Arc 1950 is a unique concept village in Europe. Arc 1950 hosts 8 residences, each displaying its own style and all rated 5 stars, ideal for a stay with family, friends and the mountains. The luxury apartments are spacious and ...",https://www.skiline.co.uk/ski-holidays/france/les-arcs/residence-arc-1950-le-village,Ski Line,site-ski-line,5,chalets/images/travel-ski-residence-les-arcs-1950-the-village/,2026-10-06,no 20/21 Mar 2027 departure in Ski Line price list; Ski Line hot-tub flag on a residence/hotel: probably shared spa (pass2: hot tub type)
travel-ski-residence-les-alpages-de-chantel,Residence Les Alpages de Chantel,Travel Ski,Les Arcs,Paradiski,France,,6,,,apartment,self-catered,self-catered,yes-type-unknown,yes,pool,,unknown,,,,,quote-needed,,,,,unknown,,,"The Arc 1800 ski resort is made up of four districts: Charmettoger, Le Chantel, Les Villards and Le Charvet. The Residence Les Alpages de Chantel , facing Mont Blanc, is in the Chantel district . You will find a grocery ...",https://www.skiline.co.uk/ski-holidays/france/les-arcs/residence-les-alpages-de-chantel,Ski Line,site-ski-line,5,chalets/images/travel-ski-residence-les-alpages-de-chantel/,2026-10-06,no 20/21 Mar 2027 departure in Ski Line price list; hot tub per Ski Line facility flag; Ski Line hot-tub flag on a residence/hotel: probably shared spa (pass2: hot tub type)
travel-ski-residence-les-arolles,Residence Les Arolles,Travel Ski,Les Arcs,Paradiski,France,,12,,,apartment,self-catered,self-catered,none,yes,"pool, fireplace",,unknown,,,,,quote-needed,,,,,unknown,,,"The 4* residence 'Les Arolles' is located in the ski resort Les Arcs at 2000m of altitude. It finds itself close to the ski-lifts, ski slopes and the resort’s centre which offers access to many shops and amenities. This residence ...",https://www.skiline.co.uk/ski-holidays/france/les-arcs/residence-les-arolles-6,Ski Line,site-ski-line,5,chalets/images/travel-ski-residence-les-arolles/,2026-10-06,no 20/21 Mar 2027 departure in Ski Line price list
travel-ski-residence-chalet-altitude,Residence Chalet Altitude,Travel Ski,Les Arcs,Paradiski,France,,12,,,chalet,self-catered,self-catered,none,yes,"pool, fireplace",50,unknown,,,,,quote-needed,,,,,unknown,,,"This 5-star luxury residence overlooking the Tarentaise valley and Mont Blanc offers flats decorated in the Savoyard tradition that provides the comfort and tranquillity you need for your holiday, and the charm of a fire in the stone fireplace, as ...",https://www.skiline.co.uk/ski-holidays/france/les-arcs/residence-chalet-altitude,Ski Line,site-ski-line,5,chalets/images/travel-ski-residence-chalet-altitude/,2026-10-06,no 20/21 Mar 2027 departure in Ski Line price list
travel-ski-residence-chalet-de-lours,Residence Chalet de L’Ours,Travel Ski,Les Arcs,Paradiski,France,,12,3,,chalet,self-catered,self-catered,none,yes,fireplace,100,unknown,,,,,quote-needed,,,,,unknown,,,The 5* residence 'Chalet de l’Ours' is located around 100m from the first slope and around 500m from the ESF ski school and the centre of the resort (and its shops). A public lift provides residents with access to the ...,https://www.skiline.co.uk/ski-holidays/france/les-arcs/residence-chalet-de-lours,Ski Line,site-ski-line,5,chalets/images/travel-ski-residence-chalet-de-lours/,2026-10-06,no 20/21 Mar 2027 departure in Ski Line price list
travel-ski-premium-residence-edenarc-5,Premium – Residence Edenarc 5*,Travel Ski,Les Arcs,Paradiski,France,,6,,,apartment,self-catered,self-catered,yes-type-unknown,yes,pool,,yes,,,,,quote-needed,,,,,unknown,,,Residence Edenarc 5* is located in Arc 1800 resort and overlook the Tarentaise valley with a stunning view over the Mont Blanc. This ski-in ski-out residence offers fully-equipped quality apartments as well as prestige services such as the aqualudic bubble ...,https://www.skiline.co.uk/ski-holidays/france/les-arcs/residence-prestige-odalys-edenarc,Ski Line,site-ski-line,5,chalets/images/travel-ski-premium-residence-edenarc-5/,2026-10-06,no 20/21 Mar 2027 departure in Ski Line price list; Ski Line hot-tub flag on a residence/hotel: probably shared spa (pass2: hot tub type)
travel-ski-apartments-aiguille-grive-1,Apartments Aiguille Grive 1,Travel Ski,Les Arcs,Paradiski,France,,5,,,apartment,self-catered,self-catered,none,no,,,unknown,Saturday,,per-person,GBP,season-range,871,1558,,Eurostar/rail travel + board (Ski Line package),unknown,,,The town centre is 300 m. the shops are 300 m. the ski school is 500 m. the slopes are 20 m. the train station is 20 Km. Location : the town centre is 300 m. the shops are 300 ...,https://www.skiline.co.uk/ski-holidays/france/les-arcs/apartments-aiguille-grive-1,Ski Line,site-ski-line,5,chalets/images/travel-ski-apartments-aiguille-grive-1/,2026-10-06,no 20/21 Mar 2027 departure in Ski Line price list; Ski Line prices GBP pp
ski-beat-chalet-tetras-lyre,Chalet Tetras Lyre,Ski Beat,Les Arcs,Paradiski,France,,12,5,,chalet,catered,"This operator knows how much extra yummy food can add to your ski chalet holiday, that's why they work hard to make sure all of our chalet hosts are trained ...",private (location not stated),yes,fireplace,,unknown,Saturday,,per-person,GBP,season-range,1362,2439,,"flights, transfers + board (Ski Line package)",unknown,,,"A brand new and exciting addition to the programme, the fantastic Chalet Tetras Lyre is situated right on the piste-side making it a truly ideal location for a skiing holiday to remember. A large open plan living and dining area ...",https://www.skiline.co.uk/ski-holidays/france/les-arcs/chalet-tetras-lyre,Ski Line,site-ski-line,5,chalets/images/ski-beat-chalet-tetras-lyre/,2026-10-06,no 20/21 Mar 2027 departure in Ski Line price list; hot tub per Ski Line facility flag; Ski Line prices GBP pp
travel-ski-pierre-vacances-residence-le-belmont,Pierre & Vacances Residence Le Belmont,Travel Ski,Les Arcs,Paradiski,France,,4,,,apartment,self-catered,self-catered,none,no,,,unknown,,,,,quote-needed,,,,,unknown,,,"Arc 1800 is a very dynamic resort, offering all kind of fun winter sports activities. In the village of Charmettoger, the ""Le Belmont"" residence offers extremely comfortable facilities and is ideally located just a few metres from the slopes. It ...",https://www.skiline.co.uk/ski-holidays/france/les-arcs/residence-le-belmont-3,Ski Line,site-ski-line,5,chalets/images/travel-ski-pierre-vacances-residence-le-belmont/,2026-10-06,no 20/21 Mar 2027 departure in Ski Line price list
travel-ski-apartments-arandelieres,Apartments Arandelieres,Travel Ski,Les Arcs,Paradiski,France,,5,,,apartment,self-catered,self-catered,none,no,,100,unknown,Saturday,,per-person,GBP,season-range,881,1780,,Eurostar/rail travel + board (Ski Line package),unknown,,,50 m from the city centre. 50 m from the the shops. 100 m from the ski slopes. Location : 50 m from the city centre. 50 m from the the shops. 100 m from the ski slopes. Private apartment ...,https://www.skiline.co.uk/ski-holidays/france/les-arcs/apartements-arandelieres,Ski Line,site-ski-line,5,chalets/images/travel-ski-apartments-arandelieres/,2026-10-06,no 20/21 Mar 2027 departure in Ski Line price list; Ski Line prices GBP pp
travel-ski-apartments-armoise,Apartments Armoise,Travel Ski,Les Arcs,Paradiski,France,,3,,,apartment,self-catered,self-catered,none,no,,100,unknown,Saturday,,per-person,GBP,season-range,823,1609,,Eurostar/rail travel + board (Ski Line package),unknown,,,50 m from the city centre. 50 m from the the shops. 100 m from the ski school. 100 m from the ski slopes. Location : 50 m from the city centre. 50 m from the the shops. 100 m ...,https://www.skiline.co.uk/ski-holidays/france/les-arcs/apartements-armoise,Ski Line,site-ski-line,5,chalets/images/travel-ski-apartments-armoise/,2026-10-06,no 20/21 Mar 2027 departure in Ski Line price list; Ski Line prices GBP pp
travel-ski-apartments-lauzieres,Apartments Lauzieres,Travel Ski,Les Arcs,Paradiski,France,,5,,,apartment,self-catered,self-catered,none,no,,,yes,Saturday,,per-person,GBP,season-range,1038,1494,,Eurostar/rail travel + board (Ski Line package),unknown,,,"100 m from the city centre. 100 m from the the shops. 200 m from the ski school. 10 m from the ski slopes.Residence located in the center of the resort, communicating with Les Belles Challes, near all the shops ...",https://www.skiline.co.uk/ski-holidays/france/les-arcs/apartements-lauzieres,Ski Line,site-ski-line,5,chalets/images/travel-ski-apartments-lauzieres/,2026-10-06,no 20/21 Mar 2027 departure in Ski Line price list; Ski Line prices GBP pp
travel-ski-apartments-miravidi,Apartments Miravidi,Travel Ski,Les Arcs,Paradiski,France,,7,,,apartment,self-catered,self-catered,none,no,,100,unknown,Saturday,,per-person,GBP,season-range,1092,1564,,Eurostar/rail travel + board (Ski Line package),unknown,,,300 m from the ski school. 100 m from the ski slopes. Location : 300 m from the ski school. 100 m from the ski slopes. Private apartment : Comfortable and well equipped apartements,https://www.skiline.co.uk/ski-holidays/france/les-arcs/apartements-miravidi,Ski Line,site-ski-line,5,chalets/images/travel-ski-apartments-miravidi/,2026-10-06,no 20/21 Mar 2027 departure in Ski Line price list; Ski Line prices GBP pp
travel-ski-apartments-aiguille-grive-3,Apartments Aiguille Grive 3,Travel Ski,Les Arcs,Paradiski,France,,6,,,apartment,self-catered,self-catered,none,no,,,yes,Saturday,,per-person,GBP,season-range,858,1540,,Eurostar/rail travel + board (Ski Line package),unknown,,,300 m from the city centre. 300 m from the shops. 500 m from the ski school. 20 m from the ski slopes. Location: 300 m from the city centre. 300 m from the shops. 500 m from the ski ...,https://www.skiline.co.uk/ski-holidays/france/les-arcs/apartments-aiguille-grive-3,Ski Line,site-ski-line,5,chalets/images/travel-ski-apartments-aiguille-grive-3/,2026-10-06,no 20/21 Mar 2027 departure in Ski Line price list; Ski Line prices GBP pp
travel-ski-apartments-archeboc,Apartments Archeboc,Travel Ski,Les Arcs,Paradiski,France,,6,,,apartment,self-catered,self-catered,none,no,,100,unknown,Saturday,,per-person,GBP,season-range,897,1583,,Eurostar/rail travel + board (Ski Line package),unknown,,,"100 m from the city centre. 100 m from the shops. 100 m from the ski school. 100 m from the ski slopes. In the Charmettoger village, quiet residences over 3 to 5 floors, with lifts and balconies. Close to ...",https://www.skiline.co.uk/ski-holidays/france/les-arcs/apartments-archeboc,Ski Line,site-ski-line,5,chalets/images/travel-ski-apartments-archeboc/,2026-10-06,no 20/21 Mar 2027 departure in Ski Line price list; Ski Line prices GBP pp
travel-ski-apartments-pierra-menta,Apartments Pierra Menta,Travel Ski,Les Arcs,Paradiski,France,,5,,,apartment,self-catered,self-catered,none,no,,,unknown,Saturday,,per-person,GBP,season-range,1021,1494,,Eurostar/rail travel + board (Ski Line package),unknown,,,"50 m from the city centre. 50 m from the shops. 200 m from the ski school. 200 m from the ski slopes. Quiet residence set in the Charvet village, just below the shopping centre. South-West: balconies offering beautiful sunsets. ...",https://www.skiline.co.uk/ski-holidays/france/les-arcs/apartments-pierra-menta,Ski Line,site-ski-line,5,chalets/images/travel-ski-apartments-pierra-menta/,2026-10-06,no 20/21 Mar 2027 departure in Ski Line price list; Ski Line prices GBP pp
travel-ski-apartments-ruitor-arc-1800,Apartments Ruitor Arc 1800,Travel Ski,Les Arcs,Paradiski,France,,4,,,apartment,self-catered,self-catered,none,no,,100,unknown,Saturday,,per-person,GBP,season-range,939,1678,,Eurostar/rail travel + board (Ski Line package),unknown,,,"200 m from the city centre. 200 m from the shops. 100 m from the ski slopes.THE RESIDENCE RUITOR It's located in the Charmettoger's village, close to the residences Thuria et Vogel, at 70 meters of the blue slope ""Charmettoger"" ...",https://www.skiline.co.uk/ski-holidays/france/les-arcs/apartments-ruitor-arc-1800,Ski Line,site-ski-line,2,chalets/images/travel-ski-apartments-ruitor-arc-1800/,2026-10-06,no 20/21 Mar 2027 departure in Ski Line price list; Ski Line prices GBP pp
travel-ski-residence-lagrange-vacances-le-roc-belle-face,Residence Lagrange Vacances Le Roc Belle Face,Travel Ski,Les Arcs,Paradiski,France,,6,,,apartment,self-catered,self-catered,yes-type-unknown,yes,,,unknown,Saturday,,per-person,GBP,season-range,879,1705,,Eurostar/rail travel + board (Ski Line package),unknown,,,"The 4* Lagrange residence 'Le Roc Belle Face' is located in the ski resort Les Arcs in the resort village 'Arcs 1600'. It is close to the slopes and is ski-in ski-out if there is sufficient snow. Additionally, there is ...",https://www.skiline.co.uk/ski-holidays/france/les-arcs/residence-lagrange-vacances-le-roc-belle-face,Ski Line,site-ski-line,5,chalets/images/travel-ski-residence-lagrange-vacances-le-roc-belle-face/,2026-10-06,no 20/21 Mar 2027 departure in Ski Line price list; hot tub per Ski Line facility flag; Ski Line prices GBP pp; Ski Line hot-tub flag on a residence/hotel: probably shared spa (pass2: hot tub type)
travel-ski-apartments-aiguille-grive-2,Apartments Aiguille Grive 2,Travel Ski,Les Arcs,Paradiski,France,,6,,,apartment,self-catered,self-catered,none,no,,,yes,Saturday,,per-person,GBP,season-range,859,1573,,Eurostar/rail travel + board (Ski Line package),unknown,,,300 m from the city centre. 300 m from the shops. 500 m from the ski school. 20 m from the ski slopes. Location: 300 m from the city centre. 300 m from the shops. 500 m from the ski ...,https://www.skiline.co.uk/ski-holidays/france/les-arcs/apartments-aiguille-grive-2,Ski Line,site-ski-line,5,chalets/images/travel-ski-apartments-aiguille-grive-2/,2026-10-06,no 20/21 Mar 2027 departure in Ski Line price list; Ski Line prices GBP pp
travel-ski-hotel-club-mmv-arc-2000-altitude-4,Hotel Club MMV Arc 2000 Altitude 4*,Travel Ski,Les Arcs,Paradiski,France,,250,,,,,,none,yes,pool,200,unknown,,,,,quote-needed,,,,,unknown,,,"Located 200 metres from the ski slopes, with its generous living spaces, its terrace/solarium and its large restaurant with a view of Mont Blanc, this hotel club will delight the whole family. Quality services, an indoor heated swimming pool and ...",https://www.skiline.co.uk/ski-holidays/france/les-arcs/hotel-club-mmv-arc-2000-altitude-4,Ski Line,site-ski-line,5,chalets/images/travel-ski-hotel-club-mmv-arc-2000-altitude-4/,2026-10-06,Ski Line board 'Hotel Full Board'; no 20/21 Mar 2027 departure in Ski Line price list
ski-beat-chalet-petit-mont-blanc,Chalet Petit Mont Blanc,Ski Beat,Les Arcs,Paradiski,France,,13,,,chalet,catered,"This operator knows how much extra yummy food can add to your ski chalet holiday, that's why they work hard to make sure all of our chalet hosts are trained ...",private (location not stated),no,,,unknown,Saturday,,per-person,GBP,season-range,825,1609,,"flights, transfers + board (Ski Line package)",unknown,,,"Chalet Petit Mont Blanc boasts outstanding views across the mountains & down the piste to Peisey-Vallandry. What makes this really special still, is that you can sit back, relax and enjoy these mesmerising views from your very own jacuzzi! What ...",https://www.skiline.co.uk/ski-holidays/france/les-arcs/chalet-petit-mont-blanc,Ski Line,site-ski-line,5,chalets/images/ski-beat-chalet-petit-mont-blanc/,2026-10-06,no 20/21 Mar 2027 departure in Ski Line price list; Ski Line resort 'Les Arcs' but text/url says Peisey-Nancroix - check village; hot tub per Ski Line facility flag; Ski Line prices GBP pp
ski-beat-chalet-hibou-des-neiges,Chalet Hibou des Neiges,Ski Beat,Les Arcs,Paradiski,France,,7,3,,chalet,catered,"This operator knows how much extra yummy food can add to your ski chalet holiday, that's why they work hard to make sure all of our chalet hosts are trained ...",private-outdoor,yes,fireplace,,unknown,Saturday,1476,per-person,GBP,exact-week,947,2383,,"flights, transfers + board (Ski Line package)",yes,,,Chalet Hibou des Neiges is a chalet-style apartment that sleeps 7 guests across 3 bedrooms and is housed in a 5-star residence. It has been lovingly and beautifully renovated in a homely and welcoming style. It is decorated to a ...,https://www.skiline.co.uk/ski-holidays/france/les-arcs/chalet-hibou-de-neiges,Ski Line,site-ski-line,5,chalets/images/ski-beat-chalet-hibou-des-neiges/,2026-10-06,20 Mar price from Ski Line (London Gatwick); Ski Line prices GBP pp
travel-ski-hotel-la-cachette-4,Hotel La Cachette 4*,Travel Ski,Les Arcs,Paradiski,France,,100,,,hotel,half-board,,yes-type-unknown,yes,,,partial,,,,,quote-needed,,,,,unknown,,,"The 4* Hotel La Cachette is ideally located at the arrival of the funicular with direct access to the ski slopes. The hotel offers 88 rooms all equipped with private bathroom, TV, free WIFI, electric kettle with coffee and tea, ...",https://www.skiline.co.uk/ski-holidays/france/les-arcs/hotel-la-cachette-4,Ski Line,site-ski-line,5,chalets/images/travel-ski-hotel-la-cachette-4/,2026-10-06,no 20/21 Mar 2027 departure in Ski Line price list; hot tub per Ski Line facility flag; Ski Line hot-tub flag on a residence/hotel: probably shared spa (pass2: hot tub type)
travel-ski-hotel-taj-i-mah,Hotel Taj-I Mah,Travel Ski,Les Arcs,Paradiski,France,,100,,,hotel,half-board,,yes-type-unknown,yes,"pool, steam room, fireplace",,partial,,,,,quote-needed,,,,,unknown,,,"What's Included Eurostar seat ✔ Transfers ✔ Accommodation ✔ Ski pass ✔ The Taj-I-Mah 5* hotel is the first 5-star hotel not only in Les Arcs but also in the entire Paradiski ski area, which includes Les Arcs, Peisey-Vallandry and ...",https://www.skiline.co.uk/ski-holidays/france/les-arcs/hotel-taj-i-mah-5,Ski Line,site-ski-line,5,chalets/images/travel-ski-hotel-taj-i-mah/,2026-10-06,no 20/21 Mar 2027 departure in Ski Line price list; Ski Line resort 'Les Arcs' but text/url says Peisey-Nancroix - check village; Ski Line hot-tub flag on a residence/hotel: probably shared spa (pass2: hot tub type)
travel-ski-residence-le-roselend-maeva-home,Residence Le Roselend – Maeva Home,Travel Ski,Les Arcs,Paradiski,France,,6,,,apartment,self-catered,self-catered,none,yes,pool,,unknown,,,,,quote-needed,,,,,unknown,,,"The Arc 1800 ski resort is made up of four districts: Charmettoger, Le Chantel, Les Villards and Le Charvet. The Residence Le Roselend is located in the Chantel district . You will find a grocery store, a ski shop and ...",https://www.skiline.co.uk/ski-holidays/france/les-arcs/residence-le-roselend-maeva-home,Ski Line,site-ski-line,5,chalets/images/travel-ski-residence-le-roselend-maeva-home/,2026-10-06,no 20/21 Mar 2027 departure in Ski Line price list
vip-club-21forty,CLUB 21Forty,VIP,Les Arcs,Paradiski,France,,14,,,chalet,catered,This operator believes exceptional service isn't about grand gestures. It's about quietly taking care of the details. The details that make travelling with children easier and a celebration feel special. ...,none,yes,"pool, fireplace",,yes,Sunday,,per-person,GBP,season-range,1468,3671,,"accommodation + board, no travel (Ski Line)",unknown,,,"The World’s Best New Ski Chalet in 2018 and nominated a top ten ‘sexiest chalet’ of all time in The Times, this is no ordinary home for a week’s holiday. Everyone said it couldn’t be done but our friends Pierre ...",https://www.skiline.co.uk/ski-holidays/france/les-arcs/club-21forty,Ski Line,site-ski-line,5,chalets/images/vip-club-21forty/,2026-10-06,no 20/21 Mar 2027 departure in Ski Line price list; Ski Line prices GBP pp
travel-ski-hotel-club-mmv-les-melezes-4,Hotel Club MMV Les Melezes 4*,Travel Ski,Les Arcs,Paradiski,France,,284,,,,,,private-outdoor,yes,,100,unknown,,,,,quote-needed,,,,,unknown,,,"Le Village Club MMV Les Melezes 4* is located in the heart of the Arc 2000 resort, facing the ice rink and next to the Tourist Office. Ski access to the slopes is just 70 metres away, depending on snow ...",https://www.skiline.co.uk/ski-holidays/france/les-arcs/hotel-club-mmv-les-melezes-4,Ski Line,site-ski-line,5,chalets/images/travel-ski-hotel-club-mmv-les-melezes-4/,2026-10-06,Ski Line board 'Hotel Full Board'; no 20/21 Mar 2027 departure in Ski Line price list; hot tub per Ski Line facility flag
your-mountain-life-chalet-le-grand-chazalet,Chalet Le Grand Chazalet,Your Mountain Life,Les Arcs,Paradiski,France,,22,10,,chalet,catered,What's included 7x breakfast 6x 3-course mail including wine and beer during dinner (no dinner on Wednesday) 6x afternoon tea with freshly baked cake Bed linen & towels,private-outdoor,yes,fireplace,250,unknown,Saturday,,per-person,GBP,season-range,505,917,,"accommodation + board, no travel (Ski Line)",unknown,,,"The catered chalet le Grand Chazalet is located in the hamlet of le Villaret next to the lovely village of Peisey in the Peisey-Vallandry ski resort. A stone's throw away from the doors to the Vanoise National Park, le vallon ...",https://www.skiline.co.uk/ski-holidays/france/les-arcs/chalet-le-grand-chazalet,Ski Line,site-ski-line,5,chalets/images/your-mountain-life-chalet-le-grand-chazalet/,2026-10-06,no 20/21 Mar 2027 departure in Ski Line price list; Ski Line resort 'Les Arcs' but text/url says Peisey-Nancroix - check village; hot tub per Ski Line facility flag; Ski Line prices GBP pp
club-med-club-med-les-arcs-panorama,Club Med Les Arcs Panorama,Club Med,Les Arcs,Paradiski,France,,1000,,,,,,private-outdoor,yes,pool,,yes,flexible,,per-person,GBP,season-range,2018,3652,,"accommodation + board, no travel (Ski Line)",unknown,,,"Nestled in a clearing at 1,750 metres, Club Med Les Arcs Panorama melts into the mountainside of the Les Arcs 1600 ski area of Paradiski®. Named after its panoramic views, this all-inclusive ski resort is perfect for families, with kids’ ...",https://www.skiline.co.uk/ski-holidays/france/les-arcs/club-med-les-arcs-panorama,Ski Line,site-ski-line,5,chalets/images/club-med-club-med-les-arcs-panorama/,2026-10-06,Ski Line board 'All Inclusive'; no 20/21 Mar 2027 departure in Ski Line price list; Ski Line prices GBP pp
inghams-edenarc-apartments,Edenarc Apartments,Inghams,Les Arcs,Paradiski,France,,6,,,apartment,self-catered,self-catered,none,yes,"pool, steam room",,unknown,Saturday,819,per-person,GBP,exact-week,629,1489,,"flights, transfers + board (Ski Line package)",yes,,,"This stylish new residence opened in December 2011 and has a wonderful location on the piste above the village of Arc 1800. It has been sympathetically constructed using local stone and wood, providing a high standard of accommodation that we ...",https://www.skiline.co.uk/ski-holidays/france/les-arcs/edenarc-apartments,Ski Line,site-ski-line,5,chalets/images/inghams-edenarc-apartments/,2026-10-06,"20 Mar price from Ski Line (London Gatwick, Two Bedroom Apartment,PB & PS, WC, BA); Ski Line prices GBP pp"
inghams-chalet-altitude-apartments,Chalet Altitude Apartments,Inghams,Les Arcs,Paradiski,France,,81,,,apartment,self-catered,self-catered,none,yes,"pool, fireplace",50,unknown,Saturday,819,per-person,GBP,exact-week,659,1319,,"flights, transfers + board (Ski Line package)",yes,,,"These lovely apartments were built in an attractive traditional style with skiers' complete convenience in mind. With a central location in Arc 2000 you are within walking distance of the resort centre and ski lifts, you can even enjoy the ...",https://www.skiline.co.uk/ski-holidays/france/les-arcs/chalet-altitude-apartments-3,Ski Line,site-ski-line,5,chalets/images/inghams-chalet-altitude-apartments/,2026-10-06,"20 Mar price from Ski Line (London Gatwick, Five Bedroom Apartment,PB & PS, WC, BA,); Ski Line prices GBP pp"
inghams-residence-les-arolles,Residence Les Arolles,Inghams,Les Arcs,Paradiski,France,,16,,,apartment,self-catered,self-catered,none,yes,"pool, steam room, fireplace",50,unknown,Saturday,1046,per-person,GBP,exact-week,663,1526,,"flights, transfers + board (Ski Line package)",yes,,,"Located in a quieter corner of Les Arcs 2000, the 4* Les Arolles residence offers a more relaxed pace for your mountain stay. With the slopes just 50 metres away, head straight to the piste each morning without the hassle ...",https://www.skiline.co.uk/ski-holidays/france/les-arcs/residence-les-arolles,Ski Line,site-ski-line,5,chalets/images/inghams-residence-les-arolles/,2026-10-06,"20 Mar price from Ski Line (Leeds Bradford, Three Bedroom Apartment); Ski Line prices GBP pp"
inghams-residence-roseland,Residence Roseland,Inghams,Les Arcs,Paradiski,France,,278,,,apartment,self-catered,self-catered,none,yes,pool,,yes,Saturday,,per-person,GBP,season-range,692,980,,"flights, transfers + board (Ski Line package)",unknown,,,"These apartments are a high standard and have a traditional Savoyard style. They are in a great location in Les Arc 1800 overlooking the valley and Mont Blanc, giving stunning panoramic views from the building. They are also close to ...",https://www.skiline.co.uk/ski-holidays/france/les-arcs/residence-roseland,Ski Line,site-ski-line,5,chalets/images/inghams-residence-roseland/,2026-10-06,no 20/21 Mar 2027 departure in Ski Line price list; Ski Line prices GBP pp
inghams-arc-1950-le-village-apartments,Arc 1950 Le Village Apartments,Inghams,Les Arcs,Paradiski,France,,6,,,apartment,self-catered,self-catered,none,yes,"pool, steam room",,yes,Saturday,839,per-person,GBP,exact-week,729,2039,,"flights, transfers + board (Ski Line package)",yes,,,"These outstanding and highly sought-after luxury apartments constructed in traditional wood and stone are located in the heart of Arc 1950 in Les Arcs, which offers excellent access to the pistes and a good choice of quality restaurants, shops, bars ...",https://www.skiline.co.uk/ski-holidays/france/les-arcs/le-village-apartments,Ski Line,site-ski-line,5,chalets/images/inghams-arc-1950-le-village-apartments/,2026-10-06,"20 Mar price from Ski Line (Bristol International, One Bedroom Apartment,PB, WC); Ski Line prices GBP pp"
inghams-la-cime-des-arcs,La Cime des Arcs,Inghams,Les Arcs,Paradiski,France,,12,,,apartment,self-catered,self-catered,none,yes,"pool, steam room",,unknown,Saturday,912,per-person,GBP,exact-week,734,1519,,"flights, transfers + board (Ski Line package)",yes,,,"Right in the heart of Arc 2000’s main square, Résidence La Cime des Arcs puts you just a few snowy steps from the slopes, lifts and ski school meeting points – ideal if you want quick, easy access to the ...",https://www.skiline.co.uk/ski-holidays/france/les-arcs/la-cime-des-arcs-2,Ski Line,site-ski-line,5,chalets/images/inghams-la-cime-des-arcs/,2026-10-06,"20 Mar price from Ski Line (London Gatwick, One Bedroom Apartment with Cabin); Ski Line prices GBP pp"
club-med-club-med-peisey-vallandry,Club Med Peisey-Vallandry,Club Med,Les Arcs,Paradiski,France,,200,,,,,,none,yes,"pool, steam room, childcare",,yes,Sunday,2268,per-person,GBP,exact-week,2268,3347,,"accommodation + board, no travel (Ski Line)",yes,,,"Perched 1,600 metres (5,250 ft) high in the Tarentaise valley with its torrents and lakes, larch and spruce trees, the Resort embodies the authentic spirit of France’s Savoy mountains. This “hamlet” of typical chalets combining traditional materials with the elegance ...",https://www.skiline.co.uk/ski-holidays/france/les-arcs/club-med-peisey-vallandry,Ski Line,site-ski-line,5,chalets/images/club-med-club-med-peisey-vallandry/,2026-10-06,"Ski Line board 'All Inclusive'; 20 Mar price from Ski Line (Independent Travel, Junior Family Superior Room - Balcony); Ski Line prices GBP pp"
inghams-hotel-aiguille-rouge,Hotel Aiguille Rouge,Inghams,Les Arcs,Paradiski,France,,436,,,hotel,half-board,,none,no,,,yes,Saturday,937,per-person,GBP,exact-week,796,1699,,"flights, transfers + board (Ski Line package)",yes,,,"With the convenience of ski-in, ski-out, the Aiguille Rouge has a central location in Arc 2000. The hotel is at the foot of the slope and has a panoramic restaurant and bar overlooking the pistes and a sun deck which ...",https://www.skiline.co.uk/ski-holidays/france/les-arcs/hotel-aiguille-rouge,Ski Line,site-ski-line,5,chalets/images/inghams-hotel-aiguille-rouge/,2026-10-06,"20 Mar price from Ski Line (Bristol International, Twin or Double,PB, WC, BA); Ski Line prices GBP pp"
crystal-le-belmont-apartments,Le Belmont Apartments,Crystal,Les Arcs,Paradiski,France,,4,,,apartment,self-catered,self-catered,none,no,,,unknown,flexible,830,per-person,GBP,exact-week,830,1711,,"flights, transfers + board (Ski Line package)",yes,,,These simple apartments are just the thing for a self-catering stay in Arc 1800. They’re in a top-notch spot surrounded by trees and just a few minutes’ walk from the lifts – and you can even spot Mont Blanc in ...,https://www.skiline.co.uk/ski-holidays/france/les-arcs/le-belmont-apartments-2,Ski Line,site-ski-line,5,chalets/images/crystal-le-belmont-apartments/,2026-10-06,"20 Mar price from Ski Line (London Gatwick, Studio - (price pp based on 2 sharing)); Ski Line prices GBP pp"
crystal-odalys-prestige-residence-edenarc,Odalys Prestige Residence Edenarc,Crystal,Les Arcs,Paradiski,France,,6,,,apartment,self-catered,self-catered,yes-type-unknown,yes,"pool, steam room",,yes,Saturday,,per-person,GBP,season-range,872,2809,,"flights, transfers + board (Ski Line package)",unknown,,,"Looking for a top-notch self-catered stay for your ski trip? The Edenarc Apartments should tick your box. Set at the top of Arc 1800, they’ve got panoramic views across the Tarantaise valley. And with a spot right on the slopes, ...",https://www.skiline.co.uk/ski-holidays/france/les-arcs/odalys-prestige-residence-edenarc,Ski Line,site-ski-line,5,chalets/images/crystal-odalys-prestige-residence-edenarc/,2026-10-06,no 20/21 Mar 2027 departure in Ski Line price list; hot tub per Ski Line facility flag; Ski Line prices GBP pp; Ski Line hot-tub flag on a residence/hotel: probably shared spa (pass2: hot tub type)
crystal-hotel-altitude,Hotel Altitude,Crystal,Les Arcs,Paradiski,France,,395,,,hotel,half-board,,yes-type-unknown,yes,"pool, steam room, fireplace",,unknown,flexible,929,per-person,GBP,exact-week,874,1636,,"flights, transfers + board (Ski Line package)",yes,,,"The Hotel Altitude’s a quality pick in Arc 2000. You’re just a 6-minute walk from the closest lifts, and it’s 3 minutes to the resort centre, so everything you need is on hand. When you’re not out and about, step ...",https://www.skiline.co.uk/ski-holidays/france/les-arcs/hotel-altitude,Ski Line,site-ski-line,5,chalets/images/crystal-hotel-altitude/,2026-10-06,"20 Mar price from Ski Line (London Gatwick, Twin Room - (price pp based on 2 sharing)); hot tub per Ski Line facility flag; Ski Line prices GBP pp; Ski Line hot-tub flag on a residence/hotel: probably shared spa (pass2: hot tub type)"
crystal-premium-residence-le-roselend,Premium Residence Le Roselend,Crystal,Les Arcs,Paradiski,France,,200,,,apartment,self-catered,self-catered,none,yes,"pool, steam room, fireplace",,unknown,Saturday,,per-person,GBP,season-range,919,1666,,"flights, transfers + board (Ski Line package)",unknown,,,"Sitting up on the hill in Arc 1800, this place has a top-tier view over the valley and easy access to the slopes too. The big, chalet-style building looks like your typical mountain hotel, with wooden balconies, stone pillars and ...",https://www.skiline.co.uk/ski-holidays/france/les-arcs/premium-residence-le-roselend-2,Ski Line,site-ski-line,5,chalets/images/crystal-premium-residence-le-roselend/,2026-10-06,no 20/21 Mar 2027 departure in Ski Line price list; Ski Line prices GBP pp
crystal-hotel-club-les-melezes,Hotel Club Les Melezes,Crystal,Les Arcs,Paradiski,France,,300,,,hotel,half-board,,yes-type-unknown,yes,steam room,,unknown,flexible,,per-person,GBP,season-range,930,2566,,"flights, transfers + board (Ski Line package)",unknown,,,"In the centre of Arc 2000, and just a few minutes’ walk from the lifts, Les Mélèzes is a great pick for a stay in Les Arcs. And it’s got fab facilities too. Kids will have a blast in the ...",https://www.skiline.co.uk/ski-holidays/france/les-arcs/hotel-club-les-melezes,Ski Line,site-ski-line,5,chalets/images/crystal-hotel-club-les-melezes/,2026-10-06,no 20/21 Mar 2027 departure in Ski Line price list; hot tub per Ski Line facility flag; Ski Line prices GBP pp; Ski Line hot-tub flag on a residence/hotel: probably shared spa (pass2: hot tub type)
inghams-alpages-de-chantel-apartments,Alpages de Chantel Apartments,Inghams,Les Arcs,Paradiski,France,,5,,,apartment,self-catered,self-catered,none,yes,"pool, steam room",,yes,Saturday,,per-person,GBP,season-range,943,1279,,"flights, transfers + board (Ski Line package)",unknown,,,"Built to a very high standard with Savoyard charm, this exceptional residence offers superb accommodation in Arc 1800. It enjoys panoramic views of the valley and Mont Blanc, and its fantastic location is an added bonus. Situated close to the ...",https://www.skiline.co.uk/ski-holidays/france/les-arcs/alpages-de-chantel-apartments,Ski Line,site-ski-line,5,chalets/images/inghams-alpages-de-chantel-apartments/,2026-10-06,no 20/21 Mar 2027 departure in Ski Line price list; Ski Line prices GBP pp
inghams-club-mmv-les-melezes,Club MMV Les Melezes,Inghams,Les Arcs,Paradiski,France,,284,,,hotel,half-board,,yes-type-unknown,yes,steam room,80,unknown,Saturday,1109,per-person,GBP,exact-week,949,1799,,mixed: some departures include travel,yes,,,"Hotel Les Mélèzes is situated in the heart of Arc 2000and offers great views, as well as some fantastic spa facilities. With such close proximity to the slopes, only 70 metres away, the Hotel Mélèzes offers a convenient and comfortable ...",https://www.skiline.co.uk/ski-holidays/france/les-arcs/club-mmv-les-melezes,Ski Line,site-ski-line,5,chalets/images/inghams-club-mmv-les-melezes/,2026-10-06,"20 Mar price from Ski Line (London St. Pancras (rail), Double or Twin,PB or PS, WC); hot tub per Ski Line facility flag; Ski Line prices GBP pp; Ski Line hot-tub flag on a residence/hotel: probably shared spa (pass2: hot tub type)"
ski-world-chalet-anne,Chalet Anne,Ski World,Les Arcs,Paradiski,France,,8,,,chalet,catered,"A catered ski chalet is a home-style ski holiday accommodation. Packages usually include flights, airport transfers, breakfast, afternoon tea and 3 or 4-course evening meals. Dinner also includes unlimited wine ...",private-outdoor,no,fireplace,400,unknown,flexible,,per-person,GBP,season-range,969,1719,,"flights, transfers + board (Ski Line package)",unknown,,,"Chalet Anne has been completely renewed and improved for the 2021/22 season, is excellently furnished and has a distinct alpine and homely feel. The well-appointed living room is perfect to sit up to 8 people comfortably around the traditional fireplace ...",https://www.skiline.co.uk/ski-holidays/france/les-arcs/chalet-anne,Ski Line,site-ski-line,5,chalets/images/ski-world-chalet-anne/,2026-10-06,no 20/21 Mar 2027 departure in Ski Line price list; hot tub per Ski Line facility flag; Ski Line prices GBP pp
ski-world-chalet-oksana,Chalet Oksana,Ski World,Les Arcs,Paradiski,France,,10,,,chalet,catered,"A catered ski chalet is a home-style ski holiday accommodation. Packages usually include flights, airport transfers, breakfast, afternoon tea and 3 or 4-course evening meals. Dinner also includes unlimited wine ...",none,yes,"pool, steam room, fireplace",200,unknown,flexible,,per-person,GBP,season-range,995,1699,,"flights, transfers + board (Ski Line package)",unknown,,,"This lovely chalet apartment offers that little bit of extra comfort in a first-class location. Beautifully finished in wood it combines an attractive traditional alpine style with modern comforts. Comfy bedrooms– All rooms are large, welcoming and with en suite ...",https://www.skiline.co.uk/ski-holidays/france/les-arcs/chalet-oksana,Ski Line,site-ski-line,5,chalets/images/ski-world-chalet-oksana/,2026-10-06,no 20/21 Mar 2027 departure in Ski Line price list; Ski Line prices GBP pp
ski-world-chalet-solomia,Chalet Solomia,Ski World,Les Arcs,Paradiski,France,,10,,,chalet,catered,"A catered ski chalet is a home-style ski holiday accommodation. Packages usually include flights, airport transfers, breakfast, afternoon tea and 3 or 4-course evening meals. Dinner also includes unlimited wine ...",none,yes,"pool, steam room, fireplace",100,unknown,flexible,,per-person,GBP,season-range,995,1699,,"flights, transfers + board (Ski Line package)",unknown,,,"Chalet Solomia is part of a high-quality residence, the homely chalet apartment boasts a classic Savoyard style enriched by elegant wooden and stone features and lovely alpine details. The traditional log fire is the centrepiece of the rustic dining/living area ...",https://www.skiline.co.uk/ski-holidays/france/les-arcs/chalet-solomia,Ski Line,site-ski-line,5,chalets/images/ski-world-chalet-solomia/,2026-10-06,no 20/21 Mar 2027 departure in Ski Line price list; Ski Line prices GBP pp
ski-world-chalet-nadyia,Chalet Nadyia,Ski World,Les Arcs,Paradiski,France,,10,,,chalet,catered,"A catered ski chalet is a home-style ski holiday accommodation. Packages usually include flights, airport transfers, breakfast, afternoon tea and 3 or 4-course evening meals. Dinner also includes unlimited wine ...",none,yes,"pool, steam room, fireplace",200,unknown,flexible,,per-person,GBP,season-range,995,1699,,"flights, transfers + board (Ski Line package)",unknown,,,"This luxury chalet apartment is characterised by a true rustic Savoyard style and it benefits from a privileged position. It provides that unique mountain atmosphere perfectly enhanced by modern facilities. Spacious and welcoming– The compact chalet rooms while not expansive, ...",https://www.skiline.co.uk/ski-holidays/france/les-arcs/chalet-nadyia,Ski Line,site-ski-line,5,chalets/images/ski-world-chalet-nadyia/,2026-10-06,no 20/21 Mar 2027 departure in Ski Line price list; Ski Line prices GBP pp
crystal-hotel-du-golf,Hotel du Golf,Crystal,Les Arcs,Paradiski,France,,500,,,,,,none,yes,"pool, steam room",,unknown,flexible,1359,per-person,GBP,exact-week,1023,2224,,"flights, transfers + board (Ski Line package)",yes,,,"The Hôtel du Golf is right in the centre of the action in Arc 1800. It’s ski-in, ski-out and a 10-minute walk to the shops and bars in resort. This hotel is an impressive size and has the facilities to ...",https://www.skiline.co.uk/ski-holidays/france/les-arcs/hotel-du-golf,Ski Line,site-ski-line,5,chalets/images/crystal-hotel-du-golf/,2026-10-06,"Ski Line board 'Hotel Full Board'; 20 Mar price from Ski Line (London Gatwick, Twin Room - (price pp based on 2 sharing)); Ski Line prices GBP pp"
inghams-hotel-eden,Hotel Eden,Inghams,Les Arcs,Paradiski,France,,100,,,,,,none,yes,"pool, fireplace",,partial,Saturday,1255,per-person,GBP,exact-week,1038,2198,,"flights, transfers + board (Ski Line package)",yes,,,"The Hotel Eden has a fantastic piste side location, just a short ski from the ski lifts and ski school meeting point, offering you convenient access to the Paradiski slopes. After a day of adventures, a lovely wellness area welcomes ...",https://www.skiline.co.uk/ski-holidays/france/les-arcs/hotel-eden-3,Ski Line,site-ski-line,5,chalets/images/inghams-hotel-eden/,2026-10-06,"Ski Line board 'Room Only'; 20 Mar price from Ski Line (London Gatwick, Superior,Suite,PB, WC, BA,Lounge Area); Ski Line prices GBP pp"
inghams-residence-la-source-des-arcs,Residence La Source des Arcs,Inghams,Les Arcs,Paradiski,France,,4,,,apartment,self-catered,self-catered,none,yes,"pool, steam room",,yes,Saturday,1235,per-person,GBP,exact-week,1048,2066,,"flights, transfers + board (Ski Line package)",yes,,,"La Source des Arcs residence are five star, modern self-catered apartments in the highest village of Les Arcs. The apartments are very well situated and the fantastic, free spa facilities gives you the perfect opportunity to unwind and relax after ...",https://www.skiline.co.uk/ski-holidays/france/les-arcs/hotel-residence-la-source-des-arcs,Ski Line,site-ski-line,5,chalets/images/inghams-residence-la-source-des-arcs/,2026-10-06,"20 Mar price from Ski Line (London Gatwick, Two Bedroom Apartment); Ski Line prices GBP pp"
crystal-la-source-des-arcs,La Source des Arcs,Crystal,Les Arcs,Paradiski,France,,6,,,apartment,self-catered,self-catered,none,yes,pool,,yes,Saturday,1591,per-person,GBP,exact-week,1174,2201,,"flights, transfers + board (Ski Line package)",yes,,,"A 5-star home away from home in the mountains, these luxury ski-in, ski-out apartments are built right on the edge of the slopes in Arc 2000, looking out over the valley. Furnished in a comfortable and modern mountain style, there ...",https://www.skiline.co.uk/ski-holidays/france/les-arcs/la-source-des-arcs-2,Ski Line,site-ski-line,5,chalets/images/crystal-la-source-des-arcs/,2026-10-06,"20 Mar price from Ski Line (London Stansted, 2 Bedroom Apartment - (price pp based on 2 sharing)); Ski Line prices GBP pp"
inghams-hotel-du-golf-les-arcs-1800,Hotel du Golf (Les Arcs 1800),Inghams,Les Arcs,Paradiski,France,,200,,,,,,private (location not stated),yes,"steam room, fireplace",,yes,Saturday,,per-person,GBP,season-range,1199,2449,,"flights, transfers + board (Ski Line package)",unknown,,,"The Hotel du Golf has an exceptional position in Arc 1800, at the foot of the pistes and the nursery slopes and with panoramic views over towards the Mont Blanc Massif and Europe's highest mountain. Now on an All Inclusive ...",https://www.skiline.co.uk/ski-holidays/france/les-arcs/hotel-du-golf-les-arcs-1800,Ski Line,site-ski-line,5,chalets/images/inghams-hotel-du-golf-les-arcs-1800/,2026-10-06,Ski Line board 'Hotel Full Board'; no 20/21 Mar 2027 departure in Ski Line price list; hot tub per Ski Line facility flag; Ski Line prices GBP pp
crystal-odalys-prestige-aparthotel-eden,Odalys Prestige Aparthotel Eden,Crystal,Les Arcs,Paradiski,France,,6,,,apartment,self-catered,self-catered,yes-type-unknown,yes,"pool, steam room",,yes,Saturday,,per-person,GBP,season-range,1209,2761,,"flights, transfers + board (Ski Line package)",unknown,,,"Spacious, modern rooms and a ski-in, ski-out spot in Arc 1800 – the Aparthotel Eden is your perfect home from home in the mountains. The complex has got up-to-date looks, with lots of local materials used throughout, from timber cladding ...",https://www.skiline.co.uk/ski-holidays/france/les-arcs/odalys-prestige-aparthotel-eden,Ski Line,site-ski-line,5,chalets/images/crystal-odalys-prestige-aparthotel-eden/,2026-10-06,no 20/21 Mar 2027 departure in Ski Line price list; hot tub per Ski Line facility flag; Ski Line prices GBP pp; Ski Line hot-tub flag on a residence/hotel: probably shared spa (pass2: hot tub type)
crystal-premium-residence-les-alpages-de-chantel,Premium Residence Les Alpages de Chantel,Crystal,Les Arcs,Paradiski,France,,5,,,apartment,self-catered,self-catered,none,yes,pool,,unknown,Saturday,,per-person,GBP,season-range,1274,1535,,mixed: some departures include travel,unknown,,,"Eager to click into your skis and get going? Les Alpages de Chantel Apartments are ideal for a convenient and comfortable winter stay. Just a two minutes’ walk from the slopes, you'll be whizzing down the hill in no time. ...",https://www.skiline.co.uk/ski-holidays/france/les-arcs/premium-residence-les-alpages-de-chantel-2,Ski Line,site-ski-line,5,chalets/images/crystal-premium-residence-les-alpages-de-chantel/,2026-10-06,no 20/21 Mar 2027 departure in Ski Line price list; Ski Line prices GBP pp
ski-world-chalet-arnaud,Chalet Arnaud,Ski World,Les Arcs,Paradiski,France,,6,3,,chalet,catered,"A catered ski chalet is a home-style ski holiday accommodation. Packages usually include flights, airport transfers, breakfast, afternoon tea and 3 or 4-course evening meals. Dinner also includes unlimited wine ...",none,no,fireplace,450,yes,Saturday,,per-person,GBP,season-range,1289,1369,,"flights, transfers + board (Ski Line package)",unknown,,,"This authentic mountain hut (or ‘mazot’) has an exterior that's antique and charming and an interior that's warm and cosy. This chalet has truly the special feel of a real mountain refuge, perfectly blended with some comfortable modern features. Welcome ...",https://www.skiline.co.uk/ski-holidays/france/les-arcs/chalet-arnaud,Ski Line,site-ski-line,5,chalets/images/ski-world-chalet-arnaud/,2026-10-06,no 20/21 Mar 2027 departure in Ski Line price list; Ski Line prices GBP pp
inghams-hotel-la-cachette,Hotel La Cachette,Inghams,Les Arcs,Paradiski,France,,100,,,hotel,breakfast-only,,yes-type-unknown,yes,"steam room, fireplace",550,yes,Saturday,1395,per-person,GBP,exact-week,1372,2703,,"flights, transfers + board (Ski Line package)",yes,,,"Hotel La Cachette blends sleek modern style with a classic mountain feel. Nature is tucked into every corner of the property, so those stunning views follow you wherever you go. Start your morning soaking in the snowy peaks from your ...",https://www.skiline.co.uk/ski-holidays/france/les-arcs/hotel-la-cachette-2,Ski Line,site-ski-line,5,chalets/images/inghams-hotel-la-cachette/,2026-10-06,"20 Mar price from Ski Line (Leeds Bradford, Family Suite 6 Person (2 Bedroom),); hot tub per Ski Line facility flag; Ski Line prices GBP pp; Ski Line hot-tub flag on a residence/hotel: probably shared spa (pass2: hot tub type)"
inghams-hotel-taj-i-mah,Hotel Taj-i Mah,Inghams,Les Arcs,Paradiski,France,,120,,,hotel,breakfast-only,,yes-type-unknown,no,"pool, steam room",,yes,Saturday,1976,per-person,GBP,exact-week,1412,3761,,"flights, transfers + board (Ski Line package)",yes,,,"Translated as 'Crown of the Moon', the Taj-I Mah was the first five-star hotel to open in Les Arcs. It's decorated to a high standard throughout and has all the fantastic facilities you'd expect from a 5-star hotel - contemporary ...",https://www.skiline.co.uk/ski-holidays/france/les-arcs/hotel-taj-i-mah,Ski Line,site-ski-line,5,chalets/images/inghams-hotel-taj-i-mah/,2026-10-06,"20 Mar price from Ski Line (London Gatwick, Classic,Double or Twin,PB, WC, BA); hot tub per Ski Line facility flag; Ski Line prices GBP pp; Ski Line hot-tub flag on a residence/hotel: probably shared spa (pass2: hot tub type)"
ski-france-chalet-ponturin,Chalet Ponturin,Ski France,Les Arcs,Paradiski,France,,10,4,,chalet,self-catered,self-catered,private (location not stated),yes,,,unknown,Saturday,192,per-person,GBP,exact-week,192,453,,"accommodation + board, no travel (Ski Line)",yes,,,"Located between Les Arcs and La Plagne, at the gateway to the Vanoise National Park, Chalet Ponturin in Peisey Nancroix welcomes you in an exceptional natural setting. This independent 111 m² duplex of Chalet Les Amis offers 5 rooms for ...",https://www.skiline.co.uk/ski-holidays/france/les-arcs/chalet-ponturin-peisey-nancroix,Ski Line,site-ski-line,5,chalets/images/ski-france-chalet-ponturin/,2026-10-06,20 Mar price from Ski Line (Independent Travel); Ski Line resort 'Les Arcs' but text/url says Peisey-Nancroix - check village; hot tub per Ski Line facility flag; Ski Line prices GBP pp
ski-france-chalet-vanoise,Chalet Vanoise,Ski France,Les Arcs,Paradiski,France,,10,2,,chalet,self-catered,self-catered,private (location not stated),yes,,,unknown,Saturday,161,per-person,GBP,exact-week,160,362,,"accommodation + board, no travel (Ski Line)",yes,,,"Vanoise is an elegant, recently refurbished chalet set over two floors and nestled in the heart of the Paradiski ski area in Peisey-Nancroix. It offers direct access to the resorts of Les Arcs, Peisey-Vallandry, and La Plagne. Designed to comfortably ...",https://www.skiline.co.uk/ski-holidays/france/les-arcs/chalet-vanoise-peisey-nancroix,Ski Line,site-ski-line,5,chalets/images/ski-france-chalet-vanoise/,2026-10-06,20 Mar price from Ski Line (Independent Travel); Ski Line resort 'Les Arcs' but text/url says Peisey-Nancroix - check village; hot tub per Ski Line facility flag; Ski Line prices GBP pp
ski-france-chalet-montchavin,Chalet Montchavin,Ski France,Les Arcs,Paradiski,France,,10,2,,chalet,self-catered,self-catered,private (location not stated),yes,,,unknown,Saturday,170,per-person,GBP,exact-week,169,400,,"accommodation + board, no travel (Ski Line)",yes,,,"Montchavin is an elegant, recently refurbished chalet set over two floors and nestled in the heart of the Paradiski ski area in Peisey-Nancroix. It offers direct access to the resorts of Les Arcs, Peisey-Vallandry, and La Plagne. Designed to comfortably ...",https://www.skiline.co.uk/ski-holidays/france/les-arcs/chalet-montchavin-peisey-nancroix,Ski Line,site-ski-line,5,chalets/images/ski-france-chalet-montchavin/,2026-10-06,20 Mar price from Ski Line (Independent Travel); Ski Line resort 'Les Arcs' but text/url says Peisey-Nancroix - check village; hot tub per Ski Line facility flag; Ski Line prices GBP pp
ski-france-chalet-nancroix,Chalet Nancroix,Ski France,Les Arcs,Paradiski,France,,14,2,,chalet,self-catered,self-catered,private (location not stated),yes,,,unknown,Saturday,,per-person,GBP,season-range,141,333,,"accommodation + board, no travel (Ski Line)",unknown,,,"Nancroix is a stylish, recently renovated duplex chalet spread over two floors, ideally located in the heart of the Paradiski ski area in Peisey-Nancroix. It provides direct access to the resorts of Les Arcs, Peisey-Vallandry, and La Plagne. Designed to ...",https://www.skiline.co.uk/ski-holidays/france/les-arcs/chalet-nancroix-peisey-nancroix,Ski Line,site-ski-line,5,chalets/images/ski-france-chalet-nancroix/,2026-10-06,no 20/21 Mar 2027 departure in Ski Line price list; Ski Line resort 'Les Arcs' but text/url says Peisey-Nancroix - check village; hot tub per Ski Line facility flag; Ski Line prices GBP pp
ski-france-chalet-grand-renard,Chalet Grand Renard,Ski France,Les Arcs,Paradiski,France,,14,2,,chalet,self-catered,self-catered,private (location not stated),yes,,,unknown,Saturday,159,per-person,GBP,exact-week,141,359,,"accommodation + board, no travel (Ski Line)",yes,,,"Grand Renard is an elegant, recently refurbished chalet set over two floors and nestled in the heart of the Paradiski ski area in Peisey-Nancroix. It offers direct access to the resorts of Les Arcs, Peisey-Vallandry, and La Plagne. Designed to ...",https://www.skiline.co.uk/ski-holidays/france/les-arcs/chalet-grand-renard-peisey-nancroix,Ski Line,site-ski-line,5,chalets/images/ski-france-chalet-grand-renard/,2026-10-06,20 Mar price from Ski Line (Independent Travel); Ski Line resort 'Les Arcs' but text/url says Peisey-Nancroix - check village; hot tub per Ski Line facility flag; Ski Line prices GBP pp
ski-france-chalet-aiguille-rouge,Chalet Aiguille Rouge,Ski France,Les Arcs,Paradiski,France,,14,2,,chalet,self-catered,self-catered,private (location not stated),yes,,,unknown,Saturday,188,per-person,GBP,exact-week,180,420,,"accommodation + board, no travel (Ski Line)",yes,,,"Aiguille Rouge is a spacious, recently refurbished chalet set over three floors and nestled in the heart of the Paradiski ski area in Peisey-Nancroix. It offers direct access to the resorts of Les Arcs, Peisey-Vallandry, and La Plagne. Designed to ...",https://www.skiline.co.uk/ski-holidays/france/les-arcs/chalet-aiguille-rouge-peisey-nancroix,Ski Line,site-ski-line,5,chalets/images/ski-france-chalet-aiguille-rouge/,2026-10-06,20 Mar price from Ski Line (Independent Travel); Ski Line resort 'Les Arcs' but text/url says Peisey-Nancroix - check village; hot tub per Ski Line facility flag; Ski Line prices GBP pp
odalys-prestige-residence-edenarc,Prestige Residence Edenarc,Odalys,Les Arcs,Paradiski,France,,8,,,apartment,self-catered,self-catered,yes-type-unknown,yes,"pool, steam room, fireplace",,partial,Saturday,362,per-person,GBP,exact-week,197,1023,,"accommodation + board, no travel (Ski Line)",yes,,,This ski residence in Les Arcs 1800 with breath-taking views of the Mont Blanc mountain offers luxury ski holiday rentals for your ski holiday in Savoy in the French Alps. Tastefully decorated and well-equipped accommodation along with aquatic facilities including ...,https://www.skiline.co.uk/ski-holidays/france/les-arcs/prestige-residence-edenarc,Ski Line,site-ski-line,5,chalets/images/odalys-prestige-residence-edenarc/,2026-10-06,20 Mar price from Ski Line (Independent Travel); hot tub per Ski Line facility flag; Ski Line prices GBP pp; Ski Line hot-tub flag on a residence/hotel: probably shared spa (pass2: hot tub type)
your-mountain-life-chalet-michka,Chalet Michka,Your Mountain Life,Les Arcs,Paradiski,France,,14,6,,chalet,catered,"Each day begins with a continental breakfast to give you energy for the slopes. We serve a different warm dish each morning, such as pancakes, scrambled eggs with bacon, or ...",none,yes,fireplace,150,unknown,Saturday,642,per-person,GBP,exact-week,596,1147,,"accommodation + board, no travel (Ski Line)",yes,,,"Chalet Michka is centrally located in Peisey, only 150 metres from the bottom of the Lonzagne ski lift. (1-2 minutes walk) In about 6 minutes, the lift takes you to Plan Peisey, where you can connect to the lifts to ...",https://www.skiline.co.uk/ski-holidays/france/les-arcs/chalet-michka,Ski Line,site-ski-line,5,chalets/images/your-mountain-life-chalet-michka/,2026-10-06,20 Mar price from Ski Line (Independent Travel); Ski Line resort 'Les Arcs' but text/url says Peisey-Nancroix - check village; Ski Line prices GBP pp
mmv-hotels-hotel-club-arc-2000-altitude,Hotel Club Arc 2000 Altitude,MMV Hotels,Les Arcs,Paradiski,France,,200,1,,,,,private (location not stated),yes,"pool, fireplace",,unknown,Saturday,912,per-person,GBP,exact-week,681,1426,,"accommodation + board, no travel (Ski Line)",yes,,,"Upon arrival at the Village Club Altitude, you'll discover a cozy lounge with a beautiful fireplace and a large performance stage. After settling into your room, admire the mountain views from the panoramic restaurant overlooking Mont Blanc, and enjoy a ...",https://www.skiline.co.uk/ski-holidays/france/les-arcs/hotel-club-mmv-arc-2000-altitude,Ski Line,site-ski-line,5,chalets/images/mmv-hotels-hotel-club-arc-2000-altitude/,2026-10-06,Ski Line board 'Hotel Full Board'; 20 Mar price from Ski Line (Independent Travel); hot tub per Ski Line facility flag; Ski Line prices GBP pp
mmv-hotels-hotel-club-les-melezes,Hotel Club Les Melezes,MMV Hotels,Les Arcs,Paradiski,France,,200,1,,,,,private (location not stated),yes,,,unknown,Saturday,893,per-person,GBP,exact-week,867,1361,,"accommodation + board, no travel (Ski Line)",yes,,,"Arriving at the heart of the Arc 2000 resort, a glance towards the restaurant with panoramic views at your Village Club Les Mélèzes irresistibly draws you to its magnificent sunny terrace. The place is ideal for getting together with friends ...",https://www.skiline.co.uk/ski-holidays/france/les-arcs/hotel-club-mmv-les-melezes,Ski Line,site-ski-line,5,chalets/images/mmv-hotels-hotel-club-les-melezes/,2026-10-06,Ski Line board 'Hotel Full Board'; 20 Mar price from Ski Line (Independent Travel); hot tub per Ski Line facility flag; Ski Line prices GBP pp
crystal-cime-des-arcs-apartments,Cime des Arcs Apartments,Crystal,Les Arcs,Paradiski,France,,6,,,apartment,self-catered,self-catered,none,yes,"pool, steam room",,unknown,Saturday,,per-person,GBP,season-range,1134,2154,,"flights, transfers + board (Ski Line package)",unknown,,,"Furnished in a contemporary mountain style, La Cime des Arcs apartments offer arguably the best location for guests in Arc 2000. The residence sits at the base of les Lanchettes lift for the accomplished skiers, is 10 metres from the ...",https://www.skiline.co.uk/ski-holidays/france/les-arcs/la-cime-des-arcs-apartments,Ski Line,site-ski-line,5,chalets/images/crystal-cime-des-arcs-apartments/,2026-10-06,no 20/21 Mar 2027 departure in Ski Line price list; Ski Line prices GBP pp
crystal-premium-residence-arc-1950-le-village,Premium Residence Arc 1950 Le Village,Crystal,Les Arcs,Paradiski,France,,10,,,apartment,self-catered,self-catered,yes-type-unknown,yes,"pool, steam room",,yes,Saturday,1268,per-person,GBP,exact-week,1211,2194,,"flights, transfers + board (Ski Line package)",yes,,,"Feel right at the heart of mountain life in The Arc 1950 Le Village – a far cry from your standard self-catering pick. Designed by the same developers as Canada’s famous Whistler resort, Arc 1950 has a buzzing, pedestrianised centre, ...",https://www.skiline.co.uk/ski-holidays/france/les-arcs/arc-1950-le-village-apartments,Ski Line,site-ski-line,5,chalets/images/crystal-premium-residence-arc-1950-le-village/,2026-10-06,"20 Mar price from Ski Line (London Gatwick, 1 Bedroom Apartment - (price pp based on 2 sharing)); Ski Line prices GBP pp; Ski Line hot-tub flag on a residence/hotel: probably shared spa (pass2: hot tub type)"
crystal-hotel-la-cachette,Hotel La Cachette,Crystal,Les Arcs,Paradiski,France,,170,,,hotel,half-board,,yes-type-unknown,yes,,,partial,Saturday,1509,per-person,GBP,exact-week,1469,2044,,"flights, transfers + board (Ski Line package)",yes,,,"Sitting at the base of the slopes in Arc 1600, Hotel La Cachette is all about convenience. It's ski-in, ski-out, with the lifts less than a minute away, and you're right in the centre of town too – so from ...",https://www.skiline.co.uk/ski-holidays/france/les-arcs/hotel-la-cachette,Ski Line,site-ski-line,5,chalets/images/crystal-hotel-la-cachette/,2026-10-06,"20 Mar price from Ski Line (London Gatwick, Double Room - (price pp based on 2 sharing)); hot tub per Ski Line facility flag; Ski Line prices GBP pp; Ski Line hot-tub flag on a residence/hotel: probably shared spa (pass2: hot tub type)"
skiline-chalet-altitude-2,Chalet Altitude,,,,,,12,,,apartment,self-catered,self-catered,none,yes,"pool, fireplace",,unknown,,,,,quote-needed,,,,,unknown,,,"These apartments are located in a large, alpine, chalet style building, just 50m from the slopes and 500m from the centre of the resort (a 5 minute walk). The complex offers an indoor heated swimming pool, sauna, pub, ski hire ...",https://www.skiline.co.uk/ski-holidays/france/les-arcs/chalet-altitude,Ski Line,site-ski-line,5,chalets/images/skiline-chalet-altitude-2/,2026-10-06,no 20/21 Mar 2027 departure in Ski Line price list; operator not named (Ski Line sitemap-only page); sitemap-only (not in Ski Line search)
skiline-chalet-de-lours,Chalet De L’Ours,,,,,,12,,,apartment,self-catered,self-catered,none,yes,"pool, fireplace",,unknown,,,,,quote-needed,,,,,unknown,,,"Chalet de L’Ours is owned and managed by the Chalet Altitude, and as such, the apartments benefit from all the facilities located in the neighbouring residence - a swimming pool, sauna, pub, ski hire shop and mini-market. The Chalet de ...",https://www.skiline.co.uk/ski-holidays/france/les-arcs/chalet-de-lours,Ski Line,site-ski-line,5,chalets/images/skiline-chalet-de-lours/,2026-10-06,no 20/21 Mar 2027 departure in Ski Line price list; operator not named (Ski Line sitemap-only page); sitemap-only (not in Ski Line search)
skiline-le-chalet-des-arolles,Le Chalet des Arolles,,,,,,16,,,apartment,self-catered,self-catered,none,yes,"pool, steam room, fireplace",,unknown,,,,,quote-needed,,,,,unknown,,,"Le Chalet des Arolles is composed of several chalets, all in traditional Savoyard style with impressive views of the Paradiski domain and surrounding mountains. These apartments are well situated just below the main village of Arc 2000 and they offer ...",https://www.skiline.co.uk/ski-holidays/france/les-arcs/le-chalet-des-arolles,Ski Line,site-ski-line,5,chalets/images/skiline-le-chalet-des-arolles/,2026-10-06,no 20/21 Mar 2027 departure in Ski Line price list; operator not named (Ski Line sitemap-only page); sitemap-only (not in Ski Line search)
skiline-chalet-altitude-arc-2000,Chalet Altitude Arc 2000,,,,,,8,,,apartment,self-catered,self-catered,none,yes,"pool, fireplace",,unknown,,,,,quote-needed,,,,,unknown,,,"THE RESIDENCE Situation Chalet Altitude is a luxury 5 star residence, offering high quality apartments and an outstanding view of the valley and Mont Blanc. The apartments have been decorated in traditional savoyard wooden style and all have a fireplace ...",https://www.skiline.co.uk/ski-holidays/france/les-arcs/chalet-altitude-arc-2000,Ski Line,site-ski-line,5,chalets/images/skiline-chalet-altitude-arc-2000/,2026-10-06,no 20/21 Mar 2027 departure in Ski Line price list; operator not named (Ski Line sitemap-only page); sitemap-only (not in Ski Line search)
skiline-chalet-de-lours-apartments,Chalet de L’Ours Apartments,,,,,,8,,,apartment,self-catered,self-catered,none,yes,pool,,unknown,,,,,quote-needed,,,,,unknown,,,These charming apartments offer traditional Savoyard architecture in the Paradiski. There's an indoor swimming pool and sauna next door to help you relax after a day's skiing. The residence prides itself on making your comfort their priority. 2 minutes’ walk ...,https://www.skiline.co.uk/ski-holidays/france/les-arcs/chalet-de-lours-apartments,Ski Line,site-ski-line,0,,2026-10-06,no 20/21 Mar 2027 departure in Ski Line price list; operator not named (Ski Line sitemap-only page); sitemap-only (not in Ski Line search)
skiline-chalet-altitude-ski-apartments,Chalet Altitude Ski Apartments,,,,,,10,,,apartment,self-catered,self-catered,none,yes,pool,,unknown,,,,,quote-needed,,,,,unknown,,,"Located in Arc 2000, this charming residence is built in Savoyard style and offers doorstep skiing into the Paradiski area. There's an indoor swimming pool and sauna to help you relax after a day's skiing. 2 minutes’ walk to the ...",https://www.skiline.co.uk/ski-holidays/france/les-arcs/chalet-altitude-apartments,Ski Line,site-ski-line,5,chalets/images/skiline-chalet-altitude-ski-apartments/,2026-10-06,no 20/21 Mar 2027 departure in Ski Line price list; operator not named (Ski Line sitemap-only page); sitemap-only (not in Ski Line search)
sno-chalet-ponturin,,,,,,,,4,,,,self-catered,,,,,,,,,,,,,,,,,,,,Ski Line,site-ski-line,,,2026-10-06,Ski Line: https://www.skiline.co.uk/ski-holidays/france/les-arcs/chalet-ponturin
skiline-chalet-forsythia,Chalet Forsythia,,,,,,10,,,chalet,self-catered,self-catered,none,no,,,unknown,,,,,quote-needed,,,,,unknown,,,What's Included Eurostar seat ✔ Transfers ✔ Accommodation ✔ Ski pass ✔ The town centre is 350 m. the shops are 350 m. the slopes are 350 m. the train station is 10 Km. CHALET LE FORSYTHIA This chalet is ...,https://www.skiline.co.uk/ski-holidays/france/les-arcs/chalet-forsythia,Ski Line,site-ski-line,5,chalets/images/skiline-chalet-forsythia/,2026-10-06,no 20/21 Mar 2027 departure in Ski Line price list; operator not named (Ski Line sitemap-only page); sitemap-only (not in Ski Line search)
skiline-chalet-eden,Chalet Eden,,,,,,12,6,,chalet,self-catered,self-catered,private (location not stated),yes,pool,,unknown,,,,,quote-needed,,,,,unknown,,alpimo-eden;sno-chalet-eden,"What's Included Eurostar seat ✔ Transfers ✔ Accommodation ✔ Ski pass ✔ Chalet EDEN is located in les arcs 1800. 200m from the ESF. Pleasant and comfortable, this chalet consists of a living room, 6 bedrooms, a bathroom spread over ...",https://www.skiline.co.uk/ski-holidays/france/les-arcs/chalet-eden,Ski Line,site-ski-line,5,chalets/images/skiline-chalet-eden/,2026-10-06,no 20/21 Mar 2027 departure in Ski Line price list; operator not named (Ski Line sitemap-only page); sitemap-only (not in Ski Line search)
skiline-chalets-de-la-croisette,Chalets De La Croisette,,,,,,10,,,chalet,self-catered,self-catered,none,no,,,unknown,,,,,quote-needed,,,,,unknown,,,What's Included Eurostar seat ✔ Transfers ✔ Accommodation ✔ Ski pass ✔ 1 km from the city centre. 1 km from the the shops. 1 km from the ski school. 1 km from the ski slopes. Location : 1 km ...,https://www.skiline.co.uk/ski-holidays/france/les-arcs/chalets-de-la-croisette,Ski Line,site-ski-line,5,chalets/images/skiline-chalets-de-la-croisette/,2026-10-06,no 20/21 Mar 2027 departure in Ski Line price list; operator not named (Ski Line sitemap-only page); sitemap-only (not in Ski Line search)
skiline-chalet-osarcs,Chalet Osarcs,,,,,,12,6,,chalet,self-catered,self-catered,none,yes,pool,,unknown,,,,,quote-needed,,,,,unknown,,,"What's Included Eurostar seat ✔ Transfers ✔ Accommodation ✔ Ski pass ✔ Chalet OSARCS is located in les arcs 1800. 200m from the ESF. Pleasant and comfortable, this chalet consists of a living room, 6 bedrooms, 2 bathrooms spread over ...",https://www.skiline.co.uk/ski-holidays/france/les-arcs/chalet-osarcs,Ski Line,site-ski-line,5,chalets/images/skiline-chalet-osarcs/,2026-10-06,no 20/21 Mar 2027 departure in Ski Line price list; operator not named (Ski Line sitemap-only page); sitemap-only (not in Ski Line search)
skiline-chalet-arpoza,Chalet Arpoza,,,,,,20,7,,chalet,self-catered,self-catered,none,yes,pool,,unknown,,,,,quote-needed,,,,,unknown,,,"What's Included Eurostar seat ✔ Transfers ✔ Accommodation ✔ Ski pass ✔ Chalet ARPOZÂ is located in les arcs 1800. 200m from the ESF. Pleasant and comfortable, this chalet consists of a living room, 7 bedrooms, 2 bathrooms spread over ...",https://www.skiline.co.uk/ski-holidays/france/les-arcs/chalet-arpoza,Ski Line,site-ski-line,5,chalets/images/skiline-chalet-arpoza/,2026-10-06,no 20/21 Mar 2027 departure in Ski Line price list; operator not named (Ski Line sitemap-only page); sitemap-only (not in Ski Line search)
skiline-chalet-lisard,Chalet L’Isard,,,,,,10,,,chalet,self-catered,self-catered,none,no,fireplace,,unknown,,,,,quote-needed,,,,,unknown,,,"This chalet is situated in a peaceful neightborhood of Vallandry about 3 minutes with a car from the center, shops, slopes and ski lift. Useful information To be paid on arrival : Deposit. Tourist tax. Additional services subject to availability. ...",https://www.skiline.co.uk/ski-holidays/france/les-arcs/chalet-lisard,Ski Line,site-ski-line,5,chalets/images/skiline-chalet-lisard/,2026-10-06,no 20/21 Mar 2027 departure in Ski Line price list; operator not named (Ski Line sitemap-only page); sitemap-only (not in Ski Line search)
skiline-residence-chalets-altitude-ours-5-premium,Residence Chalets Altitude & Ours 5* – Premium,,,,,,8,,,apartment,self-catered,self-catered,none,yes,,,unknown,,,,,quote-needed,,,,,unknown,,,"The 5* premium Chalet Altitude & Ours is located around 100m from the ski-lift 'Rhodo'. The residence is equipped with a convenience store and a Sport 2000 shop. The ESF meeting point, the centre of the resort village Arcs 2000 ...",https://www.skiline.co.uk/ski-holidays/france/les-arcs/residence-chalets-altitude-ours,Ski Line,site-ski-line,5,chalets/images/skiline-residence-chalets-altitude-ours-5-premium/,2026-10-06,no 20/21 Mar 2027 departure in Ski Line price list; operator not named (Ski Line sitemap-only page); sitemap-only (not in Ski Line search)
skiline-aiguille-grive-hotel-chalets,Aiguille Grive Hotel & Chalets,,,,,,100,,,hotel,half-board,,none,yes,,,unknown,,,,,quote-needed,,,,,unknown,,,L'Aiguille Grive Hotel & Chalets is a modern hotel with free standing individual chalets connected by a covered walkway. The buildings are only a short walk from Arc 1800’s resort centre and the hotel sits directly on the slopes between ...,https://www.skiline.co.uk/ski-holidays/france/les-arcs/aiguille-grive-hotel-chalets,Ski Line,site-ski-line,5,chalets/images/skiline-aiguille-grive-hotel-chalets/,2026-10-06,no 20/21 Mar 2027 departure in Ski Line price list; operator not named (Ski Line sitemap-only page); sitemap-only (not in Ski Line search)
crystal-base-camp-lodge,Base Camp Lodge,Crystal,Bourg-St-Maurice,Paradiski,France,,100,,,hotel,half-board,,none,no,,,unknown,Saturday,985,per-person,GBP,exact-week,914,1400,,mixed: some departures include travel,yes,,,"Sleek and modern, this hotel knocks it out of the park when it comes to alpine-inspired décor. From the outside, it really does look like a traditional mountain lodge thanks to the wooden cladding, support beams and sloped roofs. And ...",https://www.skiline.co.uk/ski-holidays/france/bourg-saint-maurice/base-camp-lodge-2,Ski Line,site-ski-line,5,chalets/images/crystal-base-camp-lodge/,2026-10-06,"20 Mar price from Ski Line (London Gatwick, Twin Room - (price pp based on 2 sharing)); Ski Line prices GBP pp; Ski Line resort 'Bourg Saint Maurice'"
