chalet_id,chalet_name,operator,village,ski_area,country,sleeps_min,sleeps_max,bedrooms,bathrooms,property_type,board,catering_detail,hot_tub,sauna,other_facilities,distance_to_lift_m,ski_in_out,changeover_day,price_week_20_27_mar_2027,price_basis,price_currency,price_type,price_range_low,price_range_high,price_per_bed,price_includes,available_20_27_mar,combines,same_as,description,url,listed_on,found_via,image_count,image_dir,date_checked,notes
allchalets-55980,,,,,,,,,,,,self-catered,,,,,,,,,,,,,,,,,,,,allChalets,village-france-st-gervais-les-bains,,,2026-10-06,allChalets: https://www.allchalets.com/holiday-rentals/55980-chalet-in-st-gervais-france; 20 Mar EUR 5870 whole-chalet; range EUR 2880-9570 whole-chalet; available 20 Mar: yes
allchalets-chalet-47005,Chalet 47005,,St-Gervais Le Bettex,Évasion Mont-Blanc,France,,11,5,5,chalet,self-catered,self-catered,none,yes,fireplace,,unknown,Friday/Monday/Saturday/Thursday/Tuesday/Wednesday,6150,whole-chalet,EUR,exact-week,2640,12950,,,unknown,,,"Chalet Details: Sleeps 8 adults and 3 children Catering: Self catered 1st floor: Double bedroom: - Wardrobe - 1 Double bed separable (190x200cm) - Ensuite bathroom: Bathtub, Shower, Towel dryer, Single hand basin, and Toilet Children's bedroom: - 1 Bunk ...",https://www.allchalets.com/holiday-rentals/47005-chalet-in-st-gervais-france,allChalets,village-france-st-gervais-les-bains,5,chalets/images/allchalets-chalet-47005/,2026-10-06,"hot tub not in facility list/description; calendar shows no bookings all season (probably unmaintained); calendar 20 Mar: €6,150 self catered per week Min stay - 7 nights Availability: 11 guests; 20 Mar price from calendar tooltip"
allchalets-apartment-47377,Apartment 47377,,St-Gervais-les-Bains,Évasion Mont-Blanc,France,,8,4,2,apartment,self-catered,self-catered,none,no,,,unknown,Friday/Monday/Saturday/Thursday/Tuesday/Wednesday,1710,whole-chalet,EUR,exact-week,880,2668,,,yes,,,Apartment Details: Sleeps 8 adults Catering: Self catered Located on floor 3 Ground floor: Living area: - Balcony - Open-plan fitted kitchen - Closed fitted kitchen - Dining area - Dining room - TV lounge Double bedroom: - 1 Double ...,https://www.allchalets.com/holiday-rentals/47377-apartment-in-st-gervais-france,allChalets,village-france-st-gervais-les-bains,5,chalets/images/allchalets-apartment-47377/,2026-10-06,"hot tub not in facility list/description; calendar 20 Mar: €1,710 self catered per week Min stay - 7 nights Availability: 8 guests; 20 Mar price from calendar tooltip"
allchalets-48140,,,,,,,,,,,,self-catered,,,,,,,,,,,,,,,,,,,,allChalets,village-france-st-gervais-les-bains,,,2026-10-06,allChalets: https://www.allchalets.com/holiday-rentals/48140-apartment-in-st-gervais-france; 20 Mar EUR 1940 whole-chalet; range EUR 1504-4700 whole-chalet; available 20 Mar: yes
allchalets-chalet-44828,Chalet 44828,,St-Gervais-les-Bains,Évasion Mont-Blanc,France,,10,5,3,chalet,self-catered,self-catered,none,no,log fire,,unknown,Friday/Monday/Saturday/Thursday/Tuesday/Wednesday,4830,whole-chalet,EUR,exact-week,2328,9200,,,unknown,,,"Chalet Details: Sleeps 8 adults and 2 children Catering: Self catered Ground floor: Double bedroom: - Balcony, Wardrobe, Wardrobe, blackout curtains, and TV - 1 Double bed (160x190cm) Double bedroom: - Wardrobe, Wardrobe, blackout curtains, and TV - 1 Double ...",https://www.allchalets.com/holiday-rentals/44828-chalet-in-st-gervais-france,allChalets,village-france-st-gervais-les-bains,5,chalets/images/allchalets-chalet-44828/,2026-10-06,"hot tub not in facility list/description; calendar shows no bookings all season (probably unmaintained); calendar 20 Mar: €4,830 self catered per week Min stay - 7 nights Availability: 10 guests; 20 Mar price from calendar tooltip"
allchalets-48204,,,,,,,,,,,,,,,,,,,,,,,,,,,,,,,,allChalets,village-france-st-gervais-les-bains,,,2026-10-06,allChalets: https://www.allchalets.com/holiday-rentals/48204-apartment-in-st-gervais-france; 20 Mar EUR 4730 whole-chalet; range EUR 3440-8600 whole-chalet; available 20 Mar: yes
allchalets-chalet-47215,Chalet 47215,,St-Gervais-les-Bains,Évasion Mont-Blanc,France,,10,5,4,chalet,self-catered,self-catered,private-outdoor,yes,,,yes,Friday/Monday/Saturday/Thursday/Tuesday/Wednesday,6820,whole-chalet,EUR,exact-week,3950,9690,,,yes,,,"Chalet Details: Sleeps 8 adults and 2 children Catering: Self catered Ground floor: Double bedroom: - Balcony, Dressing, Wardrobe, and Wardrobe - 1 Double bed (190x200cm) - Ensuite bathroom: Shower, Towel dryer, Single hand basin, and Toilet Double bedroom: - ...",https://www.allchalets.com/holiday-rentals/47215-chalet-in-st-gervais-france,allChalets,village-france-st-gervais-les-bains,5,chalets/images/allchalets-chalet-47215/,2026-10-06,"hot tub in facility list; calendar 20 Mar: €6,820 self catered per week Min stay - 7 nights Availability: 10 guests; 20 Mar price from calendar tooltip"
allchalets-apartment-47031,Apartment 47031,,St-Gervais-les-Bains,Évasion Mont-Blanc,France,,4,2,1,apartment,self-catered,self-catered,none,no,,,unknown,Friday/Monday/Saturday/Thursday/Tuesday/Wednesday,1080,whole-chalet,EUR,exact-week,632,1833,,,yes,,,Apartment Details: Sleeps 2 adults and 2 children Catering: Self catered Layout: Living area: - Garden access - Open kitchen - Dining area - Living room - Terrace Double bedroom: - 1 Double bed Children's bedroom: - 2 Single bed ...,https://www.allchalets.com/holiday-rentals/47031-apartment-in-st-gervais-france,allChalets,village-france-st-gervais-les-bains,5,chalets/images/allchalets-apartment-47031/,2026-10-06,"hot tub not in facility list/description; calendar 20 Mar: €1,080 self catered per week Min stay - 7 nights Availability: 4 guests; 20 Mar price from calendar tooltip"
allchalets-chalet-39089,Chalet 39089,,St-Gervais-les-Bains,Évasion Mont-Blanc,France,,10,4,3,chalet,self-catered,self-catered,none,no,,,unknown,Friday/Monday/Saturday/Thursday/Tuesday/Wednesday,2720,whole-chalet,EUR,exact-week,1950,4280,,,yes,,,Chalet Details: Sleeps 6 adults and 4 children Catering: Self catered Ground floor: Children's bedroom: - 1 Bunk bed (two sleeps) (90x200cm) - 1 Bunk bed (two sleeps) (90x200cm) Double bedroom: - Wardrobe - 1 Double bed (160x200cm) - Ensuite ...,https://www.allchalets.com/holiday-rentals/39089-chalet-in-st-gervais-france,allChalets,village-france-st-gervais-les-bains,5,chalets/images/allchalets-chalet-39089/,2026-10-06,"hot tub not in facility list/description; calendar 20 Mar: €2,720 self catered per week Min stay - 7 nights Availability: 10 guests; 20 Mar price from calendar tooltip"
allchalets-chalet-12653,Chalet 12653,,St-Gervais-les-Bains,Évasion Mont-Blanc,France,,10,3,3,chalet,,,none,no,,,unknown,,,,,quote-needed,,,,,unknown,,,Big open space kitchen and living area - 3 bedrooms - 2 shower/bathrooms Strategically located between Saint Gervais - Bettex lift (Mont d'Arbois - Megeve) and Les Contamines Mont Joie. At the foot step of the Mont Blanc and l'Aiguille ...,https://www.allchalets.com/holiday-rentals/12653-chalet-in-st-gervais-france,allChalets,village-france-st-gervais-les-bains,5,chalets/images/allchalets-chalet-12653/,2026-10-06,hot tub not in facility list/description; calendar shows no bookings all season (probably unmaintained); calendar 20 Mar: Min stay - 1 night Availability: 10 guests; no rate table on allChalets; unnamed listing; headline: Charming newly built Savoyard style chalet sleeps 10 at Mont Blanc footstep
allchalets-apartment-35257,Apartment 35257,,St-Gervais-les-Bains,Évasion Mont-Blanc,France,,6,2,2,apartment,self-catered,self-catered,none,no,,,unknown,Friday/Monday/Saturday/Thursday/Tuesday/Wednesday,1620,whole-chalet,EUR,exact-week,1150,2810,,,yes,,,A nicely decorated apartment in a new residence with an easy access to the ski lifts. Apartment Details: Sleeps 2 adults and 4 children Catering: Self catered Located on floor 4 Layout: Living area: - Balcony - Open-plan fitted kitchen ...,https://www.allchalets.com/holiday-rentals/35257-apartment-in-st-gervais-france,allChalets,village-france-st-gervais-les-bains,5,chalets/images/allchalets-apartment-35257/,2026-10-06,"hot tub not in facility list/description; calendar 20 Mar: €1,620 self catered per week Min stay - 7 nights Availability: 6 guests; 20 Mar price from calendar tooltip"
allchalets-chalet-16818,Chalet 16818,,St-Gervais-les-Bains,Évasion Mont-Blanc,France,,10,3,3,chalet,,,none,no,,,unknown,,,,,quote-needed,,,,,unknown,,,"Very nice chalet, 200 m2, (Megevan farm architecture), renovated in 2016. Big lounge-dining room with american kitchen, large mezzanine, 3 ensuite double bedrooms (4 extra beddings in the mezzanine and/or television room. Ski and ski shoes local. Located in the ...",https://www.allchalets.com/holiday-rentals/16818-chalet-in-st-gervais-france,allChalets,village-france-st-gervais-les-bains,5,chalets/images/allchalets-chalet-16818/,2026-10-06,"hot tub not in facility list/description; calendar shows no bookings all season (probably unmaintained); calendar 20 Mar: Min stay - 1 night Availability: 10 guests; no rate table on allChalets; unnamed listing; headline: Nice chalet - 6-10 persons - Wifi; in Bionnay hamlet, 2 km from St-Gervais centre"
allchalets-apartment-46907,Apartment 46907,,St-Gervais-les-Bains,Évasion Mont-Blanc,France,,4,2,2,apartment,self-catered,self-catered,none,no,,,unknown,Friday/Monday/Saturday/Thursday/Tuesday/Wednesday,1610,whole-chalet,EUR,exact-week,816,2370,,,yes,,,"Apartment 403 at the Gallery Mont Blanc residence offers 90 sq.m of modern comfort and Alpine charm, with a terrace, panoramic views of the Evasion Mont-Blanc ski area and just a stone's throw from the ski lifts. Apartment Details: Sleeps ...",https://www.allchalets.com/holiday-rentals/46907-apartment-in-st-gervais-france,allChalets,village-france-st-gervais-les-bains,5,chalets/images/allchalets-apartment-46907/,2026-10-06,"hot tub not in facility list/description; calendar 20 Mar: €1,610 self catered per week Min stay - 7 nights Availability: 4 guests; 20 Mar price from calendar tooltip"
allchalets-apartment-jardin-alpin,Apartment Jardin Alpin,,St-Gervais-les-Bains,Évasion Mont-Blanc,France,,5,2,2,apartment,,,none,no,,,unknown,,,,,quote-needed,,,,,unknown,,,Apartment Jardin Alpin is a large 2 bedroom apartment perfectly situated next to the St Gervais - Le Bettex ski lift so no need for a car and as it is available for mid-week change overs this makes it a ...,https://www.allchalets.com/holiday-rentals/15534-apartment-in-st-gervais-france,allChalets,village-france-st-gervais-les-bains,5,chalets/images/allchalets-apartment-jardin-alpin/,2026-10-06,hot tub not in facility list/description; calendar shows no bookings all season (probably unmaintained); no rate table on allChalets
allchalets-apartment-46955,Apartment 46955,,St-Gervais-les-Bains,Évasion Mont-Blanc,France,,4,2,1,apartment,self-catered,self-catered,none,no,,,unknown,Friday/Monday/Saturday/Thursday/Tuesday/Wednesday,1450,whole-chalet,EUR,exact-week,930,2468,,,yes,,,"Ideally located in the heart of the village, this second-floor apartment accommodates up to 4 guests in a friendly and comfortable setting. Its open views over the Mont-Blanc valley and the Aravis mountain range make it the perfect place for ...",https://www.allchalets.com/holiday-rentals/46955-apartment-in-st-gervais-france,allChalets,village-france-st-gervais-les-bains,5,chalets/images/allchalets-apartment-46955/,2026-10-06,"hot tub not in facility list/description; calendar 20 Mar: €1,450 self catered per week Min stay - 7 nights Availability: 4 guests; 20 Mar price from calendar tooltip; unnamed listing; headline: "
allchalets-apartment-47221,Apartment 47221,,St-Gervais-les-Bains,Évasion Mont-Blanc,France,,6,3,1,apartment,catered-or-self,,none,no,,,unknown,Friday/Monday/Saturday/Thursday/Tuesday/Wednesday,1390,whole-chalet,EUR,exact-week,930,2350,,,yes,,,Apartment Details: Sleeps 6 adults Catering: Self catered Ground floor: Living area: - Balcony - Open kitchen - Dining area - Living room Double bedroom: - - 1 Double bed (180x190cm) Double bedroom: - - 1 Double bed (160x190cm) Bathroom ...,https://www.allchalets.com/holiday-rentals/47221-apartment-in-st-gervais-france,allChalets,village-france-st-gervais-les-bains,5,chalets/images/allchalets-apartment-47221/,2026-10-06,"hot tub not in facility list/description; calendar 20 Mar: €1,390 self catered per week Min stay - 7 nights Availability: 6 guests; 20 Mar price from calendar tooltip"
allchalets-apartment-46905,Apartment 46905,,St-Gervais-les-Bains,Évasion Mont-Blanc,France,,10,4,2,apartment,,,none,no,,,unknown,,,,,quote-needed,,,,,unknown,,,Apartment Details: Sleeps 6 adults and 4 children Catering: Self catered Located on floor 3 Ground floor: Living area: - Balcony - Open-plan fitted kitchen - Wood stove - Dining room - TV lounge Double bedroom: - Desk and Wardrobe ...,https://www.allchalets.com/holiday-rentals/46905-apartment-in-st-gervais-france,allChalets,village-france-st-gervais-les-bains,5,chalets/images/allchalets-apartment-46905/,2026-10-06,hot tub not in facility list/description; no rate table on allChalets
allchalets-chalet-big-bear,Chalet Big Bear,,St-Gervais-les-Bains,Évasion Mont-Blanc,France,,10,5,5,chalet,,,none,no,log fire,,unknown,,,,,quote-needed,,,,,unknown,,,"Chalet Big Bear, and owner managed property, is a wonderful 5 bedroom chalet, enjoying incredible views of Mont Blanc, the Aravis and the Chaine des Fiz. Renovated during 2016 by local artisans, the chalet has been cleverly designed to make ...",https://www.allchalets.com/holiday-rentals/16259-chalet-in-st-gervais-france,allChalets,village-france-st-gervais-les-bains,5,chalets/images/allchalets-chalet-big-bear/,2026-10-06,hot tub not in facility list/description; calendar shows no bookings all season (probably unmaintained); calendar 20 Mar: Min stay - 7 nights Availability: 10 guests; no rate table on allChalets
allchalets-chalet-20750,Chalet 20750,,St-Gervais-les-Bains,Évasion Mont-Blanc,France,,18,9,4,chalet,,,none,no,"swimming pool, log fire, wood burner, table tennis",,unknown,,,,,quote-needed,,,,,unknown,,,"Large house (320m2) divided into a large 5 bed house (sleeps 12 - entire 1st & 2nd floor), with 2 appartments beneath it (ground floor - each 55m2 and 2 bedrooms - sleep 4 each). Main house has a large ...",https://www.allchalets.com/holiday-rentals/20750-chalet-in-st-gervais-france,allChalets,village-france-st-gervais-les-bains,5,chalets/images/allchalets-chalet-20750/,2026-10-06,"hot tub not in facility list/description; calendar shows no bookings all season (probably unmaintained); calendar 20 Mar: Min stay - 6 nights Availability: 18 guests; no rate table on allChalets; unnamed listing; headline: Large, Cosy Ski lodge, Rustic charm, Sleeps 18 (Or option to sleep 12 )"
allchalets-chalet-le-rosay,Chalet Le Rosay,,St-Gervais-les-Bains,Évasion Mont-Blanc,France,,10,5,6,chalet,,,none,yes,log fire,,unknown,,,,,quote-needed,,,,,unknown,,,"Chalet Le Rosay 1 is a stunning demi chalet located less than 10 minutes walk from the Saint Gervais ski lift and close to some of the shops, bars and restaurants of St Gervais. With beautiful architectural features, wonderful light, ...",https://www.allchalets.com/holiday-rentals/15465-chalet-in-st-gervais-france,allChalets,village-france-st-gervais-les-bains,5,chalets/images/allchalets-chalet-le-rosay/,2026-10-06,hot tub not in facility list/description; calendar shows no bookings all season (probably unmaintained); calendar 20 Mar: Min stay - 1 night Availability: 10 guests; no rate table on allChalets
allchalets-apartment-mozart,Apartment Mozart,,St-Gervais-les-Bains,Évasion Mont-Blanc,France,,8,4,3,apartment,self-catered,self-catered,none,no,"log fire, wood burner",,unknown,ALL,,,GBP,season-from,1465,,,,unknown,,,"Occupying the entire ground floor, Apartment Mozart is a huge, beautiful and bright 4 bedroom apartment sitting an easy 15-20 minutes stroll from the heart of St Gervais. The owners, themselves past regular Holiday in Alps guests, have furnished the ...",https://www.allchalets.com/holiday-rentals/15497-apartment-in-st-gervais-france,allChalets,village-france-st-gervais-les-bains,5,chalets/images/allchalets-apartment-mozart/,2026-10-06,hot tub not in facility list/description; calendar shows no bookings all season (probably unmaintained); calendar 20 Mar: Min stay - 1 night Availability: 8 guests; 'From' price only (self catered)
allchalets-apartment-47382,Apartment 47382,,St-Gervais-les-Bains,Évasion Mont-Blanc,France,,4,1,1,apartment,self-catered,self-catered,none,no,,,unknown,Friday/Monday/Saturday/Thursday/Tuesday/Wednesday,1080,whole-chalet,EUR,exact-week,576,1833,,,yes,,,Apartment Details: Sleeps 2 adults and 2 children Catering: Self catered Located on floor 3 Layout: Living area: - Balcony - - Open kitchen - Dining room - Living room - Terrace Double bedroom: - 1 Double bed (160x190cm) Cabin ...,https://www.allchalets.com/holiday-rentals/47382-apartment-in-st-gervais-france,allChalets,village-france-st-gervais-les-bains,5,chalets/images/allchalets-apartment-47382/,2026-10-06,"hot tub not in facility list/description; calendar 20 Mar: €1,080 self catered per week Min stay - 7 nights Availability: 4 guests; 20 Mar price from calendar tooltip"
allchalets-apartment-15496,Apartment 15496,,St-Gervais-les-Bains,Évasion Mont-Blanc,France,,6,3,1,apartment,,,none,no,,,unknown,,,,,quote-needed,,,,,unknown,,,This comfortable and tastefully decorated duplex apartment is on the 1st and second floor of a recently renovated farmhouse. From the entrance hall and corridor on the first floor you will find the shower room with a double sink and ...,https://www.allchalets.com/holiday-rentals/15496-apartment-in-st-gervais-france,allChalets,village-france-st-gervais-les-bains,5,chalets/images/allchalets-apartment-15496/,2026-10-06,hot tub not in facility list/description; calendar shows no bookings all season (probably unmaintained); calendar 20 Mar: Min stay - 1 night Availability: 6 guests; no rate table on allChalets; unnamed listing; headline: A comfortable and tastefully decorated 2-3 bedroom duplex apartment
allchalets-apartment-15536,Apartment 15536,,St-Gervais-les-Bains,Évasion Mont-Blanc,France,,8,4,3,apartment,,,none,no,"log fire, fireplace",,unknown,,,,,quote-needed,,,,,unknown,,,Situated at the entrance to les contamines just 2 minutes walk from the tourist office Chez Morgan combines comfort with convenience. The bright and colourful decor offers a warm and cosy ambience whilst keeping a modern and spacious feel. This ...,https://www.allchalets.com/holiday-rentals/15536-apartment-in-st-gervais-france,allChalets,village-france-st-gervais-les-bains,5,chalets/images/allchalets-apartment-15536/,2026-10-06,hot tub not in facility list/description; calendar shows no bookings all season (probably unmaintained); no rate table on allChalets; unnamed listing; headline: 4 bedroom duplex apartment sleeping up to 8.
allchalets-apartment-47214,Apartment 47214,,St-Gervais-les-Bains,Évasion Mont-Blanc,France,,6,3,2,apartment,self-catered,self-catered,none,no,,,unknown,Friday/Monday/Saturday/Thursday/Tuesday/Wednesday,1700,whole-chalet,EUR,exact-week,1210,2660,,,yes,,,"Apartment Details: Sleeps 6 adults Catering: Self catered Located on floor 3 Ground floor: Living area: - Balcony - Open kitchen - Dining room - TV lounge - Terrace Bathroom 1: Bathtub, Washing machine, Laundry dryer, Towel dryer, Single hand ...",https://www.allchalets.com/holiday-rentals/47214-apartment-in-st-gervais-france,allChalets,village-france-st-gervais-les-bains,5,chalets/images/allchalets-apartment-47214/,2026-10-06,"hot tub not in facility list/description; calendar 20 Mar: €1,700 self catered per week Min stay - 7 nights Availability: 6 guests; 20 Mar price from calendar tooltip"
allchalets-chalet-46959,Chalet 46959,,St-Gervais Le Bettex,Évasion Mont-Blanc,France,,8,4,3,chalet,self-catered,self-catered,none,no,,,unknown,Friday/Monday/Saturday/Thursday/Tuesday/Wednesday,,whole-chalet,EUR,season-from,2900,2900,,,unknown,,,"Chalet Details: Sleeps 6 adults and 2 children Catering: Self catered Ground floor: Living area: - Garden access Double bedroom: - Desk, , and Wardrobe - 1 Double bed (160x200cm) - Ensuite bathroom: Bathtub, Walk-in shower, Towel dryer, Single hand ...",https://www.allchalets.com/holiday-rentals/46959-chalet-in-st-gervais-france,allChalets,village-france-st-gervais-les-bains,5,chalets/images/allchalets-chalet-46959/,2026-10-06,hot tub not in facility list/description
allchalets-chalet-14844,Chalet 14844,,St-Gervais-les-Bains,Évasion Mont-Blanc,France,,10,4,3,chalet,catered,,none,yes,"log fire, games room",,unknown,,,,,quote-needed,,,,,unknown,,,"A new and contemporary chalet for 10 people with the view on the Mont-Blanc. 4 bedrooms, 3 bathrooms and a hot-stones' sauna for your friends' or fmily's holidays",https://www.allchalets.com/holiday-rentals/14844-chalet-in-st-gervais-france,allChalets,village-france-st-gervais-les-bains,5,chalets/images/allchalets-chalet-14844/,2026-10-06,hot tub not in facility list/description; calendar shows no bookings all season (probably unmaintained); calendar 20 Mar: Min stay - 1 night Availability: 10 guests; no rate table on allChalets; unnamed listing; headline: A luxuary chalet for 10 people
allchalets-chalet-46911,Chalet 46911,,St-Gervais-les-Bains,Évasion Mont-Blanc,France,,8,4,2,chalet,self-catered,self-catered,none,no,log fire,,unknown,Friday/Monday/Saturday/Thursday/Tuesday/Wednesday,,whole-chalet,EUR,season-range,2060,4693,,,no,,,"Chalet Details: Sleeps 8 adults Catering: Self catered Floor -1: Double bedroom: - Wardrobe and TV - 1 Double bed (160x190cm) - Ensuite bathroom: Shower, Hairdryer, Towel dryer, and Single hand basin Double bedroom: - Wardrobe - 1 Double bed ...",https://www.allchalets.com/holiday-rentals/46911-chalet-in-st-gervais-france,allChalets,village-france-st-gervais-les-bains,5,chalets/images/allchalets-chalet-46911/,2026-10-06,hot tub not in facility list/description
allchalets-apartment-46906,Apartment 46906,,St-Gervais-les-Bains,Évasion Mont-Blanc,France,,6,2,2,apartment,self-catered,self-catered,none,no,,,unknown,Friday/Monday/Saturday/Thursday/Tuesday/Wednesday,1670,whole-chalet,EUR,exact-week,1008,2828,,,yes,,,Apartment Details: Sleeps 2 adults and 4 children Catering: Self catered Located on floor 04 Layout: Living area: - Balcony - Open kitchen - Dining area - Living room Double bedroom: - Dressing - 1 Double bed (160x190cm) - Ensuite ...,https://www.allchalets.com/holiday-rentals/46906-apartment-in-st-gervais-france,allChalets,village-france-st-gervais-les-bains,5,chalets/images/allchalets-apartment-46906/,2026-10-06,"hot tub not in facility list/description; calendar 20 Mar: €1,670 self catered per week Min stay - 7 nights Availability: 6 guests; 20 Mar price from calendar tooltip"
allchalets-apartment-19669,Apartment 19669,,St-Gervais-les-Bains,Évasion Mont-Blanc,France,,10,4,3,apartment,,,none,no,,,unknown,,,,,quote-needed,,,,,unknown,,,"Located in the heart of the beautiful resort of Saint-Gervais-les-Bains, in a magnificent building dating from the beginning of the last century. the apartment La Villette is ideally located to enjoy the many shops and restaurants located nearby. The apartment ...",https://www.allchalets.com/holiday-rentals/19669-apartment-in-st-gervais-france,allChalets,village-france-st-gervais-les-bains,5,chalets/images/allchalets-apartment-19669/,2026-10-06,hot tub not in facility list/description; calendar shows no bookings all season (probably unmaintained); calendar 20 Mar: Min stay - 1 night Availability: 10 guests; no rate table on allChalets; unnamed listing; headline: The apartment offers spacious accommodation at the center of Saint-Gervais!
allchalets-apartment-35357,Apartment 35357,,St-Gervais-les-Bains,Évasion Mont-Blanc,France,,,,,apartment,self-catered,self-catered,none,no,,,unknown,Friday/Monday/Saturday/Thursday/Tuesday/Wednesday,1150,whole-chalet,EUR,exact-week,680,2000,,,yes,,,"Apartment Details: Sleeps 2 adults Catering: Self catered Located on floor 4 Ground floor: Living area: - Semi-open fitted kitchen - Dining area - Living room Mezzanine: - 1 Double bed (140x200cm) Bathroom 1: Shower, Towel dryer, and Single hand ...",https://www.allchalets.com/holiday-rentals/35357-apartment-in-st-gervais-france,allChalets,village-france-st-gervais-les-bains,5,chalets/images/allchalets-apartment-35357/,2026-10-06,"hot tub not in facility list/description; calendar 20 Mar: €1,150 self catered per week Min stay - 7 nights Availability: 2 guests; 20 Mar price from calendar tooltip"
allchalets-chalet-46957,Chalet 46957,,St-Gervais Le Bettex,Évasion Mont-Blanc,France,,12,6,3,chalet,self-catered,self-catered,none,no,"log fire, games room",,unknown,Friday/Monday/Saturday/Thursday/Tuesday/Wednesday,,whole-chalet,EUR,season-range,2300,7140,,,no,,,Chalet Details: Sleeps 4 adults and 8 children Catering: Self catered Ground floor: Double bedroom: - Wardrobe - 1 Double bed (160x200cm) Children's bedroom: - Wardrobe and Wardrobe - 2 Bunk bed (two sleeps) (90x200cm) Children's bedroom: - Wardrobe and ...,https://www.allchalets.com/holiday-rentals/46957-chalet-in-st-gervais-france,allChalets,village-france-st-gervais-les-bains,5,chalets/images/allchalets-chalet-46957/,2026-10-06,hot tub not in facility list/description
allchalets-apartment-34887,Apartment 34887,,St-Gervais-les-Bains,Évasion Mont-Blanc,France,,6,1,1,apartment,,,none,no,,,unknown,,,,,quote-needed,,,,,unknown,,,A pleasant appartment near the centre of Saint-Gervais-Mont-Blanc. Apartment Details: Sleeps 4 adults and 2 children Catering: Self catered Located on floor 3 Level 0: Living area: - Balcony - Open-plan fitted kitchen - Open kitchen - Dining area - ...,https://www.allchalets.com/holiday-rentals/34887-apartment-in-st-gervais-france,allChalets,village-france-st-gervais-les-bains,5,chalets/images/allchalets-apartment-34887/,2026-10-06,hot tub not in facility list/description; no rate table on allChalets
allchalets-chalet-arkle,Chalet Arkle,,St-Gervais-les-Bains,Évasion Mont-Blanc,France,,10,5,6,chalet,,,private-outdoor,yes,"log fire, open fire, games room",,unknown,,,,,quote-needed,,,,,unknown,,,"Chalet Arkle is a luxury 5* awarded chalet based at the foot of the beautiful Mont Blanc in the quaint and historic French town of St Gervais les Bains. The chalet compromises of 5 bedrooms, all ensuite, an open plan ...",https://www.allchalets.com/holiday-rentals/2372-chalet-in-st-gervais-france,allChalets,village-france-st-gervais-les-bains,5,chalets/images/allchalets-chalet-arkle/,2026-10-06,hot tub in facility list; calendar shows no bookings all season (probably unmaintained); calendar 20 Mar: Min stay - 7 nights Availability: 10 guests; no rate table on allChalets
allchalets-chalet-pascaud,Chalet Pascaud,,St-Gervais-les-Bains,Évasion Mont-Blanc,France,,8,3,2,chalet,,,none,no,"log fire, wood burner",,unknown,,,,,quote-needed,,,,,unknown,,,"Chalet Pascaud is an outstanding 3 bedroom chalet, full of character, and situated only 350 metres from the centre of St Gervais. Newly renovated to a high standard and beautifully furnished throughout this is the perfect family chalet for those ...",https://www.allchalets.com/holiday-rentals/15530-chalet-in-st-gervais-france,allChalets,village-france-st-gervais-les-bains,5,chalets/images/allchalets-chalet-pascaud/,2026-10-06,hot tub not in facility list/description; calendar shows no bookings all season (probably unmaintained); no rate table on allChalets
allchalets-apartment-48230,Apartment 48230,,St-Gervais-les-Bains,Évasion Mont-Blanc,France,,4,1,2,apartment,self-catered,self-catered,none,no,,,unknown,Friday/Monday/Saturday/Thursday/Tuesday/Wednesday,990,whole-chalet,EUR,exact-week,510,1560,,,yes,,,Apartment Details: Sleeps 4 adults Catering: Self catered Located on floor 2 Layout: Living area: - Balcony - Open kitchen - Dining area - Living room Double bedroom: - and Wardrobe - 1 Double bed (160x190cm) Bedroom (windowless): - 1 ...,https://www.allchalets.com/holiday-rentals/48230-apartment-in-st-gervais-france,allChalets,village-france-st-gervais-les-bains,5,chalets/images/allchalets-apartment-48230/,2026-10-06,hot tub not in facility list/description; calendar 20 Mar: €990 self catered per week Min stay - 7 nights Availability: 4 guests; 20 Mar price from calendar tooltip
allchalets-apartment-48206,Apartment 48206,,St-Gervais-les-Bains,Évasion Mont-Blanc,France,,6,3,2,apartment,,,none,no,,,unknown,,,,,quote-needed,,,,,unknown,,,Apartment Details: Sleeps 4 adults and 2 children Catering: Self catered Located on floor 4 Layout: Living area: - Balcony - Open-plan fitted kitchen - Dining area - Dining room - TV lounge Double bedroom: - 1 Double bed (160x200cm) ...,https://www.allchalets.com/holiday-rentals/48206-apartment-in-st-gervais-france,allChalets,village-france-st-gervais-les-bains,5,chalets/images/allchalets-apartment-48206/,2026-10-06,hot tub not in facility list/description; no rate table on allChalets
allchalets-apartment-48125,Apartment 48125,,St-Gervais Le Bettex,Évasion Mont-Blanc,France,,,,,apartment,,,none,no,,,unknown,,,,,quote-needed,,,,,unknown,,,Apartment Details: Sleeps 2 adults Catering: Self catered Located on floor 2 Layout: Living area: - Balcony - Convertible sofa bed - Open-plan fitted kitchen - Dining area - Living room - Terrace Studio: - 1 Sofa bed (140x190cm) Bathroom ...,https://www.allchalets.com/holiday-rentals/48125-apartment-in-st-gervais-france,allChalets,village-france-st-gervais-les-bains,5,chalets/images/allchalets-apartment-48125/,2026-10-06,hot tub not in facility list/description; no rate table on allChalets
allchalets-chalet-la-vieille-ferme,Chalet La Vieille Ferme,,St-Gervais-les-Bains,Évasion Mont-Blanc,France,,10,4,4,chalet,catered,,none,no,"log fire, table tennis",,unknown,,,,,quote-needed,,,,,unknown,,,"La Vieille Ferme is an authentic savoyard farmhouse, originally built in 1860, beautifully restored and modernised to add comfort to its' natural charm and warmth. Situated overlooking the spa village of St.Gervais, there is a stunning view of the Mont ...",https://www.allchalets.com/holiday-rentals/2213-chalet-in-st-gervais-france,allChalets,village-france-st-gervais-les-bains,5,chalets/images/allchalets-chalet-la-vieille-ferme/,2026-10-06,hot tub not in facility list/description; calendar shows no bookings all season (probably unmaintained); calendar 20 Mar: Min stay - 1 night Availability: 10 guests; no rate table on allChalets
allchalets-48138,,,,,,,,,,,,self-catered,,,,,,,,,,,,,,,,,,,,allChalets,village-france-st-gervais-les-bains,,,2026-10-06,allChalets: https://www.allchalets.com/holiday-rentals/48138-apartment-in-st-gervais-france; 20 Mar EUR 2590 whole-chalet; range EUR 1504-3060 whole-chalet; available 20 Mar: yes
allchalets-34713,,,,,,,,,,,,self-catered,,,,,,,,,,,,,,,,,,,,allChalets,village-france-st-gervais-les-bains,,,2026-10-06,allChalets: https://www.allchalets.com/holiday-rentals/34713-apartment-in-st-gervais-france; 20 Mar EUR 950 whole-chalet; range EUR 650-1650 whole-chalet
allchalets-chalet-34651,Chalet 34651,,St-Gervais-les-Bains,Évasion Mont-Blanc,France,,14,5,3,chalet,self-catered,self-catered,none,no,"swimming pool, fireplace",,unknown,,3223,whole-chalet,EUR,exact-week,2348,6128,,,no,,,"""L'Adret"", 6-room house 300 m2. Object suitable for 6 adults + 8 children. Fully renovated in 2021, comfortable and modern furnishings: living/dining room with open-hearth fireplace (only for decoration), TV (flat screen). Exit to the balcony. 1 room with 1 ...",https://www.allchalets.com/holiday-rentals/34651-chalet-in-st-gervais-france,allChalets,village-france-st-gervais-les-bains,5,chalets/images/allchalets-chalet-34651/,2026-10-06,hot tub not in facility list/description; rate listed for 20 Mar week but calendar shows booked; unnamed listing; headline: 
allchalets-chalet-mendiaux,Chalet Mendiaux,,St-Gervais-les-Bains,Évasion Mont-Blanc,France,,12,4,3,chalet,self-catered,self-catered,none,no,"log fire, fireplace",,unknown,,1539,whole-chalet,EUR,exact-week,1283,3531,,,yes,,,"""Chalet Mendiaux"", 5-room chalet 200 m2 on 2 levels, south facing position. Living/dining room with open-hearth fireplace and TV. Exit to the terrace. 1 room with 1 french bed (160 cm). Open kitchen (4 hot plates, oven, dishwasher, toaster, kettle, ...",https://www.allchalets.com/holiday-rentals/5341-chalet-in-st-gervais-france,allChalets,village-france-st-gervais-les-bains,5,chalets/images/allchalets-chalet-mendiaux/,2026-10-06,"hot tub not in facility list/description; calendar 20 Mar: €1,539 self catered per week Min stay - 5 nights Availability: 12 guests"
allchalets-chalet-38529,Chalet 38529,,St-Gervais-les-Bains,Évasion Mont-Blanc,France,,10,5,5,chalet,self-catered,self-catered,none,no,"swimming pool, log fire, fireplace",,unknown,,2648,whole-chalet,EUR,exact-week,1619,4591,,,no,,,"""L'Epachat"", 7-room chalet 200 m2 on 3 levels. Very comfortable and beautiful furnishings: entrance hall. Living/dining room 60 m2 with open-hearth fireplace, separate WC, radio and hi-fi system. 1 room with 1 french bed (160 cm), bath/WC. Exit to the ...",https://www.allchalets.com/holiday-rentals/38529-chalet-in-st-gervais-france,allChalets,village-france-st-gervais-les-bains,5,chalets/images/allchalets-chalet-38529/,2026-10-06,hot tub not in facility list/description; rate listed for 20 Mar week but calendar shows booked; unnamed listing; headline: 
allchalets-chalet-du-rosay,Chalet du Rosay,,St-Gervais-les-Bains,Évasion Mont-Blanc,France,,6,3,2,apartment,self-catered,self-catered,none,no,,,unknown,,594,whole-chalet,EUR,exact-week,456,1373,,,no,,,"""Chalet du Rosay"", 4-room apartment 60 m2, on the upper ground floor. Living/dining room with dining table and TV (flat screen). Exit to the balcony. 1 room with 2 beds (80 cm, length 190 cm). 1 room with 1 french ...",https://www.allchalets.com/holiday-rentals/40534-apartment-in-st-gervais-france,allChalets,village-france-st-gervais-les-bains,5,chalets/images/allchalets-chalet-du-rosay/,2026-10-06,hot tub not in facility list/description; rate listed for 20 Mar week but calendar shows booked
allchalets-apartment-38563,Apartment 38563,,St-Gervais-les-Bains,Évasion Mont-Blanc,France,,6,3,1,apartment,self-catered,self-catered,none,no,,,unknown,,631,whole-chalet,EUR,exact-week,485,1406,,,yes,,,"""Le Parc du Mont Joly"", 4-room apartment 54 m2, on the ground floor. Living/dining room with TV, flat screen and DVD. Exit to the terrace. 2 rooms, each room with 1 french bed (140 cm). 1 small room with 1 ...",https://www.allchalets.com/holiday-rentals/38563-apartment-in-st-gervais-france,allChalets,village-france-st-gervais-les-bains,5,chalets/images/allchalets-apartment-38563/,2026-10-06,hot tub not in facility list/description; calendar 20 Mar: €631 self catered per week Min stay - 3 nights Availability: 6 guests; unnamed listing; headline: 
allchalets-33598,,,,,,,,,,,,self-catered,,,,,,,,,,,,,,,,,,,,allChalets,village-france-st-gervais-les-bains,,,2026-10-06,allChalets: https://www.allchalets.com/holiday-rentals/33598-chalet-in-st-gervais-france; 20 Mar EUR 566 whole-chalet; range EUR 390-1338 whole-chalet; available 20 Mar: yes
allchalets-apartment-47132,Apartment 47132,,St-Gervais-les-Bains,Évasion Mont-Blanc,France,,8,4,2,apartment,self-catered,self-catered,none,no,fireplace,,unknown,,1081,whole-chalet,EUR,exact-week,898,1949,,,yes,,,"5-room apartment on 1st floor. Living/dining room with open-hearth fireplace (only for decoration), TV (flat screen). Exit to the balcony, west facing position. 1 room with 1 french bed (1 x 140 cm, length 190 cm). 1 room with 1 ...",https://www.allchalets.com/holiday-rentals/47132-apartment-in-st-gervais-france,allChalets,village-france-st-gervais-les-bains,5,chalets/images/allchalets-apartment-47132/,2026-10-06,"hot tub not in facility list/description; calendar 20 Mar: €1,081 self catered per week Min stay - 5 nights Availability: 8 guests; unnamed listing; headline: "
allchalets-apartment-41112,Apartment 41112,,St-Gervais-les-Bains,Évasion Mont-Blanc,France,,6,4,1,apartment,self-catered,self-catered,none,no,,,unknown,,980,whole-chalet,EUR,exact-week,691,1729,,,yes,,,"""Androsace"", 5-room apartment 109 m2 on 1st floor. Spacious: living/dining room with TV (flat screen). Exit to the balcony. 1 room with 1 french bed (160 cm, length 190 cm). Exit to the balcony. 1 room with 1 french bed ...",https://www.allchalets.com/holiday-rentals/41112-apartment-in-st-gervais-france,allChalets,village-france-st-gervais-les-bains,5,chalets/images/allchalets-apartment-41112/,2026-10-06,hot tub not in facility list/description; calendar 20 Mar: €980 self catered per week Min stay - 3 nights Availability: 6 guests; unnamed listing; headline: 
allchalets-apartment-5343,Apartment 5343,,St-Gervais-les-Bains,Évasion Mont-Blanc,France,,8,3,2,apartment,self-catered,self-catered,none,no,,,unknown,,936,whole-chalet,EUR,exact-week,625,2161,,,yes,,,"""Martagon"", 4-room apartment 80 m2 on 2 levels on 2nd floor. Comfortable furnishings: living/dining room with TV, flat screen and DVD. Exit to the balcony. 1 room with 1 french bed (140 cm). 1 room with 1 x 2 bunk ...",https://www.allchalets.com/holiday-rentals/5343-apartment-in-st-gervais-france,allChalets,village-france-st-gervais-les-bains,5,chalets/images/allchalets-apartment-5343/,2026-10-06,hot tub not in facility list/description; calendar 20 Mar: €936 self catered per week Min stay - 3 nights Availability: 8 guests; unnamed listing; headline: 
allchalets-chalet-5339,Chalet 5339,,St-Gervais-les-Bains,Évasion Mont-Blanc,France,,8,4,2,chalet,self-catered,self-catered,none,no,log fire,,unknown,,1592,whole-chalet,EUR,exact-week,1358,3053,,,yes,,,"5-room chalet 130 m2 on 3 levels, south-east facing position. Comfortable and beautiful furnishings: living/dining room with TV, radio, CD-player and wood-burning stove. Exit to the terrace. Open kitchen (oven, dishwasher, 4 ceramic glass hob hotplates, toaster, kettle, microwave, electric ...",https://www.allchalets.com/holiday-rentals/5339-chalet-in-st-gervais-france,allChalets,village-france-st-gervais-les-bains,5,chalets/images/allchalets-chalet-5339/,2026-10-06,"hot tub not in facility list/description; calendar 20 Mar: €1,592 self catered per week Min stay - 7 nights Availability: 8 guests; unnamed listing; headline: "
allchalets-apartment-38566,Apartment 38566,,St-Gervais-les-Bains,Évasion Mont-Blanc,France,,7,3,3,apartment,self-catered,self-catered,none,no,,,unknown,,994,whole-chalet,EUR,exact-week,771,2100,,,no,,,"4-room maisonette 66 m2 on 9th floor, south facing position. Comfortable furnishings: entrance hall. Living/dining room with TV. Exit to the balcony. 1 room with 2 beds (90 cm), bathroom. Exit to the balcony. 1 room with 1 double bed ...",https://www.allchalets.com/holiday-rentals/38566-apartment-in-st-gervais-france,allChalets,village-france-st-gervais-les-bains,5,chalets/images/allchalets-apartment-38566/,2026-10-06,hot tub not in facility list/description; rate listed for 20 Mar week but calendar shows booked; unnamed listing; headline: 
allchalets-apartment-40778,Apartment 40778,,St-Gervais-les-Bains,Évasion Mont-Blanc,France,,6,3,1,apartment,self-catered,self-catered,none,no,,,unknown,,994,whole-chalet,EUR,exact-week,632,1938,,,yes,,,"""Domaine de Crespin"", 4-room apartment 69 m2, on the ground floor. Living/dining room with dining table and TV (flat screen). Exit to the balcony. 3 rooms, each room with 1 french bed (140 cm, length 190 cm). Open kitchen (oven, ...",https://www.allchalets.com/holiday-rentals/40778-apartment-in-st-gervais-france,allChalets,village-france-st-gervais-les-bains,5,chalets/images/allchalets-apartment-40778/,2026-10-06,hot tub not in facility list/description; calendar 20 Mar: €994 self catered per week Min stay - 3 nights Availability: 6 guests; unnamed listing; headline: 
allchalets-chalet-49236,Chalet 49236,,St-Gervais-les-Bains,Évasion Mont-Blanc,France,,12,4,2,chalet,self-catered,self-catered,private-outdoor,no,,,unknown,,2396,whole-chalet,EUR,exact-week,2396,3343,,,no,,,"Discover the charm and authenticity of an old chalet dating from 1865, perfectly located in Saint-Gervais-les-Bains, ideal for an unforgettable stay with family or friends. Sleeping up to 12 people, this 2012 3-star-rated accommodation offers all the comforts you need ...",https://www.allchalets.com/holiday-rentals/49236-chalet-in-st-gervais-france,allChalets,village-france-st-gervais-les-bains,5,chalets/images/allchalets-chalet-49236/,2026-10-06,rate listed for 20 Mar week but calendar shows booked; unnamed listing; headline: 
allchalets-apartment-38530,Apartment 38530,,St-Gervais-les-Bains,Évasion Mont-Blanc,France,,6,3,1,apartment,self-catered,self-catered,none,no,,,unknown,,616,whole-chalet,EUR,exact-week,521,1410,,,yes,,,"""Le Sporting"", 4-room apartment 70 m2 on 1st floor. Living/dining room with TV. Exit to the terrace, south-west facing position. 2 rooms, each room with 1 french bed (160 cm). 1 room with 1 x 2 bunk beds. Open kitchen ...",https://www.allchalets.com/holiday-rentals/38530-apartment-in-st-gervais-france,allChalets,village-france-st-gervais-les-bains,5,chalets/images/allchalets-apartment-38530/,2026-10-06,hot tub not in facility list/description; calendar 20 Mar: €616 self catered per week Min stay - 3 nights Availability: 6 guests; unnamed listing; headline: 
msemstg-alpenrose-112-12380,Alpenrose 112,Private owner,St-Gervais-les-Bains,Évasion Mont-Blanc,France,,3,,,apartment,self-catered,,,,,,,,361.2,whole-chalet,EUR,exact-week,,,,,yes,,,"La résidence dispose d’une piscine privée extérieure chauffée l’été Il se trouve au premier étage , avec ascenseur. La cabine est séparée du séjour et possède sa fenêtre. Le couchage dans le séjour se compose d'une banquette BZ 140*190. La",https://www.saintgervais.com/reserver-mon-sejour/hebergement/,Saint-Gervais tourist office booking (MSEM widget),village-france-st-gervais-les-bains,,,2026-10-06,MSEM lodging id 12380 (alpenrose-112); billing/owner: private owner; address 400 Route de la Mollaz. Offers API 20-27 Mar 2027: 2 adults €361.2 (not offered for 8 adults) (incl. tourist tax) -> bookable/free. exact-week price = 2-adult offer incl. ~€12-34/adult tourist tax.
msemstg-alpenrose-12408,Alpenrose,Private owner,St-Gervais-les-Bains,Évasion Mont-Blanc,France,,2,,,apartment,self-catered,,,,,,,,364,whole-chalet,EUR,exact-week,,,,,yes,,,"La commune de SAINT-GERVAIS "" abrite"" le MONT BLANC dont elle est la voie d'accès la plus directe. Le toit de l'Europe domine ses quatre villages, ses deux domaines skiables et ses Thermes. Choisissez SAINT GERVAIS MONT BLANC ! Joli",https://www.saintgervais.com/reserver-mon-sejour/hebergement/,Saint-Gervais tourist office booking (MSEM widget),village-france-st-gervais-les-bains,,,2026-10-06,MSEM lodging id 12408 (alpenrose-2); billing/owner: private owner; address 400 Route De La Mollaz Residence Alpenrose. Offers API 20-27 Mar 2027: 2 adults €364 (not offered for 8 adults) (incl. tourist tax) -> bookable/free. exact-week price = 2-adult offer incl. ~€12-34/adult tourist tax.
msemstg-alpenrose-303-12385,Alpenrose 303,Private owner,St-Gervais-les-Bains,Évasion Mont-Blanc,France,,4,,,apartment,self-catered,,,,,,,,613.8,whole-chalet,EUR,exact-week,,,,,yes,,,"Les 4 couchages sont en mezzanine (on se tient debout ! ). Lave linge, Sèche linge, lave vaisselle, appareil à raclette, jeux, livres et dvd à disposition, garage fermé. Navette skieurs. Wifi Équipement bébé à la demande Service linge de",https://www.saintgervais.com/reserver-mon-sejour/hebergement/,Saint-Gervais tourist office booking (MSEM widget),village-france-st-gervais-les-bains,,,2026-10-06,MSEM lodging id 12385 (alpenrose-303); billing/owner: private owner; address 400 route de la Mollaz. Offers API 20-27 Mar 2027: 2 adults €613.8 (not offered for 8 adults) (incl. tourist tax) -> bookable/free. exact-week price = 2-adult offer incl. ~€12-34/adult tourist tax.
allchalets-apartment-46955,Appartement Elégant,Cimalpes,,,,,,2,,,,,,,,,,,,,,,,,,,yes,,,,,Saint-Gervais tourist office booking (MSEM widget),village-france-st-gervais-les-bains,,,2026-10-06,Matched to allChalets/association listing by layout + price (offer minus tourist tax = allChalets 20 Mar price). MSEM lodging id 211284 (appartement-elegant); billing/owner: CIMALPES; address 135 RUE DU MONT BLANC. Offers API 20-27 Mar 2027: 2 adults €1473.8 (not offered for 8 adults) (incl. tourist tax) -> bookable/free. exact-week price = 2-adult offer incl. ~€12-34/adult tourist tax.
msemstg-appartement-a-la-montagne-proche-piste-12353,APPARTEMENT A LA MONTAGNE PROCHE PISTE,Private owner,St-Gervais-les-Bains,Évasion Mont-Blanc,France,,2,1,,apartment,self-catered,,,,,,,,,whole-chalet,EUR,quote-needed,,,,,unknown,,,La résidence est située en bordure de la piste de ski rejoignant la télécabine du BETTEX. La station St Gervais Mont Blanc (1400 - 2353 m) vous propose 235 km ski de piste et 28 km de ski de fond,https://www.saintgervais.com/reserver-mon-sejour/hebergement/,Saint-Gervais tourist office booking (MSEM widget),village-france-st-gervais-les-bains,,,2026-10-06,"MSEM lodging id 12353 (appartement-franck-chapuis); billing/owner: private owner; address 200 Clos Des G’rets Rue Du Mont Joly. Not returned by offers API for 20-27 Mar 2027 (2 or 8 adults): booked, closed or not bookable online -> availability unknown."
msemstg-residence-calou-12339,Résidence Calou,Private owner,St-Gervais-les-Bains,Évasion Mont-Blanc,France,,4,2,,apartment,self-catered,,,,,,,,1003.8,whole-chalet,EUR,exact-week,,,,,yes,,,"🌿 Saint-Gervais Mont-Blanc, entre nature et authenticité Située au pied du Mont-Blanc , notre résidence vous accueille dans un cadre calme et écologique, au cœur du village. Entre Megève (12 km) et Chamonix (20 km) , profitez d'une station dynamique",https://www.saintgervais.com/reserver-mon-sejour/hebergement/,Saint-Gervais tourist office booking (MSEM widget),village-france-st-gervais-les-bains,,,2026-10-06,MSEM lodging id 12339 (appartement-satonay); billing/owner: private owner; address 65 Rue Du Vieux Pont. Offers API 20-27 Mar 2027: 2 adults €1003.8 (not offered for 8 adults) (incl. tourist tax) -> bookable/free. exact-week price = 2-adult offer incl. ~€12-34/adult tourist tax.
cimalpes-appartement-the-view-211278,Appartement The View,Cimalpes,St-Gervais Le Bettex,Évasion Mont-Blanc,France,,2,,,apartment,self-catered,,,,,,,,,whole-chalet,EUR,quote-needed,,,,,unknown,,,"SAINT GERVAIS LES BAINS - Le Bettex Ce studio, situé dans une résidence calme et ensoleillée à proximité des pistes de ski, offre une vue imprenable sur la chaîne du Mont Blanc. Il se compose d'une pièce de vie aménagée",https://www.saintgervais.com/reserver-mon-sejour/hebergement/,Saint-Gervais tourist office booking (MSEM widget),village-france-st-gervais-les-bains,,,2026-10-06,"MSEM lodging id 211278 (appartement-the-view); billing/owner: CIMALPES; address 4613 Route de Cupelin. Not returned by offers API for 20-27 Mar 2027 (2 or 8 adults): booked, closed or not bookable online -> availability unknown."
msemstg-au-soleil-levant-12486,Au Soleil Levant,Private owner,St-Gervais-les-Bains,Évasion Mont-Blanc,France,,2,1,,apartment,self-catered,,,,,,,,723.8,whole-chalet,EUR,exact-week,,,,,yes,,,"L'appartement possède un accès indépendant qui donne sur une terrasse en bois privative exposée sud-est avec vue sur les montagnes. (Dôme du Gouter, aiguille de Bionnassay et les Dômes de Miage). L'entrée donne sur la pièce principale composée d'une partie",https://www.saintgervais.com/reserver-mon-sejour/hebergement/,Saint-Gervais tourist office booking (MSEM widget),village-france-st-gervais-les-bains,,,2026-10-06,MSEM lodging id 12486 (au-soleil-levant); billing/owner: private owner; address 98 Route Du Chateau 98 Route Du Chateau. Offers API 20-27 Mar 2027: 2 adults €723.8 (not offered for 8 adults) (incl. tourist tax) -> bookable/free. exact-week price = 2-adult offer incl. ~€12-34/adult tourist tax.
msemstg-bel-alp-12410,Bel'Alp,Private owner,St-Gervais-les-Bains,Évasion Mont-Blanc,France,,4,,,apartment,self-catered,,,,,,,,574,whole-chalet,EUR,exact-week,,,,,yes,,,"Appartement très calme et à deux pas du centre de Saint Gervais avec vue sur les pistes de ski et le Mont Joly. Arrêt des navettes de ski au pied de l'immeuble. Appartement confortable de 35 m2, spacieux et agréable",https://www.saintgervais.com/reserver-mon-sejour/hebergement/,Saint-Gervais tourist office booking (MSEM widget),village-france-st-gervais-les-bains,,,2026-10-06,MSEM lodging id 12410 (bel-alp); billing/owner: private owner; address 115 Rue De La Vignette 181 Route Des Ponthieux. Offers API 20-27 Mar 2027: 2 adults €574 (not offered for 8 adults) (incl. tourist tax) -> bookable/free. exact-week price = 2-adult offer incl. ~€12-34/adult tourist tax.
allchalets-chalet-44828,"Chalet ""Adélie""",Cimalpes,,,,,,5,,,,,,,,,,,,,,,,,,,yes,,,,,Saint-Gervais tourist office booking (MSEM widget),village-france-st-gervais-les-bains,,,2026-10-06,"Matched to allChalets/association listing by layout + price (offer minus tourist tax = allChalets 20 Mar price). MSEM lodging id 211257 (chalet-adelie); billing/owner: CIMALPES; address 133 Chemin du Genepi. Offers API 20-27 Mar 2027: 2 adults €4866.4, 8 adults €4975.6 (incl. tourist tax) -> bookable/free. exact-week price = 2-adult offer incl. ~€12-34/adult tourist tax."
msemstg-chalet-des-gremiloups-206262,Chalet des Grémiloups,ML IMMO,St-Gervais-les-Bains,Évasion Mont-Blanc,France,,8,3,,chalet,self-catered,,private-outdoor,unknown,wooden Storvatt nordic bath/jacuzzi on rear terrace,,,,,whole-chalet,EUR,quote-needed,,,,,unknown,,,"Chalet des Grémiloups – Jacuzzi et vue Mont-Blanc. Le Chalet des Grémiloups est l'endroit idéal pour passer des vacances inoubliables en famille ou entre amis, tout en profitant des activités sportives offertes par la région. Dès votre arrivée, vous serez",https://www.saintgervais.com/reserver-mon-sejour/hebergement/,Saint-Gervais tourist office booking (MSEM widget),village-france-st-gervais-les-bains,5,chalets/images/msemstg-chalet-des-gremiloups-206262/,2026-10-06,"MSEM lodging id 206262 (chalet-des-gremiloups); billing/owner: ML IMMO; address 900 Route d’Orsin. Not returned by offers API for 20-27 Mar 2027 (2 or 8 adults): booked, closed or not bookable online -> availability unknown."
msemstg-chalet-des-morets-12272,Chalet des Morets,Private owner,St-Gervais-les-Bains,Évasion Mont-Blanc,France,,4,1,,apartment,self-catered,,,,,,,,639.8,whole-chalet,EUR,exact-week,,,,,yes,,,"Vous recherchez un logement cosy, au calme, et idéalement situé : n'hésitez plus, vous avez trouvé ! L'appartement récent est situé au rez-de-jardin d'un chalet individuel. Il se trouve sur les coteaux de St Gervais, à côté de la Ferme",https://www.saintgervais.com/reserver-mon-sejour/hebergement/,Saint-Gervais tourist office booking (MSEM widget),village-france-st-gervais-les-bains,,,2026-10-06,MSEM lodging id 12272 (chalet-des-morets); billing/owner: private owner; address 551 Route Des Morets. Offers API 20-27 Mar 2027: 2 adults €639.8 (not offered for 8 adults) (incl. tourist tax) -> bookable/free. exact-week price = 2-adult offer incl. ~€12-34/adult tourist tax.
msemstg-chalet-du-vernay-179819,CHALET DU VERNAY,SAS SANTORIN,St-Gervais-les-Bains,Évasion Mont-Blanc,France,,14,,,chalet,self-catered,,private-outdoor,unknown,"jacuzzi with view (terrace), 100m2 terrace, garden",,,,,whole-chalet,EUR,quote-needed,,,,,unknown,,,"Le Chalet du Vernay offre un espace de 200 m² sous la forme d'un triplex composé à l'extérieur : d'un parking privatif de 4 places, d'un grand jardin arboré avec un bois dans son prolongement, d'une immense terrasse de 100m²",https://www.saintgervais.com/reserver-mon-sejour/hebergement/,Saint-Gervais tourist office booking (MSEM widget),village-france-st-gervais-les-bains,5,chalets/images/msemstg-chalet-du-vernay-179819/,2026-10-06,"MSEM lodging id 179819 (chalet-du-vernay); billing/owner: SAS SANTORIN; address 164 Route De La Mollaz. Not returned by offers API for 20-27 Mar 2027 (2 or 8 adults): booked, closed or not bookable online -> availability unknown. Also rentable as 4 rooms for 8 adults + 1 child. Max 12 adults + 2 children under 10."
msemstg-chalet-ebo-206260,Chalet EBO,SNC MONTBLANC,St-Gervais Le Bettex,Évasion Mont-Blanc,France,,15,5,,chalet,self-catered,,private (location not stated),unknown,"jacuzzi, nordic bath, hammam, massage room, gym, cinema, fireplace",,,,,whole-chalet,EUR,quote-needed,,,,,unknown,,,4 CHAMBRES + 1 DORTOIR 5 SALLES DE BAIN LES ÉQUIPEMENTS → SKI ROOM → JACUZZI → HAMMAM → SALLE DE MASSAGE → BAIN NORDIQUE → SALLE DE SPORT → CHEMINÉE → WIFI → CUISINE (TRÈS) BIEN ÉQUIPÉE → SALLE,https://www.saintgervais.com/reserver-mon-sejour/hebergement/,Saint-Gervais tourist office booking (MSEM widget),village-france-st-gervais-les-bains,5,chalets/images/msemstg-chalet-ebo-206260/,2026-10-06,"MSEM lodging id 206260 (chalet-ebo); billing/owner: SNC MONTBLANC; address 106 Route du Grattague. Not returned by offers API for 20-27 Mar 2027 (2 or 8 adults): booked, closed or not bookable online -> availability unknown."
msemstg-chalet-l-aiglon-230737,Chalet l'Aiglon,Private owner,St-Gervais-les-Bains,Évasion Mont-Blanc,France,,12,4,,room,breakfast-only,,,,,,,,1131.2,whole-chalet,EUR,exact-week,,,,,yes,,,"Offrez-vous une parenthèse de détente au Chalet l'Aiglon, à Saint-Gervais-les-Bains. Niché au cœur des Alpes, notre établissement est le point de départ idéal pour découvrir les montagnes en toute saison. Profitez d'un séjour tout confort grâce à notre connexion Wi-Fi",https://www.saintgervais.com/reserver-mon-sejour/hebergement/,Saint-Gervais tourist office booking (MSEM widget),village-france-st-gervais-les-bains,5,chalets/images/msemstg-chalet-l-aiglon-230737/,2026-10-06,MSEM lodging id 230737 (chalet-l-aiglon-6); billing/owner: private owner; address 1356 avenue de Miage. Offers API 20-27 Mar 2027: 2 adults €1131.2 (not offered for 8 adults) (incl. tourist tax) -> bookable/free. exact-week price = 2-adult offer incl. ~€12-34/adult tourist tax.
msemstg-chalet-laya-206331,Chalet Laya,Private owner,St-Gervais-les-Bains,Évasion Mont-Blanc,France,,10,3,,chalet,self-catered,,,,,,,,1773.8,whole-chalet,EUR,exact-week,,,,,yes,,,"Ce chalet indépendant de 140m², terminé en 2022, allie modernité, chaleur et confort. Sa grande pièce de vie baignée de lumière et ses chambres accueillantes offrent un cadre parfait pour vos vacances d’hiver en famille ou entre amis. Situé au",https://www.saintgervais.com/reserver-mon-sejour/hebergement/,Saint-Gervais tourist office booking (MSEM widget),village-france-st-gervais-les-bains,5,chalets/images/msemstg-chalet-laya-206331/,2026-10-06,"MSEM lodging id 206331 (chalet-laya); billing/owner: private owner; address 400 Route des Ponthieux. Offers API 20-27 Mar 2027: 2 adults €1773.8, 8 adults €1845.2 (incl. tourist tax) -> bookable/free. exact-week price = 2-adult offer incl. ~€12-34/adult tourist tax."
cimalpes-chalet-le-grey-fox-211273,Chalet Le Grey Fox,Cimalpes,St-Gervais Le Bettex,Évasion Mont-Blanc,France,,6,3,,chalet,self-catered,,,unknown,"hammam, garage",,,,,whole-chalet,EUR,quote-needed,,,,,unknown,,,Le Grey Fox se trouve dans un hameau privilégié et peut accueillir 6 personnes. Chalet de 246m² sur 3 étages Agencement RDC -Buanderie (lave-linge et sèche linge) -Ski room -Garage avec deux places de stationnement -Hammam -1 suite avec dressing,https://www.saintgervais.com/reserver-mon-sejour/hebergement/,Saint-Gervais tourist office booking (MSEM widget),village-france-st-gervais-les-bains,,,2026-10-06,"MSEM lodging id 211273 (chalet-le-grey-fox); billing/owner: CIMALPES; address 3540 Route de Cupelin. Not returned by offers API for 20-27 Mar 2027 (2 or 8 adults): booked, closed or not bookable online -> availability unknown."
cimalpes-chalet-le-red-fox-211272,Chalet Le Red Fox,Cimalpes,St-Gervais Le Bettex,Évasion Mont-Blanc,France,,8,4,,chalet,self-catered,,,,,,,,,whole-chalet,EUR,quote-needed,,,,,unknown,,,Le Red Fox se trouve dans un hameau privilégié et peut accueillir 10 personnes. Chalet de 229m² sur 3 étages Agencement RDC -Buanderie (lave-linge et sèche linge) -1 Suite avec espace salon dont un canapé convertible -Ski room -Garage avec,https://www.saintgervais.com/reserver-mon-sejour/hebergement/,Saint-Gervais tourist office booking (MSEM widget),village-france-st-gervais-les-bains,5,chalets/images/cimalpes-chalet-le-red-fox-211272/,2026-10-06,"MSEM lodging id 211272 (chalet-le-red-fox); billing/owner: CIMALPES; address 3530 Route de Cupelin . Not returned by offers API for 20-27 Mar 2027 (2 or 8 adults): booked, closed or not bookable online -> availability unknown."
allchalets-chalet-le-rosay,Chalet le Rosay 1,Private owner,,,,,,5,,,,,,yes,"sauna, wood stove",,,,,,,,,,,,yes,,,,,Saint-Gervais tourist office booking (MSEM widget),village-france-st-gervais-les-bains,,,2026-10-06,"Matched to allChalets/association listing by layout + price (offer minus tourist tax = allChalets 20 Mar price). MSEM lodging id 229625 (chalet-le-rosay-1); billing/owner: private owner; address 60 impasse des Érables. Offers API 20-27 Mar 2027: 2 adults €2554.4, 8 adults €2663.6 (incl. tourist tax) -> bookable/free. exact-week price = 2-adult offer incl. ~€12-34/adult tourist tax."
msemstg-chalet-lumea-208041,Chalet LUMÉA,FAMCO Chalet LUMÉA,St-Gervais-les-Bains,Évasion Mont-Blanc,France,,8,4,,chalet,self-catered,,,,,,,,2613.8,whole-chalet,EUR,exact-week,,,,,yes,,,"Nous vous proposons à la location, sur la commune de Saint-Gervais-les-Bains, ce charmant chalet plein sud d’une superficie de 100&nbsp;m² et pouvant accueillir jusqu’à 8 voyageurs. Il est composé d’une jolie pièce à vivre de 35&nbsp;m², d'une cuisine équipée, de",https://www.saintgervais.com/reserver-mon-sejour/hebergement/,Saint-Gervais tourist office booking (MSEM widget),village-france-st-gervais-les-bains,5,chalets/images/msemstg-chalet-lumea-208041/,2026-10-06,"MSEM lodging id 208041 (chalet-lumea); billing/owner: FAMCO Chalet LUMÉA; address 123 route des Morets. Offers API 20-27 Mar 2027: 2 adults €2613.8, 8 adults €2685.2 (incl. tourist tax) -> bookable/free. exact-week price = 2-adult offer incl. ~€12-34/adult tourist tax."
allchalets-chalet-47005,"Chalet ""MONT CAPRICE""",Cimalpes,,,,,,5,,,,,,yes,sauna,,,,,,,,,,,,yes,,,,,Saint-Gervais tourist office booking (MSEM widget),village-france-st-gervais-les-bains,,,2026-10-06,"Matched to allChalets/association listing by layout + price (offer minus tourist tax = allChalets 20 Mar price). MSEM lodging id 211288 (chalet-mont-caprice); billing/owner: CIMALPES; address 331 Chemin de Champoutant. Offers API 20-27 Mar 2027: 2 adults €6218.6, 8 adults €6424.4 (incl. tourist tax) -> bookable/free. exact-week price = 2-adult offer incl. ~€12-34/adult tourist tax."
msemstg-chalet-sage-12370,Chalet Sage,Private owner,St-Gervais Le Bettex,Évasion Mont-Blanc,France,,12,6,,chalet,self-catered,,,,,,,,4023.8,whole-chalet,EUR,exact-week,,,,,yes,,,"Vous disposerez de 6 chambres, 3 salles de bain et 3 w-c, 2 pièces comprenant chacune salon-séjour et cuisine. Le chalet est non fumeur. WIFI. Jardin et terrasse abritée avec salon de jardin, chaises longues, barbecue. Parking privatif devant le",https://www.saintgervais.com/reserver-mon-sejour/hebergement/,Saint-Gervais tourist office booking (MSEM widget),village-france-st-gervais-les-bains,5,chalets/images/msemstg-chalet-sage-12370/,2026-10-06,"MSEM lodging id 12370 (chalet-sage); billing/owner: private owner; address 82 Route Des Communailles 15 Chemin Des Lys. Offers API 20-27 Mar 2027: 2 adults €4023.8, 8 adults €4095.2 (incl. tourist tax) -> bookable/free. exact-week price = 2-adult offer incl. ~€12-34/adult tourist tax."
msemstg-chalet-scandinave-193896,Chalet Scandinave,Private owner,St-Gervais-les-Bains,Évasion Mont-Blanc,France,,4,1,,chalet,self-catered,,,,,,,,679,whole-chalet,EUR,exact-week,,,,,yes,,,"Descriptif : Petit chalet situé à St Gervais Mont Blanc à 1 km 500 du centre de la station et du téléférique. Exposition sud-ouest, soleil toute la journée, proximité d’un arrêt navette à 300 m ( passage toutes les ½",https://www.saintgervais.com/reserver-mon-sejour/hebergement/,Saint-Gervais tourist office booking (MSEM widget),village-france-st-gervais-les-bains,,,2026-10-06,MSEM lodging id 193896 (chalet-scandinave); billing/owner: private owner; address 343 chemin du Poirier. Offers API 20-27 Mar 2027: 2 adults €679 (not offered for 8 adults) (incl. tourist tax) -> bookable/free. exact-week price = 2-adult offer incl. ~€12-34/adult tourist tax.
allchalets-chalet-47215,Chalet VALIA,Cimalpes,,,,,,5,,,,,,yes,sauna,,,,,,,,,,,,yes,,,,,Saint-Gervais tourist office booking (MSEM widget),village-france-st-gervais-les-bains,,,2026-10-06,"Matched to allChalets/association listing by layout + price (offer minus tourist tax = allChalets 20 Mar price). MSEM lodging id 211256 (chalet-valia); billing/owner: CIMALPES; address 125 chemin du Genepi. Offers API 20-27 Mar 2027: 2 adults €6888.6, 8 adults €7094.4 (incl. tourist tax) -> bookable/free. exact-week price = 2-adult offer incl. ~€12-34/adult tourist tax."
cimalpes-clos-du-savoy-b31-la-cheminee-211262,Clos du Savoy B31 La Cheminée,Cimalpes,St-Gervais-les-Bains,Évasion Mont-Blanc,France,,4,1,,apartment,self-catered,,,,,,,,1134.04,whole-chalet,EUR,exact-week,,,,,yes,,,"SAINT GERVAIS LES BAINS - Proche centre Appartement neuf de 45m² dans une résidence paisible, à 5 minutes à pied du centre-ville de Saint-Gervais-Les-Bains. Ce bien est situé à seulement 100 mètres de la remontée mécanique. Idéal pour une petite",https://www.saintgervais.com/reserver-mon-sejour/hebergement/,Saint-Gervais tourist office booking (MSEM widget),village-france-st-gervais-les-bains,,,2026-10-06,MSEM lodging id 211262 (clos-du-savoy-b31-la-cheminee); billing/owner: CIMALPES; address 921 avenue du Mont d’Arbois. Offers API 20-27 Mar 2027: 2 adults €1134.04 (not offered for 8 adults) (incl. tourist tax) -> bookable/free. exact-week price = 2-adult offer incl. ~€12-34/adult tourist tax.
msemstg-duplex-cure-sport-12391,Duplex Cure & Sport,Private owner,St-Gervais-les-Bains,Évasion Mont-Blanc,France,,4,2,,apartment,self-catered,,,,,,,,1353.8,whole-chalet,EUR,exact-week,,,,,yes,,,"Duplex entièrement refait, bien aménagé et équipé, une cuisine ouverte et convivial pour partager la table et ses spécialités de la montagne, raclette, tartiflette. Deux chambres spacieuses avec deux grands lits, deux salles de bain, un coin nuits avec 2",https://www.saintgervais.com/reserver-mon-sejour/hebergement/,Saint-Gervais tourist office booking (MSEM widget),village-france-st-gervais-les-bains,,,2026-10-06,MSEM lodging id 12391 (duplex-cure-and-sport); billing/owner: private owner; address 50 Clos Des Gerets Résidence Les G'Rêts  -. Offers API 20-27 Mar 2027: 2 adults €1353.8 (not offered for 8 adults) (incl. tourist tax) -> bookable/free. exact-week price = 2-adult offer incl. ~€12-34/adult tourist tax.
msemstg-duplex-grand-panorama-93087,Duplex Grand Panorama,Private owner,St-Gervais-les-Bains,Évasion Mont-Blanc,France,,8,,,apartment,self-catered,,,,,,,,,whole-chalet,EUR,quote-needed,,,,,unknown,,,"5è étage avec ascenseur, plein Sud avec belles vues sur les montagnes, dans le coeur du village de Saint Gervais, à 1 minute à pied de la Gare du télécabine du Bettex, appartement duplex 1 séjour + 3 chambres, au",https://www.saintgervais.com/reserver-mon-sejour/hebergement/,Saint-Gervais tourist office booking (MSEM widget),village-france-st-gervais-les-bains,5,chalets/images/msemstg-duplex-grand-panorama-93087/,2026-10-06,"MSEM lodging id 93087 (duplex-grand-panorama); billing/owner: private owner; address Appt 509 - Résidence Le Grand Panorama - 950 Avenue Du Mont D'Arbois. Not returned by offers API for 20-27 Mar 2027 (2 or 8 adults): booked, closed or not bookable online -> availability unknown."
msemstg-fleurs-des-alpes-b1-12367,Fleurs des Alpes B1,Private owner,St-Gervais-les-Bains,Évasion Mont-Blanc,France,,8,3,,apartment,self-catered,,,,,,,,994,whole-chalet,EUR,exact-week,,,,,yes,,,"Situé au 1er étage d'un immeuble en centre-ville, l'appartement se compose : -⇥d'un grand séjour-salon ensoleillé, orienté S.O., avec une superbe vue sur le Mont Joly, il est équipé d'un canapé convertible (couchage de 140X190) et donne accès à un",https://www.saintgervais.com/reserver-mon-sejour/hebergement/,Saint-Gervais tourist office booking (MSEM widget),village-france-st-gervais-les-bains,5,chalets/images/msemstg-fleurs-des-alpes-b1-12367/,2026-10-06,"MSEM lodging id 12367 (fleurs-des-alpes-106-b); billing/owner: private owner; address 54 Route De La Mollaz. Offers API 20-27 Mar 2027: 2 adults €994, 8 adults €1036 (incl. tourist tax) -> bookable/free. exact-week price = 2-adult offer incl. ~€12-34/adult tourist tax."
msemstg-fleurs-des-alpes-finck-12368,Fleurs des Alpes-Finck,Private owner,St-Gervais-les-Bains,Évasion Mont-Blanc,France,,5,2,,apartment,self-catered,,,,,,,,,whole-chalet,EUR,quote-needed,,,,,unknown,,,"Pour connaître les disponibilités avec précision, appelez ou laissez un message au 06 66 64 93 13 . Ce grand appartement confortable de 67m² environ, bien exposé, équipé du wifi est distant de 200m du centre-ville et de 100m de",https://www.saintgervais.com/reserver-mon-sejour/hebergement/,Saint-Gervais tourist office booking (MSEM widget),village-france-st-gervais-les-bains,,,2026-10-06,"MSEM lodging id 12368 (fleurs-des-alpes-2); billing/owner: private owner; address 30 Route De La Mollaz. Not returned by offers API for 20-27 Mar 2027 (2 or 8 adults): booked, closed or not bookable online -> availability unknown."
msemstg-fleurs-des-alpes-22-210919,Fleurs des Alpes 22,Private owner,St-Gervais-les-Bains,Évasion Mont-Blanc,France,,6,2,,apartment,self-catered,,,,,,,,,whole-chalet,EUR,quote-needed,,,,,unknown,,,"Appartement de 83m2 situé au deuxième étage d'une belle résidence, comprenant une grande terrasse exposée Sud/Ouest sans vis à vis. Il se compose d'une grande pièce à vivre qui donne sur la terrasse. Une cuisine ouverte entièrement équipée avec four,",https://www.saintgervais.com/reserver-mon-sejour/hebergement/,Saint-Gervais tourist office booking (MSEM widget),village-france-st-gervais-les-bains,,,2026-10-06,"MSEM lodging id 210919 (fleurs-des-alpes-22); billing/owner: private owner; address 203, Avenue de Miage. Not returned by offers API for 20-27 Mar 2027 (2 or 8 adults): booked, closed or not bookable online -> availability unknown."
msemstg-fleurs-des-alpes-12362,Fleurs des Alpes,Private owner,St-Gervais-les-Bains,Évasion Mont-Blanc,France,,10,4,,apartment,self-catered,,,,,,,,,whole-chalet,EUR,quote-needed,,,,,unknown,,,"Grand appartement de 102 m2 avec 4 chambres, au 2ème étage avec ascenseur, dans une résidence toute proche du centre village, des commerces et d'un arrêt navettes. Télécabine à environ 800m, patinoire à 400m et piscine couverte et plein air",https://www.saintgervais.com/reserver-mon-sejour/hebergement/,Saint-Gervais tourist office booking (MSEM widget),village-france-st-gervais-les-bains,5,chalets/images/msemstg-fleurs-des-alpes-12362/,2026-10-06,"MSEM lodging id 12362 (fleurs-des-alpes); billing/owner: private owner; address 54 Route De La Mollaz. Not returned by offers API for 20-27 Mar 2027 (2 or 8 adults): booked, closed or not bookable online -> availability unknown."
cimalpes-gallery-mont-blanc-403-211261,Gallery Mont-Blanc 403,Cimalpes,St-Gervais-les-Bains,Évasion Mont-Blanc,France,,4,2,,apartment,self-catered,,,,,,,,1678.6,whole-chalet,EUR,exact-week,,,,,yes,,,"SAINT-GERVAIS LES BAINS - Proche Centre et Remontées Mécaniques Ce charmant appartement est situé dans une résidence récente, dans le quartier des remontées mécaniques de Saint-Gervais-les-Bains. Ce bien peut accueillir 4 personnes. Sa situation idéale vous permettra de rejoindre facilement",https://www.saintgervais.com/reserver-mon-sejour/hebergement/,Saint-Gervais tourist office booking (MSEM widget),village-france-st-gervais-les-bains,,,2026-10-06,MSEM lodging id 211261 (gallery-mont-blanc-403); billing/owner: CIMALPES; address 119 Chemin des Près. Offers API 20-27 Mar 2027: 2 adults €1678.6 (not offered for 8 adults) (incl. tourist tax) -> bookable/free. exact-week price = 2-adult offer incl. ~€12-34/adult tourist tax.
allchalets-apartment-46906,Gallery Mont-Blanc 404,Cimalpes,,,,,,2,,,,,,,,,,,,,,,,,,,yes,,,,,Saint-Gervais tourist office booking (MSEM widget),village-france-st-gervais-les-bains,,,2026-10-06,Matched to allChalets/association listing by layout + price (offer minus tourist tax = allChalets 20 Mar price). MSEM lodging id 211260 (gallery-mont-blanc-404); billing/owner: CIMALPES; address 119 Chemin des Près. Offers API 20-27 Mar 2027: 2 adults €1693.8 (not offered for 8 adults) (incl. tourist tax) -> bookable/free. exact-week price = 2-adult offer incl. ~€12-34/adult tourist tax.
allchalets-apartment-35257,Gallery Mont-Blanc 405,Cimalpes,,,,,,2,,,,,,,,,,,,,,,,,,,yes,,,,,Saint-Gervais tourist office booking (MSEM widget),village-france-st-gervais-les-bains,,,2026-10-06,Matched to allChalets/association listing by layout + price (offer minus tourist tax = allChalets 20 Mar price). MSEM lodging id 211276 (gallery-mont-blanc-405); billing/owner: CIMALPES; address 119 Chemin des Près. Offers API 20-27 Mar 2027: 2 adults €1643.8 (not offered for 8 adults) (incl. tourist tax) -> bookable/free. exact-week price = 2-adult offer incl. ~€12-34/adult tourist tax.
allchalets-apartment-35357,Gallery Mont-Blanc 406,Cimalpes,,,,,,,,,,,,,,,,,,,,,,,,,yes,,,,,Saint-Gervais tourist office booking (MSEM widget),village-france-st-gervais-les-bains,,,2026-10-06,Matched to allChalets/association listing by layout + price (offer minus tourist tax = allChalets 20 Mar price). MSEM lodging id 211277 (gallery-mont-blanc-406); billing/owner: CIMALPES; address 119 Chemin des Près. Offers API 20-27 Mar 2027: 2 adults €1173.8 (not offered for 8 adults) (incl. tourist tax) -> bookable/free. exact-week price = 2-adult offer incl. ~€12-34/adult tourist tax.
msemstg-appartement-le-chatlune-206773,Appartement Le ChatLune,Private owner,St-Gervais Le Bettex,Évasion Mont-Blanc,France,,6,3,,apartment,self-catered,,,,,,,,1049.98,whole-chalet,EUR,exact-week,,,,,yes,,,"Appartement au 2ème étage sur 3. Séjour (22m2) avec baie vitrée ouvrant sur le balcon, vue magnifique sur le Mont Blanc, cheminée, canapé, télévision avec chaîne TNT et bouquet Orange TV, WIFI. Chambre 1 de 11m2 avec porte-fenêtre donnant sur",https://www.saintgervais.com/reserver-mon-sejour/hebergement/,Saint-Gervais tourist office booking (MSEM widget),village-france-st-gervais-les-bains,,,2026-10-06,MSEM lodging id 206773 (gite-le-chat-lune); billing/owner: private owner; address Les Collybies - 4587 Route de Cupelin. Offers API 20-27 Mar 2027: 2 adults €1049.98 (not offered for 8 adults) (incl. tourist tax) -> bookable/free. exact-week price = 2-adult offer incl. ~€12-34/adult tourist tax.
msemstg-hotel-cur-des-neiges-17513,Hôtel Cœur des Neiges,HOTEL COEUR DES NEIGES,St-Gervais-les-Bains,Évasion Mont-Blanc,France,,29,,,hotel,,,,,,,,,,,EUR,,,,,,unknown,,,"De manière à répondre aux attentes de tous ses vacanciers, cet hôtel de Saint Gervais propose 6 types de chambres différentes. De “la petite” à “la familiale”, vous trouverez des chambres semblables à des chalets, comprenant tout ce dont vous",https://www.saintgervais.com/reserver-mon-sejour/hebergement/,Saint-Gervais tourist office booking (MSEM widget),village-france-st-gervais-les-bains,,,2026-10-06,"MSEM lodging id 17513 (hotel-coeur-des-neiges-2); billing/owner: HOTEL COEUR DES NEIGES; address 64 Chemin du Vieux Pont. Not returned by offers API for 20-27 Mar 2027 (2 or 8 adults): booked, closed or not bookable online -> availability unknown. Hotel (whole-hotel capacity shown)."
msemstg-chalet-hotel-des-2-gares-12394,Chalet Hôtel des 2 Gares,SAS LES 2 GARES,St-Gervais-les-Bains,Évasion Mont-Blanc,France,,76,28,,hotel,,,,,,,,,,,EUR,,,,,,yes,,,,https://www.saintgervais.com/reserver-mon-sejour/hebergement/,Saint-Gervais tourist office booking (MSEM widget),village-france-st-gervais-les-bains,,,2026-10-06,"MSEM lodging id 12394 (hotel-des-deux-gares-2); billing/owner: SAS LES 2 GARES; address 50, impasse des 2 Gares. Offers API 20-27 Mar 2027: 2 adults €800.8 (not offered for 8 adults) (incl. tourist tax) -> bookable/free. Located in Le Fayet (valley, St-Gervais commune). Hotel (whole-hotel capacity shown)."
msemstg-l-horizon-blanc-hameau-de-coterat-193351,L'Horizon Blanc - Hameau de Coterat,Private owner,St-Gervais-les-Bains,Évasion Mont-Blanc,France,,4,2,,apartment,self-catered,,,,,,,,,whole-chalet,EUR,quote-needed,,,,,unknown,,,"Ce joli Triplex est composé ; d'une pièce de vie avec poêle à granules et cuisine équipée (LV, four, micro-onde, frigo, congélateur...), d'un wc séparé, d'une chambre avec un lit double (140) et d'une chambre avec 2 lits simples (90),",https://www.saintgervais.com/reserver-mon-sejour/hebergement/,Saint-Gervais tourist office booking (MSEM widget),village-france-st-gervais-les-bains,,,2026-10-06,"MSEM lodging id 193351 (l-horizon-blanc-hameau-de-coterat); billing/owner: private owner; address 896 route d'Orsin. Not returned by offers API for 20-27 Mar 2027 (2 or 8 adults): booked, closed or not bookable online -> availability unknown."
allchalets-apartment-47377,L'Ourse 11,Cimalpes,,,,,,4,,,,,,,,,,,,,,,,,,,yes,,,,,Saint-Gervais tourist office booking (MSEM widget),village-france-st-gervais-les-bains,,,2026-10-06,"Matched to allChalets/association listing by layout + price (offer minus tourist tax = allChalets 20 Mar price). MSEM lodging id 211258 (l-ourse-11); billing/owner: CIMALPES; address 307 rue de la Vignette. Offers API 20-27 Mar 2027: 2 adults €1778.6, 8 adults €1795.68 (incl. tourist tax) -> bookable/free. exact-week price = 2-adult offer incl. ~€12-34/adult tourist tax."
msemstg-la-berangere-206033,La Bérangère,Private owner,St-Gervais-les-Bains,Évasion Mont-Blanc,France,,4,2,,apartment,self-catered,,,,,,,,833.8,whole-chalet,EUR,exact-week,,,,,yes,,,"Cuisine entièrement équipée ouverte sur le séjour. 2 chambres avec rangements (un lit double de 160cm et deux lits simples de 80cm séparés ou collés), une salle de douche avec WC, lave-linge et sèche-serviettes, un WC séparé. 2 balcons dont",https://www.saintgervais.com/reserver-mon-sejour/hebergement/,Saint-Gervais tourist office booking (MSEM widget),village-france-st-gervais-les-bains,,,2026-10-06,"MSEM lodging id 206033 (la-berangere-2); billing/owner: private owner; address 129, Rue du Mont Lachat. Offers API 20-27 Mar 2027: 2 adults €833.8 (not offered for 8 adults) (incl. tourist tax) -> bookable/free. exact-week price = 2-adult offer incl. ~€12-34/adult tourist tax."
msemstg-la-christaz-les-cepes-12398,La Christaz - Les Cèpes,Private owner,St-Gervais Le Bettex,Évasion Mont-Blanc,France,,4,2,,apartment,self-catered,,,,,,,,,whole-chalet,EUR,quote-needed,,,,,unknown,,,"Séjour (22m2) avec baie vitrée ouvrant sur le balcon, vue magnifique sur le Mont Blanc, cheminée, canapé convertible pouvant éventuellement servir de couchage pour 2 personnes. Télévision avec TNT, chaîne hi-fi, WIFI. Couchages : Chambre (10.71m2) avec porte-fenêtre donnant sur",https://www.saintgervais.com/reserver-mon-sejour/hebergement/,Saint-Gervais tourist office booking (MSEM widget),village-france-st-gervais-les-bains,,,2026-10-06,"MSEM lodging id 12398 (la-christaz-les-cepes); billing/owner: private owner; address 4613, route de Cupelin - B31 - Appt 421. Not returned by offers API for 20-27 Mar 2027 (2 or 8 adults): booked, closed or not bookable online -> availability unknown."
msemstg-la-coupe-de-cristal-b49-12379,La Coupe de Cristal - B49,Private owner,St-Gervais-les-Bains,Évasion Mont-Blanc,France,,4,,,apartment,self-catered,,,,,,,,,whole-chalet,EUR,quote-needed,,,,,unknown,,,"Chamonix situé à 20 km, Megève 15 km. Accès par la route : A40 - sortie 21 (15min) Accès SNCF de Saint-Gervais-les-Bains Le Fayet (5 km) Aéroport de Genève (1h) / Annecy-Meythet (1h) Saint-Gervais-les -Bains Mont-Blanc c'est le 3ème domaine",https://www.saintgervais.com/reserver-mon-sejour/hebergement/,Saint-Gervais tourist office booking (MSEM widget),village-france-st-gervais-les-bains,,,2026-10-06,"MSEM lodging id 12379 (la-coupe-de-cristal-b49); billing/owner: private owner; address 100 Rue Du Berchat. Not returned by offers API for 20-27 Mar 2027 (2 or 8 adults): booked, closed or not bookable online -> availability unknown."
msemstg-la-feline-blanche-7038,La Féline Blanche,SARL Chaliette,St-Gervais-les-Bains,Évasion Mont-Blanc,France,,26,,,hotel,,,,,,,,,,,EUR,,,,,,unknown,,,"La Féline Blanche est une charmante Boutique-Hôtel, classée 3 étoiles. Situé en plein coeur du village de Saint Gervais Mont Blanc, cet établissement affiche un design contemporain qui saura séduire petits et grands. Cet hôtel vous offre un espace chaleureux",https://www.saintgervais.com/reserver-mon-sejour/hebergement/,Saint-Gervais tourist office booking (MSEM widget),village-france-st-gervais-les-bains,,,2026-10-06,"MSEM lodging id 7038 (la-feline-blanche); billing/owner: SARL Chaliette; address 138 rue du Mont-Blanc. Not returned by offers API for 20-27 Mar 2027 (2 or 8 adults): booked, closed or not bookable online -> availability unknown. Hotel (whole-hotel capacity shown)."
msemstg-le-4810-122993,Le 4810,SNV 4810,St-Nicolas-de-Véroce,Évasion Mont-Blanc,France,,20,8,,combined-booking,self-catered,,unknown,yes,"indoor heated pool, sauna, cinema, games room",,,,,whole-chalet,EUR,quote-needed,,,,,unknown,locstnicolas-le-4810-chalet-le-dome;locstnicolas-le-4810-chalet-les-cimes,,"Le 4810, en plus de sa position privilégiée à 50m des pistes et 1500m du village, vous offrira des équipements haut de gamme, une vue imprenable sur le Mont-Blanc, un espace détente avec une piscine couverte et chauffée toute l'année,",https://www.saintgervais.com/reserver-mon-sejour/hebergement/,Saint-Gervais tourist office booking (MSEM widget),village-france-st-gervais-les-bains,5,chalets/images/msemstg-le-4810-122993/,2026-10-06,"MSEM lodging id 122993 (le-4810); billing/owner: SNV 4810; address 153 Impasse Du Blaireau. Not returned by offers API for 20-27 Mar 2027 (2 or 8 adults): booked, closed or not bookable online -> availability unknown. Le 4810 = Chalet Le Dôme + Chalet Les Cimes rented together (10 bedrooms, 20 guests); St-Nicolas-de-Véroce, 50 m from pistes."
cimalpes-le-chalet-l-authentique-211259,Le chalet l'Authentique,Cimalpes,St-Gervais-les-Bains,Évasion Mont-Blanc,France,,8,4,,chalet,self-catered,,,,,,,,,whole-chalet,EUR,quote-needed,,,,,unknown,,,SAINT GERVAIS LES BAINS - Communailles Chalet Authentique savoyard situé aux Communailles. Ce bien est idéal pour les sorties d'hiver car il est ski aux pieds. Un téléski est situé à 20 mètres du chalet et permet de rejoindre le,https://www.saintgervais.com/reserver-mon-sejour/hebergement/,Saint-Gervais tourist office booking (MSEM widget),village-france-st-gervais-les-bains,5,chalets/images/cimalpes-le-chalet-l-authentique-211259/,2026-10-06,"MSEM lodging id 211259 (le-chalet-l-authentique); billing/owner: CIMALPES; address 1668 route des communailles. Not returned by offers API for 20-27 Mar 2027 (2 or 8 adults): booked, closed or not bookable online -> availability unknown. Cimalpes card: sector Hameaux, 4 ch, 130 m2, from €2,060/wk."
cimalpes-le-chalet-paradis-211255,Le Chalet Paradis,Cimalpes,St-Gervais Le Bettex,Évasion Mont-Blanc,France,,12,6,,chalet,self-catered,,,,,,,,,whole-chalet,EUR,quote-needed,,,,,unknown,,,"SAINT-GERVAIS-LES-BAINS – Les Choseaux Chalet familial situé sur les hauteurs de Saint-Gervais-les-Bains, à quelques minutes en voiture de Megève. Son emplacement privilégié offre une vue panoramique sur le massif du Mont-Blanc et les Aravis. Ce chalet dispose de 6 chambres",https://www.saintgervais.com/reserver-mon-sejour/hebergement/,Saint-Gervais tourist office booking (MSEM widget),village-france-st-gervais-les-bains,5,chalets/images/cimalpes-le-chalet-paradis-211255/,2026-10-06,"MSEM lodging id 211255 (le-chalet-paradis); billing/owner: CIMALPES; address 241 Route des Choseaux . Not returned by offers API for 20-27 Mar 2027 (2 or 8 adults): booked, closed or not bookable online -> availability unknown. Cimalpes card: sector Le Bettex, 6 ch, 180 m2, from €1,775/wk."
msemstg-le-chatelain-12271,LE CHATELAIN,Private owner,St-Gervais-les-Bains,Évasion Mont-Blanc,France,,6,2,,apartment,self-catered,,,,,,,,703.8,whole-chalet,EUR,exact-week,,,,,yes,,,"N° CLASSEMENT : UD74-1412 Pratique pour les skieurs : Situé au pied du nouveau télécabine Très bel Appartement spacieux, 3 pièces 2 chambres ,coin cuisine ,SDB local rangement ,tout confort, Situe au 2°etage,(avec ascenseur )grandes baies vitrées, et balcon. dans",https://www.saintgervais.com/reserver-mon-sejour/hebergement/,Saint-Gervais tourist office booking (MSEM widget),village-france-st-gervais-les-bains,,,2026-10-06,MSEM lodging id 12271 (le-chatelain); billing/owner: private owner; address 45 RUE DU BARRAGE. Offers API 20-27 Mar 2027: 2 adults €703.8 (not offered for 8 adults) (incl. tourist tax) -> bookable/free. exact-week price = 2-adult offer incl. ~€12-34/adult tourist tax.
cimalpes-le-crespin-village-211263,Le Crespin Village,Cimalpes,St-Gervais-les-Bains,Évasion Mont-Blanc,France,,4,2,,apartment,self-catered,,,,,,,,1134.04,whole-chalet,EUR,exact-week,,,,,yes,,,"SAINT-GERVAIS LES BAINS - Centre Appartement entièrement renové à 5 minutes à pieds du télécabine. Ce bien est parfaitement adapté pour une famille de 4 personnes, il est comporté de deux chambres dont une adultes et une enfants et un",https://www.saintgervais.com/reserver-mon-sejour/hebergement/,Saint-Gervais tourist office booking (MSEM widget),village-france-st-gervais-les-bains,,,2026-10-06,MSEM lodging id 211263 (le-crespin-village); billing/owner: CIMALPES; address 555 avenue du Mont Paccard. Offers API 20-27 Mar 2027: 2 adults €1134.04 (not offered for 8 adults) (incl. tourist tax) -> bookable/free. exact-week price = 2-adult offer incl. ~€12-34/adult tourist tax.
cimalpes-le-grand-panorama-210-211287,Le Grand Panorama 210,Cimalpes,St-Gervais-les-Bains,Évasion Mont-Blanc,France,,4,1,,apartment,self-catered,,,,,,,,1039.56,whole-chalet,EUR,exact-week,,,,,yes,,,"SAINT GERVAIS LES BAINS - Le Neyret Cet appartement pour 4 personnes, situé dans la Résidence Le Grand Panorama à Saint-Gervais-les-Bains, bénéficie d’un emplacement idéal à seulement quelques mètres de la télécabine, offrant un accès direct au domaine skiable Évasion",https://www.saintgervais.com/reserver-mon-sejour/hebergement/,Saint-Gervais tourist office booking (MSEM widget),village-france-st-gervais-les-bains,,,2026-10-06,MSEM lodging id 211287 (le-grand-panorama-210); billing/owner: CIMALPES; address 950 Avenue du Mont d'Arbois. Offers API 20-27 Mar 2027: 2 adults €1039.56 (not offered for 8 adults) (incl. tourist tax) -> bookable/free. exact-week price = 2-adult offer incl. ~€12-34/adult tourist tax.
msemstg-le-grand-panorama-12282,Le Grand Panorama,SCI 5D,St-Gervais-les-Bains,Évasion Mont-Blanc,France,,6,2,,apartment,self-catered,,,,,,,,1134,whole-chalet,EUR,exact-week,,,,,yes,,,"Bel appartement , 6 couchages dans résidence tourisme avec piscine Cet appartement duplex vous séduira par son emplacement rêvé au pied de la télécabine du Bettex et proche à pied du centre ville. Au 5ème étage, il dispose d'une vue",https://www.saintgervais.com/reserver-mon-sejour/hebergement/,Saint-Gervais tourist office booking (MSEM widget),village-france-st-gervais-les-bains,,,2026-10-06,"MSEM lodging id 12282 (le-grand-panorama-3); billing/owner: SCI 5D; address 950 Avenue D'Arbois, 5ème Étage,  Appartement 502. Offers API 20-27 Mar 2027: 2 adults €1134 (not offered for 8 adults) (incl. tourist tax) -> bookable/free. exact-week price = 2-adult offer incl. ~€12-34/adult tourist tax."
msemstg-le-mont-joly-i-12274,Le Mont Joly I,Private owner,St-Gervais-les-Bains,Évasion Mont-Blanc,France,,5,,,apartment,self-catered,,,,,,,,,whole-chalet,EUR,quote-needed,,,,,unknown,,,"Loue charmant studio de 25 m² à Saint-Gervais , dans résidence proche des commerces et du centre ville (200 mètres). Studio équipé pour 5 personnes (Classement 2* pour 4 personnes). Arrivée de l'ascenseur des Thermes à 100m, Arrêt navette pour",https://www.saintgervais.com/reserver-mon-sejour/hebergement/,Saint-Gervais tourist office booking (MSEM widget),village-france-st-gervais-les-bains,,,2026-10-06,"MSEM lodging id 12274 (le-mont-joly-i); billing/owner: private owner; address 448 Avenue Du Mont Paccard. Not returned by offers API for 20-27 Mar 2027 (2 or 8 adults): booked, closed or not bookable online -> availability unknown."
msemstg-le-panorama-du-mont-blanc-12375,Le Panorama du Mont-Blanc,Private owner,St-Gervais Le Bettex,Évasion Mont-Blanc,France,,5,2,,apartment,self-catered,,,,,,,,,whole-chalet,EUR,quote-needed,,,,,unknown,,,"Grand balcon exposé est, sud-est, avec magnifique vue sur le Mont Blanc.&nbsp; Séjour mansardé et lumineux avec poutres apparentes et accès direct au balcon.&nbsp; Coin repas, salon avec TV écran plat, wifi, lecteur CD et DVD, radio.&nbsp; Cuisine : four",https://www.saintgervais.com/reserver-mon-sejour/hebergement/,Saint-Gervais tourist office booking (MSEM widget),village-france-st-gervais-les-bains,,,2026-10-06,"MSEM lodging id 12375 (le-panorama-2); billing/owner: private owner; address 307 Route Des Communailles Le Bettex. Not returned by offers API for 20-27 Mar 2027 (2 or 8 adults): booked, closed or not bookable online -> availability unknown."
msemstg-refuge-chez-la-tante-mont-d-arbois-206775,Refuge Chez la Tante - Mont d'Arbois,CHEZ LA TANTE,St-Gervais Le Bettex,Évasion Mont-Blanc,France,,54,21,,hotel,,,unknown,yes,"indoor pool, hammam, sauna (hotel)",,,,,,EUR,,,,,,yes,,,"Loin du tumulte de la station, ce refuge d’exception conjugue le charme d’une ancienne bâtisse de montagne avec le confort et les prestations d’un hôtel haut de gamme. Que vous soyez skieur passionné, amateur de panoramas grandioses ou simplement en",https://www.saintgervais.com/reserver-mon-sejour/hebergement/,Saint-Gervais tourist office booking (MSEM widget),village-france-st-gervais-les-bains,,,2026-10-06,MSEM lodging id 206775 (le-refuge-du-mont-d-arbois); billing/owner: CHEZ LA TANTE; address 4284 route des Crêtes. Offers API 20-27 Mar 2027: 2 adults €4974.6 (not offered for 8 adults) (incl. tourist tax) -> bookable/free. Hotel (whole-hotel capacity shown).
msemstg-le-regency-12388,Le Régency,Private owner,St-Gervais-les-Bains,Évasion Mont-Blanc,France,,4,2,,apartment,self-catered,,,,,,,,803.8,whole-chalet,EUR,exact-week,,,,,yes,,,"Cuisine équipée ouverte sur séjour et salon (21m2) avec : Four combiné micro-ondes et grill, 3 plaques de cuisson vitro céramique, VMC et hotte aspirante, réfrigérateur et compartiment conservateur, lave-vaisselle, batterie de cuisine et vaisselle, cafetière, bouilloire électrique, grille-pain, mixeur,",https://www.saintgervais.com/reserver-mon-sejour/hebergement/,Saint-Gervais tourist office booking (MSEM widget),village-france-st-gervais-les-bains,,,2026-10-06,MSEM lodging id 12388 (le-regency); billing/owner: private owner; address 75 Rue du Barrage - Apt 1201. Offers API 20-27 Mar 2027: 2 adults €803.8 (not offered for 8 adults) (incl. tourist tax) -> bookable/free. exact-week price = 2-adult offer incl. ~€12-34/adult tourist tax.
msemstg-le-ruisseau-191974,LE RUISSEAU,SCI JEG,St-Gervais-les-Bains,Évasion Mont-Blanc,France,,4,2,,apartment,self-catered,,,,,,,,778.8,whole-chalet,EUR,exact-week,,,,,yes,,,"mso-bidi-theme-font:minor-latin;color:#212529;mso-fareast-language:FR"">D'une surface de 51 m², cet appartement meublé 3 étoiles est situé au rez-de-chaussée d’une résidence sécurisée, la Résidence des Huskies,&nbsp; à 700 m du centre-ville de St Gervais mso-bidi-theme-font:minor-latin;color:#212529;mso-fareast-language:FR"">. Il vous séduira par son décor&nbsp; alliant modernité et esprit",https://www.saintgervais.com/reserver-mon-sejour/hebergement/,Saint-Gervais tourist office booking (MSEM widget),village-france-st-gervais-les-bains,,,2026-10-06,MSEM lodging id 191974 (le-ruisseau); billing/owner: SCI JEG; address 67 Chemin Louis Jacquet. Offers API 20-27 Mar 2027: 2 adults €778.8 (not offered for 8 adults) (incl. tourist tax) -> bookable/free. exact-week price = 2-adult offer incl. ~€12-34/adult tourist tax.
cimalpes-les-charmottes-211282,Les Charmottes,Cimalpes,St-Gervais-les-Bains,Évasion Mont-Blanc,France,,10,4,,apartment,self-catered,,,,,,,,,whole-chalet,EUR,quote-needed,,,,,unknown,,,"SAINT-GERVAIS LES BAINS - Proche centre ville Sur les hauteurs de Saint-Gervais Mont-Blanc, découvrez cet agréable duplex très récent, idéalement situé à environ 5 minutes du centre-ville, offrant un cadre serein et tout le confort pour un séjours en Famille",https://www.saintgervais.com/reserver-mon-sejour/hebergement/,Saint-Gervais tourist office booking (MSEM widget),village-france-st-gervais-les-bains,5,chalets/images/cimalpes-les-charmottes-211282/,2026-10-06,"MSEM lodging id 211282 (les-charmottes-1); billing/owner: CIMALPES; address 317 Rue de la Vignette. Not returned by offers API for 20-27 Mar 2027 (2 or 8 adults): booked, closed or not bookable online -> availability unknown."
allchalets-apartment-47214,Les Charmottes 304,Cimalpes,,,,,,3,,,,,,,,,,,,,,,,,,,yes,,,,,Saint-Gervais tourist office booking (MSEM widget),village-france-st-gervais-les-bains,,,2026-10-06,Matched to allChalets/association listing by layout + price (offer minus tourist tax = allChalets 20 Mar price). MSEM lodging id 211286 (les-charmottes-304); billing/owner: CIMALPES; address 317 Rue de la Vignette. Offers API 20-27 Mar 2027: 2 adults €1768.6 (not offered for 8 adults) (incl. tourist tax) -> bookable/free. exact-week price = 2-adult offer incl. ~€12-34/adult tourist tax.
msemstg-les-charmottes-210940,Les Charmottes,Private owner,St-Gervais-les-Bains,Évasion Mont-Blanc,France,,6,3,,apartment,self-catered,,,,,,,,1983.8,whole-chalet,EUR,exact-week,,,,,yes,,,"De style duplex et contemporain avec des touches montagnardes, cet appartement est spacieux et lumineux avec un balcon et vue montagnes. D'une surface de 90m², il peut accueillir 6 personnes et dispose de 2 chambres doubles et d'une chambre à",https://www.saintgervais.com/reserver-mon-sejour/hebergement/,Saint-Gervais tourist office booking (MSEM widget),village-france-st-gervais-les-bains,,,2026-10-06,MSEM lodging id 210940 (les-charmottes); billing/owner: private owner; address 317 Rue de la Vignette. Offers API 20-27 Mar 2027: 2 adults €1983.8 (not offered for 8 adults) (incl. tourist tax) -> bookable/free. exact-week price = 2-adult offer incl. ~€12-34/adult tourist tax.
msemstg-le-jardin-des-fees-192111,Le jardin des Fées,Private owner,St-Gervais-les-Bains,Évasion Mont-Blanc,France,,6,3,,chalet,self-catered,,,,,,,,,whole-chalet,EUR,quote-needed,,,,,unknown,,,"Magnifique chalet le jardin des fées à Saint-Gervais au cœur du pays du Mont-Blanc line-height:normal""> Le chalet le jardin des fées est situé dans un secteur calme à 10 mn à pied du centre du village et de tous commerces",https://www.saintgervais.com/reserver-mon-sejour/hebergement/,Saint-Gervais tourist office booking (MSEM widget),village-france-st-gervais-les-bains,,,2026-10-06,"MSEM lodging id 192111 (les-fees-arkema); billing/owner: private owner; address 237 chemin des fées. Not returned by offers API for 20-27 Mar 2027 (2 or 8 adults): booked, closed or not bookable online -> availability unknown."
cimalpes-les-hauts-de-st-gervais-77-coeur-du-mont-blan-211275,Les Hauts de St Gervais 77 Coeur du Mont-Blanc,Cimalpes,St-Gervais-les-Bains,Évasion Mont-Blanc,France,,6,2,,apartment,self-catered,,,,,,,,,whole-chalet,EUR,quote-needed,,,,,unknown,,,"SAINT-GERVAIS LES BAINS - Centre ville ou à proximité Profitez d’un triplex chaleureux et fonctionnel, perché sur les hauteurs de Saint-Gervais. Situé au 3ᵉ étage d’une résidence calme, il offre une vue splendide sur le Dôme de Miage et le",https://www.saintgervais.com/reserver-mon-sejour/hebergement/,Saint-Gervais tourist office booking (MSEM widget),village-france-st-gervais-les-bains,,,2026-10-06,"MSEM lodging id 211275 (les-hauts-de-st-gervais-77-coeur-du-mont-blanc); billing/owner: CIMALPES; address 231 Rue du Mont Lachat. Not returned by offers API for 20-27 Mar 2027 (2 or 8 adults): booked, closed or not bookable online -> availability unknown."
msemstg-les-huskies-193344,Les Huskies,Private owner,St-Gervais-les-Bains,Évasion Mont-Blanc,France,,5,2,,apartment,self-catered,,,,,,,,,whole-chalet,EUR,quote-needed,,,,,unknown,,,"Exposition : Sud avec balcon. Vue sur les Mt Joux et Tondu (et Dômes de Miage en hiver) L’intérieur du logement • Coin cuisine avec plaques à induction, réfrigérateur/congélateur, four classique, micro-onde, lave-vaisselle, cafetière, bouilloire, raclette, fondue, batterie de cuisine",https://www.saintgervais.com/reserver-mon-sejour/hebergement/,Saint-Gervais tourist office booking (MSEM widget),village-france-st-gervais-les-bains,,,2026-10-06,"MSEM lodging id 193344 (les-huskies-2); billing/owner: private owner; address 169, chemin Louis Jacquet. Not returned by offers API for 20-27 Mar 2027 (2 or 8 adults): booked, closed or not bookable online -> availability unknown."
msemstg-les-huskies-12288,Les Huskies,Private owner,St-Gervais-les-Bains,Évasion Mont-Blanc,France,,4,1,,apartment,self-catered,,,,,,,,564,whole-chalet,EUR,exact-week,,,,,yes,,,"Appartement 2 pièces au 1er étage d'une résidence de type chalet, à proximité immédiate du centre sportif (piscine couverte, tennis, mini golf), à moins d'un kilomètre du centre du village, à 1.3km de la télécabine Saint-Gervais-Le Bettex. Coin cuisine dans",https://www.saintgervais.com/reserver-mon-sejour/hebergement/,Saint-Gervais tourist office booking (MSEM widget),village-france-st-gervais-les-bains,,,2026-10-06,MSEM lodging id 12288 (les-huskies); billing/owner: private owner; address 67 Chemin Louis Jacquet. Offers API 20-27 Mar 2027: 2 adults €564 (not offered for 8 adults) (incl. tourist tax) -> bookable/free. exact-week price = 2-adult offer incl. ~€12-34/adult tourist tax.
cimalpes-les-perriades-16-la-foret-211450,Les Pérriades 16 La Foret,Cimalpes,St-Gervais-les-Bains,Évasion Mont-Blanc,France,,4,2,,apartment,self-catered,,,,,,,,,whole-chalet,EUR,quote-needed,,,,,unknown,,,"Saint-Gervais Mont-Blanc - Centre SAISON 16/12/2025 au 08/04/2026 : 6 000€ Cet appartement pour 4 personnes de 60m² situé dans une cadre paisible est un choix pratique et confortable pour un séjour à Saint-Gervais, alliant la commodité d'une excellente localisation",https://www.saintgervais.com/reserver-mon-sejour/hebergement/,Saint-Gervais tourist office booking (MSEM widget),village-france-st-gervais-les-bains,,,2026-10-06,"MSEM lodging id 211450 (les-perriades-16-la-foret); billing/owner: CIMALPES; address 64, impasse de Crespin. Not returned by offers API for 20-27 Mar 2027 (2 or 8 adults): booked, closed or not bookable online -> availability unknown."
msemstg-les-phalenes-12478,Les Phalènes,Private owner,St-Gervais-les-Bains,Évasion Mont-Blanc,France,,4,1,,apartment,self-catered,,,,,,,,564,whole-chalet,EUR,exact-week,,,,,yes,,,GRAND DEUX PIECES AU CENTRE DU VILLAGE AVEC VUE PANORAMIQUE Information pour les curistes : j'accorde une remise sur le montant de la location pour trois semaines hors vacances scolaires. Merci de me contacter Corinne MAREUIL au 0670516811 pour tout,https://www.saintgervais.com/reserver-mon-sejour/hebergement/,Saint-Gervais tourist office booking (MSEM widget),village-france-st-gervais-les-bains,,,2026-10-06,MSEM lodging id 12478 (les-phalenes); billing/owner: private owner; address 76 Rue De La Vignette. Offers API 20-27 Mar 2027: 2 adults €564 (not offered for 8 adults) (incl. tourist tax) -> bookable/free. exact-week price = 2-adult offer incl. ~€12-34/adult tourist tax.
cimalpes-les-sources-de-la-canopee-b402-211274,Les Sources de la Canopée B402,Cimalpes,St-Gervais-les-Bains,Évasion Mont-Blanc,France,,6,3,,apartment,self-catered,,,,,,,,,whole-chalet,EUR,quote-needed,,,,,unknown,,,"SAINT-GERVAIS LES BAINS - Proche Centre et Remontées Mécaniques Situé au dernier étage d’une résidence de tourisme neuve, cet appartement spacieux de 3 pièces avec mezzanine vous accueille dans un cadre chaleureux et moderne, idéal pour des vacances en famille",https://www.saintgervais.com/reserver-mon-sejour/hebergement/,Saint-Gervais tourist office booking (MSEM widget),village-france-st-gervais-les-bains,,,2026-10-06,"MSEM lodging id 211274 (les-sources-de-la-canopee-b402); billing/owner: CIMALPES; address 734 Avenue de Mont d'Arbois. Not returned by offers API for 20-27 Mar 2027 (2 or 8 adults): booked, closed or not bookable online -> availability unknown."
msemstg-chalet-la-cordee-192306,Chalet la Cordée,Private owner,St-Gervais-les-Bains,Évasion Mont-Blanc,France,,9,4,,chalet,self-catered,,,yes,"sauna, table football, ski room",,,,,whole-chalet,EUR,quote-needed,,,,,unknown,,,"Ce grand chalet de 160m² sera idéal pour des vacances en famille ou en groupe ! Tout est accessible sans voiture en été et en hiver. Il dispose d'un sauna, un baby foot et un ski room. La disposition est",https://www.saintgervais.com/reserver-mon-sejour/hebergement/,Saint-Gervais tourist office booking (MSEM widget),village-france-st-gervais-les-bains,5,chalets/images/msemstg-chalet-la-cordee-192306/,2026-10-06,"MSEM lodging id 192306 (locavadam-sarl); billing/owner: private owner; address 25 rue du téléphérique . Not returned by offers API for 20-27 Mar 2027 (2 or 8 adults): booked, closed or not bookable online -> availability unknown."
msemstg-meuble-ancien-hotel-le-mont-joly-210138,Meublé -Ancien hôtel le Mont Joly,Private owner,St-Gervais-les-Bains,Évasion Mont-Blanc,France,,8,3,,apartment,self-catered,,,,,,,,1690.8,whole-chalet,EUR,exact-week,,,,,yes,,,"🏡 Charme Historique et Intérieur Élégant Bienvenue dans notre appartement familial, situé dans l'ancien Hôtel Mont Joly, un bâtiment majestueux construit entre 1890 et 1910. Classé patrimoine historique, il conserve de nombreux détails authentiques. L'intérieur a été rénové avec goût",https://www.saintgervais.com/reserver-mon-sejour/hebergement/,Saint-Gervais tourist office booking (MSEM widget),village-france-st-gervais-les-bains,5,chalets/images/msemstg-meuble-ancien-hotel-le-mont-joly-210138/,2026-10-06,"MSEM lodging id 210138 (meuble-ancien-hotel-le-mont-joly); billing/owner: private owner; address 438 avenue du Mont Paccard. Offers API 20-27 Mar 2027: 2 adults €1690.8, 8 adults €1762.2 (incl. tourist tax) -> bookable/free. exact-week price = 2-adult offer incl. ~€12-34/adult tourist tax."
allchalets-chalet-39089,La Ferme Saint Gervais,Cimalpes,,,,,,4,,,,,,,,,,,,,,,,,,,yes,,,,,Saint-Gervais tourist office booking (MSEM widget),village-france-st-gervais-les-bains,,,2026-10-06,"Matched to allChalets/association listing by layout + price (offer minus tourist tax = allChalets 20 Mar price). MSEM lodging id 211264 (non-classe-chalet-1); billing/owner: CIMALPES; address 95 Chemin du bonnant . Offers API 20-27 Mar 2027: 2 adults €2756.4, 8 adults €2865.6 (incl. tourist tax) -> bookable/free. exact-week price = 2-adult offer incl. ~€12-34/adult tourist tax."
locstnicolas-le-4810-chalet-le-dome,Chalet Le Dôme (Le 4810),Cimalpes,,,,,,8,,,,,,yes,"private heated pool, sauna",,,,,,,,,,,,,,,,,Saint-Gervais tourist office booking (MSEM widget),village-france-st-gervais-les-bains,,,2026-10-06,"Matched to allChalets/association listing by layout + price (offer minus tourist tax = allChalets 20 Mar price). MSEM lodging id 211285 (non-classe-chalet-2); billing/owner: CIMALPES; address 153 Impasse du Blaireau . Not returned by offers API for 20-27 Mar 2027 (2 or 8 adults): booked, closed or not bookable online -> availability unknown. Cimalpes ref LES4810: describes Chalet Le Dôme; Cimalpes capacity 15 (association listing says 10)."
cimalpes-chalet-cimalpes-251-chemin-du-poirier-211289,"Chalet (Cimalpes, 251 chemin du Poirier)",Cimalpes,St-Gervais-les-Bains,Évasion Mont-Blanc,France,,8,4,,chalet,self-catered,,,,,,,,,whole-chalet,EUR,quote-needed,,,,,unknown,,,"Saint-gervais-les-bains SAISON: Grande saison: du 20/12/24 au 13/04/25 : 30 000€ Petite saison: du 04/01/25 au 13/04/25: 20 000€ Chalet spacieux de 200 m2 avec 4 chambres pour 5 adultes et 2 enfants. Situé proche centre de Saint-gervais-les-bains, il bénéficie",https://www.saintgervais.com/reserver-mon-sejour/hebergement/,Saint-Gervais tourist office booking (MSEM widget),village-france-st-gervais-les-bains,5,chalets/images/cimalpes-chalet-cimalpes-251-chemin-du-poirier-211289/,2026-10-06,"MSEM lodging id 211289 (non-classe-chalet-3); billing/owner: CIMALPES; address 251 chemin du poirier. Not returned by offers API for 20-27 Mar 2027 (2 or 8 adults): booked, closed or not bookable online -> availability unknown."
msemstg-planb-living-saint-gervais-205838,PlanB - Living Saint-Gervais,PlanB Living Saint Gervais,St-Gervais-les-Bains,Évasion Mont-Blanc,France,,89,,,hotel,,,,,,,,,,,EUR,,,,,,yes,,,"Profitez de notre restaurant, bar, mini-bowling, espace enfant et événements pour enrichir votre séjour. PlanB est votre QG pour se retrouver en famille ou entre amis, avec des espaces modulables et des aménagements pour toutes vos envies. Avec son emplacement",https://www.saintgervais.com/reserver-mon-sejour/hebergement/,Saint-Gervais tourist office booking (MSEM widget),village-france-st-gervais-les-bains,,,2026-10-06,"MSEM lodging id 205838 (plan-b-living-saint-gervais); billing/owner: PlanB Living Saint Gervais; address 150, avenue de Genève. Offers API 20-27 Mar 2027: 2 adults €796.8 (not offered for 8 adults) (incl. tourist tax) -> bookable/free. Located in Le Fayet (valley, St-Gervais commune). Hotel (whole-hotel capacity shown)."
msemstg-residence-le-chatelain-appartement-le-flocon-193318,Résidence le Châtelain - Appartement le flocon,Private owner,St-Gervais-les-Bains,Évasion Mont-Blanc,France,,5,2,,apartment,self-catered,,,,,,,,1195.6,whole-chalet,EUR,exact-week,,,,,yes,,,"En résumé -Grand appartement agréable et lumineux de 3 pièces, au 4ème étage sur 5. -Grand séjour cuisine agréable avec grandes baies vitrées donnant sur balcon de 18m2 autour de l'appartement,avec vue sur le Prarion, les Dômes de Miage et",https://www.saintgervais.com/reserver-mon-sejour/hebergement/,Saint-Gervais tourist office booking (MSEM widget),village-france-st-gervais-les-bains,,,2026-10-06,MSEM lodging id 193318 (residence-le-chatelain-n-2406); billing/owner: private owner; address 45 rue du Barrage. Offers API 20-27 Mar 2027: 2 adults €1195.6 (not offered for 8 adults) (incl. tourist tax) -> bookable/free. exact-week price = 2-adult offer incl. ~€12-34/adult tourist tax.
allchalets-apartment-47221,Scandinave,Cimalpes,,,,,,3,,,,,,,,,,,,,,,,,,,yes,,,,,Saint-Gervais tourist office booking (MSEM widget),village-france-st-gervais-les-bains,,,2026-10-06,Matched to allChalets/association listing by layout + price (offer minus tourist tax = allChalets 20 Mar price). MSEM lodging id 211283 (scandinave); billing/owner: CIMALPES; address 135 RUE DU MONT BLANC. Offers API 20-27 Mar 2027: 2 adults €1458.6 (not offered for 8 adults) (incl. tourist tax) -> bookable/free. exact-week price = 2-adult offer incl. ~€12-34/adult tourist tax.
msemstg-studio-laya-206332,Studio Laya,Private owner,St-Gervais-les-Bains,Évasion Mont-Blanc,France,,2,,,apartment,self-catered,,,,,,,,555.8,whole-chalet,EUR,exact-week,,,,,yes,,,"Bienvenue au Studio du Chalet Laya ! Confortable et moderne, ce 24m² lumineux se situe au rez-de-chaussée d’un chalet construit en 2022. Indépendant, avec jardin privatif et vue grandiose sur les montagnes environnantes, il offre un cocon parfait pour un",https://www.saintgervais.com/reserver-mon-sejour/hebergement/,Saint-Gervais tourist office booking (MSEM widget),village-france-st-gervais-les-bains,,,2026-10-06,MSEM lodging id 206332 (studio-laya); billing/owner: private owner; address 400 Route des Ponthieux. Offers API 20-27 Mar 2027: 2 adults €555.8 (not offered for 8 adults) (incl. tourist tax) -> bookable/free. exact-week price = 2-adult offer incl. ~€12-34/adult tourist tax.
cimalpes-le-chalet-noir,Chalet Le Chalet Noir,Cimalpes,St-Gervais Le Bettex,Évasion Mont-Blanc,France,,8,4,,chalet,self-catered,,,,,,,,,whole-chalet,EUR,season-from,2900,,,,unknown,,,,https://cimalpes.com/fr/location-saint-gervais-mont-blanc/chalet-le-chalet-noir/,Cimalpes,village-france-st-gervais-les-bains,,,2026-10-06,"From Cimalpes St-Gervais chalets carousel: Le Bettex, 8 voyageurs, 4 chambres, 130 m2, from €2,900/week. Not on tourist-office MSEM feed. pass2: detail page, exact-week price, hot tub."
allchalets-chalet-arkle,,,,,,,,,6,,,,,yes,,,,,,,,,,,,,,,,,,Chalet Arkle (own site),village-france-st-gervais-les-bains,,,2026-10-06,"Own site chaletarkle.com: 5 bedrooms, 6 bathrooms, hot tub, sauna, Aga; books via Airbnb (room 8768573) or email; self-catered. pass2: price/availability via Airbnb."
