chalet_id,chalet_name,operator,village,ski_area,country,sleeps_min,sleeps_max,bedrooms,bathrooms,property_type,board,catering_detail,hot_tub,sauna,other_facilities,distance_to_lift_m,ski_in_out,changeover_day,price_week_20_27_mar_2027,price_basis,price_currency,price_type,price_range_low,price_range_high,price_per_bed,price_includes,available_20_27_mar,combines,same_as,description,url,listed_on,found_via,image_count,image_dir,date_checked,notes
tignes-reservation-1-bedroom-apartment-cabin-8-people-chaudes-108,1 BEDROOM APARTMENT CABIN 8 PEOPLE CHAUDES 108,,Tignes Le Lac,Espace Killy,France,,8,1,1,apartment,self-catered,self-catered,none,no,,,,Saturday,1451,whole-chalet,EUR,exact-week,,,,,yes,,,"RANGEESSENTIELLE 2 rooms of 48m² equipped for 8 people and located on the 1st floor without elevator in ""Les Chaudes Almes "" residence, in Tignes le Lac - Les Almes East facing with a balcony Including: Open-plan kitchen equipped with ...",https://booking.tignes.net/1-bedroom-apartment-cabin-8-people-chaudes-108-tignes-le-lac-les-almes-ticalmes108.html,Tignes Réservation,village-france-tignes-le-lac,5,chalets/images/tignes-reservation-1-bedroom-apartment-cabin-8-people-chaudes-108/,2026-10-06,"20-27 Mar bookable on Tignes Réservation for 2 adults: EUR 1451; quarter: TIGNES LE LAC - LES ALMES; agency code: AIMOUNTAINCOLLECTION; GPS 45.47184,6.90927"
tignes-reservation-2-bedrooms-8-people-apartment-3-residence-almes-1,2 BEDROOMS 8 PEOPLE APARTMENT 3 - RESIDENCE ALMES 1,,Tignes Le Lac,Espace Killy,France,,8,2,1,apartment,self-catered,self-catered,none,yes,,,,,,,,quote-needed,,,,,unknown,,,Apartment n°3 Standing 6/8 people 1st floor 72m² . 1 bedroom with 2 beds 90/190 with bathroom (shower) . 1 bedroom with 2 bunk beds (4 beds) . 1 sofa + 1 pull-out bed => 2 beds in the living ...,https://booking.tignes.net/2-bedrooms-8-people-apartment-3-residence-almes-1-tignes-le-lac-les-almes-avp004.html,Tignes Réservation,village-france-tignes-le-lac,5,chalets/images/tignes-reservation-2-bedrooms-8-people-apartment-3-residence-almes-1/,2026-10-06,"not in 20-27 Mar dated search (2 adults); pass2: weekly planning; quarter: TIGNES LE LAC - LES ALMES; agency code: RTALMES1; GPS 45.47247,6.90748"
tignes-reservation-2-bedrooms-8-people-apartment-6-residence-almes-1,2 BEDROOMS 8 PEOPLE APARTMENT 6 - RESIDENCE ALMES 1,,Tignes Le Lac,Espace Killy,France,,8,2,1,apartment,self-catered,self-catered,none,yes,,,,Saturday,2926,whole-chalet,EUR,exact-week,,,,,yes,,,"Apartment n ° 6 Standing 5/8 people, 2nd floor, 65m² . 1 bedroom with 2 beds 90/190 with bathroom (shower) . 1 bedroom with 1 bunk bed + 1 bed 90/190 + 1 pull-out bed (4 single beds) . 1 ...",https://booking.tignes.net/2-bedrooms-8-people-apartment-6-residence-almes-1-tignes-le-lac-les-almes-avp007.html,Tignes Réservation,village-france-tignes-le-lac,4,chalets/images/tignes-reservation-2-bedrooms-8-people-apartment-6-residence-almes-1/,2026-10-06,"20-27 Mar bookable on Tignes Réservation for 2 adults: EUR 2926; quarter: TIGNES LE LAC - LES ALMES; agency code: RTALMES1; GPS 45.47246,6.90747"
tignes-reservation-2-bedrooms-9-people-apartment-7-residence-almes-1,2 BEDROOMS 9 PEOPLE APARTMENT 7 - RESIDENCE ALMES 1,,Tignes Le Lac,Espace Killy,France,,9,2,,apartment,self-catered,self-catered,none,yes,,,,,,,,quote-needed,,,,,unknown,,,"Apartment n ° 7 Standing 6/9 people, 3rd floor, 80m² . 1 bedroom with 2 beds 90/190 with bathroom (shower) + wc . 1 bedroom with 2 beds 90/190 . 1 room (sleeping area) with 1 bunk bed + 1 ...",https://booking.tignes.net/2-bedrooms-9-people-apartment-7-residence-almes-1-tignes-le-lac-les-almes-avp008.html,Tignes Réservation,village-france-tignes-le-lac,5,chalets/images/tignes-reservation-2-bedrooms-9-people-apartment-7-residence-almes-1/,2026-10-06,"not in 20-27 Mar dated search (2 adults); pass2: weekly planning; quarter: TIGNES LE LAC - LES ALMES; agency code: RTALMES1; GPS 45.47247,6.90748"
tignes-reservation-2-bedrooms-10-people-apartment-1-residence-almes-1,2 BEDROOMS 10 PEOPLE APARTMENT 1 - RESIDENCE ALMES 1,,Tignes Le Lac,Espace Killy,France,,10,2,1,apartment,self-catered,self-catered,none,yes,,,,,,,,quote-needed,,,,,unknown,,,"Apartment n°1 for 8/10 people (possibility 12 people) 1st floor 114m ² 1 bedroom with 2 single beds 90/190 and en-suite shower room, 1 sofa bed with 2 single beds (possibility of 2 additional beds) 1 bedroom with 2 single ...",https://booking.tignes.net/2-bedrooms-10-people-apartment-1-residence-almes-1-tignes-le-lac-les-almes-avp002.html,Tignes Réservation,village-france-tignes-le-lac,5,chalets/images/tignes-reservation-2-bedrooms-10-people-apartment-1-residence-almes-1/,2026-10-06,"not in 20-27 Mar dated search (2 adults); pass2: weekly planning; quarter: TIGNES LE LAC - LES ALMES; agency code: RTALMES1; GPS 45.47246,6.90748"
tignes-reservation-3-bedroom-apartment-cabin-8-people-les-myrtilles-02,3 BEDROOM APARTMENT + CABIN 8 PEOPLE LES MYRTILLES 02,,Tignes Le Lac,Espace Killy,France,,8,3,1,apartment,self-catered,self-catered,none,no,,,,Saturday,3471,whole-chalet,EUR,exact-week,,,,,yes,,,"RANGE PRESTIGE: Beds made, towels and end-of-stay cleaning (except kitchen) included winter only. Beautiful apartment of 100m² equipped for 8 people and located on the groundfloor in ""Les Myrtilles"" residence, in Tignes Le Lac - Les Almes area East facing ...",https://booking.tignes.net/3-bedroom-apartment-cabin-8-people-les-myrtilles-02-tignes-le-lac-les-almes-timyrt02.html,Tignes Réservation,village-france-tignes-le-lac,5,chalets/images/tignes-reservation-3-bedroom-apartment-cabin-8-people-les-myrtilles-02/,2026-10-06,"20-27 Mar bookable on Tignes Réservation for 2 adults: EUR 3471; quarter: TIGNES LE LAC - LES ALMES; agency code: AIMOUNTAINCOLLECTION; GPS 45.47121,6.90786"
tignes-reservation-3-bedrooms-8-people-apartment-1-residence-yeti,3 BEDROOMS 8 PEOPLE APARTMENT 1 - RESIDENCE YETI,,Tignes Le Lac,Espace Killy,France,,8,3,3,apartment,self-catered,self-catered,yes-type-unknown,yes,,,,,,,,quote-needed,,,,,unknown,,,"FLAT N°1, SLEEPS 8, 90M², GROUND FLOOR, SUITABLE FOR PEOPLE WITH REDUCED MOBILITY 1 balcony with mountain views 1 fully equipped kitchen 1 bedroom (adapted for disabled people) with 2 beds 90x200 with shower room and WC (TV in bedroom) ...",https://booking.tignes.net/3-bedrooms-8-people-apartment-1-residence-yeti-tignes-le-lac-les-almes-avp001.html,Tignes Réservation,village-france-tignes-le-lac,5,chalets/images/tignes-reservation-3-bedrooms-8-people-apartment-1-residence-yeti/,2026-10-06,"not in 20-27 Mar dated search (2 adults); pass2: weekly planning; spa text: ace une place par appartement Surface : 90 sqm Number of rooms : 3 bedrooms apartment Wellness equipment : Sauna Hammam Jacuzzi Fitness room Cold ...; residence has shared wellness area; quarter: TIGNES LE LAC - LES ALMES; agency code: RTCHALETHOTELYETI; GPS 45.47160,6.90789"
tignes-reservation-3-bedrooms-8-people-apartment-2-1-residence-yeti,3 BEDROOMS 8 PEOPLE APARTMENT 2.1 - RESIDENCE YETI,,Tignes Le Lac,Espace Killy,France,,8,3,1,apartment,self-catered,self-catered,yes-type-unknown,yes,,,,,,,,quote-needed,,,,,unknown,,,"FLAT N°2.1, 6/8 PEOPLE, 85M², 2ND FLOOR 1 balcony 1 living room with 1 sofa bed (140/200) 1 fitted kitchen 1 bedroom with 160x200 bed and en-suite shower room (TV in bedroom) 1 bedroom with 2 single beds (90x200) (TV ...",https://booking.tignes.net/3-bedrooms-8-people-apartment-2-1-residence-yeti-tignes-le-lac-les-almes-avp013.html,Tignes Réservation,village-france-tignes-le-lac,5,chalets/images/tignes-reservation-3-bedrooms-8-people-apartment-2-1-residence-yeti/,2026-10-06,"not in 20-27 Mar dated search (2 adults); pass2: weekly planning; spa text: rking space per flat Ski room with closed ski lockers Free Wi-Fi connection (fibre) Free access to the relaxation area: hot tub, cold bath, sauna ...; residence has shared wellness area; quarter: TIGNES LE LAC - LES ALMES; agency code: RTCHALETHOTELYETI; GPS 45.47162,6.90784"
tignes-reservation-3-bedrooms-8-people-apartment-3-1-residence-yeti,3 BEDROOMS 8 PEOPLE APARTMENT 3.1 - RESIDENCE YETI,,Tignes Le Lac,Espace Killy,France,,8,4,1,apartment,self-catered,self-catered,yes-type-unknown,yes,,,,Saturday,4851,whole-chalet,EUR,exact-week,,,,,yes,,,"FLAT N°3.1, 6/8 PEOPLE, 85M², 3RD FLOOR 1 large L-shaped balcony facing south-east with views of the Grande Sassière and Grande Motte 1 living room with 1 sofa bed (140/200) 1 fitted kitchen 1 bedroom with 160x200 bed and en-suite ...",https://booking.tignes.net/3-bedrooms-8-people-apartment-3-1-residence-yeti-tignes-le-lac-les-almes-avp014.html,Tignes Réservation,village-france-tignes-le-lac,5,chalets/images/tignes-reservation-3-bedrooms-8-people-apartment-3-1-residence-yeti/,2026-10-06,"20-27 Mar bookable on Tignes Réservation for 2 adults: EUR 4851; spa text: rking space per flat Ski room with closed ski lockers Free Wi-Fi connection (fibre) Free access to the relaxation area: hot tub, cold bath, sauna ...; residence has shared wellness area; quarter: TIGNES LE LAC - LES ALMES; agency code: RTCHALETHOTELYETI; GPS 45.47162,6.90784"
tignes-reservation-3-bedrooms-8-people-apartment-9-residence-almes-1,3 BEDROOMS 8 PEOPLE APARTMENT 9 - RESIDENCE ALMES 1,,Tignes Le Lac,Espace Killy,France,,8,2,1,apartment,self-catered,self-catered,none,yes,,,,,,,,quote-needed,,,,,unknown,,,"Apartment n°9 Standing 6/8 people, 4th floor, 80m² . 1 bedroom with 1 bed 140 . 1 bedroom with 2 beds 90/190 . 1 bedroom (alcove) with 2 bunk beds + bathroom (shower) . 1 sofa + 1 pull-out bed ...",https://booking.tignes.net/3-bedrooms-8-people-apartment-9-residence-almes-1-tignes-le-lac-les-almes-avp010.html,Tignes Réservation,village-france-tignes-le-lac,5,chalets/images/tignes-reservation-3-bedrooms-8-people-apartment-9-residence-almes-1/,2026-10-06,"not in 20-27 Mar dated search (2 adults); pass2: weekly planning; quarter: TIGNES LE LAC - LES ALMES; agency code: RTALMES1; GPS 45.47247,6.90747"
tignes-reservation-3-bedrooms-8-people-apartment-31-residence-almes-2,3 BEDROOMS 8 PEOPLE APARTMENT 31 - RESIDENCE ALMES 2,,Tignes Le Lac,Espace Killy,France,,6,3,3,apartment,self-catered,self-catered,none,yes,,,,,,,,quote-needed,,,,,unknown,,,"ALMES 2 FLAT N°31, SLEEPS 6, 90 M², 3RD FLOOR 1 balcony 1 television 1 living room with TV and sofa 1 fitted kitchen 1 dining room Bedroom 1 with 1 bed 160x200 with bathroom and WC, access to balcony ...",https://booking.tignes.net/3-bedrooms-8-people-apartment-31-residence-almes-2-tignes-le-lac-les-almes-avp020.html,Tignes Réservation,village-france-tignes-le-lac,5,chalets/images/tignes-reservation-3-bedrooms-8-people-apartment-31-residence-almes-2/,2026-10-06,"not in 20-27 Mar dated search (2 adults); pass2: weekly planning; quarter: TIGNES LE LAC - LES ALMES; agency code: RTALMES1; GPS 45.47265,6.90776"
tignes-reservation-3-bedrooms-10-people-apartment-8-residence-almes-1,3 BEDROOMS 10 PEOPLE APARTMENT 8 - RESIDENCE ALMES 1,,Tignes Le Lac,Espace Killy,France,,10,3,1,apartment,self-catered,self-catered,none,yes,,,,,,,,quote-needed,,,,,unknown,,,"Apartment n°8 Standing 8/10 people, 3rd floor, 92m² . 1 bedroom with 2 beds 90/190 with bathroom (shower) + wc . 1 bedroom with 2 beds 90/190 . 1 bedroom with 2 beds 90/190 with bathroom (shower) . 1 bunk ...",https://booking.tignes.net/3-bedrooms-10-people-apartment-8-residence-almes-1-tignes-le-lac-les-almes-avp009.html,Tignes Réservation,village-france-tignes-le-lac,5,chalets/images/tignes-reservation-3-bedrooms-10-people-apartment-8-residence-almes-1/,2026-10-06,"not in 20-27 Mar dated search (2 adults); pass2: weekly planning; quarter: TIGNES LE LAC - LES ALMES; agency code: RTALMES1; GPS 45.47246,6.90748"
tignes-reservation-3-bedrooms-10-people-apartment-10-residence-almes-1,3 BEDROOMS 10 PEOPLE APARTMENT 10 - RESIDENCE ALMES 1,,Tignes Le Lac,Espace Killy,France,,10,3,1,apartment,self-catered,self-catered,none,yes,,,,,,,,quote-needed,,,,,unknown,,,"Apartment n°10 Standing 8/10 people, 4th floor, 92m² .1 bedroom with 2 single beds 90/190 and en-suite shower room .1 bedroom with 2 single beds 90/190 .1 bedroom with 2 single beds 90/190 and en-suite shower room + wc .1 ...",https://booking.tignes.net/3-bedrooms-10-people-apartment-10-residence-almes-1-tignes-le-lac-les-almes-avp011.html,Tignes Réservation,village-france-tignes-le-lac,5,chalets/images/tignes-reservation-3-bedrooms-10-people-apartment-10-residence-almes-1/,2026-10-06,"not in 20-27 Mar dated search (2 adults); pass2: weekly planning; quarter: TIGNES LE LAC - LES ALMES; agency code: RTALMES1; GPS 45.47246,6.90748"
tignes-reservation-3-bedrooms-apartment-8-people-cgh-residence-spa-le-telemark,3 BEDROOMS APARTMENT 8 PEOPLE CGH RESIDENCE & SPA –LE TELEMARK,,Tignes Le Lac,Espace Killy,France,,8,3,1,apartment,self-catered,self-catered,yes-type-unknown,yes,,,,,,,,quote-needed,,,,,unknown,,,"From 80 to 95 sqm - Living room trundle bed, satellite TV, telephone, balcony. - 1 bedroom with a king size bed - 2 bedrooms with 2 single beds - Kitchen : 4 ceramic hobs, oven, refrigerator, dishwasher,coffee machine. - ...",https://booking.tignes.net/3-bedrooms-apartment-8-people-cgh-residence-spa-le-telemark-tignes-le-lac-les-almes-4p8letelemark.html,Tignes Réservation,village-france-tignes-le-lac,5,chalets/images/tignes-reservation-3-bedrooms-apartment-8-people-cgh-residence-spa-le-telemark/,2026-10-06,"not in 20-27 Mar dated search (2 adults); pass2: weekly planning; spa text: ervice Daily newspaper supply Surface : 70 sqm Number of rooms : 3 bedrooms apartment Wellness equipment : Sauna Hammam Jacuzzi Indoor heated pool Spa ...; quarter: TIGNES LE LAC - LES ALMES; agency code: RTCGHLETELEMARK; GPS 45.47309,6.90951"
tignes-reservation-3-bedrooms-cabin-apartment-8-people-residence-village-montana,3 BEDROOMS CABIN APARTMENT 8 PEOPLE RESIDENCE VILLAGE MONTANA AIRELLES,,Tignes Le Lac,Espace Killy,France,,8,3,1,apartment,self-catered,self-catered,none,yes,,,,,,,,quote-needed,,,,,unknown,,,"LOWER LEVEL 1 bedroom with double bed or twin beds, TV (Satellite), shower room, hairdryer, heated towel rail 1 cabin room with bunk beds 1 shower room, hairdryer, heated towel rail and a toilet Balcony UPPER LEVEL 1 living area ...",https://booking.tignes.net/3-bedrooms-cabin-apartment-8-people-residence-village-montana-airelles-tignes-le-lac-les-almes-avp001.html,Tignes Réservation,village-france-tignes-le-lac,3,chalets/images/tignes-reservation-3-bedrooms-cabin-apartment-8-people-residence-village-montana/,2026-10-06,"not in 20-27 Mar dated search (2 adults); pass2: weekly planning; quarter: TIGNES LE LAC - LES ALMES; agency code: RTVILLAGEMONTANAAIRELLES; GPS 45.47063,6.90736"
tignes-reservation-3-bedrooms-chalet-8-people-bobech-1-chalet-bobech,3 BEDROOMS CHALET 8 PEOPLE BOBECH 1 (Chalet Bobech),,Tignes Le Lac,Espace Killy,France,,8,3,,apartment,self-catered,self-catered,none,no,,,,Saturday,3600,whole-chalet,EUR,exact-week,,,,,yes,,,"APARTMENT CHALET BOBECH N° 1 - 4 rooms 8 persons - 84m2 Access by stairs on left side, level 1 of the house. Wood floor in each room, antique furniture, this is a really warm and cosy apartment. Lay out ...",https://booking.tignes.net/3-bedrooms-chalet-8-people-bobech-1-tignes-le-lac-les-almes-bobech1.html,Tignes Réservation,village-france-tignes-le-lac,5,chalets/images/tignes-reservation-3-bedrooms-chalet-8-people-bobech-1-chalet-bobech/,2026-10-06,"20-27 Mar bookable on Tignes Réservation for 2 adults: EUR 3600; quarter: TIGNES LE LAC - LES ALMES; agency code: AIROCBLANC; GPS 45.47149,6.90825"
tignes-reservation-3-bedrooms-duplex-apartment-8-people-cgh-residence-spa-le-tel,3 BEDROOMS DUPLEX APARTMENT 8 PEOPLE CGH RESIDENCE & SPA –LE TELEMARK,,Tignes Le Lac,Espace Killy,France,,8,3,1,apartment,self-catered,self-catered,yes-type-unknown,yes,,,,,,,,quote-needed,,,,,unknown,,,"From 80 to 95 sqm - Living room trundle bed, satellite TV, telephone, balcony. - 1 bedroom with a king size bed - 2 bedrooms with 2 single beds - Kitchen : 4 ceramic hobs, oven, refrigerator, dishwasher,coffee machine. - ...",https://booking.tignes.net/3-bedrooms-duplex-apartment-8-people-cgh-residence-spa-le-telemark-tignes-le-lac-les-almes-4d8letelemark.html,Tignes Réservation,village-france-tignes-le-lac,5,chalets/images/tignes-reservation-3-bedrooms-duplex-apartment-8-people-cgh-residence-spa-le-tel/,2026-10-06,"not in 20-27 Mar dated search (2 adults); pass2: weekly planning; spa text: Daily newspaper supply Surface : 70 sqm Number of rooms : 3 bedrooms apartment duplex Wellness equipment : Sauna Hammam Jacuzzi Indoor heated pool Spa ...; quarter: TIGNES LE LAC - LES ALMES; agency code: RTCGHLETELEMARK; GPS 45.47306,6.90955"
tignes-reservation-4-bedrooms-8-people-apartment-1-1-residence-yeti,4 BEDROOMS 8 PEOPLE APARTMENT 1.1 - RESIDENCE YETI,,Tignes Le Lac,Espace Killy,France,,8,3,1,apartment,self-catered,self-catered,yes-type-unknown,yes,,,,,,,,quote-needed,,,,,unknown,,,"FLAT N°1.1, 6/8 PEOPLE, 85M², 1ST FLOOR 1 balcony 1 living room with 1 sofa bed (140/200) 1 fitted kitchen 1 bedroom with 160x200 bed and en-suite shower room (TV in bedroom) 1 bedroom with 2 single beds 90x200 (TV ...",https://booking.tignes.net/4-bedrooms-8-people-apartment-1-1-residence-yeti-tignes-le-lac-les-almes-avp004.html,Tignes Réservation,village-france-tignes-le-lac,5,chalets/images/tignes-reservation-4-bedrooms-8-people-apartment-1-1-residence-yeti/,2026-10-06,"not in 20-27 Mar dated search (2 adults); pass2: weekly planning; spa text: rking space per flat Ski room with closed ski lockers Free Wi-Fi connection (fibre) Free access to the relaxation area: hot tub, cold bath, sauna ...; residence has shared wellness area; quarter: TIGNES LE LAC - LES ALMES; agency code: RTCHALETHOTELYETI; GPS 45.47163,6.90789"
tignes-reservation-4-bedrooms-9-people-apartment-40-residence-almes-2,4 BEDROOMS 9 PEOPLE APARTMENT 40 - RESIDENCE ALMES 2,,Tignes Le Lac,Espace Killy,France,,9,4,,apartment,self-catered,self-catered,none,yes,,,,,,,,quote-needed,,,,,unknown,,,"ALMES 2 FLAT N°40, SLEEPS 9, 140 M², 4TH FLOOR R+4 1 balcony 1 television 1 living room with TV and sofa 1 fitted kitchen 1 dining room Bedroom 1 with 2 beds 90x200 with bathroom and WC Bedroom 2 ...",https://booking.tignes.net/4-bedrooms-9-people-apartment-40-residence-almes-2-tignes-le-lac-les-almes-avp021.html,Tignes Réservation,village-france-tignes-le-lac,5,chalets/images/tignes-reservation-4-bedrooms-9-people-apartment-40-residence-almes-2/,2026-10-06,"not in 20-27 Mar dated search (2 adults); pass2: weekly planning; quarter: TIGNES LE LAC - LES ALMES; agency code: RTALMES1; GPS 45.47268,6.90777"
tignes-reservation-4-bedrooms-9-people-apartment-41-residence-almes-2,4 BEDROOMS 9 PEOPLE APARTMENT 41 - RESIDENCE ALMES 2,,Tignes Le Lac,Espace Killy,France,,9,4,2,apartment,self-catered,self-catered,none,yes,,,,,,,,quote-needed,,,,,unknown,,,"ALMES 2 FLAT N°41, SLEEPS 9, 140 M², 4TH FLOOR R+4 1 balcony 1 television 1 living room with TV and sofa 1 fitted kitchen 1 dining room Bedroom 1 with 2 beds 90x200 with bathroom and WC Bedroom 2 ...",https://booking.tignes.net/4-bedrooms-9-people-apartment-41-residence-almes-2-tignes-le-lac-les-almes-avp022.html,Tignes Réservation,village-france-tignes-le-lac,5,chalets/images/tignes-reservation-4-bedrooms-9-people-apartment-41-residence-almes-2/,2026-10-06,"not in 20-27 Mar dated search (2 adults); pass2: weekly planning; quarter: TIGNES LE LAC - LES ALMES; agency code: RTALMES1; GPS 45.47267,6.90775"
tignes-reservation-4-bedrooms-9-people-residence-village-montana,4 BEDROOMS 9 PEOPLE RESIDENCE VILLAGE MONTANA,,Tignes Le Lac,Espace Killy,France,,9,2,1,apartment,self-catered,self-catered,none,unknown,,,,,,,,quote-needed,,,,,unknown,,,"Spread over two levels, this 100 m² four-bedroom - 9 people apartment offers a spacious and comfortable setting. It features three bedrooms with double beds (or twin beds on request) and one bedroom with bunk beds and a single bed ...",https://booking.tignes.net/4-bedrooms-9-people-residence-village-montana-tignes-le-lac-les-almes-avp017.html,Tignes Réservation,village-france-tignes-le-lac,4,chalets/images/tignes-reservation-4-bedrooms-9-people-residence-village-montana/,2026-10-06,"not in 20-27 Mar dated search (2 adults); pass2: weekly planning; quarter: TIGNES LE LAC - LES ALMES; agency code: RTVILLAGEMONTANARESIDENCE; GPS 45.47217,6.90686"
tignes-reservation-4-bedrooms-apartment-8-people-chalet-les-martins-4,4 BEDROOMS APARTMENT 8 PEOPLE CHALET LES MARTINS 4,,Tignes Le Lac,Espace Killy,France,,8,4,1,chalet,self-catered,self-catered,none,unknown,,,,Saturday,6500,whole-chalet,EUR,exact-week,,,,,yes,,,"TIGNES LE LAC - Almes area The apartment n°4 of the residence Les Martins is luxurious and cocooning, completely new. This property is located in the quiet area of Les Almes, close to the slopes and the shops. LAYOUT : ...",https://booking.tignes.net/4-bedrooms-apartment-8-people-chalet-les-martins-4-tignes-le-lac-les-almes-lesmartins4.html,Tignes Réservation,village-france-tignes-le-lac,5,chalets/images/tignes-reservation-4-bedrooms-apartment-8-people-chalet-les-martins-4/,2026-10-06,"20-27 Mar bookable on Tignes Réservation for 2 adults: EUR 6500; quarter: TIGNES LE LAC - LES ALMES; agency code: AICIMALPESLAC; GPS 45.47260,6.90910"
tignes-reservation-4-bedrooms-cabin-apartment-9-people-village-montana,4 BEDROOMS CABIN APARTMENT 9 PEOPLE VILLAGE MONTANA,,Tignes Le Lac,Espace Killy,France,,9,4,1,apartment,self-catered,self-catered,none,unknown,,,,,,,,quote-needed,,,,,unknown,,,"This 100 m² four-bedroom + cabin apartment, accommodating up to nine guests, combines comfort and functionality across two levels. It features bedrooms with double beds (or twin beds on request) and a cabin area with bunk beds and a single ...",https://booking.tignes.net/4-bedrooms-cabin-apartment-9-people-village-montana-tignes-le-lac-les-almes-avp018.html,Tignes Réservation,village-france-tignes-le-lac,4,chalets/images/tignes-reservation-4-bedrooms-cabin-apartment-9-people-village-montana/,2026-10-06,"not in 20-27 Mar dated search (2 adults); pass2: weekly planning; quarter: TIGNES LE LAC - LES ALMES; agency code: RTVILLAGEMONTANARESIDENCE; GPS 45.47195,6.90704"
tignes-reservation-4-bedrooms-chalet-8-people-les-martns-2,4 BEDROOMS CHALET 8 PEOPLE LES MARTNS 2,,Tignes Le Lac,Espace Killy,France,,8,4,1,chalet,self-catered,self-catered,none,unknown,,,,Saturday,7000,whole-chalet,EUR,exact-week,,,,,yes,,,"TIGNES LE LAC - Almes area The apartment Les Martins 2 is a new, luxury, family-friendly apartment. Located in the residence Les Martin's in the quiet area of Les Almes, this flat is close to the ski slopes and the ...",https://booking.tignes.net/4-bedrooms-chalet-8-people-les-martns-2-tignes-le-lac-les-almes-lesmartins2.html,Tignes Réservation,village-france-tignes-le-lac,5,chalets/images/tignes-reservation-4-bedrooms-chalet-8-people-les-martns-2/,2026-10-06,"20-27 Mar bookable on Tignes Réservation for 2 adults: EUR 7000; quarter: TIGNES LE LAC - LES ALMES; agency code: AICIMALPESLAC; GPS 45.47260,6.90910"
tignes-reservation-4-bedrooms-chalet-8-people-les-martns-3,4 BEDROOMS CHALET 8 PEOPLE LES MARTNS 3,,Tignes Le Lac,Espace Killy,France,,8,4,1,chalet,self-catered,self-catered,none,unknown,,,,Saturday,6400,whole-chalet,EUR,exact-week,,,,,yes,,,TIGNES LE LAC - Almes area The Les Martins 3 is a new apartment located in the residence Les Martin's in the quiet area of Les Almes. The ski slopes and the shops are very close. LAYOUT : - Living ...,https://booking.tignes.net/4-bedrooms-chalet-8-people-les-martns-3-tignes-le-lac-les-almes-lesmartins3.html,Tignes Réservation,village-france-tignes-le-lac,5,chalets/images/tignes-reservation-4-bedrooms-chalet-8-people-les-martns-3/,2026-10-06,"20-27 Mar bookable on Tignes Réservation for 2 adults: EUR 6400; quarter: TIGNES LE LAC - LES ALMES; agency code: AICIMALPESLAC; GPS 45.47260,6.90910"
tignes-reservation-4-bedrooms-duplex-chimney-9-people-residence-village-montana-,4 BEDROOMS DUPLEX + CHIMNEY 9 PEOPLE RESIDENCE VILLAGE MONTANA PLANTON,,Tignes Le Lac,Espace Killy,France,,9,4,1,apartment,self-catered,self-catered,none,unknown,,,,,,,,quote-needed,,,,,unknown,,,"LOWER LEVEL • 1 living area with fireplace (one bag with wood for free), TV (Satellite), direct line telephone • 1 open-plan kitchen with vitroceramic hob, oven, microwave, extractor fan, refrigerator, dishwasher, coffee maker, kettle, toaster, pressure cooker, blender and ...",https://booking.tignes.net/4-bedrooms-duplex-chimney-9-people-residence-village-montana-planton-tignes-le-lac-les-almes-avp002.html,Tignes Réservation,village-france-tignes-le-lac,2,chalets/images/tignes-reservation-4-bedrooms-duplex-chimney-9-people-residence-village-montana-/,2026-10-06,"not in 20-27 Mar dated search (2 adults); pass2: weekly planning; quarter: TIGNES LE LAC - LES ALMES; agency code: RTVILLAGEMONTANAPLANTON; GPS 45.47026,6.90726"
tignes-reservation-4-bedrooms-duplex-apartment-10-people-cgh-residence-spa-le-te,4 BEDROOMS DUPLEX APARTMENT 10 PEOPLE CGH RESIDENCE & SPA –LE TELEMARK,,Tignes Le Lac,Espace Killy,France,,10,4,1,apartment,self-catered,self-catered,yes-type-unknown,yes,,,,,,,,quote-needed,,,,,unknown,,,"From 85 to 100sqm - Living room trundle bed, satellite TV, telephone, balcony. - 2 bedrooms with a king size bed - 2 bedrooms with 2 single beds - Kitchen : 4 ceramic hobs, oven, refrigerator, dishwasher,coffee machine. - Bathroom ...",https://booking.tignes.net/4-bedrooms-duplex-apartment-10-people-cgh-residence-spa-le-telemark-tignes-le-lac-les-almes-5d10letelemark.html,Tignes Réservation,village-france-tignes-le-lac,5,chalets/images/tignes-reservation-4-bedrooms-duplex-apartment-10-people-cgh-residence-spa-le-te/,2026-10-06,"not in 20-27 Mar dated search (2 adults); pass2: weekly planning; spa text: Daily newspaper supply Surface : 85 sqm Number of rooms : 4 bedrooms apartment duplex Wellness equipment : Sauna Hammam Jacuzzi Indoor heated pool Spa ...; quarter: TIGNES LE LAC - LES ALMES; agency code: RTCGHLETELEMARK; GPS 45.47313,6.90952"
tignes-reservation-5-bedrooms-10-people-chalet-gypaete-2,5 BEDROOMS 10 PEOPLE CHALET GYPAETE 2,,Tignes Le Lac,Espace Killy,France,,10,5,4,apartment,self-catered,self-catered,none,yes,,,,,,,,quote-needed,,,,,unknown,,,GYPAETE 2 - 6 rooms 10 people - 90m2 Apartment GYPAETE 2 is located on the second and top floor of the chalet. It has a common entrance with the apertment GYPAETE 1 on the ground floor with ski locker ...,https://booking.tignes.net/5-bedrooms-10-people-chalet-gypaete-2-tignes-le-lac-les-almes-gypaete2.html,Tignes Réservation,village-france-tignes-le-lac,5,chalets/images/tignes-reservation-5-bedrooms-10-people-chalet-gypaete-2/,2026-10-06,"not in 20-27 Mar dated search (2 adults); pass2: weekly planning; quarter: TIGNES LE LAC - LES ALMES; agency code: AIROCBLANC; GPS 45.47245,6.90935"
tignes-reservation-5-bedrooms-11-people-apartment-3-3-residence-yeti,5 BEDROOMS 11 PEOPLE APARTMENT 3.3 - RESIDENCE YETI,,Tignes Le Lac,Espace Killy,France,,11,5,2,apartment,self-catered,self-catered,yes-type-unknown,yes,,,,,,,,quote-needed,,,,,unknown,,,"FLAT N°3.3, SLEEPS 12, 135M², 3RD FLOOR 1 living room 1 fully-equipped kitchen 1 bedroom with 2 single beds 90x200 with bathroom and WC (TV in bedroom) 1 bedroom with 2 single beds 90x200 + access to a mezzanine with ...",https://booking.tignes.net/5-bedrooms-11-people-apartment-3-3-residence-yeti-tignes-le-lac-les-almes-avp007.html,Tignes Réservation,village-france-tignes-le-lac,5,chalets/images/tignes-reservation-5-bedrooms-11-people-apartment-3-3-residence-yeti/,2026-10-06,"not in 20-27 Mar dated search (2 adults); pass2: weekly planning; spa text: rking space per flat Ski room with closed ski lockers Free Wi-Fi connection (fibre) Free access to the relaxation area: hot tub, cold bath, sauna ...; residence has shared wellness area; quarter: TIGNES LE LAC - LES ALMES; agency code: RTCHALETHOTELYETI; GPS 45.47161,6.90788"
tignes-reservation-5-bedrooms-12-people-apartment-11-residence-almes-1,5 BEDROOMS 12 PEOPLE APARTMENT 11 - RESIDENCE ALMES 1,,Tignes Le Lac,Espace Killy,France,,12,5,1,apartment,self-catered,self-catered,none,yes,,,,,,,,quote-needed,,,,,unknown,,,"Apartment n°11 Standing 10/12 people, 5th floor, 105m² . 1 bedroom with 2 single beds 90/190 and en-suite shower room + WC . 1 bedroom with 2 single beds 90/190 and en-suite shower room . 1 bedroom with 2 single ...",https://booking.tignes.net/5-bedrooms-12-people-apartment-11-residence-almes-1-tignes-le-lac-les-almes-avp012.html,Tignes Réservation,village-france-tignes-le-lac,5,chalets/images/tignes-reservation-5-bedrooms-12-people-apartment-11-residence-almes-1/,2026-10-06,"not in 20-27 Mar dated search (2 adults); pass2: weekly planning; quarter: TIGNES LE LAC - LES ALMES; agency code: RTALMES1; GPS 45.47246,6.90747"
tignes-reservation-5-bedrooms-13-people-apartment-2-2-residence-yeti,5 BEDROOMS 13 PEOPLE APARTMENT 2.2 - RESIDENCE YETI,,Tignes Le Lac,Espace Killy,France,,13,4,3,apartment,self-catered,self-catered,yes-type-unknown,yes,,,,,,,,quote-needed,,,,,unknown,,,"FLAT N°2.2, SLEEPS 12/13, 140M², 2ND FLOOR 1 living room 1 fully-equipped kitchen 1 bedroom with 2 beds 90x200 and a pull-out bed 190x80 (TV in bedroom) 1 bedroom with 1 bunk bed 80x190 (2 people) 1 bedroom with 2 ...",https://booking.tignes.net/5-bedrooms-13-people-apartment-2-2-residence-yeti-tignes-le-lac-les-almes-avp010.html,Tignes Réservation,village-france-tignes-le-lac,5,chalets/images/tignes-reservation-5-bedrooms-13-people-apartment-2-2-residence-yeti/,2026-10-06,"not in 20-27 Mar dated search (2 adults); pass2: weekly planning; spa text: rking space per flat Ski room with closed ski lockers Free Wi-Fi connection (fibre) Free access to the relaxation area: hot tub, cold bath, sauna ...; residence has shared wellness area; quarter: TIGNES LE LAC - LES ALMES; agency code: RTCHALETHOTELYETI; GPS 45.47162,6.90783"
tignes-reservation-5-bedrooms-14-people-apartment-2-3-residence-yeti,5 BEDROOMS 14 PEOPLE APARTMENT 2.3 - RESIDENCE YETI,,Tignes Le Lac,Espace Killy,France,,14,5,2,apartment,self-catered,self-catered,yes-type-unknown,yes,,,,,,,,quote-needed,,,,,unknown,,,"FLAT N°2.3, SLEEPS 12/14, 190M², 2ND FLOOR 1 fitted kitchen 1 living room 1 single sofa bed 1 bedroom with 2 single beds 90x200 mountain corner style (fake window), shower room and WC (TV in bedroom) 1 bedroom with 2 ...",https://booking.tignes.net/5-bedrooms-14-people-apartment-2-3-residence-yeti-tignes-le-lac-les-almes-avp005.html,Tignes Réservation,village-france-tignes-le-lac,5,chalets/images/tignes-reservation-5-bedrooms-14-people-apartment-2-3-residence-yeti/,2026-10-06,"not in 20-27 Mar dated search (2 adults); pass2: weekly planning; spa text: rking space per flat Ski room with closed ski lockers Free Wi-Fi connection (fibre) Free access to the relaxation area: hot tub, cold bath, sauna ...; residence has shared wellness area; quarter: TIGNES LE LAC - LES ALMES; agency code: RTCHALETHOTELYETI; GPS 45.47160,6.90785"
tignes-reservation-5-bedrooms-apartment-chimney-10-people-residence-village-mont,5 BEDROOMS APARTMENT + CHIMNEY 10 PEOPLE RESIDENCE VILLAGE MONTANA PLANTON,,Tignes Le Lac,Espace Killy,France,,10,5,1,apartment,self-catered,self-catered,none,unknown,,,,,,,,quote-needed,,,,,unknown,,,"• 1 living area with fireplace (one bag with wood for free), TV (Satellite), direct line telephone • 1 open-plan kitchen with vitroceramic hob, oven, microwave, extractor fan, refrigerator, dishwasher, coffee maker, kettle, toaster, pressure cooker, blender and kitchenware • ...",https://booking.tignes.net/5-bedrooms-apartment-chimney-10-people-residence-village-montana-planton-tignes-le-lac-les-almes-avp003.html,Tignes Réservation,village-france-tignes-le-lac,2,chalets/images/tignes-reservation-5-bedrooms-apartment-chimney-10-people-residence-village-mont/,2026-10-06,"not in 20-27 Mar dated search (2 adults); pass2: weekly planning; quarter: TIGNES LE LAC - LES ALMES; agency code: RTVILLAGEMONTANAPLANTON; GPS 45.47026,6.90726"
tignes-reservation-5-bedrooms-apartment-12-people-cgh-residence-spa-le-telemark,5 BEDROOMS APARTMENT 12 PEOPLE CGH RESIDENCE & SPA –LE TELEMARK,,Tignes Le Lac,Espace Killy,France,,12,5,2,apartment,self-catered,self-catered,yes-type-unknown,yes,,,,,,,,quote-needed,,,,,unknown,,,"110 sqm - Living room trundle bed, satellite TV, telephone, balcony. - 2 bedrooms with a king size bed - 3 bedrooms with 2 single beds - Kitchen : 4 ceramic hobs, oven, refrigerator, dishwasher,coffee machine. - 2 bathrooms with ...",https://booking.tignes.net/5-bedrooms-apartment-12-people-cgh-residence-spa-le-telemark-tignes-le-lac-les-almes-612letelemark.html,Tignes Réservation,village-france-tignes-le-lac,5,chalets/images/tignes-reservation-5-bedrooms-apartment-12-people-cgh-residence-spa-le-telemark/,2026-10-06,"not in 20-27 Mar dated search (2 adults); pass2: weekly planning; spa text: rvice Daily newspaper supply Surface : 110 sqm Number of rooms : 5 bedrooms apartment Wellness equipment : Sauna Hammam Jacuzzi Indoor heated pool Spa ...; quarter: TIGNES LE LAC - LES ALMES; agency code: RTCGHLETELEMARK; GPS 45.47309,6.90956"
tignes-reservation-6-bedrooms-14-people-chalet-gypaete-1,6 BEDROOMS 14 PEOPLE CHALET GYPAETE 1,,Tignes Le Lac,Espace Killy,France,,14,6,1,apartment,self-catered,self-catered,yes-type-unknown,unknown,,,,,,,,quote-needed,,,,,unknown,,,GYPAETE 1 - 7 rooms 14 persons - 180m2 Apartment GYPAETE 1 is located on the ground and first floor of the chalet. lay out : - Shared entrance with apartment GYPAETE 2 with ski locker and boots warmer. Ground ...,https://booking.tignes.net/6-bedrooms-14-people-chalet-gypaete-1-tignes-le-lac-les-almes-gypaete1.html,Tignes Réservation,village-france-tignes-le-lac,5,chalets/images/tignes-reservation-6-bedrooms-14-people-chalet-gypaete-1/,2026-10-06,"not in 20-27 Mar dated search (2 adults); pass2: weekly planning; spa text: - Outside seating area with outdoor Jacuzzi, table and chairs - Separate WC SERVICE INCLUDED IN OUR PRICES : - JACUZZI, Wifi, Bedlinen and towels, ...; quarter: TIGNES LE LAC - LES ALMES; agency code: AIROCBLANC; GPS 45.47245,6.90942"
tignes-reservation-6-bedrooms-15-people-apartment-4-2-residence-yeti,6 BEDROOMS 15 PEOPLE APARTMENT 4.2- RESIDENCE YETI,,Tignes Le Lac,Espace Killy,France,,15,6,1,apartment,self-catered,self-catered,yes-type-unknown,yes,,,,,,,,quote-needed,,,,,unknown,,,"FLAT N°4.2, 13/15 PEOPLE, DUPLEX, 160M², 4TH AND 5TH FLOOR Ground floor (level 4) 1 bedroom with 1 double bed (160x200) and en-suite shower room (TV in bedroom) 1 bedroom with 2 single beds (90x200) and en-suite shower room (TV ...",https://booking.tignes.net/6-bedrooms-15-people-apartment-4-2-residence-yeti-tignes-le-lac-les-almes-avp009.html,Tignes Réservation,village-france-tignes-le-lac,5,chalets/images/tignes-reservation-6-bedrooms-15-people-apartment-4-2-residence-yeti/,2026-10-06,"not in 20-27 Mar dated search (2 adults); pass2: weekly planning; spa text: rking space per flat Ski room with closed ski lockers Free Wi-Fi connection (fibre) Free access to the relaxation area: hot tub, cold bath, sauna ...; residence has shared wellness area; quarter: TIGNES LE LAC - LES ALMES; agency code: RTCHALETHOTELYETI; GPS 45.47163,6.90784"
tignes-reservation-6-bedrooms-16-people-apartment-10-residence-almes-2,6 BEDROOMS 16 PEOPLE APARTMENT 10 - RESIDENCE ALMES 2,,Tignes Le Lac,Espace Killy,France,,16,6,1,apartment,self-catered,self-catered,none,yes,,,,,,,,quote-needed,,,,,unknown,,,"ALMES 2 FLAT N°10, 16 PERSONS, 180M², 1ST FLOOR 2 balconies 1 television 1 living room with TV and sofa 1 equipped kitchen 1 dining room 1 bedroom with 1 double bed (160x200) with bathroom and WC, access to mountain ...",https://booking.tignes.net/6-bedrooms-16-people-apartment-10-residence-almes-2-tignes-le-lac-les-almes-avp017.html,Tignes Réservation,village-france-tignes-le-lac,5,chalets/images/tignes-reservation-6-bedrooms-16-people-apartment-10-residence-almes-2/,2026-10-06,"not in 20-27 Mar dated search (2 adults); pass2: weekly planning; quarter: TIGNES LE LAC - LES ALMES; agency code: RTALMES1; GPS 45.47265,6.90777"
tignes-reservation-6-bedrooms-16-people-apartment-20-residence-almes-2,6 BEDROOMS 16 PEOPLE APARTMENT 20 - RESIDENCE ALMES 2,,Tignes Le Lac,Espace Killy,France,,14,6,1,apartment,self-catered,self-catered,none,yes,,,,,,,,quote-needed,,,,,unknown,,,"ALMES 2 FLAT N°20, SLEEPS 14, 180 M², 2ND FLOOR 2 balconies 1 television 1 living room with TV and sofa 1 fitted kitchen 1 dining room Bedroom 1 with 1 bed 160x200 with bathroom and WC, access to balcony ...",https://booking.tignes.net/6-bedrooms-16-people-apartment-20-residence-almes-2-tignes-le-lac-les-almes-avp018.html,Tignes Réservation,village-france-tignes-le-lac,5,chalets/images/tignes-reservation-6-bedrooms-16-people-apartment-20-residence-almes-2/,2026-10-06,"not in 20-27 Mar dated search (2 adults); pass2: weekly planning; quarter: TIGNES LE LAC - LES ALMES; agency code: RTALMES1; GPS 45.47268,6.90777"
tignes-reservation-8-bedrooms-chalet-16-people-annapurna-2-chalet-annapurna,8 BEDROOMS CHALET 16 PEOPLE ANNAPURNA 2 (Chalet Annapurna),,Tignes Le Lac,Espace Killy,France,,16,8,,apartment,self-catered,-stay cleaning À LA CARTE SERVICES (at extra cost): - Breakfast prepared by our chef - Private chef - Ski and snowboard hire directly at the chalet - boot fitting ...,yes-type-unknown,yes,,,,,,,,quote-needed,,,,,unknown,,,"ANNAPURNA LODGES***** - GANGA - 12 rooms - 16 guests - 450 m² - 4 floors, with lift. GROUND FLOOR: - 2 private parking spaces (2.20 m high) - 1 beautifully fitted, bespoke ski room with a wardrobe, storage for ...",https://booking.tignes.net/8-bedrooms-chalet-16-people-annapurna-2-tignes-le-lac-les-almes-annapurna2.html,Tignes Réservation,village-france-tignes-le-lac,5,chalets/images/tignes-reservation-8-bedrooms-chalet-16-people-annapurna-2-chalet-annapurna/,2026-10-06,"not in 20-27 Mar dated search (2 adults); pass2: weekly planning; catering mentioned in description; spa text: - 1 relaxation area featuring: * A bespoke sauna made from genuine aspen - a large 7-seater jacuzzi - a walk-in shower - a toilet ...; quarter: TIGNES LE LAC - LES ALMES; agency code: AIROCBLANC; GPS 45.47282,6.90830; corrected: chef/breakfast are a-la-carte extras at extra cost, not catered (spot-check)"
tignes-reservation-9-bedrooms-19-people-apartment-4-1-residence-yeti,9 BEDROOMS 19 PEOPLE APARTMENT 4.1 - RESIDENCE YETI,,Tignes Le Lac,Espace Killy,France,,19,9,2,apartment,self-catered,self-catered,yes-type-unknown,yes,,,,,,,,quote-needed,,,,,unknown,,,"FLAT N°4.2, 18/20 PEOPLE, DUPLEX, 200M², 4TH AND 5TH FLOOR GROUND FLOOR (level 4) 1 bedroom with 2 single beds (90x200), mountain corner type (TV in bedroom) 1 bedroom with 2 single beds (90x200) and balcony (TV in bedroom) 1 ...",https://booking.tignes.net/9-bedrooms-19-people-apartment-4-1-residence-yeti-tignes-le-lac-les-almes-avp008.html,Tignes Réservation,village-france-tignes-le-lac,5,chalets/images/tignes-reservation-9-bedrooms-19-people-apartment-4-1-residence-yeti/,2026-10-06,"not in 20-27 Mar dated search (2 adults); pass2: weekly planning; spa text: rking space per flat Ski room with closed ski lockers Free Wi-Fi connection (fibre) Free access to the relaxation area: hot tub, cold bath, sauna ...; residence has shared wellness area; quarter: TIGNES LE LAC - LES ALMES; agency code: RTCHALETHOTELYETI; GPS 45.47163,6.90784"
tignes-reservation-apartment-2-bedrooms,Apartment 2 bedrooms,,Tignes Le Lac,Espace Killy,France,,4,2,1,apartment,self-catered,self-catered,none,unknown,,,,,,,,quote-needed,,,,,unknown,,,"Ideal for up to four guests, this 45 m² two-bedroom apartment offers a warm and refined setting. It features two bedrooms with twin beds, a bathroom with a bathtub, and a private balcony, perfect for extending moments of relaxation. Ideally ...",https://booking.tignes.net/apartment-2-bedrooms-tignes-le-lac-les-almes-avp001.html,Tignes Réservation,village-france-tignes-le-lac,5,chalets/images/tignes-reservation-apartment-2-bedrooms/,2026-10-06,"not in 20-27 Mar dated search (2 adults); pass2: weekly planning; quarter: TIGNES LE LAC - LES ALMES; agency code: RTVILLAGEMONTANARESIDENCE; GPS 45.47134,6.90692"
tignes-reservation-apartment-2-bedrooms-sofa-bed,Apartment 2 bedrooms + Sofa Bed,,Tignes Le Lac,Espace Killy,France,,6,2,1,apartment,self-catered,self-catered,none,unknown,,,,,,,,quote-needed,,,,,unknown,,,"Designed to accommodate up to six guests, this 45 m² two-bedroom + sofa bed apartment combines comfort and practicality in a warm atmosphere. It features two bedrooms with twin beds, a sofa bed for children under 13, a bathroom with ...",https://booking.tignes.net/apartment-2-bedrooms-sofa-bed-tignes-le-lac-les-almes-avp008.html,Tignes Réservation,village-france-tignes-le-lac,4,chalets/images/tignes-reservation-apartment-2-bedrooms-sofa-bed/,2026-10-06,"not in 20-27 Mar dated search (2 adults); pass2: weekly planning; quarter: TIGNES LE LAC - LES ALMES; agency code: RTVILLAGEMONTANARESIDENCE; GPS 45.47120,6.90687"
tignes-reservation-apartment-3-bedrooms,Apartment 3 bedrooms,,Tignes Le Lac,Espace Killy,France,,6,3,2,apartment,self-catered,self-catered,none,unknown,,,,,,,,quote-needed,,,,,unknown,,,"Perfect for up to six guests, this 55 m² three-bedroom apartment offers a spacious and comfortable setting. It features three bedrooms with twin beds, two bathroom with a bathtub or shower, and a private balcony. Some apartments are spread over ...",https://booking.tignes.net/apartment-3-bedrooms-tignes-le-lac-les-almes-avp004.html,Tignes Réservation,village-france-tignes-le-lac,5,chalets/images/tignes-reservation-apartment-3-bedrooms/,2026-10-06,"not in 20-27 Mar dated search (2 adults); pass2: weekly planning; quarter: TIGNES LE LAC - LES ALMES; agency code: RTVILLAGEMONTANARESIDENCE; GPS 45.47115,6.90702"
tignes-reservation-apartment-3-bedrooms-cabin-sauna,Apartment 3 bedrooms + Cabin + Sauna,,Tignes Le Lac,Espace Killy,France,,8,3,1,apartment,self-catered,self-catered,none,yes,,,,,,,,quote-needed,,,,,unknown,,,"Ideal for up to eight guests, this 100 m² three-bedroom plus cabin apartment with a sauna combines space, comfort, and high-end amenities. Spread over two levels, it features one double bedroom and two bedrooms with twin beds, a cabin area ...",https://booking.tignes.net/apartment-3-bedrooms-cabin-sauna-tignes-le-lac-les-almes-avp002.html,Tignes Réservation,village-france-tignes-le-lac,5,chalets/images/tignes-reservation-apartment-3-bedrooms-cabin-sauna/,2026-10-06,"not in 20-27 Mar dated search (2 adults); pass2: weekly planning; quarter: TIGNES LE LAC - LES ALMES; agency code: RTVILLAGEMONTANARESIDENCE; GPS 45.47116,6.90702"
tignes-reservation-apartment-3-bedrooms-fireplace,Apartment 3 bedrooms + fireplace,,Tignes Le Lac,Espace Killy,France,,6,3,1,apartment,self-catered,self-catered,none,unknown,,,,,,,,quote-needed,,,,,unknown,,,"Offering generous space across 64 m², this three-bedroom + fireplace apartment accommodates up to six guests in a warm and elegant atmosphere. It features three bedrooms with twin beds, two bathroom with bathtub ans shower, and a private balcony. The ...",https://booking.tignes.net/apartment-3-bedrooms-fireplace-tignes-le-lac-les-almes-avp005.html,Tignes Réservation,village-france-tignes-le-lac,5,chalets/images/tignes-reservation-apartment-3-bedrooms-fireplace/,2026-10-06,"not in 20-27 Mar dated search (2 adults); pass2: weekly planning; quarter: TIGNES LE LAC - LES ALMES; agency code: RTVILLAGEMONTANARESIDENCE; GPS 45.47129,6.90693"
tignes-reservation-apartment-4-bedrooms,Apartment 4 bedrooms,,Tignes Le Lac,Espace Killy,France,,8,4,2,apartment,self-catered,self-catered,none,unknown,,,,,,,,quote-needed,,,,,unknown,,,"Perfect for up to eight guests, this 70 m² four-bedroom apartment offers a comfortable and functional setting. Spread over two levels, each bedroom features twin beds, and the apartment includes two bathrooms with bathtub, as well as a private balcony ...",https://booking.tignes.net/apartment-4-bedrooms-tignes-le-lac-les-almes-avp006.html,Tignes Réservation,village-france-tignes-le-lac,5,chalets/images/tignes-reservation-apartment-4-bedrooms/,2026-10-06,"not in 20-27 Mar dated search (2 adults); pass2: weekly planning; quarter: TIGNES LE LAC - LES ALMES; agency code: RTVILLAGEMONTANARESIDENCE; GPS 45.47127,6.90696"
tignes-reservation-apartment-4-bedrooms-cabin-10-people,Apartment 4 bedrooms + cabin - 10 people,,Tignes Le Lac,Espace Killy,France,,10,4,,apartment,self-catered,self-catered,none,unknown,,,,,,,,quote-needed,,,,,unknown,,,"Ideal for up to ten guests, this 100 m² four-bedroom plus cabin apartment offers a spacious and functional living space. It features bedrooms with double beds (or twin beds on request), a cabin area with bunk beds for children under ...",https://booking.tignes.net/apartment-4-bedrooms-cabin-10-people-tignes-le-lac-les-almes-avp019.html,Tignes Réservation,village-france-tignes-le-lac,5,chalets/images/tignes-reservation-apartment-4-bedrooms-cabin-10-people/,2026-10-06,not in 20-27 Mar dated search (2 adults); pass2: weekly planning; quarter: TIGNES LE LAC - LES ALMES; agency code: RTVILLAGEMONTANARESIDENCE
tignes-reservation-apartment-5-bedrooms,Apartment 5 bedrooms,,Tignes Le Lac,Espace Killy,France,,10,5,2,apartment,self-catered,self-catered,none,unknown,,,,,,,,quote-needed,,,,,unknown,,,"Designed to accommodate up to ten guests, this 100 m² five-bedroom apartment combines space and comfort across two levels. One bedroom features a double bed and 4 bedrooms features twin beds, and the apartment includes three bathrooms with showers and ...",https://booking.tignes.net/apartment-5-bedrooms-tignes-le-lac-les-almes-avp007.html,Tignes Réservation,village-france-tignes-le-lac,5,chalets/images/tignes-reservation-apartment-5-bedrooms/,2026-10-06,"not in 20-27 Mar dated search (2 adults); pass2: weekly planning; quarter: TIGNES LE LAC - LES ALMES; agency code: RTVILLAGEMONTANARESIDENCE; GPS 45.47127,6.90699"
tignes-reservation-chalet-3-bedrooms-12-people-lys-martagon-chalet-lys-martagon,CHALET 3 BEDROOMS 12 PEOPLE LYS MARTAGON (Chalet Lys Martagon),,Tignes Le Lac,Espace Killy,France,,12,5,,chalet,self-catered,self-catered,private-outdoor,yes,,,,,,,,quote-needed,,,,,unknown,,,Location Information Area : TIGNES LE LAC - LES ALMES,https://booking.tignes.net/chalet-3-bedrooms-12-people-lys-martagon-tignes-le-lac-les-almes-chaletlysmartagon.html,Tignes Réservation,village-france-tignes-le-lac,5,chalets/images/tignes-reservation-chalet-3-bedrooms-12-people-lys-martagon-chalet-lys-martagon/,2026-10-06,"not in 20-27 Mar dated search (2 adults); pass2: weekly planning; spa text: maximum : 12 people Number of bedrooms : 5 bedroom Orientation : South facing Balcony/terrace : Balcony / terrace Sauna/Jacuzzi/Steam room WIFI included Details Bedroom ...; quarter: TIGNES LE LAC - LES ALMES; agency code: SKIFAMILLECOUK; GPS 45.47257,6.90843"
tignes-reservation-chalet-4-bedrooms-10-people-ambre-chalet-ambre,CHALET 4 BEDROOMS 10 PEOPLE AMBRE (Chalet Ambre),,Tignes Le Lac,Espace Killy,France,,10,4,4,chalet,self-catered,self-catered,private-outdoor,unknown,,,,,,,,quote-needed,,,,,unknown,,,Location Information Area : TIGNES LE LAC - LES ALMES,https://booking.tignes.net/chalet-4-bedrooms-10-people-ambre-tignes-le-lac-les-almes-chaletambre.html,Tignes Réservation,village-france-tignes-le-lac,5,chalets/images/tignes-reservation-chalet-4-bedrooms-10-people-ambre-chalet-ambre/,2026-10-06,"not in 20-27 Mar dated search (2 adults); pass2: weekly planning; spa text: ation : South / West facing West facing Car park : 1 Private indoor car park(s) space(s) Car park Washing machine Sauna/Jacuzzi/Steam room WIFI included ...; quarter: TIGNES LE LAC - LES ALMES; agency code: TOALPINECULTURE; GPS 45.47242,6.90836"
tignes-reservation-chalet-5-bedrooms-10-people-annapurna-1-chalet-annapurna,CHALET 5 BEDROOMS 10 PEOPLE ANNAPURNA 1 (Chalet Annapurna),,Tignes Le Lac,Espace Killy,France,,10,5,5,chalet,self-catered,of-stay cleaning À LA CARTE SERVICES at extra cost: - Breakfast prepared by our chef - Private chef - Ski and snowboard hire directly at the chalet - boot fitting ...,private-indoor,yes,,,,,,,,quote-needed,,,,,unknown,,,"ANNAPURNA LODGES***** ‘MACHA’ - 6 rooms, sleeps 10 - 250 m² over 3 floors. On the SNOW LEVEL: - 2 private parking spaces (2.30 m high; 1 space is only 4 metres deep). - 1 large entrance hall finished in ...",https://booking.tignes.net/chalet-5-bedrooms-10-people-annapurna-1-tignes-le-lac-les-almes-annapurna1.html,Tignes Réservation,village-france-tignes-le-lac,5,chalets/images/tignes-reservation-chalet-5-bedrooms-10-people-annapurna-1-chalet-annapurna/,2026-10-06,"not in 20-27 Mar dated search (2 adults); pass2: weekly planning; catering mentioned in description; spa text: hall finished in reclaimed timber with benches, ski lockers and a boot warmer - 1 wellness and relaxation area: sauna - Jacuzzi - shower and ...; quarter: TIGNES LE LAC - LES ALMES; agency code: AIROCBLANC; GPS 45.47286,6.90828; corrected: chef/breakfast are a-la-carte extras at extra cost, not catered (spot-check)"
tignes-reservation-chalet-5-bedrooms-10-people-la-perle-chalet-la-perle,CHALET 5 BEDROOMS 10 PEOPLE LA PERLE (Chalet La Perle),,Tignes Le Lac,Espace Killy,France,,10,5,4,chalet,self-catered,self-catered,private-outdoor,unknown,,,,,,,,quote-needed,,,,,unknown,,,"CATEGORIE CHARME : 110m² chalet featuring 6 rooms and fit for accommodating up to 9 people, located in Tignes le Lac. Including: Entrance on 1st floor with ski room and boot dryer. 1 bedroom with single bed and shower room, ...",https://booking.tignes.net/chalet-5-bedrooms-10-people-la-perle-tignes-le-lac-les-almes-chaletlaperle.html,Tignes Réservation,village-france-tignes-le-lac,5,chalets/images/tignes-reservation-chalet-5-bedrooms-10-people-la-perle-chalet-la-perle/,2026-10-06,"not in 20-27 Mar dated search (2 adults); pass2: weekly planning; spa text: Orientation : South / East facing Balcony/terrace : Balcony / terrace WIFI included Chimney / Wood-burning stove Sauna/Jacuzzi/Steam room Details Bedroom 1 : 2 single ...; quarter: TIGNES LE LAC - LES ALMES; agency code: SKIFAMILLECOUK; GPS 45.47280,6.90885"
tignes-reservation-2-bedrooms-8-people-apartment-10-residence-cap-neige,2 BEDROOMS 8 PEOPLE APARTMENT 10 - RESIDENCE CAP NEIGE,,Tignes Le Lac,Espace Killy,France,,8,2,1,apartment,self-catered,self-catered,yes-type-unknown,yes,,,,,,,,quote-needed,,,,,unknown,,,"APARTMENT N°10, STANDING 6/8 PEOPLE, 1st FLOOR, 60M ², SOUTH FACING - 1 room with 2 beds 90/200 with shower and toilet 1 cabin with 1 bunk bed 1 small room (cabin # 2) with a double bed (140 * ...",https://booking.tignes.net/2-bedrooms-8-people-apartment-10-residence-cap-neige-tignes-le-lac-le-rosset-avp004.html,Tignes Réservation,village-france-tignes-le-lac,5,chalets/images/tignes-reservation-2-bedrooms-8-people-apartment-10-residence-cap-neige/,2026-10-06,"not in 20-27 Mar dated search (2 adults); pass2: weekly planning; spa text: parking space Hauteur max 2 m Surface : 60 sqm Number of rooms : 2 bedrooms apartment Wellness equipment : Sauna Hammam Jacuzzi Indoor heated ...; residence has shared wellness area; quarter: TIGNES LE LAC - LE ROSSET; agency code: RTCAPNEIGE; GPS 45.46860,6.90971"
tignes-reservation-2-bedrooms-8-people-apartment-21-residence-cap-neige,2 BEDROOMS 8 PEOPLE APARTMENT 21 - RESIDENCE CAP NEIGE,,Tignes Le Lac,Espace Killy,France,,8,2,1,apartment,self-catered,self-catered,yes-type-unknown,yes,,,,,,,,quote-needed,,,,,unknown,,,APARTMENT N ° 21 STANDING 6/8 PEOPLE 2ND FLOOR 60M² SOUTH FACING 1 room with 2 beds 90/200 with shower and toilet 1 cabin with 1 bunk bed 1 small room (cabin # 2) with a double bed (140 * ...,https://booking.tignes.net/2-bedrooms-8-people-apartment-21-residence-cap-neige-tignes-le-lac-le-rosset-avp006.html,Tignes Réservation,village-france-tignes-le-lac,5,chalets/images/tignes-reservation-2-bedrooms-8-people-apartment-21-residence-cap-neige/,2026-10-06,"not in 20-27 Mar dated search (2 adults); pass2: weekly planning; spa text: parking space Hauteur max 2 m Surface : 60 sqm Number of rooms : 2 bedrooms apartment Wellness equipment : Sauna Hammam Jacuzzi Indoor heated ...; residence has shared wellness area; quarter: TIGNES LE LAC - LE ROSSET; agency code: RTCAPNEIGE; GPS 45.46860,6.90971"
tignes-reservation-2-bedrooms-apartment-8-people-chalet-marmotte-chalet-la-marmo,2 BEDROOMS APARTMENT 8 PEOPLE CHALET MARMOTTE (Chalet La Marmotte),,Tignes Le Lac,Espace Killy,France,,8,2,1,apartment,self-catered,self-catered,none,no,,,,,,,,quote-needed,,,,,unknown,,,Location Information Area : TIGNES LE LAC - LE ROSSET,https://booking.tignes.net/2-bedrooms-apartment-8-people-chalet-marmotte-tignes-le-lac-le-rosset-marmotte.html,Tignes Réservation,village-france-tignes-le-lac,5,chalets/images/tignes-reservation-2-bedrooms-apartment-8-people-chalet-marmotte-chalet-la-marmo/,2026-10-06,"not in 20-27 Mar dated search (2 adults); pass2: weekly planning; quarter: TIGNES LE LAC - LE ROSSET; agency code: LPREYMOND; GPS 45.46886,6.90850"
tignes-reservation-2-bedrooms-duplex-with-mezzanine-8-people-apartment-80-reside,2 BEDROOMS DUPLEX WITH MEZZANINE 8 PEOPLE APARTMENT 80 -RESIDENCE DENALI,,Tignes Le Lac,Espace Killy,France,,8,2,3,apartment,self-catered,self-catered,yes-type-unknown,yes,,,,,,,,quote-needed,,,,,unknown,,,"FLAT N°80, SLEEPS 8, DUPLEX, 115M², 4TH AND 5TH FLOOR Ground floor (level 4) 1 balcony overlooking the slopes 1 living room 1 fully equipped kitchen 1 bedroom with double bed (160x200) and en-suite shower room and wc 1 bedroom ...",https://booking.tignes.net/2-bedrooms-duplex-with-mezzanine-8-people-apartment-80-residence-denali-tignes-le-lac-le-rosset-avp010.html,Tignes Réservation,village-france-tignes-le-lac,5,chalets/images/tignes-reservation-2-bedrooms-duplex-with-mezzanine-8-people-apartment-80-reside/,2026-10-06,"not in 20-27 Mar dated search (2 adults); pass2: weekly planning; spa text: ularity of the Denali will finally be revealed in its aquatic area with swimming pool, paddling pool, sauna, hammam and hot tub which will allow ...; residence has shared wellness area; quarter: TIGNES LE LAC - LE ROSSET; agency code: RTDENALI; GPS 45.46947,6.90839"
tignes-reservation-2-bedrooms-mezzanine-8-people-apartment-30-residence-cap-neig,2 BEDROOMS MEZZANINE 8 PEOPLE APARTMENT 30 - RESIDENCE CAP NEIGE,,Tignes Le Lac,Espace Killy,France,,8,2,1,apartment,self-catered,self-catered,yes-type-unknown,yes,,,,Saturday,4123,whole-chalet,EUR,exact-week,,,,,yes,,,"APARTMENT N ° 30 STANDING 8 PEOPLE, 3rd FLOOR, 62M ² - 1 room with 2 beds 90/200 - balcony facing north 1 room with 2 beds 90/200 with shower and toilet - balcony facing north 1 bathroom with bath ...",https://booking.tignes.net/2-bedrooms-mezzanine-8-people-apartment-30-residence-cap-neige-tignes-le-lac-le-rosset-avp009.html,Tignes Réservation,village-france-tignes-le-lac,5,chalets/images/tignes-reservation-2-bedrooms-mezzanine-8-people-apartment-30-residence-cap-neig/,2026-10-06,"20-27 Mar bookable on Tignes Réservation for 2 adults: EUR 4123; spa text: e Hauteur max 2 m Surface : 62 sqm Number of rooms : 2 bedrooms apartment + mezzanine Wellness equipment : Sauna Hammam Jacuzzi Indoor ...; residence has shared wellness area; quarter: TIGNES LE LAC - LE ROSSET; agency code: RTCAPNEIGE; GPS 45.46860,6.90972"
tignes-reservation-3-bedrooms-8-people-residence-denali,3 BEDROOMS 8 PEOPLE - RESIDENCE DENALI,,Tignes Le Lac,Espace Killy,France,,8,3,2,apartment,self-catered,self-catered,shared,yes,,,,Saturday,5670,whole-chalet,EUR,exact-week,,,,,yes,,,"FLAT SLEEPS 8, 87M², LEVEL -1 OR GROUND FLOOR OR 1ST, 2ND OR 3RD FLOOR 1 balcony with views of the slopes 1 living room 1 fully equipped kitchen 1 bedroom with 1 double bed (160x200) and en-suite shower room ...",https://booking.tignes.net/3-bedrooms-8-people-residence-denali-tignes-le-lac-le-rosset-avp008.html,Tignes Réservation,village-france-tignes-le-lac,5,chalets/images/tignes-reservation-3-bedrooms-8-people-residence-denali/,2026-10-06,"20-27 Mar bookable on Tignes Réservation for 2 adults: EUR 5670; spa text: ularity of the Denali will finally be revealed in its aquatic area with swimming pool, paddling pool, sauna, hammam and hot tub which will allow ...; residence has shared wellness area; quarter: TIGNES LE LAC - LE ROSSET; agency code: RTDENALI; GPS 45.46949,6.90838; corrected: jacuzzi is in collective residence wellness area (spot-check)"
tignes-reservation-3-bedrooms-8-people-residence-denali-g-rtdenali-avp009,3 BEDROOMS 8 PEOPLE - RESIDENCE DENALI,,Tignes Le Lac,Espace Killy,France,,8,3,4,apartment,self-catered,self-catered,yes-type-unknown,yes,,,,,,,,quote-needed,,,,,unknown,,,"FLAT FOR 8 PEOPLE, 97M², 1ST, 2ND OR 3RD FLOOR 2 balconies with views of Lac de Tignes and the Grande Motte glacier 1 living room 1 fully equipped kitchen 2 bedrooms with 2 single beds (90x200) with shower room ...",https://booking.tignes.net/3-bedrooms-8-people-residence-denali-tignes-le-lac-le-rosset-avp009.html,Tignes Réservation,village-france-tignes-le-lac,5,chalets/images/tignes-reservation-3-bedrooms-8-people-residence-denali-g-rtdenali-avp009/,2026-10-06,"not in 20-27 Mar dated search (2 adults); pass2: weekly planning; spa text: ularity of the Denali will finally be revealed in its aquatic area with swimming pool, paddling pool, sauna, hammam and hot tub which will allow ...; residence has shared wellness area; quarter: TIGNES LE LAC - LE ROSSET; agency code: RTDENALI; GPS 45.46944,6.90840"
tignes-reservation-3-bedrooms-8-people-residence-denali-g-rtdenali-avp007,3 BEDROOMS 8 PEOPLE - RESIDENCE DENALI,,Tignes Le Lac,Espace Killy,France,,8,3,3,apartment,self-catered,self-catered,yes-type-unknown,yes,,,,,,,,quote-needed,,,,,unknown,,,"FLAT SLEEPS 8, 81M², 1ST, 2ND OR 3RD FLOOR 1 balcony overlooking the slopes 1 living room 1 fully equipped kitchen 2 bedrooms with 2 single beds (90x200) and en-suite shower room and WC 1 bedroom with 1 double bed ...",https://booking.tignes.net/3-bedrooms-8-people-residence-denali-tignes-le-lac-le-rosset-avp007.html,Tignes Réservation,village-france-tignes-le-lac,5,chalets/images/tignes-reservation-3-bedrooms-8-people-residence-denali-g-rtdenali-avp007/,2026-10-06,"not in 20-27 Mar dated search (2 adults); pass2: weekly planning; spa text: ularity of the Denali will finally be revealed in its aquatic area with swimming pool, paddling pool, sauna, hammam and hot tub which will allow ...; residence has shared wellness area; quarter: TIGNES LE LAC - LE ROSSET; agency code: RTDENALI; GPS 45.46948,6.90836"
tignes-reservation-3-bedrooms-8-people-apartment-1-residence-cap-neige,3 BEDROOMS 8 PEOPLE APARTMENT 1 - RESIDENCE CAP NEIGE,,Tignes Le Lac,Espace Killy,France,,8,2,1,apartment,self-catered,self-catered,yes-type-unknown,yes,,,,,,,,quote-needed,,,,,unknown,,,"Apartement n°1, 8 people, ground floor, 83m², south exposition - 1 room with 2 beds in 90/200 - balcony facing south 1 room with 2 beds in 90/200 - balcony facing south 1 bathroom with bath 1 separate wc Living ...",https://booking.tignes.net/3-bedrooms-8-people-apartment-1-residence-cap-neige-tignes-le-lac-le-rosset-avp002.html,Tignes Réservation,village-france-tignes-le-lac,5,chalets/images/tignes-reservation-3-bedrooms-8-people-apartment-1-residence-cap-neige/,2026-10-06,"not in 20-27 Mar dated search (2 adults); pass2: weekly planning; spa text: parking space Hauteur max 2 m Surface : 83 sqm Number of rooms : 3 bedrooms apartment Wellness equipment : Sauna Hammam Jacuzzi Indoor heated ...; residence has shared wellness area; quarter: TIGNES LE LAC - LE ROSSET; agency code: RTCAPNEIGE; GPS 45.46860,6.90971"
tignes-reservation-3-bedrooms-apartment-8-people-hauts-lieux-a3,3 BEDROOMS APARTMENT 8 PEOPLE HAUTS LIEUX A3,,Tignes Le Lac,Espace Killy,France,,8,3,1,apartment,self-catered,self-catered,none,no,,,,,,,,quote-needed,,,,,unknown,,,"The ""chalet La Grande Motte"" apartment is a renovated 4-rooms apartment for 8 people, with 3 bedrooms and 2 bathrooms.It represents a rare mountain holidays proposal, because of its layout, equipment and comfort. Issu of remarkable renovation, more welcome in ...",https://booking.tignes.net/3-bedrooms-apartment-8-people-hauts-lieux-a3-tignes-le-lac-le-rosset-hlieuxa3.html,Tignes Réservation,village-france-tignes-le-lac,5,chalets/images/tignes-reservation-3-bedrooms-apartment-8-people-hauts-lieux-a3/,2026-10-06,"not in 20-27 Mar dated search (2 adults); pass2: weekly planning; quarter: TIGNES LE LAC - LE ROSSET; agency code: AIROCBLANC; GPS 45.46846,6.90916"
tignes-reservation-3-bedrooms-apartment-8-people-rosset-305,3 BEDROOMS APARTMENT 8 PEOPLE ROSSET 305,,Tignes Le Lac,Espace Killy,France,,8,3,1,apartment,self-catered,self-catered,none,no,,,,Saturday,2100,whole-chalet,EUR,exact-week,,,,,yes,,,"Located in Tignes le Lac next to the service (supermarket, restaurant, pub, bakery, sport shop...). KITCHEN : 4 hobs, oven, microwave, fridge, dishwasher, washing machin LIVING ROOM : Sofa, TV BEDROOM 1 : Double bed 140cm BEDROOM 2 : 4 ...",https://booking.tignes.net/3-bedrooms-apartment-8-people-rosset-305-tignes-le-lac-le-rosset-127.html,Tignes Réservation,village-france-tignes-le-lac,5,chalets/images/tignes-reservation-3-bedrooms-apartment-8-people-rosset-305/,2026-10-06,"20-27 Mar bookable on Tignes Réservation for 2 adults: EUR 2100; quarter: TIGNES LE LAC - LE ROSSET; agency code: AIGESTIGNES; GPS 45.46869,6.90907"
tignes-reservation-3-bedrooms-duplex-10-people-apartment-22-residence-cap-neige,3 BEDROOMS DUPLEX 10 PEOPLE APARTMENT 22 - RESIDENCE CAP NEIGE,,Tignes Le Lac,Espace Killy,France,,8,3,1,apartment,self-catered,self-catered,yes-type-unknown,yes,,,,,,,,quote-needed,,,,,unknown,,,"APARTMENT N ° 22 STANDING 8/10 PEOPLE DUPLEX (LEVEL 1 AND 2) 93.5M², SOUTH EXHIBITION Access by level 2 + 1 room with 2 beds 90/200 with shower and toilet (south facing balcony) 1 separate toilet 1 sofa => sleeping ...",https://booking.tignes.net/3-bedrooms-duplex-10-people-apartment-22-residence-cap-neige-tignes-le-lac-le-rosset-avp007.html,Tignes Réservation,village-france-tignes-le-lac,5,chalets/images/tignes-reservation-3-bedrooms-duplex-10-people-apartment-22-residence-cap-neige/,2026-10-06,"not in 20-27 Mar dated search (2 adults); pass2: weekly planning; spa text: 5 sqm Number of rooms : 3 bedrooms apartment duplex Wellness equipment : Sauna Hammam Jacuzzi Indoor heated pool Capacity maximum : 8 people Number ...; residence has shared wellness area; quarter: TIGNES LE LAC - LE ROSSET; agency code: RTCAPNEIGE; GPS 45.46860,6.90971"
tignes-reservation-3-bedrooms-duplex-with-mezzanine-10-people-apartment-81-resid,3 BEDROOMS DUPLEX WITH MEZZANINE 10 PEOPLE APARTMENT 81 - RESIDENCE DENALI,,Tignes Le Lac,Espace Killy,France,,10,3,4,apartment,self-catered,self-catered,yes-type-unknown,yes,,,,,,,,quote-needed,,,,,unknown,,,"FLAT N°81, SLEEPS 10, DUPLEX, 107M², 4TH AND 5TH FLOOR Ground floor (level 4) 1 balcony overlooking the slopes 1 living room with TV and sofa 1 fully equipped kitchen 2 bedrooms with 2 single beds (90x200), shower room and ...",https://booking.tignes.net/3-bedrooms-duplex-with-mezzanine-10-people-apartment-81-residence-denali-tignes-le-lac-le-rosset-avp011.html,Tignes Réservation,village-france-tignes-le-lac,5,chalets/images/tignes-reservation-3-bedrooms-duplex-with-mezzanine-10-people-apartment-81-resid/,2026-10-06,"not in 20-27 Mar dated search (2 adults); pass2: weekly planning; spa text: ularity of the Denali will finally be revealed in its aquatic area with swimming pool, paddling pool, sauna, hammam and hot tub which will allow ...; residence has shared wellness area; quarter: TIGNES LE LAC - LE ROSSET; agency code: RTDENALI; GPS 45.46946,6.90841"
tignes-reservation-4-bedrooms-apartment-8-people-rosset-401,4 BEDROOMS APARTMENT 8 PEOPLE ROSSET 401,,Tignes Le Lac,Espace Killy,France,,8,4,1,apartment,self-catered,self-catered,none,unknown,,,,,,,,quote-needed,,,,,unknown,,,"TIGNES - LE LAC The Rosset 401 apartment is located on the 4th floor of the residence Le Rosset, ideally placed in the heart of Tignes le Lac. It can accommodate up to 8 people and has a south-west exposure ...",https://booking.tignes.net/4-bedrooms-apartment-8-people-rosset-401-tignes-le-lac-le-rosset-rosset401.html,Tignes Réservation,village-france-tignes-le-lac,5,chalets/images/tignes-reservation-4-bedrooms-apartment-8-people-rosset-401/,2026-10-06,"not in 20-27 Mar dated search (2 adults); pass2: weekly planning; quarter: TIGNES LE LAC - LE ROSSET; agency code: AICIMALPESLAC; GPS 45.46940,6.90905"
tignes-reservation-4-bedrooms-apartment-10-people-rosset-405,4 BEDROOMS APARTMENT 10 PEOPLE ROSSET 405,,Tignes Le Lac,Espace Killy,France,,10,4,1,apartment,self-catered,self-catered,none,no,,,,Saturday,2395,whole-chalet,EUR,exact-week,,,,,yes,,,"Located in Tignes le Lac next to the service (supermarket, restaurant, pub, bakery, sport shop...). KITCHEN : 4 hobs, oven, microwave, fridge, dishwasher LIVING ROOM : Sofa, single sofa bed, WIFI BEDROOM 1 : Double bed 140cm BEDROOM 2 : ...",https://booking.tignes.net/4-bedrooms-apartment-10-people-rosset-405-tignes-le-lac-le-rosset-109.html,Tignes Réservation,village-france-tignes-le-lac,5,chalets/images/tignes-reservation-4-bedrooms-apartment-10-people-rosset-405/,2026-10-06,"20-27 Mar bookable on Tignes Réservation for 2 adults: EUR 2395; quarter: TIGNES LE LAC - LE ROSSET; agency code: AIGESTIGNES; GPS 45.46869,6.90907"
tignes-reservation-4-bedrooms-duplex-10-people-apartment-23-residence-cap-neige,4 BEDROOMS DUPLEX 10 PEOPLE APARTMENT 23 - RESIDENCE CAP NEIGE,,Tignes Le Lac,Espace Killy,France,,10,4,2,apartment,self-catered,self-catered,yes-type-unknown,yes,,,,,,,,quote-needed,,,,,unknown,,,"APARTMENT N ° 23 STANDING 8/10 PEOPLE DUPLEX (LEVEL 1 AND 2) 93M², NORTH EXHIBITION Access by level 2 + 1 kitchen 1 balcony - north orientation 1 sofa => sleeping for 2 in the living room 1 room with ...",https://booking.tignes.net/4-bedrooms-duplex-10-people-apartment-23-residence-cap-neige-tignes-le-lac-le-rosset-avp008.html,Tignes Réservation,village-france-tignes-le-lac,5,chalets/images/tignes-reservation-4-bedrooms-duplex-10-people-apartment-23-residence-cap-neige/,2026-10-06,"not in 20-27 Mar dated search (2 adults); pass2: weekly planning; spa text: space Hauteur max 2 m Surface : 93 sqm Number of rooms : 4 bedrooms apartment duplex Wellness equipment : Sauna Hammam Jacuzzi Indoor heated ...; residence has shared wellness area; quarter: TIGNES LE LAC - LE ROSSET; agency code: RTCAPNEIGE; GPS 45.46860,6.90971"
tignes-reservation-4-bedrooms-duplex-10people-apartment-82-residence-denali,4 BEDROOMS DUPLEX 10PEOPLE APARTMENT 82 - RESIDENCE DENALI,,Tignes Le Lac,Espace Killy,France,,10,5,4,apartment,self-catered,self-catered,yes-type-unknown,yes,,,,,,,,quote-needed,,,,,unknown,,,"APPARTMENT NO. 82, SLEEPS 10, DUPLEX, 115M², 4TH AND 5TH FLOORS GROUND FLOOR (level 4) 1 balcony with panoramic view of the Grande Sassière and the Grande Motte glacier 1 living room with TV and sofa 1 fully equipped kitchen ...",https://booking.tignes.net/4-bedrooms-duplex-10people-apartment-82-residence-denali-tignes-le-lac-le-rosset-avp012.html,Tignes Réservation,village-france-tignes-le-lac,5,chalets/images/tignes-reservation-4-bedrooms-duplex-10people-apartment-82-residence-denali/,2026-10-06,"not in 20-27 Mar dated search (2 adults); pass2: weekly planning; spa text: ularity of the Denali will finally be revealed in its aquatic area with swimming pool, paddling pool, sauna, hammam and hot tub which will allow ...; residence has shared wellness area; quarter: TIGNES LE LAC - LE ROSSET; agency code: RTDENALI; GPS 45.46947,6.90840"
tignes-reservation-4-bedrooms-mezzanine-16-people-apartment-32-residence-cap-nei,4 BEDROOMS MEZZANINE 16 PEOPLE APARTMENT 32 - RESIDENCE CAP NEIGE,,Tignes Le Lac,Espace Killy,France,,16,4,2,apartment,self-catered,self-catered,yes-type-unknown,yes,,,,,,,,quote-needed,,,,,unknown,,,APARTMENT N ° 32 STANDING 16 PERSONS DUPLEX (LEVEL 3 AND 4) 153M ² Access by level 3 + 1 room with 2 beds 90/200 with bathroom with bath and toilet (south facing balcony) 1 separate toilet 1 kitchen Living ...,https://booking.tignes.net/4-bedrooms-mezzanine-16-people-apartment-32-residence-cap-neige-tignes-le-lac-le-rosset-avp011.html,Tignes Réservation,village-france-tignes-le-lac,5,chalets/images/tignes-reservation-4-bedrooms-mezzanine-16-people-apartment-32-residence-cap-nei/,2026-10-06,"not in 20-27 Mar dated search (2 adults); pass2: weekly planning; spa text: Hauteur max 2 m Surface : 153 sqm Number of rooms : 4 bedrooms apartment + mezzanine Wellness equipment : Sauna Hammam Jacuzzi Indoor heated ...; residence has shared wellness area; quarter: TIGNES LE LAC - LE ROSSET; agency code: RTCAPNEIGE; GPS 45.46860,6.90972"
tignes-reservation-5-bedrooms-12-people-apartment-rosset-residence-denali,5 BEDROOMS 12 PEOPLE APARTMENT ROSSET - RESIDENCE DENALI,,Tignes Le Lac,Espace Killy,France,,12,5,2,apartment,self-catered,self-catered,yes-type-unknown,yes,,,,,,,,quote-needed,,,,,unknown,,,"INDEPENDENT FLAT LE ROSSET, SLEEPS 12, 120M², RESIDENCE LE ROSSET This appartment, managed by the Alpapart group, has no access to the relaxation areas of the residences and has no parking space included. 1 fully-equipped kitchen (induction hob, pyrolysis oven, ...",https://booking.tignes.net/5-bedrooms-12-people-apartment-rosset-residence-denali-tignes-le-lac-le-rosset-avp015.html,Tignes Réservation,village-france-tignes-le-lac,5,chalets/images/tignes-reservation-5-bedrooms-12-people-apartment-rosset-residence-denali/,2026-10-06,"not in 20-27 Mar dated search (2 adults); pass2: weekly planning; spa text: ularity of the Denali will finally be revealed in its aquatic area with swimming pool, paddling pool, sauna, hammam and hot tub which will allow ...; quarter: TIGNES LE LAC - LE ROSSET; agency code: RTDENALI; GPS 45.46941,6.90901"
tignes-reservation-5-bedrooms-duplex-12-people-apartment-20-residence-cap-neige,5 BEDROOMS DUPLEX 12 PEOPLE APARTMENT 20 - RESIDENCE CAP NEIGE,,Tignes Le Lac,Espace Killy,France,,12,5,2,apartment,self-catered,self-catered,yes-type-unknown,yes,,,,,,,,quote-needed,,,,,unknown,,,"APARTMENT N ° 20, STANDING 10/12 PERSONS, DUPLEX (LEVEL 1 AND 2) 121M² Access by level 2 1 room with 2 beds 90/200 with bathroom with bath and toilet (north facing balcony) 1 separate toilet 1 sofa => sleeping for ...",https://booking.tignes.net/5-bedrooms-duplex-12-people-apartment-20-residence-cap-neige-tignes-le-lac-le-rosset-avp005.html,Tignes Réservation,village-france-tignes-le-lac,4,chalets/images/tignes-reservation-5-bedrooms-duplex-12-people-apartment-20-residence-cap-neige/,2026-10-06,"not in 20-27 Mar dated search (2 adults); pass2: weekly planning; spa text: space Hauteur max 2 m Surface : 127 sqm Number of rooms : 5 bedrooms apartment duplex Wellness equipment : Sauna Hammam Jacuzzi Indoor heated ...; residence has shared wellness area; quarter: TIGNES LE LAC - LE ROSSET; agency code: RTCAPNEIGE; GPS 45.46860,6.90971"
tignes-reservation-5-pieces-mezzanine-16-personnes-appartement-32-residence-cap-,5 PIECES MEZZANINE 16 PERSONNES APPARTEMENT 32 - RESIDENCE CAP NEIGE Back Office,,Tignes Le Lac,Espace Killy,France,,16,4,2,apartment,self-catered,self-catered,yes-type-unknown,yes,,,,,,,,quote-needed,,,,,unknown,,,APARTMENT N ° 32 STANDING 16 PERSONS DUPLEX (LEVEL 3 AND 4) 153M ² Access by level 3 + 1 room with 2 beds 90/200 with bathroom with bath and toilet (south facing balcony) 1 separate toilet 1 kitchen Living ...,https://booking.tignes.net/5-pieces-mezzanine-16-personnes-appartement-32-residence-cap-neige-back-office-tignes-le-lac-le-rosset-avp011bo.html,Tignes Réservation,village-france-tignes-le-lac,5,chalets/images/tignes-reservation-5-pieces-mezzanine-16-personnes-appartement-32-residence-cap-/,2026-10-06,"not in 20-27 Mar dated search (2 adults); pass2: weekly planning; spa text: Hauteur max 2 m Surface : 153 sqm Number of rooms : 4 bedrooms apartment + mezzanine Wellness equipment : Sauna Hammam Jacuzzi Indoor heated ...; residence has shared wellness area; quarter: TIGNES LE LAC - LE ROSSET; agency code: RTCAPNEIGE; GPS 45.46860,6.90972"
tignes-reservation-7-bedrooms-duplex-16-people-apartment-83-residence-denali,7 BEDROOMS DUPLEX 16 PEOPLE APARTMENT 83 - RESIDENCE DENALI,,Tignes Le Lac,Espace Killy,France,,16,7,6,apartment,self-catered,self-catered,yes-type-unknown,yes,,,,,,,,quote-needed,,,,,unknown,,,"FLAT N°83, SLEEPS 16, DUPLEX, 215M², 4TH AND 5TH FLOOR GROUND FLOOR (level 4) 3 (very large) balconies with panoramic views from Tovière to Palafour 1 large dressing room 1 living room with TV and sofa 1 fitted kitchen 1 ...",https://booking.tignes.net/7-bedrooms-duplex-16-people-apartment-83-residence-denali-tignes-le-lac-le-rosset-avp013.html,Tignes Réservation,village-france-tignes-le-lac,5,chalets/images/tignes-reservation-7-bedrooms-duplex-16-people-apartment-83-residence-denali/,2026-10-06,"not in 20-27 Mar dated search (2 adults); pass2: weekly planning; spa text: ularity of the Denali will finally be revealed in its aquatic area with swimming pool, paddling pool, sauna, hammam and hot tub which will allow ...; residence has shared wellness area; quarter: TIGNES LE LAC - LE ROSSET; agency code: RTDENALI; GPS 45.46945,6.90840"
tignes-reservation-chalet-4-bedrooms-10-people-tajj,CHALET 4 BEDROOMS 10 PEOPLE TAJJ,,Tignes Le Lac,Espace Killy,France,,10,5,1,chalet,self-catered,self-catered,private-outdoor,yes,,,,Saturday,20000,whole-chalet,EUR,exact-week,,,,,yes,,,"TIGNES LE LAC The Tajj is a magnificent apartment that can accommodate 10 people in its 5 bedrooms. It is located at the bottom of the slopes and the shops, and has an unobstructed view on Tignes Lake. LEVEL 0 ...",https://booking.tignes.net/chalet-4-bedrooms-10-people-tajj-tignes-le-lac-le-rosset-tajj.html,Tignes Réservation,village-france-tignes-le-lac,5,chalets/images/tignes-reservation-chalet-4-bedrooms-10-people-tajj/,2026-10-06,"20-27 Mar bookable on Tignes Réservation for 2 adults: EUR 20000; spa text: - A dining room - A bar area - An office space - A SPA space with hammam and sauna - A large terrace south ...; quarter: TIGNES LE LAC - LE ROSSET; agency code: AICIMALPESLAC; GPS 45.46803,6.90950"
tignes-reservation-1-bedroom-cabin-apartment-8-people-bec-rouge-933,1 BEDROOM CABIN APARTMENT 8 PEOPLE BEC ROUGE 933,,Tignes Le Lac,Espace Killy,France,,8,2,1,apartment,self-catered,self-catered,none,no,,,,Saturday,1350,whole-chalet,EUR,exact-week,,,,,yes,,,"KITCHEN : 4 vitro-ceram plates, oven/microwave, fridge, dishwasher BATHROOM : Bath and separate toilet SHOWER BEDROOM 1 : Double bed (140cm - Duvet) BEDROOM 2 CABIN : 3 singles beds (80cm - Duvets) ENTRANCE : 2 singles beds (90cm - ...",https://booking.tignes.net/1-bedroom-cabin-apartment-8-people-bec-rouge-933-tignes-le-lac-le-bec-rouge-71.html,Tignes Réservation,village-france-tignes-le-lac,5,chalets/images/tignes-reservation-1-bedroom-cabin-apartment-8-people-bec-rouge-933/,2026-10-06,"20-27 Mar bookable on Tignes Réservation for 2 adults: EUR 1350; quarter: TIGNES LE LAC - LE BEC ROUGE; agency code: AIGESTIGNES; GPS 45.46937,6.90288"
tignes-reservation-1-bedroom-cabin-apartment-10-people-bec-rouge-853,1 BEDROOM CABIN APARTMENT 10 PEOPLE BEC ROUGE 853,,Tignes Le Lac,Espace Killy,France,,10,2,,apartment,self-catered,self-catered,none,no,,,,,,,,quote-needed,,,,,unknown,,,"RANGE EVASION Bed linen and towels included in winter Apartment of 52m² equipped for 10 people and located on the 5th floor with an elevator in ""Le Bec Rouge"" residence, in Tignes le Lac. Ski in/out access. South facing with ...",https://booking.tignes.net/1-bedroom-cabin-apartment-10-people-bec-rouge-853-tignes-le-lac-le-bec-rouge-tibec853.html,Tignes Réservation,village-france-tignes-le-lac,5,chalets/images/tignes-reservation-1-bedroom-cabin-apartment-10-people-bec-rouge-853/,2026-10-06,"not in 20-27 Mar dated search (2 adults); pass2: weekly planning; quarter: TIGNES LE LAC - LE BEC ROUGE; agency code: AIMOUNTAINCOLLECTION; GPS 45.46919,6.90313"
tignes-reservation-2-bedrooms-8-people-bec-rouge-913,2 BEDROOMS 8 PEOPLE BEC ROUGE 913,,Tignes Le Lac,Espace Killy,France,,8,2,1,apartment,self-catered,self-catered,none,no,,,,,,,,quote-needed,,,,,unknown,,,Location Information Area : TIGNES LE LAC - LE BEC ROUGE Location : Ski-in Ski-out (in winter),https://booking.tignes.net/2-bedrooms-8-people-bec-rouge-913-tignes-le-lac-le-bec-rouge-becrouge913.html,Tignes Réservation,village-france-tignes-le-lac,5,chalets/images/tignes-reservation-2-bedrooms-8-people-bec-rouge-913/,2026-10-06,"not in 20-27 Mar dated search (2 adults); pass2: weekly planning; quarter: TIGNES LE LAC - LE BEC ROUGE; agency code: LPJARS; GPS 45.46931,6.90378"
tignes-reservation-2-bedrooms-8-people-palafour-1103,2 BEDROOMS 8 PEOPLE PALAFOUR 1103,,Tignes Le Lac,Espace Killy,France,,8,2,3,apartment,self-catered,self-catered,none,unknown,,,,,,,,quote-needed,,,,,unknown,,,"PALAFOUR ""TOIT DES ALPES"" - 3 rooms 8 persons - 80m2 is facing the lake you will enjoy the view on the lake and Glacier Grande Motte. 11th and last floor.Duplex modular design apartment 80 m2, « no shoes in ...",https://booking.tignes.net/2-bedrooms-8-people-palafour-1103-tignes-le-lac-le-bec-rouge-palaf1103.html,Tignes Réservation,village-france-tignes-le-lac,5,chalets/images/tignes-reservation-2-bedrooms-8-people-palafour-1103/,2026-10-06,"not in 20-27 Mar dated search (2 adults); pass2: weekly planning; quarter: TIGNES LE LAC - LE BEC ROUGE; agency code: AIROCBLANC; GPS 45.46895,6.90601"
tignes-reservation-2-bedrooms-apartment-8-people-bec-rouge-133,2 BEDROOMS APARTMENT 8 PEOPLE BEC ROUGE 133,,Tignes Le Lac,Espace Killy,France,,8,2,1,apartment,self-catered,self-catered,none,no,,,,,,,,quote-needed,,,,,unknown,,,"YOUR APARTMENT For your skiing holidays or your summer activity in Tignes, book this nice and pleasant 70sq-m 3 rooms apartment that can accommodate up to 8 guests. The South facing balcony offers you luminosity and a beautiful view on ...",https://booking.tignes.net/2-bedrooms-apartment-8-people-bec-rouge-133-tignes-le-lac-le-bec-rouge-bec133r.html,Tignes Réservation,village-france-tignes-le-lac,5,chalets/images/tignes-reservation-2-bedrooms-apartment-8-people-bec-rouge-133/,2026-10-06,"not in 20-27 Mar dated search (2 adults); pass2: weekly planning; quarter: TIGNES LE LAC - LE BEC ROUGE; agency code: AICIS; GPS 45.46920,6.90336"
tignes-reservation-2-bedrooms-apartment-8-people-bec-rouge-453,2 BEDROOMS APARTMENT 8 PEOPLE BEC ROUGE 453,,Tignes Le Lac,Espace Killy,France,,8,2,1,apartment,self-catered,self-catered,none,no,,,,,,,,quote-needed,,,,,unknown,,,"YOUR APARTMENT For your skiing holidays or your summer activity in Tignes, book this functional 68sq-m 3 rooms apartment that can accommodate up to 8 guests. The South and East facing balcony offers you a beautiful view on the lake ...",https://booking.tignes.net/2-bedrooms-apartment-8-people-bec-rouge-453-tignes-le-lac-le-bec-rouge-bec453r.html,Tignes Réservation,village-france-tignes-le-lac,5,chalets/images/tignes-reservation-2-bedrooms-apartment-8-people-bec-rouge-453/,2026-10-06,"not in 20-27 Mar dated search (2 adults); pass2: weekly planning; quarter: TIGNES LE LAC - LE BEC ROUGE; agency code: AICIS; GPS 45.46920,6.90336"
tignes-reservation-2-bedrooms-apartment-8-people-bec-rouge-601,2 BEDROOMS APARTMENT 8 PEOPLE BEC ROUGE 601,,Tignes Le Lac,Espace Killy,France,,8,2,1,apartment,self-catered,self-catered,none,no,,,,,,,,quote-needed,,,,,unknown,,,"RANGE CONFORT 3-rooms apartment of 64m² equipped for 8 people and located on the ground floor in ""Le Bec Rouge"" residence, in Tignes le Lac. Ski in/out access. South-West facing with a balcony. Including: Open plan kitchen with an oven, ...",https://booking.tignes.net/2-bedrooms-apartment-8-people-bec-rouge-601-tignes-le-lac-le-bec-rouge-tibec601.html,Tignes Réservation,village-france-tignes-le-lac,5,chalets/images/tignes-reservation-2-bedrooms-apartment-8-people-bec-rouge-601/,2026-10-06,"not in 20-27 Mar dated search (2 adults); pass2: weekly planning; quarter: TIGNES LE LAC - LE BEC ROUGE; agency code: AIMOUNTAINCOLLECTION; GPS 45.46919,6.90313"
tignes-reservation-2-bedrooms-apartment-8-people-bec-rouge-621,2 BEDROOMS APARTMENT 8 PEOPLE BEC ROUGE 621,,Tignes Le Lac,Espace Killy,France,,8,2,1,apartment,self-catered,self-catered,none,unknown,,,,,,,,quote-needed,,,,,unknown,,,"TIGNES LE LAC The Bec Rouge 621 apartment is on the 2nd floor of the Bec Rouge residence, ideally located in the heart of Tignes le Lac, close to the slopes and shops. It can accommodate up to 8 people ...",https://booking.tignes.net/2-bedrooms-apartment-8-people-bec-rouge-621-tignes-le-lac-le-bec-rouge-becrouge621.html,Tignes Réservation,village-france-tignes-le-lac,5,chalets/images/tignes-reservation-2-bedrooms-apartment-8-people-bec-rouge-621/,2026-10-06,"not in 20-27 Mar dated search (2 adults); pass2: weekly planning; quarter: TIGNES LE LAC - LE BEC ROUGE; agency code: AICIMALPESLAC; GPS 45.46914,6.90302"
tignes-reservation-2-bedrooms-apartment-8-people-bec-rouge-671,2 BEDROOMS APARTMENT 8 PEOPLE BEC ROUGE 671,,Tignes Le Lac,Espace Killy,France,,8,2,1,apartment,self-catered,self-catered,none,no,,,,Saturday,2484,whole-chalet,EUR,exact-week,,,,,yes,,,"3-room apartment 70 m2 on 7th floor. Beautiful and wooden furniture furnishings: large living/dining room with 2 beds (80 cm), TV and DVD. 1 room with 2 x 2 bunk beds (80 cm). 1 room with 1 french bed (160 ...",https://booking.tignes.net/2-bedrooms-apartment-8-people-bec-rouge-671-tignes-le-lac-le-bec-rouge-fr73514802.html,Tignes Réservation,village-france-tignes-le-lac,5,chalets/images/tignes-reservation-2-bedrooms-apartment-8-people-bec-rouge-671/,2026-10-06,"20-27 Mar bookable on Tignes Réservation for 2 adults: EUR 2484; quarter: TIGNES LE LAC - LE BEC ROUGE; agency code: 7070; GPS 45.46910,6.90319"
tignes-reservation-2-bedrooms-apartment-8-people-bec-rouge-951,2 BEDROOMS APARTMENT 8 PEOPLE BEC ROUGE 951,,Tignes Le Lac,Espace Killy,France,,8,2,1,apartment,self-catered,self-catered,none,no,,,,,,,,quote-needed,,,,,unknown,,,"Apt 3 pièces 75 m2 au 5ème étage. Séjour/salle à manger avec TV et chaînes de TV internationales (écran plat), DVD. Sortie sur le balcon. Entrée, 2 lits superposés (80 cm, longueur 190 cm). 1 chambre avec 2 lits superposés ...",https://booking.tignes.net/2-bedrooms-apartment-8-people-bec-rouge-951-tignes-le-lac-le-bec-rouge-fr735148010.html,Tignes Réservation,village-france-tignes-le-lac,5,chalets/images/tignes-reservation-2-bedrooms-apartment-8-people-bec-rouge-951/,2026-10-06,"not in 20-27 Mar dated search (2 adults); pass2: weekly planning; quarter: TIGNES LE LAC - LE BEC ROUGE; agency code: 7070; GPS 45.46910,6.90319"
tignes-reservation-2-bedrooms-apartment-8-people-chalet-le-blanchot,2 BEDROOMS APARTMENT 8 PEOPLE CHALET LE BLANCHOT,,Tignes Le Lac,Espace Killy,France,,8,2,1,apartment,self-catered,self-catered,none,unknown,,,,,,,,quote-needed,,,,,unknown,,,Location Information Area : TIGNES LE LAC - LE BEC ROUGE,https://booking.tignes.net/2-bedrooms-apartment-8-people-chalet-le-blanchot-tignes-le-lac-le-bec-rouge-chaletleblanchot.html,Tignes Réservation,village-france-tignes-le-lac,5,chalets/images/tignes-reservation-2-bedrooms-apartment-8-people-chalet-le-blanchot/,2026-10-06,"not in 20-27 Mar dated search (2 adults); pass2: weekly planning; quarter: TIGNES LE LAC - LE BEC ROUGE; agency code: LPLECLERCQ; GPS 45.46763,6.90256"
tignes-reservation-2-bedrooms-apartment-8-people-ducs-de-savoie-52-54,2 BEDROOMS APARTMENT 8 PEOPLE DUCS DE SAVOIE 52-54,,Tignes Le Lac,Espace Killy,France,,8,2,2,apartment,self-catered,self-catered,none,no,,,,,,,,quote-needed,,,,,unknown,,,DUCS DE SAVOIE 52-54 - 3 rooms for 8 people - 80 m². PREMIUM range These 2 flats N°52 and 54 are located opposite each other on the same floor Flat 52 is the main flat and 54 is an ...,https://booking.tignes.net/2-bedrooms-apartment-8-people-ducs-de-savoie-52-54-tignes-le-lac-le-bec-rouge-ducsav5254.html,Tignes Réservation,village-france-tignes-le-lac,5,chalets/images/tignes-reservation-2-bedrooms-apartment-8-people-ducs-de-savoie-52-54/,2026-10-06,"not in 20-27 Mar dated search (2 adults); pass2: weekly planning; quarter: TIGNES LE LAC - LE BEC ROUGE; agency code: AIROCBLANC; GPS 45.46890,6.90529"
tignes-reservation-2-bedrooms-apartment-8-people-palafour-901,2 BEDROOMS APARTMENT 8 PEOPLE PALAFOUR 901,,Tignes Le Lac,Espace Killy,France,,8,2,1,apartment,self-catered,self-catered,none,no,,,,,,,,quote-needed,,,,,unknown,,,"PALAFOUR « LA TOVIERE » - TIGNES PREMIUM apartment - 3 rooms - dual aspect apartment - 63m2 - 9th floor. 3* rate comfort for this fully renovated apartment (during summer 2018), balcony with view offthe lake, GRANDE MOTTE Glacier ...",https://booking.tignes.net/2-bedrooms-apartment-8-people-palafour-901-tignes-le-lac-le-bec-rouge-palaf901.html,Tignes Réservation,village-france-tignes-le-lac,5,chalets/images/tignes-reservation-2-bedrooms-apartment-8-people-palafour-901/,2026-10-06,"not in 20-27 Mar dated search (2 adults); pass2: weekly planning; quarter: TIGNES LE LAC - LE BEC ROUGE; agency code: AIROCBLANC; GPS 45.46895,6.90601"
tignes-reservation-2-bedrooms-apartment-8-people-palafour-1102,2 BEDROOMS APARTMENT 8 PEOPLE PALAFOUR 1102,,Tignes Le Lac,Espace Killy,France,,8,2,1,apartment,self-catered,self-catered,none,unknown,,,,Saturday,3880,whole-chalet,EUR,exact-week,,,,,yes,,,"PALAFOUR - ‘Chalet du LAC de TIGNES’ - 3-room apartment for 8 people - 80 m². PREMIUM range Located on the 11th and top floor of the PALAFOUR, this single-level apartment has been fully renovated to a 3* comfort rating. ...",https://booking.tignes.net/2-bedrooms-apartment-8-people-palafour-1102-tignes-le-lac-le-bec-rouge-palaf1102.html,Tignes Réservation,village-france-tignes-le-lac,5,chalets/images/tignes-reservation-2-bedrooms-apartment-8-people-palafour-1102/,2026-10-06,"20-27 Mar bookable on Tignes Réservation for 2 adults: EUR 3880; quarter: TIGNES LE LAC - LE BEC ROUGE; agency code: AIROCBLANC; GPS 45.46895,6.90601"
tignes-reservation-2-bedrooms-apartment-8-people-premou-a1,2 BEDROOMS APARTMENT 8 PEOPLE PREMOU A1,,Tignes Le Lac,Espace Killy,France,,8,2,1,apartment,self-catered,self-catered,none,no,,,,Saturday,1285,whole-chalet,EUR,exact-week,,,,,yes,,,"Located in Tignes le Lac just next to the lake KITCHEN: 4 electric hobs, oven, fridge, dishwasher, washing machine, microwave. BATHROOM: Bath, separate WC LIVING ROOM: 2 single beds, TV, WIFI BEDROOM 1: 1 double bed BEDROOM 2: 2 x ...",https://booking.tignes.net/2-bedrooms-apartment-8-people-premou-a1-tignes-le-lac-le-bec-rouge-86.html,Tignes Réservation,village-france-tignes-le-lac,5,chalets/images/tignes-reservation-2-bedrooms-apartment-8-people-premou-a1/,2026-10-06,"20-27 Mar bookable on Tignes Réservation for 2 adults: EUR 1285; quarter: TIGNES LE LAC - LE BEC ROUGE; agency code: AIGESTIGNES; GPS 45.46754,6.90214"
tignes-reservation-2-bedrooms-apartment-9-people-bec-rouge-941,2 BEDROOMS APARTMENT 9 PEOPLE BEC ROUGE 941,,Tignes Le Lac,Espace Killy,France,,9,2,,apartment,self-catered,self-catered,none,no,,,,Saturday,2245,whole-chalet,EUR,exact-week,,,,,yes,,,"RANGE CONFORT 3 rooms apartment of 74m² equipped for 9 people and located on the 4th floor with an elevator in""Le Bec Rouge"" residence, in Tignes le Lac. Ski in/out access. South facing with a balcony Including: Kitchen with electric ...",https://booking.tignes.net/2-bedrooms-apartment-9-people-bec-rouge-941-tignes-le-lac-le-bec-rouge-tibec941-1.html,Tignes Réservation,village-france-tignes-le-lac,5,chalets/images/tignes-reservation-2-bedrooms-apartment-9-people-bec-rouge-941/,2026-10-06,"20-27 Mar bookable on Tignes Réservation for 2 adults: EUR 2245; quarter: TIGNES LE LAC - LE BEC ROUGE; agency code: AIMOUNTAINCOLLECTION; GPS 45.46919,6.90313"
tignes-reservation-2-bedrooms-apartment-bec-rouge-951,2 BEDROOMS APARTMENT BEC ROUGE 951,,Tignes Le Lac,Espace Killy,France,,8,2,2,apartment,self-catered,self-catered,none,no,,,,,,,,quote-needed,,,,,unknown,,,Location Information Area : TIGNES LE LAC - LE BEC ROUGE Location : Ski-in Ski-out (in winter),https://booking.tignes.net/2-bedrooms-apartment-bec-rouge-951-tignes-le-lac-le-bec-rouge-becrouge951.html,Tignes Réservation,village-france-tignes-le-lac,5,chalets/images/tignes-reservation-2-bedrooms-apartment-bec-rouge-951/,2026-10-06,"not in 20-27 Mar dated search (2 adults); pass2: weekly planning; quarter: TIGNES LE LAC - LE BEC ROUGE; agency code: TOTIGNESCOUK; GPS 45.46917,6.90255"
tignes-reservation-2-bedrooms-apartment-lac-16,2 BEDROOMS APARTMENT LAC 16,,Tignes Le Lac,Espace Killy,France,,8,2,1,apartment,self-catered,self-catered,none,no,,,,,,,,quote-needed,,,,,unknown,,,"YOUR APARTMENT For your skiing holidays or your summer hike in Tignes, book this 70sq-m apartment that can accommodate up to 8 guests. The East facing balcony offers you a beautiful view on the lake, the slopes and the mountain. ...",https://booking.tignes.net/2-bedrooms-apartment-lac-16-tignes-le-lac-le-bec-rouge-lac016r.html,Tignes Réservation,village-france-tignes-le-lac,5,chalets/images/tignes-reservation-2-bedrooms-apartment-lac-16/,2026-10-06,"not in 20-27 Mar dated search (2 adults); pass2: weekly planning; quarter: TIGNES LE LAC - LE BEC ROUGE; agency code: AICIS; GPS 45.46830,6.90319"
tignes-reservation-2-bedrooms-cabin-apartment-8-people-palafour-lodge-1,2 BEDROOMS CABIN APARTMENT 8 PEOPLE PALAFOUR LODGE 1,,Tignes Le Lac,Espace Killy,France,,8,2,2,apartment,self-catered,self-catered,none,yes,,,,Saturday,4000,whole-chalet,EUR,exact-week,,,,,yes,,,"‘Palafour-Lodges’ Flats - PREMIUM Range From spring 2026 and throughout the summer of 2026, a complete refurbishment of the five flats has completely redesigned the layout of the living areas, bedrooms, bathrooms and kitchens to enhance comfort and luxury. The ...",https://booking.tignes.net/2-bedrooms-cabin-apartment-8-people-palafour-lodge-1-tignes-le-lac-le-bec-rouge-palafourlodge1.html,Tignes Réservation,village-france-tignes-le-lac,3,chalets/images/tignes-reservation-2-bedrooms-cabin-apartment-8-people-palafour-lodge-1/,2026-10-06,"20-27 Mar bookable on Tignes Réservation for 2 adults: EUR 4000; quarter: TIGNES LE LAC - LE BEC ROUGE; agency code: AIROCBLANC; GPS 45.46895,6.90601"
tignes-reservation-2-bedrooms-cabin-apartment-8-people-palafour-lodge-4,2 BEDROOMS CABIN APARTMENT 8 PEOPLE PALAFOUR LODGE 4,,Tignes Le Lac,Espace Killy,France,,8,2,1,apartment,self-catered,self-catered,none,yes,,,,,,,,quote-needed,,,,,unknown,,,"‘Palafour-Lodges’ Flats - PREMIUM Range From spring 2026 and throughout the summer of 2026, a complete refurbishment of the five flats has completely redesigned the layout of the living areas, bedrooms, bathrooms and kitchens to enhance comfort and luxury. The ...",https://booking.tignes.net/2-bedrooms-cabin-apartment-8-people-palafour-lodge-4-tignes-le-lac-le-bec-rouge-palafourlodge4.html,Tignes Réservation,village-france-tignes-le-lac,5,chalets/images/tignes-reservation-2-bedrooms-cabin-apartment-8-people-palafour-lodge-4/,2026-10-06,"not in 20-27 Mar dated search (2 adults); pass2: weekly planning; quarter: TIGNES LE LAC - LE BEC ROUGE; agency code: AIROCBLANC; GPS 45.46895,6.90601"
tignes-reservation-3-bedrooms-apartment-8-people-armaillis-10,3 BEDROOMS APARTMENT 8 PEOPLE ARMAILLIS 10,,Tignes Le Lac,Espace Killy,France,,8,3,2,apartment,self-catered,self-catered,none,no,,,,,,,,quote-needed,,,,,unknown,,,Location Information Area : TIGNES LE LAC - LE BEC ROUGE,https://booking.tignes.net/3-bedrooms-apartment-8-people-armaillis-10-tignes-le-lac-le-bec-rouge-armaillis10.html,Tignes Réservation,village-france-tignes-le-lac,5,chalets/images/tignes-reservation-3-bedrooms-apartment-8-people-armaillis-10/,2026-10-06,"not in 20-27 Mar dated search (2 adults); pass2: weekly planning; quarter: TIGNES LE LAC - LE BEC ROUGE; agency code: LPREYMOND; GPS 45.46840,6.90332"
tignes-reservation-3-bedrooms-apartment-8-people-combe-folle-3a,3 BEDROOMS APARTMENT 8 PEOPLE COMBE FOLLE 3A,,Tignes Le Lac,Espace Killy,France,,8,1,1,apartment,self-catered,self-catered,none,unknown,,,,,,,,quote-needed,,,,,unknown,,,4 rooms 8 persons - 85m2 - south-west and north facing NO TELEVISION Hallway with cupboards for clothes Separate WC Bathroom with a shower + sink Cabin N° 1 bunk beds (2 single beddings) Family Suite : - 1 child ...,https://booking.tignes.net/3-bedrooms-apartment-8-people-combe-folle-3a-tignes-le-lac-le-bec-rouge-comfol3a.html,Tignes Réservation,village-france-tignes-le-lac,5,chalets/images/tignes-reservation-3-bedrooms-apartment-8-people-combe-folle-3a/,2026-10-06,"not in 20-27 Mar dated search (2 adults); pass2: weekly planning; quarter: TIGNES LE LAC - LE BEC ROUGE; agency code: AIROCBLANC; GPS 45.46823,6.90296"
tignes-reservation-3-bedrooms-apartment-8-people-combe-folle-b-1,3 BEDROOMS APARTMENT 8 PEOPLE COMBE FOLLE B 1,,Tignes Le Lac,Espace Killy,France,,8,3,,apartment,self-catered,self-catered,none,unknown,,,,,,,,quote-needed,,,,,unknown,,,"TIGNES LE LAC The Combe Folle B1 apartment is located on the first floor of the Combe Folle residence, ideally located on Rue de la Poste in Tignes le Lac, close to the slopes and amenities. It can accomodate up ...",https://booking.tignes.net/3-bedrooms-apartment-8-people-combe-folle-b-1-tignes-le-lac-le-bec-rouge-combefolleb1.html,Tignes Réservation,village-france-tignes-le-lac,5,chalets/images/tignes-reservation-3-bedrooms-apartment-8-people-combe-folle-b-1/,2026-10-06,"not in 20-27 Mar dated search (2 adults); pass2: weekly planning; quarter: TIGNES LE LAC - LE BEC ROUGE; agency code: AICIMALPESLAC; GPS 45.46823,6.90280"
tignes-reservation-3-bedrooms-apartment-8-people-ducs-de-savoie-23,3 BEDROOMS APARTMENT 8 PEOPLE DUCS DE SAVOIE 23,,Tignes Le Lac,Espace Killy,France,,8,3,1,apartment,self-catered,self-catered,none,no,,,,,,,,quote-needed,,,,,unknown,,,"Kitchen: 4 hotplates, fridge, microwave, dishwasher, oven Living room: sofa - TV - WIFI Bedroom 1 : 1 double bed of 160 Bedroom 2 : 2 bunk beds + 1 sofa bed of 140 Bedroom 3 Cabin : 2 single ...",https://booking.tignes.net/3-bedrooms-apartment-8-people-ducs-de-savoie-23-tignes-le-lac-le-bec-rouge-131.html,Tignes Réservation,village-france-tignes-le-lac,5,chalets/images/tignes-reservation-3-bedrooms-apartment-8-people-ducs-de-savoie-23/,2026-10-06,"not in 20-27 Mar dated search (2 adults); pass2: weekly planning; quarter: TIGNES LE LAC - LE BEC ROUGE; agency code: AIGESTIGNES; GPS 45.46893,6.90601"
tignes-reservation-3-bedrooms-apartment-8-people-shamrock-9,3 BEDROOMS APARTMENT 8 PEOPLE SHAMROCK 9,,Tignes Le Lac,Espace Killy,France,,8,3,,apartment,self-catered,self-catered,none,no,,,,Saturday,4447,whole-chalet,EUR,exact-week,,,,,yes,,,"2-storey 4-room flat 100 m2 on 1st floor. Ideal for 4 adults + 4 children. Renovated, comfortable and pleasant furnishings: large open-plan living room with dining table, kitchenette and flat-screen TV, electric roller shutter. Exit to south-facing terrace. 1 bedroom ...",https://booking.tignes.net/3-bedrooms-apartment-8-people-shamrock-9-tignes-le-lac-le-bec-rouge-fr73514706.html,Tignes Réservation,village-france-tignes-le-lac,5,chalets/images/tignes-reservation-3-bedrooms-apartment-8-people-shamrock-9/,2026-10-06,"20-27 Mar bookable on Tignes Réservation for 2 adults: EUR 4447; quarter: TIGNES LE LAC - LE BEC ROUGE; agency code: 7070; GPS 45.46865,6.90396"
tignes-reservation-3-bedrooms-apartment-9-people-phoenix-504,3 BEDROOMS APARTMENT 9 PEOPLE PHOENIX 504,,Tignes Le Lac,Espace Killy,France,,9,3,1,apartment,self-catered,self-catered,none,unknown,,,,,,,,quote-needed,,,,,unknown,,,"""INGALINES"" PREMIUM 4* apartment - 100 m2 - 4 rooms (3 bedrooms) 8-9 people - 5th floor with elevator It has a 50m² terrace facing south, with exceptional and unobstructed views of the natural lake of Tignes, the Tovière massifs ...",https://booking.tignes.net/3-bedrooms-apartment-9-people-phoenix-504-tignes-le-lac-le-bec-rouge-phoenix504.html,Tignes Réservation,village-france-tignes-le-lac,5,chalets/images/tignes-reservation-3-bedrooms-apartment-9-people-phoenix-504/,2026-10-06,"not in 20-27 Mar dated search (2 adults); pass2: weekly planning; quarter: TIGNES LE LAC - LE BEC ROUGE; agency code: AIROCBLANC; GPS 45.46879,6.90503"
tignes-reservation-3-bedrooms-apartment-10-people-bec-rouge-153,3 BEDROOMS APARTMENT 10 PEOPLE BEC ROUGE 153,,Tignes Le Lac,Espace Killy,France,,10,3,,apartment,self-catered,self-catered,none,no,,,,Saturday,3464,whole-chalet,EUR,exact-week,,,,,yes,,,BEC ROUGE - 4 rooms for 10 persons - 110m2 The apartment is well situated and offer breathtaking south sunny view all year long. Access by Entrance N°1 linked with N° 2 and 3 - 5th floor. Fully renovated in ...,https://booking.tignes.net/3-bedrooms-apartment-10-people-bec-rouge-153-tignes-le-lac-le-bec-rouge-brouge153.html,Tignes Réservation,village-france-tignes-le-lac,5,chalets/images/tignes-reservation-3-bedrooms-apartment-10-people-bec-rouge-153/,2026-10-06,"20-27 Mar bookable on Tignes Réservation for 2 adults: EUR 3464; quarter: TIGNES LE LAC - LE BEC ROUGE; agency code: AIROCBLANC; GPS 45.46923,6.90330"
tignes-reservation-3-bedrooms-apartment-10-people-combe-folle-1b,3 BEDROOMS APARTMENT 10 PEOPLE COMBE FOLLE 1B,,Tignes Le Lac,Espace Killy,France,,10,3,1,apartment,self-catered,self-catered,none,no,,,,,,,,quote-needed,,,,,unknown,,,Location Information Area : TIGNES LE LAC - LE BEC ROUGE Location : back in ski,https://booking.tignes.net/3-bedrooms-apartment-10-people-combe-folle-1b-tignes-le-lac-le-bec-rouge-combefolle1b.html,Tignes Réservation,village-france-tignes-le-lac,5,chalets/images/tignes-reservation-3-bedrooms-apartment-10-people-combe-folle-1b/,2026-10-06,"not in 20-27 Mar dated search (2 adults); pass2: weekly planning; quarter: TIGNES LE LAC - LE BEC ROUGE; agency code: TOTIGNESCOUK; GPS 45.46811,6.90277"
tignes-reservation-3-bedrooms-apartment-10-people-shamrock-2b,3 BEDROOMS APARTMENT 10 PEOPLE SHAMROCK 2B,,Tignes Le Lac,Espace Killy,France,,10,3,2,apartment,self-catered,self-catered,none,no,,,,,,,,quote-needed,,,,,unknown,,,Location Information Area : TIGNES LE LAC - LE BEC ROUGE Location : Ski-in Ski-out (in winter) Close to shops (less than 100 meters),https://booking.tignes.net/3-bedrooms-apartment-10-people-shamrock-2b-tignes-le-lac-le-bec-rouge-shamrock2b.html,Tignes Réservation,village-france-tignes-le-lac,5,chalets/images/tignes-reservation-3-bedrooms-apartment-10-people-shamrock-2b/,2026-10-06,"not in 20-27 Mar dated search (2 adults); pass2: weekly planning; quarter: TIGNES LE LAC - LE BEC ROUGE; agency code: LPBREHERET; GPS 45.46882,6.90502"
tignes-reservation-3-bedrooms-cabin-apartment-8-people-palafour-lodge-2,3 BEDROOMS CABIN APARTMENT 8 PEOPLE PALAFOUR LODGE 2,,Tignes Le Lac,Espace Killy,France,,8,3,,apartment,self-catered,self-catered,none,yes,,,,Saturday,4640,whole-chalet,EUR,exact-week,,,,,yes,,,"‘Palafour-Lodges’ Flats - PREMIUM Range From spring 2026 and throughout the summer of 2026, a complete refurbishment of the five flats has completely redesigned the layout of the living areas, bedrooms, bathrooms and kitchens to enhance comfort and luxury. The ...",https://booking.tignes.net/3-bedrooms-cabin-apartment-8-people-palafour-lodge-2-tignes-le-lac-le-bec-rouge-palafourlodge2.html,Tignes Réservation,village-france-tignes-le-lac,4,chalets/images/tignes-reservation-3-bedrooms-cabin-apartment-8-people-palafour-lodge-2/,2026-10-06,"20-27 Mar bookable on Tignes Réservation for 2 adults: EUR 4640; quarter: TIGNES LE LAC - LE BEC ROUGE; agency code: AIROCBLANC; GPS 45.46895,6.90601"
tignes-reservation-3-pieces-8-personnes-palafour-901-back-office,3 PIECES 8 PERSONNES PALAFOUR 901 BACK OFFICE,,Tignes Le Lac,Espace Killy,France,,8,2,1,apartment,self-catered,self-catered,none,no,,,,,,,,quote-needed,,,,,unknown,,,"PALAFOUR « LA TOVIERE » - 3 rooms 8 persons - 63m2 TIGNES PREMIUM apartment - 3 rooms - dual aspect apartment - 63m2 - 9th floor. 3* rate comfort for this fully renovated apartment (during summer 2018), balcony with ...",https://booking.tignes.net/3-pieces-8-personnes-palafour-901-back-office-tignes-le-lac-le-bec-rouge-palaf901backoffice.html,Tignes Réservation,village-france-tignes-le-lac,5,chalets/images/tignes-reservation-3-pieces-8-personnes-palafour-901-back-office/,2026-10-06,"not in 20-27 Mar dated search (2 adults); pass2: weekly planning; quarter: TIGNES LE LAC - LE BEC ROUGE; agency code: AIROCBLANC; GPS 45.46895,6.90601"
tignes-reservation-4-bedrooms-9-people-phoenx-403,4 BEDROOMS 9 PEOPLE PHOENX 403,,Tignes Le Lac,Espace Killy,France,,9,4,,apartment,self-catered,self-catered,none,unknown,,,,Saturday,6500,whole-chalet,EUR,exact-week,,,,,yes,,,"""FLÈCHE D'ARGENT"" PREMIUM 4* apartment - 150 m2 - 5 rooms (4 bedrooms) 8/9 people - 4th floor with elevator It has a facing south balcony, with exceptional and unobstructed views of the natural lake of Tignes, the Tovière massifs ...",https://booking.tignes.net/4-bedrooms-9-people-phoenx-403-tignes-le-lac-le-bec-rouge-phoenix403.html,Tignes Réservation,village-france-tignes-le-lac,5,chalets/images/tignes-reservation-4-bedrooms-9-people-phoenx-403/,2026-10-06,"20-27 Mar bookable on Tignes Réservation for 2 adults: EUR 6500; quarter: TIGNES LE LAC - LE BEC ROUGE; agency code: AIROCBLANC; GPS 45.46869,6.90505"
tignes-reservation-4-bedrooms-14-people-chalet-canvolan-apt-blnc-des-cimes,4 BEDROOMS 14 PEOPLE CHALET CANVOLAN APT BLNC DES CIMES,,Tignes Le Lac,Espace Killy,France,,14,4,1,apartment,self-catered,self-catered,none,unknown,,,,Saturday,8663,whole-chalet,EUR,exact-week,,,,,yes,,,"SIGNATURE RANGE: Beds are made on arrival. Towels and end-of-stay cleaning (except kitchen) included in winter. Gift on arrival. The Blanc des Cimes apartment was fully renovated in 2023. Offering 186 m² (2,002 sq ft) of living space, this spacious ...",https://booking.tignes.net/4-bedrooms-14-people-chalet-canvolan-apt-blnc-des-cimes-tignes-le-lac-le-bec-rouge-tiblanccimes.html,Tignes Réservation,village-france-tignes-le-lac,5,chalets/images/tignes-reservation-4-bedrooms-14-people-chalet-canvolan-apt-blnc-des-cimes/,2026-10-06,"20-27 Mar bookable on Tignes Réservation for 2 adults: EUR 8663; quarter: TIGNES LE LAC - LE BEC ROUGE; agency code: AIMOUNTAINCOLLECTION; GPS 45.46669,6.90085"
tignes-reservation-4-bedrooms-apartment-8-people-phoenix-201,4 BEDROOMS APARTMENT 8 PEOPLE PHOENIX 201,,Tignes Le Lac,Espace Killy,France,,8,4,1,apartment,self-catered,self-catered,none,no,,,,,,,,quote-needed,,,,,unknown,,,"""LE FLOCON"" PREMIUM 4* apartment - 120 m² - 5 rooms (4 bedrooms) - 8 people - 2nd floor with elevator It has a facing south balcony, with exceptional and unobstructed views of the natural lake of Tignes, the Tovière ...",https://booking.tignes.net/4-bedrooms-apartment-8-people-phoenix-201-tignes-le-lac-le-bec-rouge-phoenix201.html,Tignes Réservation,village-france-tignes-le-lac,5,chalets/images/tignes-reservation-4-bedrooms-apartment-8-people-phoenix-201/,2026-10-06,"not in 20-27 Mar dated search (2 adults); pass2: weekly planning; quarter: TIGNES LE LAC - LE BEC ROUGE; agency code: AIROCBLANC; GPS 45.46869,6.90505"
tignes-reservation-4-bedrooms-apartment-8-people-phoenix-301,4 BEDROOMS APARTMENT 8 PEOPLE PHOENIX 301,,Tignes Le Lac,Espace Killy,France,,8,4,1,apartment,self-catered,self-catered,none,unknown,,,,,,,,quote-needed,,,,,unknown,,,"""LES LANCHES"" PREMIUM 4* apartment - 5 rooms (4 bedrooms) 8 people - 3rd floor with elevator It has a facing south balcony, with exceptional and unobstructed views of the natural lake of Tignes, the Tovière massifs and the Grande ...",https://booking.tignes.net/4-bedrooms-apartment-8-people-phoenix-301-tignes-le-lac-le-bec-rouge-phoenix301.html,Tignes Réservation,village-france-tignes-le-lac,5,chalets/images/tignes-reservation-4-bedrooms-apartment-8-people-phoenix-301/,2026-10-06,"not in 20-27 Mar dated search (2 adults); pass2: weekly planning; quarter: TIGNES LE LAC - LE BEC ROUGE; agency code: AIROCBLANC; GPS 45.46869,6.90505"
tignes-reservation-4-bedrooms-apartment-8-people-phoenix-401,4 BEDROOMS APARTMENT 8 PEOPLE PHOENIX 401,,Tignes Le Lac,Espace Killy,France,,8,4,,apartment,self-catered,self-catered,none,unknown,,,,Saturday,5050,whole-chalet,EUR,exact-week,,,,,yes,,,"""WINTER IS COMING"" PREMIUM 4* apartment - 120 m2 - 5 rooms (4 bedrooms) 8 people - 4th floor with elevator It has a facing south balcony, with exceptional and unobstructed views of the natural lake of Tignes, the Tovière ...",https://booking.tignes.net/4-bedrooms-apartment-8-people-phoenix-401-tignes-le-lac-le-bec-rouge-phoenix401.html,Tignes Réservation,village-france-tignes-le-lac,5,chalets/images/tignes-reservation-4-bedrooms-apartment-8-people-phoenix-401/,2026-10-06,"20-27 Mar bookable on Tignes Réservation for 2 adults: EUR 5050; quarter: TIGNES LE LAC - LE BEC ROUGE; agency code: AIROCBLANC; GPS 45.46869,6.90505"
tignes-reservation-4-bedrooms-apartment-8-people-phoenix-601,4 BEDROOMS APARTMENT 8 PEOPLE PHOENIX 601,,Tignes Le Lac,Espace Killy,France,,8,4,,apartment,self-catered,self-catered,none,unknown,,,,Saturday,5050,whole-chalet,EUR,exact-week,,,,,yes,,,"""ISERAN"" PREMIUM 4* apartment - 120 m2 - 5 rooms (4 bedrooms) 8 people - 6th floor with elevator It has a facing south balcony, with exceptional and unobstructed views of the natural lake of Tignes, the Tovière massifs and ...",https://booking.tignes.net/4-bedrooms-apartment-8-people-phoenix-601-tignes-le-lac-le-bec-rouge-phoenix601.html,Tignes Réservation,village-france-tignes-le-lac,5,chalets/images/tignes-reservation-4-bedrooms-apartment-8-people-phoenix-601/,2026-10-06,"20-27 Mar bookable on Tignes Réservation for 2 adults: EUR 5050; quarter: TIGNES LE LAC - LE BEC ROUGE; agency code: AIROCBLANC; GPS 45.46869,6.90505"
tignes-reservation-4-bedrooms-apartment-8-people-phoenix-701,4 BEDROOMS APARTMENT 8 PEOPLE PHOENIX 701,,Tignes Le Lac,Espace Killy,France,,8,4,1,apartment,self-catered,self-catered,none,unknown,,,,,,,,quote-needed,,,,,unknown,,,"""LES 5 MARMOTTES"" PREMIUM 4* apartment - 125 m2 - 5 rooms (4 bedrooms) 8 people - 7th floor with elevator It has a facing south balcony, with exceptional and unobstructed views of the natural lake of Tignes, the Tovière ...",https://booking.tignes.net/4-bedrooms-apartment-8-people-phoenix-701-tignes-le-lac-le-bec-rouge-phoenix701.html,Tignes Réservation,village-france-tignes-le-lac,5,chalets/images/tignes-reservation-4-bedrooms-apartment-8-people-phoenix-701/,2026-10-06,"not in 20-27 Mar dated search (2 adults); pass2: weekly planning; quarter: TIGNES LE LAC - LE BEC ROUGE; agency code: AIROCBLANC; GPS 45.46869,6.90505"
tignes-reservation-4-bedrooms-apartment-8-people-phoenix-panoramic,4 BEDROOMS APARTMENT 8 PEOPLE PHOENIX PANORAMIC,,Tignes Le Lac,Espace Killy,France,,8,4,1,apartment,self-catered,self-catered,none,unknown,,,,,,,,quote-needed,,,,,unknown,,,"TIGNES - LE LAC The Panoramic apartment is located in the Phoenix residence in Tignes le Lac, on the left-hand side of Rue de la Poste. As well as being in a great location with all the shops and lifts ...",https://booking.tignes.net/4-bedrooms-apartment-8-people-phoenix-panoramic-tignes-le-lac-le-bec-rouge-phxpanoramic.html,Tignes Réservation,village-france-tignes-le-lac,5,chalets/images/tignes-reservation-4-bedrooms-apartment-8-people-phoenix-panoramic/,2026-10-06,"not in 20-27 Mar dated search (2 adults); pass2: weekly planning; quarter: TIGNES LE LAC - LE BEC ROUGE; agency code: AICIMALPESLAC; GPS 45.46894,6.90466"
tignes-reservation-4-bedrooms-apartment-10-people-bec-rouge-005,4 BEDROOMS APARTMENT 10 PEOPLE BEC ROUGE 005,,Tignes Le Lac,Espace Killy,France,,10,3,1,apartment,self-catered,self-catered,none,no,,,,Saturday,4119,whole-chalet,EUR,exact-week,,,,,yes,,,"SIGNATURE RANGE: Beds made on arrival. Towels included, end-of-stay cleaning (except kitchen) included in winter. Gift on arrival. 3 bedrooms 120sqm apartment equipped for 10 people, located on the 5th (with an elevator) and last floor of the building ""Bec ...",https://booking.tignes.net/4-bedrooms-apartment-10-people-bec-rouge-005-tignes-le-lac-le-bec-rouge-tibec005.html,Tignes Réservation,village-france-tignes-le-lac,5,chalets/images/tignes-reservation-4-bedrooms-apartment-10-people-bec-rouge-005/,2026-10-06,"20-27 Mar bookable on Tignes Réservation for 2 adults: EUR 4119; quarter: TIGNES LE LAC - LE BEC ROUGE; agency code: AIMOUNTAINCOLLECTION; GPS 45.46919,6.90313"
tignes-reservation-4-bedrooms-apartment-10-people-bec-rouge-lanterne,4 BEDROOMS APARTMENT 10 PEOPLE BEC ROUGE LANTERNE,,Tignes Le Lac,Espace Killy,France,,10,4,,apartment,self-catered,self-catered,none,unknown,,,,Saturday,7700,whole-chalet,EUR,exact-week,,,,,yes,,,"TIGNES LE LAC La Lanterne flat has been completely renovated and decorated with great style. Facing south-west, the apartment benefits from a remarkable amount of light thanks to its many bay windows. It is located on the ground floor of ...",https://booking.tignes.net/4-bedrooms-apartment-10-people-bec-rouge-lanterne-tignes-le-lac-le-bec-rouge-lanterne.html,Tignes Réservation,village-france-tignes-le-lac,5,chalets/images/tignes-reservation-4-bedrooms-apartment-10-people-bec-rouge-lanterne/,2026-10-06,"20-27 Mar bookable on Tignes Réservation for 2 adults: EUR 7700; quarter: TIGNES LE LAC - LE BEC ROUGE; agency code: AICIMALPESLAC; GPS 45.46895,6.90229"
tignes-reservation-4-bedrooms-apartment-10-people-shamrock-30,4 BEDROOMS APARTMENT 10 PEOPLE SHAMROCK 30,,Tignes Le Lac,Espace Killy,France,,10,4,1,apartment,self-catered,self-catered,none,no,,,,,,,,quote-needed,,,,,unknown,,,"5-room apartment 105 m2 on 6th floor. Comfortable and tasteful furnishings: living/dining room with TV and flat screen. 1 room with 1 french bed (160 cm, length 190 cm). 1 room with 2 beds (80 cm, length 190 cm), hand-basin ...",https://booking.tignes.net/4-bedrooms-apartment-10-people-shamrock-30-tignes-le-lac-le-bec-rouge-fr73514705.html,Tignes Réservation,village-france-tignes-le-lac,5,chalets/images/tignes-reservation-4-bedrooms-apartment-10-people-shamrock-30/,2026-10-06,"not in 20-27 Mar dated search (2 adults); pass2: weekly planning; quarter: TIGNES LE LAC - LE BEC ROUGE; agency code: 7070; GPS 45.46865,6.90396"
tignes-reservation-4-bedrooms-apartment-12-people-armaills-6,4 BEDROOMS APARTMENT 12 PEOPLE ARMAILLS 6,,Tignes Le Lac,Espace Killy,France,,12,4,1,apartment,self-catered,self-catered,none,unknown,,,,,,,,quote-needed,,,,,unknown,,,"TIGNES LE LAC Armaillis apartment n°6 is located at the top of Rue de la Poste, on the 1st floor of the Les Armaillis residence. Not too far to access the snow front and all amenities, you'll be ideally located ...",https://booking.tignes.net/4-bedrooms-apartment-12-people-armaills-6-tignes-le-lac-le-bec-rouge-armaillis6.html,Tignes Réservation,village-france-tignes-le-lac,5,chalets/images/tignes-reservation-4-bedrooms-apartment-12-people-armaills-6/,2026-10-06,"not in 20-27 Mar dated search (2 adults); pass2: weekly planning; quarter: TIGNES LE LAC - LE BEC ROUGE; agency code: AICIMALPESLAC; GPS 45.46832,6.90326"
tignes-reservation-4-bedrooms-apartment-12-people-chalet-millonex-01,4 BEDROOMS APARTMENT 12 PEOPLE CHALET MILLONEX 01,,Tignes Le Lac,Espace Killy,France,,12,4,,apartment,self-catered,self-catered,none,no,,,,,,,,quote-needed,,,,,unknown,,,"RANGE PRESTIGE: Beds made, towels and end-of-stay cleaning (except kitchen) included winter only 5-room apartment of 125m² equipped for 10-12 people and located in the ""Chalet millonex"" residence, in Tignes le Lac. Ski in/out access and close to ski schools. ...",https://booking.tignes.net/4-bedrooms-apartment-12-people-chalet-millonex-01-tignes-le-lac-le-bec-rouge-tichami01.html,Tignes Réservation,village-france-tignes-le-lac,5,chalets/images/tignes-reservation-4-bedrooms-apartment-12-people-chalet-millonex-01/,2026-10-06,"not in 20-27 Mar dated search (2 adults); pass2: weekly planning; quarter: TIGNES LE LAC - LE BEC ROUGE; agency code: AIMOUNTAINCOLLECTION; GPS 45.46918,6.90542"
tignes-reservation-4-pieces-8-personnes-ducs-de-savoie-23-back-office,4 PIECES 8 PERSONNES DUCS DE SAVOIE 23 back office,,Tignes Le Lac,Espace Killy,France,,8,3,1,apartment,self-catered,self-catered,none,no,,,,,,,,quote-needed,,,,,unknown,,,"Kitchen: 4 hotplates, fridge, microwave, dishwasher, oven Living room: sofa - TV - WIFI Bedroom 1 : 1 double bed of 160 Bedroom 2 : 2 bunk beds + 1 sofa bed of 140 Bedroom 3 Cabin : 2 single ...",https://booking.tignes.net/4-pieces-8-personnes-ducs-de-savoie-23-back-office-tignes-le-lac-le-bec-rouge-131bo.html,Tignes Réservation,village-france-tignes-le-lac,5,chalets/images/tignes-reservation-4-pieces-8-personnes-ducs-de-savoie-23-back-office/,2026-10-06,"not in 20-27 Mar dated search (2 adults); pass2: weekly planning; quarter: TIGNES LE LAC - LE BEC ROUGE; agency code: AIGESTIGNES; GPS 45.46893,6.90601"
tignes-reservation-4-rooms-3-bedrooms-divaria,4 rooms (3 bedrooms) - DIVARIA,,Tignes Le Lac,Espace Killy,France,,6,3,1,apartment,self-catered,self-catered,none,yes,,,,,,,,quote-needed,,,,,unknown,,,"TIGNES LE LAC Flat Divaria 17 is on the top floor of the La Divaria residence in Tignes le Lac. This pleasant, ski-in/ski-out duplex will win you over with its view of the lake and its peaceful location. It sleeps ...",https://booking.tignes.net/4-rooms-3-bedrooms-divaria-tignes-le-lac-le-bec-rouge-divaria17.html,Tignes Réservation,village-france-tignes-le-lac,5,chalets/images/tignes-reservation-4-rooms-3-bedrooms-divaria/,2026-10-06,"not in 20-27 Mar dated search (2 adults); pass2: weekly planning; quarter: TIGNES LE LAC - LE BEC ROUGE; agency code: AICIMALPESLAC; GPS 45.46846,6.90252"
tignes-reservation-5-bedrooms-apartment-12-people-semper-vivens,5 BEDROOMS APARTMENT 12 PEOPLE SEMPER VIVENS,,Tignes Le Lac,Espace Killy,France,,12,5,2,apartment,self-catered,self-catered,yes-type-unknown,unknown,,,,Saturday,18000,whole-chalet,EUR,exact-week,,,,,yes,,,"TIGNES LE LAC Ornate is a beautiful apartment that can accomodate up to 12 people (8 adults + 4 children) thanks to its five bedrooms. Ideally located at the foot of the slopes, and close to shopes, it offers a ...",https://booking.tignes.net/5-bedrooms-apartment-12-people-semper-vivens-tignes-le-lac-le-bec-rouge-ornate.html,Tignes Réservation,village-france-tignes-le-lac,5,chalets/images/tignes-reservation-5-bedrooms-apartment-12-people-semper-vivens/,2026-10-06,"20-27 Mar bookable on Tignes Réservation for 2 adults: EUR 18000; spa text: toilet - 1 double bedroom (160*200) with TV and with en-suite bathroom (shower and bathtub), and toilet - Terrace with jacuzzi Level 1: - 1 ...; quarter: TIGNES LE LAC - LE BEC ROUGE; agency code: AICIMALPESLAC; GPS 45.46803,6.90950"
tignes-reservation-5-bedrooms-cabin-apartment-12-people-palafour-lodge-6,5 BEDROOMS CABIN APARTMENT 12 PEOPLE PALAFOUR LODGE 6,,Tignes Le Lac,Espace Killy,France,,10,4,1,apartment,self-catered,self-catered,none,yes,,,,Saturday,10200,whole-chalet,EUR,exact-week,,,,,yes,,,"‘Palafour-Lodges’ Flats - PREMIUM Range From spring 2026 and throughout the summer of 2026, a complete refurbishment of the five flats has completely redesigned the layout of the living areas, bedrooms, bathrooms and kitchens to enhance comfort and luxury. The ...",https://booking.tignes.net/5-bedrooms-cabin-apartment-12-people-palafour-lodge-6-tignes-le-lac-le-bec-rouge-palafourlodge6.html,Tignes Réservation,village-france-tignes-le-lac,5,chalets/images/tignes-reservation-5-bedrooms-cabin-apartment-12-people-palafour-lodge-6/,2026-10-06,"20-27 Mar bookable on Tignes Réservation for 2 adults: EUR 10200; quarter: TIGNES LE LAC - LE BEC ROUGE; agency code: AIROCBLANC; GPS 45.46895,6.90601"
tignes-reservation-5-rooms-4-bedrooms-le-phoenix,5 rooms (4 bedrooms) - LE PHOENIX,,Tignes Le Lac,Espace Killy,France,,,4,1,apartment,self-catered,self-catered,none,unknown,,,,,,,,quote-needed,,,,,unknown,,,"TIGNES LE LAC The Alpilles flat is located in the Phoenix residence in Tignes le Lac, on the left-hand side of Rue de la Poste. As well as being in a great location with all the shops and lifts close ...",https://booking.tignes.net/5-rooms-4-bedrooms-le-phoenix-tignes-le-lac-le-bec-rouge-phxlesalpilles.html,Tignes Réservation,village-france-tignes-le-lac,5,chalets/images/tignes-reservation-5-rooms-4-bedrooms-le-phoenix/,2026-10-06,"not in 20-27 Mar dated search (2 adults); pass2: weekly planning; quarter: TIGNES LE LAC - LE BEC ROUGE; agency code: AICIMALPESLAC; GPS 45.46894,6.90466"
tignes-reservation-7-rooms-6-bedrooms-combe-folle,7 rooms (6 bedrooms) - COMBE FOLLE,,Tignes Le Lac,Espace Killy,France,,14,6,4,apartment,self-catered,self-catered,none,unknown,,,,,,,,quote-needed,,,,,unknown,,,"SIGNATURE RANGE Beds made upon arrival, bath towels provided, end-of-stay cleaning (excluding the kitchen), and a welcome hamper included during the winter season. An exceptional property in a truly privileged location, Le Lac offers the ultimate alpine escape in Tignes. ...",https://booking.tignes.net/7-rooms-6-bedrooms-combe-folle-tignes-le-lac-le-bec-rouge-ticfollac.html,Tignes Réservation,village-france-tignes-le-lac,5,chalets/images/tignes-reservation-7-rooms-6-bedrooms-combe-folle/,2026-10-06,"not in 20-27 Mar dated search (2 adults); pass2: weekly planning; quarter: TIGNES LE LAC - LE BEC ROUGE; agency code: AIMOUNTAINCOLLECTION; GPS 45.46840,6.90280"
tignes-reservation-chalet-5-bedrooms-9-people-iceberg-chalet-iceberg,CHALET 5 BEDROOMS 9 PEOPLE ICEBERG (Chalet Iceberg),,Tignes Le Lac,Espace Killy,France,,9,5,4,chalet,self-catered,self-catered,none,no,,,,,,,,quote-needed,,,,,unknown,,,"CATEGORIE CHARME : 110m² chalet featuring 6 rooms and fit for accommodating up to 9 people, located in Tignes le Lac. Including: Entrance on 1st floor with ski room and boot dryer. 1 bedroom with single bed and shower room, ...",https://booking.tignes.net/chalet-5-bedrooms-9-people-iceberg-tignes-le-lac-le-bec-rouge-chaleticeberg.html,Tignes Réservation,village-france-tignes-le-lac,5,chalets/images/tignes-reservation-chalet-5-bedrooms-9-people-iceberg-chalet-iceberg/,2026-10-06,"not in 20-27 Mar dated search (2 adults); pass2: weekly planning; quarter: TIGNES LE LAC - LE BEC ROUGE; agency code: SKIFAMILLECOUK; GPS 45.46715,6.90032"
tignes-reservation-chalet-6-bedrooms-16-people-ancolie-chalet-ancolie,CHALET 6 BEDROOMS 16 PEOPLE ANCOLIE (Chalet Ancolie),,Tignes Le Lac,Espace Killy,France,,16,6,,chalet,self-catered,self-catered,none,no,,,,,,,,quote-needed,,,,,unknown,,,Location Information Area : TIGNES LE LAC - LE BEC ROUGE,https://booking.tignes.net/chalet-6-bedrooms-16-people-ancolie-tignes-le-lac-le-bec-rouge-chaletancolie1.html,Tignes Réservation,village-france-tignes-le-lac,5,chalets/images/tignes-reservation-chalet-6-bedrooms-16-people-ancolie-chalet-ancolie/,2026-10-06,not in 20-27 Mar dated search (2 adults); pass2: weekly planning; quarter: TIGNES LE LAC - LE BEC ROUGE; agency code: ALTITUDERESIDENCES
tignes-reservation-chalet-7-bedrooms-16-people-charline-chalet-charline,CHALET 7 BEDROOMS 16 PEOPLE CHARLINE (Chalet Charline),,Tignes Le Lac,Espace Killy,France,,19,7,1,chalet,self-catered,self-catered,none,no,,,,,,,,quote-needed,,,,,unknown,,,Location Information Area : TIGNES LE LAC - LE BEC ROUGE,https://booking.tignes.net/chalet-7-bedrooms-16-people-charline-tignes-le-lac-le-bec-rouge-chaletcharline.html,Tignes Réservation,village-france-tignes-le-lac,5,chalets/images/tignes-reservation-chalet-7-bedrooms-16-people-charline-chalet-charline/,2026-10-06,"not in 20-27 Mar dated search (2 adults); pass2: weekly planning; quarter: TIGNES LE LAC - LE BEC ROUGE; agency code: ALTITUDERESIDENCES; GPS 45.46770,6.90044"
tignes-reservation-chalet-canvolan-le-karibou-4-bedrooms-12-people,CHALET CANVOLAN LE KARIBOU 4 BEDROOMS 12 PEOPLE,,Tignes Le Lac,Espace Killy,France,,12,4,3,apartment,self-catered,self-catered,yes-type-unknown,yes,,,,,,,,quote-needed,,,,,unknown,,,Location Information Area : TIGNES LE LAC - LE BEC ROUGE,https://booking.tignes.net/chalet-canvolan-le-karibou-4-bedrooms-12-people-tignes-le-lac-le-bec-rouge-5pieces12perschaletcanvolan.html,Tignes Réservation,village-france-tignes-le-lac,5,chalets/images/tignes-reservation-chalet-canvolan-le-karibou-4-bedrooms-12-people/,2026-10-06,"not in 20-27 Mar dated search (2 adults); pass2: weekly planning; spa text: Brasero Basketball hoop (in the summer) Pets : Pets not allowed Renter : Private owner Washing machine Dishwasher Sauna/Jacuzzi/Steam room WIFI included Chimney / Wood-burning ...; quarter: TIGNES LE LAC - LE BEC ROUGE; agency code: LPCAUET; GPS 45.46737,6.90092"
allchalets-chalet-yeti-vi,Chalet Yeti VI,,Tignes Le Lac,,France,,15,6,5,chalet,half-board,,private-outdoor,yes,"steam room, games room, gym",,unknown,,,,,quote-needed,,,,,unknown,,,"Chalet Yeti VI is a lovely chalet apartment in Tignes Le Lac at the dizzy height of 2100m. It has a stunning setting with truly spectacular views. The 160m2 chalet apartment is warm and welcoming, the open plan living areas ...",https://www.allchalets.com/holiday-rentals/25036-chalet-in-tignes-le-lac-france,allChalets,village-france-tignes-le-lac,5,chalets/images/allchalets-chalet-yeti-vi/,2026-10-06,hot tub in facility list; board from listing headline; calendar shows no bookings all season (probably unmaintained); calendar 20 Mar: Min stay - 1 night Availability: 15 guests; no rate table on allChalets
allchalets-chalet-les-arolles,Chalet Les Arolles,,Tignes Le Lac,,France,,14,7,7,chalet,catered,,private-outdoor,yes,"log fire, fireplace, boot warmer",,unknown,Saturday,1459,per-person,GBP,exact-week,1239,2329,,,no,,,"Chalet Les Arolles is a catered ski chalet located in Tignes le Lac close to the Chardonnet ski lift. The chalet is furnished in typical alpine style and offer a comfortable lunge area, 7 en-suite bedrooms, a ski room with ...",https://www.allchalets.com/holiday-rentals/39431-chalet-in-tignes-le-lac-france,allChalets,village-france-tignes-le-lac,5,chalets/images/allchalets-chalet-les-arolles/,2026-10-06,hot tub in facility list; rate listed for 20 Mar week but calendar shows booked
allchalets-chalet-triglav,Chalet Triglav,,Tignes Le Lac,,France,,7,3,3,chalet,catered,,private-outdoor,no,"log fire, fireplace, boot warmer",,unknown,Saturday,,per-person,GBP,season-range,916,2166,,,no,,,"Chalet Triglav is situated in the French ski resort of Tignes Le Lac. With south-facing views, this sunny chalet accommodates up to 7 people, offering 3 bedrooms, 3 bathrooms, and an outdoor hot tub on a grand sun terrace. Just ...",https://www.allchalets.com/holiday-rentals/63016-chalet-in-tignes-le-lac-france,allChalets,village-france-tignes-le-lac,5,chalets/images/allchalets-chalet-triglav/,2026-10-06,hot tub in facility list
allchalets-chalet-grande-denali,Chalet Grande Denali,,Tignes Le Lac,,France,,16,8,6,chalet,catered,,private (location not stated),yes,"steam room, swimming pool, indoor pool, log fire, games room, pool table",,yes,Saturday,19800,whole-chalet,GBP,exact-week,18600,20000,,,yes,,,"Since December 2021, Chalet Grande Denali has been welcoming up to 16 guests with its spacious ski in ski out accommodation on the slopes, the ideal location for those looking for the best of Tignes Le Lac! Accompanied by a ...",https://www.allchalets.com/holiday-rentals/24464-chalet-in-tignes-le-lac-france,allChalets,village-france-tignes-le-lac,5,chalets/images/allchalets-chalet-grande-denali/,2026-10-06,"hot tub in facility list; calendar 20 Mar: From £12,600 self catered per week Min stay - 7 nights Availability: 16 guests"
allchalets-apartment-iii,Apartment III,,Tignes Le Lac,,France,,7,3,2,apartment,,,none,no,,,yes,,,,,quote-needed,,,,,unknown,,,"Phoenix Apartment III is on the 7th floor of a new and larger apartment residence, ideally located in Tignes le Lac, on Rue de la Poste and can sleep up to 7 people (4 adults and 3 children).The centre of ...",https://www.allchalets.com/holiday-rentals/28818-apartment-in-tignes-le-lac-france,allChalets,village-france-tignes-le-lac,5,chalets/images/allchalets-apartment-iii/,2026-10-06,hot tub not in facility list/description; calendar shows no bookings all season (probably unmaintained); calendar 20 Mar: Min stay - 4 nights Availability: 7 guests; no rate table on allChalets
allchalets-apartment-62101,Apartment 62101,,Tignes Le Lac,,France,,12,5,3,apartment,,,none,yes,,,yes,,,,,quote-needed,,,,,unknown,,,Rosset V is an excellent choice if you want a base at Tignes le Lac to ski the whole 300km ski area. Sleeping 12 in 5 bedrooms (4 twins and 1 double bunk bedroom for 4) the apartment is 120m2 ...,https://www.allchalets.com/holiday-rentals/62101-apartment-in-tignes-le-lac-france,allChalets,village-france-tignes-le-lac,5,chalets/images/allchalets-apartment-62101/,2026-10-06,hot tub not in facility list/description; calendar shows no bookings all season (probably unmaintained); calendar 20 Mar: Min stay - 1 night Availability: 12 guests; no rate table on allChalets; unnamed listing; headline: Excellent and well located 5 bedroom apartment for up to 12 with sauna
allchalets-apartment-62170,Apartment 62170,,Tignes Le Lac,,France,,8,4,3,apartment,,,none,no,,,unknown,,,,,quote-needed,,,,,unknown,,,"This chalet penthouse enjoys a natural setting, just 200m from the ski slopes and chairlifts of Chaudannes and Paquis. There's easy access to the free bus stop that takes you to the Lac snow front and centre, around 500m away ...",https://www.allchalets.com/holiday-rentals/62170-apartment-in-tignes-le-lac-france,allChalets,village-france-tignes-le-lac,5,chalets/images/allchalets-apartment-62170/,2026-10-06,hot tub not in facility list/description; calendar shows no bookings all season (probably unmaintained); calendar 20 Mar: Min stay - 7 nights Availability: 8 guests; no rate table on allChalets; unnamed listing; headline: Excellent and spacious 4 bedroom penthouse for up to 8
allchalets-apartment-23591,Apartment 23591,,Tignes Le Lac,,France,,11,4,2,apartment,self-catered,self-catered,none,yes,"swimming pool, log fire",,yes,Saturday,7000,whole-chalet,EUR,exact-week,6000,10000,,,unknown,,,"Phoenix 101 is centrally located in the heart of Tignes Le Lac, with ski lifts and all amenities, right on your doorstep. It is the perfect apartment for young families or a group of friends. The lateral living space boasts ...",https://www.allchalets.com/holiday-rentals/23591-apartment-in-tignes-le-lac-france,allChalets,village-france-tignes-le-lac,5,chalets/images/allchalets-apartment-23591/,2026-10-06,"hot tub not in facility list/description; calendar shows no bookings all season (probably unmaintained); calendar 20 Mar: €7,000 self catered per week Min stay - 7 nights Availability: 11 guests; unnamed listing; headline: Luxury 4 bed apartment, with breathtaking views."
allchalets-apartment-26217,Apartment 26217,,Tignes Le Lac,,France,,12,5,3,apartment,,,yes-type-unknown,yes,"steam room, log fire",,unknown,,,,,quote-needed,,,,,unknown,,,"Chalet 5 is a lovely chalet apartment in Tignes Le Lac at the dizzy height of 2100m. It has a stunning setting with truly spectacular views. The 135m2 chalet apartment is warm and welcoming, the open plan living areas being ...",https://www.allchalets.com/holiday-rentals/26217-apartment-in-tignes-le-lac-france,allChalets,village-france-tignes-le-lac,5,chalets/images/allchalets-apartment-26217/,2026-10-06,hot tub in facility list; calendar shows no bookings all season (probably unmaintained); calendar 20 Mar: Min stay - 7 nights Availability: 12 guests; no rate table on allChalets; unnamed listing; headline: Excellent 5 bed 3 bath chalet apartment close to the centre and slopes
allchalets-apartment-29006,Apartment 29006,,Tignes Le Lac,,France,,20,9,7,apartment,,,yes-type-unknown,yes,"steam room, log fire, boot dryer",,unknown,,,,,quote-needed,,,,,unknown,,,"Situated at the foot of the slopes in the heart of the resort, this chalet apartments location will impress from the outset for those looking for the best options and convenience on the mountainside of Tignes le Lac. Helped by ...",https://www.allchalets.com/holiday-rentals/29006-apartment-in-tignes-le-lac-france,allChalets,village-france-tignes-le-lac,5,chalets/images/allchalets-apartment-29006/,2026-10-06,hot tub in facility list; calendar shows no bookings all season (probably unmaintained); calendar 20 Mar: Min stay - 7 nights Availability: 20 guests; no rate table on allChalets; unnamed listing; headline: Excellent 9 bedroom near ski in ski out chalet apartment for up to 20
allchalets-chalet-des-alpes-vi,Chalet des Alpes VI,,Tignes Le Lac,,France,,14,6,6,apartment,,,none,yes,,,yes,,,,,quote-needed,,,,,unknown,,,"Chalet des Alpes VI is perfectly situated very close to the centre of Tignes le Lac and with ski-in/ ski-out access to the les Almes piste. Further down this gentle slope you will find the Les Almes and Palafour chairlifts, ...",https://www.allchalets.com/holiday-rentals/62510-apartment-in-tignes-le-lac-france,allChalets,village-france-tignes-le-lac,5,chalets/images/allchalets-chalet-des-alpes-vi/,2026-10-06,hot tub not in facility list/description; calendar shows no bookings all season (probably unmaintained); calendar 20 Mar: Min stay - 1 night Availability: 14 guests; no rate table on allChalets
sno-chalet-corniche,,,,,,,,,,,,,,,,,,,,,,,,,,,,,,,,allChalets,village-france-tignes-le-lac,,,2026-10-06,allChalets: https://www.allchalets.com/holiday-rentals/39442-chalet-in-tignes-le-lac-france; available 20 Mar: no
allchalets-chalet-cairn,Chalet Cairn,,Tignes Le Lac,,France,,15,6,6,chalet,catered,,private-outdoor,yes,"log fire, fireplace",,unknown,Saturday,1579,per-person,GBP,exact-week,1499,2469,,,no,,,"Located on the lakeshore in Tignes Le Lac, Chalet Cairn is a catered and comfortable chalet with great views of the mountains. The chalet is finished to a high standard and you also benefit from the wellness facilities included - ...",https://www.allchalets.com/holiday-rentals/39433-chalet-in-tignes-le-lac-france,allChalets,village-france-tignes-le-lac,5,chalets/images/allchalets-chalet-cairn/,2026-10-06,hot tub in facility list; rate listed for 20 Mar week but calendar shows booked
seetignes-alfredo,Alfredo Chalet,,Tignes Le Lac,Espace Killy,France,,12,6,,chalet,,,unknown,yes,,140,,,,,,,,,,,,,,,https://www.seetignes.com/chalets/alfredo-chalet-le-lac-lavachet-716400,SeeTignes,village-france-tignes-le-lac,2,chalets/images/seetignes-alfredo/,2026-10-06,"private sauna. Same new-build chalet-apartment complex 140m from pistes, 5 min walk to Le Lac centre; operator not named on SeeTignes (enquiry only). pass2: operator, board, price"
seetignes-giorgio,Giorgio Chalet,,Tignes Le Lac,Espace Killy,France,,12,6,,chalet,,,unknown,yes,,140,,,,,,,,,,,,,,,https://www.seetignes.com/chalets/giorgio-chalet-le-lac-lavachet-716408,SeeTignes,village-france-tignes-le-lac,,,2026-10-06,"private sauna; SeeTignes reuses Alfredo photos. Same new-build chalet-apartment complex 140m from pistes, 5 min walk to Le Lac centre; operator not named on SeeTignes (enquiry only). pass2: operator, board, price"
seetignes-annina,Annina Chalet,,Tignes Le Lac,Espace Killy,France,,9,4,,apartment,,,unknown,yes,,140,,,,,,,,,,,,,,,https://www.seetignes.com/chalets/annina-chalet-le-lac-lavachet-717138,SeeTignes,village-france-tignes-le-lac,2,chalets/images/seetignes-annina/,2026-10-06,"4th-floor duplex chalet-apartment, own sauna. Same new-build chalet-apartment complex 140m from pistes, 5 min walk to Le Lac centre; operator not named on SeeTignes (enquiry only). pass2: operator, board, price"
seetignes-escamillo,Escamillo Chalet,,Tignes Le Lac,Espace Killy,France,,9,4,,apartment,,,unknown,yes,,140,,,,,,,,,,,,,,,https://www.seetignes.com/chalets/escamillo-chalet-le-lac-lavachet-717137,SeeTignes,village-france-tignes-le-lac,2,chalets/images/seetignes-escamillo/,2026-10-06,"4th-floor duplex chalet-apartment, own sauna. Same new-build chalet-apartment complex 140m from pistes, 5 min walk to Le Lac centre; operator not named on SeeTignes (enquiry only). pass2: operator, board, price"
seetignes-carmen,Carmen Chalet,,Tignes Le Lac,Espace Killy,France,,6,3,,apartment,,,unknown,yes,,140,,,,,,,,,,,,,,,https://www.seetignes.com/chalets/carmen-chalet-le-lac-lavachet-717104,SeeTignes,village-france-tignes-le-lac,2,chalets/images/seetignes-carmen/,2026-10-06,"own sauna. Same new-build chalet-apartment complex 140m from pistes, 5 min walk to Le Lac centre; operator not named on SeeTignes (enquiry only). pass2: operator, board, price"
seetignes-violetta,Violetta Chalet,,Tignes Le Lac,Espace Killy,France,,6,3,,apartment,,,unknown,yes,,140,,,,,,,,,,,,,,,https://www.seetignes.com/chalets/violetta-chalet-le-lac-lavachet-717136,SeeTignes,village-france-tignes-le-lac,2,chalets/images/seetignes-violetta/,2026-10-06,"own sauna. Same new-build chalet-apartment complex 140m from pistes, 5 min walk to Le Lac centre; operator not named on SeeTignes (enquiry only). pass2: operator, board, price"
independent-ski-links-grande-motte,Grande Motte Chalet,Independent Ski Links,Tignes Le Lac,Espace Killy,France,,8,2,,chalet,,,,,,,,,,,,,,,,,,,,,http://www.ski-links.com/property/989/la-grande-motte.htm,Independent Ski Links;SeeTignes,village-france-tignes-le-lac,2,chalets/images/independent-ski-links-grande-motte/,2026-10-06,"Village per SeeTignes slug 'tignes-le-lac-le-lavachet' (Le Lac/Lavachet border); lake + Grande Motte views. pass2: board, price"
build-my-ski-trip-chardonnet,Catered Chalet Chardonnet,Build My Ski Trip,Tignes Le Lac,Espace Killy,France,,19,7,,chalet,catered,,unknown,yes,"cinema, games room, 2 bivouac pods (4 people)",,,Saturday,,whole-chalet,GBP,season-range,17499,39999,,chalet + catering 7 nights,no,,,"Lakeside chalet in Tignes Le Lac under full renovation for 26/27; 15 guests in 7 en-suite bedrooms plus two pods for 4; cinema, games room, sauna.",https://www.buildmyskitrip.com/Hotel/tignes-catered-chalet-chardonnet,Build My Ski Trip;SeeTignes,village-france-tignes-le-lac,4,chalets/images/build-my-ski-trip-chardonnet/,2026-10-06,20/03/2027 SOLD OUT on operator calendar; range from visible calendar prices. Sleeps 15 in main chalet + 4 in pods.
build-my-ski-trip-arolla,Catered Chalet Arolla,Build My Ski Trip,Tignes Le Lac,Espace Killy,France,,18,7,,chalet,catered,,yes-type-unknown,yes,"hammam, cold plunge pool, fitness area, internal lift",100,yes,Saturday,,whole-chalet,GBP,season-range,13499,28999,,"chalet + catering 7 nights, based on 14 people",no,,,"New 26/27 luxury ski-in/out chalet at 2,100m by Chaudannes and Paquis lifts, 7 bedrooms for up to 18, jacuzzi, sauna, hammam, cold plunge, gym, lift.",https://www.buildmyskitrip.com/Hotel/tignes-luxury-catered-chalet-arolla,Build My Ski Trip;SeeTignes,village-france-tignes-le-lac,4,chalets/images/build-my-ski-trip-arolla/,2026-10-06,20/03/2027 SOLD OUT. Village: between Le Lac and Le Lavachet (Chaudannes/Paquis lifts <100m) - filed as Le Lac. Jacuzzi indoor/outdoor not stated.
allchalets-chalet-triglav,,Build My Ski Trip,Tignes Le Lac,Espace Killy,France,,,3,,,,,private-outdoor,,,,,Saturday,,,,,,,,,,,,,https://www.buildmyskitrip.com/Hotel/tignes-catered-chalet-triglav,Build My Ski Trip;SeeTignes,village-france-tignes-le-lac,,,2026-10-06,"Build My Ski Trip: 20/03/2027 SOLD OUT; calendar GBP 5,499-12,999 whole chalet (catering incl., based on 6); 1 min to Chardonnet lift"
build-my-ski-trip-artayma,Catered Chalet Artayma,Build My Ski Trip,Tignes Le Lavachet,Espace Killy,France,,15,7,,chalet,catered,,private (location not stated),yes,"spa area, open fireplace",,,Saturday,21999,whole-chalet,GBP,exact-week,13499,26999,,"chalet + catering 7 nights, based on 15 people (may vary with group size)",yes,,,"New-build (2024) catered chalet in Le Lavachet, elevated with piste views; 7 en-suite bedrooms for 15; spa area with private hot tub and sauna; 1 min walk to Chaudannes/Lavachet lifts.",https://www.buildmyskitrip.com/Hotel/tignes-catered-chalet-artayma,Build My Ski Trip;SeeTignes,village-france-tignes-le-lac,5,chalets/images/build-my-ski-trip-artayma/,2026-10-06,"20/03/2027 GBP 21,999 shown (not sold out) on operator calendar. Found from Le Lac task; village Le Lavachet per operator."
build-my-ski-trip-armoise,Catered Chalet Armoise,Build My Ski Trip,Tignes Val Claret,Espace Killy,France,,14,7,,chalet,catered,,private-outdoor,,,,,Saturday,,whole-chalet,GBP,season-range,8999,19999,,"chalet + catering 7 nights, based on 14 people",no,,,"14-bed catered chalet in Val Claret over 3 floors, 7 bedrooms, private outdoor hot tub; 6-7 min walk to piste, shuttle stop 1 min.",https://www.buildmyskitrip.com/Hotel/Catered-Chalet-Armoise,Build My Ski Trip;SeeTignes,village-france-tignes-le-lac,4,chalets/images/build-my-ski-trip-armoise/,2026-10-06,20/03/2027 SOLD OUT. Found from Le Lac task; village Val Claret per operator.
