chalet_id,chalet_name,operator,village,ski_area,country,sleeps_min,sleeps_max,bedrooms,bathrooms,property_type,board,catering_detail,hot_tub,sauna,other_facilities,distance_to_lift_m,ski_in_out,changeover_day,price_week_20_27_mar_2027,price_basis,price_currency,price_type,price_range_low,price_range_high,price_per_bed,price_includes,available_20_27_mar,combines,same_as,description,url,listed_on,found_via,image_count,image_dir,date_checked,notes
tignes-reservation-studio-4-personnes-pistes-13,STUDIO 4 PERSONNES PISTES 13,,Tignes Le Lavachet,Espace Killy,France,,4,,1,apartment,self-catered,self-catered,none,no,,,,,,,,quote-needed,,,,,unknown,,,Location Information Area : TIGNES LE LAVACHET,https://booking.tignes.net/studio-4-personnes-pistes-13-tignes-le-lavachet-fr73512404.html,Tignes Réservation,village-france-tignes-le-lavachet,5,chalets/images/tignes-reservation-studio-4-personnes-pistes-13/,2026-10-06,"not in 20-27 Mar dated search (2 adults); pass2: weekly planning; quarter: TIGNES LE LAVACHET; agency code: 7070; GPS 45.46979,6.91258"
tignes-reservation-1-bedroom-4-people-pontet-b-21,1 BEDROOM 4 PEOPLE PONTET B 21,,Tignes Le Lavachet,Espace Killy,France,,4,1,1,apartment,self-catered,self-catered,none,no,,,,,,,,quote-needed,,,,,unknown,,,"RANGE CONFORT 2 rooms of 38m² equipped for 4 people and located on the 1st floor, in the ""Pontet B"" residence, in Tignes Le Lavachet. Ski in/ out access Sout facing with a balcony view Grande Motte. Included : Living ...",https://booking.tignes.net/1-bedroom-4-people-pontet-b-21-tignes-le-lavachet-tiponb21.html,Tignes Réservation,village-france-tignes-le-lavachet,5,chalets/images/tignes-reservation-1-bedroom-4-people-pontet-b-21/,2026-10-06,"not in 20-27 Mar dated search (2 adults); pass2: weekly planning; quarter: TIGNES LE LAVACHET; agency code: AIMOUNTAINCOLLECTION; GPS 45.47060,6.91243"
tignes-reservation-1-bedroom-4-people-savoy-16,1 BEDROOM 4 PEOPLE SAVOY 16,,Tignes Le Lavachet,Espace Killy,France,,4,1,1,apartment,self-catered,self-catered,none,no,,,,,,,,quote-needed,,,,,unknown,,,Location Information Area : TIGNES LE LAVACHET,https://booking.tignes.net/1-bedroom-4-people-savoy-16-tignes-le-lavachet-fr73512051.html,Tignes Réservation,village-france-tignes-le-lavachet,5,chalets/images/tignes-reservation-1-bedroom-4-people-savoy-16/,2026-10-06,"not in 20-27 Mar dated search (2 adults); pass2: weekly planning; quarter: TIGNES LE LAVACHET; agency code: 7070; GPS 45.47147,6.91236"
tignes-reservation-1-bedroom-6-people-2100b-12,1 BEDROOM 6 PEOPLE 2100B 12,,Tignes Le Lavachet,Espace Killy,France,,6,1,1,apartment,self-catered,self-catered,none,no,,,,Saturday,1205,whole-chalet,EUR,exact-week,,,,,yes,,,Location Information Area : TIGNES LE LAVACHET,https://booking.tignes.net/1-bedroom-6-people-2100b-12-tignes-le-lavachet-2100b12.html,Tignes Réservation,village-france-tignes-le-lavachet,5,chalets/images/tignes-reservation-1-bedroom-6-people-2100b-12/,2026-10-06,"20-27 Mar bookable on Tignes Réservation for 2 adults: EUR 1205; quarter: TIGNES LE LAVACHET; agency code: LPDONNARIEIX; GPS 45.47256,6.91402"
tignes-reservation-1-bedroom-apartment-2-people-savoy-8,1 BEDROOM APARTMENT 2 PEOPLE SAVOY 8,,Tignes Le Lavachet,Espace Killy,France,,2,1,1,apartment,self-catered,self-catered,none,unknown,,,,,,,,quote-needed,,,,,unknown,,,"TIGNES LE LAC The apartment Savoy 8 is located in the Lavachet area. Very well located, a few meters away from the slopes and close to all amenities, it is the ideal apartment for a romantic ski holiday. LAYOUT - ...",https://booking.tignes.net/1-bedroom-apartment-2-people-savoy-8-tignes-le-lavachet-savoy8.html,Tignes Réservation,village-france-tignes-le-lavachet,5,chalets/images/tignes-reservation-1-bedroom-apartment-2-people-savoy-8/,2026-10-06,"not in 20-27 Mar dated search (2 adults); pass2: weekly planning; quarter: TIGNES LE LAVACHET; agency code: AICIMALPESLAC; GPS 45.47160,6.91240"
tignes-reservation-1-bedroom-apartment-4-people-grande-casse-22,1 BEDROOM APARTMENT 4 PEOPLE GRANDE CASSE 22,,Tignes Le Lavachet,Espace Killy,France,,4,1,1,apartment,self-catered,self-catered,none,no,,,,,,,,quote-needed,,,,,unknown,,,"2-room apartment 41 m2 on 3rd floor. Very beautiful furnishings: living/dining room with 2 beds (80 cm), TV. 1 room with 2 beds (105 cm). Kitchenette in the entrance (2 hot plates, dishwasher, microwave). Shower, sep. WC. Large balcony, south ...",https://booking.tignes.net/1-bedroom-apartment-4-people-grande-casse-22-tignes-le-lavachet-fr73512203.html,Tignes Réservation,village-france-tignes-le-lavachet,5,chalets/images/tignes-reservation-1-bedroom-apartment-4-people-grande-casse-22/,2026-10-06,"not in 20-27 Mar dated search (2 adults); pass2: weekly planning; quarter: TIGNES LE LAVACHET; agency code: 7070; GPS 45.47007,6.91335"
tignes-reservation-1-bedroom-apartment-4-people-grande-pre-3,1 BEDROOM APARTMENT 4 PEOPLE GRANDE PRE 3,,Tignes Le Lavachet,Espace Killy,France,,4,1,,apartment,self-catered,self-catered,none,no,,,,,,,,quote-needed,,,,,unknown,,,"2-room apartment 45 m2 on 1st floor, west facing position. Object suitable for 2 adults + 2 children. Bright, fully renovated, beautiful and modern furnishings: living/dining room with 1 pull-out bed (2 pers. 2 x 80 cm, length 190 cm), ...",https://booking.tignes.net/1-bedroom-apartment-4-people-grande-pre-3-tignes-le-lavachet-fr73512306.html,Tignes Réservation,village-france-tignes-le-lavachet,5,chalets/images/tignes-reservation-1-bedroom-apartment-4-people-grande-pre-3/,2026-10-06,"not in 20-27 Mar dated search (2 adults); pass2: weekly planning; quarter: TIGNES LE LAVACHET; agency code: 7070; GPS 45.47218,6.91286"
tignes-reservation-1-bedroom-apartment-4-people-roches-rouges-a6,1 BEDROOM APARTMENT 4 PEOPLE ROCHES ROUGES A6,,Tignes Le Lavachet,Espace Killy,France,,4,1,,apartment,self-catered,self-catered,none,no,,,,,,,,quote-needed,,,,,unknown,,,"ROCHES ROUGES - 2 rooms, sleeps 4 - 40 m² - PREMIUM apartment -completely renovated. South-facing apartment, comfortable, warm and cosy atmosphere, making you feel right at home. With large windows, a south-facing balcony and a beautiful view of the ...",https://booking.tignes.net/1-bedroom-apartment-4-people-roches-rouges-a6-tignes-le-lavachet-rra6.html,Tignes Réservation,village-france-tignes-le-lavachet,5,chalets/images/tignes-reservation-1-bedroom-apartment-4-people-roches-rouges-a6/,2026-10-06,"not in 20-27 Mar dated search (2 adults); pass2: weekly planning; quarter: TIGNES LE LAVACHET; agency code: AIROCBLANC; GPS 45.47024,6.91293"
tignes-reservation-1-bedroom-apartment-4-people-roches-rouges-b-21,1 BEDROOM APARTMENT 4 PEOPLE ROCHES ROUGES B 21,,Tignes Le Lavachet,Espace Killy,France,,4,1,1,apartment,self-catered,self-catered,none,no,,,,Saturday,715,whole-chalet,EUR,exact-week,,,,,yes,,,"On the slopes, in a calm area, 1 bedroom apartment entirely renovated Kitchen : oven, fridge, 4 hobs, dishwasher Living room : Sofa + TV Bedroom : 1 double bed of 140 Entrance : 2 bunks beds Bathroom : bath ...",https://booking.tignes.net/1-bedroom-apartment-4-people-roches-rouges-b-21-tignes-le-lavachet-61.html,Tignes Réservation,village-france-tignes-le-lavachet,5,chalets/images/tignes-reservation-1-bedroom-apartment-4-people-roches-rouges-b-21/,2026-10-06,"20-27 Mar bookable on Tignes Réservation for 2 adults: EUR 715; quarter: TIGNES LE LAVACHET; agency code: AIGESTIGNES; GPS 45.47052,6.91282"
tignes-reservation-1-bedroom-apartment-4-people-savoy-04,1 BEDROOM APARTMENT 4 PEOPLE SAVOY 04,,Tignes Le Lavachet,Espace Killy,France,,4,1,,apartment,self-catered,self-catered,none,no,,,,,,,,quote-needed,,,,,unknown,,,YOUR APARTMENT Book this 2 rooms apartment for your next skiing or summer holidays in Tignes with noth west facing balcony and a nice view over the mountains located in the Lavachet neighbourhood. This 36sq-m apartment that can accomodate up ...,https://booking.tignes.net/1-bedroom-apartment-4-people-savoy-04-tignes-le-lavachet-sav004r.html,Tignes Réservation,village-france-tignes-le-lavachet,5,chalets/images/tignes-reservation-1-bedroom-apartment-4-people-savoy-04/,2026-10-06,"not in 20-27 Mar dated search (2 adults); pass2: weekly planning; quarter: TIGNES LE LAVACHET; agency code: AICIS; GPS 45.47146,6.91233"
tignes-reservation-1-bedroom-apartment-4-people-savoy-8,1 BEDROOM APARTMENT 4 PEOPLE SAVOY 8,,Tignes Le Lavachet,Espace Killy,France,,4,1,1,apartment,self-catered,self-catered,none,no,,,,,,,,quote-needed,,,,,unknown,,,YOUR APARTMENT For your skiing or summer holiday in Tignes book this beautiful 37 sq-m apartment with balcony facing South and West and a view on the slopes. This well organised apartment for 4 persons is situated on the 1st ...,https://booking.tignes.net/1-bedroom-apartment-4-people-savoy-8-tignes-le-lavachet-sav008r.html,Tignes Réservation,village-france-tignes-le-lavachet,5,chalets/images/tignes-reservation-1-bedroom-apartment-4-people-savoy-8/,2026-10-06,"not in 20-27 Mar dated search (2 adults); pass2: weekly planning; quarter: TIGNES LE LAVACHET; agency code: AICIS; GPS 45.47146,6.91233"
tignes-reservation-1-bedroom-apartment-4-people-soldanelles-08,1 BEDROOM APARTMENT 4 PEOPLE SOLDANELLES 08,,Tignes Le Lavachet,Espace Killy,France,,4,1,,apartment,self-catered,self-catered,none,no,,,,,,,,quote-needed,,,,,unknown,,,Location Information Area : TIGNES LE LAVACHET Location : Ski-in Ski-out (in winter),https://booking.tignes.net/1-bedroom-apartment-4-people-soldanelles-08-tignes-le-lavachet-soldanelles08.html,Tignes Réservation,village-france-tignes-le-lavachet,5,chalets/images/tignes-reservation-1-bedroom-apartment-4-people-soldanelles-08/,2026-10-06,"not in 20-27 Mar dated search (2 adults); pass2: weekly planning; quarter: TIGNES LE LAVACHET; agency code: LPFAURE; GPS 45.47183,6.91320"
tignes-reservation-1-bedroom-apartment-4-people-tour-du-lac-3,1 BEDROOM APARTMENT 4 PEOPLE TOUR DU LAC 3,,Tignes Le Lavachet,Espace Killy,France,,4,1,1,apartment,self-catered,self-catered,none,no,,,,Saturday,870,whole-chalet,EUR,exact-week,,,,,yes,,,"Residence TOUR DU LAC residence is located in LE LAVACHET. At 20m far from the all services (supermarket, bakery, restaurants and ski shops), 150m from the 2 chairlifts Chaudannes and Pâquis that can be easily reached by foot. Kitchen: 4 ...",https://booking.tignes.net/1-bedroom-apartment-4-people-tour-du-lac-3-tignes-le-lavachet-63.html,Tignes Réservation,village-france-tignes-le-lavachet,5,chalets/images/tignes-reservation-1-bedroom-apartment-4-people-tour-du-lac-3/,2026-10-06,"20-27 Mar bookable on Tignes Réservation for 2 adults: EUR 870; quarter: TIGNES LE LAVACHET; agency code: AIGESTIGNES; GPS 45.47198,6.91509"
tignes-reservation-1-bedroom-apartment-4-people-tour-du-lac-13,1 BEDROOM APARTMENT 4 PEOPLE TOUR DU LAC 13,,Tignes Le Lavachet,Espace Killy,France,,4,1,1,apartment,self-catered,self-catered,none,no,,,,Saturday,1550,whole-chalet,EUR,exact-week,,,,,yes,,,"RANGE EVASION bed linen and towels included in winter 2-rooms appartment of 41m² equipped for 4 people and located on the 2nd floor with a lift in ""La Tour du Lac"" residence, in Tignes le Lavachet. Ski out access and ...",https://booking.tignes.net/1-bedroom-apartment-4-people-tour-du-lac-13-tignes-le-lavachet-titlac13.html,Tignes Réservation,village-france-tignes-le-lavachet,5,chalets/images/tignes-reservation-1-bedroom-apartment-4-people-tour-du-lac-13/,2026-10-06,"20-27 Mar bookable on Tignes Réservation for 2 adults: EUR 1550; quarter: TIGNES LE LAVACHET; agency code: AIMOUNTAINCOLLECTION; GPS 45.47138,6.91501"
tignes-reservation-1-bedroom-apartment-4-people-trolles-13,1 BEDROOM APARTMENT 4 PEOPLE TROLLES 13,,Tignes Le Lavachet,Espace Killy,France,,4,1,1,apartment,self-catered,self-catered,none,no,,,,,,,,quote-needed,,,,,unknown,,,"YOUR APARTMENT For your skiing holidays or to spend your summer in Tignes, book this 28sq-m apartment that can accommodate up to 4 guests. The South facing balcony offers you a beautiful view on the slopes. Situated on the ground ...",https://booking.tignes.net/1-bedroom-apartment-4-people-trolles-13-tignes-le-lavachet-trol13r.html,Tignes Réservation,village-france-tignes-le-lavachet,5,chalets/images/tignes-reservation-1-bedroom-apartment-4-people-trolles-13/,2026-10-06,"not in 20-27 Mar dated search (2 adults); pass2: weekly planning; quarter: TIGNES LE LAVACHET; agency code: AICIS; GPS 45.47170,6.91260"
tignes-reservation-1-bedroom-apartment-4-5-people-glaciers-a-08,1 BEDROOM APARTMENT 4/5 PEOPLE GLACIERS A 08,,Tignes Le Lavachet,Espace Killy,France,,5,1,1,apartment,self-catered,self-catered,none,no,,,,,,,,quote-needed,,,,,unknown,,,Apartment 2 rooms 4/5 persons - 36m2 - South balcony hallway with wardrobe - cupboards Bathroom with a bath - sink and cupboards - bathroom cabinet Separate WC Living - lounge an dining area : with a sofa bed (one ...,https://booking.tignes.net/1-bedroom-apartment-4-5-people-glaciers-a-08-tignes-le-lavachet-glac08a.html,Tignes Réservation,village-france-tignes-le-lavachet,5,chalets/images/tignes-reservation-1-bedroom-apartment-4-5-people-glaciers-a-08/,2026-10-06,"not in 20-27 Mar dated search (2 adults); pass2: weekly planning; quarter: TIGNES LE LAVACHET; agency code: AIROCBLANC; GPS 45.47267,6.91332"
tignes-reservation-1-bedroom-apartment-4-5-people-glaciers-a-13,1 BEDROOM APARTMENT 4/5 PEOPLE GLACIERS A 13,,Tignes Le Lavachet,Espace Killy,France,,5,1,,apartment,self-catered,self-catered,none,no,,,,Saturday,1402,whole-chalet,EUR,exact-week,,,,,yes,,,"2 room flat for 4/5 people - 39m2 - L'OREE DU BOIS. PREMIUM Range entrance with cupboard Bathroom with bathtub, sink and washing machine Separate WC Living room - Dining area with sofa bed, TV, storage and access to the ...",https://booking.tignes.net/1-bedroom-apartment-4-5-people-glaciers-a-13-tignes-le-lavachet-glac13a.html,Tignes Réservation,village-france-tignes-le-lavachet,5,chalets/images/tignes-reservation-1-bedroom-apartment-4-5-people-glaciers-a-13/,2026-10-06,"20-27 Mar bookable on Tignes Réservation for 2 adults: EUR 1402; quarter: TIGNES LE LAVACHET; agency code: AIROCBLANC; GPS 45.47267,6.91332"
tignes-reservation-1-bedroom-apartment-5-people-2100-b-15,1 BEDROOM APARTMENT 5 PEOPLE 2100 B 15,,Tignes Le Lavachet,Espace Killy,France,,5,1,,apartment,self-catered,self-catered,none,no,,,,Saturday,1550,whole-chalet,EUR,exact-week,,,,,yes,,,"RESIDENCE 2100B - 2 rooms cabin 4/5 persons -43m2 fully renovated in 2016, it is a warm and cosy atmosphere apartment with 2 bedrooms North-east view, living room-kitchen corner and dining area with a south balcony Layout : - 1 ...",https://booking.tignes.net/1-bedroom-apartment-5-people-2100-b-15-tignes-le-lavachet-2100b15.html,Tignes Réservation,village-france-tignes-le-lavachet,5,chalets/images/tignes-reservation-1-bedroom-apartment-5-people-2100-b-15/,2026-10-06,"20-27 Mar bookable on Tignes Réservation for 2 adults: EUR 1550; quarter: TIGNES LE LAVACHET; agency code: AIROCBLANC; GPS 45.47258,6.91385"
tignes-reservation-1-bedroom-apartment-5-people-hameau-de-toviere-55,1 BEDROOM APARTMENT 5 PEOPLE HAMEAU DE TOVIERE 55,,Tignes Le Lavachet,Espace Killy,France,,5,1,1,apartment,self-catered,self-catered,none,no,,,,,,,,quote-needed,,,,,unknown,,,"LES HAMEAUX de TOVIERE 5-5 - ""TIGNES VISION"". PREMIUM range 2-room apartment for 4/5 people - 1st floor without lift, 38 m², SOUTH facing. Ski locker at the entrance to the residence. 1 entrance to remove shoes, vinyl parquet flooring, ...",https://booking.tignes.net/1-bedroom-apartment-5-people-hameau-de-toviere-55-tignes-le-lavachet-hmdt55.html,Tignes Réservation,village-france-tignes-le-lavachet,5,chalets/images/tignes-reservation-1-bedroom-apartment-5-people-hameau-de-toviere-55/,2026-10-06,"not in 20-27 Mar dated search (2 adults); pass2: weekly planning; quarter: TIGNES LE LAVACHET; agency code: AIROCBLANC; GPS 45.47226,6.91429"
tignes-reservation-1-bedroom-apartment-5-people-kandahar-07,1 BEDROOM APARTMENT 5 PEOPLE KANDAHAR 07,,Tignes Le Lavachet,Espace Killy,France,,5,1,1,apartment,self-catered,self-catered,none,no,,,,Saturday,894,whole-chalet,EUR,exact-week,,,,,yes,,,"YOUR APARTMENT For your skiing holidays or to spend your summer in Tignes, book this nice and pleasant 32sq-m apartment that can accommodate up to 5 guests. The west facing balcony offers you luminosity and a beautiful view on the ...",https://booking.tignes.net/1-bedroom-apartment-5-people-kandahar-07-tignes-le-lavachet-kan007.html,Tignes Réservation,village-france-tignes-le-lavachet,5,chalets/images/tignes-reservation-1-bedroom-apartment-5-people-kandahar-07/,2026-10-06,"20-27 Mar bookable on Tignes Réservation for 2 adults: EUR 894; quarter: TIGNES LE LAVACHET; agency code: AICIS; GPS 45.47005,6.91238"
tignes-reservation-1-bedroom-apartment-5-people-kandahar-b-17,1 BEDROOM APARTMENT 5 PEOPLE KANDAHAR B 17,,Tignes Le Lavachet,Espace Killy,France,,5,1,1,apartment,self-catered,self-catered,none,no,,,,,,,,quote-needed,,,,,unknown,,,"Located in Tignes le Lavachet the residence kandahar is on the slope with 3 floor without lift. At from 200m from the service (restaurant, pub, supermarket, sport shop...). At 100m from the bus stop witch permit you to join Tignes ...",https://booking.tignes.net/1-bedroom-apartment-5-people-kandahar-b-17-tignes-le-lavachet-57.html,Tignes Réservation,village-france-tignes-le-lavachet,5,chalets/images/tignes-reservation-1-bedroom-apartment-5-people-kandahar-b-17/,2026-10-06,"not in 20-27 Mar dated search (2 adults); pass2: weekly planning; quarter: TIGNES LE LAVACHET; agency code: AIGESTIGNES; GPS 45.47028,6.91249"
tignes-reservation-1-bedroom-apartment-5-people-kandahar-b-28,1 BEDROOM APARTMENT 5 PEOPLE KANDAHAR B 28,,Tignes Le Lavachet,Espace Killy,France,,6,1,1,apartment,self-catered,self-catered,none,no,,,,,,,,quote-needed,,,,,unknown,,,"Next to the service (supermarket, restaurant, pub, bakery, sport shop) Large balcony South facing with a beautiful view on the slope and the mountain the building is on the slope Kitchen: ceramic hob, oven, fridge, dishwasher, microwave, washing machine Bedroom: ...",https://booking.tignes.net/1-bedroom-apartment-5-people-kandahar-b-28-tignes-le-lavachet-56.html,Tignes Réservation,village-france-tignes-le-lavachet,5,chalets/images/tignes-reservation-1-bedroom-apartment-5-people-kandahar-b-28/,2026-10-06,"not in 20-27 Mar dated search (2 adults); pass2: weekly planning; quarter: TIGNES LE LAVACHET; agency code: AIGESTIGNES; GPS 45.47027,6.91247"
tignes-reservation-1-bedroom-apartment-5-people-roches-rouges-b-32,1 BEDROOM APARTMENT 5 PEOPLE ROCHES ROUGES B 32,,Tignes Le Lavachet,Espace Killy,France,,5,1,,apartment,self-catered,self-catered,none,no,,,,,,,,quote-needed,,,,,unknown,,,"RANGE CONFORT 2 rooms of 37m² equipped for 5 people and located on the 2nd floor of ""Les Roches Rouges B"" residence in Tignes le Lavachet. Ski in/out access South-West facing with balconies Included: Open plan kitchen with a microwave, ...",https://booking.tignes.net/1-bedroom-apartment-5-people-roches-rouges-b-32-tignes-le-lavachet-tirochb32.html,Tignes Réservation,village-france-tignes-le-lavachet,5,chalets/images/tignes-reservation-1-bedroom-apartment-5-people-roches-rouges-b-32/,2026-10-06,"not in 20-27 Mar dated search (2 adults); pass2: weekly planning; quarter: TIGNES LE LAVACHET; agency code: AIMOUNTAINCOLLECTION; GPS 45.47070,6.91269"
tignes-reservation-1-bedroom-apartment-5-people-soldanelles-30,1 BEDROOM APARTMENT 5 PEOPLE SOLDANELLES 30,,Tignes Le Lavachet,Espace Killy,France,,5,1,1,apartment,self-catered,self-catered,none,no,,,,Saturday,1250,whole-chalet,EUR,exact-week,,,,,yes,,,"RANGE CONFORT Flat of 34m² equipped for 5 people and located on the 4th floor with a lift, in the ""Soldanelles"" residence, in Tignes le Lavachet. South facing with a balcony. Included: Renovated living room with a trundle bed (double ...",https://booking.tignes.net/1-bedroom-apartment-5-people-soldanelles-30-tignes-le-lavachet-tisold30-1.html,Tignes Réservation,village-france-tignes-le-lavachet,5,chalets/images/tignes-reservation-1-bedroom-apartment-5-people-soldanelles-30/,2026-10-06,"20-27 Mar bookable on Tignes Réservation for 2 adults: EUR 1250; quarter: TIGNES LE LAVACHET; agency code: AIMOUNTAINCOLLECTION; GPS 45.47187,6.91306"
tignes-reservation-1-bedroom-apartment-6-people-home-club-160,1 BEDROOM APARTMENT 6 PEOPLE HOME CLUB 160,,Tignes Le Lavachet,Espace Killy,France,,6,1,1,apartment,self-catered,self-catered,none,unknown,,,,Saturday,1326,whole-chalet,EUR,exact-week,,,,,yes,,,"RANGE CONFORT 2-rooms apartment of 39m² equipped for 6 people and located on the basement floor in the ""Le Home Club "" residence, in Tignes le Lavachet. South facing with balcony. Including : kitchen with electric hobs, oven and a ...",https://booking.tignes.net/1-bedroom-apartment-6-people-home-club-160-tignes-le-lavachet-tihc160.html,Tignes Réservation,village-france-tignes-le-lavachet,5,chalets/images/tignes-reservation-1-bedroom-apartment-6-people-home-club-160/,2026-10-06,"20-27 Mar bookable on Tignes Réservation for 2 adults: EUR 1326; quarter: TIGNES LE LAVACHET; agency code: AIMOUNTAINCOLLECTION; GPS 45.47222,6.91535"
tignes-reservation-1-bedroom-apartment-6-people-home-club-168,1 BEDROOM APARTMENT 6 PEOPLE HOME CLUB 168,,Tignes Le Lavachet,Espace Killy,France,,6,1,1,apartment,self-catered,self-catered,none,no,,,,,,,,quote-needed,,,,,unknown,,,"HOME CLUB - 2 rooms 6 persons - 40m2 1st floor - 40m2 - south facing balcony Apartement (renovated kitchen) with : - 1 hallway with cupboard - 1 small bedroom with bunk beds (2beddings), 1 cupboard (north facing window) ...",https://booking.tignes.net/1-bedroom-apartment-6-people-home-club-168-tignes-le-lavachet-hc168.html,Tignes Réservation,village-france-tignes-le-lavachet,5,chalets/images/tignes-reservation-1-bedroom-apartment-6-people-home-club-168/,2026-10-06,"not in 20-27 Mar dated search (2 adults); pass2: weekly planning; quarter: TIGNES LE LAVACHET; agency code: AIROCBLANC; GPS 45.47225,6.91528"
tignes-reservation-1-bedroom-apartment-6-people-home-club-174,1 BEDROOM APARTMENT 6 PEOPLE HOME CLUB 174,,Tignes Le Lavachet,Espace Killy,France,,6,1,1,apartment,self-catered,self-catered,none,no,,,,,,,,quote-needed,,,,,unknown,,,"Residence HOME CLUB is located in LE LAVACHET village less than 20 m from shops and services (supermarket, bakery, pubs, restaurants and ski shops), 150 m from the 2 chairlifts Chaudannes and Pâquis that can be easily reached by foot, ...",https://booking.tignes.net/1-bedroom-apartment-6-people-home-club-174-tignes-le-lavachet-54.html,Tignes Réservation,village-france-tignes-le-lavachet,5,chalets/images/tignes-reservation-1-bedroom-apartment-6-people-home-club-174/,2026-10-06,"not in 20-27 Mar dated search (2 adults); pass2: weekly planning; quarter: TIGNES LE LAVACHET; agency code: AIGESTIGNES; GPS 45.47223,6.91565"
tignes-reservation-1-bedroom-apartment-6-people-home-club-182,1 BEDROOM APARTMENT 6 PEOPLE HOME CLUB 182,,Tignes Le Lavachet,Espace Killy,France,,6,1,1,apartment,self-catered,self-catered,none,no,,,,,,,,quote-needed,,,,,unknown,,,"HOME CLUB - 2 rooms 6 persons - 40m2 2nd floor - 40m2 - south facing balcony Apartement with : - 1 hallway with cupboard - 1 small bedroom with bunk beds (2beddings), 1 cupboard (north facing window) - 1 ...",https://booking.tignes.net/1-bedroom-apartment-6-people-home-club-182-tignes-le-lavachet-hc182.html,Tignes Réservation,village-france-tignes-le-lavachet,5,chalets/images/tignes-reservation-1-bedroom-apartment-6-people-home-club-182/,2026-10-06,"not in 20-27 Mar dated search (2 adults); pass2: weekly planning; quarter: TIGNES LE LAVACHET; agency code: AIROCBLANC; GPS 45.47225,6.91528"
tignes-reservation-1-bedroom-apartment-6-people-home-club-237,1 BEDROOM APARTMENT 6 PEOPLE HOME CLUB 237,,Tignes Le Lavachet,Espace Killy,France,,6,1,1,apartment,self-catered,self-catered,none,no,,,,Saturday,1024,whole-chalet,EUR,exact-week,,,,,yes,,,"2-room apartment 35 m2 on 6th floor. Living/dining room with 2 beds (80 cm, length 190 cm), TV (flat screen). Exit to the balcony. Entrance hall with 1 x 2 bunk beds (80 cm, length 190 cm). 1 room with ...",https://booking.tignes.net/1-bedroom-apartment-6-people-home-club-237-tignes-le-lavachet-fr73512007.html,Tignes Réservation,village-france-tignes-le-lavachet,5,chalets/images/tignes-reservation-1-bedroom-apartment-6-people-home-club-237/,2026-10-06,"20-27 Mar bookable on Tignes Réservation for 2 adults: EUR 1024; quarter: TIGNES LE LAVACHET; agency code: 7070; GPS 45.47223,6.91559"
tignes-reservation-1-bedroom-apartment-6-people-pontet-b-24,1 BEDROOM APARTMENT 6 PEOPLE PONTET B 24,,Tignes Le Lavachet,Espace Killy,France,,6,1,1,apartment,self-catered,self-catered,none,no,,,,Saturday,870,whole-chalet,EUR,exact-week,,,,,yes,,,"BATHROOM: bath, separate WC KITCHEN: 4 electric hobs, oven, fridge, dishwasher, microwave BED ROOM: 2 bunk beds + 2 single beds LIVING ROOM: 1 pull out bed, TV BALCONY you can also use free shuttle buses to reach within 5 ...",https://booking.tignes.net/1-bedroom-apartment-6-people-pontet-b-24-tignes-le-lavachet-60.html,Tignes Réservation,village-france-tignes-le-lavachet,5,chalets/images/tignes-reservation-1-bedroom-apartment-6-people-pontet-b-24/,2026-10-06,"20-27 Mar bookable on Tignes Réservation for 2 adults: EUR 870; quarter: TIGNES LE LAVACHET; agency code: AIGESTIGNES; GPS 45.47065,6.91234"
tignes-reservation-1-bedroom-apartment-6-people-pontet-b-30,1 BEDROOM APARTMENT 6 PEOPLE PONTET B 30,,Tignes Le Lavachet,Espace Killy,France,,6,1,1,apartment,self-catered,self-catered,none,no,,,,Saturday,1240,whole-chalet,EUR,exact-week,,,,,yes,,,"RANGE ESSENTIELLE 2 rooms of 40m² equipped for 6 people and located on the 3rd floor, in the ""Pontet B"" residence, in Tignes Le Lavachet. Ski in/ out access South-West facing with a balcony. Included : Living room with a ...",https://booking.tignes.net/1-bedroom-apartment-6-people-pontet-b-30-tignes-le-lavachet-tiponb30-1.html,Tignes Réservation,village-france-tignes-le-lavachet,5,chalets/images/tignes-reservation-1-bedroom-apartment-6-people-pontet-b-30/,2026-10-06,"20-27 Mar bookable on Tignes Réservation for 2 adults: EUR 1240; quarter: TIGNES LE LAVACHET; agency code: AIMOUNTAINCOLLECTION; GPS 45.47060,6.91243"
tignes-reservation-1-bedroom-apartment-6-people-roches-rouges-b-20,1 BEDROOM APARTMENT 6 PEOPLE ROCHES ROUGES B 20,,Tignes Le Lavachet,Espace Killy,France,,6,1,1,apartment,self-catered,self-catered,none,no,,,,,,,,quote-needed,,,,,unknown,,,You can also use free shuttle buses to reach within 5 minutes TIGNES LE LAC or TIGNES VAL CLARET. - 3 floors no elevator - Private ski lockers - Indoor public carpark at 50m South Facing with a Beautiful views ...,https://booking.tignes.net/1-bedroom-apartment-6-people-roches-rouges-b-20-tignes-le-lavachet-62.html,Tignes Réservation,village-france-tignes-le-lavachet,5,chalets/images/tignes-reservation-1-bedroom-apartment-6-people-roches-rouges-b-20/,2026-10-06,"not in 20-27 Mar dated search (2 adults); pass2: weekly planning; quarter: TIGNES LE LAVACHET; agency code: AIGESTIGNES; GPS 45.47054,6.91284"
tignes-reservation-1-bedroom-apartment-6-people-savoy-26,1 BEDROOM APARTMENT 6 PEOPLE SAVOY 26,,Tignes Le Lavachet,Espace Killy,France,,6,1,1,apartment,self-catered,self-catered,none,no,,,,Saturday,1316,whole-chalet,EUR,exact-week,,,,,yes,,,"RANGE CONFORT 2 rooms of 35m² equipped for 6 people and located on the fourth floor with a lift of ""Le Savoy"" residence in Tignes le Lavachet. South facing with a balcony Included: Living room with a trundle bed (2 ...",https://booking.tignes.net/1-bedroom-apartment-6-people-savoy-26-tignes-le-lavachet-tisav26-1.html,Tignes Réservation,village-france-tignes-le-lavachet,5,chalets/images/tignes-reservation-1-bedroom-apartment-6-people-savoy-26/,2026-10-06,"20-27 Mar bookable on Tignes Réservation for 2 adults: EUR 1316; quarter: TIGNES LE LAVACHET; agency code: AIMOUNTAINCOLLECTION; GPS 45.47147,6.91231"
tignes-reservation-1-bedroom-apartment-6-people-tour-du-lac-32,1 BEDROOM APARTMENT 6 PEOPLE TOUR DU LAC 32,,Tignes Le Lavachet,Espace Killy,France,,6,1,1,apartment,self-catered,self-catered,none,no,,,,Saturday,1203,whole-chalet,EUR,exact-week,,,,,yes,,,"TOUR DU LAC - 2 rooms 6 persons - 43m2 6th floor - South facing balcony , breathtaking view view of Glacier Grande Motte. Renovated apartment : kitche, living room, bedroom and bathroom. Layout : - hallway with cupboards. - ...",https://booking.tignes.net/1-bedroom-apartment-6-people-tour-du-lac-32-tignes-le-lavachet-tlac32.html,Tignes Réservation,village-france-tignes-le-lavachet,5,chalets/images/tignes-reservation-1-bedroom-apartment-6-people-tour-du-lac-32/,2026-10-06,"20-27 Mar bookable on Tignes Réservation for 2 adults: EUR 1203; quarter: TIGNES LE LAVACHET; agency code: AIROCBLANC; GPS 45.47194,6.91515"
tignes-reservation-1-bedroom-apartment-6-people-tour-du-lac-38,1 BEDROOM APARTMENT 6 PEOPLE TOUR DU LAC 38,,Tignes Le Lavachet,Espace Killy,France,,6,1,1,apartment,self-catered,self-catered,none,no,,,,Saturday,1261,whole-chalet,EUR,exact-week,,,,,yes,,,"RANGE CONFORT 2-rooms of 38m² equipped for 6 people and located on the 7th floor with a lift in ""La Tour du Lac"" residence, in Tignes le Lavachet. Ski out and direct access to shops. South facing with a balcony. ...",https://booking.tignes.net/1-bedroom-apartment-6-people-tour-du-lac-38-tignes-le-lavachet-titlac38-1.html,Tignes Réservation,village-france-tignes-le-lavachet,5,chalets/images/tignes-reservation-1-bedroom-apartment-6-people-tour-du-lac-38/,2026-10-06,"20-27 Mar bookable on Tignes Réservation for 2 adults: EUR 1261; quarter: TIGNES LE LAVACHET; agency code: AIMOUNTAINCOLLECTION; GPS 45.47138,6.91501"
tignes-reservation-1-bedroom-apartment-pontet-a-02,1 BEDROOM APARTMENT PONTET A 02,,Tignes Le Lavachet,Espace Killy,France,,6,1,,apartment,self-catered,self-catered,none,no,,,,Saturday,1191,whole-chalet,EUR,exact-week,,,,,yes,,,"RANGE ESSENTIELLE 2 rooms of 45m² appartment equipped for 6 people and located on the groundfloor of the ""Pontet A"" residence, in Tignes le Lavachet. Ski in/out access South facing with a balcony Included: Living room with a convertible sofa ...",https://booking.tignes.net/1-bedroom-apartment-pontet-a-02-tignes-le-lavachet-tipona02.html,Tignes Réservation,village-france-tignes-le-lavachet,5,chalets/images/tignes-reservation-1-bedroom-apartment-pontet-a-02/,2026-10-06,"20-27 Mar bookable on Tignes Réservation for 2 adults: EUR 1191; quarter: TIGNES LE LAVACHET; agency code: AIMOUNTAINCOLLECTION; GPS 45.47060,6.91243"
tignes-reservation-1-bedroom-appartment-6-peoples-pontet-b22,1 BEDROOM APPARTMENT 6 PEOPLES PONTET B22,,Tignes Le Lavachet,Espace Killy,France,,6,1,1,apartment,self-catered,self-catered,none,no,,,,Saturday,1639,whole-chalet,EUR,exact-week,,,,,yes,,,RANGE EVASION bed linen and towels included in winter Completely renovated 42 m² 2-room flat equipped for 6 people located on the 1st floor without lift in the ‘Le Pontet B’ residence in Tignes Le Lavachet. At the foot of ...,https://booking.tignes.net/1-bedroom-appartment-6-peoples-pontet-b22-tignes-le-lavachet-tiponb22.html,Tignes Réservation,village-france-tignes-le-lavachet,5,chalets/images/tignes-reservation-1-bedroom-appartment-6-peoples-pontet-b22/,2026-10-06,"20-27 Mar bookable on Tignes Réservation for 2 adults: EUR 1639; quarter: TIGNES LE LAVACHET; agency code: AIMOUNTAINCOLLECTION; GPS 45.47060,6.91243"
tignes-reservation-2-bedrooms-9-people-tour-du-lac-06,2 BEDROOMS 9 PEOPLE TOUR DU LAC 06,,Tignes Le Lavachet,Espace Killy,France,,9,2,2,apartment,self-catered,self-catered,none,no,,,,,,,,quote-needed,,,,,unknown,,,"RANGE CONFORT 3-rooms apartment of 58m² equipped for 9people and located on the first floor with a lift, in ""La Tour du Lac"" residence, in Tignes le Lavachet. Ski out and direct access to shops. South facing with a balcony. ...",https://booking.tignes.net/2-bedrooms-9-people-tour-du-lac-06-tignes-le-lavachet-titlac06.html,Tignes Réservation,village-france-tignes-le-lavachet,5,chalets/images/tignes-reservation-2-bedrooms-9-people-tour-du-lac-06/,2026-10-06,"not in 20-27 Mar dated search (2 adults); pass2: weekly planning; quarter: TIGNES LE LAVACHET; agency code: AIMOUNTAINCOLLECTION; GPS 45.47138,6.91501"
tignes-reservation-2-bedrooms-apartment-5-people-tour-du-lac-31,2 BEDROOMS APARTMENT 5 PEOPLE TOUR DU LAC 31,,Tignes Le Lavachet,Espace Killy,France,,5,2,,apartment,self-catered,self-catered,none,no,,,,,,,,quote-needed,,,,,unknown,,,"TOUR DU LAC - 3 rooms for 5 persons - 55m2 on the 6th floor - bay windows facing SOUTH - WEST and NORTH Apartment completely renovated 3***, very nice renovation for a warm and family stay. The apartment is ...",https://booking.tignes.net/2-bedrooms-apartment-5-people-tour-du-lac-31-tignes-le-lavachet-tlac31.html,Tignes Réservation,village-france-tignes-le-lavachet,5,chalets/images/tignes-reservation-2-bedrooms-apartment-5-people-tour-du-lac-31/,2026-10-06,"not in 20-27 Mar dated search (2 adults); pass2: weekly planning; quarter: TIGNES LE LAVACHET; agency code: AIROCBLANC; GPS 45.47194,6.91515"
tignes-reservation-2-bedrooms-apartment-6-people-2100-a-4,2 BEDROOMS APARTMENT 6 PEOPLE 2100 A 4,,Tignes Le Lavachet,Espace Killy,France,,6,2,1,apartment,self-catered,self-catered,none,no,,,,Saturday,1120,whole-chalet,EUR,exact-week,,,,,yes,,,"Located in Tignes le Lavachet next to the services (supermarket, restaurants, pub, bakery, sport shop...) BATHROOM: Bath and washbasin separated TOILETS BEDROOM 1: 2 single beds with north facing balcony BEDROOM 2: 1 King Bed with north facing balcony Kitchen: ...",https://booking.tignes.net/2-bedrooms-apartment-6-people-2100-a-4-tignes-le-lavachet-90.html,Tignes Réservation,village-france-tignes-le-lavachet,5,chalets/images/tignes-reservation-2-bedrooms-apartment-6-people-2100-a-4/,2026-10-06,"20-27 Mar bookable on Tignes Réservation for 2 adults: EUR 1120; quarter: TIGNES LE LAVACHET; agency code: AIGESTIGNES; GPS 45.47262,6.91327"
tignes-reservation-2-bedrooms-apartment-6-people-2100-a-14,2 BEDROOMS APARTMENT 6 PEOPLE 2100 A 14,,Tignes Le Lavachet,Espace Killy,France,,6,2,1,apartment,self-catered,self-catered,none,unknown,,,,,,,,quote-needed,,,,,unknown,,,"3-room apartment 50 m2 on 3rd floor. Spacious, practical furnishings: living/dining room with TV. Exit to the balcony, south facing position. 1 room with 2 x 2 bunk beds (80 cm). Exit to the balcony, north facing position. 1 room ...",https://booking.tignes.net/2-bedrooms-apartment-6-people-2100-a-14-tignes-le-lavachet-fr73512457.html,Tignes Réservation,village-france-tignes-le-lavachet,5,chalets/images/tignes-reservation-2-bedrooms-apartment-6-people-2100-a-14/,2026-10-06,"not in 20-27 Mar dated search (2 adults); pass2: weekly planning; quarter: TIGNES LE LAVACHET; agency code: 7070; GPS 45.47256,6.91387"
tignes-reservation-2-bedrooms-apartment-6-people-2100-b-20,2 BEDROOMS APARTMENT 6 PEOPLE 2100 B 20,,Tignes Le Lavachet,Espace Killy,France,,6,2,,apartment,self-catered,self-catered,none,no,,,,Saturday,1709,whole-chalet,EUR,exact-week,,,,,yes,,,"RANGE CONFORT 55m² apartment, equipped for 6 people and located on the 2nd floor in ""2100B"" residence, in Tignes Le Lavachet. South facing with a balcony. Including: Living room with a trundle bed (2single beds) - TV with DVD player ...",https://booking.tignes.net/2-bedrooms-apartment-6-people-2100-b-20-tignes-le-lavachet-tir2100b20.html,Tignes Réservation,village-france-tignes-le-lavachet,5,chalets/images/tignes-reservation-2-bedrooms-apartment-6-people-2100-b-20/,2026-10-06,"20-27 Mar bookable on Tignes Réservation for 2 adults: EUR 1709; quarter: TIGNES LE LAVACHET; agency code: AIMOUNTAINCOLLECTION; GPS 45.47262,6.91402"
tignes-reservation-2-bedrooms-apartment-6-people-2100-b-23,2 BEDROOMS APARTMENT 6 PEOPLE 2100 B 23,,Tignes Le Lavachet,Espace Killy,France,,6,2,1,apartment,self-catered,self-catered,none,no,,,,Saturday,1263,whole-chalet,EUR,exact-week,,,,,yes,,,"3-room apartment 50 m2 on 2nd floor. Renovated, comfortable and beautiful furnishings: living/dining room with TV (flat screen), DVD. Exit to the balcony, south facing position. 1 room with 1 french bed (140 cm). Exit to the balcony, north facing ...",https://booking.tignes.net/2-bedrooms-apartment-6-people-2100-b-23-tignes-le-lavachet-fr73512459.html,Tignes Réservation,village-france-tignes-le-lavachet,5,chalets/images/tignes-reservation-2-bedrooms-apartment-6-people-2100-b-23/,2026-10-06,"20-27 Mar bookable on Tignes Réservation for 2 adults: EUR 1263; quarter: TIGNES LE LAVACHET; agency code: 7070; GPS 45.47252,6.91414"
tignes-reservation-2-bedrooms-apartment-6-people-hameau-de-toviere-5-35,2 BEDROOMS APARTMENT 6 PEOPLE HAMEAU DE TOVIERE 5-35,,Tignes Le Lavachet,Espace Killy,France,,6,2,1,apartment,self-catered,self-catered,none,unknown,,,,,,,,quote-needed,,,,,unknown,,,"HAMEAUX de TOVIERE 5-35 - 3* TRIPLEX APARTMENT - 55m² - 3rd floor - no elevator - 6 persons Renovated PREMIUM RANGE Lay out : LEVEL 0 : 1 hallway with a ski shoes storage 1 storage room with shelves, ...",https://booking.tignes.net/2-bedrooms-apartment-6-people-hameau-de-toviere-5-35-tignes-le-lavachet-hmdt535.html,Tignes Réservation,village-france-tignes-le-lavachet,5,chalets/images/tignes-reservation-2-bedrooms-apartment-6-people-hameau-de-toviere-5-35/,2026-10-06,"not in 20-27 Mar dated search (2 adults); pass2: weekly planning; quarter: TIGNES LE LAVACHET; agency code: AIROCBLANC; GPS 45.47243,6.91395"
tignes-reservation-2-bedrooms-apartment-6-people-hameau-de-toviere-19,2 BEDROOMS APARTMENT 6 PEOPLE HAMEAU DE TOVIERE 19,,Tignes Le Lavachet,Espace Killy,France,,6,2,1,apartment,self-catered,self-catered,none,no,,,,,,,,quote-needed,,,,,unknown,,,"The residence Hameau de Tovière is located in the center of Tignes le Lavachet near the service (supermarket, restaurant, pub, sport shop...). At 150m from the slope entrance ski boots dryer Kitchen: 4 hobs, dishwasher, fridge, microwave-grill, raclette device, Nespresso ...",https://booking.tignes.net/2-bedrooms-apartment-6-people-hameau-de-toviere-19-tignes-le-lavachet-112.html,Tignes Réservation,village-france-tignes-le-lavachet,5,chalets/images/tignes-reservation-2-bedrooms-apartment-6-people-hameau-de-toviere-19/,2026-10-06,"not in 20-27 Mar dated search (2 adults); pass2: weekly planning; quarter: TIGNES LE LAVACHET; agency code: AIGESTIGNES; GPS 45.47228,6.91415"
tignes-reservation-2-bedrooms-apartment-6-people-hameau-de-toviere-436,2 BEDROOMS APARTMENT 6 PEOPLE HAMEAU DE TOVIERE 436,,Tignes Le Lavachet,Espace Killy,France,,6,2,1,apartment,self-catered,self-catered,none,no,,,,,,,,quote-needed,,,,,unknown,,,"RANGE PRESTIGE: Beds made, towels and end-of-stay cleaning (except kitchen) included winter only 3-rooms renovated apartment of 50m² equipped for 6 people and located on 4th floor without a lift in the ""Hameau de Tovière"" residence, in Tignes le Lavachet. ...",https://booking.tignes.net/2-bedrooms-apartment-6-people-hameau-de-toviere-436-tignes-le-lavachet-tihamto436.html,Tignes Réservation,village-france-tignes-le-lavachet,5,chalets/images/tignes-reservation-2-bedrooms-apartment-6-people-hameau-de-toviere-436/,2026-10-06,"not in 20-27 Mar dated search (2 adults); pass2: weekly planning; quarter: TIGNES LE LAVACHET; agency code: AIMOUNTAINCOLLECTION; GPS 45.47233,6.91427"
tignes-reservation-2-bedrooms-apartment-6-people-les-rives-a-10,2 BEDROOMS APARTMENT 6 PEOPLE LES RIVES A 10,,Tignes Le Lavachet,Espace Killy,France,,6,2,,apartment,self-catered,self-catered,none,unknown,,,,,,,,quote-needed,,,,,unknown,,,"RANGE EVASION bed linen and towels included in winter Apartment of 65m² equipped for 6 people and located on the 3rd floor with a lift in ""Les Rives"" residence, in Tignes Le Lavachet. Ski in/ out access. South facing with ...",https://booking.tignes.net/2-bedrooms-apartment-6-people-les-rives-a-10-tignes-le-lavachet-tiriva10-1.html,Tignes Réservation,village-france-tignes-le-lavachet,5,chalets/images/tignes-reservation-2-bedrooms-apartment-6-people-les-rives-a-10/,2026-10-06,"not in 20-27 Mar dated search (2 adults); pass2: weekly planning; quarter: TIGNES LE LAVACHET; agency code: AIMOUNTAINCOLLECTION; GPS 45.47103,6.91167"
tignes-reservation-2-bedrooms-apartment-6-people-lot-300-a-16,2 BEDROOMS APARTMENT 6 PEOPLE LOT 300 A 16,,Tignes Le Lavachet,Espace Killy,France,,6,2,1,apartment,self-catered,self-catered,none,no,,,,,,,,quote-needed,,,,,unknown,,,"In the heart of TIGNES LE LAVACHET (2100m altitude), the LOT 300 Residence is ideally located less than 50m from shops (supermarket, bakery, restaurants, sports shops, etc.) and 100m from the slopes with access to the Chaudannes and Pâquis chairlifts. ...",https://booking.tignes.net/2-bedrooms-apartment-6-people-lot-300-a-16-tignes-le-lavachet-59.html,Tignes Réservation,village-france-tignes-le-lavachet,5,chalets/images/tignes-reservation-2-bedrooms-apartment-6-people-lot-300-a-16/,2026-10-06,"not in 20-27 Mar dated search (2 adults); pass2: weekly planning; quarter: TIGNES LE LAVACHET; agency code: AIGESTIGNES; GPS 45.47216,6.91449"
tignes-reservation-2-bedrooms-apartment-6-people-pontet-b-20,2 BEDROOMS APARTMENT 6 PEOPLE PONTET B 20,,Tignes Le Lavachet,Espace Killy,France,,6,2,1,apartment,self-catered,self-catered,none,no,,,,,,,,quote-needed,,,,,unknown,,,"KITCHEN: Oven, Fridge, 4 electric hobs, Dishwasher. BATHROOM: Bath, separate WC LINVING ROOM: TV, sofa BED ROOM 1: 2 single beds BED ROOM 2: 2 single beds, shower, WC Balcony KITCHEN: Oven, Fridge, 4 electric hobs, Dishwasher. BATHROOM: Bath, separate ...",https://booking.tignes.net/2-bedrooms-apartment-6-people-pontet-b-20-tignes-le-lavachet-93.html,Tignes Réservation,village-france-tignes-le-lavachet,5,chalets/images/tignes-reservation-2-bedrooms-apartment-6-people-pontet-b-20/,2026-10-06,"not in 20-27 Mar dated search (2 adults); pass2: weekly planning; quarter: TIGNES LE LAVACHET; agency code: AIGESTIGNES; GPS 45.47061,6.91236"
tignes-reservation-2-bedrooms-apartment-6-people-roches-rouges-a-18,2 BEDROOMS APARTMENT 6 PEOPLE ROCHES ROUGES A 18,,Tignes Le Lavachet,Espace Killy,France,,6,2,1,apartment,self-catered,self-catered,none,no,,,,,,,,quote-needed,,,,,unknown,,,"ROCHES ROUGES A - 3 rooms for 6 persons - 55m2 2nd floor dual aspect apartment renovated - South Facing balcony with nice view of Grande Motte Glacier, large north facing windows in bedroom 2 view of Grande Sassière. A ...",https://booking.tignes.net/2-bedrooms-apartment-6-people-roches-rouges-a-18-tignes-le-lavachet-rra18.html,Tignes Réservation,village-france-tignes-le-lavachet,5,chalets/images/tignes-reservation-2-bedrooms-apartment-6-people-roches-rouges-a-18/,2026-10-06,"not in 20-27 Mar dated search (2 adults); pass2: weekly planning; quarter: TIGNES LE LAVACHET; agency code: AIROCBLANC; GPS 45.47024,6.91293"
tignes-reservation-2-bedrooms-apartment-6-people-roches-rouges-b-23,2 BEDROOMS APARTMENT 6 PEOPLE ROCHES ROUGES B 23,,Tignes Le Lavachet,Espace Killy,France,,6,2,1,apartment,self-catered,self-catered,none,no,,,,,,,,quote-needed,,,,,unknown,,,"On the slopes, in a calm area, 2 bedrooms apartment entirely renovated Located in Tignes le Lavachet next to the service (supermarket, restaurant, pub, bakery, sport shop...). Kitchen : microwave, fridge, 4 hobs, dishwasher Living room : Sofa + TV ...",https://booking.tignes.net/2-bedrooms-apartment-6-people-roches-rouges-b-23-tignes-le-lavachet-94.html,Tignes Réservation,village-france-tignes-le-lavachet,5,chalets/images/tignes-reservation-2-bedrooms-apartment-6-people-roches-rouges-b-23/,2026-10-06,"not in 20-27 Mar dated search (2 adults); pass2: weekly planning; quarter: TIGNES LE LAVACHET; agency code: AIGESTIGNES; GPS 45.47071,6.91274"
tignes-reservation-2-bedrooms-apartment-6-people-savoy-09,2 BEDROOMS APARTMENT 6 PEOPLE SAVOY 09,,Tignes Le Lavachet,Espace Killy,France,,6,1,1,apartment,self-catered,self-catered,none,no,,,,,,,,quote-needed,,,,,unknown,,,Location Information Area : TIGNES LE LAVACHET Location : back in ski,https://booking.tignes.net/2-bedrooms-apartment-6-people-savoy-09-tignes-le-lavachet-savoy9.html,Tignes Réservation,village-france-tignes-le-lavachet,5,chalets/images/tignes-reservation-2-bedrooms-apartment-6-people-savoy-09/,2026-10-06,"not in 20-27 Mar dated search (2 adults); pass2: weekly planning; quarter: TIGNES LE LAVACHET; agency code: LPRIEGERT; GPS 45.47141,6.91234"
tignes-reservation-2-bedrooms-apartment-7-people-chalet-silene,2 BEDROOMS APARTMENT 7 PEOPLE CHALET SILENE,,Tignes Le Lavachet,Espace Killy,France,,7,2,1,apartment,self-catered,self-catered,none,no,,,,,,,,quote-needed,,,,,unknown,,,"peaceful apartement in a chalet with two flat in the chalt district of Tignes le Lavachet fully renovated Cheminey is working which adds to the charm of the mountains At 150m from the slope KITCHEN: Oven, fridge, dishwasher, microwave BATHROOM: ...",https://booking.tignes.net/2-bedrooms-apartment-7-people-chalet-silene-tignes-le-lavachet-91.html,Tignes Réservation,village-france-tignes-le-lavachet,5,chalets/images/tignes-reservation-2-bedrooms-apartment-7-people-chalet-silene/,2026-10-06,"not in 20-27 Mar dated search (2 adults); pass2: weekly planning; quarter: TIGNES LE LAVACHET; agency code: AIGESTIGNES; GPS 45.47212,6.91184"
tignes-reservation-2-bedrooms-apartment-7-people-hameau-de-toviere-33,2 BEDROOMS APARTMENT 7 PEOPLE HAMEAU DE TOVIERE 33,,Tignes Le Lavachet,Espace Killy,France,,7,2,1,apartment,self-catered,self-catered,none,no,,,,,,,,quote-needed,,,,,unknown,,,Winter : Enjoy a preferential rate on your ski lift pass Tignes & Val s’Isère. Summer : Get a free My Tignes card with your agency ! Your key to discovering all the activities Tignes resort has to offer and ...,https://booking.tignes.net/2-bedrooms-apartment-7-people-hameau-de-toviere-33-tignes-le-lavachet-tiht33.html,Tignes Réservation,village-france-tignes-le-lavachet,5,chalets/images/tignes-reservation-2-bedrooms-apartment-7-people-hameau-de-toviere-33/,2026-10-06,"not in 20-27 Mar dated search (2 adults); pass2: weekly planning; quarter: TIGNES LE LAVACHET; agency code: AIMOUNTAINCOLLECTION; GPS 45.47233,6.91427"
tignes-reservation-2-bedrooms-apartment-7-people-roches-rouges-c-14,2 BEDROOMS APARTMENT 7 PEOPLE ROCHES ROUGES C 14,,Tignes Le Lavachet,Espace Killy,France,,7,2,1,apartment,self-catered,self-catered,none,no,,,,,,,,quote-needed,,,,,unknown,,,"KITCHEN: Oven, microwave, Fridge, 4 vitro plates, Dishwasher BATHROOM: Rainfall shower, separate WC, washer/dryer Master BEDROOM : 1 queen bed 160cm (duvet) BEDROOM 2: 2 X 2 twin bunk beds (duvets) LIVING ROOM: Sofa, Large plasma TV, breakfast bar Balcony ...",https://booking.tignes.net/2-bedrooms-apartment-7-people-roches-rouges-c-14-tignes-le-lavachet-92.html,Tignes Réservation,village-france-tignes-le-lavachet,5,chalets/images/tignes-reservation-2-bedrooms-apartment-7-people-roches-rouges-c-14/,2026-10-06,"not in 20-27 Mar dated search (2 adults); pass2: weekly planning; quarter: TIGNES LE LAVACHET; agency code: AIGESTIGNES; GPS 45.47071,6.91274"
tignes-reservation-2-bedrooms-apartment-7-peoples-roches-rouges-a-10,2 BEDROOMS APARTMENT 7 PEOPLES ROCHES ROUGES A 10,,Tignes Le Lavachet,Espace Killy,France,,7,2,1,apartment,self-catered,self-catered,none,no,,,,,,,,quote-needed,,,,,unknown,,,"RANGE CONFORT 3 rooms apartment of 50m² equipped for 7 people and located on the 1st floor with a lift of ""Les Roches Rouges A"" residence in Tignes le Lavachet. Ski in/out access. East facing with balconies Included: Open plan ...",https://booking.tignes.net/2-bedrooms-apartment-7-peoples-roches-rouges-a-10-tignes-le-lavachet-tirocha10.html,Tignes Réservation,village-france-tignes-le-lavachet,5,chalets/images/tignes-reservation-2-bedrooms-apartment-7-peoples-roches-rouges-a-10/,2026-10-06,"not in 20-27 Mar dated search (2 adults); pass2: weekly planning; quarter: TIGNES LE LAVACHET; agency code: AIMOUNTAINCOLLECTION; GPS 45.47070,6.91269"
tignes-reservation-2-bedrooms-apartment-7-people-tour-du-lac-11,2 BEDROOMS APARTMENT 7 PEOPLE TOUR DU LAC 11,,Tignes Le Lavachet,Espace Killy,France,,7,2,1,apartment,self-catered,self-catered,none,no,,,,,,,,quote-needed,,,,,unknown,,,"RANGE CONFORT 3-rooms apartment of 55m² equipped for 7 people and located on the 2nd floor in ""La Tour du Lac"" residence, in Tignes le Lavachet. Ski out and direct access to shops. South facing with a balcony. Included: Kitchen ...",https://booking.tignes.net/2-bedrooms-apartment-7-people-tour-du-lac-11-tignes-le-lavachet-titlac11-1.html,Tignes Réservation,village-france-tignes-le-lavachet,5,chalets/images/tignes-reservation-2-bedrooms-apartment-7-people-tour-du-lac-11/,2026-10-06,"not in 20-27 Mar dated search (2 adults); pass2: weekly planning; quarter: TIGNES LE LAVACHET; agency code: AIMOUNTAINCOLLECTION; GPS 45.47138,6.91501"
tignes-reservation-2-bedrooms-apartment-7-people-tour-du-lac-34,2 BEDROOMS APARTMENT 7 PEOPLE TOUR DU LAC 34,,Tignes Le Lavachet,Espace Killy,France,,7,2,2,apartment,self-catered,self-catered,none,no,,,,,,,,quote-needed,,,,,unknown,,,TOUR DU LAC 34 - 3 rooms 7 persons - 55m2 6th floor with large windows south- west and north facing. apartment fully renovated 3* for a comfortable family stay. Layout : - 1 hallway with large storage units - ...,https://booking.tignes.net/2-bedrooms-apartment-7-people-tour-du-lac-34-tignes-le-lavachet-tlac34.html,Tignes Réservation,village-france-tignes-le-lavachet,5,chalets/images/tignes-reservation-2-bedrooms-apartment-7-people-tour-du-lac-34/,2026-10-06,"not in 20-27 Mar dated search (2 adults); pass2: weekly planning; quarter: TIGNES LE LAVACHET; agency code: AIROCBLANC; GPS 45.47194,6.91515"
tignes-reservation-2-bedrooms-apartment-8-people-lot-300-b-341,2 BEDROOMS APARTMENT 8 PEOPLE LOT 300 B 341,,Tignes Le Lavachet,Espace Killy,France,,8,2,1,apartment,self-catered,self-catered,none,no,,,,,,,,quote-needed,,,,,unknown,,,"RANGE CONFORT 3-rooms flat of 55m², equipped for 8 people and located on the 3rd floor in the ""LOT 300 B"" residence, in Tignes le Lavachet. South facing with a balcony. Including : Open plan kitchen with electric hobs, oven, ...",https://booking.tignes.net/2-bedrooms-apartment-8-people-lot-300-b-341-tignes-le-lavachet-tilot341.html,Tignes Réservation,village-france-tignes-le-lavachet,5,chalets/images/tignes-reservation-2-bedrooms-apartment-8-people-lot-300-b-341/,2026-10-06,"not in 20-27 Mar dated search (2 adults); pass2: weekly planning; quarter: TIGNES LE LAVACHET; agency code: AIMOUNTAINCOLLECTION; GPS 45.47199,6.91477"
tignes-reservation-2-bedrooms-apartment-8-people-tour-du-lac-36,2 BEDROOMS APARTMENT 8 PEOPLE TOUR DU LAC 36,,Tignes Le Lavachet,Espace Killy,France,,8,2,1,apartment,self-catered,self-catered,none,unknown,,,,,,,,quote-needed,,,,,unknown,,,"TOUR DU LAC 36 - 3 rooms, sleeps 8 - 55m² The flat is on the 7th floor and is laid out as follows: 1 Entrance hall with shoe storage area, cupboards and shoe dryers Bedroom 1 facing east and ...",https://booking.tignes.net/2-bedrooms-apartment-8-people-tour-du-lac-36-tignes-le-lavachet-tlac36.html,Tignes Réservation,village-france-tignes-le-lavachet,5,chalets/images/tignes-reservation-2-bedrooms-apartment-8-people-tour-du-lac-36/,2026-10-06,"not in 20-27 Mar dated search (2 adults); pass2: weekly planning; quarter: TIGNES LE LAVACHET; agency code: AIROCBLANC; GPS 45.47194,6.91515"
tignes-reservation-2-bedrooms-apartment-hameau-de-toviere-133,2 BEDROOMS APARTMENT HAMEAU DE TOVIERE 133,,Tignes Le Lavachet,Espace Killy,France,,6,2,2,apartment,self-catered,self-catered,none,no,,,,Saturday,2026,whole-chalet,EUR,exact-week,,,,,yes,,,"GAMME PRESTIGE Lits faits, serviettes et ménage fin de séjour (sauf cuisine), inclus en hiver uniquement 3 rooms duplex of 50m² equipped for 6 people and located on the 3rd floor without a lift, in ""Le Hameau de Tovière"" residence, ...",https://booking.tignes.net/2-bedrooms-apartment-hameau-de-toviere-133-tignes-le-lavachet-tihamto133.html,Tignes Réservation,village-france-tignes-le-lavachet,5,chalets/images/tignes-reservation-2-bedrooms-apartment-hameau-de-toviere-133/,2026-10-06,"20-27 Mar bookable on Tignes Réservation for 2 adults: EUR 2026; quarter: TIGNES LE LAVACHET; agency code: AIMOUNTAINCOLLECTION; GPS 45.47233,6.91427"
tignes-reservation-2-bedrooms-apartment-hameau-de-toviere-407,2 BEDROOMS APARTMENT HAMEAU DE TOVIERE 407,,Tignes Le Lavachet,Espace Killy,France,,9,3,1,apartment,self-catered,self-catered,none,no,,,,,,,,quote-needed,,,,,unknown,,,"RANGE EVASION bed linen and towels included in winter Apartment of 65m² equipped for 9 people and located on the 1st floor whithout a lift in the ""Hameau de Tovière"" residence, in Tignes Le Lavachet. South facing with a terrasse. ...",https://booking.tignes.net/2-bedrooms-apartment-hameau-de-toviere-407-tignes-le-lavachet-tihamto407-1.html,Tignes Réservation,village-france-tignes-le-lavachet,5,chalets/images/tignes-reservation-2-bedrooms-apartment-hameau-de-toviere-407/,2026-10-06,"not in 20-27 Mar dated search (2 adults); pass2: weekly planning; quarter: TIGNES LE LAVACHET; agency code: AIMOUNTAINCOLLECTION; GPS 45.47233,6.91427"
tignes-reservation-2-rooms-1-bedroom-home-club-2,2 rooms (1 bedroom) - HOME CLUB 2,,Tignes Le Lavachet,Espace Killy,France,,,1,,apartment,self-catered,self-catered,none,unknown,,,,Saturday,1402,whole-chalet,EUR,exact-week,,,,,yes,,,"HOME CLUB 247 - 2-room flat for 4 people - 35m² This renovated flat is situated on the 7th floor and features underfloor heating. It is laid out as follows: - 1 entrance hall for taking off shoes, with 2 ...",https://booking.tignes.net/2-rooms-1-bedroom-home-club-2-tignes-le-lavachet-hc247.html,Tignes Réservation,village-france-tignes-le-lavachet,5,chalets/images/tignes-reservation-2-rooms-1-bedroom-home-club-2/,2026-10-06,"20-27 Mar bookable on Tignes Réservation for 2 adults: EUR 1402; quarter: TIGNES LE LAVACHET; agency code: AIROCBLANC; GPS 45.47225,6.91528"
tignes-reservation-3-bedrooms-8-people-chalet-navillod,3 BEDROOMS 8 PEOPLE CHALET NAVILLOD,,Tignes Le Lavachet,Espace Killy,France,,8,3,2,chalet,self-catered,self-catered,none,unknown,,,,Saturday,4500,whole-chalet,EUR,exact-week,,,,,yes,,,Location Information Area : TIGNES LE LAVACHET,https://booking.tignes.net/3-bedrooms-8-people-chalet-navillod-tignes-le-lavachet-chaletnavillod.html,Tignes Réservation,village-france-tignes-le-lavachet,5,chalets/images/tignes-reservation-3-bedrooms-8-people-chalet-navillod/,2026-10-06,"20-27 Mar bookable on Tignes Réservation for 2 adults: EUR 4500; quarter: TIGNES LE LAVACHET; agency code: LPNAVILLODJ; GPS 45.46977,6.91214"
tignes-reservation-3-bedrooms-8-people-chalet-neve-06,3 BEDROOMS 8 PEOPLE CHALET NEVE 06,,Tignes Le Lavachet,Espace Killy,France,,8,3,1,chalet,self-catered,self-catered,none,no,,,,,,,,quote-needed,,,,,unknown,,,"RANGE CONFORT Apartment of 76sqm, equipped for 8 peoples, located in 2nd floor of the ""Chalet Neve"", in Tignes Le Lavachet. Beautiful mountain view with balcony. Includes : Living room with couch, TV and fireplace - dining area Kitchen with ...",https://booking.tignes.net/3-bedrooms-8-people-chalet-neve-06-tignes-le-lavachet-tichanev06.html,Tignes Réservation,village-france-tignes-le-lavachet,5,chalets/images/tignes-reservation-3-bedrooms-8-people-chalet-neve-06/,2026-10-06,"not in 20-27 Mar dated search (2 adults); pass2: weekly planning; quarter: TIGNES LE LAVACHET; agency code: AIMOUNTAINCOLLECTION; GPS 45.47289,6.91211"
tignes-reservation-3-bedrooms-8-people-hameau-de-toviere-34,3 BEDROOMS 8 PEOPLE HAMEAU DE TOVIERE 34,,Tignes Le Lavachet,Espace Killy,France,,8,3,1,apartment,self-catered,self-catered,none,no,,,,,,,,quote-needed,,,,,unknown,,,"YOUR APARTMENT For your skiing holidays or to spend your summer in Tignes, book this 75sq-m 4 rooms apartment that can accommodate up to 8 guests. The South and north facing balconies offers you a beautiful view on the mountain. ...",https://booking.tignes.net/3-bedrooms-8-people-hameau-de-toviere-34-tignes-le-lavachet-hto034.html,Tignes Réservation,village-france-tignes-le-lavachet,5,chalets/images/tignes-reservation-3-bedrooms-8-people-hameau-de-toviere-34/,2026-10-06,"not in 20-27 Mar dated search (2 adults); pass2: weekly planning; quarter: TIGNES LE LAVACHET; agency code: AICIS; GPS 45.47223,6.91437"
tignes-reservation-3-bedrooms-8-people-hameau-de-toviere-500,3 BEDROOMS 8 PEOPLE HAMEAU DE TOVIERE 500,,Tignes Le Lavachet,Espace Killy,France,,8,3,1,apartment,self-catered,self-catered,none,unknown,,,,Saturday,5902,whole-chalet,EUR,exact-week,,,,,yes,,,"SIGNATURE RANGE: Beds made and towels included, end-of-stay cleaning (except kitchen) included in winter. Gift on arrival. Welcome to ""Refuge de Tovière"", apartment fully renovated in 2026. It offers 85 m² of living space, including 4 rooms, and is equipped ...",https://booking.tignes.net/3-bedrooms-8-people-hameau-de-toviere-500-tignes-le-lavachet-tihamto500.html,Tignes Réservation,village-france-tignes-le-lavachet,5,chalets/images/tignes-reservation-3-bedrooms-8-people-hameau-de-toviere-500/,2026-10-06,"20-27 Mar bookable on Tignes Réservation for 2 adults: EUR 5902; quarter: TIGNES LE LAVACHET; agency code: AIMOUNTAINCOLLECTION; GPS 45.47233,6.91427"
tignes-reservation-3-bedrooms-8-people-soldanelles-35,3 BEDROOMS 8 PEOPLE SOLDANELLES 35,,Tignes Le Lavachet,Espace Killy,France,,8,3,1,apartment,self-catered,self-catered,none,no,,,,,,,,quote-needed,,,,,unknown,,,"TIGNES - LAVACHET Apartment 35 is a brand new property. Located in the heart of the Lavachet district, close to the slopes and amenities, it can comfortably accommodate up to 8 people. LAYOUT - Open-plan fitted kitchen - Dining area ...",https://booking.tignes.net/3-bedrooms-8-people-soldanelles-35-tignes-le-lavachet-soldanelles35.html,Tignes Réservation,village-france-tignes-le-lavachet,5,chalets/images/tignes-reservation-3-bedrooms-8-people-soldanelles-35/,2026-10-06,not in 20-27 Mar dated search (2 adults); pass2: weekly planning; quarter: TIGNES LE LAVACHET; agency code: AICIMALPESLAC
tignes-reservation-3-bedrooms-10-people-roches-rouges-b-33,3 BEDROOMS 10 PEOPLE ROCHES ROUGES B 33,,Tignes Le Lavachet,Espace Killy,France,,10,3,,apartment,self-catered,self-catered,none,no,,,,,,,,quote-needed,,,,,unknown,,,Location Information Area : TIGNES LE LAVACHET,https://booking.tignes.net/3-bedrooms-10-people-roches-rouges-b-33-tignes-le-lavachet-fr73512101.html,Tignes Réservation,village-france-tignes-le-lavachet,5,chalets/images/tignes-reservation-3-bedrooms-10-people-roches-rouges-b-33/,2026-10-06,"not in 20-27 Mar dated search (2 adults); pass2: weekly planning; quarter: TIGNES LE LAVACHET; agency code: 7070; GPS 45.47038,6.91287"
tignes-reservation-3-bedrooms-apartment-6-people-2100-b-33,3 BEDROOMS APARTMENT 6 PEOPLE 2100 B 33,,Tignes Le Lavachet,Espace Killy,France,,6,2,,apartment,self-catered,self-catered,none,unknown,,,,,,,,quote-needed,,,,,unknown,,,"TIGNES LE LAVACHET The apartment 33/34 is on the 4th floor of the residence 2100B, in the Lavachet area. It can welcome up to 6 people. LAYOUT - Double bedroom en suite (160*200), twin bed possible (shower room and toilet) ...",https://booking.tignes.net/3-bedrooms-apartment-6-people-2100-b-33-tignes-le-lavachet-2100b33-1.html,Tignes Réservation,village-france-tignes-le-lavachet,5,chalets/images/tignes-reservation-3-bedrooms-apartment-6-people-2100-b-33/,2026-10-06,not in 20-27 Mar dated search (2 adults); pass2: weekly planning; quarter: TIGNES LE LAVACHET; agency code: AICIMALPESLAC
tignes-reservation-3-bedrooms-apartment-8-people-glaciers-22,3 BEDROOMS APARTMENT 8 PEOPLE GLACIERS 22,,Tignes Le Lavachet,Espace Killy,France,,8,3,2,apartment,self-catered,self-catered,none,no,,,,Saturday,1650,whole-chalet,EUR,exact-week,,,,,yes,,,Location Information Area : TIGNES LE LAVACHET,https://booking.tignes.net/3-bedrooms-apartment-8-people-glaciers-22-tignes-le-lavachet-glaciers22.html,Tignes Réservation,village-france-tignes-le-lavachet,5,chalets/images/tignes-reservation-3-bedrooms-apartment-8-people-glaciers-22/,2026-10-06,"20-27 Mar bookable on Tignes Réservation for 2 adults: EUR 1650; quarter: TIGNES LE LAVACHET; agency code: LPJULLIAN; GPS 45.47262,6.91326"
tignes-reservation-3-bedrooms-apartment-8-people-grand-pre-16,3 BEDROOMS APARTMENT 8 PEOPLE GRAND PRÉ 16,,Tignes Le Lavachet,Espace Killy,France,,8,2,1,apartment,self-catered,self-catered,none,no,,,,Saturday,1500,whole-chalet,EUR,exact-week,,,,,yes,,,Location Information Area : TIGNES LE LAVACHET,https://booking.tignes.net/3-bedrooms-apartment-8-people-grand-pre-16-tignes-le-lavachet-grandpre16.html,Tignes Réservation,village-france-tignes-le-lavachet,5,chalets/images/tignes-reservation-3-bedrooms-apartment-8-people-grand-pre-16/,2026-10-06,"20-27 Mar bookable on Tignes Réservation for 2 adults: EUR 1500; quarter: TIGNES LE LAVACHET; agency code: LPAREZKI; GPS 45.47211,6.91285"
tignes-reservation-3-bedrooms-apartment-8-people-hameau-de-toviere-argentiere,3 BEDROOMS APARTMENT 8 PEOPLE HAMEAU DE TOVIERE ARGENTIERE,,Tignes Le Lavachet,Espace Killy,France,,8,3,1,apartment,self-catered,self-catered,none,no,,,,,,,,quote-needed,,,,,unknown,,,"RANGE EVASION bed linen and towels included in winter 4-rooms duplex flat of 75m² equipped for 8 people and located on the 4th floor without a lift, in the ""Le Hameau de Tovière"" residence, in Tignes le Lavachet. South facing ...",https://booking.tignes.net/3-bedrooms-apartment-8-people-hameau-de-toviere-argentiere-tignes-le-lavachet-tihamto534.html,Tignes Réservation,village-france-tignes-le-lavachet,5,chalets/images/tignes-reservation-3-bedrooms-apartment-8-people-hameau-de-toviere-argentiere/,2026-10-06,"not in 20-27 Mar dated search (2 adults); pass2: weekly planning; quarter: TIGNES LE LAVACHET; agency code: AIMOUNTAINCOLLECTION; GPS 45.47233,6.91427"
tignes-reservation-3-bedrooms-apartment-8-people-kandahar-a3,3 BEDROOMS APARTMENT 8 PEOPLE KANDAHAR A3,,Tignes Le Lavachet,Espace Killy,France,,8,3,1,apartment,self-catered,self-catered,none,no,,,,Saturday,2060,whole-chalet,EUR,exact-week,,,,,yes,,,"Located in Tignes le Lavachet on the slope, at 100m from the service (supermarket, restaurant, pub, bakery, sport shop) 2 Kitchens: 4 hotplates, refrigerator, microwave, 2 dishwashers, 2 ovens, nespresso 2 Living Rooms: 1 sofa pullout + 1 double sofa ...",https://booking.tignes.net/3-bedrooms-apartment-8-people-kandahar-a3-tignes-le-lavachet-95.html,Tignes Réservation,village-france-tignes-le-lavachet,5,chalets/images/tignes-reservation-3-bedrooms-apartment-8-people-kandahar-a3/,2026-10-06,"20-27 Mar bookable on Tignes Réservation for 2 adults: EUR 2060; quarter: TIGNES LE LAVACHET; agency code: AIGESTIGNES; GPS 45.47001,6.91242"
tignes-reservation-3-bedrooms-apartment-8-people-rives-b-21,3 BEDROOMS APARTMENT 8 PEOPLE RIVES B 21,,Tignes Le Lavachet,Espace Killy,France,,8,2,1,apartment,self-catered,self-catered,none,no,,,,Saturday,3115,whole-chalet,EUR,exact-week,,,,,yes,,,"RANGE PRESTIGE: Beds made, towels and end-of-stay cleaning (except kitchen) included winter only Nice 3 rooms of 83m² equipped for 8 people and located on the 5th floor with a lift of ""Les Rives"" residence, in Tignes le Lavachet. Ski ...",https://booking.tignes.net/3-bedrooms-apartment-8-people-rives-b-21-tignes-le-lavachet-tirivb21.html,Tignes Réservation,village-france-tignes-le-lavachet,5,chalets/images/tignes-reservation-3-bedrooms-apartment-8-people-rives-b-21/,2026-10-06,"20-27 Mar bookable on Tignes Réservation for 2 adults: EUR 3115; quarter: TIGNES LE LAVACHET; agency code: AIMOUNTAINCOLLECTION; GPS 45.47103,6.91167"
tignes-reservation-3-bedrooms-apartment-8-people-roches-rouges-a-12,3 BEDROOMS APARTMENT 8 PEOPLE ROCHES ROUGES A 12,,Tignes Le Lavachet,Espace Killy,France,,8,3,1,apartment,self-catered,self-catered,none,no,,,,,,,,quote-needed,,,,,unknown,,,YOUR APARTMENT Book this 4 rooms apartment located in Tignes Le Lavachet for your next summer or winter holidays in the french Alps with a south facing balcony and a nice view on the surrounding mountains and on the resort. ...,https://booking.tignes.net/3-bedrooms-apartment-8-people-roches-rouges-a-12-tignes-le-lavachet-rra012r.html,Tignes Réservation,village-france-tignes-le-lavachet,5,chalets/images/tignes-reservation-3-bedrooms-apartment-8-people-roches-rouges-a-12/,2026-10-06,"not in 20-27 Mar dated search (2 adults); pass2: weekly planning; quarter: TIGNES LE LAVACHET; agency code: AICIS; GPS 45.47050,6.91282"
tignes-reservation-3-bedrooms-apartment-8-people-tour-du-lac-53,3 BEDROOMS APARTMENT 8 PEOPLE TOUR DU LAC 53,,Tignes Le Lavachet,Espace Killy,France,,8,3,1,apartment,self-catered,self-catered,none,unknown,,,,,,,,quote-needed,,,,,unknown,,,"RANGE CONFORT Large 4-rooms duplex 65m² equipped for 8 people and located on the 10th and top floor in the ""La Tour du Lac"" residencen, in Tignes Lavachet. Return on skis, shops nearby. South facing with a spacious balcony. Exposition ...",https://booking.tignes.net/3-bedrooms-apartment-8-people-tour-du-lac-53-tignes-le-lavachet-titlac53.html,Tignes Réservation,village-france-tignes-le-lavachet,5,chalets/images/tignes-reservation-3-bedrooms-apartment-8-people-tour-du-lac-53/,2026-10-06,"not in 20-27 Mar dated search (2 adults); pass2: weekly planning; quarter: TIGNES LE LAVACHET; agency code: AIMOUNTAINCOLLECTION; GPS 45.47138,6.91501"
tignes-reservation-3-bedrooms-apartment-10-people-les-rives-15,3 BEDROOMS APARTMENT 10 PEOPLE LES RIVES 15,,Tignes Le Lavachet,Espace Killy,France,,10,3,1,apartment,self-catered,self-catered,none,unknown,,,,,,,,quote-needed,,,,,unknown,,,Location Information Area : TIGNES LE LAVACHET Location : Ski-in Ski-out (in winter),https://booking.tignes.net/3-bedrooms-apartment-10-people-les-rives-15-tignes-le-lavachet-lesrives15.html,Tignes Réservation,village-france-tignes-le-lavachet,5,chalets/images/tignes-reservation-3-bedrooms-apartment-10-people-les-rives-15/,2026-10-06,"not in 20-27 Mar dated search (2 adults); pass2: weekly planning; quarter: TIGNES LE LAVACHET; agency code: TOTIGNESCOUK; GPS 45.47144,6.91229"
tignes-reservation-3-room-4-people-2100-b-24,3 ROOM 4 PEOPLE 2100 B 24,,Tignes Le Lavachet,Espace Killy,France,,4,1,,apartment,self-catered,self-catered,none,unknown,,,,Saturday,1700,whole-chalet,EUR,exact-week,,,,,yes,,,"TIGNES - LE LAVACHET The apartment 24 is on the 3rd floor of the residence 2100B, in the Lavachet area. It can welcome up to 4 people. LAYOUT - Double bedroom (140*190) - Cabin with 1 bunk beds suitable for ...",https://booking.tignes.net/3-room-4-people-2100-b-24-tignes-le-lavachet-2100b24.html,Tignes Réservation,village-france-tignes-le-lavachet,5,chalets/images/tignes-reservation-3-room-4-people-2100-b-24/,2026-10-06,"20-27 Mar bookable on Tignes Réservation for 2 adults: EUR 1700; quarter: TIGNES LE LAVACHET; agency code: AICIMALPESLAC; GPS 45.47243,6.91423"
tignes-reservation-4-bedrooms-8-people-chalet-ancolie,4 BEDROOMS 8 PEOPLE CHALET ANCOLIE,,Tignes Le Lavachet,Espace Killy,France,,8,4,1,chalet,self-catered,self-catered,none,unknown,,,,,,,,quote-needed,,,,,unknown,,,"ANCOLIE Chalet - 6 rooms, 4 bedrooms - Sleeps 8 - 130m² A charming, cosy chalet with direct access to the slopes. It is laid out as follows: Ground floor: - 1 bedroom with 1 double bed and a south-facing ...",https://booking.tignes.net/4-bedrooms-8-people-chalet-ancolie-tignes-le-lavachet-ancolie.html,Tignes Réservation,village-france-tignes-le-lavachet,5,chalets/images/tignes-reservation-4-bedrooms-8-people-chalet-ancolie/,2026-10-06,"not in 20-27 Mar dated search (2 adults); pass2: weekly planning; quarter: TIGNES LE LAVACHET; agency code: AIROCBLANC; GPS 45.47168,6.91123"
tignes-reservation-4-bedrooms-10-people-soldanelles-34,4 BEDROOMS 10 PEOPLE SOLDANELLES 34,,Tignes Le Lavachet,Espace Killy,France,,10,4,1,apartment,self-catered,self-catered,none,no,,,,,,,,quote-needed,,,,,unknown,,,"TIGNES - LAVACHET Apartment 34 is a brand new property. Located in the heart of the Lavachet district, close to the slopes and amenities, it can comfortably accommodate up to 10 people (8 adults & 2 children). LAYOUT - Open-plan ...",https://booking.tignes.net/4-bedrooms-10-people-soldanelles-34-tignes-le-lavachet-soldanelles34.html,Tignes Réservation,village-france-tignes-le-lavachet,5,chalets/images/tignes-reservation-4-bedrooms-10-people-soldanelles-34/,2026-10-06,"not in 20-27 Mar dated search (2 adults); pass2: weekly planning; quarter: TIGNES LE LAVACHET; agency code: AICIMALPESLAC; GPS 45.47186,6.91317"
tignes-reservation-chalet-3-bedrooms-7-people-chalet-reynaud,CHALET 3 BEDROOMS 7 PEOPLE CHALET REYNAUD,,Tignes Le Lavachet,Espace Killy,France,,7,2,1,apartment,self-catered,self-catered,none,no,,,,,,,,quote-needed,,,,,unknown,,,Location Information Area : TIGNES LE LAVACHET,https://booking.tignes.net/chalet-3-bedrooms-7-people-chalet-reynaud-tignes-le-lavachet-chaletreynaud.html,Tignes Réservation,village-france-tignes-le-lavachet,5,chalets/images/tignes-reservation-chalet-3-bedrooms-7-people-chalet-reynaud/,2026-10-06,"not in 20-27 Mar dated search (2 adults); pass2: weekly planning; quarter: TIGNES LE LAVACHET; agency code: TOTIGNESCOUK; GPS 45.47212,6.91144"
tignes-reservation-studio-home-club,Studio - HOME CLUB,,Tignes Le Lavachet,Espace Killy,France,,4,,,apartment,self-catered,self-catered,none,no,,,,,,,,quote-needed,,,,,unknown,,,"RANGE CONFORT Studio of 21m² equipped for 4 people and located on the 2nd floor with a lift in the ""Home Club"" residence, in Tignes le Lavachet North facing with a balcony and a beautiful view on the Chevril lake ...",https://booking.tignes.net/studio-home-club-tignes-le-lavachet-tihc180.html,Tignes Réservation,village-france-tignes-le-lavachet,5,chalets/images/tignes-reservation-studio-home-club/,2026-10-06,"not in 20-27 Mar dated search (2 adults); pass2: weekly planning; quarter: TIGNES LE LAVACHET; agency code: AIMOUNTAINCOLLECTION; GPS 45.47222,6.91535"
tignes-reservation-studio-2-people-glaciers-23,STUDIO 2 PEOPLE GLACIERS 23,,Tignes Le Lavachet,Espace Killy,France,,2,,1,apartment,self-catered,self-catered,none,no,,,,,,,,quote-needed,,,,,unknown,,,"RANGE CONFORT 15sqm studio equipped for 2 people and located on the ground floor in ""Les Glaciers"" residence, Tignes le Lavachet. North-West facing with a balcony Including: Kitchen equiped with electric hobs, oven, micro-wave and a dishwasher Living room with ...",https://booking.tignes.net/studio-2-people-glaciers-23-tignes-le-lavachet-tigla23.html,Tignes Réservation,village-france-tignes-le-lavachet,5,chalets/images/tignes-reservation-studio-2-people-glaciers-23/,2026-10-06,"not in 20-27 Mar dated search (2 adults); pass2: weekly planning; quarter: TIGNES LE LAVACHET; agency code: AIMOUNTAINCOLLECTION; GPS 45.47259,6.91347"
tignes-reservation-studio-2-people-kandahar-b-30,STUDIO 2 PEOPLE KANDAHAR B 30,,Tignes Le Lavachet,Espace Killy,France,,2,,1,apartment,self-catered,self-catered,none,no,,,,Saturday,430,whole-chalet,EUR,exact-week,,,,,yes,,,"Located in Tignes le Lavachet next to the service (supermarket, restaurant, pub, bakery, sport shop...). On the Slopes, in a calm building, charming studio for 2 persons Kitchen: 2 hobs, fridge, microwave Living romm : 1 sofa bed, TV (duvets) ...",https://booking.tignes.net/studio-2-people-kandahar-b-30-tignes-le-lavachet-7.html,Tignes Réservation,village-france-tignes-le-lavachet,5,chalets/images/tignes-reservation-studio-2-people-kandahar-b-30/,2026-10-06,"20-27 Mar bookable on Tignes Réservation for 2 adults: EUR 430; quarter: TIGNES LE LAVACHET; agency code: AIGESTIGNES; GPS 45.47025,6.91248"
tignes-reservation-studio-2-people-savoy-11,STUDIO 2 PEOPLE SAVOY 11,,Tignes Le Lavachet,Espace Killy,France,,2,,1,apartment,self-catered,self-catered,none,no,,,,,,,,quote-needed,,,,,unknown,,,"RANGE CONFORT 17m² studio equipped for 2 people and located on the first floor with a lift of ""Le Savoyé residence in Tignes le Lavachet. North facing with a balcony. Included: Living room with a trundle bed (2single beds) and ...",https://booking.tignes.net/studio-2-people-savoy-11-tignes-le-lavachet-tisav11-1.html,Tignes Réservation,village-france-tignes-le-lavachet,5,chalets/images/tignes-reservation-studio-2-people-savoy-11/,2026-10-06,"not in 20-27 Mar dated search (2 adults); pass2: weekly planning; quarter: TIGNES LE LAVACHET; agency code: AIMOUNTAINCOLLECTION; GPS 45.47147,6.91231"
tignes-reservation-studio-2-people-tour-du-lac-40,STUDIO 2 PEOPLE TOUR DU LAC 40,,Tignes Le Lavachet,Espace Killy,France,,2,,1,apartment,self-catered,self-catered,none,no,,,,,,,,quote-needed,,,,,unknown,,,Tour du Lac 40 - Studio for 2 people - 20m² The flat is on the 7th floor and is laid out as follows: 1 living room with double sofa bed and shepherd's table 1 fully equipped kitchen in the ...,https://booking.tignes.net/studio-2-people-tour-du-lac-40-tignes-le-lavachet-tlac40.html,Tignes Réservation,village-france-tignes-le-lavachet,5,chalets/images/tignes-reservation-studio-2-people-tour-du-lac-40/,2026-10-06,"not in 20-27 Mar dated search (2 adults); pass2: weekly planning; quarter: TIGNES LE LAVACHET; agency code: AIROCBLANC; GPS 45.47194,6.91515"
tignes-reservation-studio-2-people-tour-du-lac-dahu,STUDIO 2 PEOPLE TOUR DU LAC DAHU,,Tignes Le Lavachet,Espace Killy,France,,2,,1,apartment,self-catered,self-catered,none,no,,,,,,,,quote-needed,,,,,unknown,,,"RANGE CONFORT Renovated studio flat of 19m² equipped for 2people and located on the 4th floor with a lift of ""La Tour du Lac"" residence in Tignes le Lavachet. Ski out and direct access to shops. North facing with a ...",https://booking.tignes.net/studio-2-people-tour-du-lac-dahu-tignes-le-lavachet-titlac25.html,Tignes Réservation,village-france-tignes-le-lavachet,5,chalets/images/tignes-reservation-studio-2-people-tour-du-lac-dahu/,2026-10-06,"not in 20-27 Mar dated search (2 adults); pass2: weekly planning; quarter: TIGNES LE LAVACHET; agency code: AIMOUNTAINCOLLECTION; GPS 45.47138,6.91501"
tignes-reservation-studio-3-people-grand-pre-14,STUDIO 3 PEOPLE GRAND PRE 14,,Tignes Le Lavachet,Espace Killy,France,,3,,1,apartment,self-catered,self-catered,none,no,,,,,,,,quote-needed,,,,,unknown,,,"1-room studio 21 m2 on 1st floor, south-west facing position. Practical and beautiful furnishings: entrance hall with 2 wall-trunk beds (80 cm, length 190 cm). Living/dining room with 1 sofabed (140 cm, length 190 cm), TV, flat screen and DVD. ...",https://booking.tignes.net/studio-3-people-grand-pre-14-tignes-le-lavachet-fr73512305.html,Tignes Réservation,village-france-tignes-le-lavachet,5,chalets/images/tignes-reservation-studio-3-people-grand-pre-14/,2026-10-06,"not in 20-27 Mar dated search (2 adults); pass2: weekly planning; quarter: TIGNES LE LAVACHET; agency code: 7070; GPS 45.47217,6.91284"
tignes-reservation-studio-4-people-2100-b-6,STUDIO 4 PEOPLE 2100 B 6,,Tignes Le Lavachet,Espace Killy,France,,4,,1,apartment,self-catered,self-catered,none,no,,,,Saturday,727,whole-chalet,EUR,exact-week,,,,,yes,,,"1-room studio 28 m2, on the ground floor, south facing position. Simple and practical furnishings: living/dining room with 1 pull-out bed (2 pers. 2 x 80 cm, length 190 cm), TV (flat screen). Alcove with 1 x 2 bunk beds ...",https://booking.tignes.net/studio-4-people-2100-b-6-tignes-le-lavachet-fr73512458.html,Tignes Réservation,village-france-tignes-le-lavachet,5,chalets/images/tignes-reservation-studio-4-people-2100-b-6/,2026-10-06,"20-27 Mar bookable on Tignes Réservation for 2 adults: EUR 727; quarter: TIGNES LE LAVACHET; agency code: 7070; GPS 45.47252,6.91411"
tignes-reservation-studio-4-people-chalet-neve-04,STUDIO 4 PEOPLE CHALET NEVE 04,,Tignes Le Lavachet,Espace Killy,France,,4,,1,apartment,self-catered,self-catered,none,no,,,,,,,,quote-needed,,,,,unknown,,,"RANGE CONFORT Studio with a mezzanine of 13m² equipped for 4 people and located on the 2nd floor without a lift in the ""Chalet Neve"", in Tignes Le Lavachet. Balcony with a mountain view Included : Kitchen with 2 gas ...",https://booking.tignes.net/studio-4-people-chalet-neve-04-tignes-le-lavachet-hstichanev04.html,Tignes Réservation,village-france-tignes-le-lavachet,5,chalets/images/tignes-reservation-studio-4-people-chalet-neve-04/,2026-10-06,"not in 20-27 Mar dated search (2 adults); pass2: weekly planning; quarter: TIGNES LE LAVACHET; agency code: AIMOUNTAINCOLLECTION; GPS 45.47289,6.91211"
tignes-reservation-studio-4-people-chalet-neve-05,STUDIO 4 PEOPLE CHALET NEVE 05,,Tignes Le Lavachet,Espace Killy,France,,4,,1,apartment,self-catered,self-catered,none,no,,,,,,,,quote-needed,,,,,unknown,,,"RANGE CONFORT Studio of 18sqm with mezzanine, equipped for 4 peoples, located in the 2nd floor of ""Chalet Neve"", in Tignes Le Lavachet. Balcon avec vue montagne. Includes : Living room with trundle bed for 2 peoples - TV Kitchen ...",https://booking.tignes.net/studio-4-people-chalet-neve-05-tignes-le-lavachet-hstichanev05.html,Tignes Réservation,village-france-tignes-le-lavachet,5,chalets/images/tignes-reservation-studio-4-people-chalet-neve-05/,2026-10-06,"not in 20-27 Mar dated search (2 adults); pass2: weekly planning; quarter: TIGNES LE LAVACHET; agency code: AIMOUNTAINCOLLECTION; GPS 45.47289,6.91211"
tignes-reservation-studio-4-people-grand-pre-30,STUDIO 4 PEOPLE GRAND PRÉ 30,,Tignes Le Lavachet,Espace Killy,France,,4,,1,apartment,self-catered,self-catered,none,no,,,,Saturday,849,whole-chalet,EUR,exact-week,,,,,yes,,,"RANGE CONFORT Studio of 24m² equipped for 4 people and located on the 4th floor with a lift in ""Le Grand Pré"" residence, in Tignes le LavachetStudio de 24m², équipé pour 4 personnes et situé au 4ème étage de la ...",https://booking.tignes.net/studio-4-people-grand-pre-30-tignes-le-lavachet-tigpre30-1.html,Tignes Réservation,village-france-tignes-le-lavachet,5,chalets/images/tignes-reservation-studio-4-people-grand-pre-30/,2026-10-06,"20-27 Mar bookable on Tignes Réservation for 2 adults: EUR 849; quarter: TIGNES LE LAVACHET; agency code: AIMOUNTAINCOLLECTION; GPS 45.47197,6.91230"
tignes-reservation-studio-4-people-home-club-002,STUDIO 4 PEOPLE HOME CLUB 002,,Tignes Le Lavachet,Espace Killy,France,,4,,1,apartment,self-catered,self-catered,none,no,,,,Saturday,870,whole-chalet,EUR,exact-week,,,,,yes,,,"RANGE CONFORT Renovated studio of 24m² equipped for 4 people and located on the groundfloor in the ""Home Club"" residence, in Tignes le Lavachet. South facing with a balcony Included: Kitchen with ceramic hobs, oven and a dishwasher Living room ...",https://booking.tignes.net/studio-4-people-home-club-002-tignes-le-lavachet-tihc002.html,Tignes Réservation,village-france-tignes-le-lavachet,5,chalets/images/tignes-reservation-studio-4-people-home-club-002/,2026-10-06,"20-27 Mar bookable on Tignes Réservation for 2 adults: EUR 870; quarter: TIGNES LE LAVACHET; agency code: AIMOUNTAINCOLLECTION; GPS 45.47222,6.91535"
tignes-reservation-studio-4-people-home-club-019,STUDIO 4 PEOPLE HOME CLUB 019,,Tignes Le Lavachet,Espace Killy,France,,4,,1,apartment,self-catered,self-catered,none,no,,,,Saturday,727,whole-chalet,EUR,exact-week,,,,,yes,,,HOME CLUB - Studio 4persons - 21m². 2nd floor - South facing balcony (view of Grande Motte glacier) Layout : - Hallway with bunk beds. - Living room - Kitchen with : * 2 Singles bed. * 1 Flat screen ...,https://booking.tignes.net/studio-4-people-home-club-019-tignes-le-lavachet-hc019.html,Tignes Réservation,village-france-tignes-le-lavachet,5,chalets/images/tignes-reservation-studio-4-people-home-club-019/,2026-10-06,"20-27 Mar bookable on Tignes Réservation for 2 adults: EUR 727; quarter: TIGNES LE LAVACHET; agency code: AIROCBLANC; GPS 45.47225,6.91528"
tignes-reservation-studio-4-people-home-club-038,STUDIO 4 PEOPLE HOME CLUB 038,,Tignes Le Lavachet,Espace Killy,France,,4,,1,apartment,self-catered,self-catered,none,no,,,,Saturday,727,whole-chalet,EUR,exact-week,,,,,yes,,,HOME CLUB - Studio 4 persons - 21m². 3th floor. South facing balcony (view of Grande Motte glacier). Layout : - Hallway with bunk beds. - living room - kitchen with : * 1 Pull out bed. * 1 Flat ...,https://booking.tignes.net/studio-4-people-home-club-038-tignes-le-lavachet-hc038.html,Tignes Réservation,village-france-tignes-le-lavachet,5,chalets/images/tignes-reservation-studio-4-people-home-club-038/,2026-10-06,"20-27 Mar bookable on Tignes Réservation for 2 adults: EUR 727; quarter: TIGNES LE LAVACHET; agency code: AIROCBLANC; GPS 45.47225,6.91528"
tignes-reservation-studio-4-people-home-club-075,STUDIO 4 PEOPLE HOME CLUB 075,,Tignes Le Lavachet,Espace Killy,France,,4,,,apartment,self-catered,self-catered,none,no,,,,Saturday,727,whole-chalet,EUR,exact-week,,,,,yes,,,HOME CLUB - Studio 4 persons - 21m². 5th floor. South balcony. Layout : - Bunk beds in hallway. - Pull out bed in living room. - 1 TV. - Kitchenette with : * Hotplates. * Refrigerator. * Dishwasher. * ...,https://booking.tignes.net/studio-4-people-home-club-075-tignes-le-lavachet-hc075.html,Tignes Réservation,village-france-tignes-le-lavachet,5,chalets/images/tignes-reservation-studio-4-people-home-club-075/,2026-10-06,"20-27 Mar bookable on Tignes Réservation for 2 adults: EUR 727; quarter: TIGNES LE LAVACHET; agency code: AIROCBLANC; GPS 45.47225,6.91528"
tignes-reservation-studio-4-people-home-club-090,STUDIO 4 PEOPLE HOME CLUB 090,,Tignes Le Lavachet,Espace Killy,France,,4,,1,apartment,self-catered,self-catered,none,no,,,,Saturday,727,whole-chalet,EUR,exact-week,,,,,yes,,,HOME CLUB - studio 4 persons - 21m². 6th floor. South balcony. Layout : - Bunk beds in hallway. - Pull out bed in living room. - 1 TV. - Kitchenette with : * Hotplates. * Refrigerator. * Dishwasher. * ...,https://booking.tignes.net/studio-4-people-home-club-090-tignes-le-lavachet-hc090.html,Tignes Réservation,village-france-tignes-le-lavachet,5,chalets/images/tignes-reservation-studio-4-people-home-club-090/,2026-10-06,"20-27 Mar bookable on Tignes Réservation for 2 adults: EUR 727; quarter: TIGNES LE LAVACHET; agency code: AIROCBLANC; GPS 45.47225,6.91528"
tignes-reservation-studio-4-people-home-club-095,STUDIO 4 PEOPLE HOME CLUB 095,,Tignes Le Lavachet,Espace Killy,France,,4,,1,apartment,self-catered,self-catered,none,no,,,,Saturday,749,whole-chalet,EUR,exact-week,,,,,yes,,,"YOUR APARTMENT For your winter or summer mountain holiday in Tignes, book this charming studio apartment with a north-facing balcony offering views of the mountains and the Chevril lake. This 20m² studio, accommodating up to 4 people, is located on ...",https://booking.tignes.net/studio-4-people-home-club-095-tignes-le-lavachet-hcb095.html,Tignes Réservation,village-france-tignes-le-lavachet,5,chalets/images/tignes-reservation-studio-4-people-home-club-095/,2026-10-06,"20-27 Mar bookable on Tignes Réservation for 2 adults: EUR 749; quarter: TIGNES LE LAVACHET; agency code: AICIS; GPS 45.47230,6.91531"
tignes-reservation-studio-4-people-home-club-40,STUDIO 4 PEOPLE HOME CLUB 40,,Tignes Le Lavachet,Espace Killy,France,,4,,1,apartment,self-catered,self-catered,none,no,,,,,,,,quote-needed,,,,,unknown,,,Location Information Area : TIGNES LE LAVACHET,https://booking.tignes.net/studio-4-people-home-club-40-tignes-le-lavachet-fr735120013.html,Tignes Réservation,village-france-tignes-le-lavachet,5,chalets/images/tignes-reservation-studio-4-people-home-club-40/,2026-10-06,"not in 20-27 Mar dated search (2 adults); pass2: weekly planning; quarter: TIGNES LE LAVACHET; agency code: 7070; GPS 45.47242,6.91429"
tignes-reservation-studio-4-people-home-club-46,STUDIO 4 PEOPLE HOME CLUB 46,,Tignes Le Lavachet,Espace Killy,France,,4,,1,apartment,self-catered,self-catered,none,no,,,,Saturday,693,whole-chalet,EUR,exact-week,,,,,yes,,,"YOUR APARTMENT For your skiing holidays or to spend your summer in Tignes, book this 20sq-m studio that can accommodate up to 4 guests. The North and East facing balcony offers you a beautiful view on the mountain, the forest, ...",https://booking.tignes.net/studio-4-people-home-club-46-tignes-le-lavachet-hcb046.html,Tignes Réservation,village-france-tignes-le-lavachet,5,chalets/images/tignes-reservation-studio-4-people-home-club-46/,2026-10-06,"20-27 Mar bookable on Tignes Réservation for 2 adults: EUR 693; quarter: TIGNES LE LAVACHET; agency code: AICIS; GPS 45.47256,6.91438"
tignes-reservation-studio-4-people-home-club-52,STUDIO 4 PEOPLE HOME CLUB 52,,Tignes Le Lavachet,Espace Killy,France,,4,,1,apartment,self-catered,self-catered,none,no,,,,,,,,quote-needed,,,,,unknown,,,"YOUR APARTMENT For your skiing holidays or to spend your summer in Tignes, book this 20sq-m apartment that can accommodate up to 4 guests. The South facing balcony offers you a beautiful view on the mountain. Situated on the 4th ...",https://booking.tignes.net/studio-4-people-home-club-52-tignes-le-lavachet-hcb052r.html,Tignes Réservation,village-france-tignes-le-lavachet,5,chalets/images/tignes-reservation-studio-4-people-home-club-52/,2026-10-06,"not in 20-27 Mar dated search (2 adults); pass2: weekly planning; quarter: TIGNES LE LAVACHET; agency code: AICIS; GPS 45.47227,6.91567"
tignes-reservation-studio-4-people-home-club-56,STUDIO 4 PEOPLE HOME CLUB 56,,Tignes Le Lavachet,Espace Killy,France,,4,,1,apartment,self-catered,self-catered,none,no,,,,Saturday,545,whole-chalet,EUR,exact-week,,,,,yes,,,"In the heart of LE LAVACHET village less than 20 m from shops and services (supermarket, bakery, pubs, restaurants and ski shops), 150 m from the 2 chairlifts Chaudannes and Pâquis BATHROOM: Bathtub, sink, toilet KITCHEN: 4 electric hobs, oven, ...",https://booking.tignes.net/studio-4-people-home-club-56-tignes-le-lavachet-18.html,Tignes Réservation,village-france-tignes-le-lavachet,5,chalets/images/tignes-reservation-studio-4-people-home-club-56/,2026-10-06,"20-27 Mar bookable on Tignes Réservation for 2 adults: EUR 545; quarter: TIGNES LE LAVACHET; agency code: AIGESTIGNES; GPS 45.47224,6.91559"
tignes-reservation-studio-4-people-home-club-65,STUDIO 4 PEOPLE HOME CLUB 65,,Tignes Le Lavachet,Espace Killy,France,,4,,1,apartment,self-catered,self-catered,none,no,,,,Saturday,717,whole-chalet,EUR,exact-week,,,,,yes,,,"RANGE ESSENTIELLE Studio of 21m² equipped for 4 people and located on the 4th floor with a lift in the ""Home Club"" residence, in Tignes Le Lavachet. North facing with a balcony. Included: Entrance with a bunk bed (2single beds) ...",https://booking.tignes.net/studio-4-people-home-club-65-tignes-le-lavachet-tihc065-1.html,Tignes Réservation,village-france-tignes-le-lavachet,5,chalets/images/tignes-reservation-studio-4-people-home-club-65/,2026-10-06,"20-27 Mar bookable on Tignes Réservation for 2 adults: EUR 717; quarter: TIGNES LE LAVACHET; agency code: AIMOUNTAINCOLLECTION; GPS 45.47222,6.91535"
tignes-reservation-studio-4-people-home-club-70,STUDIO 4 PEOPLE HOME CLUB 70,,Tignes Le Lavachet,Espace Killy,France,,4,,1,apartment,self-catered,self-catered,none,no,,,,Saturday,693,whole-chalet,EUR,exact-week,,,,,yes,,,"YOUR APARTMENT For your skiing holidays or to spend your summer in Tignes, book this 21sq-m apartment that can accommodate up to 4 guests. The South facing balcony offers you a beautiful view on the mountain. Situated on the 5th ...",https://booking.tignes.net/studio-4-people-home-club-70-tignes-le-lavachet-hcb070r.html,Tignes Réservation,village-france-tignes-le-lavachet,5,chalets/images/tignes-reservation-studio-4-people-home-club-70/,2026-10-06,"20-27 Mar bookable on Tignes Réservation for 2 adults: EUR 693; quarter: TIGNES LE LAVACHET; agency code: AICIS; GPS 45.47256,6.91438"
tignes-reservation-studio-4-people-home-club-105,STUDIO 4 PEOPLE HOME CLUB 105,,Tignes Le Lavachet,Espace Killy,France,,4,,,apartment,self-catered,self-catered,none,no,,,,Saturday,765,whole-chalet,EUR,exact-week,,,,,yes,,,"RANGE ESSENTIELLE Studio of 21m² equipped for 4 people and located on the 7th floor with a lift in the ""Home Club"" residence, in Tignes le Lavachet. South facing with a balcony. Included: Entrance with a bunk bed (2single beds) ...",https://booking.tignes.net/studio-4-people-home-club-105-tignes-le-lavachet-tihc105.html,Tignes Réservation,village-france-tignes-le-lavachet,5,chalets/images/tignes-reservation-studio-4-people-home-club-105/,2026-10-06,"20-27 Mar bookable on Tignes Réservation for 2 adults: EUR 765; quarter: TIGNES LE LAVACHET; agency code: AIMOUNTAINCOLLECTION; GPS 45.47222,6.91535"
tignes-reservation-studio-4-people-home-club-113,STUDIO 4 PEOPLE HOME CLUB 113,,Tignes Le Lavachet,Espace Killy,France,,4,,,apartment,self-catered,self-catered,none,no,,,,,,,,quote-needed,,,,,unknown,,,"RANGE ESSENTIEL Studio of 21m² equipped for 4 people and located on the 7th floor with a lift in ""Le Home Club"" residence, in Tignes le Lavachet. North facing with a balcony and a beautiful view on the Chevril Lake. ...",https://booking.tignes.net/studio-4-people-home-club-113-tignes-le-lavachet-tihc113.html,Tignes Réservation,village-france-tignes-le-lavachet,5,chalets/images/tignes-reservation-studio-4-people-home-club-113/,2026-10-06,"not in 20-27 Mar dated search (2 adults); pass2: weekly planning; quarter: TIGNES LE LAVACHET; agency code: AIMOUNTAINCOLLECTION; GPS 45.47222,6.91535"
tignes-reservation-studio-4-people-home-club-121,STUDIO 4 PEOPLE HOME CLUB 121,,Tignes Le Lavachet,Espace Killy,France,,4,,1,apartment,self-catered,self-catered,none,no,,,,Saturday,727,whole-chalet,EUR,exact-week,,,,,yes,,,HOME CLUB - Studio 4 persons - 21m². 8th floor. North balcony. Layout : - Bunk beds in hallway. - 1 sofa bed in living room. - 1 flat screen TV. - Kitchenette with : * 2 Hotplates. * Refrigerator. ...,https://booking.tignes.net/studio-4-people-home-club-121-tignes-le-lavachet-hc121.html,Tignes Réservation,village-france-tignes-le-lavachet,5,chalets/images/tignes-reservation-studio-4-people-home-club-121/,2026-10-06,"20-27 Mar bookable on Tignes Réservation for 2 adults: EUR 727; quarter: TIGNES LE LAVACHET; agency code: AIROCBLANC; GPS 45.47225,6.91528"
tignes-reservation-studio-4-people-home-club-122,STUDIO 4 PEOPLE HOME CLUB 122,,Tignes Le Lavachet,Espace Killy,France,,4,,1,apartment,self-catered,self-catered,none,no,,,,Saturday,753,whole-chalet,EUR,exact-week,,,,,yes,,,"RANGE ESSENTIELLE Studio of 21m² equipped for 4 people and located on the 8th floor with a lift in the ""Home Club"" residence, in Tignes le Lavachet. North facing with a balcony and a beautiful view on the Chevril lake. ...",https://booking.tignes.net/studio-4-people-home-club-122-tignes-le-lavachet-tihc122.html,Tignes Réservation,village-france-tignes-le-lavachet,5,chalets/images/tignes-reservation-studio-4-people-home-club-122/,2026-10-06,"20-27 Mar bookable on Tignes Réservation for 2 adults: EUR 753; quarter: TIGNES LE LAVACHET; agency code: AIMOUNTAINCOLLECTION; GPS 45.47222,6.91535"
tignes-reservation-studio-4-people-home-club-126,STUDIO 4 PEOPLE HOME CLUB 126,,Tignes Le Lavachet,Espace Killy,France,,4,,1,apartment,self-catered,self-catered,none,no,,,,Saturday,738,whole-chalet,EUR,exact-week,,,,,yes,,,"RANGE ESSENTIELLE Studio of 21m² equipped for 4 people and located on the 9th and last floor with a lift in the ""Home Club"" residence, in Tignes le Lavachet. South facing with a balcony and a beautiful view on the ...",https://booking.tignes.net/studio-4-people-home-club-126-tignes-le-lavachet-tihc126.html,Tignes Réservation,village-france-tignes-le-lavachet,5,chalets/images/tignes-reservation-studio-4-people-home-club-126/,2026-10-06,"20-27 Mar bookable on Tignes Réservation for 2 adults: EUR 738; quarter: TIGNES LE LAVACHET; agency code: AIMOUNTAINCOLLECTION; GPS 45.47222,6.91535"
tignes-reservation-studio-4-people-home-club-138,STUDIO 4 PEOPLE HOME CLUB 138,,Tignes Le Lavachet,Espace Killy,France,,4,,,apartment,self-catered,self-catered,none,no,,,,Saturday,849,whole-chalet,EUR,exact-week,,,,,yes,,,"RANGE CONFORT Studio of 21 m² equipped for 4 people and located on the groundfloor (-1) in the ""Le Home Club"" residence, in Tignes le Lavachet. North facing with a balcony Included: Entrance with a bunk bed (2single beds) Kitchen ...",https://booking.tignes.net/studio-4-people-home-club-138-tignes-le-lavachet-tihc138.html,Tignes Réservation,village-france-tignes-le-lavachet,5,chalets/images/tignes-reservation-studio-4-people-home-club-138/,2026-10-06,"20-27 Mar bookable on Tignes Réservation for 2 adults: EUR 849; quarter: TIGNES LE LAVACHET; agency code: AIMOUNTAINCOLLECTION; GPS 45.47222,6.91535"
tignes-reservation-studio-4-people-home-club-145,STUDIO 4 PEOPLE HOME CLUB 145,,Tignes Le Lavachet,Espace Killy,France,,4,,1,apartment,self-catered,self-catered,none,no,,,,Saturday,727,whole-chalet,EUR,exact-week,,,,,yes,,,HOME CLUB - Studio 4 persons - 24m². South balcony. Layout : - 2 Bunk beds in hallwa. - 2 Single beds in living room. - 1 TV. - 1 DVD reader. - 1 Radio. - Kitchenette with : * ...,https://booking.tignes.net/studio-4-people-home-club-145-tignes-le-lavachet-hc145.html,Tignes Réservation,village-france-tignes-le-lavachet,5,chalets/images/tignes-reservation-studio-4-people-home-club-145/,2026-10-06,"20-27 Mar bookable on Tignes Réservation for 2 adults: EUR 727; quarter: TIGNES LE LAVACHET; agency code: AIROCBLANC; GPS 45.47225,6.91528"
tignes-reservation-studio-4-people-home-club-148,STUDIO 4 PEOPLE HOME CLUB 148,,Tignes Le Lavachet,Espace Killy,France,,4,,1,apartment,self-catered,self-catered,none,no,,,,Saturday,490,whole-chalet,EUR,exact-week,,,,,yes,,,Location Information Area : TIGNES LE LAVACHET Location : back in ski,https://booking.tignes.net/studio-4-people-home-club-148-tignes-le-lavachet-homeclub148.html,Tignes Réservation,village-france-tignes-le-lavachet,4,chalets/images/tignes-reservation-studio-4-people-home-club-148/,2026-10-06,"20-27 Mar bookable on Tignes Réservation for 2 adults: EUR 490; quarter: TIGNES LE LAVACHET; agency code: LPPERROT; GPS 45.47225,6.91530"
tignes-reservation-studio-4-people-home-club-153,STUDIO 4 PEOPLE HOME CLUB 153,,Tignes Le Lavachet,Espace Killy,France,,4,,1,apartment,self-catered,self-catered,none,no,,,,Saturday,765,whole-chalet,EUR,exact-week,,,,,yes,,,"RANGE CONFORT Studio of 21m² equipped for 4 people and located on the basement floor in the ""Home Club"" residence, in Tignes Le Lavachet. North facing with balcony Including: Entrance with a bunk bed (2single beds) Kitchen with electric hobs, ...",https://booking.tignes.net/studio-4-people-home-club-153-tignes-le-lavachet-tihc153-1.html,Tignes Réservation,village-france-tignes-le-lavachet,5,chalets/images/tignes-reservation-studio-4-people-home-club-153/,2026-10-06,"20-27 Mar bookable on Tignes Réservation for 2 adults: EUR 765; quarter: TIGNES LE LAVACHET; agency code: AIMOUNTAINCOLLECTION; GPS 45.47222,6.91535"
tignes-reservation-studio-4-people-home-club-169,STUDIO 4 PEOPLE HOME CLUB 169,,Tignes Le Lavachet,Espace Killy,France,,4,,1,apartment,self-catered,self-catered,none,no,,,,,,,,quote-needed,,,,,unknown,,,Location Information Area : TIGNES LE LAVACHET,https://booking.tignes.net/studio-4-people-home-club-169-tignes-le-lavachet-homeclub169.html,Tignes Réservation,village-france-tignes-le-lavachet,5,chalets/images/tignes-reservation-studio-4-people-home-club-169/,2026-10-06,not in 20-27 Mar dated search (2 adults); pass2: weekly planning; quarter: TIGNES LE LAVACHET; agency code: LPNAEDENOEN
tignes-reservation-studio-4-people-home-club-175,STUDIO 4 PEOPLE HOME CLUB 175,,Tignes Le Lavachet,Espace Killy,France,,4,,,apartment,self-catered,self-catered,none,no,,,,,,,,quote-needed,,,,,unknown,,,"RANGE CONFORT Studio of 24m² equipped for 4 people and located on the 1st floor with a lift in the "" Home Club "" residence, in Tignes le Lavachet. South facing with a balcony. Included: Kitchen with induction hobs, micro ...",https://booking.tignes.net/studio-4-people-home-club-175-tignes-le-lavachet-tihc175.html,Tignes Réservation,village-france-tignes-le-lavachet,5,chalets/images/tignes-reservation-studio-4-people-home-club-175/,2026-10-06,"not in 20-27 Mar dated search (2 adults); pass2: weekly planning; quarter: TIGNES LE LAVACHET; agency code: AIMOUNTAINCOLLECTION; GPS 45.47222,6.91535"
tignes-reservation-studio-4-people-home-club-178,STUDIO 4 PEOPLE HOME CLUB 178,,Tignes Le Lavachet,Espace Killy,France,,4,,,apartment,self-catered,self-catered,none,no,,,,,,,,quote-needed,,,,,unknown,,,"RANGE CONFORT Studio of 21m² equipped for 4 people and located on the 2nd floor with a lift in the ""Home Club"" residence, in Tignes Le Lavachet. North facing with a balcony and a beautiful view on the Chevril lake ...",https://booking.tignes.net/studio-4-people-home-club-178-tignes-le-lavachet-tihc178.html,Tignes Réservation,village-france-tignes-le-lavachet,5,chalets/images/tignes-reservation-studio-4-people-home-club-178/,2026-10-06,"not in 20-27 Mar dated search (2 adults); pass2: weekly planning; quarter: TIGNES LE LAVACHET; agency code: AIMOUNTAINCOLLECTION; GPS 45.47222,6.91535"
tignes-reservation-studio-4-people-home-club-179,STUDIO 4 PEOPLE HOME CLUB 179,,Tignes Le Lavachet,Espace Killy,France,,4,,,apartment,self-catered,self-catered,none,no,,,,,,,,quote-needed,,,,,unknown,,,"RANGE CONFORT Studio of 21m² equipped for 4 people and located on the 2nd floor with a lift in the ""Home Club"" residence, in Tignes Le Lavachet. North facing with a balcony and a beautiful view Included: Kitchen with ceramic ...",https://booking.tignes.net/studio-4-people-home-club-179-tignes-le-lavachet-tihc179.html,Tignes Réservation,village-france-tignes-le-lavachet,5,chalets/images/tignes-reservation-studio-4-people-home-club-179/,2026-10-06,"not in 20-27 Mar dated search (2 adults); pass2: weekly planning; quarter: TIGNES LE LAVACHET; agency code: AIMOUNTAINCOLLECTION; GPS 45.47222,6.91535"
tignes-reservation-studio-4-people-home-club-184,STUDIO 4 PEOPLE HOME CLUB 184,,Tignes Le Lavachet,Espace Killy,France,,4,1,1,apartment,self-catered,self-catered,none,no,,,,Saturday,950,whole-chalet,EUR,exact-week,,,,,yes,,,Location Information Area : TIGNES LE LAVACHET Location : Ski-in Ski-out (in winter),https://booking.tignes.net/studio-4-people-home-club-184-tignes-le-lavachet-hc184.html,Tignes Réservation,village-france-tignes-le-lavachet,5,chalets/images/tignes-reservation-studio-4-people-home-club-184/,2026-10-06,"20-27 Mar bookable on Tignes Réservation for 2 adults: EUR 950; quarter: TIGNES LE LAVACHET; agency code: LPLACROIX; GPS 45.47226,6.91554"
tignes-reservation-studio-4-people-home-club-185,STUDIO 4 PEOPLE HOME CLUB 185,,Tignes Le Lavachet,Espace Killy,France,,4,,,apartment,self-catered,self-catered,none,no,,,,,,,,quote-needed,,,,,unknown,,,"RANGE ESSENTIELLE Studio of 24m² equipped for 4 people and located on the 1st floor with a lift in the ""Home Club"" residence, in Tignes le Lavachet. South facing with a balcony. Including: kitchen with an oven, microwave and a ...",https://booking.tignes.net/studio-4-people-home-club-185-tignes-le-lavachet-tihc185.html,Tignes Réservation,village-france-tignes-le-lavachet,5,chalets/images/tignes-reservation-studio-4-people-home-club-185/,2026-10-06,"not in 20-27 Mar dated search (2 adults); pass2: weekly planning; quarter: TIGNES LE LAVACHET; agency code: AIMOUNTAINCOLLECTION; GPS 45.47222,6.91535"
tignes-reservation-studio-4-people-home-club-192,STUDIO 4 PEOPLE HOME CLUB 192,,Tignes Le Lavachet,Espace Killy,France,,4,,1,apartment,self-catered,self-catered,none,no,,,,,,,,quote-needed,,,,,unknown,,,"Studio 25 m2 on 4th floor, north-east facing position. Renovated, modern furnishings: living/dining room with 1 divan bed (140 cm, length 190 cm), flat-screen TV, electric heating. Exit to balcony. Entrance hall with 1 x 2 bunk beds (80 cm, ...",https://booking.tignes.net/studio-4-people-home-club-192-tignes-le-lavachet-fr73512009.html,Tignes Réservation,village-france-tignes-le-lavachet,5,chalets/images/tignes-reservation-studio-4-people-home-club-192/,2026-10-06,"not in 20-27 Mar dated search (2 adults); pass2: weekly planning; quarter: TIGNES LE LAVACHET; agency code: 7070; GPS 45.47226,6.91557"
tignes-reservation-studio-4-people-home-club-198,STUDIO 4 PEOPLE HOME CLUB 198,,Tignes Le Lavachet,Espace Killy,France,,4,,1,apartment,self-catered,self-catered,none,no,,,,,,,,quote-needed,,,,,unknown,,,HOME CLUB - Studio 4 persons - 24m². 3rd floor. South balcony. Layout : - 2 Bunk beds in hallway. - 1 pull-out-bedin the living room. - 1 TV. - Kitchenette with : * Hotplates. * Refrigerator. * Oven. * ...,https://booking.tignes.net/studio-4-people-home-club-198-tignes-le-lavachet-hc198.html,Tignes Réservation,village-france-tignes-le-lavachet,5,chalets/images/tignes-reservation-studio-4-people-home-club-198/,2026-10-06,"not in 20-27 Mar dated search (2 adults); pass2: weekly planning; quarter: TIGNES LE LAVACHET; agency code: AIROCBLANC; GPS 45.47225,6.91528"
tignes-reservation-studio-4-people-home-club-201,STUDIO 4 PEOPLE HOME CLUB 201,,Tignes Le Lavachet,Espace Killy,France,,4,,1,apartment,self-catered,self-catered,none,no,,,,,,,,quote-needed,,,,,unknown,,,HOME CLUB - Studio 4 persons - 24m². 3rd floor. South balcony. Layout : - 2 Bunk beds in hallway. - 2 Single beds in the living room. - 1 TV. - Kitchenette with : * Hotplates. * Refrigerator. * ...,https://booking.tignes.net/studio-4-people-home-club-201-tignes-le-lavachet-hc201.html,Tignes Réservation,village-france-tignes-le-lavachet,5,chalets/images/tignes-reservation-studio-4-people-home-club-201/,2026-10-06,"not in 20-27 Mar dated search (2 adults); pass2: weekly planning; quarter: TIGNES LE LAVACHET; agency code: AIROCBLANC; GPS 45.47225,6.91528"
tignes-reservation-studio-4-people-home-club-221,STUDIO 4 PEOPLE HOME CLUB 221,,Tignes Le Lavachet,Espace Killy,France,,4,,1,apartment,self-catered,self-catered,none,no,,,,,,,,quote-needed,,,,,unknown,,,HOME CLUB - Studio 4 persons - 24m². 4th floor. South balcony. Layout : - 2 Bunk beds in hallway. - 2 Single beds in living room. - 1 TV. - Kitchenette with : * Hotplates. * Refrigerator. * Oven. ...,https://booking.tignes.net/studio-4-people-home-club-221-tignes-le-lavachet-hc211.html,Tignes Réservation,village-france-tignes-le-lavachet,5,chalets/images/tignes-reservation-studio-4-people-home-club-221/,2026-10-06,"not in 20-27 Mar dated search (2 adults); pass2: weekly planning; quarter: TIGNES LE LAVACHET; agency code: AIROCBLANC; GPS 45.47225,6.91528"
tignes-reservation-studio-4-people-home-club-226,STUDIO 4 PEOPLE HOME CLUB 226,,Tignes Le Lavachet,Espace Killy,France,,4,,,apartment,self-catered,self-catered,none,no,,,,,,,,quote-needed,,,,,unknown,,,HOME CLUB - Studio 4 persons - 21m². 5th floor. South balcony. Layout : - 2 Bunk beds in hallway. - 2 Single beds in living room. - 1 TV. - Kitchenette with : * Hotplates. * Refrigerator. * Oven. ...,https://booking.tignes.net/studio-4-people-home-club-226-tignes-le-lavachet-hc226.html,Tignes Réservation,village-france-tignes-le-lavachet,5,chalets/images/tignes-reservation-studio-4-people-home-club-226/,2026-10-06,"not in 20-27 Mar dated search (2 adults); pass2: weekly planning; quarter: TIGNES LE LAVACHET; agency code: AIROCBLANC; GPS 45.47225,6.91528"
tignes-reservation-studio-4-people-home-club-231,STUDIO 4 PEOPLE HOME CLUB 231,,Tignes Le Lavachet,Espace Killy,France,,4,,1,apartment,self-catered,self-catered,none,no,,,,,,,,quote-needed,,,,,unknown,,,"YOUR APARTMENT For your skiing holidays or to spend your summer in Tignes, book this 24sq-m apartment that can accommodate up to 4 guests. The South facing balcony offers you a beautiful view on the mountain. Situated on the 5th ...",https://booking.tignes.net/studio-4-people-home-club-231-tignes-le-lavachet-hcb231.html,Tignes Réservation,village-france-tignes-le-lavachet,5,chalets/images/tignes-reservation-studio-4-people-home-club-231/,2026-10-06,"not in 20-27 Mar dated search (2 adults); pass2: weekly planning; quarter: TIGNES LE LAVACHET; agency code: AICIS; GPS 45.47256,6.91438"
tignes-reservation-studio-4-people-home-club-240,STUDIO 4 PEOPLE HOME CLUB 240,,Tignes Le Lavachet,Espace Killy,France,,4,,1,apartment,self-catered,self-catered,none,no,,,,,,,,quote-needed,,,,,unknown,,,HOME CLUB - Studio 4 persons - 24m². 6th floor. South balcony. Layout : - 2 Bunk beds in hallway. - 2 Single beds in living room. - 1 TV. - Kitchenette with : * Hotplates. * Refrigerator. * Oven. ...,https://booking.tignes.net/studio-4-people-home-club-240-tignes-le-lavachet-hc240.html,Tignes Réservation,village-france-tignes-le-lavachet,5,chalets/images/tignes-reservation-studio-4-people-home-club-240/,2026-10-06,"not in 20-27 Mar dated search (2 adults); pass2: weekly planning; quarter: TIGNES LE LAVACHET; agency code: AIROCBLANC; GPS 45.47225,6.91528"
tignes-reservation-studio-4-people-home-club-252,STUDIO 4 PEOPLE HOME CLUB 252,,Tignes Le Lavachet,Espace Killy,France,,4,,1,apartment,self-catered,self-catered,none,no,,,,,,,,quote-needed,,,,,unknown,,,"RANGE CONFORT Studio of 23m², equipped for 4 people and located on the 8th floor with a lift in the ""Home Club"" residence, in Tignes Le Lavachet. South facing with a balcony Including : Entrance with a bunk bed (2 ...",https://booking.tignes.net/studio-4-people-home-club-252-tignes-le-lavachet-tihc252-1.html,Tignes Réservation,village-france-tignes-le-lavachet,5,chalets/images/tignes-reservation-studio-4-people-home-club-252/,2026-10-06,"not in 20-27 Mar dated search (2 adults); pass2: weekly planning; quarter: TIGNES LE LAVACHET; agency code: AIMOUNTAINCOLLECTION; GPS 45.47222,6.91535"
tignes-reservation-studio-4-people-pistes-17,STUDIO 4 PEOPLE PISTES 17,,Tignes Le Lavachet,Espace Killy,France,,4,,,apartment,self-catered,self-catered,none,no,,,,,,,,quote-needed,,,,,unknown,,,"1-room apartment 25 m2 on 2nd floor. Living/dining room with 1 double wall-trunk bed (140 cm), TV. Entrance hall with 2 wall-trunk beds (80 cm). Kitchenette (2 hot plates, dishwasher, microwave). Shower/WC. Balcony, east facing position. Beautiful view of the ...",https://booking.tignes.net/studio-4-people-pistes-17-tignes-le-lavachet-fr73512402.html,Tignes Réservation,village-france-tignes-le-lavachet,5,chalets/images/tignes-reservation-studio-4-people-pistes-17/,2026-10-06,"not in 20-27 Mar dated search (2 adults); pass2: weekly planning; quarter: TIGNES LE LAVACHET; agency code: 7070; GPS 45.46979,6.91258"
tignes-reservation-studio-4-people-pistes-23,STUDIO 4 PEOPLE PISTES 23,,Tignes Le Lavachet,Espace Killy,France,,4,,1,apartment,self-catered,self-catered,none,no,,,,,,,,quote-needed,,,,,unknown,,,LES PISTES - Studio 4 persons - 32m². East-South East balcony. 3rd floor. Lay out : - Bunk beds in hallway. - Living room with pull out sofa bed (for 2 persons) - Kitchenette with : * Hotplates. * Refrigerator. ...,https://booking.tignes.net/studio-4-people-pistes-23-tignes-le-lavachet-pistes23.html,Tignes Réservation,village-france-tignes-le-lavachet,5,chalets/images/tignes-reservation-studio-4-people-pistes-23/,2026-10-06,"not in 20-27 Mar dated search (2 adults); pass2: weekly planning; quarter: TIGNES LE LAVACHET; agency code: AIROCBLANC; GPS 45.46979,6.91257"
tignes-reservation-studio-4-people-roches-rouges-c-6,STUDIO 4 PEOPLE ROCHES ROUGES C 6,,Tignes Le Lavachet,Espace Killy,France,,4,,,apartment,self-catered,self-catered,none,no,,,,,,,,quote-needed,,,,,unknown,,,ROCHES ROUGES C - Studio 4 persons - 25m². South-West balcony. 1st floor. Lay out : - Bunk beds in hallway. - Living room with pull out beds. - Kitchenette with : * Hotplates. * Refrigerator. * Oven. * Dishwasher. ...,https://booking.tignes.net/studio-4-people-roches-rouges-c-6-tignes-le-lavachet-rrc6.html,Tignes Réservation,village-france-tignes-le-lavachet,5,chalets/images/tignes-reservation-studio-4-people-roches-rouges-c-6/,2026-10-06,"not in 20-27 Mar dated search (2 adults); pass2: weekly planning; quarter: TIGNES LE LAVACHET; agency code: AIROCBLANC; GPS 45.47064,6.91270"
tignes-reservation-studio-4-people-soldanelles-18,STUDIO 4 PEOPLE SOLDANELLES 18,,Tignes Le Lavachet,Espace Killy,France,,4,,1,apartment,self-catered,self-catered,none,no,,,,,,,,quote-needed,,,,,unknown,,,Location Information Area : TIGNES LE LAVACHET Location : Ski-in Ski-out (in winter) Close to shops (less than 100 meters),https://booking.tignes.net/studio-4-people-soldanelles-18-tignes-le-lavachet-soldanelles18.html,Tignes Réservation,village-france-tignes-le-lavachet,5,chalets/images/tignes-reservation-studio-4-people-soldanelles-18/,2026-10-06,"not in 20-27 Mar dated search (2 adults); pass2: weekly planning; quarter: TIGNES LE LAVACHET; agency code: LPBUISSON; GPS 45.47188,6.91319"
tignes-reservation-studio-5-people-2100-b-19,STUDIO 5 PEOPLE 2100 B 19,,Tignes Le Lavachet,Espace Killy,France,,5,,1,apartment,self-catered,self-catered,none,no,,,,,,,,quote-needed,,,,,unknown,,,"RANGE CONFORT 34m² studio equipped for 5 people and located on the 2nd and last floor of the ""2100 B"" residence, in Tignes Le Lavachet. Ski in/out access South facing with a balcony. Including: Living room with a sofa bed ...",https://booking.tignes.net/studio-5-people-2100-b-19-tignes-le-lavachet-tir2100b19-1.html,Tignes Réservation,village-france-tignes-le-lavachet,5,chalets/images/tignes-reservation-studio-5-people-2100-b-19/,2026-10-06,"not in 20-27 Mar dated search (2 adults); pass2: weekly planning; quarter: TIGNES LE LAVACHET; agency code: AIMOUNTAINCOLLECTION; GPS 45.47262,6.91402"
tignes-reservation-studio-5-people-grande-casse-006,STUDIO 5 PEOPLE GRANDE CASSE 006,,Tignes Le Lavachet,Espace Killy,France,,5,,,apartment,self-catered,self-catered,none,no,,,,,,,,quote-needed,,,,,unknown,,,"YOUR APARTMENT For your ski holidays or summer activities in Tignes, book this large, functional 30m² studio apartment that can accommodate up to 5 people. A large south-west facing balcony allows you to enjoy a beautiful view of the mountains, ...",https://booking.tignes.net/studio-5-people-grande-casse-006-tignes-le-lavachet-lgc006.html,Tignes Réservation,village-france-tignes-le-lavachet,5,chalets/images/tignes-reservation-studio-5-people-grande-casse-006/,2026-10-06,"not in 20-27 Mar dated search (2 adults); pass2: weekly planning; quarter: TIGNES LE LAVACHET; agency code: AICIS; GPS 45.47008,6.91339"
allchalets-apartment-34120,Apartment 34120,,Tignes Le Lavachet,,France,,2,1,1,apartment,self-catered,self-catered,none,no,,,unknown,Saturday,,whole-chalet,EUR,season-range,1300,2100,,,no,,,"Located in the Lavachet district, a hundred metres from the slopes, the Savoy 8 apartment provides a mountain-style cocoon for two people. Apartment Details: Sleeps 2 adults Catering: Self catered Located on floor 1 Layout: Living area: - Balcony - ...",https://www.allchalets.com/holiday-rentals/34120-apartment-in-tignes-france,allChalets,village-france-tignes-le-lavachet,5,chalets/images/allchalets-apartment-34120/,2026-10-06,hot tub not in facility list/description
allchalets-apartment-55214,Apartment 55214,,Tignes Le Lavachet,,France,,4,2,1,apartment,catered-or-self,,none,no,,,unknown,Saturday,,whole-chalet,EUR,season-range,1700,3500,,,no,,,"Ideally located in the heart of Tignes Le Lavachet, close to the slopes and local amenities. The apartment is a cosy cocoon that can accommodate up to 4 guests. The apartment is 50 metres from the nearest amenities, 100 metres ...",https://www.allchalets.com/holiday-rentals/55214-apartment-in-tignes-france,allChalets,village-france-tignes-le-lavachet,5,chalets/images/allchalets-apartment-55214/,2026-10-06,hot tub not in facility list/description; unnamed listing; headline: 
allchalets-apartment-36069,Apartment 36069,,Tignes Le Lavachet,,France,,6,2,2,apartment,self-catered,self-catered,none,no,,,unknown,Saturday,,whole-chalet,EUR,season-range,1800,3500,,,no,,,"Located in the Lavachet area, just a hundred meters from the slopes, apartment 2100B n°33 is sure to delight the whole family. Apartment Details: Sleeps 4 adults and 2 children Catering: Self catered Located on floor 4 Layout: Living area: ...",https://www.allchalets.com/holiday-rentals/36069-apartment-in-tignes-france,allChalets,village-france-tignes-le-lavachet,5,chalets/images/allchalets-apartment-36069/,2026-10-06,hot tub not in facility list/description
allchalets-apartment-39330,Apartment 39330,,Tignes Le Lavachet,,France,,4,1,1,apartment,self-catered,self-catered,none,no,,,unknown,Saturday,1700,whole-chalet,EUR,exact-week,1400,2200,,,yes,,,"Located in the Lavachet area, just a hundred meters from the slopes, apartment 2100B n°24 is ideal for a family stay. Apartment Details: Sleeps 2 adults and 2 children Catering: Self catered Layout: Living area: - Balcony - Open kitchen ...",https://www.allchalets.com/holiday-rentals/39330-apartment-in-tignes-france,allChalets,village-france-tignes-le-lavachet,5,chalets/images/allchalets-apartment-39330/,2026-10-06,"hot tub not in facility list/description; calendar 20 Mar: €1,700 self catered per week Min stay - 7 nights Availability: 4 guests"
