chalet_id,chalet_name,operator,village,ski_area,country,sleeps_min,sleeps_max,bedrooms,bathrooms,property_type,board,catering_detail,hot_tub,sauna,other_facilities,distance_to_lift_m,ski_in_out,changeover_day,price_week_20_27_mar_2027,price_basis,price_currency,price_type,price_range_low,price_range_high,price_per_bed,price_includes,available_20_27_mar,combines,same_as,description,url,listed_on,found_via,image_count,image_dir,date_checked,notes
allchalets-chalet-23413,Chalet 23413,,Les 2 Alpes,,France,,15,6,5,chalet,self-catered,self-catered,none,yes,"swimming pool, indoor pool, log fire",,yes,,,,,quote-needed,,,,,yes,,,"Our project to renovate the former primary school of Les Deux Alpes and transform it into a chalet began in 2017. The original building has been divided into two adjoining chalets, each with extensions on the ground floor (welcoming garage, ...",https://www.allchalets.com/holiday-rentals/23413-chalet-in-les-deux-alpes-france,allChalets,village-france-les-2-alpes,0,,2026-10-06,hot tub not in facility list/description; calendar 20 Mar: Min stay - 1 night Availability: 15 guests; no rate table on allChalets; advertiser contact: Florian Lüders; unnamed listing; headline: Large new chalet in the center of Les Deux Alpes - indoor pool and sauna
allchalets-apartment-39638,Apartment 39638,,Les 2 Alpes,,France,,6,1,1,apartment,self-catered,self-catered,none,yes,"steam room, swimming pool, indoor pool, gym",,unknown,Saturday,,whole-chalet,EUR,season-range,849,3989,,,no,,,Comfortable self-catering apartment in the heart of Les Deux Alpes. At the foot of the slopes and and directly opposite the Diable ski lift. Good location for families and groups. 1-bedroom apartment with cabin for 6 persons (approx 38m2) - ...,https://www.allchalets.com/holiday-rentals/39638-apartment-in-les-deux-alpes-france,allChalets,village-france-les-2-alpes,5,chalets/images/allchalets-apartment-39638/,2026-10-06,hot tub not in facility list/description; advertiser contact: Yvonne allChalets; unnamed listing; headline: Cosy one bedroom apartment with cabin - beside the pistes and lift
allchalets-chalet-la-panthere,Chalet La Panthere,,Les 2 Alpes,,France,,14,5,5,chalet,self-catered,self-catered,private-outdoor,yes,"log fire, fireplace, boot dryer",,unknown,Saturday,,whole-chalet,EUR,season-range,5460,16120,,,no,,,"Located just 500 meters from the slopes and close to the Jandri Express gondola (600m), Chalet La Panthere des Neiges offers easy and quick access to the entire Les Deux Alpes ski area. You can ski back to within 200 ...",https://www.allchalets.com/holiday-rentals/40475-chalet-in-les-deux-alpes-france,allChalets,village-france-les-2-alpes,5,chalets/images/allchalets-chalet-la-panthere/,2026-10-06,hot tub in facility list; advertiser contact: Yvonne allChalets
allchalets-chalet-28047,Chalet 28047,,Les 2 Alpes,,France,,14,6,6,chalet,self-catered,self-catered,none,yes,"swimming pool, log fire, boot dryer",,unknown,Saturday,,whole-chalet,EUR,season-range,4600,12780,,,no,,,"Located on the Place Venosc right in the centre of Les Deux Alpes, the charming chalet Le Renard is in an ideal location for your ski holiday in the Alps. Close to the shops and the Diable chair lift and ...",https://www.allchalets.com/holiday-rentals/28047-chalet-in-les-deux-alpes-france,allChalets,village-france-les-2-alpes,5,chalets/images/allchalets-chalet-28047/,2026-10-06,hot tub not in facility list/description; advertiser contact: Yvonne allChalets; unnamed listing; headline: Large chalet in central location with heated pool and sauna
allchalets-chalet-11525,Chalet 11525,,Les 2 Alpes,,France,,12,4,4,chalet,self-catered,self-catered,none,no,log fire,,unknown,Saturday,,whole-chalet,EUR,season-range,2730,8430,,,no,,,This chalet is ideally located just 50m from the ski slopes in Les 2 Alpes. This beautiful alpine chalet offers 140m2 of living area and accommodation for up to 12 people. All bedrooms have their own en-suite shower room. The ...,https://www.allchalets.com/holiday-rentals/11525-chalet-in-les-deux-alpes-france,allChalets,village-france-les-2-alpes,5,chalets/images/allchalets-chalet-11525/,2026-10-06,hot tub not in facility list/description; advertiser contact: Yvonne allChalets; unnamed listing; headline: Ski chalet just 50m from the slopes; description mentions up to 15 people
allchalets-chalet-7753,Chalet 7753,,Les 2 Alpes,,France,,14,5,5,chalet,self-catered,self-catered,none,yes,"swimming pool, log fire, fireplace",,unknown,Saturday,,whole-chalet,EUR,season-range,4430,12420,,,no,,,"Located in the Venosc area of Les 2 Alpes and just 200m from the Diable chairlift and ski slopes, Prestige Lodge is a newly constructed luxury ski chalet. The chalet has the perfect location close of the resort center, the ...",https://www.allchalets.com/holiday-rentals/7753-chalet-in-les-deux-alpes-france,allChalets,village-france-les-2-alpes,5,chalets/images/allchalets-chalet-7753/,2026-10-06,hot tub not in facility list/description; advertiser contact: Yvonne allChalets; unnamed listing; headline: Luxury chalet in the center of Les 2 Alpes - heated pool and sauna
allchalets-chalet-la-muzelle,Chalet La Muzelle,,Les 2 Alpes,,France,,15,7,5,chalet,self-catered,self-catered,none,no,"log fire, fireplace",,unknown,,,,,quote-needed,,,,,no,,,"Chalet La Muzelle is a recently renovated chalet in the Alpe de Venosc area of Les Deux Alpes. The chalet is just 350 m from the Telecabine du Diable ski lift and close to the shops, bakery, bars and restaurants. ...",https://www.allchalets.com/holiday-rentals/7778-chalet-in-les-deux-alpes-france,allChalets,village-france-les-2-alpes,5,chalets/images/allchalets-chalet-la-muzelle/,2026-10-06,hot tub not in facility list/description; no rate table on allChalets; advertiser contact: Yvonne allChalets
allchalets-chalet-23778,Chalet 23778,,Les 2 Alpes,,France,,15,6,5,chalet,self-catered,self-catered,none,no,"steam room, swimming pool, indoor pool, log fire, fireplace",,yes,Saturday,7320,whole-chalet,EUR,exact-week,2490,12850,,,yes,,,"Our project to renovate the former primary school of Les Deux Alpes and transform it into a chalet began in 2017. The original building has been divided into two adjoining chalets, each with extensions on the ground floor (welcoming garage, ...",https://www.allchalets.com/holiday-rentals/23778-chalet-in-les-deux-alpes-france,allChalets,village-france-les-2-alpes,5,chalets/images/allchalets-chalet-23778/,2026-10-06,"hot tub not in facility list/description; ignored outlier rate(s) [38280] in range; calendar 20 Mar: €7,320 self catered per week Min stay - 7 nights Availability: 15 guests; advertiser contact: PATRICK CHALENDARD; unnamed listing; headline: Large new chalet in the center of Les Deux Alpes - indoor pool and hammam"
allchalets-chalet-erika,Chalet Erika,,Les 2 Alpes,,France,,15,5,5,chalet,self-catered,self-catered,none,no,"log fire, fireplace, boot dryer",,unknown,Saturday,,whole-chalet,EUR,season-range,3600,3760,,,no,,,"Chalet Erika is located in the heart of Les 2 Alpes and close to the ski lifts, shops, restaurants and bar. The chalet offers 250 sq.m of living space and accommodation for 15 guests (max capacity). There is a garage ...",https://www.allchalets.com/holiday-rentals/11826-chalet-in-les-deux-alpes-france,allChalets,village-france-les-2-alpes,5,chalets/images/allchalets-chalet-erika/,2026-10-06,hot tub not in facility list/description; advertiser contact: Yvonne allChalets
allchalets-chalet-8794,Chalet 8794,,Les 2 Alpes,,France,,12,5,4,chalet,self-catered,self-catered,private (location not stated),yes,log fire,,unknown,,,,,quote-needed,,,,,no,,,"These twin chalets, Leslie Alpen, are located in Les Deux Alpes close to the resort center and the pistes and ski lifts. The chalets are situated in the Le Petit Plan area and just 100m from the Vallee Blanche piste. ...",https://www.allchalets.com/holiday-rentals/8794-chalet-in-les-deux-alpes-france,allChalets,village-france-les-2-alpes,5,chalets/images/allchalets-chalet-8794/,2026-10-06,"hot tub in facility list; no rate table on allChalets; advertiser contact: Yvonne allChalets; unnamed listing; headline: Luxurious self catered ski chalet - sauna, hot tub, just 100m to the pistes"
allchalets-chalet-le-panorama,Chalet Le Panorama,,Les 2 Alpes,,France,,12,5,5,chalet,self-catered,self-catered,private-outdoor,no,"log fire, fireplace",,yes,,,,,quote-needed,,,,,no,,,Chalet Le Panorama is a large self catering chalet located on the side of a piste in Les Deux Alpes. It is only 100m from the ski slopes and you can even ski back to the chalet at the end ...,https://www.allchalets.com/holiday-rentals/11106-chalet-in-les-deux-alpes-france,allChalets,village-france-les-2-alpes,5,chalets/images/allchalets-chalet-le-panorama/,2026-10-06,hot tub in facility list; no rate table on allChalets; advertiser contact: Yvonne allChalets
allchalets-apartment-39644,Apartment 39644,,Les 2 Alpes,,France,,10,3,2,apartment,self-catered,self-catered,none,yes,"steam room, swimming pool, indoor pool, gym",,unknown,Saturday,,whole-chalet,EUR,season-range,2109,7599,,,no,,,"Comfortable three bedroom self-catering apartment with cabin in the heart of Les Deux Alpes. Located at the foot of the slopes and and directly opposite the Diable ski lift. Good location for families and groups. Indoor pool, sauna and steam ...",https://www.allchalets.com/holiday-rentals/39644-apartment-in-les-deux-alpes-france,allChalets,village-france-les-2-alpes,5,chalets/images/allchalets-apartment-39644/,2026-10-06,"hot tub not in facility list/description; ignored outlier rate(s) [1599, 1619] in range; advertiser contact: Yvonne allChalets; unnamed listing; headline: Resort centre, 3 bedroom apartment with cabin, beside the pistes and lift"
allchalets-chalet-norma,Chalet Norma,,Les 2 Alpes,,France,,12,4,4,chalet,self-catered,self-catered,none,no,"steam room, log fire, fireplace",,unknown,Saturday,,whole-chalet,EUR,season-range,3189,12189,,,no,,,"Spread over 3 floors, Chalet Norma has 4 bedrooms and a sleeping alcove and can accommodate up to 12 people. It has a beautiful living room with fireplace, a fully equipped open plan kitchen and a garden and terrace to ...",https://www.allchalets.com/holiday-rentals/38898-chalet-in-les-deux-alpes-france,allChalets,village-france-les-2-alpes,5,chalets/images/allchalets-chalet-norma/,2026-10-06,hot tub not in facility list/description; advertiser contact: Yvonne allChalets
allchalets-chalet-les-alpages,Chalet Les Alpages,,Les 2 Alpes,,France,,8,3,2,chalet,self-catered,self-catered,none,no,,,unknown,Saturday,,whole-chalet,EUR,season-range,2760,5530,,,no,,,This is a newly renovated chalet in the center of Les Deux Alpes and just 200m to the ski slopes and lifts. Chalet Les Alpages is completed in traditional style with wood and stone and faces south and west with ...,https://www.allchalets.com/holiday-rentals/7777-chalet-in-les-deux-alpes-france,allChalets,village-france-les-2-alpes,5,chalets/images/allchalets-chalet-les-alpages/,2026-10-06,hot tub not in facility list/description; advertiser contact: Yvonne allChalets
allchalets-chalet-19073,Chalet 19073,,Les 2 Alpes,,France,,14,6,6,chalet,self-catered,self-catered,none,no,"swimming pool, indoor pool, log fire, fireplace, boot warmer",,unknown,Saturday,,whole-chalet,EUR,season-range,5040,7650,,,no,,,"Sleeping up to 14 people, this spacious, luxury chalet next to the ski slopes (80m away) in Les Deux Alpes, with 300m² of surface area, has been decorated with style. The chalet has 6 bedrooms, each with a shower, a ...",https://www.allchalets.com/holiday-rentals/19073-chalet-in-les-deux-alpes-france,allChalets,village-france-les-2-alpes,5,chalets/images/allchalets-chalet-19073/,2026-10-06,hot tub not in facility list/description; advertiser contact: Yvonne allChalets; unnamed listing; headline: Chalet with heated pool - only 50 meters from the ski slopes
allchalets-chalet-le-lynx,Chalet Le Lynx,,Les 2 Alpes,,France,,14,5,5,chalet,self-catered,self-catered,private-outdoor,yes,"log fire, fireplace, boot dryer",,unknown,Saturday,,whole-chalet,EUR,season-range,5460,15040,,,no,,,"Discover the famous ski resort of Les Deux Alpes and enjoy a unique experience in this impressive mountain chalet. Nestled in an idyllic setting, Chalet Le Lynx offers you easy access to the ski slopes 500m away. Just 600m from ...",https://www.allchalets.com/holiday-rentals/46936-chalet-in-les-deux-alpes-france,allChalets,village-france-les-2-alpes,5,chalets/images/allchalets-chalet-le-lynx/,2026-10-06,hot tub in facility list; advertiser contact: Yvonne allChalets
allchalets-chalet-alpina,Chalet Alpina,,Les 2 Alpes,,France,,16,7,3,chalet,self-catered,self-catered,private (location not stated),yes,"log fire, fireplace",,unknown,,,,,quote-needed,,,,,no,,,"Chalet Alpina is located in the center of Les 2 Alpes, close to the shops, bars and restaurants and just 200m from the pistes and the Telecabine de Diable ski lift. This ski chalet has 6 bedrooms plus a sleeping ...",https://www.allchalets.com/holiday-rentals/8676-chalet-in-les-deux-alpes-france,allChalets,village-france-les-2-alpes,5,chalets/images/allchalets-chalet-alpina/,2026-10-06,hot tub in facility list; no rate table on allChalets; advertiser contact: Yvonne allChalets
allchalets-chalet-le-sabot,Chalet Le Sabot,,Les 2 Alpes,,France,,15,8,8,chalet,self-catered,self-catered,private-outdoor,no,,,unknown,Saturday,,whole-chalet,EUR,season-range,3670,5540,,,no,,,"Chalet Le Sabot de Venus is ideally situated for a winter or summer stay in Les 2 Alpes. Located in the center of the resort and opposite the Vikings and Diable lifts, the chalet is just 80m from the slopes ...",https://www.allchalets.com/holiday-rentals/22629-chalet-in-les-deux-alpes-france,allChalets,village-france-les-2-alpes,5,chalets/images/allchalets-chalet-le-sabot/,2026-10-06,hot tub in facility list; advertiser contact: Yvonne allChalets
allchalets-chalet-11520,Chalet 11520,,Les 2 Alpes,,France,,14,5,5,chalet,self-catered,self-catered,none,no,log fire,,unknown,Saturday,,whole-chalet,EUR,season-range,3160,8690,,,no,,,"Magnificent semi-detached chalet, of around 150 sq m, for 14 persons. Independent entrance, 4-star fittings and services. All the bedrooms have their own en suite shower. Only 50 m from the ski slopes. The chalet contains a fully equipped kitchen, ...",https://www.allchalets.com/holiday-rentals/11520-chalet-in-les-deux-alpes-france,allChalets,village-france-les-2-alpes,5,chalets/images/allchalets-chalet-11520/,2026-10-06,hot tub not in facility list/description; advertiser contact: Yvonne allChalets; unnamed listing; headline: Chalet for 14 people located just 50m from the slopes
allchalets-apartment-39643,Apartment 39643,,Les 2 Alpes,,France,,8,2,2,apartment,self-catered,self-catered,none,yes,"steam room, swimming pool, indoor pool, gym",,unknown,Saturday,,whole-chalet,EUR,season-range,1169,4299,,,no,,,"Comfortable two bedroom self-catering apartment with cabin in the heart of Les Deux Alpes. Located at the foot of the slopes and and directly opposite the Diable ski lift. Good location for families and groups. Indoor pool, sauna and steam ...",https://www.allchalets.com/holiday-rentals/39643-apartment-in-les-deux-alpes-france,allChalets,village-france-les-2-alpes,5,chalets/images/allchalets-apartment-39643/,2026-10-06,"hot tub not in facility list/description; advertiser contact: Yvonne allChalets; unnamed listing; headline: Two bedroom apartment with cabin, resort centre, beside the pistes and lift"
allchalets-apartment-39639,Apartment 39639,,Les 2 Alpes,,France,,4,1,1,apartment,self-catered,self-catered,none,yes,"steam room, swimming pool, indoor pool, gym",,unknown,Saturday,,whole-chalet,EUR,season-range,749,3489,,,no,,,"Comfortable self-catering apartment in the centre of Les Deux Alpes. At the foot of the slopes, beside the Diable ski lift and close to shops bars and restaurants. Good location for families and groups. 1-bedroom apartment for 4 people (approx ...",https://www.allchalets.com/holiday-rentals/39639-apartment-in-les-deux-alpes-france,allChalets,village-france-les-2-alpes,5,chalets/images/allchalets-apartment-39639/,2026-10-06,hot tub not in facility list/description; advertiser contact: Yvonne allChalets; unnamed listing; headline: One bedroom apartment - indoor pool - at the foot of the slopes
allchalets-apartment-39641,Apartment 39641,,Les 2 Alpes,,France,,2,,1,apartment,self-catered,self-catered,none,yes,"steam room, swimming pool, indoor pool, gym",,unknown,Saturday,,whole-chalet,EUR,season-range,549,1849,,,no,,,"Cosy studio apartment in the centre of Les Deux Alpes. At the foot of the slopes, beside the Diable ski lift and close to shops bars and restaurants. Good location for families and groups. Studio apartment for 2 people (approx ...",https://www.allchalets.com/holiday-rentals/39641-apartment-in-les-deux-alpes-france,allChalets,village-france-les-2-alpes,5,chalets/images/allchalets-apartment-39641/,2026-10-06,"hot tub not in facility list/description; advertiser contact: Yvonne allChalets; unnamed listing; headline: 2 person studio in Les 2 Alpes - indoor pool, centre of the resort"
allchalets-apartment-46913,Apartment 46913,,Les 2 Alpes,,France,,11,4,4,apartment,self-catered,self-catered,none,yes,"swimming pool, log fire, fireplace",,unknown,Saturday,,whole-chalet,EUR,season-range,3999,10549,,,no,,,"This modern stylish chalet style apartment is located in the center of Les Deux Alpes and close to shops, bars, restaurants. The ski slopes are just 500m away. The residence faces south with beautiful mountain views from the terrace. With ...",https://www.allchalets.com/holiday-rentals/46913-apartment-in-les-deux-alpes-france,allChalets,village-france-les-2-alpes,5,chalets/images/allchalets-apartment-46913/,2026-10-06,hot tub not in facility list/description; advertiser contact: Yvonne allChalets; unnamed listing; headline: Luxurious chalet style apartment in the center of Les Deux Alpes
allchalets-apartment-46932,Apartment 46932,,Les 2 Alpes,,France,,9,4,4,apartment,self-catered,self-catered,none,yes,"swimming pool, indoor pool, log fire, fireplace",,unknown,Saturday,4129,whole-chalet,EUR,exact-week,3739,9699,,,yes,,,"This large apartment is located in a stylish chalet just 500m from the slopes in Les Deux Alpes. With 4 bedrooms, a modern kitchen and a beautiful living area with fireplace this is an ideal property for a family ski ...",https://www.allchalets.com/holiday-rentals/46932-apartment-in-les-deux-alpes-france,allChalets,village-france-les-2-alpes,5,chalets/images/allchalets-apartment-46932/,2026-10-06,"hot tub not in facility list/description; calendar 20 Mar: €4,129 self catered per week Min stay - 7 nights Availability: 9 guests; advertiser contact: Yvonne allChalets; unnamed listing; headline: Luxury chalet apartment with indoor pool and sauna - 500m to the pistes"
allchalets-apartment-39728,Apartment 39728,,Les 2 Alpes,,France,,8,3,1,apartment,self-catered,self-catered,none,no,,,yes,Saturday,,whole-chalet,EUR,season-range,1129,3729,,,no,,,"A spacious apartment at the foot of the slopes offering offering easy access to all of Les Deux Alpes. The Champamé ski school meeting points are right in front of the building and shops, bars and restaurants are just 200m ...",https://www.allchalets.com/holiday-rentals/39728-apartment-in-les-deux-alpes-france,allChalets,village-france-les-2-alpes,5,chalets/images/allchalets-apartment-39728/,2026-10-06,hot tub not in facility list/description; advertiser contact: Yvonne allChalets; unnamed listing; headline: 3 bedroom apartment at the foot of the slopes
sno-chalet-les-anemones,,,,,,,,,,,,,,,,,,,,,,,,,,,,,,,,allChalets,village-france-les-2-alpes,,,2026-10-06,allChalets: https://www.allchalets.com/holiday-rentals/39887-chalet-in-les-deux-alpes-france; 20 Mar GBP  per-person; range 1179-2069; available 20 Mar: no; hot tub not in facility list/description; check-in days: Saturday/Sunday; advertiser contact: Yvonne allChalets
sno-chalet-gorges,,,,,,,,,,,,,,,,,,,,,,,,,,,,,,,,allChalets,village-france-les-2-alpes,,,2026-10-06,"allChalets: https://www.allchalets.com/holiday-rentals/39832-chalet-in-les-deux-alpes-france; 20 Mar GBP 1399 per-person; range 1289-2189; available 20 Mar: yes; hot tub not in facility list/description; check-in days: Saturday/Sunday; calendar 20 Mar: £1,399 per person catered per week Min stay - 7 nights Availability: 6 guests; advertiser contact: Yvonne allChalets"
allchalets-chalet-39833,Chalet 39833,,Les 2 Alpes,,France,,15,7,7,chalet,catered,,private-outdoor,no,"log fire, boot dryer",,unknown,Saturday,1469,per-person,GBP,exact-week,1349,1679,,,yes,,sno-chalet-chamois-volant,"Homely, traditional and plenty of class. This large chalet is in a fantastic location for the skiing and is easily walkable from town. There are also plenty of extra beds for kids. Chamois Volant started life as a traditional farm ...",https://www.allchalets.com/holiday-rentals/39833-chalet-in-les-deux-alpes-france,allChalets,village-france-les-2-alpes,5,chalets/images/allchalets-chalet-39833/,2026-10-06,"hot tub in facility list; calendar 20 Mar: £1,469 per person catered per week Min stay - 7 nights Availability: 15 guests; advertiser contact: Yvonne allChalets; unnamed listing; headline: Large rustic style chalet in the heart of Les Deux Alpes; description mentions up to 17 people; probably Chalet Chamois Volant (Sno: same 15 sleeps/7 bed/hot tub/GBP1469 20 Mar)"
sno-chalet-les-rouses,,,,,,,,,,,,,,,,,,,,,,,,,,,,,,,,allChalets,village-france-les-2-alpes,,,2026-10-06,"allChalets: https://www.allchalets.com/holiday-rentals/39834-chalet-in-les-deux-alpes-france; 20 Mar GBP 1429 per-person; range 1309-1639; available 20 Mar: yes; hot tub not in facility list/description; check-in days: Saturday/Sunday; calendar 20 Mar: £1,429 per person catered per week Min stay - 7 nights Availability: 15 guests; advertiser contact: Yvonne allChalets; description mentions up to 18 people"
allchalets-chalet-le-chabichou,Chalet Le Chabichou,,Les 2 Alpes,,France,,15,5,5,chalet,self-catered,self-catered,private-outdoor,yes,"log fire, fireplace, boot dryer",,unknown,Saturday,8350,whole-chalet,EUR,exact-week,5040,14410,,,yes,,,Chalet Le Chabichou is a luxurious ski chalet located at the foot of the slopes in Les Deux Alpes. Located across the street from the Champame ski lift the chalet is ideally situated for easy access to the ski pistes. ...,https://www.allchalets.com/holiday-rentals/36085-chalet-in-les-deux-alpes-france,allChalets,village-france-les-2-alpes,5,chalets/images/allchalets-chalet-le-chabichou/,2026-10-06,"hot tub in facility list; calendar 20 Mar: €8,350 self catered per week Min stay - 7 nights Availability: 15 guests; advertiser contact: Yvonne allChalets"
allchalets-apartment-39640,Apartment 39640,,Les 2 Alpes,,France,,4,1,1,apartment,self-catered,self-catered,none,yes,"steam room, swimming pool, indoor pool, gym",,unknown,Saturday,,whole-chalet,EUR,season-range,669,749,,,no,,,"Comfortable studio apartment in the centre of Les Deux Alpes. At the foot of the slopes, beside the Diable ski lift and close to shops bars and restaurants. Good location for families and groups. Studio apartment for 4 people (approx ...",https://www.allchalets.com/holiday-rentals/39640-apartment-in-les-deux-alpes-france,allChalets,village-france-les-2-alpes,5,chalets/images/allchalets-apartment-39640/,2026-10-06,"hot tub not in facility list/description; advertiser contact: Yvonne allChalets; unnamed listing; headline: 4 person studio in Les 2 Alpes - indoor pool, beside the Diable ski lift"
allchalets-apartment-46914,Apartment 46914,,Les 2 Alpes,,France,,11,4,4,apartment,self-catered,self-catered,none,yes,"swimming pool, indoor pool, log fire, fireplace, boot dryer",,unknown,Saturday,,whole-chalet,EUR,season-range,3899,9919,,,no,,,"Located in the center of Les Deux Alpes and close to shops, bars, restaurants this is a large stylish apartment with 4 bedrooms sleeping up to 11 guests. Situated on the first floor the apartment faces south with beautiful mountain ...",https://www.allchalets.com/holiday-rentals/46914-apartment-in-les-deux-alpes-france,allChalets,village-france-les-2-alpes,5,chalets/images/allchalets-apartment-46914/,2026-10-06,"hot tub not in facility list/description; advertiser contact: Yvonne allChalets; unnamed listing; headline: Stylish chalet apartment with sauna, pool and amazing views"
allchalets-chalet-le-pleynet,Chalet Le Pleynet,,Les 2 Alpes,,France,,14,7,4,chalet,self-catered,self-catered,none,yes,swimming pool,,unknown,Saturday,4700,whole-chalet,EUR,exact-week,2620,7930,,,yes,,,"Chalet Le Pleynet is a self-catering chalet with accommodation for 14 people (approx. 180m2). Located in Venosc on the edge of the Ecrins National Park and just 250m from the Telecabine de Venosc, the chalet has quick access to skiing ...",https://www.allchalets.com/holiday-rentals/7781-chalet-in-les-deux-alpes-france,allChalets,village-france-les-2-alpes,5,chalets/images/allchalets-chalet-le-pleynet/,2026-10-06,"hot tub not in facility list/description; calendar 20 Mar: €4,700 self catered per week Min stay - 7 nights Availability: 14 guests; advertiser contact: Yvonne allChalets"
allchalets-apartment-39730,Apartment 39730,,Les 2 Alpes,,France,,8,3,2,apartment,self-catered,self-catered,none,yes,"swimming pool, indoor pool, boot dryer",,unknown,Saturday,,whole-chalet,EUR,season-range,1839,5149,,,no,,,"This 3 bedroom apartment is located in the heart of Les Deux Alpes. Situated at the bottom of the slopes, close to shops, bars, restaurants and just 50m from the ski school meeting point this is the ideal location for ...",https://www.allchalets.com/holiday-rentals/39730-apartment-in-les-deux-alpes-france,allChalets,village-france-les-2-alpes,5,chalets/images/allchalets-apartment-39730/,2026-10-06,hot tub not in facility list/description; advertiser contact: Yvonne allChalets; unnamed listing; headline: 3 bedroom apartment close to slopes and center of Les Deux Alpes
allchalets-apartment-39731,Apartment 39731,,Les 2 Alpes,,France,,6,2,2,apartment,self-catered,self-catered,none,yes,"swimming pool, indoor pool, boot dryer",,unknown,Saturday,1979,whole-chalet,EUR,exact-week,1309,3299,,,yes,,,"This 2 bedroom apartment is located in the heart of Les Deux Alpes. Situated at the bottom of the slopes, close to shops, bars, restaurants and just 50m from the ski school meeting point this is the ideal location for ...",https://www.allchalets.com/holiday-rentals/39731-apartment-in-les-deux-alpes-france,allChalets,village-france-les-2-alpes,5,chalets/images/allchalets-apartment-39731/,2026-10-06,"hot tub not in facility list/description; calendar 20 Mar: €1,979 self catered per week Min stay - 7 nights Availability: 6 guests; advertiser contact: Yvonne allChalets; unnamed listing; headline: Modern 2 bedroom apartment close to slopes and center of Les Deux Alpes"
allchalets-chalet-gilda,Chalet Gilda,,Les 2 Alpes,,France,,12,4,3,chalet,self-catered,self-catered,none,no,"log fire, fireplace",,unknown,Saturday,,whole-chalet,EUR,season-range,2529,9409,,,no,,,Chalet Gilda is a modern and comfortable chalet located in a quiet area of Les Deux Alpes and only 400m from the Diable ski lift. The south facing terraces offers beautiful views over the surrounding valley and mountains. With 4 ...,https://www.allchalets.com/holiday-rentals/38897-chalet-in-les-deux-alpes-france,allChalets,village-france-les-2-alpes,5,chalets/images/allchalets-chalet-gilda/,2026-10-06,hot tub not in facility list/description; advertiser contact: Yvonne allChalets
allchalets-chalet-23693,Chalet 23693,,Les 2 Alpes,,France,,14,7,7,chalet,self-catered,self-catered,none,yes,"swimming pool, log fire, fireplace",,unknown,Saturday,,whole-chalet,EUR,season-range,4600,12110,,,no,,,"In the centre of Les Deux Alpes right on the Place Venosc, the charming chalet Le Loup Lodge is ideally located for a relaxing winter or summer holiday in the Alps. Close to the shops, the Diable chair lift, and ...",https://www.allchalets.com/holiday-rentals/23693-chalet-in-les-deux-alpes-france,allChalets,village-france-les-2-alpes,5,chalets/images/allchalets-chalet-23693/,2026-10-06,hot tub not in facility list/description; advertiser contact: Yvonne allChalets; unnamed listing; headline: Large self catered chalet in the resort center and close to the ski lifts
allchalets-chalet-l-hermine,Chalet L'Hermine,,Les 2 Alpes,,France,,14,6,6,chalet,self-catered,self-catered,private-outdoor,yes,"log fire, fireplace",,unknown,Saturday,,whole-chalet,EUR,season-range,5690,15660,,,no,,,Chalet L'Hermine is a luxurious ski chalet ideally located in Les Deux Alpes. With 6 bedrooms the chalet can comfortably accommodate up to 14 guests. Relax in the hot tub and sauna after a day on the slopes or simply ...,https://www.allchalets.com/holiday-rentals/46935-chalet-in-les-deux-alpes-france,allChalets,village-france-les-2-alpes,0,,2026-10-06,hot tub in facility list; advertiser contact: Yvonne allChalets
allchalets-chalet-le-chambertin,Chalet Le Chambertin,,Les 2 Alpes,,France,,12,4,4,chalet,self-catered,self-catered,private-outdoor,no,,,unknown,Saturday,,whole-chalet,EUR,season-range,3760,8850,,,no,,,"The stylish, modern ski Chalet Le Chambertin is located just 300m from the first shops and amenities of the popular ski resort of Les Deux Alpes. From the terrace of your chalet holiday rental, enjoy spectacular views over the resort ...",https://www.allchalets.com/holiday-rentals/30903-chalet-in-les-deux-alpes-france,allChalets,village-france-les-2-alpes,5,chalets/images/allchalets-chalet-le-chambertin/,2026-10-06,hot tub in facility list; advertiser contact: Yvonne allChalets
allchalets-chalet-34372,Chalet 34372,,Les 2 Alpes,,France,,15,7,7,chalet,catered,,private (location not stated),yes,"swimming pool, indoor pool, log fire, fireplace, boot dryer, cinema",,unknown,,,,,quote-needed,,,,,unknown,,,"Set above the heart of Les Deux Alpes, on Route des Alpages, this chalet is an impressive 215m² chalet with five ensuite bedrooms, two additional children's sleeping cabins and panoramic views across the surrounding peaks. Spread over three light-filled levels, ...",https://www.allchalets.com/holiday-rentals/34372-chalet-in-les-deux-alpes-france,allChalets,village-france-les-2-alpes,4,chalets/images/allchalets-chalet-34372/,2026-10-06,hot tub in facility list; calendar shows no bookings all season (probably unmaintained); calendar 20 Mar: Min stay - 7 nights Availability: 15 guests; no rate table on allChalets; advertiser contact: Martin Bright; unnamed listing; headline: Superb 7 bedroom chalet with its own hot tub
allchalets-apartment-25987,Apartment 25987,,Les 2 Alpes,,France,,15,6,4,apartment,self-catered,self-catered,yes-type-unknown,yes,games room,,yes,Saturday,4600,whole-chalet,EUR,exact-week,4500,8000,,,no,,,"Just like a Penthouse and very quiet with an exceptional view on the mountain chain and the ski slopes. Newly renovated, this 4 Stars apartment is ideally located: you will be only 50 meters from the ski lifts and all ...",https://www.allchalets.com/holiday-rentals/25987-apartment-in-les-deux-alpes-france,allChalets,village-france-les-2-alpes,5,chalets/images/allchalets-apartment-25987/,2026-10-06,hot tub in facility list; rate listed for 20 Mar week but calendar shows booked; advertiser contact: Yoann Roth; unnamed listing; headline: Spacious Apartment 3230 sq. ft. - Sauna - BBQ - Sunny terrace.; description mentions up to 18 people
allchalets-chalet-l-ours-polaire,Chalet L'Ours Polaire,,Les 2 Alpes,,France,,14,6,6,chalet,self-catered,self-catered,private-outdoor,yes,"log fire, fireplace, boot dryer",,unknown,Saturday,,whole-chalet,EUR,season-range,5800,16120,,,no,,,"Chalet L'Ours Polaire is 500 metres from the slopes and 600 meters from the Jandri Express gondola lift. With the possibility to return on skis to within just 200 metres from the chalet, you can really enjoy the vast ski ...",https://www.allchalets.com/holiday-rentals/40410-chalet-in-les-deux-alpes-france,allChalets,village-france-les-2-alpes,5,chalets/images/allchalets-chalet-l-ours-polaire/,2026-10-06,hot tub in facility list; advertiser contact: Yvonne allChalets
allchalets-apartment-39642,Apartment 39642,,Les 2 Alpes,,France,,6,2,1,apartment,self-catered,self-catered,none,yes,"steam room, swimming pool, indoor pool, gym",,unknown,Saturday,,whole-chalet,EUR,season-range,989,3149,,,no,,,Comfortable self-catering apartment with indoor pool in the heart of Les Deux Alpes. At the foot of the slopes and and directly opposite the Diable ski lift. Good ski holiday location for families and groups. 2-bedroom apartment for 6 people ...,https://www.allchalets.com/holiday-rentals/39642-apartment-in-les-deux-alpes-france,allChalets,village-france-les-2-alpes,5,chalets/images/allchalets-apartment-39642/,2026-10-06,hot tub not in facility list/description; advertiser contact: Yvonne allChalets; unnamed listing; headline: Two bedroom apartment in centre of resort - beside the pistes and lift
allchalets-chalet-l-ours-brun,Chalet L'Ours Brun,,Les 2 Alpes,,France,,14,6,6,chalet,self-catered,self-catered,private-outdoor,yes,"log fire, fireplace, boot dryer",,unknown,Saturday,,whole-chalet,EUR,season-range,5800,16120,,,no,,,"Chalet L'Ours Brun is a luxurious ski chalet ideally located in Les Deux Alpes. Just 500m from the ski slopes and 600m from the Jandri Express gondola lift, this stylish chalet offers you quick access to the large ski area. ...",https://www.allchalets.com/holiday-rentals/46934-chalet-in-les-deux-alpes-france,allChalets,village-france-les-2-alpes,5,chalets/images/allchalets-chalet-l-ours-brun/,2026-10-06,hot tub in facility list; advertiser contact: Yvonne allChalets
allchalets-chalet-27232,Chalet 27232,,Les 2 Alpes,,France,,12,5,4,chalet,catered-or-self,,private (location not stated),no,log fire,,unknown,,,,,quote-needed,,,,,unknown,,,"This excellent ski 4/5 bedroom 130m2 chalet, spread over 3 floors including the mezzanine, is located less than 300m from the shops, ski school and amenities of the popular ski resort of Les Deux Alpes and is on Rue Desterres ...",https://www.allchalets.com/holiday-rentals/27232-chalet-in-les-deux-alpes-france,allChalets,village-france-les-2-alpes,5,chalets/images/allchalets-chalet-27232/,2026-10-06,hot tub in facility list; calendar shows no bookings all season (probably unmaintained); calendar 20 Mar: Min stay - 7 nights Availability: 12 guests; no rate table on allChalets; advertiser contact: Martin Bright; unnamed listing; headline: Superb 5 bedroom 4 bathroom chalet with hot tub and sauna
allchalets-chalet-atelier,Chalet Atelier,,Les 2 Alpes,,France,,14,4,4,chalet,self-catered,self-catered,private-outdoor,yes,"log fire, fireplace, boot dryer",,unknown,Saturday,,whole-chalet,EUR,season-range,4590,5930,,,no,,,"Chalet Atelier is a former carpentry workshop that has been beautifully converted into a charming, authentic ski chalet sleeping up to 14 people. Tastefully decorated in a contemporary style, this spacious chalet is the ideal choice for a holiday with ...",https://www.allchalets.com/holiday-rentals/27986-chalet-in-les-deux-alpes-france,allChalets,village-france-les-2-alpes,5,chalets/images/allchalets-chalet-atelier/,2026-10-06,hot tub in facility list; advertiser contact: Yvonne allChalets
allchalets-chalet-polaire,Chalet Polaire,,Les 2 Alpes,,France,,14,6,6,chalet,catered,,private-outdoor,yes,"log fire, fireplace",,unknown,,,,,quote-needed,,,,,unknown,,,"Ideally located in the popular ski resort of Les Deux Alpes, the superb 4 star ski Chalet Polaire is 500 metres from the slopes and 600 metres from the Jandri Express gondola lift from its location on Route des Alpages. ...",https://www.allchalets.com/holiday-rentals/47451-chalet-in-les-deux-alpes-france,allChalets,village-france-les-2-alpes,5,chalets/images/allchalets-chalet-polaire/,2026-10-06,hot tub in facility list; calendar shows no bookings all season (probably unmaintained); calendar 20 Mar: Min stay - 7 nights Availability: 14 guests; no rate table on allChalets; advertiser contact: Martin Bright
allchalets-chalet-36067,Chalet 36067,,Les 2 Alpes,,France,,14,7,7,chalet,catered-or-self,,private-outdoor,yes,"swimming pool, indoor pool, log fire, fireplace, gym",,unknown,,,,,quote-needed,,,,,unknown,,,"Overlooking Les 2 Alpes ski resort, White Mountain Chalet will seduce you with its breathtaking view of La Muzelle mountain peak. Available all year round the location of the chalet provides an easy access to ski lifts, with the Venosc ...",https://www.allchalets.com/holiday-rentals/36067-chalet-in-les-deux-alpes-france,allChalets,village-france-les-2-alpes,5,chalets/images/allchalets-chalet-36067/,2026-10-06,hot tub in facility list; calendar shows no bookings all season (probably unmaintained); calendar 20 Mar: Min stay - 7 nights Availability: 14 guests; no rate table on allChalets; advertiser contact: Martin Bright; unnamed listing; headline: 5Stunning 7 bedroom chalet for up to 14; description mentions up to 16 people
allchalets-chalet-soleil-iv,Chalet Soleil IV,,Les 2 Alpes,,France,,10,4,3,apartment,catered-or-self,,none,yes,"steam room, swimming pool, indoor pool, boot dryer, games room",,yes,,,,,quote-needed,,,,,unknown,,,"Chalet Soleil IV is a 4 bedroom apartment at Résidence Neige et Soleil, which opened in January 2021. It is a luxurious residence consisting of 21 apartments suitable for 4 to 10 persons, of which this is the largest option. ...",https://www.allchalets.com/holiday-rentals/24209-apartment-in-les-deux-alpes-france,allChalets,village-france-les-2-alpes,5,chalets/images/allchalets-chalet-soleil-iv/,2026-10-06,hot tub not in facility list/description; calendar shows no bookings all season (probably unmaintained); calendar 20 Mar: Min stay - 1 night Availability: 10 guests; no rate table on allChalets; advertiser contact: Martin Bright
allchalets-chalet-62921,Chalet 62921,,Les 2 Alpes,,France,,12,6,5,chalet,catered-or-self,,private (location not stated),yes,"log fire, fireplace, gym",,unknown,,,,,quote-needed,,,,,unknown,,,"Perched on the heights of a sought-after residential area of Les Deux Alpes, Mountain Chalet offers privileged access to the slopes, just 300 metres from the Village 1800 chairlift, which serves the entire ski area. Bright and light-filled, it enjoys ...",https://www.allchalets.com/holiday-rentals/62921-chalet-in-les-deux-alpes-france,allChalets,village-france-les-2-alpes,5,chalets/images/allchalets-chalet-62921/,2026-10-06,hot tub in facility list; calendar shows no bookings all season (probably unmaintained); calendar 20 Mar: Min stay - 7 nights Availability: 12 guests; no rate table on allChalets; advertiser contact: Martin Bright; unnamed listing; headline: Excellent 6 bedroom chalet with its own sauna and hot tub
allchalets-chalet-23698,Chalet 23698,,Les 2 Alpes,,France,,12,4,4,chalet,catered-or-self,,none,no,log fire,,unknown,,,,,quote-needed,,,,,unknown,,,"The breath taking Ecrins Lodge is a stunning furnished 4 bedroom self catered and catered chalet in the hidden gem of Les Gauchoirs, just 5 minutes drive to the Venosc lift up to Les Deux Alpes. The resort of Alpe ...",https://www.allchalets.com/holiday-rentals/23698-chalet-in-les-deux-alpes-france,allChalets,village-france-les-2-alpes,5,chalets/images/allchalets-chalet-23698/,2026-10-06,hot tub not in facility list/description; calendar shows no bookings all season (probably unmaintained); calendar 20 Mar: Min stay - 1 night Availability: 12 guests; no rate table on allChalets; advertiser contact: Dominic Williams; unnamed listing; headline: Magical Chalet 5 minutes to Venosc Telecabine up to Deux Alpes
allchalets-chalet-62063,Chalet 62063,,Les 2 Alpes,,France,,14,6,6,chalet,catered-or-self,,private-outdoor,no,log fire,,unknown,,,,,quote-needed,,,,,unknown,,,"Chalet 2400 is a quite beautiful chalet set in a quiet hamlet just off the main road in Les Deux Alpe on Chemin de la Séa. This is a six bedroomed luxurious chalet, set over three floors offering space and ...",https://www.allchalets.com/holiday-rentals/62063-chalet-in-les-deux-alpes-france,allChalets,village-france-les-2-alpes,5,chalets/images/allchalets-chalet-62063/,2026-10-06,hot tub in facility list; calendar shows no bookings all season (probably unmaintained); calendar 20 Mar: Min stay - 1 night Availability: 14 guests; no rate table on allChalets; advertiser contact: Martin Bright; unnamed listing; headline: EXCELLENT SKI IN SKI OUT 6 BEDROOM CHALET FOR UP TO 14 WITH HOT TUB
allchalets-apartment-62909,Apartment 62909,,Les 2 Alpes,,France,,5,2,2,apartment,self-catered,self-catered,none,no,,,unknown,,,,,quote-needed,,,,,unknown,,,"Right in the heart of Les Deux Alpes' town centre, on the resort's main avenue, Muzelle apartment II offers direct access to resort life, just 200 metres from the slopes, lifts and centre. Bright and sunny, it opens onto a ...",https://www.allchalets.com/holiday-rentals/62909-apartment-in-les-deux-alpes-france,allChalets,village-france-les-2-alpes,5,chalets/images/allchalets-apartment-62909/,2026-10-06,hot tub not in facility list/description; calendar shows no bookings all season (probably unmaintained); calendar 20 Mar: Min stay - 7 nights Availability: 5 guests; no rate table on allChalets; advertiser contact: Martin Bright; unnamed listing; headline: Excellent and well located 2 bed 2 bath apartment for 4
allchalets-apartment-34994,Apartment 34994,,Les 2 Alpes,,France,,10,4,2,apartment,catered-or-self,,none,no,,,yes,,,,,quote-needed,,,,,unknown,,,"Les Deux Alpes IV is an apartment with a traditional and modern finish, furnished with all modern conveniences and fittings including a fully equipped kitchen and spacious lounge areas featuring satellite TV and DVD players. Ski Lodge Style and furnished ...",https://www.allchalets.com/holiday-rentals/34994-apartment-in-les-deux-alpes-france,allChalets,village-france-les-2-alpes,5,chalets/images/allchalets-apartment-34994/,2026-10-06,"hot tub not in facility list/description; calendar shows no bookings all season (probably unmaintained); calendar 20 Mar: Min stay - 7 nights Availability: 10 guests; no rate table on allChalets; advertiser contact: Martin Bright; unnamed listing; headline: Well located 4 bedroom, 2 bathroom apartment for up to 10"
allchalets-chalet-olivier,Chalet Olivier,,Les 2 Alpes,,France,,14,7,7,chalet,catered,,none,yes,"swimming pool, log fire, fireplace",,unknown,,,,,quote-needed,,,,,unknown,,,"Chalet Olivier is an ideal option for groups of up to 14 wanting a sole occupancy catered chalet, conveniently located in the centre of Les Deux Alpes right by the pretty area of Place Venosc. This excellent chalet is close ...",https://www.allchalets.com/holiday-rentals/26374-chalet-in-les-deux-alpes-france,allChalets,village-france-les-2-alpes,5,chalets/images/allchalets-chalet-olivier/,2026-10-06,hot tub not in facility list/description; calendar shows no bookings all season (probably unmaintained); calendar 20 Mar: Min stay - 7 nights Availability: 14 guests; no rate table on allChalets; advertiser contact: Martin Bright
allchalets-residence-les-clarines,Residence Les Clarines,,Les 2 Alpes,,France,,50,,,apartment,self-catered,self-catered,none,yes,"steam room, swimming pool, indoor pool, fireplace",,yes,Saturday,1876,whole-chalet,EUR,exact-week,1596,4347,,,unknown,,,"Residence Les Clarines is a recently renovated apartment complex perfectly located for easy skiing. The residence is a stone throws from the slopes and lifts and close to all the shops, bars and restaurants in the resort centre. You can ...",https://www.allchalets.com/holiday-rentals/39995-apartment-in-les-deux-alpes-france,allChalets,village-france-les-2-alpes,5,chalets/images/allchalets-residence-les-clarines/,2026-10-06,"hot tub not in facility list/description; calendar shows no bookings all season (probably unmaintained); calendar 20 Mar: €1,876 self catered per week Min stay - 7 nights Availability: 500 guests; advertiser contact: Yvonne allChalets"
allchalets-apartment-39636,Apartment 39636,,Les 2 Alpes,,France,,50,,,apartment,self-catered,self-catered,none,yes,"steam room, swimming pool, indoor pool, gym",,unknown,,,,,quote-needed,,,,,unknown,,,"Situated in the heart of Les Deux Alpes, L'Ours Blanc apartments have one of the best locations in the resort. Just across the road from the nursery slopes and directly opposite the Diable ski lift this is the perfect location ...",https://www.allchalets.com/holiday-rentals/39636-apartment-in-les-deux-alpes-france,allChalets,village-france-les-2-alpes,5,chalets/images/allchalets-apartment-39636/,2026-10-06,hot tub not in facility list/description; calendar shows no bookings all season (probably unmaintained); calendar 20 Mar: Min stay - 7 nights Availability: 180 guests; no rate table on allChalets; advertiser contact: Yvonne allChalets; unnamed listing; headline: Cosy apartments right at the foot of the piste and opposite the Diable lift
allchalets-apartment-30923,Apartment 30923,,Les 2 Alpes,,France,,8,4,2,apartment,self-catered,self-catered,none,no,,,unknown,,,,,quote-needed,,,,,unknown,,,"Offering good quality accommodation within easy access of the village, this 75m2 apartment has 3 balconies and is close to Les Deux Alpes Ski School and centre accessed via skis or the free shuttle. The property has mountain views and ...",https://www.allchalets.com/holiday-rentals/30923-apartment-in-les-deux-alpes-france,allChalets,village-france-les-2-alpes,5,chalets/images/allchalets-apartment-30923/,2026-10-06,hot tub not in facility list/description; calendar shows no bookings all season (probably unmaintained); calendar 20 Mar: Min stay - 7 nights Availability: 8 guests; no rate table on allChalets; advertiser contact: Martin Bright; unnamed listing; headline: Excellent 4 bedroom 2 bathroom apartment for up to 8 right by the piste
allchalets-chalet-28453,Chalet 28453,,Les 2 Alpes,,France,,16,7,8,chalet,catered-or-self,,private-outdoor,yes,"swimming pool, log fire, fireplace",,yes,,,,,quote-needed,,,,,unknown,,,"Champame Chalet is a very well located ski in ski out chalet thats popular in summer as well as winter chalet. The chalet faces the Champamé ski lift ensuring its ski in ski out status, which means you are very ...",https://www.allchalets.com/holiday-rentals/28453-chalet-in-les-deux-alpes-france,allChalets,village-france-les-2-alpes,5,chalets/images/allchalets-chalet-28453/,2026-10-06,hot tub in facility list; calendar shows no bookings all season (probably unmaintained); calendar 20 Mar: Min stay - 7 nights Availability: 16 guests; no rate table on allChalets; advertiser contact: Martin Bright; unnamed listing; headline: Well located 7 bed 8 bath chalet for up to 16
allchalets-chalet-coop,Chalet Coop,,Les 2 Alpes,,France,,10,4,2,apartment,self-catered,self-catered,none,no,,,unknown,,,whole-chalet,EUR,season-range,1747,10565,,,no,,,"""Chalet Coop"", 5-room apartment 100 m2, on the ground floor. Object suitable for 10 adults. 1 room with 1 x 2 bunk beds, TV. 1 room with 2 beds and TV. 1 room with 1 double bed. 1 room with ...",https://www.allchalets.com/holiday-rentals/44427-apartment-in-les-deux-alpes-france,allChalets,village-france-les-2-alpes,5,chalets/images/allchalets-chalet-coop/,2026-10-06,hot tub not in facility list/description; advertiser contact: Yvonne allChalets
allchalets-apartment-44363,Apartment 44363,,Les 2 Alpes,,France,,8,3,2,apartment,self-catered,self-catered,none,no,,,unknown,,,whole-chalet,EUR,season-range,1028,2867,,,no,,,"""Meijotel B"", 4-room apartment 48 m2 on 4th floor. Object suitable for 8 adults. 1 room with 1 double bed and TV. 1 room with 1 double bed. 1 room with 2 beds. Living room with 1 x 2 bunk ...",https://www.allchalets.com/holiday-rentals/44363-apartment-in-les-deux-alpes-france,allChalets,village-france-les-2-alpes,5,chalets/images/allchalets-apartment-44363/,2026-10-06,hot tub not in facility list/description; advertiser contact: Yvonne allChalets; unnamed listing; headline: 
allchalets-apartment-63128,Apartment 63128,,Les 2 Alpes,,France,,8,3,1,apartment,self-catered,self-catered,none,no,,,unknown,,,whole-chalet,EUR,season-range,1028,3323,,,no,,,"""Lauvitel"", 4-room apartment 62 m2 on 5th floor. Object suitable for 8 adults. 1 room with 1 double bed and TV. 1 room with 1 double bed. 1 room with 2 beds. Living room with 2 sofabeds. Open kitchen (4 ...",https://www.allchalets.com/holiday-rentals/63128-apartment-in-les-deux-alpes-france,allChalets,village-france-les-2-alpes,5,chalets/images/allchalets-apartment-63128/,2026-10-06,hot tub not in facility list/description; advertiser contact: Yvonne allChalets; unnamed listing; headline: 
allchalets-chalet-35251,Chalet 35251,,Les 2 Alpes,,France,,12,5,3,chalet,self-catered,self-catered,private-outdoor,no,boot dryer,,unknown,,,,,quote-needed,,,,,no,,,"Situated in the heart of Les Deux Alpes, this modern chalet is ideally located just 250m from the slopes and 200m from the shops with easy access to all amenities and facilities. The Super Venosc and Diable chair lifts are ...",https://www.allchalets.com/holiday-rentals/35251-chalet-in-les-deux-alpes-france,allChalets,village-france-les-2-alpes,5,chalets/images/allchalets-chalet-35251/,2026-10-06,hot tub in facility list; no rate table on allChalets; advertiser contact: Yvonne allChalets; unnamed listing; headline: Luxury chalet in the center of Les Deux Alpes - 5 minutes walk to ski lifts
allchalets-apartment-47446,Apartment 47446,,Les 2 Alpes,,France,,8,3,2,apartment,self-catered,self-catered,none,no,,,unknown,,1875,whole-chalet,EUR,exact-week,1274,4114,,,yes,,,"""Alpina Lodge"", 4-room apartment 110 m2, on the ground floor. Object suitable for 8 adults. 1 room with 1 double bed and TV. 1 room with 1 double bed. 1 room with 2 beds. Living room with 1 sofabed. Kitchen ...",https://www.allchalets.com/holiday-rentals/47446-apartment-in-les-deux-alpes-france,allChalets,village-france-les-2-alpes,5,chalets/images/allchalets-apartment-47446/,2026-10-06,"hot tub not in facility list/description; calendar 20 Mar: €1,875 self catered per week Min stay - 7 nights Availability: 8 guests; 20 Mar price from calendar tooltip; advertiser contact: Yvonne allChalets; unnamed listing; headline: "
allchalets-apartment-44299,Apartment 44299,,Les 2 Alpes,,France,,10,3,2,apartment,self-catered,self-catered,none,no,,,unknown,,2412,whole-chalet,EUR,exact-week,1638,3476,,,yes,,,"""Lautaret 5"", 3-room apartment 105 m2 on 1st floor. Object suitable for 10 adults. 1 room with 1 double bed and TV. 1 room with 2 beds and 1 x 2 bunk beds. 1 room with 2 beds and 1 ...",https://www.allchalets.com/holiday-rentals/44299-apartment-in-les-deux-alpes-france,allChalets,village-france-les-2-alpes,5,chalets/images/allchalets-apartment-44299/,2026-10-06,"hot tub not in facility list/description; calendar 20 Mar: €2,412 self catered per week Min stay - 7 nights Availability: 10 guests; 20 Mar price from calendar tooltip; advertiser contact: Yvonne allChalets; unnamed listing; headline: "
allchalets-apartment-layout,Apartment Layout,,Les 2 Alpes,,France,,6,2,1,apartment,self-catered,self-catered,none,no,,,unknown,,,,,quote-needed,,,,,no,,,"Located close to the centre of the resort and just 100m from the ski lifts and nursery slopes, this apartment is ideal for a ski holiday in Les Deux Alpes. The shops, restaurants and bars are all close by. Apartment ...",https://www.allchalets.com/holiday-rentals/39659-apartment-in-les-deux-alpes-france,allChalets,village-france-les-2-alpes,5,chalets/images/allchalets-apartment-layout/,2026-10-06,hot tub not in facility list/description; no rate table on allChalets; advertiser contact: Yvonne allChalets
allchalets-chalet-soleil-levant,Chalet Soleil Levant,,Les 2 Alpes,,France,,12,6,4,chalet,self-catered,self-catered,none,yes,swimming pool,,unknown,,,,,quote-needed,,,,,no,,,"Located just behind the Place Venosc and right in the heart of Les Deux Alpes, Chalet Soleil Levant offers 6 bedrooms and accommodation for 12 people. The ski slopes are just 400m from the chalet and the bars, shops and ...",https://www.allchalets.com/holiday-rentals/9186-chalet-in-les-deux-alpes-france,allChalets,village-france-les-2-alpes,5,chalets/images/allchalets-chalet-soleil-levant/,2026-10-06,hot tub not in facility list/description; no rate table on allChalets; advertiser contact: Yvonne allChalets
allchalets-chalet-38986,Chalet 38986,,Les 2 Alpes,,France,,12,5,3,chalet,self-catered,self-catered,private (location not stated),yes,"log fire, wood burner",,unknown,,,,,quote-needed,,,,,no,,,"This luxury chalet has everything you need for the perfect holiday in Les Deux Alpes. These twin chalets, Leslie Alpen, are located in Les Deux Alpes close to the resort center and the pistes and ski lifts. The chalets are ...",https://www.allchalets.com/holiday-rentals/38986-chalet-in-les-deux-alpes-france,allChalets,village-france-les-2-alpes,5,chalets/images/allchalets-chalet-38986/,2026-10-06,hot tub in facility list; no rate table on allChalets; advertiser contact: Yvonne allChalets; unnamed listing; headline: Luxury chalet with hot tub and sauna - 100m to the piste
allchalets-chalet-mountain-lodge,Chalet Mountain Lodge,,Les 2 Alpes,,France,,12,5,3,chalet,self-catered,self-catered,private (location not stated),yes,"log fire, wood burner, fireplace",,unknown,,,,,quote-needed,,,,,no,,,"In the famous ski resort of Les Deux Alpes you will find the spacious Chalet Mountain Lodge for your ski holiday in the French Alps. With family or friends or both, this chalet offers plenty of space for everyone with ...",https://www.allchalets.com/holiday-rentals/30904-chalet-in-les-deux-alpes-france,allChalets,village-france-les-2-alpes,5,chalets/images/allchalets-chalet-mountain-lodge/,2026-10-06,hot tub in facility list; no rate table on allChalets; advertiser contact: Yvonne allChalets
allchalets-chalet-leosky,Chalet Leosky,,Les 2 Alpes,,France,,8,3,2,chalet,self-catered,self-catered,none,no,log fire,,unknown,,,,,quote-needed,,,,,no,,,"Chalet Leosky is situated in the Terre de Venosc sector of Les Deux Alpes. The chalet is situated slightly up hill behind the main street and has spectacular views over the resort, the pistes and the surrounding mountains. The chalet ...",https://www.allchalets.com/holiday-rentals/39645-chalet-in-les-deux-alpes-france,allChalets,village-france-les-2-alpes,5,chalets/images/allchalets-chalet-leosky/,2026-10-06,hot tub not in facility list/description; no rate table on allChalets; advertiser contact: Yvonne allChalets
ingenie-les2alpes-l-ecrin-blanc-chalet-8-personnes,L'ECRIN BLANC Chalet 8 personnes,,Les 2 Alpes,Les 2 Alpes,France,,8,,,chalet,self-catered,self-catered,none,unknown,,,,,,,,quote-needed,,,,,unknown,,,,https://booking.les2alpes.com/l-ecrin-blanc-chalet-8-personnes-les-2-alpes.html,Les 2 Alpes Réservation,village-france-les-2-alpes,5,chalets/images/ingenie-les2alpes-l-ecrin-blanc-chalet-8-personnes/,2026-10-06,not in 20-27 Mar dated search (2 adults); pass2: weekly planning; agency code: VAZEUXD; no hot tub in listing text (site SEO paragraph mentioning jacuzzi ignored)
ingenie-les2alpes-chambertin-lodge-chalet-12-personnes,CHAMBERTIN LODGE Chalet 12 personnes,,Les 2 Alpes,Les 2 Alpes,France,,12,,,chalet,self-catered,self-catered,private-outdoor,unknown,,,,,,,,quote-needed,,,,,unknown,,,,https://booking.les2alpes.com/chambertin-lodge-chalet-12-personnes-les-2-alpes.html,Les 2 Alpes Réservation,village-france-les-2-alpes,5,chalets/images/ingenie-les2alpes-chambertin-lodge-chalet-12-personnes/,2026-10-06,"not in 20-27 Mar dated search (2 adults); pass2: weekly planning; spa text: e : Mezzanine 1 sofabed for 2 people Equipments Carpark : Covered car park included Outdoor car park (limited places) : Whirlpool bath Kitchen Equipment ...; agency code: ODALYSCHAMBERTIN; GPS 45.00913,6.12137"
ingenie-les2alpes-chalet-alpaga-n1-chalet-8-people,CHALET ALPAGA n°1 Chalet 8 people -,,Les 2 Alpes,Les 2 Alpes,France,,8,,,chalet,self-catered,self-catered,none,unknown,,,,,,,,quote-needed,,,,,unknown,,,,https://booking.les2alpes.com/chalet-alpaga-n1-chalet-8-people-les-2-alpes.html,Les 2 Alpes Réservation,village-france-les-2-alpes,5,chalets/images/ingenie-les2alpes-chalet-alpaga-n1-chalet-8-people/,2026-10-06,"not in 20-27 Mar dated search (2 adults); pass2: weekly planning; agency code: 5659746; GPS 45.01995,6.12825; no hot tub in listing text (site SEO paragraph mentioning jacuzzi ignored)"
ingenie-les2alpes-chalet-badinguet-b-chalet-12-people,CHALET BADINGUET B Chalet 12 people -,,Les 2 Alpes,Les 2 Alpes,France,,12,,,chalet,self-catered,self-catered,none,unknown,,,,,,,,quote-needed,,,,,unknown,,,,https://booking.les2alpes.com/chalet-badinguet-b-chalet-12-people-les-2-alpes.html,Les 2 Alpes Réservation,village-france-les-2-alpes,5,chalets/images/ingenie-les2alpes-chalet-badinguet-b-chalet-12-people/,2026-10-06,"not in 20-27 Mar dated search (2 adults); pass2: weekly planning; agency code: 5659692; GPS 45.01964,6.12798; no hot tub in listing text (site SEO paragraph mentioning jacuzzi ignored)"
ingenie-les2alpes-chalet-badinguet-chalet-12-people,CHALET BADINGUET Chalet 12 people -,,Les 2 Alpes,Les 2 Alpes,France,,12,,,chalet,self-catered,self-catered,none,unknown,,,,,,,,quote-needed,,,,,unknown,,,,https://booking.les2alpes.com/chalet-badinguet-chalet-12-people-les-2-alpes.html,Les 2 Alpes Réservation,village-france-les-2-alpes,5,chalets/images/ingenie-les2alpes-chalet-badinguet-chalet-12-people/,2026-10-06,"not in 20-27 Mar dated search (2 adults); pass2: weekly planning; agency code: 5659692; GPS 45.01964,6.12798; no hot tub in listing text (site SEO paragraph mentioning jacuzzi ignored)"
ingenie-les2alpes-chalet-bellecombe-chalet-6-people,CHALET BELLECOMBE Chalet 6 people -,,Les 2 Alpes,Les 2 Alpes,France,,6,,,chalet,self-catered,self-catered,none,unknown,,,,,,,,quote-needed,,,,,unknown,,,,https://booking.les2alpes.com/chalet-bellecombe-chalet-6-people-les-2-alpes.html,Les 2 Alpes Réservation,village-france-les-2-alpes,5,chalets/images/ingenie-les2alpes-chalet-bellecombe-chalet-6-people/,2026-10-06,"not in 20-27 Mar dated search (2 adults); pass2: weekly planning; agency code: 5694947; GPS 45.02271,6.12420; no hot tub in listing text (site SEO paragraph mentioning jacuzzi ignored)"
ingenie-les2alpes-chalet-bouton-d-or-chalet-12-people,CHALET BOUTON D'OR Chalet 12 people -,,Les 2 Alpes,Les 2 Alpes,France,,12,,,chalet,self-catered,self-catered,private-outdoor,unknown,,,,,,,,quote-needed,,,,,unknown,,,,https://booking.les2alpes.com/chalet-bouton-d-or-chalet-12-people-les-2-alpes.html,Les 2 Alpes Réservation,village-france-les-2-alpes,5,chalets/images/ingenie-les2alpes-chalet-bouton-d-or-chalet-12-people/,2026-10-06,"not in 20-27 Mar dated search (2 adults); pass2: weekly planning; spa text: Beds made upon arrival Bed linen included Towels included Jacuzzi Final cleaning included Self arrival possible Charging station for electric vehicle The accommodation Living Room ...; agency code: 5659705; GPS 45.02117,6.12755"
ingenie-les2alpes-chalet-chartreuse-2-chalet-15-people,CHALET CHARTREUSE 2 Chalet 15 people -,,Les 2 Alpes,Les 2 Alpes,France,,15,,,chalet,self-catered,self-catered,private-outdoor,yes,,,,,,,,quote-needed,,,,,unknown,,,,https://booking.les2alpes.com/chalet-chartreuse-2-chalet-15-people-les-2-alpes.html,Les 2 Alpes Réservation,village-france-les-2-alpes,5,chalets/images/ingenie-les2alpes-chalet-chartreuse-2-chalet-15-people/,2026-10-06,"not in 20-27 Mar dated search (2 adults); pass2: weekly planning; spa text: uipment : Free wifi connection Property management : Managed by a professionnel host Ranking Prefectural : Advantages : Jacuzzi Sauna Final cleaning included The accommodation ...; agency code: MOUNTAINCOLLECTION; GPS 45.00404,6.12038"
ingenie-les2alpes-chalet-de-marie-n1-chalet-12-people,CHALET DE MARIE N°1 Chalet 12 people,,Les 2 Alpes,Les 2 Alpes,France,,12,,,chalet,self-catered,self-catered,private-outdoor,yes,,,,,,,,quote-needed,,,,,unknown,,,,https://booking.les2alpes.com/chalet-de-marie-n1-chalet-12-people-les-2-alpes.html,Les 2 Alpes Réservation,village-france-les-2-alpes,5,chalets/images/ingenie-les2alpes-chalet-de-marie-n1-chalet-12-people/,2026-10-06,"not in 20-27 Mar dated search (2 adults); pass2: weekly planning; spa text: t : 3 Independant toilet Equipments Carpark : Outdoor car park (limited places) Storage space : Ski locker Safety box : Whirlpool bath Sauna Fire ...; agency code: 5659829; GPS 45.01896,6.12483"
ingenie-les2alpes-chalet-de-marie-n2-chalet-12-people,CHALET DE MARIE N°2 Chalet 12 people,,Les 2 Alpes,Les 2 Alpes,France,,12,,,chalet,self-catered,self-catered,none,yes,,,,,,,,quote-needed,,,,,unknown,,,,https://booking.les2alpes.com/chalet-de-marie-n2-chalet-12-people-les-2-alpes.html,Les 2 Alpes Réservation,village-france-les-2-alpes,5,chalets/images/ingenie-les2alpes-chalet-de-marie-n2-chalet-12-people/,2026-10-06,"not in 20-27 Mar dated search (2 adults); pass2: weekly planning; agency code: 5659829; GPS 45.01892,6.12487; no hot tub in listing text (site SEO paragraph mentioning jacuzzi ignored)"
ingenie-les2alpes-chalet-erika-chalet-16-people,CHALET ERIKA Chalet 16 people -,,Les 2 Alpes,Les 2 Alpes,France,,16,,,chalet,self-catered,self-catered,unknown,unknown,,,,,,,,quote-needed,,,,,unknown,,,,https://booking.les2alpes.com/chalet-erika-chalet-16-people-les-2-alpes.html,Les 2 Alpes Réservation,village-france-les-2-alpes,5,chalets/images/ingenie-les2alpes-chalet-erika-chalet-16-people/,2026-10-06,"not in 20-27 Mar dated search (2 adults); pass2: weekly planning; agency code: 5659729; GPS 45.01294,6.12442; tagged as a site ""spa chalet"" (category blurb: jacuzzi and/or sauna) - hot tub not confirmed; pass2: hot tub"
ingenie-les2alpes-chalet-faverot-n1-chalet-12-14-people,CHALET FAVEROT N°1 Chalet 12-14 people -,,Les 2 Alpes,Les 2 Alpes,France,,14,,,chalet,self-catered,self-catered,private-outdoor,unknown,,,,,,,,quote-needed,,,,,unknown,,,,https://booking.les2alpes.com/chalet-faverot-n1-chalet-12-14-people-les-2-alpes-1.html,Les 2 Alpes Réservation,village-france-les-2-alpes,5,chalets/images/ingenie-les2alpes-chalet-faverot-n1-chalet-12-14-people/,2026-10-06,"not in 20-27 Mar dated search (2 adults); pass2: weekly planning; spa text: First Aid Kit at your disposal Beds made upon arrival Bed linen included Towels included Swimming pool Jacuzzi Final cleaning included Self arrival possible The ...; agency code: BELLETOILEFAVEROT; GPS 45.00553,6.12131"
ingenie-les2alpes-chalet-faverot-n2-chalet-10-people,CHALET FAVEROT N°2 Chalet 10 people -,,Les 2 Alpes,Les 2 Alpes,France,,10,,,chalet,self-catered,self-catered,private-outdoor,unknown,,,,,,,,quote-needed,,,,,unknown,,,,https://booking.les2alpes.com/chalet-faverot-n2-chalet-10-people-les-2-alpes-1.html,Les 2 Alpes Réservation,village-france-les-2-alpes,5,chalets/images/ingenie-les2alpes-chalet-faverot-n2-chalet-10-people/,2026-10-06,"not in 20-27 Mar dated search (2 adults); pass2: weekly planning; spa text: First Aid Kit at your disposal Beds made upon arrival Bed linen included Towels included Swimming pool Jacuzzi Final cleaning included Self arrival possible The ...; agency code: BELLETOILEFAVEROT; GPS 45.00553,6.12131"
ingenie-les2alpes-chalet-gilda-chalet-12-people,CHALET GILDA Chalet 12 people,,Les 2 Alpes,Les 2 Alpes,France,,12,,,chalet,self-catered,self-catered,unknown,unknown,,,,,,,,quote-needed,,,,,unknown,,,,https://booking.les2alpes.com/chalet-gilda-chalet-12-people-les-2-alpes.html,Les 2 Alpes Réservation,village-france-les-2-alpes,5,chalets/images/ingenie-les2alpes-chalet-gilda-chalet-12-people/,2026-10-06,"not in 20-27 Mar dated search (2 adults); pass2: weekly planning; agency code: 5719823; GPS 45.00149,6.12319; tagged as a site ""spa chalet"" (category blurb: jacuzzi and/or sauna) - hot tub not confirmed; pass2: hot tub"
ingenie-les2alpes-chalet-happy-chalet-12-people,CHALET HAPPY Chalet 12 people -,,Les 2 Alpes,Les 2 Alpes,France,,12,,,chalet,self-catered,self-catered,none,yes,,,,,,,,quote-needed,,,,,unknown,,,,https://booking.les2alpes.com/chalet-happy-chalet-12-people-les-2-alpes.html,Les 2 Alpes Réservation,village-france-les-2-alpes,5,chalets/images/ingenie-les2alpes-chalet-happy-chalet-12-people/,2026-10-06,"not in 20-27 Mar dated search (2 adults); pass2: weekly planning; agency code: 5694947; GPS 45.01763,6.12487; no hot tub in listing text (site SEO paragraph mentioning jacuzzi ignored)"
ingenie-les2alpes-chalet-husky-chalet-12-people,CHALET HUSKY Chalet 12 people,,Les 2 Alpes,Les 2 Alpes,France,,12,,,chalet,self-catered,self-catered,none,unknown,,,,,,,,quote-needed,,,,,unknown,,,,https://booking.les2alpes.com/chalet-husky-chalet-12-people-les-2-alpes-1.html,Les 2 Alpes Réservation,village-france-les-2-alpes,5,chalets/images/ingenie-les2alpes-chalet-husky-chalet-12-people/,2026-10-06,"not in 20-27 Mar dated search (2 adults); pass2: weekly planning; agency code: 5848172; GPS 45.01965,6.12816; no hot tub in listing text (site SEO paragraph mentioning jacuzzi ignored)"
ingenie-les2alpes-chalet-l-atelier-chalet-12-people,CHALET L'ATELIER Chalet 12 people -,,Les 2 Alpes,Les 2 Alpes,France,,12,,,chalet,self-catered,self-catered,private-outdoor,yes,,,,,,,,quote-needed,,,,,unknown,,,,https://booking.les2alpes.com/chalet-l-atelier-chalet-12-people-les-2-alpes.html,Les 2 Alpes Réservation,village-france-les-2-alpes,5,chalets/images/ingenie-les2alpes-chalet-l-atelier-chalet-12-people/,2026-10-06,"not in 20-27 Mar dated search (2 adults); pass2: weekly planning; spa text: ost Ranking Prefectural : Advantages : Welcome kit (cleaning products) Beds made upon arrival Bed linen included Garage Jacuzzi Sauna Final cleaning included The accommodation ...; agency code: 5705042; GPS 45.00392,6.12060"
ingenie-les2alpes-chalet-l-olan-chalet-15-people,CHALET L'OLAN Chalet 15 people -,,Les 2 Alpes,Les 2 Alpes,France,,15,,,chalet,self-catered,self-catered,none,unknown,,,,,,,,quote-needed,,,,,unknown,,,,https://booking.les2alpes.com/chalet-l-olan-chalet-15-people-les-2-alpes.html,Les 2 Alpes Réservation,village-france-les-2-alpes,5,chalets/images/ingenie-les2alpes-chalet-l-olan-chalet-15-people/,2026-10-06,"not in 20-27 Mar dated search (2 adults); pass2: weekly planning; agency code: 5751075; GPS 45.00299,6.12215; no hot tub in listing text (site SEO paragraph mentioning jacuzzi ignored)"
ingenie-les2alpes-chalet-l-olivier-chalet-12-people,CHALET L'OLIVIER Chalet 12 people -,,Les 2 Alpes,Les 2 Alpes,France,,12,,,chalet,self-catered,self-catered,private-outdoor,yes,,,,,,,,quote-needed,,,,,unknown,,,,https://booking.les2alpes.com/chalet-l-olivier-chalet-12-people-les-2-alpes.html,Les 2 Alpes Réservation,village-france-les-2-alpes,5,chalets/images/ingenie-les2alpes-chalet-l-olivier-chalet-12-people/,2026-10-06,"not in 20-27 Mar dated search (2 adults); pass2: weekly planning; spa text: toilet Equipments Carpark : Outdoor car park (limited places) Storage space : Ski locker AVEC SECHE CHAUSSURESS : Sauna Nordic bath SUR LA TERRASSE EXTERIEURE ...; agency code: 6140719; GPS 45.02198,6.12784"
ingenie-les2alpes-chalet-l-ours-brun-chalet-14-personnes,CHALET L'OURS BRUN Chalet 14 personnes,,Les 2 Alpes,Les 2 Alpes,France,,14,,,chalet,self-catered,self-catered,private-outdoor,yes,,,,,,,,quote-needed,,,,,unknown,,,,https://booking.les2alpes.com/chalet-l-ours-brun-chalet-14-personnes-les-2-alpes.html,Les 2 Alpes Réservation,village-france-les-2-alpes,5,chalets/images/ingenie-les2alpes-chalet-l-ours-brun-chalet-14-personnes/,2026-10-06,"not in 20-27 Mar dated search (2 adults); pass2: weekly planning; spa text: l : Advantages : Free shuttle A/R from skiroom to lift Beds made upon arrival Bed linen included Towels included Garage Jacuzzi Sauna Final cleaning ...; agency code: 3801; GPS 45.00985,6.12161"
ingenie-les2alpes-chalet-l-ours-des-glaces-chalet-14-people,CHALET L'OURS DES GLACES Chalet 14 people -,,Les 2 Alpes,Les 2 Alpes,France,,14,,,chalet,self-catered,self-catered,private (location not stated),yes,,,,,,,,quote-needed,,,,,unknown,,,,https://booking.les2alpes.com/chalet-l-ours-des-glaces-chalet-14-people-les-2-alpes-1.html,Les 2 Alpes Réservation,village-france-les-2-alpes,5,chalets/images/ingenie-les2alpes-chalet-l-ours-des-glaces-chalet-14-people/,2026-10-06,"not in 20-27 Mar dated search (2 adults); pass2: weekly planning; spa text: k (limited places) Charging station for electric vehicles Storage space : Ski locker Bike room Local à vélo ou garage : Whirlpool bath Sauna Kitchen ...; agency code: SARLARNIMAX; GPS 45.01080,6.12209"
ingenie-les2alpes-chalet-l-ours-polaire14-persons-chalet,CHALET L'OURS POLAIRE14 persons chalet,,Les 2 Alpes,Les 2 Alpes,France,,14,,,chalet,self-catered,self-catered,private-outdoor,yes,,,,,,,,quote-needed,,,,,unknown,,,,https://booking.les2alpes.com/chalet-l-ours-polaire14-persons-chalet-les-2-alpes-1.html,Les 2 Alpes Réservation,village-france-les-2-alpes,5,chalets/images/ingenie-les2alpes-chalet-l-ours-polaire14-persons-chalet/,2026-10-06,"not in 20-27 Mar dated search (2 adults); pass2: weekly planning; spa text: fectural : Advantages : Free shuttle A/R from skiroom to lift Beds made upon arrival Bed linen included Towels included Jacuzzi Sauna Final cleaning included ...; agency code: 3799; GPS 45.00985,6.12161"
ingenie-les2alpes-chalet-l-ours-polaire14-persons-chalet-g-3800-40777,CHALET L'OURS POLAIRE14 persons chalet,,Les 2 Alpes,Les 2 Alpes,France,,14,,,chalet,self-catered,self-catered,private-outdoor,yes,,,,,,,,quote-needed,,,,,unknown,,,,https://booking.les2alpes.com/chalet-l-ours-polaire14-persons-chalet-les-2-alpes-1-1.html,Les 2 Alpes Réservation,village-france-les-2-alpes,5,chalets/images/ingenie-les2alpes-chalet-l-ours-polaire14-persons-chalet-g-3800-40777/,2026-10-06,"not in 20-27 Mar dated search (2 adults); pass2: weekly planning; spa text: ed by a professionnel host Ranking Prefectural : Advantages : Beds made upon arrival Bed linen included Towels included Jacuzzi Sauna Final cleaning included The ...; agency code: 3800; GPS 45.00985,6.12161"
ingenie-les2alpes-chalet-l-ours-polaire14-persons-chalet-g-3798-40775,CHALET L'OURS POLAIRE14 persons chalet,,Les 2 Alpes,Les 2 Alpes,France,,14,,,chalet,self-catered,self-catered,private-outdoor,yes,,,,,,,,quote-needed,,,,,unknown,,,,https://booking.les2alpes.com/chalet-l-ours-polaire14-persons-chalet-les-2-alpes.html,Les 2 Alpes Réservation,village-france-les-2-alpes,5,chalets/images/ingenie-les2alpes-chalet-l-ours-polaire14-persons-chalet-g-3798-40775/,2026-10-06,"not in 20-27 Mar dated search (2 adults); pass2: weekly planning; spa text: ed by a professionnel host Ranking Prefectural : Advantages : Beds made upon arrival Bed linen included Towels included Jacuzzi Sauna Final cleaning included The ...; agency code: 3798; GPS 45.00985,6.12161"
ingenie-les2alpes-chalet-la-gardette-chalet-10-people,CHALET LA GARDETTE Chalet 10 people,,Les 2 Alpes,Les 2 Alpes,France,,10,,,chalet,self-catered,self-catered,private (location not stated),yes,,,,,,,,quote-needed,,,,,unknown,,,,https://booking.les2alpes.com/chalet-la-gardette-chalet-10-people-les-2-alpes.html,Les 2 Alpes Réservation,village-france-les-2-alpes,5,chalets/images/ingenie-les2alpes-chalet-la-gardette-chalet-10-people/,2026-10-06,"not in 20-27 Mar dated search (2 adults); pass2: weekly planning; spa text: laces) privé Charging station for electric vehicles Storage space : Ski locker Bike room Local à vélo ou garage : Sauna Nordic bath (En supplément ...; agency code: 6359536; GPS 45.01684,6.12680"
ingenie-les2alpes-chalet-la-levanna-occidentale-chalet-14-people,CHALET LA LEVANNA OCCIDENTALE Chalet 14 people,,Les 2 Alpes,Les 2 Alpes,France,,14,,,chalet,self-catered,self-catered,none,unknown,,,,,,,,quote-needed,,,,,unknown,,,,https://booking.les2alpes.com/chalet-la-levanna-occidentale-chalet-14-people-les-2-alpes.html,Les 2 Alpes Réservation,village-france-les-2-alpes,5,chalets/images/ingenie-les2alpes-chalet-la-levanna-occidentale-chalet-14-people/,2026-10-06,"not in 20-27 Mar dated search (2 adults); pass2: weekly planning; agency code: 5659734; GPS 45.02238,6.12459; no hot tub in listing text (site SEO paragraph mentioning jacuzzi ignored)"
ingenie-les2alpes-chalet-la-levanna-orientale-chalet-12-people,CHALET LA LEVANNA ORIENTALE - Chalet 12 people,,Les 2 Alpes,Les 2 Alpes,France,,12,,,chalet,self-catered,self-catered,unknown,unknown,,,,,,,,quote-needed,,,,,unknown,,,,https://booking.les2alpes.com/chalet-la-levanna-orientale-chalet-12-people-les-2-alpes.html,Les 2 Alpes Réservation,village-france-les-2-alpes,5,chalets/images/ingenie-les2alpes-chalet-la-levanna-orientale-chalet-12-people/,2026-10-06,"not in 20-27 Mar dated search (2 adults); pass2: weekly planning; agency code: 5659735; GPS 45.02239,6.12462; tagged as a site ""spa chalet"" (category blurb: jacuzzi and/or sauna) - hot tub not confirmed; pass2: hot tub"
ingenie-les2alpes-chalet-la-muzelle-chalet-15-people,CHALET LA MUZELLE - Chalet 15 people,,Les 2 Alpes,Les 2 Alpes,France,,15,,,chalet,self-catered,self-catered,none,unknown,,,,,,,,quote-needed,,,,,unknown,,,,https://booking.les2alpes.com/chalet-la-muzelle-chalet-16-18-people-les-2-alpes.html,Les 2 Alpes Réservation,village-france-les-2-alpes,5,chalets/images/ingenie-les2alpes-chalet-la-muzelle-chalet-15-people/,2026-10-06,"not in 20-27 Mar dated search (2 adults); pass2: weekly planning; agency code: 5659739; GPS 45.01763,6.12487; no hot tub in listing text (site SEO paragraph mentioning jacuzzi ignored)"
ingenie-les2alpes-chalet-la-panthere-des-neiges-chalet-14-people,CHALET LA PANTHERE DES NEIGES Chalet 14 people,,Les 2 Alpes,Les 2 Alpes,France,,14,,,chalet,self-catered,self-catered,private-outdoor,yes,,,,,,,,quote-needed,,,,,unknown,,,,https://booking.les2alpes.com/chalet-la-panthere-des-neiges-chalet-14-people-les-2-alpes.html,Les 2 Alpes Réservation,village-france-les-2-alpes,5,chalets/images/ingenie-les2alpes-chalet-la-panthere-des-neiges-chalet-14-people/,2026-10-06,"not in 20-27 Mar dated search (2 adults); pass2: weekly planning; spa text: al : Advantages : Free shuttle A/R from skiroom to lift (sur demande, en supplément) Bed linen included Towels included Jacuzzi Sauna Final cleaning included ...; agency code: 3805; GPS 45.00970,6.12171"
ingenie-les2alpes-chalet-la-petite-mariande-chalet-8-people,CHALET LA PETITE MARIANDE Chalet 8 people -,,Les 2 Alpes,Les 2 Alpes,France,,8,,,chalet,self-catered,self-catered,none,unknown,,,,,,,,quote-needed,,,,,unknown,,,,https://booking.les2alpes.com/chalet-la-petite-mariande-chalet-8-people-les-2-alpes.html,Les 2 Alpes Réservation,village-france-les-2-alpes,5,chalets/images/ingenie-les2alpes-chalet-la-petite-mariande-chalet-8-people/,2026-10-06,"not in 20-27 Mar dated search (2 adults); pass2: weekly planning; agency code: COLLIGNONC; GPS 45.00324,6.11832; no hot tub in listing text (site SEO paragraph mentioning jacuzzi ignored)"
ingenie-les2alpes-chalet-la-sagnette-venosc-village-chalet-10-people,CHALET LA SAGNETTE (Venosc Village) Chalet 10 people -,,Vénosc,Les 2 Alpes,France,,10,,,chalet,self-catered,self-catered,none,yes,,,,,,,,quote-needed,,,,,unknown,,,,https://booking.les2alpes.com/chalet-la-sagnette-venosc-village-chalet-10-people-venosc-village.html,Les 2 Alpes Réservation,village-france-les-2-alpes,5,chalets/images/ingenie-les2alpes-chalet-la-sagnette-venosc-village-chalet-10-people/,2026-10-06,"not in 20-27 Mar dated search (2 adults); pass2: weekly planning; agency code: DUSSINER; GPS 44.98988,6.11401; no hot tub in listing text (site SEO paragraph mentioning jacuzzi ignored)"
ingenie-les2alpes-chalet-le-bouquetin-des-alpes-chalet-10-people,CHALET LE BOUQUETIN DES ALPES Chalet 10 people -,,Les 2 Alpes,Les 2 Alpes,France,,10,,,chalet,self-catered,self-catered,none,unknown,,,,,,,,quote-needed,,,,,unknown,,,,https://booking.les2alpes.com/chalet-le-bouquetin-des-alpes-chalet-10-people-les-2-alpes.html,Les 2 Alpes Réservation,village-france-les-2-alpes,5,chalets/images/ingenie-les2alpes-chalet-le-bouquetin-des-alpes-chalet-10-people/,2026-10-06,"not in 20-27 Mar dated search (2 adults); pass2: weekly planning; agency code: HARMUTH; GPS 45.01079,6.12218; no hot tub in listing text (site SEO paragraph mentioning jacuzzi ignored)"
ingenie-les2alpes-chalet-le-chabichou-15-persons-chalet,CHALET LE CHABICHOU 15 persons Chalet,,Les 2 Alpes,Les 2 Alpes,France,,15,,,chalet,self-catered,self-catered,private-outdoor,yes,,,,,,,,quote-needed,,,,,unknown,,,,https://booking.les2alpes.com/chalet-le-chabichou-15-persons-chalet-les-2-alpes.html,Les 2 Alpes Réservation,village-france-les-2-alpes,5,chalets/images/ingenie-les2alpes-chalet-le-chabichou-15-persons-chalet/,2026-10-06,"not in 20-27 Mar dated search (2 adults); pass2: weekly planning; spa text: foot Property management : Managed by a professionnel host Ranking Prefectural : Advantages : Bed linen included Garage Jacuzzi Sauna Fitness room The accommodation Living ...; agency code: 3400; GPS 45.01616,6.12760"
ingenie-les2alpes-chalet-le-chablis-chalet-10-people,CHALET LE CHABLIS Chalet 10 people -,,Les 2 Alpes,Les 2 Alpes,France,,10,,,chalet,self-catered,self-catered,private-outdoor,yes,,,,,,,,quote-needed,,,,,unknown,,,,https://booking.les2alpes.com/chalet-le-chablis-chalet-10-people-les-2-alpes.html,Les 2 Alpes Réservation,village-france-les-2-alpes,5,chalets/images/ingenie-les2alpes-chalet-le-chablis-chalet-10-people/,2026-10-06,"not in 20-27 Mar dated search (2 adults); pass2: weekly planning; spa text: d by a private host Ranking Prefectural : Advantages : Beds made upon arrival Bed linen included Towels included Garage Jacuzzi Sauna Final cleaning included ...; agency code: 5659705; GPS 45.00597,6.11849"
ingenie-les2alpes-chalet-le-challenge-chalet-14-people,CHALET LE CHALLENGE Chalet 14 people,,Les 2 Alpes,Les 2 Alpes,France,,14,,,chalet,self-catered,self-catered,private-indoor,yes,,,,,,,,quote-needed,,,,,unknown,,,,https://booking.les2alpes.com/chalet-le-challenge-chalet-14-people-les-2-alpes.html,Les 2 Alpes Réservation,village-france-les-2-alpes,5,chalets/images/ingenie-les2alpes-chalet-le-challenge-chalet-14-people/,2026-10-06,"not in 20-27 Mar dated search (2 adults); pass2: weekly planning; spa text: ng Prefectural : Advantages : Welcome kit (cleaning products) Beds made upon arrival Bed linen included Towels included Jacuzzi Sauna Fitness room Final cleaning included ...; agency code: 5659810; GPS 45.01986,6.12342"
ingenie-les2alpes-chalet-le-hibou-chalet-14-people,CHALET LE HIBOU Chalet 14 people -,,Les 2 Alpes,Les 2 Alpes,France,,14,,,chalet,self-catered,self-catered,private-outdoor,unknown,,,,,,,,quote-needed,,,,,unknown,,,,https://booking.les2alpes.com/chalet-le-hibou-chalet-14-people-les-2-alpes.html,Les 2 Alpes Réservation,village-france-les-2-alpes,5,chalets/images/ingenie-les2alpes-chalet-le-hibou-chalet-14-people/,2026-10-06,"not in 20-27 Mar dated search (2 adults); pass2: weekly planning; spa text: Managed by a private host Ranking Prefectural : Advantages : Beds made upon arrival Bed linen included Towels included Jacuzzi Final cleaning included Self arrival ...; agency code: MACAGRESS; GPS 45.01814,6.12630"
ingenie-les2alpes-chalet-le-kodiak-14-persons-chalet,CHALET LE KODIAK 14 persons chalet,,Les 2 Alpes,Les 2 Alpes,France,,14,,,chalet,self-catered,self-catered,private-outdoor,yes,,,,,,,,quote-needed,,,,,unknown,,,,https://booking.les2alpes.com/chalet-le-kodiak-14-persons-chalet-les-2-alpes.html,Les 2 Alpes Réservation,village-france-les-2-alpes,5,chalets/images/ingenie-les2alpes-chalet-le-kodiak-14-persons-chalet/,2026-10-06,"not in 20-27 Mar dated search (2 adults); pass2: weekly planning; spa text: fectural : Advantages : Free shuttle A/R from skiroom to lift Beds made upon arrival Bed linen included Towels included Jacuzzi Sauna Final cleaning included ...; agency code: 3802; GPS 45.00985,6.12161"
ingenie-les2alpes-chalet-le-lauzet-chalet-14-people,CHALET LE LAUZET Chalet 14 people -,,Les 2 Alpes,Les 2 Alpes,France,,14,,,chalet,self-catered,self-catered,none,unknown,,,,,,,,quote-needed,,,,,unknown,,,,https://booking.les2alpes.com/chalet-le-lauzet-chalet-14-people-les-2-alpes.html,Les 2 Alpes Réservation,village-france-les-2-alpes,5,chalets/images/ingenie-les2alpes-chalet-le-lauzet-chalet-14-people/,2026-10-06,"not in 20-27 Mar dated search (2 adults); pass2: weekly planning; agency code: 5659705; GPS 45.02082,6.12701; no hot tub in listing text (site SEO paragraph mentioning jacuzzi ignored)"
ingenie-les2alpes-chalet-le-lievre-blanc-chalet-14-people,CHALET LE LIEVRE BLANC Chalet 14 people -,,Les 2 Alpes,Les 2 Alpes,France,,14,,,chalet,self-catered,self-catered,none,yes,,,,,,,,quote-needed,,,,,unknown,,,,https://booking.les2alpes.com/chalet-le-lievre-blanc-chalet-14-people-les-2-alpes.html,Les 2 Alpes Réservation,village-france-les-2-alpes,5,chalets/images/ingenie-les2alpes-chalet-le-lievre-blanc-chalet-14-people/,2026-10-06,"not in 20-27 Mar dated search (2 adults); pass2: weekly planning; agency code: 5719896; GPS 45.00853,6.12065; no hot tub in listing text (site SEO paragraph mentioning jacuzzi ignored)"
ingenie-les2alpes-chalet-le-loup-blanc-chalet-12-people,CHALET LE LOUP BLANC Chalet 12 people -,,Les 2 Alpes,Les 2 Alpes,France,,12,,,chalet,self-catered,self-catered,none,unknown,,,,,,,,quote-needed,,,,,unknown,,,,https://booking.les2alpes.com/chalet-le-loup-blanc-chalet-12-people-les-2-alpes-1.html,Les 2 Alpes Réservation,village-france-les-2-alpes,5,chalets/images/ingenie-les2alpes-chalet-le-loup-blanc-chalet-12-people/,2026-10-06,"not in 20-27 Mar dated search (2 adults); pass2: weekly planning; agency code: SARLARNIMAX; GPS 45.01072,6.12215; no hot tub in listing text (site SEO paragraph mentioning jacuzzi ignored)"
ingenie-les2alpes-chalet-le-loup-lodge-chalet-14-people,CHALET LE LOUP LODGE - Chalet 14 people,,Les 2 Alpes,Les 2 Alpes,France,,14,,,chalet,self-catered,self-catered,none,yes,,,,,,,,quote-needed,,,,,unknown,,,,https://booking.les2alpes.com/chalet-le-loup-lodge-chalet-14-people-les-2-alpes.html,Les 2 Alpes Réservation,village-france-les-2-alpes,5,chalets/images/ingenie-les2alpes-chalet-le-loup-lodge-chalet-14-people/,2026-10-06,"not in 20-27 Mar dated search (2 adults); pass2: weekly planning; agency code: 5659736; GPS 45.00483,6.12141; no hot tub in listing text (site SEO paragraph mentioning jacuzzi ignored)"
ingenie-les2alpes-chalet-le-lynx-14-persons-chalet,CHALET LE LYNX 14 persons chalet,,Les 2 Alpes,Les 2 Alpes,France,,14,,,chalet,self-catered,self-catered,private-outdoor,yes,,,,,,,,quote-needed,,,,,unknown,,,,https://booking.les2alpes.com/chalet-le-lynx-14-persons-chalet-les-2-alpes.html,Les 2 Alpes Réservation,village-france-les-2-alpes,5,chalets/images/ingenie-les2alpes-chalet-le-lynx-14-persons-chalet/,2026-10-06,"not in 20-27 Mar dated search (2 adults); pass2: weekly planning; spa text: fectural : Advantages : Free shuttle A/R from skiroom to lift Beds made upon arrival Bed linen included Towels included Jacuzzi Sauna Final cleaning included ...; agency code: 3804; GPS 45.00985,6.12161"
ingenie-les2alpes-chalet-le-lys-chalet-14-people,CHALET LE LYS - Chalet 14 people -,,Les 2 Alpes,Les 2 Alpes,France,,14,,,chalet,self-catered,self-catered,none,unknown,,,,,,,,quote-needed,,,,,unknown,,,,https://booking.les2alpes.com/chalet-le-lys-chalet-14-people-les-2-alpes.html,Les 2 Alpes Réservation,village-france-les-2-alpes,5,chalets/images/ingenie-les2alpes-chalet-le-lys-chalet-14-people/,2026-10-06,"not in 20-27 Mar dated search (2 adults); pass2: weekly planning; agency code: 5659737; GPS 45.01930,6.12825; no hot tub in listing text (site SEO paragraph mentioning jacuzzi ignored)"
ingenie-les2alpes-chalet-le-panorama-chalet-12-people,CHALET LE PANORAMA Chalet 12 people -,,Les 2 Alpes,Les 2 Alpes,France,,12,,,chalet,self-catered,self-catered,private-outdoor,unknown,,,,,,,,quote-needed,,,,,unknown,,,,https://booking.les2alpes.com/chalet-le-panorama-chalet-12-people-les-2-alpes.html,Les 2 Alpes Réservation,village-france-les-2-alpes,5,chalets/images/ingenie-les2alpes-chalet-le-panorama-chalet-12-people/,2026-10-06,"not in 20-27 Mar dated search (2 adults); pass2: weekly planning; spa text: ed by a professionnel host Ranking Prefectural : Advantages : Welcome kit (cleaning products) Bed linen included Garage Jacuzzi Final cleaning included The accommodation Living ...; agency code: 5659732; GPS 45.02221,6.12776"
ingenie-les2alpes-chalet-le-petit-bes-chalet-14-people-mont-de-lans-village,Chalet LE PETIT BES Chalet 14 people (Mont de Lans village) -,,Mont-de-Lans,Les 2 Alpes,France,,14,,,chalet,self-catered,self-catered,private-outdoor,unknown,,,,,,,,quote-needed,,,,,unknown,,,,https://booking.les2alpes.com/chalet-le-petit-bes-chalet-14-people-mont-de-lans-village-mont-de-lans-village.html,Les 2 Alpes Réservation,village-france-les-2-alpes,5,chalets/images/ingenie-les2alpes-chalet-le-petit-bes-chalet-14-people-mont-de-lans-village/,2026-10-06,"not in 20-27 Mar dated search (2 adults); pass2: weekly planning; spa text: nection Property management : Managed by a professionnel host Ranking Prefectural : Advantages : Beds made upon arrival Jacuzzi Fitness room Final cleaning included Charging ...; agency code: 5719823; GPS 45.03536,6.12928"
ingenie-les2alpes-chalet-le-poucet-chalet-7-people,CHALET LE POUCET Chalet 7 people -,,Les 2 Alpes,Les 2 Alpes,France,,7,,,chalet,self-catered,self-catered,unknown,unknown,,,,,,,,quote-needed,,,,,unknown,,,,https://booking.les2alpes.com/chalet-le-poucet-chalet-7-people-les-2-alpes.html,Les 2 Alpes Réservation,village-france-les-2-alpes,5,chalets/images/ingenie-les2alpes-chalet-le-poucet-chalet-7-people/,2026-10-06,"not in 20-27 Mar dated search (2 adults); pass2: weekly planning; agency code: 5659786; GPS 45.01686,6.12721; tagged as a site ""spa chalet"" (category blurb: jacuzzi and/or sauna) - hot tub not confirmed; pass2: hot tub"
ingenie-les2alpes-chalet-les-2-cimes-chalet-15-people,CHALET LES 2 CIMES Chalet 15 people -,,Les 2 Alpes,Les 2 Alpes,France,,15,,,chalet,self-catered,self-catered,none,yes,,,,,,,,quote-needed,,,,,unknown,,,,https://booking.les2alpes.com/chalet-les-2-cimes-chalet-15-people-les-2-alpes.html,Les 2 Alpes Réservation,village-france-les-2-alpes,5,chalets/images/ingenie-les2alpes-chalet-les-2-cimes-chalet-15-people/,2026-10-06,"not in 20-27 Mar dated search (2 adults); pass2: weekly planning; agency code: SASVENOSCATC; GPS 45.00908,6.12151; no hot tub in listing text (site SEO paragraph mentioning jacuzzi ignored)"
ingenie-les2alpes-chalet-le-sabot-de-venus-15-persons-chalet,CHALET LE SABOT DE VENUS - 15 persons chalet,,Les 2 Alpes,Les 2 Alpes,France,,15,,,chalet,self-catered,self-catered,private-outdoor,unknown,,,,,,,,quote-needed,,,,,unknown,,,,https://booking.les2alpes.com/chalet-le-sabot-de-venus-15-persons-chalet-les-2-alpes.html,Les 2 Alpes Réservation,village-france-les-2-alpes,5,chalets/images/ingenie-les2alpes-chalet-le-sabot-de-venus-15-persons-chalet/,2026-10-06,"not in 20-27 Mar dated search (2 adults); pass2: weekly planning; spa text: connection Property management : Managed by a professionnel host Ranking Prefectural : Advantages : Bed linen included Jacuzzi Final cleaning included The accommodation Living Room ...; agency code: 2636; GPS 45.00611,6.12294"
ingenie-les2alpes-chalet-le-saje-chalet-14-people,CHALET LE SAJE Chalet 14 people,,Les 2 Alpes,Les 2 Alpes,France,,14,,,chalet,self-catered,self-catered,private-outdoor,unknown,,,,,,,,quote-needed,,,,,unknown,,,,https://booking.les2alpes.com/chalet-le-saje-chalet-14-people-les-2-alpes.html,Les 2 Alpes Réservation,village-france-les-2-alpes,5,chalets/images/ingenie-les2alpes-chalet-le-saje-chalet-14-people/,2026-10-06,"not in 20-27 Mar dated search (2 adults); pass2: weekly planning; spa text: d by a private host Ranking Prefectural : Advantages : Beds made upon arrival Bed linen included Towels included Garage Jacuzzi Fitness room Final cleaning ...; agency code: SCISAJE; GPS 45.00832,6.12176"
ingenie-les2alpes-chalet-les-alpages-chalet-8-people,CHALET LES ALPAGES Chalet 8 people -,,Les 2 Alpes,Les 2 Alpes,France,,8,,,chalet,self-catered,self-catered,none,unknown,,,,,,,,quote-needed,,,,,unknown,,,,https://booking.les2alpes.com/chalet-les-alpages-chalet-8-people-les-2-alpes.html,Les 2 Alpes Réservation,village-france-les-2-alpes,5,chalets/images/ingenie-les2alpes-chalet-les-alpages-chalet-8-people/,2026-10-06,"not in 20-27 Mar dated search (2 adults); pass2: weekly planning; agency code: 5659726; GPS 45.00933,6.12218; no hot tub in listing text (site SEO paragraph mentioning jacuzzi ignored)"
ingenie-les2alpes-chalet-les-clots-chalet-for-8-people,CHALET LES CLOTS Chalet for 8 people -,,Les 2 Alpes,Les 2 Alpes,France,,8,,,chalet,self-catered,self-catered,none,unknown,,,,,,,,quote-needed,,,,,unknown,,,,https://booking.les2alpes.com/chalet-les-clots-chalet-for-8-people-les-2-alpes.html,Les 2 Alpes Réservation,village-france-les-2-alpes,5,chalets/images/ingenie-les2alpes-chalet-les-clots-chalet-for-8-people/,2026-10-06,"not in 20-27 Mar dated search (2 adults); pass2: weekly planning; agency code: 5659820; GPS 45.02177,6.12414; no hot tub in listing text (site SEO paragraph mentioning jacuzzi ignored)"
ingenie-les2alpes-chalet-les-jonquilles-chalet-13-people,CHALET LES JONQUILLES Chalet 13 people,,Les 2 Alpes,Les 2 Alpes,France,,13,,,chalet,self-catered,self-catered,none,unknown,,,,,,,,quote-needed,,,,,unknown,,,,https://booking.les2alpes.com/chalet-les-jonquilles-chalet-13-people-les-2-alpes-1-1.html,Les 2 Alpes Réservation,village-france-les-2-alpes,5,chalets/images/ingenie-les2alpes-chalet-les-jonquilles-chalet-13-people/,2026-10-06,"not in 20-27 Mar dated search (2 adults); pass2: weekly planning; agency code: LACLIASN; GPS 45.01832,6.12609; no hot tub in listing text (site SEO paragraph mentioning jacuzzi ignored)"
ingenie-les2alpes-chalet-les-lauzieres-chalet-15-people,CHALET LES LAUZIERES Chalet 15 people -,,Les 2 Alpes,Les 2 Alpes,France,,15,,,chalet,self-catered,self-catered,unknown,yes,,,,,,,,quote-needed,,,,,unknown,,,,https://booking.les2alpes.com/chalet-les-lauzieres-chalet-15-people-les-2-alpes.html,Les 2 Alpes Réservation,village-france-les-2-alpes,5,chalets/images/ingenie-les2alpes-chalet-les-lauzieres-chalet-15-people/,2026-10-06,"not in 20-27 Mar dated search (2 adults); pass2: weekly planning; agency code: 5658995; GPS 45.02223,6.12447; tagged as a site ""spa chalet"" (category blurb: jacuzzi and/or sauna) - hot tub not confirmed; pass2: hot tub"
ingenie-les2alpes-chalet-leslie-alpen-n2-chalet-12-people,CHALET LESLIE ALPEN N°2 Chalet 12 people -,,Les 2 Alpes,Les 2 Alpes,France,,12,,,chalet,self-catered,self-catered,private-outdoor,yes,,,,,,,,quote-needed,,,,,unknown,,,,https://booking.les2alpes.com/chalet-leslie-alpen-n2-chalet-12-people.html,Les 2 Alpes Réservation,village-france-les-2-alpes,5,chalets/images/ingenie-les2alpes-chalet-leslie-alpen-n2-chalet-12-people/,2026-10-06,"not in 20-27 Mar dated search (2 adults); pass2: weekly planning; spa text: ed by a professionnel host Ranking Prefectural : Advantages : Beds made upon arrival Bed linen included Towels included Jacuzzi Sauna Turkish bath Final cleaning ...; agency code: 6140719; GPS 45.01943,6.12802"
ingenie-les2alpes-chalet-le-sno-lodge-12-persons-chalet,CHALET LE SNO LODGE 12 persons chalet,,Les 2 Alpes,Les 2 Alpes,France,,12,,,chalet,self-catered,self-catered,private-outdoor,unknown,,,,,,,,quote-needed,,,,,unknown,,,,https://booking.les2alpes.com/chalet-le-sno-lodge-12-persons-chalet-les-2-alpes.html,Les 2 Alpes Réservation,village-france-les-2-alpes,5,chalets/images/ingenie-les2alpes-chalet-le-sno-lodge-12-persons-chalet/,2026-10-06,"not in 20-27 Mar dated search (2 adults); pass2: weekly planning; spa text: s) Babyfoot Property management : Managed by a professionnel host Ranking Prefectural : Advantages : Bed linen included Jacuzzi Final cleaning included The accommodation Living ...; agency code: 2959; GPS 45.00450,6.11846"
ingenie-les2alpes-chalet-le-telemark-14-persons-chalet,CHALET LE TELEMARK 14 persons chalet,,Les 2 Alpes,Les 2 Alpes,France,,14,,,chalet,self-catered,self-catered,private-outdoor,yes,,,,,,,,quote-needed,,,,,unknown,,,,https://booking.les2alpes.com/chalet-le-telemark-14-persons-chalet-les-2-alpes.html,Les 2 Alpes Réservation,village-france-les-2-alpes,5,chalets/images/ingenie-les2alpes-chalet-le-telemark-14-persons-chalet/,2026-10-06,"not in 20-27 Mar dated search (2 adults); pass2: weekly planning; spa text: fectural : Advantages : Free shuttle A/R from skiroom to lift Beds made upon arrival Bed linen included Towels included Jacuzzi Sauna Final cleaning included ...; agency code: 3803; GPS 45.00985,6.12161"
ingenie-les2alpes-chalet-le-vertical-chalet-14-people,CHALET LE VERTICAL Chalet 14 people -,,Les 2 Alpes,Les 2 Alpes,France,,14,,,chalet,self-catered,self-catered,private-outdoor,yes,,,,,,,,quote-needed,,,,,unknown,,,,https://booking.les2alpes.com/chalet-le-vertical-chalet-14-people-les-2-alpes.html,Les 2 Alpes Réservation,village-france-les-2-alpes,5,chalets/images/ingenie-les2alpes-chalet-le-vertical-chalet-14-people/,2026-10-06,"not in 20-27 Mar dated search (2 adults); pass2: weekly planning; spa text: ectural : Advantages : Welcome kit (cleaning products) Beds made upon arrival Bed linen included Towels included Garage Jacuzzi Sauna Fitness room The accommodation Living ...; agency code: 5993622; GPS 45.00311,6.12254"
ingenie-les2alpes-chalet-loune-chalet-14-people,CHALET LOUNE Chalet 14 people,,Les 2 Alpes,Les 2 Alpes,France,,14,,,chalet,self-catered,self-catered,private-outdoor,yes,,,,,,,,quote-needed,,,,,unknown,,,,https://booking.les2alpes.com/chalet-loune-chalet-14-people-les-2-alpes.html,Les 2 Alpes Réservation,village-france-les-2-alpes,5,chalets/images/ingenie-les2alpes-chalet-loune-chalet-14-people/,2026-10-06,"not in 20-27 Mar dated search (2 adults); pass2: weekly planning; spa text: ectural : Advantages : Welcome kit (cleaning products) Beds made upon arrival Bed linen included Towels included Garage Jacuzzi Sauna Final cleaning included Fibre broadband ...; agency code: EURLLOUNE; GPS 45.00832,6.12176"
ingenie-les2alpes-chalet-meleze-venosc-village-chalet-11-people,CHALET MELEZE (Venosc village) Chalet 11 people,,Vénosc,Les 2 Alpes,France,,11,,,chalet,self-catered,self-catered,private-outdoor,yes,,,,,,,,quote-needed,,,,,unknown,,,,https://booking.les2alpes.com/chalet-meleze-venosc-village-chalet-11-people-venosc-village.html,Les 2 Alpes Réservation,village-france-les-2-alpes,5,chalets/images/ingenie-les2alpes-chalet-meleze-venosc-village-chalet-11-people/,2026-10-06,"not in 20-27 Mar dated search (2 adults); pass2: weekly planning; spa text: ement : Managed by a professionnel host Ranking Prefectural : Advantages : Welcome kit (cleaning products) Welcome gift Jacuzzi Sauna Final cleaning included The accommodation ...; agency code: 5719823; GPS 44.98707,6.11932"
ingenie-les2alpes-chalet-mountain-lodge-chalet-12-people,CHALET MOUNTAIN LODGE Chalet 12 people,,Les 2 Alpes,Les 2 Alpes,France,,12,,,chalet,self-catered,self-catered,private-outdoor,yes,,,,,,,,quote-needed,,,,,unknown,,,,https://booking.les2alpes.com/chalet-mountain-lodge-chalet-12-people-les-2-alpes.html,Les 2 Alpes Réservation,village-france-les-2-alpes,5,chalets/images/ingenie-les2alpes-chalet-mountain-lodge-chalet-12-people/,2026-10-06,"not in 20-27 Mar dated search (2 adults); pass2: weekly planning; spa text: professionnel host Ranking Prefectural : Advantages : Beds made upon arrival Bed linen included Towels included Garage Jacuzzi Sauna Fitness room Final cleaning included The ...; agency code: CIMALPES; GPS 45.02180,6.12635"
ingenie-les2alpes-chalet-neige-de-printemps-chalet-13-people,CHALET NEIGE DE PRINTEMPS Chalet 13 people,,Les 2 Alpes,Les 2 Alpes,France,,13,,,chalet,self-catered,self-catered,none,unknown,,,,,,,,quote-needed,,,,,unknown,,,,https://booking.les2alpes.com/chalet-neige-de-printemps-chalet-13-people-les-2-alpes.html,Les 2 Alpes Réservation,village-france-les-2-alpes,5,chalets/images/ingenie-les2alpes-chalet-neige-de-printemps-chalet-13-people/,2026-10-06,"not in 20-27 Mar dated search (2 adults); pass2: weekly planning; agency code: THIEBAUTF; GPS 45.02010,6.12652; no hot tub in listing text (site SEO paragraph mentioning jacuzzi ignored)"
ingenie-les2alpes-chalet-neuf-du-pape-chalet-12-people,CHALET NEUF DU PAPE - Chalet 12 people -,,Les 2 Alpes,Les 2 Alpes,France,,12,,,chalet,self-catered,self-catered,private-outdoor,yes,,,,,,,,quote-needed,,,,,unknown,,,,https://booking.les2alpes.com/chalet-neuf-du-pape-chalet-12-people-les-2-alpes.html,Les 2 Alpes Réservation,village-france-les-2-alpes,5,chalets/images/ingenie-les2alpes-chalet-neuf-du-pape-chalet-12-people/,2026-10-06,"not in 20-27 Mar dated search (2 adults); pass2: weekly planning; spa text: ivate host Ranking Prefectural : Advantages : Welcome kit (cleaning products) Bed linen included Towels included Garage Jacuzzi Sauna Final cleaning included Charging station for ...; agency code: 5659705; GPS 45.01065,6.12289"
ingenie-les2alpes-chalet-neve-chalet-8-people,CHALET NEVE Chalet 8 people -,,Les 2 Alpes,Les 2 Alpes,France,,8,,,chalet,self-catered,self-catered,unknown,unknown,,,,,,,,quote-needed,,,,,unknown,,,,https://booking.les2alpes.com/chalet-neve-chalet-8-people-les-2-alpes-1.html,Les 2 Alpes Réservation,village-france-les-2-alpes,5,chalets/images/ingenie-les2alpes-chalet-neve-chalet-8-people/,2026-10-06,"not in 20-27 Mar dated search (2 adults); pass2: weekly planning; agency code: 6140719; GPS 45.02059,6.12666; tagged as a site ""spa chalet"" (category blurb: jacuzzi and/or sauna) - hot tub not confirmed; pass2: hot tub"
ingenie-les2alpes-chalet-norma-chalet-12-people,CHALET NORMA Chalet 12 people,,Les 2 Alpes,Les 2 Alpes,France,,12,,,chalet,self-catered,self-catered,unknown,unknown,,,,,,,,quote-needed,,,,,unknown,,,,https://booking.les2alpes.com/chalet-norma-chalet-12-people-les-2-alpes.html,Les 2 Alpes Réservation,village-france-les-2-alpes,5,chalets/images/ingenie-les2alpes-chalet-norma-chalet-12-people/,2026-10-06,"not in 20-27 Mar dated search (2 adults); pass2: weekly planning; agency code: 5719823; GPS 45.00149,6.12319; tagged as a site ""spa chalet"" (category blurb: jacuzzi and/or sauna) - hot tub not confirmed; pass2: hot tub"
ingenie-les2alpes-chalet-ours-brun-chalet-12-people,CHALET OURS BRUN Chalet 12 people,,Les 2 Alpes,Les 2 Alpes,France,,12,,,chalet,self-catered,self-catered,none,unknown,,,,,,,,quote-needed,,,,,unknown,,,,https://booking.les2alpes.com/chalet-ours-brun-chalet-12-people-les-2-alpes.html,Les 2 Alpes Réservation,village-france-les-2-alpes,5,chalets/images/ingenie-les2alpes-chalet-ours-brun-chalet-12-people/,2026-10-06,"not in 20-27 Mar dated search (2 adults); pass2: weekly planning; agency code: MOUNTAINCOLLECTION; GPS 45.02060,6.12568; no hot tub in listing text (site SEO paragraph mentioning jacuzzi ignored)"
ingenie-les2alpes-chalet-prestige-lodge-chalet-14-people,CHALET PRESTIGE LODGE - Chalet 14 people,,Les 2 Alpes,Les 2 Alpes,France,,14,,,chalet,self-catered,self-catered,none,unknown,,,,,,,,quote-needed,,,,,unknown,,,,https://booking.les2alpes.com/chalet-prestige-lodge-chalet-14-people-les-2-alpes.html,Les 2 Alpes Réservation,village-france-les-2-alpes,5,chalets/images/ingenie-les2alpes-chalet-prestige-lodge-chalet-14-people/,2026-10-06,"not in 20-27 Mar dated search (2 adults); pass2: weekly planning; agency code: 5659742; GPS 45.00483,6.12141; no hot tub in listing text (site SEO paragraph mentioning jacuzzi ignored)"
ingenie-les2alpes-chalet-renard-lodge-chalet-14-people,CHALET RENARD LODGE - Chalet 14 people,,Les 2 Alpes,Les 2 Alpes,France,,14,,,chalet,self-catered,self-catered,none,yes,,,,,,,,quote-needed,,,,,unknown,,,,https://booking.les2alpes.com/chalet-renard-lodge-chalet-14-people-les-2-alpes.html,Les 2 Alpes Réservation,village-france-les-2-alpes,5,chalets/images/ingenie-les2alpes-chalet-renard-lodge-chalet-14-people/,2026-10-06,"not in 20-27 Mar dated search (2 adults); pass2: weekly planning; agency code: 5659743; GPS 45.00488,6.12115; no hot tub in listing text (site SEO paragraph mentioning jacuzzi ignored)"
ingenie-les2alpes-chalet-soleil-d-hiver-chalet-12-people,CHALET SOLEIL D'HIVER Chalet 12 people,,Les 2 Alpes,Les 2 Alpes,France,,12,,,chalet,self-catered,self-catered,unknown,unknown,,,,,,,,quote-needed,,,,,unknown,,,,https://booking.les2alpes.com/chalet-soleil-d-hiver-chalet-12-people-les-2-alpes.html,Les 2 Alpes Réservation,village-france-les-2-alpes,5,chalets/images/ingenie-les2alpes-chalet-soleil-d-hiver-chalet-12-people/,2026-10-06,"not in 20-27 Mar dated search (2 adults); pass2: weekly planning; agency code: 5659744; GPS 45.02053,6.12618; tagged as a site ""spa chalet"" (category blurb: jacuzzi and/or sauna) - hot tub not confirmed; pass2: hot tub"
ingenie-les2alpes-chalet-solongo-chalet-10-people,CHALET SOLONGO Chalet 10 people -,,Les 2 Alpes,Les 2 Alpes,France,,10,,,chalet,self-catered,self-catered,none,unknown,,,,,,,,quote-needed,,,,,unknown,,,,https://booking.les2alpes.com/chalet-solongo-chalet-10-people-les-2-alpes.html,Les 2 Alpes Réservation,village-france-les-2-alpes,5,chalets/images/ingenie-les2alpes-chalet-solongo-chalet-10-people/,2026-10-06,"not in 20-27 Mar dated search (2 adults); pass2: weekly planning; agency code: JOLYM; GPS 45.02260,6.12517; no hot tub in listing text (site SEO paragraph mentioning jacuzzi ignored)"
ingenie-les2alpes-chalet-targuy-chalet-9-people,CHALET TARGUY Chalet 9 people -,,Les 2 Alpes,Les 2 Alpes,France,,9,,,chalet,self-catered,self-catered,unknown,unknown,,,,,,,,quote-needed,,,,,unknown,,,,https://booking.les2alpes.com/chalet-targuy-chalet-9-people-les-2-alpes.html,Les 2 Alpes Réservation,village-france-les-2-alpes,5,chalets/images/ingenie-les2alpes-chalet-targuy-chalet-9-people/,2026-10-06,"not in 20-27 Mar dated search (2 adults); pass2: weekly planning; agency code: 5659765; GPS 45.00306,6.12428; tagged as a site ""spa chalet"" (category blurb: jacuzzi and/or sauna) - hot tub not confirmed; pass2: hot tub"
ingenie-les2alpes-chalet-tete-moute-chalet-10-people,CHALET TETE MOUTE Chalet 10 people,,Les 2 Alpes,Les 2 Alpes,France,,10,,,chalet,self-catered,self-catered,none,unknown,,,,,,,,quote-needed,,,,,unknown,,,,https://booking.les2alpes.com/chalet-tete-moute-chalet-10-people-les-2-alpes.html,Les 2 Alpes Réservation,village-france-les-2-alpes,5,chalets/images/ingenie-les2alpes-chalet-tete-moute-chalet-10-people/,2026-10-06,"not in 20-27 Mar dated search (2 adults); pass2: weekly planning; agency code: 6637009; GPS 45.00257,6.12501; no hot tub in listing text (site SEO paragraph mentioning jacuzzi ignored)"
ingenie-les2alpes-chalet-tiplan-chalet-14-people,CHALET TIPLAN Chalet 14 people -,,Les 2 Alpes,Les 2 Alpes,France,,14,,,chalet,self-catered,self-catered,none,yes,,,,,,,,quote-needed,,,,,unknown,,,,https://booking.les2alpes.com/chalet-tiplan-chalet-14-people-les-2-alpes.html,Les 2 Alpes Réservation,village-france-les-2-alpes,5,chalets/images/ingenie-les2alpes-chalet-tiplan-chalet-14-people/,2026-10-06,"not in 20-27 Mar dated search (2 adults); pass2: weekly planning; agency code: 5659877; GPS 45.02307,6.12599; no hot tub in listing text (site SEO paragraph mentioning jacuzzi ignored)"
ingenie-les2alpes-chalet-treluyer-chalet-14-people,CHALET TRELUYER Chalet 14 people,,Les 2 Alpes,Les 2 Alpes,France,,14,,,chalet,self-catered,self-catered,private-outdoor,yes,,,,,,,,quote-needed,,,,,unknown,,,,https://booking.les2alpes.com/chalet-treluyer-chalet-14-people-les-2-alpes.html,Les 2 Alpes Réservation,village-france-les-2-alpes,5,chalets/images/ingenie-les2alpes-chalet-treluyer-chalet-14-people/,2026-10-06,"not in 20-27 Mar dated search (2 adults); pass2: weekly planning; spa text: EMENT A RESERVER AUPRES DE L AGENCE POUR TARIFS ET CONDITIONS Beds made upon arrival Bed linen included Towels included Jacuzzi Sauna Fitness room Final ...; agency code: 6140719; GPS 45.00467,6.11886"
ingenie-les2alpes-l-aigle-venosc-village-chalet-10-people,L'AIGLE (Venosc Village) Chalet 10 people -,,Vénosc,Les 2 Alpes,France,,10,,,chalet,self-catered,self-catered,private-outdoor,yes,,,,,,,,quote-needed,,,,,unknown,,,,https://booking.les2alpes.com/l-aigle-venosc-village-chalet-10-people-venosc-village.html,Les 2 Alpes Réservation,village-france-les-2-alpes,5,chalets/images/ingenie-les2alpes-l-aigle-venosc-village-chalet-10-people/,2026-10-06,"not in 20-27 Mar dated search (2 adults); pass2: weekly planning; spa text: ty management : Managed by a professionnel host Ranking Prefectural : Advantages : Beds made upon arrival Swimming pool Jacuzzi Sauna Turkish bath The accommodation ...; agency code: MYSWEETHOME; GPS 44.98977,6.11636"
ingenie-les2alpes-l-asphodele-venosc-village-chalet-12-people,L' ASPHODELE (Venosc Village) Chalet 12 people -,,Vénosc,Les 2 Alpes,France,,12,,,chalet,self-catered,self-catered,private-outdoor,yes,,,,,,,,quote-needed,,,,,unknown,,,,https://booking.les2alpes.com/l-asphodele-venosc-village-chalet-12-people-venosc-village.html,Les 2 Alpes Réservation,village-france-les-2-alpes,5,chalets/images/ingenie-les2alpes-l-asphodele-venosc-village-chalet-12-people/,2026-10-06,"not in 20-27 Mar dated search (2 adults); pass2: weekly planning; spa text: ty management : Managed by a professionnel host Ranking Prefectural : Advantages : Beds made upon arrival Swimming pool Jacuzzi Sauna Turkish bath The accommodation ...; agency code: MYSWEETHOME; GPS 44.98977,6.11636"
ingenie-les2alpes-la-terrasse-du-replat-venosc-village-chalet-12-people,LA TERRASSE DU REPLAT (Venosc Village) Chalet 12 people -,,Vénosc,Les 2 Alpes,France,,12,,,chalet,self-catered,self-catered,none,unknown,,,,,,,,quote-needed,,,,,unknown,,,,https://booking.les2alpes.com/la-terrasse-du-replat-venosc-village-chalet-12-people-venosc-village.html,Les 2 Alpes Réservation,village-france-les-2-alpes,5,chalets/images/ingenie-les2alpes-la-terrasse-du-replat-venosc-village-chalet-12-people/,2026-10-06,"not in 20-27 Mar dated search (2 adults); pass2: weekly planning; agency code: MYSWEETHOME; GPS 44.98882,6.11580; no hot tub in listing text (site SEO paragraph mentioning jacuzzi ignored)"
ingenie-les2alpes-le-chalet-aigle-royal-chalet-8-people,LE CHALET AIGLE ROYAL Chalet 8 people -,,Les 2 Alpes,Les 2 Alpes,France,,8,,,chalet,self-catered,self-catered,none,unknown,,,,,,,,quote-needed,,,,,unknown,,,,https://booking.les2alpes.com/le-chalet-aigle-royal-chalet-8-people-les-2-alpes.html,Les 2 Alpes Réservation,village-france-les-2-alpes,5,chalets/images/ingenie-les2alpes-le-chalet-aigle-royal-chalet-8-people/,2026-10-06,"not in 20-27 Mar dated search (2 adults); pass2: weekly planning; agency code: HARMUTH; GPS 45.01073,6.12209; no hot tub in listing text (site SEO paragraph mentioning jacuzzi ignored)"
ingenie-les2alpes-le-chalet-balalaika-chalet-11-people,LE CHALET BALALAIKA Chalet 11 people -,,Les 2 Alpes,Les 2 Alpes,France,,11,,,chalet,self-catered,self-catered,none,unknown,,,,,,,,quote-needed,,,,,unknown,,,,https://booking.les2alpes.com/le-chalet-balalaika-chalet-11-people-les-2-alpes.html,Les 2 Alpes Réservation,village-france-les-2-alpes,5,chalets/images/ingenie-les2alpes-le-chalet-balalaika-chalet-11-people/,2026-10-06,"not in 20-27 Mar dated search (2 adults); pass2: weekly planning; agency code: 6642785; GPS 45.01283,6.12497; no hot tub in listing text (site SEO paragraph mentioning jacuzzi ignored)"
ingenie-les2alpes-le-chalet-bellachom-1657-chalet-14-people,LE CHALET BELLACHOM 1657 Chalet 14 people -,,Les 2 Alpes,Les 2 Alpes,France,,14,,,chalet,self-catered,self-catered,private-outdoor,yes,,,,,,,,quote-needed,,,,,unknown,,,,https://booking.les2alpes.com/le-chalet-bellachom-1657-chalet-14-people-les-2-alpes.html,Les 2 Alpes Réservation,village-france-les-2-alpes,5,chalets/images/ingenie-les2alpes-le-chalet-bellachom-1657-chalet-14-people/,2026-10-06,"not in 20-27 Mar dated search (2 adults); pass2: weekly planning; spa text: Ranking Prefectural : Advantages : Free shuttle A/R from skiroom to lift Beds made upon arrival Towels included Garage Jacuzzi Sauna Final cleaning included The ...; agency code: 6686135; GPS 45.008221,6.120556"
ingenie-les2alpes-le-chalet-cimeo-chalet-12-people,LE CHALET CIMEO Chalet 12 people,,Les 2 Alpes,Les 2 Alpes,France,,12,,,chalet,self-catered,self-catered,private-outdoor,yes,,,,,,,,quote-needed,,,,,unknown,,,,https://booking.les2alpes.com/le-chalet-cimeo-chalet-12-people-les-2-alpes.html,Les 2 Alpes Réservation,village-france-les-2-alpes,5,chalets/images/ingenie-les2alpes-le-chalet-cimeo-chalet-12-people/,2026-10-06,"not in 20-27 Mar dated search (2 adults); pass2: weekly planning; spa text: m Floor : Building witouth lift Balcony Terrace : Balcony Terrace avec Jaccuzzi extérieur Exposure : South facing Multimedia & entertainment Equipment : Smart TV ...; agency code: 6140719; GPS 45.00482,6.11962"
ingenie-les2alpes-le-chalet-d-orion-chalet-15-people,LE CHALET D'ORION Chalet 15 people,,Les 2 Alpes,Les 2 Alpes,France,,15,,,chalet,self-catered,self-catered,none,unknown,,,,,,,,quote-needed,,,,,unknown,,,,https://booking.les2alpes.com/le-chalet-d-orion-chalet-15-people-les-2-alpes.html,Les 2 Alpes Réservation,village-france-les-2-alpes,5,chalets/images/ingenie-les2alpes-le-chalet-d-orion-chalet-15-people/,2026-10-06,"not in 20-27 Mar dated search (2 adults); pass2: weekly planning; agency code: CIMALPES; GPS 45.00845,6.12138; no hot tub in listing text (site SEO paragraph mentioning jacuzzi ignored)"
ingenie-les2alpes-le-chalet-de-pascale-venosc-village-chalet-14-people,LE CHALET DE PASCALE (Venosc Village) Chalet 14 people -,,Vénosc,Les 2 Alpes,France,,14,,,chalet,self-catered,self-catered,private-outdoor,yes,,,,,,,,quote-needed,,,,,unknown,,,,https://booking.les2alpes.com/le-chalet-de-pascale-venosc-village-chalet-14-people-venosc-village.html,Les 2 Alpes Réservation,village-france-les-2-alpes,5,chalets/images/ingenie-les2alpes-le-chalet-de-pascale-venosc-village-chalet-14-people/,2026-10-06,"not in 20-27 Mar dated search (2 adults); pass2: weekly planning; spa text: ty management : Managed by a professionnel host Ranking Prefectural : Advantages : Beds made upon arrival Swimming pool Jacuzzi Sauna Turkish bath The accommodation ...; agency code: MYSWEETHOME; GPS 44.98977,6.11636"
ingenie-les2alpes-le-chalet-des-amis-venosc-village-chalet-12-people,LE CHALET DES AMIS (Venosc Village) Chalet 12 people -,,Vénosc,Les 2 Alpes,France,,12,,,chalet,self-catered,self-catered,none,unknown,,,,,,,,quote-needed,,,,,unknown,,,,https://booking.les2alpes.com/le-chalet-des-amis-venosc-village-chalet-12-people-venosc-village.html,Les 2 Alpes Réservation,village-france-les-2-alpes,5,chalets/images/ingenie-les2alpes-le-chalet-des-amis-venosc-village-chalet-12-people/,2026-10-06,"not in 20-27 Mar dated search (2 adults); pass2: weekly planning; agency code: MYSWEETHOME; GPS 44.99019,6.11327; no hot tub in listing text (site SEO paragraph mentioning jacuzzi ignored)"
ingenie-les2alpes-le-chalet-lauranoure-diable-apartment-8-people,LE CHALET LAURANOURE DIABLE Apartment 8 people,,Les 2 Alpes,Les 2 Alpes,France,,8,,,chalet,self-catered,self-catered,none,unknown,,,,,,,,quote-needed,,,,,unknown,,,,https://booking.les2alpes.com/le-chalet-lauranoure-diable-apartment-8-people-les-2-alpes.html,Les 2 Alpes Réservation,village-france-les-2-alpes,5,chalets/images/ingenie-les2alpes-le-chalet-lauranoure-diable-apartment-8-people/,2026-10-06,"not in 20-27 Mar dated search (2 adults); pass2: weekly planning; agency code: 6140719; GPS 45.00440,6.12305; no hot tub in listing text (site SEO paragraph mentioning jacuzzi ignored)"
ingenie-les2alpes-le-chalet-panoramik-chalet-14-people,LE CHALET PANORAMIK Chalet 14 people -,,Les 2 Alpes,Les 2 Alpes,France,,14,,,chalet,self-catered,self-catered,private-outdoor,yes,,,,,,,,quote-needed,,,,,unknown,,,,https://booking.les2alpes.com/le-chalet-panoramik-chalet-14-people-les-2-alpes.html,Les 2 Alpes Réservation,village-france-les-2-alpes,5,chalets/images/ingenie-les2alpes-le-chalet-panoramik-chalet-14-people/,2026-10-06,"not in 20-27 Mar dated search (2 adults); pass2: weekly planning; spa text: (uniquement pour les séjours à la semaine/only for week stay) Beds made upon arrival Bed linen included Towels included Jacuzzi Sauna Final cleaning included Self ...; agency code: CHALETSDUPIC; GPS 45.00915,6.12160"
ingenie-les2alpes-le-chalet-premiere-loge-chalet-12-people,LE CHALET PREMIERE LOGE Chalet 12 people -,,Les 2 Alpes,Les 2 Alpes,France,,12,,,chalet,self-catered,self-catered,private-outdoor,yes,,,,,,,,quote-needed,,,,,unknown,,,,https://booking.les2alpes.com/le-chalet-premiere-loge-chalet-12-people-les-2-alpes.html,Les 2 Alpes Réservation,village-france-les-2-alpes,5,chalets/images/ingenie-les2alpes-le-chalet-premiere-loge-chalet-12-people/,2026-10-06,"not in 20-27 Mar dated search (2 adults); pass2: weekly planning; spa text: niquement pour les séjours à la semaine / only for week stay) Beds made upon arrival Bed linen included Towels included Jacuzzi Sauna Final cleaning ...; agency code: CHALETSDUPIC; GPS 45.00915,6.12160"
ingenie-les2alpes-le-chalet-ruby-chalet-15-people,LE CHALET RUBY Chalet 15 people -,,Les 2 Alpes,Les 2 Alpes,France,,15,,,chalet,self-catered,self-catered,private-outdoor,unknown,,,,,,,,quote-needed,,,,,unknown,,,,https://booking.les2alpes.com/le-chalet-ruby-chalet-15-people-les-2-alpes.html,Les 2 Alpes Réservation,village-france-les-2-alpes,5,chalets/images/ingenie-les2alpes-le-chalet-ruby-chalet-15-people/,2026-10-06,"not in 20-27 Mar dated search (2 adults); pass2: weekly planning; spa text: t and savoury welcome canapés Welcome kit (cleaning products) Beds made upon arrival Bed linen included Towels included Jacuzzi Final cleaning included Self arrival possible ...; agency code: 6213028; GPS 45.0037,6.120497"
ingenie-les2alpes-le-chalet-tout-schuss-chalet-14-people,LE CHALET TOUT SCHUSS Chalet 14 people -,,Les 2 Alpes,Les 2 Alpes,France,,14,,,chalet,self-catered,self-catered,private-outdoor,unknown,,,,,,,,quote-needed,,,,,unknown,,,,https://booking.les2alpes.com/le-chalet-tout-schuss-chalet-14-people-les-2-alpes.html,Les 2 Alpes Réservation,village-france-les-2-alpes,5,chalets/images/ingenie-les2alpes-le-chalet-tout-schuss-chalet-14-people/,2026-10-06,"not in 20-27 Mar dated search (2 adults); pass2: weekly planning; spa text: uipment : Free wifi connection Property management : Managed by a professionnel host Ranking Prefectural : Advantages : Jacuzzi Self arrival possible The accommodation Living ...; agency code: 5659844; GPS 45.02121,6.12701"
ingenie-les2alpes-le-chalet-valentine-chalet-12-people,LE CHALET VALENTINE Chalet 12 people -,,Les 2 Alpes,Les 2 Alpes,France,,12,,,chalet,self-catered,self-catered,none,unknown,,,,,,,,quote-needed,,,,,unknown,,,,https://booking.les2alpes.com/le-chalet-valentine-chalet-12-people-les-2-alpes.html,Les 2 Alpes Réservation,village-france-les-2-alpes,5,chalets/images/ingenie-les2alpes-le-chalet-valentine-chalet-12-people/,2026-10-06,"not in 20-27 Mar dated search (2 adults); pass2: weekly planning; agency code: CATALANN; GPS 45.02046,6.12597; no hot tub in listing text (site SEO paragraph mentioning jacuzzi ignored)"
ingenie-les2alpes-le-chalet-zoeva-chalet-12-people-mont-de-lans-village,LE CHALET ZOEVA Chalet 12 people (Mont de Lans Village),,Mont-de-Lans,Les 2 Alpes,France,,12,,,chalet,self-catered,self-catered,none,unknown,,,,,,,,quote-needed,,,,,unknown,,,,https://booking.les2alpes.com/le-chalet-zoeva-chalet-12-people-mont-de-lans-village-mont-de-lans-village.html,Les 2 Alpes Réservation,village-france-les-2-alpes,5,chalets/images/ingenie-les2alpes-le-chalet-zoeva-chalet-12-people-mont-de-lans-village/,2026-10-06,"not in 20-27 Mar dated search (2 adults); pass2: weekly planning; agency code: HAGUEM; GPS 45.03390,6.12760; no hot tub in listing text (site SEO paragraph mentioning jacuzzi ignored)"
ingenie-les2alpes-le-foyer-venosc-village-chalet-12-people,LE FOYER (Venosc Village) Chalet 12 people -,,Vénosc,Les 2 Alpes,France,,12,,,chalet,self-catered,self-catered,private (location not stated),unknown,,,,,,,,quote-needed,,,,,unknown,,,,https://booking.les2alpes.com/le-foyer-venosc-village-chalet-12-people-venosc-village.html,Les 2 Alpes Réservation,village-france-les-2-alpes,5,chalets/images/ingenie-les2alpes-le-foyer-venosc-village-chalet-12-people/,2026-10-06,"not in 20-27 Mar dated search (2 adults); pass2: weekly planning; agency code: MYSWEETHOME; GPS 44.98980,6.11398; hot tub evidence: your well-being. Between the warm atmosphere of wood, the soothing comfort of a jacuzzi, and the enveloping heat of a sauna, these accommodations turn your stay into a"
ingenie-les2alpes-le-grill-venosc-village-chalet-14-people,LE GRILL (Venosc Village) Chalet 14 people,,Vénosc,Les 2 Alpes,France,,14,,,chalet,self-catered,self-catered,shared,yes,,,,,,,,quote-needed,,,,,unknown,,,,https://booking.les2alpes.com/le-grill-venosc-village-chalet-14-people-venosc-village.html,Les 2 Alpes Réservation,village-france-les-2-alpes,5,chalets/images/ingenie-les2alpes-le-grill-venosc-village-chalet-14-people/,2026-10-06,"not in 20-27 Mar dated search (2 adults); pass2: weekly planning; spa text: ty management : Managed by a professionnel host Ranking Prefectural : Advantages : Beds made upon arrival Swimming pool Jacuzzi Sauna Turkish bath The accommodation ...; agency code: MYSWEETHOME; GPS 44.98977,6.11636"
ingenie-les2alpes-le-kerl-venosc-village-chalet-8-people,LE KERL (Venosc village) - Chalet 8 people -,,Vénosc,Les 2 Alpes,France,,8,,,chalet,self-catered,self-catered,none,unknown,,,,,,,,quote-needed,,,,,unknown,,,,https://booking.les2alpes.com/le-kerl-venosc-village-chalet-8-people-venosc-village.html,Les 2 Alpes Réservation,village-france-les-2-alpes,5,chalets/images/ingenie-les2alpes-le-kerl-venosc-village-chalet-8-people/,2026-10-06,"not in 20-27 Mar dated search (2 adults); pass2: weekly planning; agency code: DUSSINER; GPS 44.98975,6.11512; no hot tub in listing text (site SEO paragraph mentioning jacuzzi ignored)"
ingenie-les2alpes-le-lodge-venosc-village-chalet-14-people,LE LODGE (Venosc Village) Chalet 14 people -,,Vénosc,Les 2 Alpes,France,,14,,,chalet,self-catered,self-catered,none,yes,,,,,,,,quote-needed,,,,,unknown,,,,https://booking.les2alpes.com/le-lodge-venosc-village-chalet-14-people-venosc-village.html,Les 2 Alpes Réservation,village-france-les-2-alpes,5,chalets/images/ingenie-les2alpes-le-lodge-venosc-village-chalet-14-people/,2026-10-06,"not in 20-27 Mar dated search (2 adults); pass2: weekly planning; agency code: MYSWEETHOME; GPS 45.03620,6.13186; no hot tub in listing text (site SEO paragraph mentioning jacuzzi ignored)"
ingenie-les2alpes-le-p-tit-chalet-chalet-6-people,LE P'TIT CHALET Chalet 6 people -,,Les 2 Alpes,Les 2 Alpes,France,,6,,,chalet,self-catered,self-catered,none,unknown,,,,,,,,quote-needed,,,,,unknown,,,,https://booking.les2alpes.com/le-p-tit-chalet-chalet-6-people-les-2-alpes.html,Les 2 Alpes Réservation,village-france-les-2-alpes,5,chalets/images/ingenie-les2alpes-le-p-tit-chalet-chalet-6-people/,2026-10-06,"not in 20-27 Mar dated search (2 adults); pass2: weekly planning; agency code: 5659765; GPS 45.00306,6.12428; no hot tub in listing text (site SEO paragraph mentioning jacuzzi ignored)"
ingenie-les2alpes-le-pic-venosc-village-chalet-14-people,LE PIC (Venosc Village) Chalet 14 people -,,Vénosc,Les 2 Alpes,France,,14,,,chalet,self-catered,self-catered,none,yes,,,,,,,,quote-needed,,,,,unknown,,,,https://booking.les2alpes.com/le-pic-venosc-village-chalet-14-people-venosc-village.html,Les 2 Alpes Réservation,village-france-les-2-alpes,5,chalets/images/ingenie-les2alpes-le-pic-venosc-village-chalet-14-people/,2026-10-06,not in 20-27 Mar dated search (2 adults); pass2: weekly planning; agency code: MYSWEETHOME; no hot tub in listing text (site SEO paragraph mentioning jacuzzi ignored)
ingenie-les2alpes-le-snug-venosc-village-chalet-6-people,LE SNUG (Venosc Village) Chalet 6 people -,,Vénosc,Les 2 Alpes,France,,6,,,chalet,self-catered,self-catered,private-outdoor,yes,,,,,,,,quote-needed,,,,,unknown,,,,https://booking.les2alpes.com/le-snug-venosc-village-chalet-6-people-venosc-village.html,Les 2 Alpes Réservation,village-france-les-2-alpes,5,chalets/images/ingenie-les2alpes-le-snug-venosc-village-chalet-6-people/,2026-10-06,not in 20-27 Mar dated search (2 adults); pass2: weekly planning; spa text: ty management : Managed by a professionnel host Ranking Prefectural : Advantages : Beds made upon arrival Swimming pool Jacuzzi Sauna Turkish bath Self arrival ...; agency code: MYSWEETHOME
ingenie-les2alpes-snowy-chalet-apartment-8-people-6-adults-2-children,SNOWY CHALET Apartment 8 people (6 adults + 2 children),,Les 2 Alpes,Les 2 Alpes,France,,8,,,chalet,self-catered,self-catered,none,unknown,,,,,,,,quote-needed,,,,,unknown,,,,https://booking.les2alpes.com/snowy-chalet-apartment-8-people-6-adults-2-children-les-2-alpes.html,Les 2 Alpes Réservation,village-france-les-2-alpes,5,chalets/images/ingenie-les2alpes-snowy-chalet-apartment-8-people-6-adults-2-children/,2026-10-06,"not in 20-27 Mar dated search (2 adults); pass2: weekly planning; agency code: 5659686; GPS 45.02269,6.12479; no hot tub in listing text (site SEO paragraph mentioning jacuzzi ignored)"
ingenie-les2alpes-les-sequoias-chalet-10-n103-apartment-4-people,LES SEQUOIAS Chalet 10 N°103 Apartment 4 people,,Les 2 Alpes,Les 2 Alpes,France,,4,,,chalet,self-catered,self-catered,none,unknown,,,,,,,,quote-needed,,,,,unknown,,,,https://booking.les2alpes.com/les-sequoias-chalet-10-n103-apartment-4-people-les-2-alpes.html,Les 2 Alpes Réservation,village-france-les-2-alpes,5,chalets/images/ingenie-les2alpes-les-sequoias-chalet-10-n103-apartment-4-people/,2026-10-06,"not in 20-27 Mar dated search (2 adults); pass2: weekly planning; agency code: CARABAJAR; GPS 45.00197,6.12433; no hot tub in listing text (site SEO paragraph mentioning jacuzzi ignored)"
ingenie-les2alpes-les-myrtilles-apartment-10-people,LES MYRTILLES Apartment 10 people -,,Les 2 Alpes,Les 2 Alpes,France,,10,,,apartment,self-catered,self-catered,none,unknown,,,,,,,,quote-needed,,,,,unknown,,,,https://booking.les2alpes.com/les-myrtilles-apartment-10-people-les-2-alpes.html,Les 2 Alpes Réservation,village-france-les-2-alpes,5,chalets/images/ingenie-les2alpes-les-myrtilles-apartment-10-people/,2026-10-06,"not in 20-27 Mar dated search (2 adults); pass2: weekly planning; agency code: 6463025; GPS 45.021742,6.124035; no hot tub in listing text (site SEO paragraph mentioning jacuzzi ignored)"
ingenie-les2alpes-les-marronniers-rdc-apartment-6-people,LES MARRONNIERS RDC Apartment 6 people -,,Les 2 Alpes,Les 2 Alpes,France,,6,,,apartment,self-catered,self-catered,yes-type-unknown,unknown,,,,,,,,quote-needed,,,,,unknown,,,,https://booking.les2alpes.com/les-marronniers-rdc-apartment-6-people.html,Les 2 Alpes Réservation,village-france-les-2-alpes,5,chalets/images/ingenie-les2alpes-les-marronniers-rdc-apartment-6-people/,2026-10-06,"not in 20-27 Mar dated search (2 adults); pass2: weekly planning; spa text: ) Free wifi connection Property management : Managed by a private host Ranking Prefectural : Advantages : View montagne Jacuzzi Final cleaning included Fibre broadband ...; agency code: CHENERILLE; GPS 45.02060,6.12695"
ingenie-les2alpes-les-clochettes-n1-apartment-10-people,LES CLOCHETTES N°1 Apartment 10 people -,,Les 2 Alpes,Les 2 Alpes,France,,10,,,apartment,self-catered,self-catered,none,unknown,,,,,,,,quote-needed,,,,,unknown,,,,https://booking.les2alpes.com/les-clochettes-n1-apartment-10-people-les-2-alpes.html,Les 2 Alpes Réservation,village-france-les-2-alpes,5,chalets/images/ingenie-les2alpes-les-clochettes-n1-apartment-10-people/,2026-10-06,"not in 20-27 Mar dated search (2 adults); pass2: weekly planning; agency code: 6444717; GPS 45.02174,6.12404; no hot tub in listing text (site SEO paragraph mentioning jacuzzi ignored)"
ingenie-les2alpes-le-sapinou-apartment-10-people,LE SAPINOU Apartment 10 people -,,Les 2 Alpes,Les 2 Alpes,France,,10,,,apartment,self-catered,self-catered,none,unknown,,,,,,,,quote-needed,,,,,unknown,,,,https://booking.les2alpes.com/le-sapinou-apartment-10-people-les-2-alpes.html,Les 2 Alpes Réservation,village-france-les-2-alpes,5,chalets/images/ingenie-les2alpes-le-sapinou-apartment-10-people/,2026-10-06,"not in 20-27 Mar dated search (2 adults); pass2: weekly planning; agency code: 5659799; GPS 45.02151,6.12690; no hot tub in listing text (site SEO paragraph mentioning jacuzzi ignored)"
ingenie-les2alpes-le-sapinou-apartment-6-people,LE SAPINOU apartment 6 people -,,Les 2 Alpes,Les 2 Alpes,France,,6,,,apartment,self-catered,self-catered,none,unknown,,,,,,,,quote-needed,,,,,unknown,,,,https://booking.les2alpes.com/le-sapinou-apartment-6-people-les-2-alpes.html,Les 2 Alpes Réservation,village-france-les-2-alpes,5,chalets/images/ingenie-les2alpes-le-sapinou-apartment-6-people/,2026-10-06,"not in 20-27 Mar dated search (2 adults); pass2: weekly planning; agency code: 5659799; GPS 45.02151,6.1269; no hot tub in listing text (site SEO paragraph mentioning jacuzzi ignored)"
ingenie-les2alpes-le-chalet-solski-cote-belle-apartment-10-people,LE CHALET SOLSKI COTE BELLE Apartment 10 people,,Les 2 Alpes,Les 2 Alpes,France,,10,,,chalet,self-catered,self-catered,private-outdoor,yes,,,,,,,,quote-needed,,,,,unknown,,,,https://booking.les2alpes.com/le-chalet-solski-cote-belle-apartment-10-people-les-2-alpes.html,Les 2 Alpes Réservation,village-france-les-2-alpes,5,chalets/images/ingenie-les2alpes-le-chalet-solski-cote-belle-apartment-10-people/,2026-10-06,"not in 20-27 Mar dated search (2 adults); pass2: weekly planning; spa text: host Ranking Prefectural : Advantages : Beds made upon arrival Bed linen included Towels included Garage Swimming pool Jacuzzi Sauna Final cleaning included The accommodation ...; agency code: CIMALPES; GPS 45.01048,6.12173"
ingenie-les2alpes-le-chalet-des-trois-ours-deva-n3-apartment-11-people,LE CHALET DES TROIS OURS - DEVA N°3 Apartment 11 people,,Les 2 Alpes,Les 2 Alpes,France,,11,,,chalet,self-catered,self-catered,none,yes,,,,,,,,quote-needed,,,,,unknown,,,,https://booking.les2alpes.com/le-chalet-des-trois-ours-deva-n3-apartment-11-people-les-2-alpes.html,Les 2 Alpes Réservation,village-france-les-2-alpes,5,chalets/images/ingenie-les2alpes-le-chalet-des-trois-ours-deva-n3-apartment-11-people/,2026-10-06,"not in 20-27 Mar dated search (2 adults); pass2: weekly planning; agency code: 5719823; GPS 45.01024,6.12183; no hot tub in listing text (site SEO paragraph mentioning jacuzzi ignored)"
ingenie-les2alpes-le-chalet-des-trois-ours-deva-n2-apartment-11-people,LE CHALET DES TROIS OURS - DEVA N°2 Apartment 11 people,,Les 2 Alpes,Les 2 Alpes,France,,11,,,chalet,self-catered,self-catered,none,yes,,,,,,,,quote-needed,,,,,unknown,,,,https://booking.les2alpes.com/le-chalet-des-trois-ours-deva-n2-apartment-11-people-les-2-alpes.html,Les 2 Alpes Réservation,village-france-les-2-alpes,5,chalets/images/ingenie-les2alpes-le-chalet-des-trois-ours-deva-n2-apartment-11-people/,2026-10-06,"not in 20-27 Mar dated search (2 adults); pass2: weekly planning; agency code: 5719823; GPS 45.01024,6.12183; no hot tub in listing text (site SEO paragraph mentioning jacuzzi ignored)"
ingenie-les2alpes-le-chalet-des-trois-ours-deva-n1-apartment-9-people,LE CHALET DES TROIS OURS - DEVA N°1 Apartment 9 people,,Les 2 Alpes,Les 2 Alpes,France,,9,,,chalet,self-catered,self-catered,none,yes,,,,,,,,quote-needed,,,,,unknown,,,,https://booking.les2alpes.com/le-chalet-des-trois-ours-deva-n1-apartment-9-people-les-2-alpes.html,Les 2 Alpes Réservation,village-france-les-2-alpes,5,chalets/images/ingenie-les2alpes-le-chalet-des-trois-ours-deva-n1-apartment-9-people/,2026-10-06,"not in 20-27 Mar dated search (2 adults); pass2: weekly planning; agency code: 5719823; GPS 45.01024,6.12183; no hot tub in listing text (site SEO paragraph mentioning jacuzzi ignored)"
ingenie-les2alpes-le-chalet-d-isa-apartment-6-people,LE CHALET D'ISA Apartment 6 people -,,Les 2 Alpes,Les 2 Alpes,France,,6,,,chalet,self-catered,self-catered,none,unknown,,,,,,,,quote-needed,,,,,unknown,,,,https://booking.les2alpes.com/le-chalet-d-isa-apartment-6-people-les-2-alpes.html,Les 2 Alpes Réservation,village-france-les-2-alpes,5,chalets/images/ingenie-les2alpes-le-chalet-d-isa-apartment-6-people/,2026-10-06,"not in 20-27 Mar dated search (2 adults); pass2: weekly planning; agency code: 6315844; GPS 45.00998,6.12166; no hot tub in listing text (site SEO paragraph mentioning jacuzzi ignored)"
ingenie-les2alpes-le-chalet-clos-chalance-apartment-10-people,LE CHALET CLOS CHALANCE Apartment 10 people,,Les 2 Alpes,Les 2 Alpes,France,,10,,,chalet,self-catered,self-catered,none,yes,,,,,,,,quote-needed,,,,,unknown,,,,https://booking.les2alpes.com/le-chalet-clos-chalance-apartment-10-people-les-2-alpes.html,Les 2 Alpes Réservation,village-france-les-2-alpes,5,chalets/images/ingenie-les2alpes-le-chalet-clos-chalance-apartment-10-people/,2026-10-06,"not in 20-27 Mar dated search (2 adults); pass2: weekly planning; agency code: 5948905; GPS 45.01787,6.12695; no hot tub in listing text (site SEO paragraph mentioning jacuzzi ignored)"
ingenie-les2alpes-le-chalet-clos-chalance-apartment-6-people,LE CHALET CLOS CHALANCE Apartment 6 people,,Les 2 Alpes,Les 2 Alpes,France,,6,,,chalet,self-catered,self-catered,none,unknown,,,,,,,,quote-needed,,,,,unknown,,,,https://booking.les2alpes.com/le-chalet-clos-chalance-apartment-6-people-les-2-alpes.html,Les 2 Alpes Réservation,village-france-les-2-alpes,5,chalets/images/ingenie-les2alpes-le-chalet-clos-chalance-apartment-6-people/,2026-10-06,"not in 20-27 Mar dated search (2 adults); pass2: weekly planning; agency code: 5948905; GPS 45.01787,6.12695; no hot tub in listing text (site SEO paragraph mentioning jacuzzi ignored)"
ingenie-les2alpes-la-levanna-apartment-5-people,LA LEVANNA Apartment 5 people -,,Les 2 Alpes,Les 2 Alpes,France,,5,,,apartment,self-catered,self-catered,none,unknown,,,,,,,,quote-needed,,,,,unknown,,,,https://booking.les2alpes.com/la-levanna-apartment-5-people-les-2-alpes.html,Les 2 Alpes Réservation,village-france-les-2-alpes,5,chalets/images/ingenie-les2alpes-la-levanna-apartment-5-people/,2026-10-06,"not in 20-27 Mar dated search (2 adults); pass2: weekly planning; agency code: 5659678; GPS 45.02223,6.12448; no hot tub in listing text (site SEO paragraph mentioning jacuzzi ignored)"
ingenie-les2alpes-house-alice-apartment-anemone-14-people,HOUSE ALICE Apartment Anémone 14 people -,,Les 2 Alpes,Les 2 Alpes,France,,14,,,apartment,self-catered,self-catered,none,yes,,,,,,,,quote-needed,,,,,unknown,,,,https://booking.les2alpes.com/house-alice-apartment-anemone-14-people-les-2-alpes.html,Les 2 Alpes Réservation,village-france-les-2-alpes,5,chalets/images/ingenie-les2alpes-house-alice-apartment-anemone-14-people/,2026-10-06,"not in 20-27 Mar dated search (2 adults); pass2: weekly planning; agency code: 6140719; GPS 45.00469,6.12085; no hot tub in listing text (site SEO paragraph mentioning jacuzzi ignored)"
ingenie-les2alpes-house-alice-apartment-ancolie-10-people,HOUSE ALICE Apartment Ancolie 10 people -,,Les 2 Alpes,Les 2 Alpes,France,,10,,,apartment,self-catered,self-catered,none,yes,,,,,,,,quote-needed,,,,,unknown,,,,https://booking.les2alpes.com/house-alice-apartment-ancolie-10-people-les-2-alpes.html,Les 2 Alpes Réservation,village-france-les-2-alpes,5,chalets/images/ingenie-les2alpes-house-alice-apartment-ancolie-10-people/,2026-10-06,"not in 20-27 Mar dated search (2 adults); pass2: weekly planning; agency code: 6140719; GPS 45.00469,6.12085; no hot tub in listing text (site SEO paragraph mentioning jacuzzi ignored)"
ingenie-les2alpes-chalet-twin-top-apartment-12-people,CHALET TWIN TOP Apartment 12 people -,,Les 2 Alpes,Les 2 Alpes,France,,12,,,chalet,self-catered,self-catered,none,unknown,,,,,,,,quote-needed,,,,,unknown,,,,https://booking.les2alpes.com/chalet-twin-top-apartment-12-people-les-2-alpes-1.html,Les 2 Alpes Réservation,village-france-les-2-alpes,5,chalets/images/ingenie-les2alpes-chalet-twin-top-apartment-12-people/,2026-10-06,"not in 20-27 Mar dated search (2 adults); pass2: weekly planning; agency code: 5659844; GPS 45.02122,6.12689; no hot tub in listing text (site SEO paragraph mentioning jacuzzi ignored)"
ingenie-les2alpes-chalet-treluyer-le-glacier-apartment-8-people,CHALET TRELUYER LE GLACIER Apartment 8 people,,Les 2 Alpes,Les 2 Alpes,France,,8,,,chalet,self-catered,self-catered,private-outdoor,yes,,,,,,,,quote-needed,,,,,unknown,,,,https://booking.les2alpes.com/chalet-treluyer-le-glacier-apartment-8-people-les-2-alpes.html,Les 2 Alpes Réservation,village-france-les-2-alpes,5,chalets/images/ingenie-les2alpes-chalet-treluyer-le-glacier-apartment-8-people/,2026-10-06,"not in 20-27 Mar dated search (2 adults); pass2: weekly planning; spa text: EMENT A RESERVER AUPRES DE L AGENCE POUR TARIFS ET CONDITIONS Beds made upon arrival Bed linen included Towels included Jacuzzi Sauna Final cleaning included ...; agency code: 6140719; GPS 45.00452,6.11871"
ingenie-les2alpes-chalet-treluyer-le-diable-apartment-6-people,CHALET TRELUYER LE DIABLE Apartment 6 people,,Les 2 Alpes,Les 2 Alpes,France,,6,,,chalet,self-catered,self-catered,private-outdoor,unknown,,,,,,,,quote-needed,,,,,unknown,,,,https://booking.les2alpes.com/chalet-treluyer-le-diable-apartment-6-people-les-2-alpes.html,Les 2 Alpes Réservation,village-france-les-2-alpes,5,chalets/images/ingenie-les2alpes-chalet-treluyer-le-diable-apartment-6-people/,2026-10-06,"not in 20-27 Mar dated search (2 adults); pass2: weekly planning; spa text: EMENT A RESERVER AUPRES DE L AGENCE POUR TARIFS ET CONDITIONS Beds made upon arrival Bed linen included Towels included Jacuzzi Final cleaning included The ...; agency code: 6140719; GPS 45.00455,6.11871"
ingenie-les2alpes-chalet-nivose-apartment-6-people,CHALET NIVOSE Apartment 6 people -,,Les 2 Alpes,Les 2 Alpes,France,,6,,,chalet,self-catered,self-catered,none,unknown,,,,,,,,quote-needed,,,,,unknown,,,,https://booking.les2alpes.com/chalet-nivose-apartment-6-people-les-2-alpes.html,Les 2 Alpes Réservation,village-france-les-2-alpes,5,chalets/images/ingenie-les2alpes-chalet-nivose-apartment-6-people/,2026-10-06,"not in 20-27 Mar dated search (2 adults); pass2: weekly planning; agency code: 5659821; GPS 45.02107,6.12816; no hot tub in listing text (site SEO paragraph mentioning jacuzzi ignored)"
ingenie-les2alpes-chalet-lous-menouts-chalet-10-people,CHALET LOUS MENOUTS Chalet 10 people,,Les 2 Alpes,Les 2 Alpes,France,,10,,,chalet,self-catered,self-catered,none,yes,,,,,,,,quote-needed,,,,,unknown,,,,https://booking.les2alpes.com/chalet-lous-menouts-chalet-10-people-les-2-alpes.html,Les 2 Alpes Réservation,village-france-les-2-alpes,5,chalets/images/ingenie-les2alpes-chalet-lous-menouts-chalet-10-people/,2026-10-06,"not in 20-27 Mar dated search (2 adults); pass2: weekly planning; agency code: 5659774; GPS 45.01852,6.12738; no hot tub in listing text (site SEO paragraph mentioning jacuzzi ignored)"
ingenie-les2alpes-chalet-le-solaret-apartment-le-solaret-8-people,CHALET LE SOLARET Apartment le Solaret 8 people,,Les 2 Alpes,Les 2 Alpes,France,,8,,,chalet,self-catered,self-catered,none,unknown,,,,,,,,quote-needed,,,,,unknown,,,,https://booking.les2alpes.com/chalet-le-solaret-apartment-le-solaret-8-people-les-2-alpes-1.html,Les 2 Alpes Réservation,village-france-les-2-alpes,5,chalets/images/ingenie-les2alpes-chalet-le-solaret-apartment-le-solaret-8-people/,2026-10-06,"not in 20-27 Mar dated search (2 adults); pass2: weekly planning; agency code: GANZN; GPS 45.00368,6.12282; no hot tub in listing text (site SEO paragraph mentioning jacuzzi ignored)"
ingenie-les2alpes-chalet-les-lupins-apartement-4-people,CHALET LES LUPINS Apartement 4 people -,,Les 2 Alpes,Les 2 Alpes,France,,4,,,chalet,self-catered,self-catered,none,unknown,,,,,,,,quote-needed,,,,,unknown,,,,https://booking.les2alpes.com/chalet-les-lupins-apartement-4-people-les-2-alpes.html,Les 2 Alpes Réservation,village-france-les-2-alpes,5,chalets/images/ingenie-les2alpes-chalet-les-lupins-apartement-4-people/,2026-10-06,"not in 20-27 Mar dated search (2 adults); pass2: weekly planning; agency code: 5659766; GPS 45.00419,6.12054; no hot tub in listing text (site SEO paragraph mentioning jacuzzi ignored)"
ingenie-les2alpes-chalet-le-marmotton-apartment-8-people,CHALET LE MARMOTTON - Apartment 8 people,,Les 2 Alpes,Les 2 Alpes,France,,8,,,chalet,self-catered,self-catered,none,unknown,,,,,,,,quote-needed,,,,,unknown,,,,https://booking.les2alpes.com/chalet-le-marmotton-apartment-8-people-les-2-alpes.html,Les 2 Alpes Réservation,village-france-les-2-alpes,5,chalets/images/ingenie-les2alpes-chalet-le-marmotton-apartment-8-people/,2026-10-06,"not in 20-27 Mar dated search (2 adults); pass2: weekly planning; agency code: 5659738; GPS 45.01086,6.12380; no hot tub in listing text (site SEO paragraph mentioning jacuzzi ignored)"
ingenie-les2alpes-chalet-le-chantelouve-n18-apartment-6-people,CHALET LE CHANTELOUVE N°18 Apartment 6 people,,Les 2 Alpes,Les 2 Alpes,France,,6,,,chalet,self-catered,self-catered,private (location not stated),unknown,,,,,,,,quote-needed,,,,,unknown,,,,https://booking.les2alpes.com/chalet-le-chantelouve-n18-apartment-6-people-les-2-alpes.html,Les 2 Alpes Réservation,village-france-les-2-alpes,5,chalets/images/ingenie-les2alpes-chalet-le-chantelouve-n18-apartment-6-people/,2026-10-06,"not in 20-27 Mar dated search (2 adults); pass2: weekly planning; spa text: ed Charging station for electric vehicles Storage space : Ski locker avec vestiaire Safety box Local à vélo ou garage : Whirlpool bath Fire place ...; agency code: SALINASA; GPS 45.01638,6.12707"
ingenie-les2alpes-chalet-le-chantelouve-n1-apartment-6-people,CHALET LE CHANTELOUVE N°1 Apartment 6 people -,,Les 2 Alpes,Les 2 Alpes,France,,6,,,chalet,self-catered,self-catered,none,unknown,,,,,,,,quote-needed,,,,,unknown,,,,https://booking.les2alpes.com/chalet-le-chantelouve-n1-apartment-6-people-les-2-alpes.html,Les 2 Alpes Réservation,village-france-les-2-alpes,5,chalets/images/ingenie-les2alpes-chalet-le-chantelouve-n1-apartment-6-people/,2026-10-06,"not in 20-27 Mar dated search (2 adults); pass2: weekly planning; agency code: 5659847; GPS 45.01640,6.12711; no hot tub in listing text (site SEO paragraph mentioning jacuzzi ignored)"
ingenie-les2alpes-chalet-la-dibona-l-ours-apartment-8-people,CHALET LA DIBONA - L'OURS Apartment 8 people,,Les 2 Alpes,Les 2 Alpes,France,,8,,,chalet,self-catered,self-catered,none,unknown,,,,,,,,quote-needed,,,,,unknown,,,,https://booking.les2alpes.com/chalet-la-dibona-l-ours-apartment-8-people-les-2-alpes.html,Les 2 Alpes Réservation,village-france-les-2-alpes,5,chalets/images/ingenie-les2alpes-chalet-la-dibona-l-ours-apartment-8-people/,2026-10-06,"not in 20-27 Mar dated search (2 adults); pass2: weekly planning; agency code: 5659687; GPS 45.02271,6.12467; no hot tub in listing text (site SEO paragraph mentioning jacuzzi ignored)"
ingenie-les2alpes-chalet-la-dibona-l-edelweiss-apartment-8-people,CHALET LA DIBONA - L'EDELWEISS Apartment 8 people,,Les 2 Alpes,Les 2 Alpes,France,,8,,,chalet,self-catered,self-catered,none,unknown,,,,,,,,quote-needed,,,,,unknown,,,,https://booking.les2alpes.com/chalet-la-dibona-l-edelweiss-apartment-8-people-les-2-alpes.html,Les 2 Alpes Réservation,village-france-les-2-alpes,5,chalets/images/ingenie-les2alpes-chalet-la-dibona-l-edelweiss-apartment-8-people/,2026-10-06,"not in 20-27 Mar dated search (2 adults); pass2: weekly planning; agency code: 5659687; GPS 45.02271,6.12466; no hot tub in listing text (site SEO paragraph mentioning jacuzzi ignored)"
ingenie-les2alpes-chalet-claparelle-apartment-4-people,CHALET CLAPARELLE Apartment 4 people,,Les 2 Alpes,Les 2 Alpes,France,,4,,,chalet,self-catered,self-catered,none,unknown,,,,,,,,quote-needed,,,,,unknown,,,,https://booking.les2alpes.com/chalet-claparelle-apartment-4-people-les-2-alpes.html,Les 2 Alpes Réservation,village-france-les-2-alpes,5,chalets/images/ingenie-les2alpes-chalet-claparelle-apartment-4-people/,2026-10-06,"not in 20-27 Mar dated search (2 adults); pass2: weekly planning; agency code: 5659809; GPS 45.01433,6.12614; no hot tub in listing text (site SEO paragraph mentioning jacuzzi ignored)"
ingenie-les2alpes-chalet-chloelie-appartment-10-people,CHALET CHLOELIE Appartment 10 people,,Les 2 Alpes,Les 2 Alpes,France,,10,,,chalet,self-catered,self-catered,none,unknown,,,,,,,,quote-needed,,,,,unknown,,,,https://booking.les2alpes.com/chalet-chloelie-appartment-10-people-les-2-alpes.html,Les 2 Alpes Réservation,village-france-les-2-alpes,5,chalets/images/ingenie-les2alpes-chalet-chloelie-appartment-10-people/,2026-10-06,"not in 20-27 Mar dated search (2 adults); pass2: weekly planning; agency code: IDESHEIMM; GPS 45.02033,6.12836; no hot tub in listing text (site SEO paragraph mentioning jacuzzi ignored)"
ingenie-les2alpes-chalet-la-muzelle-chalet-15-people,,,,,,,,,,,,,,,,,,,,,,,,,,,,,allchalets-chalet-la-muzelle,,,Les 2 Alpes Réservation (booking.les2alpes.com),village-france-les-2-alpes,,,2026-10-06,"probably same property as allchalets-chalet-la-muzelle (allChalets, same name in Les 2 Alpes)"
ingenie-les2alpes-chalet-erika-chalet-16-people,,,,,,,,,,,,,,,,,,,,,,,,,,,,,allchalets-chalet-erika,,,Les 2 Alpes Réservation (booking.les2alpes.com),village-france-les-2-alpes,,,2026-10-06,"probably same property as allchalets-chalet-erika (allChalets, same name in Les 2 Alpes)"
ingenie-les2alpes-chalet-le-panorama-chalet-12-people,,,,,,,,,,,,,,,,,,,,,,,,,,,,,allchalets-chalet-le-panorama,,,Les 2 Alpes Réservation (booking.les2alpes.com),village-france-les-2-alpes,,,2026-10-06,"probably same property as allchalets-chalet-le-panorama (allChalets, same name in Les 2 Alpes)"
ingenie-les2alpes-chalet-norma-chalet-12-people,,,,,,,,,,,,,,,,,,,,,,,,,,,,,allchalets-chalet-norma,,,Les 2 Alpes Réservation (booking.les2alpes.com),village-france-les-2-alpes,,,2026-10-06,"probably same property as allchalets-chalet-norma (allChalets, same name in Les 2 Alpes)"
ingenie-les2alpes-chalet-les-alpages-chalet-8-people,,,,,,,,,,,,,,,,,,,,,,,,,,,,,allchalets-chalet-les-alpages,,,Les 2 Alpes Réservation (booking.les2alpes.com),village-france-les-2-alpes,,,2026-10-06,"probably same property as allchalets-chalet-les-alpages (allChalets, same name in Les 2 Alpes)"
ingenie-les2alpes-chalet-le-lynx-14-persons-chalet,,,,,,,,,,,,,,,,,,,,,,,,,,,,,allchalets-chalet-le-lynx,,,Les 2 Alpes Réservation (booking.les2alpes.com),village-france-les-2-alpes,,,2026-10-06,"probably same property as allchalets-chalet-le-lynx (allChalets, same name in Les 2 Alpes)"
ingenie-les2alpes-chalet-le-chabichou-15-persons-chalet,,,,,,,,,,,,,,,,,,,,,,,,,,,,,allchalets-chalet-le-chabichou,,,Les 2 Alpes Réservation (booking.les2alpes.com),village-france-les-2-alpes,,,2026-10-06,"probably same property as allchalets-chalet-le-chabichou (allChalets, same name in Les 2 Alpes)"
ingenie-les2alpes-chalet-gilda-chalet-12-people,,,,,,,,,,,,,,,,,,,,,,,,,,,,,allchalets-chalet-gilda,,,Les 2 Alpes Réservation (booking.les2alpes.com),village-france-les-2-alpes,,,2026-10-06,"probably same property as allchalets-chalet-gilda (allChalets, same name in Les 2 Alpes)"
ingenie-les2alpes-chambertin-lodge-chalet-12-personnes,,,,,,,,,,,,,,,,,,,,,,,,,,,,,allchalets-chalet-le-chambertin,,,Les 2 Alpes Réservation (booking.les2alpes.com),village-france-les-2-alpes,,,2026-10-06,"probably same property as allchalets-chalet-le-chambertin (allChalets, same name in Les 2 Alpes)"
ingenie-les2alpes-chalet-l-ours-polaire14-persons-chalet,,,,,,,,,,,,,,,,,,,,,,,,,,,,,allchalets-chalet-l-ours-polaire,,,Les 2 Alpes Réservation (booking.les2alpes.com),village-france-les-2-alpes,,,2026-10-06,"probably same property as allchalets-chalet-l-ours-polaire (allChalets, same name in Les 2 Alpes)"
ingenie-les2alpes-chalet-l-ours-brun-chalet-14-personnes,,,,,,,,,,,,,,,,,,,,,,,,,,,,,allchalets-chalet-l-ours-brun,,,Les 2 Alpes Réservation (booking.les2alpes.com),village-france-les-2-alpes,,,2026-10-06,"probably same property as allchalets-chalet-l-ours-brun (allChalets, same name in Les 2 Alpes)"
ingenie-les2alpes-chalet-l-atelier-chalet-12-people,,,,,,,,,,,,,,,,,,,,,,,,,,,,,allchalets-chalet-atelier,,,Les 2 Alpes Réservation (booking.les2alpes.com),village-france-les-2-alpes,,,2026-10-06,"probably same property as allchalets-chalet-atelier (allChalets, same name in Les 2 Alpes)"
ingenie-les2alpes-chalet-l-olivier-chalet-12-people,,,,,,,,,,,,,,,,,,,,,,,,,,,,,allchalets-chalet-olivier,,,Les 2 Alpes Réservation (booking.les2alpes.com),village-france-les-2-alpes,,,2026-10-06,"probably same property as allchalets-chalet-olivier (allChalets, same name in Les 2 Alpes)"
ingenie-les2alpes-chalet-mountain-lodge-chalet-12-people,,,,,,,,,,,,,,,,,,,,,,,,,,,,,allchalets-chalet-mountain-lodge,,,Les 2 Alpes Réservation (booking.les2alpes.com),village-france-les-2-alpes,,,2026-10-06,"probably same property as allchalets-chalet-mountain-lodge (allChalets, same name in Les 2 Alpes)"
ingenie-les2alpes-chalet-la-panthere-des-neiges-chalet-14-people,,,,,,,,,,,,,,,,,,,,,,,,,,,,,allchalets-chalet-la-panthere,,,Les 2 Alpes Réservation (booking.les2alpes.com),village-france-les-2-alpes,,,2026-10-06,"probably same property as allchalets-chalet-la-panthere (allChalets, same name in Les 2 Alpes)"
altitude-holidays-chalet-les-jonquilles,Chalet Les Jonquilles,,Les 2 Alpes,Les 2 Alpes,France,,12,6,,chalet,catered-or-self,offered self-catered incl. channel crossing; catered on request,none,unknown,"log fire, boot drier, laundry, parking, pets allowed",250,,,,,,quote-needed,,,,,unknown,,ingenie-les2alpes-chalet-les-jonquilles-chalet-13-people,"Traditional chalet near the resort entrance, 6 bedrooms over 3 levels, sleeps 12; self-catered with channel crossing, catered on request.",https://altitudeholidays.co.uk/resorts/france/les-deux-alpes/accommodation/property/chalet-les-jonquilles,Altitude Holidays,village-france-les-2-alpes,,,2026-10-06,Altitude Holidays directory listing (owner contact form); hot tub not in facility list; pass2: price
altitude-holidays-les-2-alpes-116,Les 2 Alpes 116,,Les 2 Alpes,Les 2 Alpes,France,,6,2,,apartment,self-catered,,none,unknown,,100,,,,,,quote-needed,,,,,unknown,,,"High-end 55 m2 apartment in the heart of Les 2 Alpes, 100 m from slopes; 2 bedrooms + sofa bed, sleeps 6.",https://altitudeholidays.co.uk/resorts/france/les-deux-alpes/accommodation/property/les-2-alpes-116,Altitude Holidays,village-france-les-2-alpes,,,2026-10-06,"Altitude Holidays directory listing (REF LDA1055x, owner contact); sleeps 6 includes the sofa bed per operator; pass2: price"
altitude-holidays-les-2-alpes-117,Les 2 Alpes 117,,Les 2 Alpes,Les 2 Alpes,France,,6,2,,apartment,self-catered,,none,unknown,,100,,,,,,quote-needed,,,,,unknown,,,"High-end 55 m2 apartment in the heart of Les 2 Alpes, 100 m from slopes; 2 bedrooms + sofa bed, sleeps 6.",https://altitudeholidays.co.uk/resorts/france/les-deux-alpes/accommodation/property/les-2-alpes-117,Altitude Holidays,village-france-les-2-alpes,,,2026-10-06,"Altitude Holidays directory listing (REF LDA1055x, owner contact); sleeps 6 includes the sofa bed per operator; pass2: price"
