chalet_id,chalet_name,operator,village,ski_area,country,sleeps_min,sleeps_max,bedrooms,bathrooms,property_type,board,catering_detail,hot_tub,sauna,other_facilities,distance_to_lift_m,ski_in_out,changeover_day,price_week_20_27_mar_2027,price_basis,price_currency,price_type,price_range_low,price_range_high,price_per_bed,price_includes,available_20_27_mar,combines,same_as,description,url,listed_on,found_via,image_count,image_dir,date_checked,notes
serrechevalier-reservation-2-rooms-dumonc,2 ROOMS (DUMONC),,Briançon,Serre Chevalier,France,,4,,,apartment,self-catered,self-catered,none,no,,,,Saturday,470,whole-chalet,EUR,exact-week,,,,,yes,,,,https://booking.serre-chevalier.com/briancon/2-rooms-dumonc.html,Serre Chevalier Réservation,village-france-briançon,5,chalets/images/serrechevalier-reservation-2-rooms-dumonc/,2026-10-06,"20-27 Mar bookable on Serre Chevalier Réservation for 2 adults: EUR 470; quarter: Briançon Prorel; agency code: 305881; GPS 44.895133,6.63098; Briançon Prorel sector (gondola to Serre Chevalier)"
serrechevalier-reservation-2-rooms-cabin-signal-du-prorel-sp3012p6,2 ROOMS + CABIN SIGNAL DU PROREL (SP3012P6),,Briançon,Serre Chevalier,France,,6,,,apartment,self-catered,self-catered,none,no,,,,Saturday,739,whole-chalet,EUR,exact-week,,,,,yes,,,,https://booking.serre-chevalier.com/briancon/2-rooms-cabin-signal-du-prorel-sp3012p6.html,Serre Chevalier Réservation,village-france-briançon,5,chalets/images/serrechevalier-reservation-2-rooms-cabin-signal-du-prorel-sp3012p6/,2026-10-06,"20-27 Mar bookable on Serre Chevalier Réservation for 2 adults: EUR 739; quarter: Briançon Prorel; agency code: AGENCESCI; GPS 44.89604,6.63008; Briançon Prorel sector (gondola to Serre Chevalier)"
serrechevalier-reservation-2-rooms-cabin-guisane-ii-bri100-2314,2 ROOMS CABIN GUISANE II (BRI100-2314),,Briançon,Serre Chevalier,France,,4,,,apartment,self-catered,self-catered,none,unknown,,,,Saturday,400,whole-chalet,EUR,exact-week,,,,,yes,,,,https://booking.serre-chevalier.com/briancon/2-rooms-cabin-guisane-ii-bri100-2314.html,Serre Chevalier Réservation,village-france-briançon,5,chalets/images/serrechevalier-reservation-2-rooms-cabin-guisane-ii-bri100-2314/,2026-10-06,"20-27 Mar bookable on Serre Chevalier Réservation for 2 adults: EUR 400 (normal 445); quarter: Briançon Prorel; agency code: 210510004; GPS 44.89706,6.63078; Briançon Prorel sector (gondola to Serre Chevalier)"
serrechevalier-reservation-2-rooms-cabin-relais-de-la-guisane-a-bri100-a301,2 ROOMS CABIN RELAIS DE LA GUISANE A (BRI100-A301),,Briançon,Serre Chevalier,France,,4,,,apartment,self-catered,self-catered,none,no,,,,Saturday,422,whole-chalet,EUR,exact-week,,,,,yes,,,,https://booking.serre-chevalier.com/briancon/2-rooms-cabin-relais-de-la-guisane-a-bri100-a301.html,Serre Chevalier Réservation,village-france-briançon,5,chalets/images/serrechevalier-reservation-2-rooms-cabin-relais-de-la-guisane-a-bri100-a301/,2026-10-06,"20-27 Mar bookable on Serre Chevalier Réservation for 2 adults: EUR 422 (normal 469); quarter: Briançon Prorel; agency code: 210510004; GPS 44.89727,6.63083; Briançon Prorel sector (gondola to Serre Chevalier)"
serrechevalier-reservation-2-rooms-cabin-relais-de-la-guisane-a-bri100-a405,2 ROOMS CABIN RELAIS DE LA GUISANE A (BRI100-A405),,Briançon,Serre Chevalier,France,,6,,,apartment,self-catered,self-catered,none,no,,,,Saturday,449,whole-chalet,EUR,exact-week,,,,,yes,,,,https://booking.serre-chevalier.com/briancon/2-rooms-cabin-relais-de-la-guisane-a-bri100-a405.html,Serre Chevalier Réservation,village-france-briançon,5,chalets/images/serrechevalier-reservation-2-rooms-cabin-relais-de-la-guisane-a-bri100-a405/,2026-10-06,"20-27 Mar bookable on Serre Chevalier Réservation for 2 adults: EUR 449 (normal 499); quarter: Briançon Prorel; agency code: 210510004; GPS 44.89900,6.63100; Briançon Prorel sector (gondola to Serre Chevalier)"
serrechevalier-reservation-2-rooms-cabin-relais-de-la-guisane-a-bri100-a406,2 ROOMS CABIN RELAIS DE LA GUISANE A (BRI100-A406),,Briançon,Serre Chevalier,France,,6,,,apartment,self-catered,self-catered,none,no,,,,Saturday,449,whole-chalet,EUR,exact-week,,,,,yes,,,,https://booking.serre-chevalier.com/briancon/2-rooms-cabin-relais-de-la-guisane-a-bri100-a406.html,Serre Chevalier Réservation,village-france-briançon,5,chalets/images/serrechevalier-reservation-2-rooms-cabin-relais-de-la-guisane-a-bri100-a406/,2026-10-06,"20-27 Mar bookable on Serre Chevalier Réservation for 2 adults: EUR 449 (normal 499); quarter: Briançon Prorel; agency code: 210510004; GPS 44.89900,6.63100; Briançon Prorel sector (gondola to Serre Chevalier)"
serrechevalier-reservation-2-rooms-cabin-relais-de-la-guisane-i-rg2032p4,2 ROOMS CABIN RELAIS DE LA GUISANE I (RG2032P4),,Briançon,Serre Chevalier,France,,4,,,apartment,self-catered,self-catered,none,no,,,,Saturday,646,whole-chalet,EUR,exact-week,,,,,yes,,,,https://booking.serre-chevalier.com/briancon/2-rooms-cabin-relais-de-la-guisane-i-rg2032p4.html,Serre Chevalier Réservation,village-france-briançon,5,chalets/images/serrechevalier-reservation-2-rooms-cabin-relais-de-la-guisane-i-rg2032p4/,2026-10-06,"20-27 Mar bookable on Serre Chevalier Réservation for 2 adults: EUR 646; quarter: Briançon Prorel; agency code: AGENCESCI; GPS 44.89721,6.63074; Briançon Prorel sector (gondola to Serre Chevalier)"
serrechevalier-reservation-2-rooms-cabin-relais-de-la-guisane-i-rg2072p5,2 ROOMS CABIN RELAIS DE LA GUISANE I (RG2072P5),,Briançon,Serre Chevalier,France,,5,,,apartment,self-catered,self-catered,none,no,,,,Saturday,670,whole-chalet,EUR,exact-week,,,,,yes,,,,https://booking.serre-chevalier.com/briancon/2-rooms-cabin-relais-de-la-guisane-i-rg2072p5.html,Serre Chevalier Réservation,village-france-briançon,5,chalets/images/serrechevalier-reservation-2-rooms-cabin-relais-de-la-guisane-i-rg2072p5/,2026-10-06,"20-27 Mar bookable on Serre Chevalier Réservation for 2 adults: EUR 670; quarter: Briançon Prorel; agency code: AGENCESCI; GPS 44.89721,6.63074; Briançon Prorel sector (gondola to Serre Chevalier)"
serrechevalier-reservation-2-rooms-cabin-relais-de-la-guisane-ii-bri100-2101,2 ROOMS CABIN RELAIS DE LA GUISANE II (BRI100-2101),,Briançon,Serre Chevalier,France,,6,,,apartment,self-catered,self-catered,none,no,,,,Saturday,400,whole-chalet,EUR,exact-week,,,,,yes,,,,https://booking.serre-chevalier.com/briancon/2-rooms-cabin-relais-de-la-guisane-ii-bri100-2101.html,Serre Chevalier Réservation,village-france-briançon,5,chalets/images/serrechevalier-reservation-2-rooms-cabin-relais-de-la-guisane-ii-bri100-2101/,2026-10-06,"20-27 Mar bookable on Serre Chevalier Réservation for 2 adults: EUR 400 (normal 445); quarter: Briançon Prorel; agency code: 210510004; GPS 44.89900,6.63100; Briançon Prorel sector (gondola to Serre Chevalier)"
serrechevalier-reservation-2-rooms-cabin-relais-de-la-guisane-ii-bri100-2214,2 ROOMS CABIN RELAIS DE LA GUISANE II (BRI100-2214),,Briançon,Serre Chevalier,France,,4,,,apartment,self-catered,self-catered,none,unknown,,,,,,,,quote-needed,,,,,unknown,,,,https://booking.serre-chevalier.com/briancon/2-rooms-cabin-relais-de-la-guisane-ii-bri100-2214.html,Serre Chevalier Réservation,village-france-briançon,5,chalets/images/serrechevalier-reservation-2-rooms-cabin-relais-de-la-guisane-ii-bri100-2214/,2026-10-06,"not in 20-27 Mar dated search (2 adults); unit not bookable online; pass2: weekly planning; quarter: Briançon Prorel; agency code: 210510004; GPS 44.89900,6.63100; Briançon Prorel sector (gondola to Serre Chevalier)"
serrechevalier-reservation-2-rooms-cabin-relais-de-la-guisane-ii-bri100-2302,2 ROOMS CABIN RELAIS DE LA GUISANE II (BRI100-2302),,Briançon,Serre Chevalier,France,,5,,,apartment,self-catered,self-catered,none,no,,,,Saturday,400,whole-chalet,EUR,exact-week,,,,,yes,,,,https://booking.serre-chevalier.com/briancon/2-rooms-cabin-relais-de-la-guisane-ii-bri100-2302.html,Serre Chevalier Réservation,village-france-briançon,5,chalets/images/serrechevalier-reservation-2-rooms-cabin-relais-de-la-guisane-ii-bri100-2302/,2026-10-06,"20-27 Mar bookable on Serre Chevalier Réservation for 2 adults: EUR 400 (normal 445); quarter: Briançon Prorel; agency code: 210510004; GPS 44.89900,6.63100; Briançon Prorel sector (gondola to Serre Chevalier)"
serrechevalier-reservation-2-rooms-cabin-relais-de-la-guisane-ii-bri100-2304,2 ROOMS CABIN RELAIS DE LA GUISANE II (BRI100-2304),,Briançon,Serre Chevalier,France,,6,,,apartment,self-catered,self-catered,none,no,,,,Saturday,449,whole-chalet,EUR,exact-week,,,,,yes,,,,https://booking.serre-chevalier.com/briancon/2-rooms-cabin-relais-de-la-guisane-ii-bri100-2304.html,Serre Chevalier Réservation,village-france-briançon,5,chalets/images/serrechevalier-reservation-2-rooms-cabin-relais-de-la-guisane-ii-bri100-2304/,2026-10-06,"20-27 Mar bookable on Serre Chevalier Réservation for 2 adults: EUR 449 (normal 499); quarter: Briançon Prorel; agency code: 210510004; GPS 44.89900,6.63100; Briançon Prorel sector (gondola to Serre Chevalier)"
serrechevalier-reservation-2-rooms-cabin-relais-de-la-guisane-ii-bri100-2308,2 ROOMS CABIN RELAIS DE LA GUISANE II (BRI100-2308),,Briançon,Serre Chevalier,France,,4,,,apartment,self-catered,self-catered,none,unknown,,,,Saturday,400,whole-chalet,EUR,exact-week,,,,,yes,,,,https://booking.serre-chevalier.com/briancon/2-rooms-cabin-relais-de-la-guisane-ii-bri100-2308.html,Serre Chevalier Réservation,village-france-briançon,5,chalets/images/serrechevalier-reservation-2-rooms-cabin-relais-de-la-guisane-ii-bri100-2308/,2026-10-06,20-27 Mar bookable on Serre Chevalier Réservation for 2 adults: EUR 400 (normal 445); quarter: Briançon Prorel; agency code: 210510004; Briançon Prorel sector (gondola to Serre Chevalier)
serrechevalier-reservation-2-rooms-cabin-relais-de-la-guisane-ii-bri100-2510,2 ROOMS CABIN RELAIS DE LA GUISANE II (BRI100-2510),,Briançon,Serre Chevalier,France,,6,,,apartment,self-catered,self-catered,none,no,,,,Saturday,449,whole-chalet,EUR,exact-week,,,,,yes,,,,https://booking.serre-chevalier.com/briancon/2-rooms-cabin-relais-de-la-guisane-ii-bri100-2510.html,Serre Chevalier Réservation,village-france-briançon,5,chalets/images/serrechevalier-reservation-2-rooms-cabin-relais-de-la-guisane-ii-bri100-2510/,2026-10-06,"20-27 Mar bookable on Serre Chevalier Réservation for 2 adults: EUR 449 (normal 499); quarter: Briançon Prorel; agency code: 210510004; GPS 44.89900,6.63100; Briançon Prorel sector (gondola to Serre Chevalier)"
serrechevalier-reservation-2-rooms-cabin-relais-de-la-guisane-ii-rg3122p5,2 ROOMS CABIN RELAIS DE LA GUISANE II (RG3122P5),,Briançon,Serre Chevalier,France,,5,,,apartment,self-catered,self-catered,none,no,,,,Saturday,672,whole-chalet,EUR,exact-week,,,,,yes,,,,https://booking.serre-chevalier.com/briancon/2-rooms-cabin-relais-de-la-guisane-ii-rg3122p5.html,Serre Chevalier Réservation,village-france-briançon,5,chalets/images/serrechevalier-reservation-2-rooms-cabin-relais-de-la-guisane-ii-rg3122p5/,2026-10-06,"20-27 Mar bookable on Serre Chevalier Réservation for 2 adults: EUR 672; quarter: Briançon Prorel; agency code: AGENCESCI; GPS 44.89721,6.63074; Briançon Prorel sector (gondola to Serre Chevalier)"
serrechevalier-reservation-2-rooms-cabin-relais-de-la-guisane-ii-rg4082p5,2 ROOMS CABIN RELAIS DE LA GUISANE II (RG4082P5),,Briançon,Serre Chevalier,France,,5,,,apartment,self-catered,self-catered,none,no,,,,Saturday,672,whole-chalet,EUR,exact-week,,,,,yes,,,,https://booking.serre-chevalier.com/briancon/2-rooms-cabin-relais-de-la-guisane-ii-rg4082p5.html,Serre Chevalier Réservation,village-france-briançon,5,chalets/images/serrechevalier-reservation-2-rooms-cabin-relais-de-la-guisane-ii-rg4082p5/,2026-10-06,"20-27 Mar bookable on Serre Chevalier Réservation for 2 adults: EUR 672; quarter: Briançon Prorel; agency code: AGENCESCI; GPS 44.89721,6.63074; Briançon Prorel sector (gondola to Serre Chevalier)"
serrechevalier-reservation-2-rooms-cabin-relais-de-la-guisane-ii-sc-rg1022p5,2 ROOMS CABIN RELAIS DE LA GUISANE II (SC-RG1022P5),,Briançon,Serre Chevalier,France,,5,,,apartment,self-catered,self-catered,none,no,,,,Saturday,672,whole-chalet,EUR,exact-week,,,,,yes,,,,https://booking.serre-chevalier.com/briancon/2-rooms-cabin-relais-de-la-guisane-ii-sc-rg1022p5.html,Serre Chevalier Réservation,village-france-briançon,5,chalets/images/serrechevalier-reservation-2-rooms-cabin-relais-de-la-guisane-ii-sc-rg1022p5/,2026-10-06,"20-27 Mar bookable on Serre Chevalier Réservation for 2 adults: EUR 672; quarter: Briançon Prorel; agency code: AGENCESCI; GPS 44.89721,6.63074; Briançon Prorel sector (gondola to Serre Chevalier)"
serrechevalier-reservation-2-rooms-cabin-relais-de-la-guisane-ii-sc-rg2062p5,2 ROOMS CABIN RELAIS DE LA GUISANE II (SC-RG2062P5),,Briançon,Serre Chevalier,France,,5,,,apartment,self-catered,self-catered,none,no,,,,Saturday,672,whole-chalet,EUR,exact-week,,,,,yes,,,,https://booking.serre-chevalier.com/briancon/2-rooms-cabin-relais-de-la-guisane-ii-sc-rg2062p5.html,Serre Chevalier Réservation,village-france-briançon,5,chalets/images/serrechevalier-reservation-2-rooms-cabin-relais-de-la-guisane-ii-sc-rg2062p5/,2026-10-06,"20-27 Mar bookable on Serre Chevalier Réservation for 2 adults: EUR 672; quarter: Briançon Prorel; agency code: AGENCESCI; GPS 44.89721,6.63074; Briançon Prorel sector (gondola to Serre Chevalier)"
serrechevalier-reservation-2-rooms-cabin-relais-de-la-guisane-ii-sc-rg2092p5,2 ROOMS CABIN RELAIS DE LA GUISANE II (SC-RG2092P5),,Briançon,Serre Chevalier,France,,5,,,apartment,self-catered,self-catered,none,unknown,,,,Saturday,672,whole-chalet,EUR,exact-week,,,,,yes,,,,https://booking.serre-chevalier.com/briancon/2-rooms-cabin-relais-de-la-guisane-ii-sc-rg2092p5.html,Serre Chevalier Réservation,village-france-briançon,5,chalets/images/serrechevalier-reservation-2-rooms-cabin-relais-de-la-guisane-ii-sc-rg2092p5/,2026-10-06,"20-27 Mar bookable on Serre Chevalier Réservation for 2 adults: EUR 672; quarter: Briançon Prorel; agency code: AGENCESCI; GPS 44.89721,6.63074; Briançon Prorel sector (gondola to Serre Chevalier)"
serrechevalier-reservation-2-rooms-cabin-relais-de-la-guisane-ii-sc-rg3012p5,2 ROOMS CABIN RELAIS DE LA GUISANE II (SC-RG3012P5),,Briançon,Serre Chevalier,France,,5,,,apartment,self-catered,self-catered,none,no,,,,Saturday,672,whole-chalet,EUR,exact-week,,,,,yes,,,,https://booking.serre-chevalier.com/briancon/2-rooms-cabin-relais-de-la-guisane-ii-sc-rg3012p5.html,Serre Chevalier Réservation,village-france-briançon,5,chalets/images/serrechevalier-reservation-2-rooms-cabin-relais-de-la-guisane-ii-sc-rg3012p5/,2026-10-06,"20-27 Mar bookable on Serre Chevalier Réservation for 2 adults: EUR 672; quarter: Briançon Prorel; agency code: AGENCESCI; GPS 44.89721,6.63074; Briançon Prorel sector (gondola to Serre Chevalier)"
serrechevalier-reservation-2-rooms-cabin-signal-du-prorel-sp1072p6,2 ROOMS CABIN SIGNAL DU PROREL (SP1072P6),,Briançon,Serre Chevalier,France,,6,,,apartment,self-catered,self-catered,none,no,,,,Saturday,739,whole-chalet,EUR,exact-week,,,,,yes,,,,https://booking.serre-chevalier.com/briancon/2-rooms-cabin-signal-du-prorel-sp1072p6.html,Serre Chevalier Réservation,village-france-briançon,5,chalets/images/serrechevalier-reservation-2-rooms-cabin-signal-du-prorel-sp1072p6/,2026-10-06,"20-27 Mar bookable on Serre Chevalier Réservation for 2 adults: EUR 739; quarter: Briançon Prorel; agency code: AGENCESCI; GPS 44.89604,6.63008; Briançon Prorel sector (gondola to Serre Chevalier)"
serrechevalier-reservation-2-rooms-cabin-signal-du-prorel-sp1132p6,2 ROOMS CABIN SIGNAL DU PROREL (SP1132P6),,Briançon,Serre Chevalier,France,,6,,,apartment,self-catered,self-catered,none,no,,,,Saturday,739,whole-chalet,EUR,exact-week,,,,,yes,,,,https://booking.serre-chevalier.com/briancon/2-rooms-cabin-signal-du-prorel-sp1132p6.html,Serre Chevalier Réservation,village-france-briançon,5,chalets/images/serrechevalier-reservation-2-rooms-cabin-signal-du-prorel-sp1132p6/,2026-10-06,"20-27 Mar bookable on Serre Chevalier Réservation for 2 adults: EUR 739; quarter: Briançon Prorel; agency code: AGENCESCI; GPS 44.89604,6.63008; Briançon Prorel sector (gondola to Serre Chevalier)"
serrechevalier-reservation-2-rooms-cabin-signal-du-prorel-sp2012p6,2 ROOMS CABIN SIGNAL DU PROREL (SP2012P6),,Briançon,Serre Chevalier,France,,6,,,apartment,self-catered,self-catered,none,no,,,,Saturday,739,whole-chalet,EUR,exact-week,,,,,yes,,,,https://booking.serre-chevalier.com/briancon/2-rooms-cabin-signal-du-prorel-sp2012p6.html,Serre Chevalier Réservation,village-france-briançon,5,chalets/images/serrechevalier-reservation-2-rooms-cabin-signal-du-prorel-sp2012p6/,2026-10-06,"20-27 Mar bookable on Serre Chevalier Réservation for 2 adults: EUR 739; quarter: Briançon Prorel; agency code: AGENCESCI; GPS 44.89604,6.63008; Briançon Prorel sector (gondola to Serre Chevalier)"
serrechevalier-reservation-2-rooms-cabin-signal-du-prorel-sp2072p6,2 ROOMS CABIN SIGNAL DU PROREL (SP2072P6),,Briançon,Serre Chevalier,France,,6,,,apartment,self-catered,self-catered,none,no,,,,Saturday,739,whole-chalet,EUR,exact-week,,,,,yes,,,,https://booking.serre-chevalier.com/briancon/2-rooms-cabin-signal-du-prorel-sp2072p6.html,Serre Chevalier Réservation,village-france-briançon,5,chalets/images/serrechevalier-reservation-2-rooms-cabin-signal-du-prorel-sp2072p6/,2026-10-06,"20-27 Mar bookable on Serre Chevalier Réservation for 2 adults: EUR 739; quarter: Briançon Prorel; agency code: AGENCESCI; GPS 44.89604,6.63008; Briançon Prorel sector (gondola to Serre Chevalier)"
serrechevalier-reservation-2-rooms-cabin-signal-du-prorel-sp3072p6,2 ROOMS CABIN SIGNAL DU PROREL (SP3072P6),,Briançon,Serre Chevalier,France,,6,,,apartment,self-catered,self-catered,none,no,,,,,,,,quote-needed,,,,,unknown,,,,https://booking.serre-chevalier.com/briancon/2-rooms-cabin-signal-du-prorel-sp3072p6.html,Serre Chevalier Réservation,village-france-briançon,5,chalets/images/serrechevalier-reservation-2-rooms-cabin-signal-du-prorel-sp3072p6/,2026-10-06,"not in 20-27 Mar dated search (2 adults); unit not bookable online; pass2: weekly planning; quarter: Briançon Prorel; agency code: AGENCESCI; GPS 44.89604,6.63008; Briançon Prorel sector (gondola to Serre Chevalier)"
serrechevalier-reservation-2-rooms-cabin-signal-du-prorel-sp3092p6,2 ROOMS CABIN SIGNAL DU PROREL (SP3092P6),,Briançon,Serre Chevalier,France,,6,,,apartment,self-catered,self-catered,none,no,,,,Saturday,739,whole-chalet,EUR,exact-week,,,,,yes,,,,https://booking.serre-chevalier.com/briancon/2-rooms-cabin-signal-du-prorel-sp3092p6.html,Serre Chevalier Réservation,village-france-briançon,5,chalets/images/serrechevalier-reservation-2-rooms-cabin-signal-du-prorel-sp3092p6/,2026-10-06,"20-27 Mar bookable on Serre Chevalier Réservation for 2 adults: EUR 739; quarter: Briançon Prorel; agency code: AGENCESCI; GPS 44.89604,6.63008; Briançon Prorel sector (gondola to Serre Chevalier)"
serrechevalier-reservation-2-rooms-cabin-signal-du-prorel-sp4012p6,2 ROOMS CABIN SIGNAL DU PROREL (SP4012P6),,Briançon,Serre Chevalier,France,,6,,,apartment,self-catered,self-catered,none,no,,,,Saturday,739,whole-chalet,EUR,exact-week,,,,,yes,,,,https://booking.serre-chevalier.com/briancon/2-rooms-cabin-signal-du-prorel-sp4012p6.html,Serre Chevalier Réservation,village-france-briançon,5,chalets/images/serrechevalier-reservation-2-rooms-cabin-signal-du-prorel-sp4012p6/,2026-10-06,"20-27 Mar bookable on Serre Chevalier Réservation for 2 adults: EUR 739; quarter: Briançon Prorel; agency code: AGENCESCI; GPS 44.89604,6.63008; Briançon Prorel sector (gondola to Serre Chevalier)"
serrechevalier-reservation-2-rooms-cabin-signal-du-prorel-sp5072p6,2 ROOMS CABIN SIGNAL DU PROREL (SP5072P6),,Briançon,Serre Chevalier,France,,6,,,apartment,self-catered,self-catered,none,no,,,,Saturday,739,whole-chalet,EUR,exact-week,,,,,yes,,,,https://booking.serre-chevalier.com/briancon/2-rooms-cabin-signal-du-prorel-sp5072p6.html,Serre Chevalier Réservation,village-france-briançon,5,chalets/images/serrechevalier-reservation-2-rooms-cabin-signal-du-prorel-sp5072p6/,2026-10-06,"20-27 Mar bookable on Serre Chevalier Réservation for 2 adults: EUR 739; quarter: Briançon Prorel; agency code: AGENCESCI; GPS 44.89604,6.63008; Briançon Prorel sector (gondola to Serre Chevalier)"
serrechevalier-reservation-2-rooms-cabin-signal-du-prorel-sp5082p6,2 ROOMS CABIN SIGNAL DU PROREL (SP5082P6),,Briançon,Serre Chevalier,France,,6,,,apartment,self-catered,self-catered,none,no,,,,Saturday,739,whole-chalet,EUR,exact-week,,,,,yes,,,,https://booking.serre-chevalier.com/briancon/2-rooms-cabin-signal-du-prorel-sp5082p6.html,Serre Chevalier Réservation,village-france-briançon,5,chalets/images/serrechevalier-reservation-2-rooms-cabin-signal-du-prorel-sp5082p6/,2026-10-06,"20-27 Mar bookable on Serre Chevalier Réservation for 2 adults: EUR 739; quarter: Briançon Prorel; agency code: AGENCESCI; GPS 44.89604,6.63008; Briançon Prorel sector (gondola to Serre Chevalier)"
serrechevalier-reservation-2-rooms-cabin-signal-du-prorel-sp6012p6,2 ROOMS CABIN SIGNAL DU PROREL (SP6012P6),,Briançon,Serre Chevalier,France,,6,,,apartment,self-catered,self-catered,none,no,,,,Saturday,703,whole-chalet,EUR,exact-week,,,,,yes,,,,https://booking.serre-chevalier.com/briancon/2-rooms-cabin-signal-du-prorel-sp6012p6.html,Serre Chevalier Réservation,village-france-briançon,5,chalets/images/serrechevalier-reservation-2-rooms-cabin-signal-du-prorel-sp6012p6/,2026-10-06,"20-27 Mar bookable on Serre Chevalier Réservation for 2 adults: EUR 703; quarter: Briançon Prorel; agency code: AGENCESCI; GPS 44.89604,6.63008; Briançon Prorel sector (gondola to Serre Chevalier)"
serrechevalier-reservation-2-rooms-cabin-skud-ii-sc-skudii202,2 ROOMS CABIN SKUD II (SC-SKUDII202),,Briançon,Serre Chevalier,France,,4,,,apartment,self-catered,self-catered,none,no,,,,Saturday,545,whole-chalet,EUR,exact-week,,,,,yes,,,,https://booking.serre-chevalier.com/briancon/2-rooms-cabin-skud-ii-sc-skudii202.html,Serre Chevalier Réservation,village-france-briançon,5,chalets/images/serrechevalier-reservation-2-rooms-cabin-skud-ii-sc-skudii202/,2026-10-06,"20-27 Mar bookable on Serre Chevalier Réservation for 2 adults: EUR 545; quarter: Briançon Prorel; agency code: AGENCESCI; GPS 44.90129,6.62939; Briançon Prorel sector (gondola to Serre Chevalier)"
serrechevalier-reservation-2-rooms-guisanel-bri110-0516,2 ROOMS GUISANEL (BRI110-0516),,Briançon,Serre Chevalier,France,,4,,,apartment,self-catered,self-catered,none,no,,,,,,,,quote-needed,,,,,unknown,,,,https://booking.serre-chevalier.com/briancon/2-rooms-guisanel-bri110-0516.html,Serre Chevalier Réservation,village-france-briançon,5,chalets/images/serrechevalier-reservation-2-rooms-guisanel-bri110-0516/,2026-10-06,"not in 20-27 Mar dated search (2 adults); unit not bookable online; pass2: weekly planning; quarter: Briançon Prorel; agency code: 210510004; GPS 44.89578,6.63258; Briançon Prorel sector (gondola to Serre Chevalier)"
serrechevalier-reservation-2-rooms-relais-de-la-guisane-a-bri100-a409,2 ROOMS RELAIS DE LA GUISANE A (BRI100-A409),,Briançon,Serre Chevalier,France,,4,,,apartment,self-catered,self-catered,none,no,,,,Saturday,400,whole-chalet,EUR,exact-week,,,,,yes,,,,https://booking.serre-chevalier.com/briancon/2-rooms-relais-de-la-guisane-a-bri100-a409.html,Serre Chevalier Réservation,village-france-briançon,5,chalets/images/serrechevalier-reservation-2-rooms-relais-de-la-guisane-a-bri100-a409/,2026-10-06,"20-27 Mar bookable on Serre Chevalier Réservation for 2 adults: EUR 400 (normal 445); quarter: Briançon Prorel; agency code: 210510004; GPS 44.89742,6.63083; Briançon Prorel sector (gondola to Serre Chevalier)"
serrechevalier-reservation-2-rooms-relais-de-la-guisane-ii-bri100-2307,2 ROOMS RELAIS DE LA GUISANE II (BRI100-2307),,Briançon,Serre Chevalier,France,,4,,,apartment,self-catered,self-catered,none,no,,,,,,,,quote-needed,,,,,unknown,,,,https://booking.serre-chevalier.com/briancon/2-rooms-relais-de-la-guisane-ii-bri100-2307.html,Serre Chevalier Réservation,village-france-briançon,5,chalets/images/serrechevalier-reservation-2-rooms-relais-de-la-guisane-ii-bri100-2307/,2026-10-06,"not in 20-27 Mar dated search (2 adults); unit not bookable online; pass2: weekly planning; quarter: Briançon Prorel; agency code: 210510004; GPS 44.89900,6.63100; Briançon Prorel sector (gondola to Serre Chevalier)"
serrechevalier-reservation-2-rooms-relais-de-la-guisane-ii-sc-rg4042p4,2 ROOMS RELAIS DE LA GUISANE II (SC-RG4042P4),,Briançon,Serre Chevalier,France,,4,,,apartment,self-catered,self-catered,none,no,,,,Saturday,646,whole-chalet,EUR,exact-week,,,,,yes,,,,https://booking.serre-chevalier.com/briancon/2-rooms-relais-de-la-guisane-ii-sc-rg4042p4.html,Serre Chevalier Réservation,village-france-briançon,5,chalets/images/serrechevalier-reservation-2-rooms-relais-de-la-guisane-ii-sc-rg4042p4/,2026-10-06,"20-27 Mar bookable on Serre Chevalier Réservation for 2 adults: EUR 646; quarter: Briançon Prorel; agency code: AGENCESCI; GPS 44.89721,6.63074; Briançon Prorel sector (gondola to Serre Chevalier)"
serrechevalier-reservation-3-rooms-aigle-bleu,3 ROOMS AIGLE BLEU,,Briançon,Serre Chevalier,France,,6,,,apartment,self-catered,self-catered,none,yes,,,,Saturday,679,whole-chalet,EUR,exact-week,,,,,yes,,,,https://booking.serre-chevalier.com/briancon/3-rooms-aigle-bleu.html,Serre Chevalier Réservation,village-france-briançon,5,chalets/images/serrechevalier-reservation-3-rooms-aigle-bleu/,2026-10-06,"20-27 Mar bookable on Serre Chevalier Réservation for 2 adults: EUR 679; quarter: Briançon Prorel; agency code: RESIDENCEGOELIALAIGLEBLEU; GPS 44.89601,6.63097; Briançon Prorel sector (gondola to Serre Chevalier)"
serrechevalier-reservation-3-rooms-cabin-l-oree-des-pistes-a-bri150-a001,3 ROOMS CABIN L'OREE DES PISTES A (BRI150-A001),,Briançon,Serre Chevalier,France,,6,,,apartment,self-catered,self-catered,none,unknown,,,,,,,,quote-needed,,,,,unknown,,,,https://booking.serre-chevalier.com/briancon/3-rooms-cabin-l-oree-des-pistes-a-bri150-a001.html,Serre Chevalier Réservation,village-france-briançon,5,chalets/images/serrechevalier-reservation-3-rooms-cabin-l-oree-des-pistes-a-bri150-a001/,2026-10-06,not in 20-27 Mar dated search (2 adults); unit not bookable online; pass2: weekly planning; quarter: Briançon Prorel; agency code: 210510004; Briançon Prorel sector (gondola to Serre Chevalier)
serrechevalier-reservation-3-rooms-cabin-signal-du-prorel-sp023p8,3 ROOMS CABIN SIGNAL DU PROREL (SP023P8),,Briançon,Serre Chevalier,France,,8,,,apartment,self-catered,self-catered,none,no,,,,Saturday,1140,whole-chalet,EUR,exact-week,,,,,yes,,,,https://booking.serre-chevalier.com/briancon/3-rooms-cabin-signal-du-prorel-sp023p8.html,Serre Chevalier Réservation,village-france-briançon,5,chalets/images/serrechevalier-reservation-3-rooms-cabin-signal-du-prorel-sp023p8/,2026-10-06,"20-27 Mar bookable on Serre Chevalier Réservation for 2 adults: EUR 1140; quarter: Briançon Prorel; agency code: AGENCESCI; GPS 44.89604,6.63008; Briançon Prorel sector (gondola to Serre Chevalier)"
serrechevalier-reservation-3-rooms-cabin-signal-du-prorel-sp033p8,3 ROOMS CABIN SIGNAL DU PROREL (SP033P8),,Briançon,Serre Chevalier,France,,8,,,apartment,self-catered,self-catered,none,no,,,,Saturday,1140,whole-chalet,EUR,exact-week,,,,,yes,,,,https://booking.serre-chevalier.com/briancon/3-rooms-cabin-signal-du-prorel-sp033p8.html,Serre Chevalier Réservation,village-france-briançon,5,chalets/images/serrechevalier-reservation-3-rooms-cabin-signal-du-prorel-sp033p8/,2026-10-06,"20-27 Mar bookable on Serre Chevalier Réservation for 2 adults: EUR 1140; quarter: Briançon Prorel; agency code: AGENCESCI; GPS 44.89604,6.63008; Briançon Prorel sector (gondola to Serre Chevalier)"
serrechevalier-reservation-3-rooms-eden-parc-gs25004,3 ROOMS EDEN PARC (GS25004),,Briançon,Serre Chevalier,France,,4,,,apartment,self-catered,self-catered,none,no,,,,Saturday,994,whole-chalet,EUR,exact-week,,,,,yes,,,,https://booking.serre-chevalier.com/briancon/3-rooms-eden-parc-gs25004.html,Serre Chevalier Réservation,village-france-briançon,5,chalets/images/serrechevalier-reservation-3-rooms-eden-parc-gs25004/,2026-10-06,"20-27 Mar bookable on Serre Chevalier Réservation for 2 adults: EUR 994; quarter: Briançon Prorel; agency code: AGENCECHARLEMAGNE; GPS 44.89687,6.63222; Briançon Prorel sector (gondola to Serre Chevalier)"
serrechevalier-reservation-3-rooms-eden-parc-a-bri360-a507,3 ROOMS EDEN PARC A (BRI360-A507),,Briançon,Serre Chevalier,France,,4,,,apartment,self-catered,self-catered,none,no,,,,,,,,quote-needed,,,,,unknown,,,,https://booking.serre-chevalier.com/briancon/3-rooms-eden-parc-a-bri360-a507.html,Serre Chevalier Réservation,village-france-briançon,5,chalets/images/serrechevalier-reservation-3-rooms-eden-parc-a-bri360-a507/,2026-10-06,"not in 20-27 Mar dated search (2 adults); unit not bookable online; pass2: weekly planning; quarter: Briançon Prorel; agency code: 210510004; GPS 44.89679,6.63229; Briançon Prorel sector (gondola to Serre Chevalier)"
serrechevalier-reservation-3-rooms-guisanel-bri110-0114,3 ROOMS GUISANEL (BRI110-0114),,Briançon,Serre Chevalier,France,,6,,,apartment,self-catered,self-catered,none,unknown,,,,,,,,quote-needed,,,,,unknown,,,,https://booking.serre-chevalier.com/briancon/3-rooms-guisanel-bri110-0114.html,Serre Chevalier Réservation,village-france-briançon,5,chalets/images/serrechevalier-reservation-3-rooms-guisanel-bri110-0114/,2026-10-06,"not in 20-27 Mar dated search (2 adults); unit not bookable online; pass2: weekly planning; quarter: Briançon Prorel; agency code: 210510004; GPS 44.89572,6.63007; Briançon Prorel sector (gondola to Serre Chevalier)"
serrechevalier-reservation-3-rooms-oree-des-pistes-huo,3 ROOMS OREE DES PISTES (HUO),,Briançon,Serre Chevalier,France,,6,,,apartment,self-catered,self-catered,none,no,,,,Saturday,580,whole-chalet,EUR,exact-week,,,,,yes,,,,https://booking.serre-chevalier.com/briancon/3-rooms-oree-des-pistes-huo.html,Serre Chevalier Réservation,village-france-briançon,5,chalets/images/serrechevalier-reservation-3-rooms-oree-des-pistes-huo/,2026-10-06,"20-27 Mar bookable on Serre Chevalier Réservation for 2 adults: EUR 580; quarter: Briançon Prorel; agency code: HUOTMARCHANDALAIN; GPS 44.89910,6.63170; Briançon Prorel sector (gondola to Serre Chevalier)"
serrechevalier-reservation-3-rooms-plein-soleil-gs15005,3 ROOMS PLEIN SOLEIL (GS15005),,Briançon,Serre Chevalier,France,,6,,,apartment,self-catered,self-catered,none,unknown,,,,Saturday,735,whole-chalet,EUR,exact-week,,,,,yes,,,,https://booking.serre-chevalier.com/briancon/3-rooms-plein-soleil-gs15005.html,Serre Chevalier Réservation,village-france-briançon,5,chalets/images/serrechevalier-reservation-3-rooms-plein-soleil-gs15005/,2026-10-06,"20-27 Mar bookable on Serre Chevalier Réservation for 2 adults: EUR 735; quarter: Briançon Prorel; agency code: AGENCECHARLEMAGNE; GPS 44.89587,6.63165; Briançon Prorel sector (gondola to Serre Chevalier)"
serrechevalier-reservation-3-rooms-signal-du-prorel-bri120-0608,3 ROOMS SIGNAL DU PROREL (BRI120-0608),,Briançon,Serre Chevalier,France,,6,,,apartment,self-catered,self-catered,none,no,,,,,,,,quote-needed,,,,,unknown,,,,https://booking.serre-chevalier.com/briancon/3-rooms-signal-du-prorel-bri120-0608.html,Serre Chevalier Réservation,village-france-briançon,5,chalets/images/serrechevalier-reservation-3-rooms-signal-du-prorel-bri120-0608/,2026-10-06,"not in 20-27 Mar dated search (2 adults); unit not bookable online; pass2: weekly planning; quarter: Briançon Prorel; agency code: 210510004; GPS 44.89616,6.63001; Briançon Prorel sector (gondola to Serre Chevalier)"
serrechevalier-reservation-4-rooms-aigle-bleu,4 ROOMS AIGLE BLEU,,Briançon,Serre Chevalier,France,,8,,,apartment,self-catered,self-catered,none,yes,,,,Saturday,798,whole-chalet,EUR,exact-week,,,,,yes,,,,https://booking.serre-chevalier.com/briancon/4-rooms-aigle-bleu.html,Serre Chevalier Réservation,village-france-briançon,5,chalets/images/serrechevalier-reservation-4-rooms-aigle-bleu/,2026-10-06,"20-27 Mar bookable on Serre Chevalier Réservation for 2 adults: EUR 798; quarter: Briançon Prorel; agency code: RESIDENCEGOELIALAIGLEBLEU; GPS 44.89601,6.63097; Briançon Prorel sector (gondola to Serre Chevalier)"
serrechevalier-reservation-4-rooms-cabin-signal-du-prorel-sc-sp014p10,4 ROOMS CABIN SIGNAL DU PROREL (SC-SP014P10),,Briançon,Serre Chevalier,France,,10,,,apartment,self-catered,self-catered,none,unknown,,,,Saturday,1460,whole-chalet,EUR,exact-week,,,,,yes,,,,https://booking.serre-chevalier.com/briancon/4-rooms-cabin-signal-du-prorel-sc-sp014p10.html,Serre Chevalier Réservation,village-france-briançon,5,chalets/images/serrechevalier-reservation-4-rooms-cabin-signal-du-prorel-sc-sp014p10/,2026-10-06,"20-27 Mar bookable on Serre Chevalier Réservation for 2 adults: EUR 1460; quarter: Briançon Prorel; agency code: AGENCESCI; GPS 44.89604,6.63008; Briançon Prorel sector (gondola to Serre Chevalier)"
serrechevalier-reservation-studio-cabin-plein-soleil-gs25010,STUDIO CABIN PLEIN SOLEIL (GS25010),,Briançon,Serre Chevalier,France,,4,,,apartment,self-catered,self-catered,none,unknown,,,,Saturday,546,whole-chalet,EUR,exact-week,,,,,yes,,,,https://booking.serre-chevalier.com/briancon/studio-cabin-plein-soleil-gs25010.html,Serre Chevalier Réservation,village-france-briançon,5,chalets/images/serrechevalier-reservation-studio-cabin-plein-soleil-gs25010/,2026-10-06,"20-27 Mar bookable on Serre Chevalier Réservation for 2 adults: EUR 546; quarter: Briançon Prorel; agency code: AGENCECHARLEMAGNE; GPS 44.89627,6.63156; Briançon Prorel sector (gondola to Serre Chevalier)"
serrechevalier-reservation-studio-cabin-relais-de-la-guisane-a-bri100-a503,STUDIO CABIN RELAIS DE LA GUISANE A (BRI100-A503),,Briançon,Serre Chevalier,France,,4,,,apartment,self-catered,self-catered,none,no,,,,Saturday,365,whole-chalet,EUR,exact-week,,,,,yes,,,,https://booking.serre-chevalier.com/briancon/studio-cabin-relais-de-la-guisane-a-bri100-a503.html,Serre Chevalier Réservation,village-france-briançon,5,chalets/images/serrechevalier-reservation-studio-cabin-relais-de-la-guisane-a-bri100-a503/,2026-10-06,"20-27 Mar bookable on Serre Chevalier Réservation for 2 adults: EUR 365 (normal 406); quarter: Briançon Prorel; agency code: 210510004; GPS 44.89900,6.63100; Briançon Prorel sector (gondola to Serre Chevalier)"
serrechevalier-reservation-studio-cabin-relais-de-la-guisane-ii-bri100-2113,STUDIO CABIN RELAIS DE LA GUISANE II (BRI100-2113),,Briançon,Serre Chevalier,France,,4,,,apartment,self-catered,self-catered,none,unknown,,,,,,,,quote-needed,,,,,unknown,,,,https://booking.serre-chevalier.com/briancon/studio-cabin-relais-de-la-guisane-ii-bri100-2113.html,Serre Chevalier Réservation,village-france-briançon,5,chalets/images/serrechevalier-reservation-studio-cabin-relais-de-la-guisane-ii-bri100-2113/,2026-10-06,"not in 20-27 Mar dated search (2 adults); unit not bookable online; pass2: weekly planning; quarter: Briançon Prorel; agency code: 210510004; GPS 44.89734,6.63083; Briançon Prorel sector (gondola to Serre Chevalier)"
serrechevalier-reservation-studio-cabin-relais-de-la-guisane-ii-bri100-2403,STUDIO CABIN RELAIS DE LA GUISANE II (BRI100-2403),,Briançon,Serre Chevalier,France,,5,,,apartment,self-catered,self-catered,none,no,,,,Saturday,373,whole-chalet,EUR,exact-week,,,,,yes,,,,https://booking.serre-chevalier.com/briancon/studio-cabin-relais-de-la-guisane-ii-bri100-2403.html,Serre Chevalier Réservation,village-france-briançon,5,chalets/images/serrechevalier-reservation-studio-cabin-relais-de-la-guisane-ii-bri100-2403/,2026-10-06,"20-27 Mar bookable on Serre Chevalier Réservation for 2 adults: EUR 373 (normal 414); quarter: Briançon Prorel; agency code: 210510004; GPS 44.89719,6.63082; Briançon Prorel sector (gondola to Serre Chevalier)"
serrechevalier-reservation-studio-cabin-signal-du-prorel-bri120-0312,STUDIO CABIN SIGNAL DU PROREL (BRI120-0312),,Briançon,Serre Chevalier,France,,4,,,apartment,self-catered,self-catered,none,unknown,,,,Saturday,365,whole-chalet,EUR,exact-week,,,,,yes,,,,https://booking.serre-chevalier.com/briancon/studio-cabin-signal-du-prorel-bri120-0312.html,Serre Chevalier Réservation,village-france-briançon,5,chalets/images/serrechevalier-reservation-studio-cabin-signal-du-prorel-bri120-0312/,2026-10-06,"20-27 Mar bookable on Serre Chevalier Réservation for 2 adults: EUR 365 (normal 406); quarter: Briançon Prorel; agency code: 210510004; GPS 44.89607,6.63013; Briançon Prorel sector (gondola to Serre Chevalier)"
serrechevalier-reservation-studio-cabin-signal-du-prorel-bri120-0504,STUDIO CABIN SIGNAL DU PROREL (BRI120-0504),,Briançon,Serre Chevalier,France,,4,,,apartment,self-catered,self-catered,none,no,,,,,,,,quote-needed,,,,,unknown,,,,https://booking.serre-chevalier.com/briancon/studio-cabin-signal-du-prorel-bri120-0504.html,Serre Chevalier Réservation,village-france-briançon,5,chalets/images/serrechevalier-reservation-studio-cabin-signal-du-prorel-bri120-0504/,2026-10-06,"not in 20-27 Mar dated search (2 adults); unit not bookable online; pass2: weekly planning; quarter: Briançon Prorel; agency code: 210510004; GPS 44.89623,6.62945; Briançon Prorel sector (gondola to Serre Chevalier)"
serrechevalier-reservation-studio-cabin-signal-du-prorel-sc-sp110st4,STUDIO CABIN SIGNAL DU PROREL (SC-SP110ST4),,Briançon,Serre Chevalier,France,,4,,,apartment,self-catered,self-catered,none,no,,,,Saturday,480,whole-chalet,EUR,exact-week,,,,,yes,,,,https://booking.serre-chevalier.com/briancon/studio-cabin-signal-du-prorel-sc-sp110st4.html,Serre Chevalier Réservation,village-france-briançon,5,chalets/images/serrechevalier-reservation-studio-cabin-signal-du-prorel-sc-sp110st4/,2026-10-06,"20-27 Mar bookable on Serre Chevalier Réservation for 2 adults: EUR 480; quarter: Briançon Prorel; agency code: AGENCESCI; GPS 44.89604,6.63008; Briançon Prorel sector (gondola to Serre Chevalier)"
serrechevalier-reservation-studio-cabin-signal-du-prorel-sc-sp209st4,STUDIO CABIN SIGNAL DU PROREL (SC-SP209ST4),,Briançon,Serre Chevalier,France,,4,,,apartment,self-catered,self-catered,none,no,,,,Saturday,480,whole-chalet,EUR,exact-week,,,,,yes,,,,https://booking.serre-chevalier.com/briancon/studio-cabin-signal-du-prorel-sc-sp209st4.html,Serre Chevalier Réservation,village-france-briançon,5,chalets/images/serrechevalier-reservation-studio-cabin-signal-du-prorel-sc-sp209st4/,2026-10-06,"20-27 Mar bookable on Serre Chevalier Réservation for 2 adults: EUR 480; quarter: Briançon Prorel; agency code: AGENCESCI; GPS 44.89604,6.63008; Briançon Prorel sector (gondola to Serre Chevalier)"
serrechevalier-reservation-studio-cabin-signal-du-prorel-sc-sp311st4,STUDIO CABIN SIGNAL DU PROREL (SC-SP311ST4),,Briançon,Serre Chevalier,France,,4,,,apartment,self-catered,self-catered,none,no,,,,Saturday,480,whole-chalet,EUR,exact-week,,,,,yes,,,,https://booking.serre-chevalier.com/briancon/studio-cabin-signal-du-prorel-sc-sp311st4.html,Serre Chevalier Réservation,village-france-briançon,5,chalets/images/serrechevalier-reservation-studio-cabin-signal-du-prorel-sc-sp311st4/,2026-10-06,"20-27 Mar bookable on Serre Chevalier Réservation for 2 adults: EUR 480; quarter: Briançon Prorel; agency code: AGENCESCI; GPS 44.89604,6.63008; Briançon Prorel sector (gondola to Serre Chevalier)"
serrechevalier-reservation-studio-cabin-signal-du-prorel-sc-sp405st4,STUDIO CABIN SIGNAL DU PROREL (SC-SP405ST4),,Briançon,Serre Chevalier,France,,4,,,apartment,self-catered,self-catered,none,no,,,,Saturday,480,whole-chalet,EUR,exact-week,,,,,yes,,,,https://booking.serre-chevalier.com/briancon/studio-cabin-signal-du-prorel-sc-sp405st4.html,Serre Chevalier Réservation,village-france-briançon,5,chalets/images/serrechevalier-reservation-studio-cabin-signal-du-prorel-sc-sp405st4/,2026-10-06,"20-27 Mar bookable on Serre Chevalier Réservation for 2 adults: EUR 480; quarter: Briançon Prorel; agency code: AGENCESCI; GPS 44.89604,6.63008; Briançon Prorel sector (gondola to Serre Chevalier)"
serrechevalier-reservation-studio-cabin-signal-du-prorel-sc-sp410st4,STUDIO CABIN SIGNAL DU PROREL (SC-SP410ST4),,Briançon,Serre Chevalier,France,,4,,,apartment,self-catered,self-catered,none,no,,,,,,,,quote-needed,,,,,unknown,,,,https://booking.serre-chevalier.com/briancon/studio-cabin-signal-du-prorel-sc-sp410st4.html,Serre Chevalier Réservation,village-france-briançon,5,chalets/images/serrechevalier-reservation-studio-cabin-signal-du-prorel-sc-sp410st4/,2026-10-06,"not in 20-27 Mar dated search (2 adults); unit not bookable online; pass2: weekly planning; quarter: Briançon Prorel; agency code: AGENCESCI; GPS 44.89604,6.63008; Briançon Prorel sector (gondola to Serre Chevalier)"
serrechevalier-reservation-studio-cabin-signal-du-prorel-sc-sp503st4,STUDIO CABIN SIGNAL DU PROREL (SC-SP503ST4),,Briançon,Serre Chevalier,France,,4,,,apartment,self-catered,self-catered,none,no,,,,Saturday,480,whole-chalet,EUR,exact-week,,,,,yes,,,,https://booking.serre-chevalier.com/briancon/studio-cabin-signal-du-prorel-sc-sp503st4.html,Serre Chevalier Réservation,village-france-briançon,5,chalets/images/serrechevalier-reservation-studio-cabin-signal-du-prorel-sc-sp503st4/,2026-10-06,"20-27 Mar bookable on Serre Chevalier Réservation for 2 adults: EUR 480; quarter: Briançon Prorel; agency code: AGENCESCI; GPS 44.89604,6.63008; Briançon Prorel sector (gondola to Serre Chevalier)"
serrechevalier-reservation-studio-cabin-signal-du-prorel-sc-sp505st4,STUDIO CABIN SIGNAL DU PROREL (SC-SP505ST4),,Briançon,Serre Chevalier,France,,4,,,apartment,self-catered,self-catered,none,no,,,,Saturday,480,whole-chalet,EUR,exact-week,,,,,yes,,,,https://booking.serre-chevalier.com/briancon/studio-cabin-signal-du-prorel-sc-sp505st4.html,Serre Chevalier Réservation,village-france-briançon,5,chalets/images/serrechevalier-reservation-studio-cabin-signal-du-prorel-sc-sp505st4/,2026-10-06,"20-27 Mar bookable on Serre Chevalier Réservation for 2 adults: EUR 480; quarter: Briançon Prorel; agency code: AGENCESCI; GPS 44.89604,6.63008; Briançon Prorel sector (gondola to Serre Chevalier)"
serrechevalier-reservation-studio-cabin-signal-du-prorel-sc-sp506st4,STUDIO CABIN SIGNAL DU PROREL (SC-SP506ST4),,Briançon,Serre Chevalier,France,,4,,,apartment,self-catered,self-catered,none,no,,,,Saturday,480,whole-chalet,EUR,exact-week,,,,,yes,,,,https://booking.serre-chevalier.com/briancon/studio-cabin-signal-du-prorel-sc-sp506st4.html,Serre Chevalier Réservation,village-france-briançon,5,chalets/images/serrechevalier-reservation-studio-cabin-signal-du-prorel-sc-sp506st4/,2026-10-06,"20-27 Mar bookable on Serre Chevalier Réservation for 2 adults: EUR 480; quarter: Briançon Prorel; agency code: AGENCESCI; GPS 44.89604,6.63008; Briançon Prorel sector (gondola to Serre Chevalier)"
serrechevalier-reservation-studio-cabin-signal-du-prorel-sc-sp510st4,STUDIO CABIN SIGNAL DU PROREL (SC-SP510ST4),,Briançon,Serre Chevalier,France,,4,,,apartment,self-catered,self-catered,none,no,,,,Saturday,480,whole-chalet,EUR,exact-week,,,,,yes,,,,https://booking.serre-chevalier.com/briancon/studio-cabin-signal-du-prorel-sc-sp510st4.html,Serre Chevalier Réservation,village-france-briançon,5,chalets/images/serrechevalier-reservation-studio-cabin-signal-du-prorel-sc-sp510st4/,2026-10-06,"20-27 Mar bookable on Serre Chevalier Réservation for 2 adults: EUR 480; quarter: Briançon Prorel; agency code: AGENCESCI; GPS 44.89604,6.63008; Briançon Prorel sector (gondola to Serre Chevalier)"
serrechevalier-reservation-studio-cabin-signal-du-prorel-sp105st4,STUDIO CABIN SIGNAL DU PROREL (SP105ST4),,Briançon,Serre Chevalier,France,,4,,,apartment,self-catered,self-catered,none,no,,,,Saturday,480,whole-chalet,EUR,exact-week,,,,,yes,,,,https://booking.serre-chevalier.com/briancon/studio-cabin-signal-du-prorel-sp105st4.html,Serre Chevalier Réservation,village-france-briançon,5,chalets/images/serrechevalier-reservation-studio-cabin-signal-du-prorel-sp105st4/,2026-10-06,"20-27 Mar bookable on Serre Chevalier Réservation for 2 adults: EUR 480; quarter: Briançon Prorel; agency code: AGENCESCI; GPS 44.89604,6.63008; Briançon Prorel sector (gondola to Serre Chevalier)"
serrechevalier-reservation-studio-cabin-signal-du-prorel-sp106st4,STUDIO CABIN SIGNAL DU PROREL (SP106ST4),,Briançon,Serre Chevalier,France,,4,,,apartment,self-catered,self-catered,none,no,,,,Saturday,480,whole-chalet,EUR,exact-week,,,,,yes,,,,https://booking.serre-chevalier.com/briancon/studio-cabin-signal-du-prorel-sp106st4.html,Serre Chevalier Réservation,village-france-briançon,5,chalets/images/serrechevalier-reservation-studio-cabin-signal-du-prorel-sp106st4/,2026-10-06,"20-27 Mar bookable on Serre Chevalier Réservation for 2 adults: EUR 480; quarter: Briançon Prorel; agency code: AGENCESCI; GPS 44.89604,6.63008; Briançon Prorel sector (gondola to Serre Chevalier)"
serrechevalier-reservation-studio-cabin-signal-du-prorel-sp109st4,STUDIO CABIN SIGNAL DU PROREL (SP109ST4),,Briançon,Serre Chevalier,France,,4,,,apartment,self-catered,self-catered,none,no,,,,Saturday,480,whole-chalet,EUR,exact-week,,,,,yes,,,,https://booking.serre-chevalier.com/briancon/studio-cabin-signal-du-prorel-sp109st4.html,Serre Chevalier Réservation,village-france-briançon,5,chalets/images/serrechevalier-reservation-studio-cabin-signal-du-prorel-sp109st4/,2026-10-06,"20-27 Mar bookable on Serre Chevalier Réservation for 2 adults: EUR 480; quarter: Briançon Prorel; agency code: AGENCESCI; GPS 44.89604,6.63008; Briançon Prorel sector (gondola to Serre Chevalier)"
serrechevalier-reservation-studio-cabin-signal-du-prorel-sp111st4,STUDIO CABIN SIGNAL DU PROREL (SP111ST4),,Briançon,Serre Chevalier,France,,4,,,apartment,self-catered,self-catered,none,no,,,,Saturday,480,whole-chalet,EUR,exact-week,,,,,yes,,,,https://booking.serre-chevalier.com/briancon/studio-cabin-signal-du-prorel-sp111st4.html,Serre Chevalier Réservation,village-france-briançon,5,chalets/images/serrechevalier-reservation-studio-cabin-signal-du-prorel-sp111st4/,2026-10-06,"20-27 Mar bookable on Serre Chevalier Réservation for 2 adults: EUR 480; quarter: Briançon Prorel; agency code: AGENCESCI; GPS 44.89604,6.63008; Briançon Prorel sector (gondola to Serre Chevalier)"
serrechevalier-reservation-studio-cabin-signal-du-prorel-sp112st4,STUDIO CABIN SIGNAL DU PROREL (SP112ST4),,Briançon,Serre Chevalier,France,,4,,,apartment,self-catered,self-catered,none,no,,,,Saturday,480,whole-chalet,EUR,exact-week,,,,,yes,,,,https://booking.serre-chevalier.com/briancon/studio-cabin-signal-du-prorel-sp112st4.html,Serre Chevalier Réservation,village-france-briançon,5,chalets/images/serrechevalier-reservation-studio-cabin-signal-du-prorel-sp112st4/,2026-10-06,"20-27 Mar bookable on Serre Chevalier Réservation for 2 adults: EUR 480; quarter: Briançon Prorel; agency code: AGENCESCI; GPS 44.89604,6.63008; Briançon Prorel sector (gondola to Serre Chevalier)"
serrechevalier-reservation-studio-cabin-signal-du-prorel-sp202st4,STUDIO CABIN SIGNAL DU PROREL (SP202ST4),,Briançon,Serre Chevalier,France,,4,,,apartment,self-catered,self-catered,none,no,,,,Saturday,480,whole-chalet,EUR,exact-week,,,,,yes,,,,https://booking.serre-chevalier.com/briancon/studio-cabin-signal-du-prorel-sp202st4.html,Serre Chevalier Réservation,village-france-briançon,5,chalets/images/serrechevalier-reservation-studio-cabin-signal-du-prorel-sp202st4/,2026-10-06,"20-27 Mar bookable on Serre Chevalier Réservation for 2 adults: EUR 480; quarter: Briançon Prorel; agency code: AGENCESCI; GPS 44.89604,6.63008; Briançon Prorel sector (gondola to Serre Chevalier)"
serrechevalier-reservation-studio-cabin-signal-du-prorel-sp205st4,STUDIO CABIN SIGNAL DU PROREL (SP205ST4),,Briançon,Serre Chevalier,France,,4,,,apartment,self-catered,self-catered,none,no,,,,Saturday,480,whole-chalet,EUR,exact-week,,,,,yes,,,,https://booking.serre-chevalier.com/briancon/studio-cabin-signal-du-prorel-sp205st4.html,Serre Chevalier Réservation,village-france-briançon,5,chalets/images/serrechevalier-reservation-studio-cabin-signal-du-prorel-sp205st4/,2026-10-06,"20-27 Mar bookable on Serre Chevalier Réservation for 2 adults: EUR 480; quarter: Briançon Prorel; agency code: AGENCESCI; GPS 44.89604,6.63008; Briançon Prorel sector (gondola to Serre Chevalier)"
serrechevalier-reservation-studio-cabin-signal-du-prorel-sp206st4,STUDIO CABIN SIGNAL DU PROREL (SP206ST4),,Briançon,Serre Chevalier,France,,4,,,apartment,self-catered,self-catered,none,no,,,,Saturday,480,whole-chalet,EUR,exact-week,,,,,yes,,,,https://booking.serre-chevalier.com/briancon/studio-cabin-signal-du-prorel-sp206st4.html,Serre Chevalier Réservation,village-france-briançon,5,chalets/images/serrechevalier-reservation-studio-cabin-signal-du-prorel-sp206st4/,2026-10-06,"20-27 Mar bookable on Serre Chevalier Réservation for 2 adults: EUR 480; quarter: Briançon Prorel; agency code: AGENCESCI; GPS 44.89604,6.63008; Briançon Prorel sector (gondola to Serre Chevalier)"
serrechevalier-reservation-studio-cabin-signal-du-prorel-sp208st4,STUDIO CABIN SIGNAL DU PROREL (SP208ST4),,Briançon,Serre Chevalier,France,,4,,,apartment,self-catered,self-catered,none,no,,,,Saturday,480,whole-chalet,EUR,exact-week,,,,,yes,,,,https://booking.serre-chevalier.com/briancon/studio-cabin-signal-du-prorel-sp208st4.html,Serre Chevalier Réservation,village-france-briançon,5,chalets/images/serrechevalier-reservation-studio-cabin-signal-du-prorel-sp208st4/,2026-10-06,"20-27 Mar bookable on Serre Chevalier Réservation for 2 adults: EUR 480; quarter: Briançon Prorel; agency code: AGENCESCI; GPS 44.89604,6.63008; Briançon Prorel sector (gondola to Serre Chevalier)"
serrechevalier-reservation-studio-cabin-signal-du-prorel-sp210st4,STUDIO CABIN SIGNAL DU PROREL (SP210ST4),,Briançon,Serre Chevalier,France,,4,,,apartment,self-catered,self-catered,none,no,,,,Saturday,480,whole-chalet,EUR,exact-week,,,,,yes,,,,https://booking.serre-chevalier.com/briancon/studio-cabin-signal-du-prorel-sp210st4.html,Serre Chevalier Réservation,village-france-briançon,5,chalets/images/serrechevalier-reservation-studio-cabin-signal-du-prorel-sp210st4/,2026-10-06,"20-27 Mar bookable on Serre Chevalier Réservation for 2 adults: EUR 480; quarter: Briançon Prorel; agency code: AGENCESCI; GPS 44.89604,6.63008; Briançon Prorel sector (gondola to Serre Chevalier)"
serrechevalier-reservation-studio-cabin-signal-du-prorel-sp302st4,STUDIO CABIN SIGNAL DU PROREL (SP302ST4),,Briançon,Serre Chevalier,France,,4,,,apartment,self-catered,self-catered,none,no,,,,Saturday,480,whole-chalet,EUR,exact-week,,,,,yes,,,,https://booking.serre-chevalier.com/briancon/studio-cabin-signal-du-prorel-sp302st4.html,Serre Chevalier Réservation,village-france-briançon,5,chalets/images/serrechevalier-reservation-studio-cabin-signal-du-prorel-sp302st4/,2026-10-06,"20-27 Mar bookable on Serre Chevalier Réservation for 2 adults: EUR 480; quarter: Briançon Prorel; agency code: AGENCESCI; GPS 44.89604,6.63008; Briançon Prorel sector (gondola to Serre Chevalier)"
serrechevalier-reservation-studio-cabin-signal-du-prorel-sp303st4,STUDIO CABIN SIGNAL DU PROREL (SP303ST4),,Briançon,Serre Chevalier,France,,4,,,apartment,self-catered,self-catered,none,no,,,,Saturday,480,whole-chalet,EUR,exact-week,,,,,yes,,,,https://booking.serre-chevalier.com/briancon/studio-cabin-signal-du-prorel-sp303st4.html,Serre Chevalier Réservation,village-france-briançon,5,chalets/images/serrechevalier-reservation-studio-cabin-signal-du-prorel-sp303st4/,2026-10-06,"20-27 Mar bookable on Serre Chevalier Réservation for 2 adults: EUR 480; quarter: Briançon Prorel; agency code: AGENCESCI; GPS 44.89604,6.63008; Briançon Prorel sector (gondola to Serre Chevalier)"
serrechevalier-reservation-studio-cabin-signal-du-prorel-sp305st4,STUDIO CABIN SIGNAL DU PROREL (SP305ST4),,Briançon,Serre Chevalier,France,,4,,,apartment,self-catered,self-catered,none,no,,,,Saturday,480,whole-chalet,EUR,exact-week,,,,,yes,,,,https://booking.serre-chevalier.com/briancon/studio-cabin-signal-du-prorel-sp305st4.html,Serre Chevalier Réservation,village-france-briançon,5,chalets/images/serrechevalier-reservation-studio-cabin-signal-du-prorel-sp305st4/,2026-10-06,"20-27 Mar bookable on Serre Chevalier Réservation for 2 adults: EUR 480; quarter: Briançon Prorel; agency code: AGENCESCI; GPS 44.89604,6.63008; Briançon Prorel sector (gondola to Serre Chevalier)"
serrechevalier-reservation-studio-cabin-signal-du-prorel-sp306st4,STUDIO CABIN SIGNAL DU PROREL (SP306ST4),,Briançon,Serre Chevalier,France,,4,,,apartment,self-catered,self-catered,none,no,,,,Saturday,480,whole-chalet,EUR,exact-week,,,,,yes,,,,https://booking.serre-chevalier.com/briancon/studio-cabin-signal-du-prorel-sp306st4.html,Serre Chevalier Réservation,village-france-briançon,5,chalets/images/serrechevalier-reservation-studio-cabin-signal-du-prorel-sp306st4/,2026-10-06,"20-27 Mar bookable on Serre Chevalier Réservation for 2 adults: EUR 480; quarter: Briançon Prorel; agency code: AGENCESCI; GPS 44.89604,6.63008; Briançon Prorel sector (gondola to Serre Chevalier)"
serrechevalier-reservation-studio-cabin-signal-du-prorel-sp512st4,STUDIO CABIN SIGNAL DU PROREL (SP512ST4),,Briançon,Serre Chevalier,France,,4,,,apartment,self-catered,self-catered,none,no,,,,Saturday,480,whole-chalet,EUR,exact-week,,,,,yes,,,,https://booking.serre-chevalier.com/briancon/studio-cabin-signal-du-prorel-sp512st4.html,Serre Chevalier Réservation,village-france-briançon,5,chalets/images/serrechevalier-reservation-studio-cabin-signal-du-prorel-sp512st4/,2026-10-06,"20-27 Mar bookable on Serre Chevalier Réservation for 2 adults: EUR 480; quarter: Briançon Prorel; agency code: AGENCESCI; GPS 44.89604,6.63008; Briançon Prorel sector (gondola to Serre Chevalier)"
serrechevalier-reservation-studio-cabin-signal-du-prorel-sp602st4,STUDIO CABIN SIGNAL DU PROREL (SP602ST4),,Briançon,Serre Chevalier,France,,4,,,apartment,self-catered,self-catered,none,no,,,,Saturday,480,whole-chalet,EUR,exact-week,,,,,yes,,,,https://booking.serre-chevalier.com/briancon/studio-cabin-signal-du-prorel-sp602st4.html,Serre Chevalier Réservation,village-france-briançon,5,chalets/images/serrechevalier-reservation-studio-cabin-signal-du-prorel-sp602st4/,2026-10-06,"20-27 Mar bookable on Serre Chevalier Réservation for 2 adults: EUR 480; quarter: Briançon Prorel; agency code: AGENCESCI; GPS 44.89604,6.63008; Briançon Prorel sector (gondola to Serre Chevalier)"
serrechevalier-reservation-studio-cabin-signal-du-prorel-sp603st4,STUDIO CABIN SIGNAL DU PROREL (SP603ST4),,Briançon,Serre Chevalier,France,,4,,,apartment,self-catered,self-catered,none,no,,,,Saturday,480,whole-chalet,EUR,exact-week,,,,,yes,,,,https://booking.serre-chevalier.com/briancon/studio-cabin-signal-du-prorel-sp603st4.html,Serre Chevalier Réservation,village-france-briançon,5,chalets/images/serrechevalier-reservation-studio-cabin-signal-du-prorel-sp603st4/,2026-10-06,"20-27 Mar bookable on Serre Chevalier Réservation for 2 adults: EUR 480; quarter: Briançon Prorel; agency code: AGENCESCI; GPS 44.89604,6.63008; Briançon Prorel sector (gondola to Serre Chevalier)"
serrechevalier-reservation-studio-cabin-signal-du-prorel-sp605st4,STUDIO CABIN SIGNAL DU PROREL (SP605ST4),,Briançon,Serre Chevalier,France,,4,,,apartment,self-catered,self-catered,none,no,,,,Saturday,480,whole-chalet,EUR,exact-week,,,,,yes,,,,https://booking.serre-chevalier.com/briancon/studio-cabin-signal-du-prorel-sp605st4.html,Serre Chevalier Réservation,village-france-briançon,5,chalets/images/serrechevalier-reservation-studio-cabin-signal-du-prorel-sp605st4/,2026-10-06,"20-27 Mar bookable on Serre Chevalier Réservation for 2 adults: EUR 480; quarter: Briançon Prorel; agency code: AGENCESCI; GPS 44.89604,6.63008; Briançon Prorel sector (gondola to Serre Chevalier)"
serrechevalier-reservation-studio-cabin-signal-du-prorel-sp612st4,STUDIO CABIN SIGNAL DU PROREL (SP612ST4),,Briançon,Serre Chevalier,France,,4,,,apartment,self-catered,self-catered,none,no,,,,Saturday,480,whole-chalet,EUR,exact-week,,,,,yes,,,,https://booking.serre-chevalier.com/briancon/studio-cabin-signal-du-prorel-sp612st4.html,Serre Chevalier Réservation,village-france-briançon,5,chalets/images/serrechevalier-reservation-studio-cabin-signal-du-prorel-sp612st4/,2026-10-06,"20-27 Mar bookable on Serre Chevalier Réservation for 2 adults: EUR 480; quarter: Briançon Prorel; agency code: AGENCESCI; GPS 44.89604,6.63008; Briançon Prorel sector (gondola to Serre Chevalier)"
serrechevalier-reservation-studio-relais-de-la-guisane-b-bri100-b314,STUDIO RELAIS DE LA GUISANE B (BRI100-B314),,Briançon,Serre Chevalier,France,,4,,,apartment,self-catered,self-catered,none,no,,,,Saturday,365,whole-chalet,EUR,exact-week,,,,,yes,,,,https://booking.serre-chevalier.com/briancon/studio-relais-de-la-guisane-b-bri100-b314.html,Serre Chevalier Réservation,village-france-briançon,5,chalets/images/serrechevalier-reservation-studio-relais-de-la-guisane-b-bri100-b314/,2026-10-06,"20-27 Mar bookable on Serre Chevalier Réservation for 2 adults: EUR 365 (normal 406); quarter: Briançon Prorel; agency code: 210510004; GPS 44.89900,6.63100; Briançon Prorel sector (gondola to Serre Chevalier)"
serrechevalier-reservation-studio-signal-du-prorel-bri120-0610,STUDIO SIGNAL DU PROREL (BRI120-0610),,Briançon,Serre Chevalier,France,,2,,,apartment,self-catered,self-catered,none,no,,,,Saturday,320,whole-chalet,EUR,exact-week,,,,,yes,,,,https://booking.serre-chevalier.com/briancon/studio-signal-du-prorel-bri120-0610.html,Serre Chevalier Réservation,village-france-briançon,5,chalets/images/serrechevalier-reservation-studio-signal-du-prorel-bri120-0610/,2026-10-06,"20-27 Mar bookable on Serre Chevalier Réservation for 2 adults: EUR 320 (normal 356); quarter: Briançon Prorel; agency code: 210510004; GPS 44.89500,6.63000; Briançon Prorel sector (gondola to Serre Chevalier)"
serrechevalier-reservation-studio-signal-du-prorel-sc-sp104st2,STUDIO SIGNAL DU PROREL (SC-SP104ST2),,Briançon,Serre Chevalier,France,,2,,,apartment,self-catered,self-catered,none,no,,,,Saturday,376,whole-chalet,EUR,exact-week,,,,,yes,,,,https://booking.serre-chevalier.com/briancon/studio-signal-du-prorel-sc-sp104st2.html,Serre Chevalier Réservation,village-france-briançon,5,chalets/images/serrechevalier-reservation-studio-signal-du-prorel-sc-sp104st2/,2026-10-06,"20-27 Mar bookable on Serre Chevalier Réservation for 2 adults: EUR 376; quarter: Briançon Prorel; agency code: AGENCESCI; GPS 44.89604,6.63008; Briançon Prorel sector (gondola to Serre Chevalier)"
serrechevalier-reservation-studio-signal-du-prorel-sc-sp204st3,STUDIO SIGNAL DU PROREL (SC-SP204ST3),,Briançon,Serre Chevalier,France,,3,,,apartment,self-catered,self-catered,none,no,,,,,,,,quote-needed,,,,,unknown,,,,https://booking.serre-chevalier.com/briancon/studio-signal-du-prorel-sc-sp204st3.html,Serre Chevalier Réservation,village-france-briançon,5,chalets/images/serrechevalier-reservation-studio-signal-du-prorel-sc-sp204st3/,2026-10-06,"not in 20-27 Mar dated search (2 adults); unit not bookable online; pass2: weekly planning; quarter: Briançon Prorel; agency code: AGENCESCI; GPS 44.89604,6.63008; Briançon Prorel sector (gondola to Serre Chevalier)"
serrechevalier-reservation-studio-signal-du-prorel-sc-sp304st3,STUDIO SIGNAL DU PROREL (SC-SP304ST3),,Briançon,Serre Chevalier,France,,3,,,apartment,self-catered,self-catered,none,no,,,,Saturday,420,whole-chalet,EUR,exact-week,,,,,yes,,,,https://booking.serre-chevalier.com/briancon/studio-signal-du-prorel-sc-sp304st3.html,Serre Chevalier Réservation,village-france-briançon,5,chalets/images/serrechevalier-reservation-studio-signal-du-prorel-sc-sp304st3/,2026-10-06,"20-27 Mar bookable on Serre Chevalier Réservation for 2 adults: EUR 420; quarter: Briançon Prorel; agency code: AGENCESCI; GPS 44.89604,6.63008; Briançon Prorel sector (gondola to Serre Chevalier)"
serrechevalier-reservation-studio-signal-du-prorel-sc-sp404st2,STUDIO SIGNAL DU PROREL (SC-SP404ST2),,Briançon,Serre Chevalier,France,,2,,,apartment,self-catered,self-catered,none,no,,,,Saturday,376,whole-chalet,EUR,exact-week,,,,,yes,,,,https://booking.serre-chevalier.com/briancon/studio-signal-du-prorel-sc-sp404st2.html,Serre Chevalier Réservation,village-france-briançon,5,chalets/images/serrechevalier-reservation-studio-signal-du-prorel-sc-sp404st2/,2026-10-06,"20-27 Mar bookable on Serre Chevalier Réservation for 2 adults: EUR 376; quarter: Briançon Prorel; agency code: AGENCESCI; GPS 44.89604,6.63008; Briançon Prorel sector (gondola to Serre Chevalier)"
serrechevalier-reservation-studio-signal-du-prorel-sp102st4,STUDIO SIGNAL DU PROREL (SP102ST4),,Briançon,Serre Chevalier,France,,4,,,apartment,self-catered,self-catered,none,no,,,,Saturday,480,whole-chalet,EUR,exact-week,,,,,yes,,,,https://booking.serre-chevalier.com/briancon/studio-signal-du-prorel-sp102st4.html,Serre Chevalier Réservation,village-france-briançon,5,chalets/images/serrechevalier-reservation-studio-signal-du-prorel-sp102st4/,2026-10-06,"20-27 Mar bookable on Serre Chevalier Réservation for 2 adults: EUR 480; quarter: Briançon Prorel; agency code: AGENCESCI; GPS 44.89604,6.63008; Briançon Prorel sector (gondola to Serre Chevalier)"
serrechevalier-reservation-studio-signal-du-prorel-sp103st4,STUDIO SIGNAL DU PROREL (SP103ST4),,Briançon,Serre Chevalier,France,,4,,,apartment,self-catered,self-catered,none,no,,,,Saturday,480,whole-chalet,EUR,exact-week,,,,,yes,,,,https://booking.serre-chevalier.com/briancon/studio-signal-du-prorel-sp103st4.html,Serre Chevalier Réservation,village-france-briançon,5,chalets/images/serrechevalier-reservation-studio-signal-du-prorel-sp103st4/,2026-10-06,"20-27 Mar bookable on Serre Chevalier Réservation for 2 adults: EUR 480; quarter: Briançon Prorel; agency code: AGENCESCI; GPS 44.89604,6.63008; Briançon Prorel sector (gondola to Serre Chevalier)"
serrechevalier-reservation-studio-signal-du-prorel-sp108st4,STUDIO SIGNAL DU PROREL (SP108ST4),,Briançon,Serre Chevalier,France,,4,,,apartment,self-catered,self-catered,none,no,,,,Saturday,480,whole-chalet,EUR,exact-week,,,,,yes,,,,https://booking.serre-chevalier.com/briancon/studio-signal-du-prorel-sp108st4.html,Serre Chevalier Réservation,village-france-briançon,5,chalets/images/serrechevalier-reservation-studio-signal-du-prorel-sp108st4/,2026-10-06,"20-27 Mar bookable on Serre Chevalier Réservation for 2 adults: EUR 480; quarter: Briançon Prorel; agency code: AGENCESCI; GPS 44.89604,6.63008; Briançon Prorel sector (gondola to Serre Chevalier)"
serrechevalier-reservation-studio-signal-du-prorel-sp203st4,STUDIO SIGNAL DU PROREL (SP203ST4),,Briançon,Serre Chevalier,France,,4,,,apartment,self-catered,self-catered,none,unknown,,,,Saturday,480,whole-chalet,EUR,exact-week,,,,,yes,,,,https://booking.serre-chevalier.com/briancon/studio-signal-du-prorel-sp203st4.html,Serre Chevalier Réservation,village-france-briançon,5,chalets/images/serrechevalier-reservation-studio-signal-du-prorel-sp203st4/,2026-10-06,"20-27 Mar bookable on Serre Chevalier Réservation for 2 adults: EUR 480; quarter: Briançon Prorel; agency code: AGENCESCI; GPS 44.89604,6.63008; Briançon Prorel sector (gondola to Serre Chevalier)"
serrechevalier-reservation-2-rooms-accessible-daffy-mmv,2 ROOMS ACCESSIBLE DAFFY MMV,,Briançon,Serre Chevalier,France,,4,,,apartment,self-catered,self-catered,none,no,,,,Saturday,904,whole-chalet,EUR,exact-week,,,,,yes,,,,https://booking.serre-chevalier.com/briancon/2-rooms-accessible-daffy-mmv.html,Serre Chevalier Réservation,village-france-briançon,5,chalets/images/serrechevalier-reservation-2-rooms-accessible-daffy-mmv/,2026-10-06,"20-27 Mar bookable on Serre Chevalier Réservation for 2 adults: EUR 904 (normal 1064); quarter: Briançon Centre; agency code: IDAFFYMMV; GPS 44.90045,6.63303"
serrechevalier-reservation-2-rooms-cabin-central-parc-2-bri200-2202,2 ROOMS CABIN CENTRAL PARC 2 (BRI200-2202),,Briançon,Serre Chevalier,France,,6,,,apartment,self-catered,self-catered,none,no,,,,Saturday,471,whole-chalet,EUR,exact-week,,,,,yes,,,,https://booking.serre-chevalier.com/briancon/2-rooms-cabin-central-parc-2-bri200-2202.html,Serre Chevalier Réservation,village-france-briançon,5,chalets/images/serrechevalier-reservation-2-rooms-cabin-central-parc-2-bri200-2202/,2026-10-06,"20-27 Mar bookable on Serre Chevalier Réservation for 2 adults: EUR 471 (normal 523); quarter: Briançon Centre; agency code: 210510004; GPS 44.89733,6.63316"
serrechevalier-reservation-2-rooms-cabin-grande-torino-skyway-mars,2 ROOMS CABIN GRANDE TORINO SKYWAY (MARS),,Briançon,Serre Chevalier,France,,6,,,apartment,self-catered,self-catered,none,unknown,,,,Saturday,562,whole-chalet,EUR,exact-week,,,,,yes,,,,https://booking.serre-chevalier.com/briancon/2-rooms-cabin-grande-torino-skyway-mars.html,Serre Chevalier Réservation,village-france-briançon,5,chalets/images/serrechevalier-reservation-2-rooms-cabin-grande-torino-skyway-mars/,2026-10-06,20-27 Mar bookable on Serre Chevalier Réservation for 2 adults: EUR 562 (normal 625); quarter: Briançon Centre; agency code: 7642171
serrechevalier-reservation-2-rooms-cabin-pre-du-moulin-f-bri220-f102,2 ROOMS CABIN PRE DU MOULIN F (BRI220-F102),,Briançon,Serre Chevalier,France,,6,,,apartment,self-catered,self-catered,none,no,,,,Saturday,449,whole-chalet,EUR,exact-week,,,,,yes,,,,https://booking.serre-chevalier.com/briancon/2-rooms-cabin-pre-du-moulin-f-bri220-f102.html,Serre Chevalier Réservation,village-france-briançon,5,chalets/images/serrechevalier-reservation-2-rooms-cabin-pre-du-moulin-f-bri220-f102/,2026-10-06,"20-27 Mar bookable on Serre Chevalier Réservation for 2 adults: EUR 449 (normal 499); quarter: Briançon Centre; agency code: 210510004; GPS 44.89469,6.63310"
serrechevalier-reservation-2-rooms-cabin-sainte-catherine-bri230-0110,2 ROOMS CABIN SAINTE CATHERINE (BRI230-0110),,Briançon,Serre Chevalier,France,,6,,,apartment,self-catered,self-catered,none,unknown,,,,Saturday,433,whole-chalet,EUR,exact-week,,,,,yes,,,,https://booking.serre-chevalier.com/briancon/2-rooms-cabin-sainte-catherine-bri230-0110.html,Serre Chevalier Réservation,village-france-briançon,5,chalets/images/serrechevalier-reservation-2-rooms-cabin-sainte-catherine-bri230-0110/,2026-10-06,"20-27 Mar bookable on Serre Chevalier Réservation for 2 adults: EUR 433 (normal 481); quarter: Briançon Centre; agency code: 210510004; GPS 44.89700,6.63600"
serrechevalier-reservation-2-rooms-central-parc-2-bri200-2602,2 ROOMS CENTRAL PARC 2 (BRI200-2602),,Briançon,Serre Chevalier,France,,4,,,apartment,self-catered,self-catered,none,no,,,,Saturday,400,whole-chalet,EUR,exact-week,,,,,yes,,,,https://booking.serre-chevalier.com/briancon/2-rooms-central-parc-2-bri200-2602.html,Serre Chevalier Réservation,village-france-briançon,5,chalets/images/serrechevalier-reservation-2-rooms-central-parc-2-bri200-2602/,2026-10-06,"20-27 Mar bookable on Serre Chevalier Réservation for 2 adults: EUR 400 (normal 445); quarter: Briançon Centre; agency code: 210510004; GPS 44.89856,6.63319"
serrechevalier-reservation-2-rooms-central-parc-neige-a-bri210-a022,2 ROOMS CENTRAL PARC NEIGE A (BRI210-A022),,Briançon,Serre Chevalier,France,,4,,,apartment,self-catered,self-catered,none,no,,,,Saturday,400,whole-chalet,EUR,exact-week,,,,,yes,,,,https://booking.serre-chevalier.com/briancon/2-rooms-central-parc-neige-a-bri210-a022.html,Serre Chevalier Réservation,village-france-briançon,5,chalets/images/serrechevalier-reservation-2-rooms-central-parc-neige-a-bri210-a022/,2026-10-06,"20-27 Mar bookable on Serre Chevalier Réservation for 2 adults: EUR 400 (normal 445); quarter: Briançon Centre; agency code: 210510004; GPS 44.89700,6.63300"
serrechevalier-reservation-2-rooms-central-parc-neige-b-bri210-b021,2 ROOMS CENTRAL PARC NEIGE B (BRI210-B021),,Briançon,Serre Chevalier,France,,4,,,apartment,self-catered,self-catered,none,no,,,,Saturday,400,whole-chalet,EUR,exact-week,,,,,yes,,,,https://booking.serre-chevalier.com/briancon/2-rooms-central-parc-neige-b-bri210-b021.html,Serre Chevalier Réservation,village-france-briançon,5,chalets/images/serrechevalier-reservation-2-rooms-central-parc-neige-b-bri210-b021/,2026-10-06,"20-27 Mar bookable on Serre Chevalier Réservation for 2 adults: EUR 400 (normal 445); quarter: Briançon Centre; agency code: 210510004; GPS 44.89739,6.63266"
serrechevalier-reservation-2-rooms-daffy-mmv-2p4,2 ROOMS DAFFY MMV (2P4),,Briançon,Serre Chevalier,France,,4,,,apartment,self-catered,self-catered,none,no,,,,Saturday,952,whole-chalet,EUR,exact-week,,,,,yes,,,,https://booking.serre-chevalier.com/briancon/2-rooms-daffy-mmv-2p4.html,Serre Chevalier Réservation,village-france-briançon,5,chalets/images/serrechevalier-reservation-2-rooms-daffy-mmv-2p4/,2026-10-06,"20-27 Mar bookable on Serre Chevalier Réservation for 2 adults: EUR 952 (normal 1120); quarter: Briançon Centre; agency code: IDAFFYMMV; GPS 44.90045,6.63303"
serrechevalier-reservation-2-rooms-daffy-mmv-2p6,2 ROOMS DAFFY MMV (2P6),,Briançon,Serre Chevalier,France,,4,,,apartment,self-catered,self-catered,none,no,,,,Saturday,1190,whole-chalet,EUR,exact-week,,,,,yes,,,,https://booking.serre-chevalier.com/briancon/2-rooms-daffy-mmv-2p6.html,Serre Chevalier Réservation,village-france-briançon,5,chalets/images/serrechevalier-reservation-2-rooms-daffy-mmv-2p6/,2026-10-06,"20-27 Mar bookable on Serre Chevalier Réservation for 2 adults: EUR 1190 (normal 1400); quarter: Briançon Centre; agency code: IDAFFYMMV; GPS 44.90045,6.63303"
serrechevalier-reservation-2-rooms-parc-chancel-b-bri340-b423,2 ROOMS PARC CHANCEL B (BRI340-B423),,Briançon,Serre Chevalier,France,,3,,,apartment,self-catered,self-catered,none,no,,,,Saturday,373,whole-chalet,EUR,exact-week,,,,,yes,,,,https://booking.serre-chevalier.com/briancon/2-rooms-parc-chancel-b-bri340-b423.html,Serre Chevalier Réservation,village-france-briançon,5,chalets/images/serrechevalier-reservation-2-rooms-parc-chancel-b-bri340-b423/,2026-10-06,"20-27 Mar bookable on Serre Chevalier Réservation for 2 adults: EUR 373 (normal 414); quarter: Briançon Centre; agency code: 210510004; GPS 44.89753,6.63442"
serrechevalier-reservation-2-rooms-pre-du-moulin-d-bri220-d102,2 ROOMS PRE DU MOULIN D (BRI220-D102),,Briançon,Serre Chevalier,France,,4,,,apartment,self-catered,self-catered,none,no,,,,,,,,quote-needed,,,,,unknown,,,,https://booking.serre-chevalier.com/briancon/2-rooms-pre-du-moulin-d-bri220-d102.html,Serre Chevalier Réservation,village-france-briançon,5,chalets/images/serrechevalier-reservation-2-rooms-pre-du-moulin-d-bri220-d102/,2026-10-06,"not in 20-27 Mar dated search (2 adults); unit not bookable online; pass2: weekly planning; quarter: Briançon Centre; agency code: 210510004; GPS 44.89448,6.63254"
serrechevalier-reservation-2-rooms-pre-du-moulin-f-bri220-f306,2 ROOMS PRE DU MOULIN F (BRI220-F306),,Briançon,Serre Chevalier,France,,4,,,apartment,self-catered,self-catered,none,unknown,,,,Saturday,400,whole-chalet,EUR,exact-week,,,,,yes,,,,https://booking.serre-chevalier.com/briancon/2-rooms-pre-du-moulin-f-bri220-f306.html,Serre Chevalier Réservation,village-france-briançon,5,chalets/images/serrechevalier-reservation-2-rooms-pre-du-moulin-f-bri220-f306/,2026-10-06,"20-27 Mar bookable on Serre Chevalier Réservation for 2 adults: EUR 400 (normal 445); quarter: Briançon Centre; agency code: 210510004; GPS 44.89500,6.63300"
serrechevalier-reservation-2-rooms-terrasses-du-lautaret-bri730-0a03,2 ROOMS TERRASSES DU LAUTARET (BRI730-0A03),,Briançon,Serre Chevalier,France,,4,,,apartment,self-catered,self-catered,none,no,,,,Saturday,400,whole-chalet,EUR,exact-week,,,,,yes,,,,https://booking.serre-chevalier.com/briancon/2-rooms-terrasses-du-lautaret-bri730-0a03.html,Serre Chevalier Réservation,village-france-briançon,5,chalets/images/serrechevalier-reservation-2-rooms-terrasses-du-lautaret-bri730-0a03/,2026-10-06,"20-27 Mar bookable on Serre Chevalier Réservation for 2 adults: EUR 400 (normal 445); quarter: Briançon Centre; agency code: 210510004; GPS 44.89917,6.63776"
serrechevalier-reservation-3-room-cabin-duplex-pre-du-moulin-a-bri220-a003,3 ROOM CABIN DUPLEX PRE DU MOULIN A (BRI220-A003),,Briançon,Serre Chevalier,France,,8,,,apartment,self-catered,self-catered,none,no,,,,Saturday,618,whole-chalet,EUR,exact-week,,,,,yes,,,,https://booking.serre-chevalier.com/briancon/3-room-cabin-duplex-pre-du-moulin-a-bri220-a003.html,Serre Chevalier Réservation,village-france-briançon,5,chalets/images/serrechevalier-reservation-3-room-cabin-duplex-pre-du-moulin-a-bri220-a003/,2026-10-06,"20-27 Mar bookable on Serre Chevalier Réservation for 2 adults: EUR 618 (normal 687); quarter: Briançon Centre; agency code: 210510004; GPS 44.89469,6.63310"
serrechevalier-reservation-3-rooms-tour-telm,3 ROOMS (TOUR/TELM),,Briançon,Serre Chevalier,France,,4,,,apartment,self-catered,self-catered,none,unknown,,,,Saturday,675,whole-chalet,EUR,exact-week,,,,,yes,,,,https://booking.serre-chevalier.com/briancon/3-rooms-tour-telm.html,Serre Chevalier Réservation,village-france-briançon,5,chalets/images/serrechevalier-reservation-3-rooms-tour-telm/,2026-10-06,"20-27 Mar bookable on Serre Chevalier Réservation for 2 adults: EUR 675; quarter: Briançon Centre; agency code: TELMONMICHELE; GPS 44.90106,6.63651"
serrechevalier-reservation-3-rooms-cabin-cimes-b-bri370-b404,3 ROOMS CABIN CIMES B (BRI370-B404),,Briançon,Serre Chevalier,France,,7,,,apartment,self-catered,self-catered,none,no,,,,Saturday,695,whole-chalet,EUR,exact-week,,,,,yes,,,,https://booking.serre-chevalier.com/briancon/3-rooms-cabin-cimes-b-bri370-b404.html,Serre Chevalier Réservation,village-france-briançon,5,chalets/images/serrechevalier-reservation-3-rooms-cabin-cimes-b-bri370-b404/,2026-10-06,"20-27 Mar bookable on Serre Chevalier Réservation for 2 adults: EUR 695 (normal 772); quarter: Briançon Centre; agency code: 210510004; GPS 44.90056,6.63216"
serrechevalier-reservation-3-rooms-cimes-a-bri370-a105,3 ROOMS CIMES A (BRI370-A105),,Briançon,Serre Chevalier,France,,6,,,apartment,self-catered,self-catered,none,no,,,,Saturday,606,whole-chalet,EUR,exact-week,,,,,yes,,,,https://booking.serre-chevalier.com/briancon/3-rooms-cimes-a-bri370-a105.html,Serre Chevalier Réservation,village-france-briançon,5,chalets/images/serrechevalier-reservation-3-rooms-cimes-a-bri370-a105/,2026-10-06,"20-27 Mar bookable on Serre Chevalier Réservation for 2 adults: EUR 606 (normal 673); quarter: Briançon Centre; agency code: 210510004; GPS 44.90056,6.63216"
serrechevalier-reservation-3-rooms-cimes-a-bri370-a205,3 ROOMS CIMES A (BRI370-A205),,Briançon,Serre Chevalier,France,,4,,,apartment,self-catered,self-catered,none,no,,,,Saturday,606,whole-chalet,EUR,exact-week,,,,,yes,,,,https://booking.serre-chevalier.com/briancon/3-rooms-cimes-a-bri370-a205.html,Serre Chevalier Réservation,village-france-briançon,5,chalets/images/serrechevalier-reservation-3-rooms-cimes-a-bri370-a205/,2026-10-06,"20-27 Mar bookable on Serre Chevalier Réservation for 2 adults: EUR 606 (normal 673); quarter: Briançon Centre; agency code: 210510004; GPS 44.90040,6.63199"
serrechevalier-reservation-3-rooms-parc-chancel-e-bri340-e029,3 ROOMS PARC CHANCEL E (BRI340-E029),,Briançon,Serre Chevalier,France,,4,,,apartment,self-catered,self-catered,none,unknown,,,,Saturday,513,whole-chalet,EUR,exact-week,,,,,yes,,,,https://booking.serre-chevalier.com/briancon/3-rooms-parc-chancel-e-bri340-e029.html,Serre Chevalier Réservation,village-france-briançon,5,chalets/images/serrechevalier-reservation-3-rooms-parc-chancel-e-bri340-e029/,2026-10-06,"20-27 Mar bookable on Serre Chevalier Réservation for 2 adults: EUR 513 (normal 570); quarter: Briançon Centre; agency code: 210510004; GPS 44.89778,6.63375"
serrechevalier-reservation-3-rooms-pre-du-moulin-g-bri220-g101,3 ROOMS PRE DU MOULIN G (BRI220-G101),,Briançon,Serre Chevalier,France,,6,,,apartment,self-catered,self-catered,none,unknown,,,,,,,,quote-needed,,,,,unknown,,,,https://booking.serre-chevalier.com/briancon/3-rooms-pre-du-moulin-g-bri220-g101.html,Serre Chevalier Réservation,village-france-briançon,5,chalets/images/serrechevalier-reservation-3-rooms-pre-du-moulin-g-bri220-g101/,2026-10-06,"not in 20-27 Mar dated search (2 adults); unit not bookable online; pass2: weekly planning; quarter: Briançon Centre; agency code: 210510004; GPS 44.89500,6.63300"
serrechevalier-reservation-3-rooms-rue-morand-bri260-0003,3 ROOMS RUE MORAND (BRI260-0003),,Briançon,Serre Chevalier,France,,6,,,apartment,self-catered,self-catered,none,no,,,,Saturday,482,whole-chalet,EUR,exact-week,,,,,yes,,,,https://booking.serre-chevalier.com/briancon/3-rooms-rue-morand-bri260-0003.html,Serre Chevalier Réservation,village-france-briançon,5,chalets/images/serrechevalier-reservation-3-rooms-rue-morand-bri260-0003/,2026-10-06,"20-27 Mar bookable on Serre Chevalier Réservation for 2 adults: EUR 482 (normal 535); quarter: Briançon Centre; agency code: 210510004; GPS 44.89231,6.63462"
serrechevalier-reservation-4-rooms-marsnath,4 ROOMS (MARSNATH),,Briançon,Serre Chevalier,France,,8,,,apartment,self-catered,self-catered,none,no,,,,Saturday,675,whole-chalet,EUR,exact-week,,,,,yes,,,,https://booking.serre-chevalier.com/briancon/4-rooms-marsnath.html,Serre Chevalier Réservation,village-france-briançon,5,chalets/images/serrechevalier-reservation-4-rooms-marsnath/,2026-10-06,"20-27 Mar bookable on Serre Chevalier Réservation for 2 adults: EUR 675; quarter: Briançon Centre; agency code: 298970; GPS 44.897794,6.637998"
serrechevalier-reservation-4-rooms-les-coteaux-du-galibier-bri760-0044,4 ROOMS LES COTEAUX DU GALIBIER (BRI760-0044),,Briançon,Serre Chevalier,France,,6,,,apartment,self-catered,self-catered,none,no,,,,,,,,quote-needed,,,,,unknown,,,,https://booking.serre-chevalier.com/briancon/4-rooms-les-coteaux-du-galibier-bri760-0044.html,Serre Chevalier Réservation,village-france-briançon,5,chalets/images/serrechevalier-reservation-4-rooms-les-coteaux-du-galibier-bri760-0044/,2026-10-06,"not in 20-27 Mar dated search (2 adults); unit not bookable online; pass2: weekly planning; quarter: Briançon Centre; agency code: 210510004; GPS 44.89987,6.63682"
serrechevalier-reservation-4-rooms-pre-du-moulin-b-bri220-b003,4 ROOMS PRE DU MOULIN B (BRI220-B003),,Briançon,Serre Chevalier,France,,10,,,apartment,self-catered,self-catered,none,unknown,,,,,,,,quote-needed,,,,,unknown,,,,https://booking.serre-chevalier.com/briancon/4-rooms-pre-du-moulin-b-bri220-b003.html,Serre Chevalier Réservation,village-france-briançon,5,chalets/images/serrechevalier-reservation-4-rooms-pre-du-moulin-b-bri220-b003/,2026-10-06,"not in 20-27 Mar dated search (2 adults); unit not bookable online; pass2: weekly planning; quarter: Briançon Centre; agency code: 210510004; GPS 44.89480,6.63272"
serrechevalier-reservation-4-rooms-pre-du-moulin-c-bri220-c003,4 ROOMS PRE DU MOULIN C (BRI220-C003),,Briançon,Serre Chevalier,France,,6,,,apartment,self-catered,self-catered,none,no,,,,Saturday,886,whole-chalet,EUR,exact-week,,,,,yes,,,,https://booking.serre-chevalier.com/briancon/4-rooms-pre-du-moulin-c-bri220-c003.html,Serre Chevalier Réservation,village-france-briançon,5,chalets/images/serrechevalier-reservation-4-rooms-pre-du-moulin-c-bri220-c003/,2026-10-06,"20-27 Mar bookable on Serre Chevalier Réservation for 2 adults: EUR 886 (normal 984); quarter: Briançon Centre; agency code: 210510004; GPS 44.89500,6.63300"
serrechevalier-reservation-studio-area-delm,STUDIO AREA (DELM),,Briançon,Serre Chevalier,France,,4,,,apartment,self-catered,self-catered,none,unknown,,,,Saturday,400,whole-chalet,EUR,exact-week,,,,,yes,,,,https://booking.serre-chevalier.com/briancon/studio-area-delm.html,Serre Chevalier Réservation,village-france-briançon,5,chalets/images/serrechevalier-reservation-studio-area-delm/,2026-10-06,"20-27 Mar bookable on Serre Chevalier Réservation for 2 adults: EUR 400; quarter: Briançon Centre; agency code: DELMASPHILIPPE; GPS 44.89253,6.63455"
serrechevalier-reservation-studio-cabin-central-parc-1b-bri200-b210,STUDIO CABIN CENTRAL PARC 1B (BRI200-B210),,Briançon,Serre Chevalier,France,,3,,,apartment,self-catered,self-catered,none,no,,,,Saturday,259,whole-chalet,EUR,exact-week,,,,,yes,,,,https://booking.serre-chevalier.com/briancon/studio-cabin-central-parc-1b-bri200-b210.html,Serre Chevalier Réservation,village-france-briançon,5,chalets/images/serrechevalier-reservation-studio-cabin-central-parc-1b-bri200-b210/,2026-10-06,"20-27 Mar bookable on Serre Chevalier Réservation for 2 adults: EUR 259 (normal 288); quarter: Briançon Centre; agency code: 210510004; GPS 44.89700,6.63400"
serrechevalier-reservation-studio-cabin-central-park-1a-bri200-a103,STUDIO CABIN CENTRAL PARK 1A (BRI200-A103),,Briançon,Serre Chevalier,France,,4,,,apartment,self-catered,self-catered,none,no,,,,Saturday,365,whole-chalet,EUR,exact-week,,,,,yes,,,,https://booking.serre-chevalier.com/briancon/studio-cabin-central-park-1a-bri200-a103.html,Serre Chevalier Réservation,village-france-briançon,5,chalets/images/serrechevalier-reservation-studio-cabin-central-park-1a-bri200-a103/,2026-10-06,"20-27 Mar bookable on Serre Chevalier Réservation for 2 adults: EUR 365 (normal 406); quarter: Briançon Centre; agency code: 210510004; GPS 44.89706,6.63368"
serrechevalier-reservation-studio-cabin-sainte-catherine-bri230-0003,STUDIO CABIN SAINTE CATHERINE (BRI230-0003),,Briançon,Serre Chevalier,France,,3,,,apartment,self-catered,self-catered,none,unknown,,,,,,,,quote-needed,,,,,unknown,,,,https://booking.serre-chevalier.com/briancon/studio-cabin-sainte-catherine-bri230-0003.html,Serre Chevalier Réservation,village-france-briançon,5,chalets/images/serrechevalier-reservation-studio-cabin-sainte-catherine-bri230-0003/,2026-10-06,"not in 20-27 Mar dated search (2 adults); unit not bookable online; pass2: weekly planning; quarter: Briançon Centre; agency code: 210510004; GPS 44.89682,6.63672"
serrechevalier-reservation-studio-cabin-sainte-catherine-bri230-0103,STUDIO CABIN SAINTE CATHERINE (BRI230-0103),,Briançon,Serre Chevalier,France,,4,,,apartment,self-catered,self-catered,none,no,,,,,,,,quote-needed,,,,,unknown,,,,https://booking.serre-chevalier.com/briancon/studio-cabin-sainte-catherine-bri230-0103.html,Serre Chevalier Réservation,village-france-briançon,5,chalets/images/serrechevalier-reservation-studio-cabin-sainte-catherine-bri230-0103/,2026-10-06,"not in 20-27 Mar dated search (2 adults); unit not bookable online; pass2: weekly planning; quarter: Briançon Centre; agency code: 210510004; GPS 44.89669,6.63668"
serrechevalier-reservation-studio-central-parc-1a-bri200-a302,STUDIO CENTRAL PARC 1A (BRI200-A302),,Briançon,Serre Chevalier,France,,2,,,apartment,self-catered,self-catered,none,no,,,,Saturday,259,whole-chalet,EUR,exact-week,,,,,yes,,,,https://booking.serre-chevalier.com/briancon/studio-central-parc-1a-bri200-a302.html,Serre Chevalier Réservation,village-france-briançon,5,chalets/images/serrechevalier-reservation-studio-central-parc-1a-bri200-a302/,2026-10-06,"20-27 Mar bookable on Serre Chevalier Réservation for 2 adults: EUR 259 (normal 288); quarter: Briançon Centre; agency code: 210510004; GPS 44.89700,6.63400"
serrechevalier-reservation-3-pieces-residence-de-l-etoile-clem,3 PIECES RESIDENCE DE L'ETOILE (CLEM),,Briançon,Serre Chevalier,France,,4,,,apartment,self-catered,self-catered,none,unknown,,,,,,,,quote-needed,,,,,unknown,,,,https://booking.serre-chevalier.com/briancon/3-pieces-residence-de-l-etoile-clem.html,Serre Chevalier Réservation,village-france-briançon,5,chalets/images/serrechevalier-reservation-3-pieces-residence-de-l-etoile-clem/,2026-10-06,"not in 20-27 Mar dated search (2 adults); unit not bookable online; pass2: weekly planning; quarter: Outskirts of Briançon; agency code: CLEMENTJB; GPS 44.90427,6.63680"
serrechevalier-reservation-2-rooms-4-people-serre-paix-musc,2 ROOMS 4 PEOPLE SERRE PAIX (MUSC),,Briançon,Serre Chevalier,France,,4,,,apartment,self-catered,self-catered,none,unknown,,,,,,,,quote-needed,,,,,unknown,,,,https://booking.serre-chevalier.com/briancon/2-rooms-4-people-serre-paix-musc.html,Serre Chevalier Réservation,village-france-briançon,5,chalets/images/serrechevalier-reservation-2-rooms-4-people-serre-paix-musc/,2026-10-06,"not in 20-27 Mar dated search (2 adults); unit not bookable online; pass2: weekly planning; quarter: Outskirts of Briançon; agency code: 299734; GPS 44.90089,6.63036"
serrechevalier-reservation-2-rooms-cadran-solaire-bri670-2621,2 ROOMS CADRAN SOLAIRE (BRI670-2621),,Briançon,Serre Chevalier,France,,5,,,apartment,self-catered,self-catered,none,unknown,,,,Saturday,449,whole-chalet,EUR,exact-week,,,,,yes,,,,https://booking.serre-chevalier.com/briancon/2-rooms-cadran-solaire-bri670-2621.html,Serre Chevalier Réservation,village-france-briançon,5,chalets/images/serrechevalier-reservation-2-rooms-cadran-solaire-bri670-2621/,2026-10-06,"20-27 Mar bookable on Serre Chevalier Réservation for 2 adults: EUR 449 (normal 499); quarter: Outskirts of Briançon; agency code: 210510004; GPS 44.90246,6.63930"
serrechevalier-reservation-2-rooms-eglantines-bri500-0003,2 ROOMS EGLANTINES (BRI500-0003),,Briançon,Serre Chevalier,France,,4,,,apartment,self-catered,self-catered,none,no,,,,,,,,quote-needed,,,,,unknown,,,,https://booking.serre-chevalier.com/briancon/2-rooms-eglantines-bri500-0003.html,Serre Chevalier Réservation,village-france-briançon,5,chalets/images/serrechevalier-reservation-2-rooms-eglantines-bri500-0003/,2026-10-06,"not in 20-27 Mar dated search (2 adults); unit not bookable online; pass2: weekly planning; quarter: Outskirts of Briançon; agency code: 210510004; GPS 44.91000,6.62600"
serrechevalier-reservation-2-rooms-mas-de-blais-faurg,2 ROOMS MAS DE BLAIS (FAURG),,Briançon,Serre Chevalier,France,,4,,,apartment,self-catered,self-catered,none,unknown,,,,,,,,quote-needed,,,,,unknown,,,,https://booking.serre-chevalier.com/briancon/2-rooms-mas-de-blais-faurg.html,Serre Chevalier Réservation,village-france-briançon,5,chalets/images/serrechevalier-reservation-2-rooms-mas-de-blais-faurg/,2026-10-06,"not in 20-27 Mar dated search (2 adults); unit not bookable online; pass2: weekly planning; residence has shared wellness area; quarter: Outskirts of Briançon; agency code: FAUREGEORGES; GPS 44.91728,6.61894"
serrechevalier-reservation-2-rooms-mezzanine-les-hauts-de-briancon-a-bri620-a302,2 ROOMS MEZZANINE LES HAUTS DE BRIANCON A (BRI620-A302),,Briançon,Serre Chevalier,France,,4,,,apartment,self-catered,self-catered,none,unknown,,,,Saturday,482,whole-chalet,EUR,exact-week,,,,,yes,,,,https://booking.serre-chevalier.com/briancon/2-rooms-mezzanine-les-hauts-de-briancon-a-bri620-a302.html,Serre Chevalier Réservation,village-france-briançon,5,chalets/images/serrechevalier-reservation-2-rooms-mezzanine-les-hauts-de-briancon-a-bri620-a302/,2026-10-06,"20-27 Mar bookable on Serre Chevalier Réservation for 2 adults: EUR 482 (normal 535); quarter: Outskirts of Briançon; agency code: 210510004; GPS 44.90615,6.63395"
serrechevalier-reservation-3-rooms-gs19024,3 ROOMS (GS19024),,Briançon,Serre Chevalier,France,,4,,,apartment,self-catered,self-catered,none,no,,,,,,,,quote-needed,,,,,unknown,,,,https://booking.serre-chevalier.com/briancon/3-rooms-gs19024.html,Serre Chevalier Réservation,village-france-briançon,5,chalets/images/serrechevalier-reservation-3-rooms-gs19024/,2026-10-06,"not in 20-27 Mar dated search (2 adults); unit not bookable online; pass2: weekly planning; quarter: Outskirts of Briançon; agency code: AGENCECHARLEMAGNE; GPS 44.88959,6.63883"
serrechevalier-reservation-3-rooms-arolles-a-bri740-a101,3 ROOMS AROLLES A (BRI740-A101),,Briançon,Serre Chevalier,France,,6,,,apartment,self-catered,self-catered,none,no,,,,Saturday,513,whole-chalet,EUR,exact-week,,,,,yes,,,,https://booking.serre-chevalier.com/briancon/3-rooms-arolles-a-bri740-a101.html,Serre Chevalier Réservation,village-france-briançon,5,chalets/images/serrechevalier-reservation-3-rooms-arolles-a-bri740-a101/,2026-10-06,"20-27 Mar bookable on Serre Chevalier Réservation for 2 adults: EUR 513 (normal 570); quarter: Outskirts of Briançon; agency code: 210510004; GPS 44.90112,6.63617"
serrechevalier-reservation-3-rooms-balcons-de-l-izoard-bri765-2024,3 ROOMS BALCONS DE L'IZOARD (BRI765-2024),,Briançon,Serre Chevalier,France,,4,,,apartment,self-catered,self-catered,none,no,,,,Saturday,783,whole-chalet,EUR,exact-week,,,,,yes,,,,https://booking.serre-chevalier.com/briancon/3-rooms-balcons-de-l-izoard-bri765-2024.html,Serre Chevalier Réservation,village-france-briançon,5,chalets/images/serrechevalier-reservation-3-rooms-balcons-de-l-izoard-bri765-2024/,2026-10-06,"20-27 Mar bookable on Serre Chevalier Réservation for 2 adults: EUR 783 (normal 871); quarter: Outskirts of Briançon; agency code: 210510004; GPS 44.89979,6.63660"
serrechevalier-reservation-3-rooms-cabin-domaine-des-grands-chalets-malone-bri64,3 ROOMS CABIN DOMAINE DES GRANDS CHALETS MALONE (BRI640-M031),,Briançon,Serre Chevalier,France,,6,,,apartment,self-catered,self-catered,none,no,,,,Saturday,740,whole-chalet,EUR,exact-week,,,,,yes,,,,https://booking.serre-chevalier.com/briancon/3-rooms-cabin-domaine-des-grands-chalets-malone-bri640-m031.html,Serre Chevalier Réservation,village-france-briançon,5,chalets/images/serrechevalier-reservation-3-rooms-cabin-domaine-des-grands-chalets-malone-bri64/,2026-10-06,"20-27 Mar bookable on Serre Chevalier Réservation for 2 adults: EUR 740 (normal 822); quarter: Outskirts of Briançon; agency code: 210510004; GPS 44.90259,6.63890"
serrechevalier-reservation-3-rooms-coralines-2b-bri600-2b15,3 ROOMS CORALINES 2B (BRI600-2B15),,Briançon,Serre Chevalier,France,,4,,,apartment,self-catered,self-catered,none,no,,,,Saturday,446,whole-chalet,EUR,exact-week,,,,,yes,,,,https://booking.serre-chevalier.com/briancon/3-rooms-coralines-2b-bri600-2b15.html,Serre Chevalier Réservation,village-france-briançon,5,chalets/images/serrechevalier-reservation-3-rooms-coralines-2b-bri600-2b15/,2026-10-06,"20-27 Mar bookable on Serre Chevalier Réservation for 2 adults: EUR 446 (normal 495); quarter: Outskirts of Briançon; agency code: 210510004; GPS 44.90579,6.63140"
serrechevalier-reservation-3-rooms-les-hauts-de-briancon-bri620-b301,3 ROOMS LES HAUTS DE BRIANCON (BRI620-B301),,Briançon,Serre Chevalier,France,,6,,,apartment,self-catered,self-catered,none,unknown,,,,,,,,quote-needed,,,,,unknown,,,,https://booking.serre-chevalier.com/briancon/3-rooms-les-hauts-de-briancon-bri620-b301.html,Serre Chevalier Réservation,village-france-briançon,5,chalets/images/serrechevalier-reservation-3-rooms-les-hauts-de-briancon-bri620-b301/,2026-10-06,"not in 20-27 Mar dated search (2 adults); unit not bookable online; pass2: weekly planning; quarter: Outskirts of Briançon; agency code: 210510004; GPS 44.90668,6.63188"
serrechevalier-reservation-3-rooms-residence-mounieres-b-bri800-b001,3 ROOMS RESIDENCE MOUNIERES B (BRI800-B001),,Briançon,Serre Chevalier,France,,6,,,apartment,self-catered,self-catered,none,unknown,,,,Saturday,460,whole-chalet,EUR,exact-week,,,,,yes,,,,https://booking.serre-chevalier.com/briancon/3-rooms-residence-mounieres-b-bri800-b001.html,Serre Chevalier Réservation,village-france-briançon,5,chalets/images/serrechevalier-reservation-3-rooms-residence-mounieres-b-bri800-b001/,2026-10-06,"20-27 Mar bookable on Serre Chevalier Réservation for 2 adults: EUR 460 (normal 511); quarter: Outskirts of Briançon; agency code: 210510004; GPS 44.89185,6.64148"
serrechevalier-reservation-4-rooms-avenue-col-de-l-izoard-bri880-0031,4 ROOMS AVENUE COL DE L'IZOARD (BRI880-0031),,Briançon,Serre Chevalier,France,,6,,,apartment,self-catered,self-catered,none,unknown,,,,Saturday,707,whole-chalet,EUR,exact-week,,,,,yes,,,,https://booking.serre-chevalier.com/briancon/4-rooms-avenue-col-de-l-izoard-bri880-0031.html,Serre Chevalier Réservation,village-france-briançon,5,chalets/images/serrechevalier-reservation-4-rooms-avenue-col-de-l-izoard-bri880-0031/,2026-10-06,"20-27 Mar bookable on Serre Chevalier Réservation for 2 adults: EUR 707 (normal 786); quarter: Outskirts of Briançon; agency code: 210510004; GPS 44.88927,6.63961"
serrechevalier-reservation-4-rooms-l-altizoard-carod,4 ROOMS L'ALTIZOARD (CAROD),,Briançon,Serre Chevalier,France,,8,,,apartment,self-catered,self-catered,yes-type-unknown,yes,,,,,,,,quote-needed,,,,,unknown,,,,https://booking.serre-chevalier.com/briancon/4-rooms-l-altizoard-carod.html,Serre Chevalier Réservation,village-france-briançon,5,chalets/images/serrechevalier-reservation-4-rooms-l-altizoard-carod/,2026-10-06,"not in 20-27 Mar dated search (2 adults); unit not bookable online; pass2: weekly planning; spa text: terrace : summer outdoor kitchen private garden garden furniture plancha fenced plot covered terrace Pool or wellness : jacuzzi ouvert de 11h à 22h sauna ...; quarter: Outskirts of Briançon; agency code: CAROLINEDURAND; GPS 44.89212,6.64053"
serrechevalier-reservation-4-rooms-les-muandes-bri710-0043,4 ROOMS LES MUANDES (BRI710-0043),,Briançon,Serre Chevalier,France,,8,,,apartment,self-catered,self-catered,none,no,,,,,,,,quote-needed,,,,,unknown,,,,https://booking.serre-chevalier.com/briancon/4-rooms-les-muandes-bri710-0043.html,Serre Chevalier Réservation,village-france-briançon,5,chalets/images/serrechevalier-reservation-4-rooms-les-muandes-bri710-0043/,2026-10-06,"not in 20-27 Mar dated search (2 adults); unit not bookable online; pass2: weekly planning; quarter: Outskirts of Briançon; agency code: 210510004; GPS 44.90400,6.63300"
serrechevalier-reservation-4-rooms-mezzanine-briancelle-a-bri160-a013,4 ROOMS MEZZANINE BRIANCELLE A (BRI160-A013),,Briançon,Serre Chevalier,France,,10,,,apartment,self-catered,self-catered,none,unknown,,,,,,,,quote-needed,,,,,unknown,,,,https://booking.serre-chevalier.com/briancon/4-rooms-mezzanine-briancelle-a-bri160-a013.html,Serre Chevalier Réservation,village-france-briançon,5,chalets/images/serrechevalier-reservation-4-rooms-mezzanine-briancelle-a-bri160-a013/,2026-10-06,"not in 20-27 Mar dated search (2 adults); unit not bookable online; pass2: weekly planning; quarter: Outskirts of Briançon; agency code: 210510004; GPS 44.90051,6.63100"
serrechevalier-reservation-5-rooms-coralines-2b-bri600-2b32,5 ROOMS CORALINES 2B (BRI600-2B32),,Briançon,Serre Chevalier,France,,8,,,apartment,self-catered,self-catered,none,no,,,,Saturday,588,whole-chalet,EUR,exact-week,,,,,yes,,,,https://booking.serre-chevalier.com/briancon/5-rooms-coralines-2b-bri600-2b32.html,Serre Chevalier Réservation,village-france-briançon,5,chalets/images/serrechevalier-reservation-5-rooms-coralines-2b-bri600-2b32/,2026-10-06,"20-27 Mar bookable on Serre Chevalier Réservation for 2 adults: EUR 588 (normal 653); quarter: Outskirts of Briançon; agency code: 210510004; GPS 44.90580,6.63119"
serrechevalier-reservation-6-rooms-luxury-mezzanine-le-fontus-haut-scifon,6 ROOMS LUXURY MEZZANINE LE FONTUS HAUT (SCIFON),,Briançon,Serre Chevalier,France,,9,,,apartment,self-catered,self-catered,none,unknown,,,,,,,,quote-needed,,,,,unknown,,,,https://booking.serre-chevalier.com/briancon/6-rooms-luxury-mezzanine-le-fontus-haut-scifon.html,Serre Chevalier Réservation,village-france-briançon,5,chalets/images/serrechevalier-reservation-6-rooms-luxury-mezzanine-le-fontus-haut-scifon/,2026-10-06,"not in 20-27 Mar dated search (2 adults); unit not bookable online; pass2: weekly planning; quarter: Outskirts of Briançon; agency code: 7067444; GPS 44.891789,6.649256"
serrechevalier-reservation-chalet-le-mont-milo-ambr,CHALET LE MONT MILO (AMBR),,Briançon,Serre Chevalier,France,,10,,,chalet,self-catered,self-catered,none,yes,,,,Saturday,2450,whole-chalet,EUR,exact-week,,,,,yes,,,,https://booking.serre-chevalier.com/briancon/chalet-le-mont-milo-ambr.html,Serre Chevalier Réservation,village-france-briançon,5,chalets/images/serrechevalier-reservation-chalet-le-mont-milo-ambr/,2026-10-06,"20-27 Mar bookable on Serre Chevalier Réservation for 2 adults: EUR 2450; quarter: Outskirts of Briançon; agency code: 7156986; GPS 44.909907,6.618689"
serrechevalier-reservation-chalet-romari-bri850-043d,CHALET ROMARI (BRI850-043D),,Briançon,Serre Chevalier,France,,8,,,chalet,self-catered,self-catered,none,no,,,,,,,,quote-needed,,,,,unknown,,,,https://booking.serre-chevalier.com/puy-st-pierre/chalet-romari-bri850-043d.html,Serre Chevalier Réservation,village-france-briançon,5,chalets/images/serrechevalier-reservation-chalet-romari-bri850-043d/,2026-10-06,"not in 20-27 Mar dated search (2 adults); unit not bookable online; pass2: weekly planning; quarter: Outskirts of Briançon; agency code: 210510004; GPS 44.88566,6.61873"
serrechevalier-reservation-house-gs23006,HOUSE (GS23006),,Briançon,Serre Chevalier,France,,10,,,apartment,self-catered,self-catered,none,unknown,,,,Saturday,1736,whole-chalet,EUR,exact-week,,,,,yes,,,,https://booking.serre-chevalier.com/puy-saint-pierre/house-gs23006.html,Serre Chevalier Réservation,village-france-briançon,5,chalets/images/serrechevalier-reservation-house-gs23006/,2026-10-06,"20-27 Mar bookable on Serre Chevalier Réservation for 2 adults: EUR 1736; quarter: Outskirts of Briançon; agency code: AGENCECHARLEMAGNE; GPS 44.88863,6.62076"
serrechevalier-reservation-house-hameau-des-preys-bri860-0004,HOUSE HAMEAU DES PREYS (BRI860-0004),,Briançon,Serre Chevalier,France,,6,,,apartment,self-catered,self-catered,none,no,,,,Saturday,796,whole-chalet,EUR,exact-week,,,,,yes,,,,https://booking.serre-chevalier.com/briancon/house-hameau-des-preys-bri860-0004.html,Serre Chevalier Réservation,village-france-briançon,5,chalets/images/serrechevalier-reservation-house-hameau-des-preys-bri860-0004/,2026-10-06,"20-27 Mar bookable on Serre Chevalier Réservation for 2 adults: EUR 796 (normal 885); quarter: Outskirts of Briançon; agency code: 210510004; GPS 44.88384,6.63155"
serrechevalier-reservation-house-pont-de-cervieres-bri850-0007,HOUSE PONT DE CERVIERES (BRI850-0007),,Briançon,Serre Chevalier,France,,12,,,apartment,self-catered,self-catered,none,unknown,,,,,,,,quote-needed,,,,,unknown,,,,https://booking.serre-chevalier.com/briancon/house-pont-de-cervieres-bri850-0007.html,Serre Chevalier Réservation,village-france-briançon,5,chalets/images/serrechevalier-reservation-house-pont-de-cervieres-bri850-0007/,2026-10-06,"not in 20-27 Mar dated search (2 adults); unit not bookable online; pass2: weekly planning; quarter: Outskirts of Briançon; agency code: 210510004; GPS 44.88573,6.63245"
serrechevalier-reservation-studio-cabin-balcons-de-briancon-b-bri400-b227,STUDIO CABIN BALCONS DE BRIANCON B (BRI400-B227),,Briançon,Serre Chevalier,France,,4,,,apartment,self-catered,self-catered,none,no,,,,Saturday,393,whole-chalet,EUR,exact-week,,,,,yes,,,,https://booking.serre-chevalier.com/briancon/studio-cabin-balcons-de-briancon-b-bri400-b227.html,Serre Chevalier Réservation,village-france-briançon,5,chalets/images/serrechevalier-reservation-studio-cabin-balcons-de-briancon-b-bri400-b227/,2026-10-06,"20-27 Mar bookable on Serre Chevalier Réservation for 2 adults: EUR 393 (normal 437); quarter: Outskirts of Briançon; agency code: 210510004; GPS 44.90091,6.62999"
serrechevalier-reservation-studio-cabin-balcons-de-briancon-c-bri400-c132,STUDIO CABIN BALCONS DE BRIANCON C (BRI400-C132),,Briançon,Serre Chevalier,France,,4,,,apartment,self-catered,self-catered,none,no,,,,Saturday,320,whole-chalet,EUR,exact-week,,,,,yes,,,,https://booking.serre-chevalier.com/briancon/studio-cabin-balcons-de-briancon-c-bri400-c132.html,Serre Chevalier Réservation,village-france-briançon,5,chalets/images/serrechevalier-reservation-studio-cabin-balcons-de-briancon-c-bri400-c132/,2026-10-06,"20-27 Mar bookable on Serre Chevalier Réservation for 2 adults: EUR 320 (normal 356); quarter: Outskirts of Briançon; agency code: 210510004; GPS 44.90200,6.62800"
serrechevalier-reservation-studio-cabin-mas-des-cimes-bri540-a122,STUDIO CABIN MAS DES CIMES (BRI540-A122),,Briançon,Serre Chevalier,France,,4,,,apartment,self-catered,self-catered,none,no,,,,,,,,quote-needed,,,,,unknown,,,,https://booking.serre-chevalier.com/briancon/studio-cabin-mas-des-cimes-bri540-a122.html,Serre Chevalier Réservation,village-france-briançon,5,chalets/images/serrechevalier-reservation-studio-cabin-mas-des-cimes-bri540-a122/,2026-10-06,"not in 20-27 Mar dated search (2 adults); unit not bookable online; pass2: weekly planning; quarter: Outskirts of Briançon; agency code: 210510004; GPS 44.91500,6.62200"
serrechevalier-reservation-3-rooms-arolles-a-bri740-a001,3 ROOMS AROLLES A (BRI740-A001),,Briançon,Serre Chevalier,France,,6,,,apartment,self-catered,self-catered,none,no,,,,Saturday,512,whole-chalet,EUR,exact-week,,,,,yes,,,,https://booking.serre-chevalier.com/briancon/3-rooms-arolles-a-bri740-a001.html,Serre Chevalier Réservation,village-france-briançon,5,chalets/images/serrechevalier-reservation-3-rooms-arolles-a-bri740-a001/,2026-10-06,"20-27 Mar bookable on Serre Chevalier Réservation for 2 adults: EUR 512 (normal 569); quarter: Serre Chevalier - Briançon town fortified by Vauban; agency code: 210510004; GPS 44.90112,6.63617"
serrechevalier-reservation-3-rooms-domaine-des-grands-chalets-viggo-bri640-v011,3 ROOMS DOMAINE DES GRANDS CHALETS VIGGO (BRI640-V011),,Briançon,Serre Chevalier,France,,4,,,apartment,self-catered,self-catered,none,no,,,,,,,,quote-needed,,,,,unknown,,,,https://booking.serre-chevalier.com/briancon/3-rooms-domaine-des-grands-chalets-viggo-bri640-v011.html,Serre Chevalier Réservation,village-france-briançon,5,chalets/images/serrechevalier-reservation-3-rooms-domaine-des-grands-chalets-viggo-bri640-v011/,2026-10-06,"not in 20-27 Mar dated search (2 adults); unit not bookable online; pass2: weekly planning; quarter: Serre Chevalier - Briançon town fortified by Vauban; agency code: 210510004; GPS 44.90259,6.63890"
serrechevalier-reservation-3-rooms-rue-mercerie-bri900-0004,3 ROOMS RUE MERCERIE (BRI900-0004),,Briançon,Serre Chevalier,France,,4,,,apartment,self-catered,self-catered,none,no,,,,Saturday,482,whole-chalet,EUR,exact-week,,,,,yes,,,,https://booking.serre-chevalier.com/briancon/3-rooms-rue-mercerie-bri900-0004.html,Serre Chevalier Réservation,village-france-briançon,5,chalets/images/serrechevalier-reservation-3-rooms-rue-mercerie-bri900-0004/,2026-10-06,"20-27 Mar bookable on Serre Chevalier Réservation for 2 adults: EUR 482 (normal 535); quarter: Serre Chevalier - Briançon town fortified by Vauban; agency code: 210510004; GPS 44.89889,6.64271"
serrechevalier-reservation-studio-cabin-cadran-solaire-gs22001,STUDIO CABIN CADRAN SOLAIRE (GS22001),,Briançon,Serre Chevalier,France,,4,,,apartment,self-catered,self-catered,none,unknown,,,,Saturday,637,whole-chalet,EUR,exact-week,,,,,yes,,,,https://booking.serre-chevalier.com/briancon/studio-cabin-cadran-solaire-gs22001.html,Serre Chevalier Réservation,village-france-briançon,5,chalets/images/serrechevalier-reservation-studio-cabin-cadran-solaire-gs22001/,2026-10-06,"20-27 Mar bookable on Serre Chevalier Réservation for 2 adults: EUR 637; quarter: Serre Chevalier - Briançon town fortified by Vauban; agency code: AGENCECHARLEMAGNE; GPS 44.90189,6.64146"
serrechevalier-reservation-studio-cabin-les-jardins-du-marechal-bri680-0206,STUDIO CABIN LES JARDINS DU MARÉCHAL (BRI680-0206),,Briançon,Serre Chevalier,France,,4,,,apartment,self-catered,self-catered,none,no,,,,Saturday,365,whole-chalet,EUR,exact-week,,,,,yes,,,,https://booking.serre-chevalier.com/briancon/studio-cabin-les-jardins-du-marechal-bri680-0206.html,Serre Chevalier Réservation,village-france-briançon,5,chalets/images/serrechevalier-reservation-studio-cabin-les-jardins-du-marechal-bri680-0206/,2026-10-06,"20-27 Mar bookable on Serre Chevalier Réservation for 2 adults: EUR 365 (normal 406); quarter: Serre Chevalier - Briançon town fortified by Vauban; agency code: 210510004; GPS 44.90302,6.63698"
serrechevalier-reservation-studio-cite-vauban-bri900-0018,STUDIO CITE VAUBAN (BRI900-0018),,Briançon,Serre Chevalier,France,,4,,,apartment,self-catered,self-catered,none,no,,,,Saturday,320,whole-chalet,EUR,exact-week,,,,,yes,,,,https://booking.serre-chevalier.com/briancon/studio-cite-vauban-bri900-0018.html,Serre Chevalier Réservation,village-france-briançon,5,chalets/images/serrechevalier-reservation-studio-cite-vauban-bri900-0018/,2026-10-06,"20-27 Mar bookable on Serre Chevalier Réservation for 2 adults: EUR 320 (normal 356); quarter: Serre Chevalier - Briançon town fortified by Vauban; agency code: 210510004; GPS 44.89851,6.64269"
snowedinn-chalet-briancon,email : snowedinnchalets@gmail.com call : +44161-706-0688 < Back Chalet Briancon,Snowed Inn Chalets,Briançon,Serre Chevalier,France,,12,5,4,chalet,catered,catered chalet service 5 days of the 7-night stay (details on request),private-outdoor,yes,"outdoor jacuzzi, outdoor barrel sauna, separate mini-chalet for 2-4 in garden, table football",,,unknown,,whole-chalet,GBP,season-from,7999,,,"7 nights + 5 days of Snowed Inn chalet service, sole occupancy",unknown,,,"A unique luxury chalet with everything you need for a fantastic winter stay. Located just 300m from the city center of Briançon and 900m from the slopes and ski lifts at Prorel,this chalet is composed of 4 bedrooms and two",https://www.snowedinnchalets.com/properties/chalet-briancon,Snowed Inn Chalets,village-france-briançon,5,chalets/images/snowedinn-chalet-briancon/,2026-10-06,"Address: 1 Chem. de la Croix du Frêne, 05100 Briançon, France. Distance to slopes: 1km walk or 4 minute drive. 'From £7,999' per chalet per week (prices on request, enquiry via email/phone). Catered UK operator covering Briançon, Chantemerle, Villeneuve, Monêtier (34 chalets; site-snowed-inn-chalets task covers the rest). pass2: exact-week price, availability."
snowedinn-chalet-flocon,email : snowedinnchalets@gmail.com call : +44161-706-0688 < Back Chalet Flocon,Snowed Inn Chalets,Briançon,Serre Chevalier,France,10,12,4,4,chalet,catered,catered chalet service 5 days of the 7-night stay (details on request),private-indoor,yes,"wellness area with sauna + jacuzzi, cinema room, summer pool",,,unknown,,whole-chalet,GBP,season-from,10599,,,"7 nights + 5 days of Snowed Inn chalet service, sole occupancy",unknown,,,"Introducing Chalet Flocon. Based in the centre of Briancon this beautiful large luxury chalet is created for families and friends. Sleeping 12 maximum with four bedrooms, four bathrooms and a jacuzzi and relaxation area this chalet is perfect for a",https://www.snowedinnchalets.com/properties/chalet-flocon,Snowed Inn Chalets,village-france-briançon,5,chalets/images/snowedinn-chalet-flocon/,2026-10-06,"Address: 6 Rés les Toulouzannes, 05100 Briançon, France. Distance to slopes: 1.2km/4 minute drive. 'From £10,599' per chalet per week (prices on request, enquiry via email/phone). Catered UK operator covering Briançon, Chantemerle, Villeneuve, Monêtier (34 chalets; site-snowed-inn-chalets task covers the rest). pass2: exact-week price, availability."
snowedinn-chalet-genepi-10,email : snowedinnchalets@gmail.com call : +44161-706-0688 < Back Chalet Genepi 10,Snowed Inn Chalets,Briançon,Serre Chevalier,France,,10,5,4,chalet,catered,catered chalet service 5 days of the 7-night stay (details on request),none,yes,"sauna, balneo bath, valley views",,,unknown,,whole-chalet,GBP,season-from,6999,,,"7 nights + 5 days of Snowed Inn chalet service, sole occupancy",unknown,,,"Sister to Chalet Genepi 12, Chalet Genepi 10 is built with the same style as it's sibling and both sit in their own private drive. Both chalets are South facing and offer stunning views of the city and the valley",https://www.snowedinnchalets.com/properties/chalet-genepi-10,Snowed Inn Chalets,village-france-briançon,5,chalets/images/snowedinn-chalet-genepi-10/,2026-10-06,"Address: 1 Av. Professeur Forgues, 05100 Briançon, France. Distance to slopes: 1.5km drive. 'From £6,999' per chalet per week (prices on request, enquiry via email/phone). Catered UK operator covering Briançon, Chantemerle, Villeneuve, Monêtier (34 chalets; site-snowed-inn-chalets task covers the rest). pass2: exact-week price, availability."
snowedinn-chalet-genepi-12,email : snowedinnchalets@gmail.com call : +44161-706-0688 < Back Chalet Genepi 12,Snowed Inn Chalets,Briançon,Serre Chevalier,France,,12,6,5,chalet,catered,catered chalet service 5 days of the 7-night stay (details on request),none,no,"home cinema, pool table, table football",,,unknown,,whole-chalet,GBP,season-from,7499,,,"7 nights + 5 days of Snowed Inn chalet service, sole occupancy",unknown,,,"Chalet Genepi 12 is a stylish chalet in Briancon, Serre Chevalier that overlooks the valley. The chalet has five bedrooms and a mezzanine, sleeping 12 people with three bathrooms and three separate toilet facilities. Made up over three large floors,",https://www.snowedinnchalets.com/properties/chalet-genepi-12,Snowed Inn Chalets,village-france-briançon,5,chalets/images/snowedinn-chalet-genepi-12/,2026-10-06,"Address: 1 Av. Professeur Forgues, 05100 Briançon, France. Distance to slopes: 1.5km drive. 'From £7,499' per chalet per week (prices on request, enquiry via email/phone). Catered UK operator covering Briançon, Chantemerle, Villeneuve, Monêtier (34 chalets; site-snowed-inn-chalets task covers the rest). pass2: exact-week price, availability."
snowedinn-chalet-pearl,email : snowedinnchalets@gmail.com call : +44161-706-0688 < Back Chalet Pearl,Snowed Inn Chalets,Briançon,Serre Chevalier,France,,10,4,4,chalet,catered,catered chalet service 5 days of the 7-night stay (details on request),private (location not stated),unknown,"jacuzzi, cinema room, pool table, boot room, 250 m2",,,unknown,,whole-chalet,GBP,season-from,8999,,,"7 nights + 5 days of Snowed Inn chalet service, sole occupancy",unknown,,,"Chalet Pearl is a large chalet based in Briancon, Serre Chevalier that can accommodate 10 people over 250m2. It is located 5 minutes drive from the Prorel ski lifts and features mountain views, jacuzzi, cinema room and pool table. There",https://www.snowedinnchalets.com/properties/chalet-pearl,Snowed Inn Chalets,village-france-briançon,5,chalets/images/snowedinn-chalet-pearl/,2026-10-06,"Address: Av. Georges Pompidou, 05100 Briançon, France. Distance to slopes: 2km/5 minute drive. 'From £8,999' per chalet per week (prices on request, enquiry via email/phone). Catered UK operator covering Briançon, Chantemerle, Villeneuve, Monêtier (34 chalets; site-snowed-inn-chalets task covers the rest). pass2: exact-week price, availability."
