chalet_id,chalet_name,operator,village,ski_area,country,sleeps_min,sleeps_max,bedrooms,bathrooms,property_type,board,catering_detail,hot_tub,sauna,other_facilities,distance_to_lift_m,ski_in_out,changeover_day,price_week_20_27_mar_2027,price_basis,price_currency,price_type,price_range_low,price_range_high,price_per_bed,price_includes,available_20_27_mar,combines,same_as,description,url,listed_on,found_via,image_count,image_dir,date_checked,notes
build-my-ski-trip-diane,Catered Chalet Diane,Build My Ski Trip,Alpe d'Huez,Alpe d'Huez Grand Domaine,France,1,15,7,7,chalet,catered,"catered, wine with dinner (BMST standard)",private-outdoor,yes,"balcony, fireplace, 200m2",,yes,Saturday,,whole-chalet,GBP,season-range,9999,24999,,"chalet accommodation + catering 7 nights, based on 14 people",no,,,"Bergers district chalet, ski access onto gentle slopes, 1 min to Altiport green run, 500m from centre; 7 bedrooms, private sauna and outdoor hot tub. New for 2026/27.",https://www.buildmyskitrip.com/Hotel/alpedhuez-catered-chalet-Diane,Build My Ski Trip;SeeAlpedHuez,village-france-alpe-d-huez,5,chalets/images/build-my-ski-trip-diane/,2026-10-06,20/03/2027 SOLD OUT on operator calendar. Bathrooms '7' from header icon (unlabelled). Probably same building as odalys 'Diane Private 14 Person Chalet' on SeeAlpedHuez.
build-my-ski-trip-melusine,Catered Chalet Melusine (Meluzine),Build My Ski Trip,Alpe d'Huez,Alpe d'Huez Grand Domaine,France,1,14,7,5,chalet,catered,"catered, wine with dinner (BMST standard)",private-outdoor,yes,"balcony, fireplace, two living areas, 200m2",250,partial,Saturday,,whole-chalet,GBP,season-range,9999,24999,,"chalet accommodation + catering 7 nights, based on 14 people",no,,,"Bergers district chalet, ski access onto gentle slopes, main piste 250m, 500m from centre; 7 bedrooms, two living areas, private sauna and outdoor hot tub. New for 2026/27.",https://www.buildmyskitrip.com/Hotel/alpedhuez-catered-chalet-Melusine,Build My Ski Trip;SeeAlpedHuez,village-france-alpe-d-huez,5,chalets/images/build-my-ski-trip-melusine/,2026-10-06,20/03/2027 SOLD OUT on operator calendar. Bathrooms '5' from header icon (unlabelled). Probably same building as odalys 'Melusine Private 14 Person Chalet' on SeeAlpedHuez.
alpe-d-huez-houses-rebeque,Rebeque - Chalet du Golf,Alpe d'Huez Houses,Alpe d'Huez,Alpe d'Huez Grand Domaine,France,,8,4,,apartment,self-catered,,private-outdoor,yes,Garage / Car Park,,,Saturday,,whole-chalet,EUR,season-range,3717,8337,,accommodation only,no,,,"Bienvenue au Chalet Rébèque des ""Les Balcons du Golf"" à l'Alpe d'Huez.",https://accommodation.alpedhuez.com/accommodation/chalet-rebeque-4-chambres-au-bord-du-golf-avec-jacuzzi/,Alpe d'Huez official booking (accommodation.alpedhuez.com),village-france-alpe-d-huez,0,,2026-10-06,"20-27 Mar not offered on OT calendar (booked/closed); range = weeks still bookable 2026/27; 7 pièces (rooms, not bedrooms); hot tub evidence: desc: jacuzzi; OT merchant AM-125-002-43; source ELLOHA"
sno-chalet-chalet-1860,Chalet 1860,MAEVA,Alpe d'Huez,Alpe d'Huez Grand Domaine,France,,12,6,,chalet,self-catered,,unknown,unknown,,,,,,whole-chalet,EUR,,,,,accommodation only,unknown,,,"ALPE D'HUEZ STATION - Shepherds Located in the prestigious Altiport chalet development in the Bergers district, the 178m2 Chalet 1860 will seduce you with its large spaces, services, direct proximity to the ski slopes and the...",https://accommodation.alpedhuez.com/accommodation/chalet-1860-chalet-1860-aux-pieds-des-pistes/,Alpe d'Huez official booking (accommodation.alpedhuez.com),village-france-alpe-d-huez,5,chalets/images/sno-chalet-chalet-1860/,2026-10-06,"pass2: exact-week price/availability - MAEVA unit: OT calendar API returns no weeks (priced via maeva.com); 9 pièces (rooms, not bedrooms); hot tub evidence: avail fetch failed; OT merchant AM-MAEVA-125-1623711; source DIRECT_MAEVA; reused id (same chalet, also sold via Sno/other reseller on OT)"
maeva-phoenix-a-1601111,Phoenix A,MAEVA,Alpe d'Huez,Alpe d'Huez Grand Domaine,France,,8,,,apartment,self-catered,,unknown,unknown,,,,,,whole-chalet,EUR,,,,,accommodation only,unknown,,,,https://accommodation.alpedhuez.com/accommodation/residence-phoenix-a-appartement-spacieux/,Alpe d'Huez official booking (accommodation.alpedhuez.com),village-france-alpe-d-huez,0,,2026-10-06,"pass2: exact-week price/availability - MAEVA unit: OT calendar API returns no weeks (priced via maeva.com); 4 pièces (rooms, not bedrooms); hot tub evidence: avail fetch failed; OT merchant AM-MAEVA-125-1601111; source DIRECT_MAEVA"
maeva-l-ours-blanc-355424,L'Ours Blanc,MAEVA,Alpe d'Huez,Alpe d'Huez Grand Domaine,France,,8,,,apartment,self-catered,,unknown,unknown,,,,,,whole-chalet,EUR,,,,,accommodation only,unknown,,,,https://accommodation.alpedhuez.com/accommodation/residence-l-ours-blanc-maeva-home-appartement-prestige-2-chambres-8-personnes/,Alpe d'Huez official booking (accommodation.alpedhuez.com),village-france-alpe-d-huez,0,,2026-10-06,"pass2: exact-week price/availability - MAEVA unit: OT calendar API returns no weeks (priced via maeva.com); 3 pièces (rooms, not bedrooms); hot tub evidence: avail fetch failed; OT merchant AM-MAEVA-125-355424; source DIRECT_MAEVA"
maeva-l-echappee,L'echappee,MAEVA,Alpe d'Huez,Alpe d'Huez Grand Domaine,France,,8,,,apartment,self-catered,,unknown,unknown,,,,,,whole-chalet,EUR,,,,,accommodation only,unknown,,,,https://accommodation.alpedhuez.com/accommodation/residence-l-echappee-residence-l-echappee-appartement-a502/,Alpe d'Huez official booking (accommodation.alpedhuez.com),village-france-alpe-d-huez,0,,2026-10-06,"pass2: exact-week price/availability - MAEVA unit: OT calendar API returns no weeks (priced via maeva.com); 5 pièces (rooms, not bedrooms); hot tub evidence: avail fetch failed; OT merchant AM-MAEVA-125-2189743; source DIRECT_MAEVA"
alpedhuez-ot-chalet-le-denali-7-pieces-162m2,Chalet le Dénali – 7 pièces – 162m²,,Huez (village),Alpe d'Huez Grand Domaine,France,,10,5,,chalet,self-catered,,unknown,yes,"Garage / Car Park, Ski locker",,,Saturday,,whole-chalet,EUR,season-range,3150,3600,,accommodation only,no,,,"Charming house ""Le Dénali"" (rated 4 stars) located in the village of Huez, linked to the resort of Alpe d'Huez by a cable car just 250m away, as well as a blue slope. This 7-room house, with a very large",https://accommodation.alpedhuez.com/accommodation/chalet-le-denali-7-pieces-150m-10-personnes-sud/,Alpe d'Huez official booking (accommodation.alpedhuez.com);SeeAlpedHuez,village-france-alpe-d-huez,0,,2026-10-06,"20-27 Mar not offered on OT calendar (booked/closed); range = weeks still bookable 2026/27; 7 pièces (rooms, not bedrooms); OT merchant CR-125-DENALI; source MY-MEUBLE"
maeva-phoenix-b-1322661,Phoenix B,MAEVA,Alpe d'Huez,Alpe d'Huez Grand Domaine,France,,10,,,apartment,self-catered,,unknown,unknown,,,,,,whole-chalet,EUR,,,,,accommodation only,unknown,,,,https://accommodation.alpedhuez.com/accommodation/residence-phoenix-b-phob-41-magnifique-appartement-en-dernier-etage-tres-spacieux-et-lumineux-pied-des-piste/,Alpe d'Huez official booking (accommodation.alpedhuez.com),village-france-alpe-d-huez,0,,2026-10-06,"pass2: exact-week price/availability - MAEVA unit: OT calendar API returns no weeks (priced via maeva.com); 6 pièces (rooms, not bedrooms); hot tub evidence: avail fetch failed; OT merchant AM-MAEVA-125-1322661; source DIRECT_MAEVA"
maeva-phoenix-c-2474623,Phoenix C,MAEVA,Alpe d'Huez,Alpe d'Huez Grand Domaine,France,,8,,,apartment,self-catered,,unknown,unknown,,,,,,whole-chalet,EUR,,,,,accommodation only,unknown,,,,https://accommodation.alpedhuez.com/accommodation/residence-phoenix-c-phoc-35-magnifique-appartement-tres-spacieux-et-lumineux-en-duplex/,Alpe d'Huez official booking (accommodation.alpedhuez.com),village-france-alpe-d-huez,0,,2026-10-06,"pass2: exact-week price/availability - MAEVA unit: OT calendar API returns no weeks (priced via maeva.com); 4 pièces (rooms, not bedrooms); hot tub evidence: avail fetch failed; OT merchant AM-MAEVA-125-2474623; source DIRECT_MAEVA"
maeva-residence-citriere,Résidence Citriere,MAEVA,Alpe d'Huez,Alpe d'Huez Grand Domaine,France,,8,3,,apartment,self-catered,,unknown,unknown,,,,,,whole-chalet,EUR,,,,,accommodation only,unknown,,,Apartment of 90m2 EN DUPLEX in the Residence La Citrière 200m from the telecentre and return skier. Very nice view. REF PLAN STATION E/5 DESCRIPTION 3 bedrooms with double bed (140) Living room : Sofa without sleeping / TV /,https://accommodation.alpedhuez.com/accommodation/residence-citriere-citriere-apt-03/,Alpe d'Huez official booking (accommodation.alpedhuez.com),village-france-alpe-d-huez,0,,2026-10-06,"pass2: exact-week price/availability - MAEVA unit: OT calendar API returns no weeks (priced via maeva.com); 5 pièces (rooms, not bedrooms); hot tub evidence: avail fetch failed; OT merchant AM-MAEVA-125-1663661; source DIRECT_MAEVA"
maeva-les-fermes-de-l-alpe-1576491,Les Fermes De L'alpe,MAEVA,Alpe d'Huez,Alpe d'Huez Grand Domaine,France,,8,,,apartment,self-catered,,unknown,unknown,,,,,,whole-chalet,EUR,,,,,accommodation only,unknown,,,"ALPE D'HUEZ - Old Alpe District Located in the heart of the Old Alpe, just 400m from the resort center, discover the exceptional residence of the Farms of the Alpe and this beautiful apartment ""Chalet de ville"", spacious and duplex",https://accommodation.alpedhuez.com/accommodation/residence-les-fermes-de-l-alpe-bat-b-chalet-de-ville-en-duplex-neuf-proche-des-pistes/,Alpe d'Huez official booking (accommodation.alpedhuez.com),village-france-alpe-d-huez,0,,2026-10-06,"pass2: exact-week price/availability - MAEVA unit: OT calendar API returns no weeks (priced via maeva.com); 5 pièces (rooms, not bedrooms); hot tub evidence: avail fetch failed; OT merchant AM-MAEVA-125-1576491; source DIRECT_MAEVA"
sno-chalet-bouquetin,CHALET BOUQUETIN,Cimalpes,Alpe d'Huez,Alpe d'Huez Grand Domaine,France,,14,,,chalet,self-catered,,private-outdoor,yes,"Garage / Car Park, Ski locker, Fireplace / Wood stove",,yes,Saturday,,whole-chalet,EUR,season-range,8000,15000,,accommodation only,no,,,Chalet ski in / ski out with wellness area,https://accommodation.alpedhuez.com/accommodation/chalet-bouquetin-2/,Alpe d'Huez official booking (accommodation.alpedhuez.com);SeeAlpedHuez,village-france-alpe-d-huez,5,chalets/images/sno-chalet-bouquetin/,2026-10-06,"20-27 Mar not offered on OT calendar (booked/closed); range = weeks still bookable 2026/27; 7 pièces (rooms, not bedrooms); hot tub evidence: desc: jacuzzi; OT option: foot of the slopes; OT merchant AM-ARKIANE-125-0002; source DIRECT_ARKIANE; reused id (same chalet, also sold via Sno/other reseller on OT)"
alpimo-eden,EDEN,Alpimo,Alpe d'Huez,Alpe d'Huez Grand Domaine,France,,8,,,apartment,self-catered,,unknown,unknown,,,,Saturday,,whole-chalet,EUR,season-range,963,2225.38,,accommodation only,no,,,Apartment/10 people of 80 m² - L'Alpe d'Huez,https://accommodation.alpedhuez.com/accommodation/appartement-4-pieces-pour-8-personnes-de-80m/,Alpe d'Huez official booking (accommodation.alpedhuez.com),village-france-alpe-d-huez,0,,2026-10-06,"20-27 Mar not offered on OT calendar (booked/closed); range = weeks still bookable 2026/27; 4 pièces (rooms, not bedrooms); OT merchant AM-125-004-079; source ELLOHA"
alpissimmo-phoenix-a54,PHOENIX A54,ALPISSIMMO,Alpe d'Huez,Alpe d'Huez Grand Domaine,France,,8,2,,apartment,self-catered,,unknown,yes,"Garage / Car Park, Steam room, Swimming Pool, Ski locker, Fireplace / Wood stove",,yes,,,whole-chalet,EUR,,,,,accommodation only,unknown,,,<div>Magnificent 143m² top floor apartment with exposed beams.<br></div>,https://accommodation.alpedhuez.com/accommodation/phoenix-a-lodge-5-pieces-143-0-m-ap-ah-phoa-54/,Alpe d'Huez official booking (accommodation.alpedhuez.com),village-france-alpe-d-huez,0,,2026-10-06,"pass2: exact-week price/availability - OT calendar API returned no bookable weeks; 0 pièces (rooms, not bedrooms); hot tub evidence: avail fetch failed; OT option: foot of the slopes; OT merchant PHOENIXA_351_3_6; source ARKIANE"
sno-chalet-de-ville-fermes-de-l-alpe-e101,FERMES DE L'ALPE E101,Cimalpes,Alpe d'Huez,Alpe d'Huez Grand Domaine,France,,8,,,apartment,self-catered,,unknown,unknown,"Garage / Car Park, Ski locker, Fireplace / Wood stove",,,Saturday,,whole-chalet,EUR,season-range,2500,5100,,accommodation only,no,,,Town cottage - New duplex apartment close to the slopes,https://accommodation.alpedhuez.com/accommodation/chalet-de-ville-en-duplex-neuf-proche-des-pistes/,Alpe d'Huez official booking (accommodation.alpedhuez.com),village-france-alpe-d-huez,5,chalets/images/sno-chalet-de-ville-fermes-de-l-alpe-e101/,2026-10-06,"20-27 Mar not offered on OT calendar (booked/closed); range = weeks still bookable 2026/27; 5 pièces (rooms, not bedrooms); OT merchant AM-ARKIANE-125-0047; source DIRECT_ARKIANE; reused id (same chalet, also sold via Sno/other reseller on OT)"
alpedhuez-ot-chalet-l-ancolie,Chalet l'Ancolie - spa,,Huez (village),Alpe d'Huez Grand Domaine,France,,15,7,,chalet,self-catered,,yes-type-unknown,yes,"Garage / Car Park, Ski locker",,,Saturday,,whole-chalet,EUR,season-range,5700,8900,,accommodation only,no,,,"Charming 5-star ""L'Ancolie"" chalet in the village of Huez, linked to the Alpe d'Huez resort by a cable car just 250 m away and a blue slope. <br>A top-of-the-range 10-room chalet with private SPA and SAUNA, comprising 7 bedrooms and",https://accommodation.alpedhuez.com/accommodation/chalet-l-ancolie/,Alpe d'Huez official booking (accommodation.alpedhuez.com);SeeAlpedHuez,village-france-alpe-d-huez,0,,2026-10-06,"20-27 Mar not offered on OT calendar (booked/closed); range = weeks still bookable 2026/27; 10 pièces (rooms, not bedrooms); hot tub evidence: option SPA; OT merchant MM-125-004; source MY-MEUBLE"
maeva-phoenix-c-1588351,Phoenix C,MAEVA,Alpe d'Huez,Alpe d'Huez Grand Domaine,France,,8,,,apartment,self-catered,,unknown,unknown,,,,,,whole-chalet,EUR,,,,,accommodation only,unknown,,,,https://accommodation.alpedhuez.com/accommodation/residence-phoenix-c-appartement-spacieux/,Alpe d'Huez official booking (accommodation.alpedhuez.com),village-france-alpe-d-huez,0,,2026-10-06,"pass2: exact-week price/availability - MAEVA unit: OT calendar API returns no weeks (priced via maeva.com); 5 pièces (rooms, not bedrooms); hot tub evidence: avail fetch failed; OT merchant AM-MAEVA-125-1588351; source DIRECT_MAEVA"
maeva-les-fermes-de-l-alpe-1153564,Les Fermes De L'alpe,MAEVA,Alpe d'Huez,Alpe d'Huez Grand Domaine,France,,8,,,apartment,self-catered,,unknown,unknown,,,,,,whole-chalet,EUR,,,,,accommodation only,unknown,,,,https://accommodation.alpedhuez.com/accommodation/residence-les-fermes-de-l-alpe-bat-c-bel-appartement-neuf-proche-des-pistes-1/,Alpe d'Huez official booking (accommodation.alpedhuez.com),village-france-alpe-d-huez,0,,2026-10-06,"pass2: exact-week price/availability - MAEVA unit: OT calendar API returns no weeks (priced via maeva.com); 4 pièces (rooms, not bedrooms); hot tub evidence: avail fetch failed; OT merchant AM-MAEVA-125-1153564; source DIRECT_MAEVA"
maeva-daria-i-nor-817504,Daria-i Nor *****,MAEVA,Alpe d'Huez,Alpe d'Huez Grand Domaine,France,,8,,,apartment,self-catered,,unknown,unknown,,,,,,whole-chalet,EUR,,,,,accommodation only,unknown,,,,https://accommodation.alpedhuez.com/accommodation/residence-daria-i-nor-appartement-5-pieces-8-personnes/,Alpe d'Huez official booking (accommodation.alpedhuez.com),village-france-alpe-d-huez,0,,2026-10-06,"pass2: exact-week price/availability - MAEVA unit: OT calendar API returns no weeks (priced via maeva.com); 5 pièces (rooms, not bedrooms); hot tub evidence: avail fetch failed; OT merchant AM-MAEVA-125-817504; source DIRECT_MAEVA"
cimalpes-parenthese-a32,PARENTHESE A32,Cimalpes,Alpe d'Huez,Alpe d'Huez Grand Domaine,France,,8,,,apartment,self-catered,,unknown,unknown,"Garage / Car Park, Ski locker",,yes,Saturday,,whole-chalet,EUR,season-range,2600,5200,,accommodation only,no,,,New ski in ski out flat,https://accommodation.alpedhuez.com/accommodation/non-classe-4-pieces-2/,Alpe d'Huez official booking (accommodation.alpedhuez.com),village-france-alpe-d-huez,0,,2026-10-06,"20-27 Mar not offered on OT calendar (booked/closed); range = weeks still bookable 2026/27; 4 pièces (rooms, not bedrooms); OT option: foot of the slopes; OT merchant AM-ARKIANE-125-0048; source DIRECT_ARKIANE"
maeva-chalet-odalys-le-vieux-logis,Chalet Odalys Le Vieux Logis,MAEVA,Alpe d'Huez,Alpe d'Huez Grand Domaine,France,,15,,,chalet,self-catered,,unknown,unknown,,,,,,whole-chalet,EUR,,,,,accommodation only,unknown,,,,https://accommodation.alpedhuez.com/accommodation/chalet-odalys-le-vieux-logis-chalet-8-chambres-15-personnes/,Alpe d'Huez official booking (accommodation.alpedhuez.com),village-france-alpe-d-huez,0,,2026-10-06,"pass2: exact-week price/availability - MAEVA unit: OT calendar API returns no weeks (priced via maeva.com); 9 pièces (rooms, not bedrooms); hot tub evidence: avail fetch failed; OT merchant AM-MAEVA-125-1609931; source DIRECT_MAEVA"
maeva-chalet-les-quirlies,Chalet Les Quirlies,MAEVA,Alpe d'Huez,Alpe d'Huez Grand Domaine,France,,9,,,chalet,self-catered,,unknown,unknown,,,,,,whole-chalet,EUR,,,,,accommodation only,unknown,,,,https://accommodation.alpedhuez.com/accommodation/ah16-les-quirlies-sublime-chalet-familial-chalets-pour-9-personnes/,Alpe d'Huez official booking (accommodation.alpedhuez.com),village-france-alpe-d-huez,0,,2026-10-06,"pass2: exact-week price/availability - MAEVA unit: OT calendar API returns no weeks (priced via maeva.com); 5 pièces (rooms, not bedrooms); hot tub evidence: avail fetch failed; OT merchant AM-MAEVA-125-1907133; source DIRECT_MAEVA"
alpedhuez-ot-phoenix-c32,PHOENIX C32,,Alpe d'Huez,Alpe d'Huez Grand Domaine,France,,8,,,apartment,self-catered,,unknown,yes,"Garage / Car Park, Steam room, Swimming Pool, Ski locker, Fireplace / Wood stove",,yes,,,whole-chalet,EUR,,,,,accommodation only,unknown,,,"Superbly decorated, bright 126 m² duplex apartment with ski-in/ski-out service in a new residence with digicode, indoor pool, gym, sauna, hammam and sensory showers.",https://accommodation.alpedhuez.com/accommodation/phoenix-c-lodge-5-pieces-126-0-m-ap-ah-phoc-32/,Alpe d'Huez official booking (accommodation.alpedhuez.com),village-france-alpe-d-huez,0,,2026-10-06,"pass2: exact-week price/availability - OT calendar API returned no bookable weeks; 5 pièces (rooms, not bedrooms); hot tub evidence: avail fetch failed; OT option: foot of the slopes; OT merchant PHOENIXC_351_3_2; source ARKIANE"
maeva-phoenix-c-1577011,Phoenix C,MAEVA,Alpe d'Huez,Alpe d'Huez Grand Domaine,France,,8,,,apartment,self-catered,,unknown,unknown,,,,,,whole-chalet,EUR,,,,,accommodation only,unknown,,,,https://accommodation.alpedhuez.com/accommodation/residence-phoenix-c-phoc-31-tres-bel-appartement-avec-de-grands-volumes-lumineux-et-tres-bien-equipe/,Alpe d'Huez official booking (accommodation.alpedhuez.com),village-france-alpe-d-huez,0,,2026-10-06,"pass2: exact-week price/availability - MAEVA unit: OT calendar API returns no weeks (priced via maeva.com); 4 pièces (rooms, not bedrooms); hot tub evidence: avail fetch failed; OT merchant AM-MAEVA-125-1577011; source DIRECT_MAEVA"
sno-chalet-ecureuil,CHALET ECUREUIL,Cimalpes,Alpe d'Huez,Alpe d'Huez Grand Domaine,France,,12,,,chalet,self-catered,,private (location not stated),yes,"Garage / Car Park, Ski locker, Fireplace / Wood stove",,yes,Saturday,,whole-chalet,EUR,season-range,8500,18000,,accommodation only,no,,,Renovated luxury chalet at the foot of the slop,https://accommodation.alpedhuez.com/accommodation/chalet-ecureuil-aux-pieds-des-pistes/,Alpe d'Huez official booking (accommodation.alpedhuez.com);SeeAlpedHuez,village-france-alpe-d-huez,5,chalets/images/sno-chalet-ecureuil/,2026-10-06,"20-27 Mar not offered on OT calendar (booked/closed); range = weeks still bookable 2026/27; 7 pièces (rooms, not bedrooms); hot tub evidence: desc: jacuzzi; OT option: foot of the slopes; OT merchant AM-ARKIANE-125-0004; source DIRECT_ARKIANE; reused id (same chalet, also sold via Sno/other reseller on OT)"
alpedhuez-ot-chalet-cheval-blanc,Chalet Cheval Blanc,,Alpe d'Huez,Alpe d'Huez Grand Domaine,France,,10,,,chalet,self-catered,,unknown,unknown,"Garage / Car Park, Ski locker",,,Saturday,,whole-chalet,EUR,season-range,3950,6450,,accommodation only,no,,,"6-room flat of 120 m2 that can accommodate 10 people. Located in the Jeux district, on the ground floor, this flat is south-facing.",https://accommodation.alpedhuez.com/accommodation/cheval-blanc-1/,Alpe d'Huez official booking (accommodation.alpedhuez.com),village-france-alpe-d-huez,0,,2026-10-06,"20-27 Mar not offered on OT calendar (booked/closed); range = weeks still bookable 2026/27; 6 pièces (rooms, not bedrooms); OT merchant CR-125-CHEVALBLANC; source MY-MEUBLE"
alpe-d-huez-houses-le-president,Le Président,Alpe d'Huez Houses,Alpe d'Huez,Alpe d'Huez Grand Domaine,France,,9,2,,apartment,self-catered,,unknown,unknown,,,,Saturday,,whole-chalet,EUR,season-range,1548.75,3260.25,,accommodation only,no,,,"Appartement Triplex avec 2 chambres et 1 mezzanine, 1 salle de bain et 1 salle de douche, avec 2 WC séparés. <div><br></div>",https://accommodation.alpedhuez.com/accommodation/triplex-sur-le-rif-nel-pour-8-a-10--personnes/,Alpe d'Huez official booking (accommodation.alpedhuez.com),village-france-alpe-d-huez,0,,2026-10-06,"20-27 Mar not offered on OT calendar (booked/closed); range = weeks still bookable 2026/27; 4 pièces (rooms, not bedrooms); OT merchant AM-125-002-12; source ELLOHA"
alpedhuez-ot-chalet-eau-vive-c,Chalet Eau Vive C,,Alpe d'Huez,Alpe d'Huez Grand Domaine,France,,8,,,chalet,self-catered,,unknown,unknown,"Garage / Car Park, Ski locker",,,,,whole-chalet,EUR,,,,,accommodation only,unknown,,,"4-room flat of 80 m2 that can accommodate 8 people. Located in the Cognet district, on the south-facing garden level.",https://accommodation.alpedhuez.com/accommodation/chalet-l-eau-vive-apt-c/,Alpe d'Huez official booking (accommodation.alpedhuez.com),village-france-alpe-d-huez,0,,2026-10-06,"pass2: exact-week price/availability - OT calendar API returned no bookable weeks; 4 pièces (rooms, not bedrooms); OT merchant CR-125-eauvC; source MY-MEUBLE"
maeva-residence-paradis-c,Résidence Paradis C,MAEVA,Alpe d'Huez,Alpe d'Huez Grand Domaine,France,,8,,,apartment,self-catered,,unknown,unknown,,,,,,whole-chalet,EUR,,,,,accommodation only,unknown,,,"Residence located in the Vieil Alpe district, near the Grande Sure chairlift. Grande Sure chairlift: 30 m. At the arrival of the Grande chairlift, you can go down the fun Marcel's Farm slope to reach the...",https://accommodation.alpedhuez.com/accommodation/residence-paradis-c-appartement-4-pieces-pour-8-personnes-de-75m-l-alpe-d-huez/,Alpe d'Huez official booking (accommodation.alpedhuez.com),village-france-alpe-d-huez,0,,2026-10-06,"pass2: exact-week price/availability - MAEVA unit: OT calendar API returns no weeks (priced via maeva.com); 4 pièces (rooms, not bedrooms); hot tub evidence: avail fetch failed; OT merchant AM-MAEVA-125-1123994; source DIRECT_MAEVA"
maeva-chalet-lievre-blanc,Chalet Lièvre Blanc,MAEVA,Alpe d'Huez,Alpe d'Huez Grand Domaine,France,,14,,,chalet,self-catered,,unknown,unknown,,,,,,whole-chalet,EUR,,,,,accommodation only,unknown,,,,https://accommodation.alpedhuez.com/accommodation/chalet-lievre-blanc-chalet-8-pieces-14-personnes/,Alpe d'Huez official booking (accommodation.alpedhuez.com),village-france-alpe-d-huez,0,,2026-10-06,"pass2: exact-week price/availability - MAEVA unit: OT calendar API returns no weeks (priced via maeva.com); 8 pièces (rooms, not bedrooms); hot tub evidence: avail fetch failed; OT merchant AM-MAEVA-125-273334; source DIRECT_MAEVA"
maeva-bergers,Bergers,MAEVA,Alpe d'Huez,Alpe d'Huez Grand Domaine,France,,8,,,apartment,self-catered,,unknown,unknown,,,,,,whole-chalet,EUR,,,,,accommodation only,unknown,,,,https://accommodation.alpedhuez.com/accommodation/residence-bergers-p-and-v-residence-les-bergers-p-and-v-apt-707/,Alpe d'Huez official booking (accommodation.alpedhuez.com),village-france-alpe-d-huez,0,,2026-10-06,"pass2: exact-week price/availability - MAEVA unit: OT calendar API returns no weeks (priced via maeva.com); 2 pièces (rooms, not bedrooms); hot tub evidence: avail fetch failed; OT merchant AM-MAEVA-125-1663061; source DIRECT_MAEVA"
maeva-prestige-odalys-674164,Prestige Odalys,MAEVA,Alpe d'Huez,Alpe d'Huez Grand Domaine,France,,8,2,,apartment,self-catered,,unknown,yes,,,,,,whole-chalet,EUR,,,,,accommodation only,unknown,,,48m²,https://accommodation.alpedhuez.com/accommodation/residence-prestige-odalys-l-eclose-3-4-pieces-8-personnes/,Alpe d'Huez official booking (accommodation.alpedhuez.com),village-france-alpe-d-huez,0,,2026-10-06,"pass2: exact-week price/availability - MAEVA unit: OT calendar API returns no weeks (priced via maeva.com); 3 pièces (rooms, not bedrooms); hot tub evidence: avail fetch failed; OT merchant AM-MAEVA-125-674164; source DIRECT_MAEVA"
alpedhuez-ot-chalet-eau-vive-a,Chalet Eau Vive A,,Alpe d'Huez,Alpe d'Huez Grand Domaine,France,,10,,,chalet,self-catered,,unknown,unknown,"Garage / Car Park, Ski locker, Fireplace / Wood stove",,yes,,,whole-chalet,EUR,,,,,accommodation only,unknown,,,"4-room duplex flat of 100 m2 that can accommodate 10 people. Located in the Cognet district, south/west facing, this flat benefits from a balcony.",https://accommodation.alpedhuez.com/accommodation/chalet-l-eau-vive-apt-a/,Alpe d'Huez official booking (accommodation.alpedhuez.com),village-france-alpe-d-huez,0,,2026-10-06,"pass2: exact-week price/availability - OT calendar API returned no bookable weeks; 4 pièces (rooms, not bedrooms); OT option: foot of the slopes; OT merchant CR-125-eauvA; source MY-MEUBLE"
sno-chalet-bouquetin,Chalet Bouquetin,MAEVA,Alpe d'Huez,Alpe d'Huez Grand Domaine,France,,14,,,chalet,self-catered,,unknown,unknown,,,,,,whole-chalet,EUR,,,,,accommodation only,unknown,,,,https://accommodation.alpedhuez.com/accommodation/chalet-bouquetin-chalet-bouquetin/,Alpe d'Huez official booking (accommodation.alpedhuez.com),village-france-alpe-d-huez,5,chalets/images/sno-chalet-bouquetin/,2026-10-06,"pass2: exact-week price/availability - MAEVA unit: OT calendar API returns no weeks (priced via maeva.com); 7 pièces (rooms, not bedrooms); hot tub evidence: avail fetch failed; OT merchant AM-MAEVA-125-1116574; source DIRECT_MAEVA; reused id (same chalet, also sold via Sno/other reseller on OT)"
maeva-daria-i-nor-817514,Daria-i Nor *****,MAEVA,Alpe d'Huez,Alpe d'Huez Grand Domaine,France,,8,,,apartment,self-catered,,unknown,unknown,,,,,,whole-chalet,EUR,,,,,accommodation only,unknown,,,,https://accommodation.alpedhuez.com/accommodation/residence-daria-i-nor-appartement-5-pieces-duplex-8-personnes-avec-sauna-prive/,Alpe d'Huez official booking (accommodation.alpedhuez.com),village-france-alpe-d-huez,0,,2026-10-06,"pass2: exact-week price/availability - MAEVA unit: OT calendar API returns no weeks (priced via maeva.com); 5 pièces (rooms, not bedrooms); hot tub evidence: avail fetch failed; OT merchant AM-MAEVA-125-817514; source DIRECT_MAEVA"
maeva-daria-i-nor-817524,Daria-i Nor *****,MAEVA,Alpe d'Huez,Alpe d'Huez Grand Domaine,France,,10,,,apartment,self-catered,,unknown,unknown,,,,,,whole-chalet,EUR,,,,,accommodation only,unknown,,,,https://accommodation.alpedhuez.com/accommodation/residence-daria-i-nor-appartement-5-pieces-cabine-10-personnes-avec-sauna-prive/,Alpe d'Huez official booking (accommodation.alpedhuez.com),village-france-alpe-d-huez,0,,2026-10-06,"pass2: exact-week price/availability - MAEVA unit: OT calendar API returns no weeks (priced via maeva.com); 5 pièces (rooms, not bedrooms); hot tub evidence: avail fetch failed; OT merchant AM-MAEVA-125-817524; source DIRECT_MAEVA"
maeva-l-ours-blanc-121612,L'Ours Blanc,MAEVA,Alpe d'Huez,Alpe d'Huez Grand Domaine,France,,8,2,,apartment,self-catered,,unknown,unknown,,,,,,whole-chalet,EUR,,,,,accommodation only,unknown,,,"Apartment of 54 m2 composed of: 1 living room, 2 bedrooms, 1 cabin area, 1 kitchenette, 2 bathrooms and 2 toilets. The plus: beautiful south view, large fitted terrace, ski locker, elevator, safe, storage, HD TV...",https://accommodation.alpedhuez.com/accommodation/residence-l-ours-blanc-maeva-home-appartement-3-pieces-coin-cabine-8-personnes-prestige/,Alpe d'Huez official booking (accommodation.alpedhuez.com),village-france-alpe-d-huez,0,,2026-10-06,"pass2: exact-week price/availability - MAEVA unit: OT calendar API returns no weeks (priced via maeva.com); 3 pièces (rooms, not bedrooms); hot tub evidence: avail fetch failed; OT merchant AM-MAEVA-125-121612; source DIRECT_MAEVA"
alpedhuez-ot-chalet-la-source,Chalet La Source,,Alpe d'Huez,Alpe d'Huez Grand Domaine,France,,12,,,chalet,self-catered,,private-outdoor,unknown,Garage / Car Park,,yes,Saturday,,whole-chalet,EUR,season-range,9912,16520,,accommodation only,no,,,"<b>Exceptional private chalet with full service at the Alpe d’Huez Altiport<br><br></b><div>Located right next to the ski slopes (a 50-metre walk), the chalet offers immediate access to the Alpe d’Huez ski area, with its 250 km of slopes.<br><br></div><div>Enjoy a ski-in, ski-out",https://accommodation.alpedhuez.com/accommodation/chalet-la-source-8-pieces-12-personnes/,Alpe d'Huez official booking (accommodation.alpedhuez.com),village-france-alpe-d-huez,0,,2026-10-06,"20-27 Mar not offered on OT calendar (booked/closed); range = weeks still bookable 2026/27; 8 pièces (rooms, not bedrooms); hot tub evidence: desc: hot tub; OT option: foot of the slopes; OT merchant MP-125-029; source MY-MEUBLE"
cimalpes-expression-b32,EXPRESSION B32,Cimalpes,Alpe d'Huez,Alpe d'Huez Grand Domaine,France,,8,,,apartment,self-catered,,unknown,unknown,"Garage / Car Park, Ski locker",,,,,whole-chalet,EUR,,,,,accommodation only,unknown,,,"New luxury apartment, near from the slopes with the gondola Alpe Express",https://accommodation.alpedhuez.com/accommodation/appartement-dans-nouvelle-residence-de-standing-1/,Alpe d'Huez official booking (accommodation.alpedhuez.com),village-france-alpe-d-huez,0,,2026-10-06,"pass2: exact-week price/availability - OT calendar API returned no bookable weeks; 5 pièces (rooms, not bedrooms); OT merchant AM-ARKIANE-125-0008; source DIRECT_ARKIANE"
alpe-d-huez-houses-chalet-justine,Chalet Justine,Alpe d'Huez Houses,Alpe d'Huez,Alpe d'Huez Grand Domaine,France,,15,5,,chalet,self-catered,,yes-type-unknown,yes,,,,Saturday,,whole-chalet,EUR,season-range,3244.5,3244.5,,accommodation only,no,,,"Chalet Justine situé en plein centre de la station, réparti sur 2 étages.",https://accommodation.alpedhuez.com/accommodation/chalet-justineplein-centre-5-chambres-pour-12-a-15-personnes/,Alpe d'Huez official booking (accommodation.alpedhuez.com),village-france-alpe-d-huez,0,,2026-10-06,"20-27 Mar not offered on OT calendar (booked/closed); range = weeks still bookable 2026/27; 8 pièces (rooms, not bedrooms); hot tub evidence: option SPA; OT merchant AM-125-002-03; source ELLOHA"
alpedhuez-ot-l-oisans-bleu,L'OISANS BLEU,,Huez (village),Alpe d'Huez Grand Domaine,France,,14,5,,chalet,self-catered,,unknown,unknown,"Garage / Car Park, Fireplace / Wood stove",,yes,Saturday,,whole-chalet,EUR,season-range,3500,5500,,accommodation only,no,,,"Chalet l'Oisans bleu, in the heart of the village of Huez and at the foot of the pistes",https://accommodation.alpedhuez.com/accommodation/sci-cmh/,Alpe d'Huez official booking (accommodation.alpedhuez.com),village-france-alpe-d-huez,0,,2026-10-06,"20-27 Mar not offered on OT calendar (booked/closed); range = weeks still bookable 2026/27; 6 pièces (rooms, not bedrooms); OT option: foot of the slopes; OT merchant MP-125-022; source MY-MEUBLE"
maeva-phoenix-a-1261371,Phoenix A,MAEVA,Alpe d'Huez,Alpe d'Huez Grand Domaine,France,,10,,,apartment,self-catered,,unknown,unknown,,,,,,whole-chalet,EUR,,,,,accommodation only,unknown,,,,https://accommodation.alpedhuez.com/accommodation/residence-phoenix-a-magnifique-appartement/,Alpe d'Huez official booking (accommodation.alpedhuez.com),village-france-alpe-d-huez,0,,2026-10-06,"pass2: exact-week price/availability - MAEVA unit: OT calendar API returns no weeks (priced via maeva.com); 5 pièces (rooms, not bedrooms); hot tub evidence: avail fetch failed; OT merchant AM-MAEVA-125-1261371; source DIRECT_MAEVA"
alpe-d-huez-houses-alpema-1-am-125-002-10,Alpema 1 - Chalet Alpema,Alpe d'Huez Houses,Alpe d'Huez,Alpe d'Huez Grand Domaine,France,,12,,,apartment,self-catered,,unknown,yes,,,,Saturday,,whole-chalet,EUR,season-range,2551.5,6331.5,,accommodation only,no,,,"Large 135m2 apartment with 6 bedromms, 2 shower room and a Sauna. <div><br></div>",https://accommodation.alpedhuez.com/accommodation/appartement-6-chambres-plein-centre-pour-12/,Alpe d'Huez official booking (accommodation.alpedhuez.com),village-france-alpe-d-huez,0,,2026-10-06,"20-27 Mar not offered on OT calendar (booked/closed); range = weeks still bookable 2026/27; 9 pièces (rooms, not bedrooms); OT merchant AM-125-002-10; source ELLOHA"
alpimo-paradis-c,PARADIS C,Alpimo,Alpe d'Huez,Alpe d'Huez Grand Domaine,France,,8,,,apartment,self-catered,,unknown,unknown,,,,,,whole-chalet,EUR,season-range,1152,2674.22,,accommodation only,no,,,"Beautiful apartment, 4 rooms / 8 people of 75 m² - L'Alpe d'Huez",https://accommodation.alpedhuez.com/accommodation/appartement-4-pieces-pour-8-personnes-de-75m/,Alpe d'Huez official booking (accommodation.alpedhuez.com),village-france-alpe-d-huez,0,,2026-10-06,"20-27 Mar not offered on OT calendar (booked/closed); range = weeks still bookable 2026/27; 4 pièces (rooms, not bedrooms); OT merchant AM-125-004-078; source ELLOHA"
maeva-les-chalets-de-l-altiport-303,Les Chalets de l'Altiport,MAEVA,Alpe d'Huez,Alpe d'Huez Grand Domaine,France,,15,8,,chalet,self-catered,,private (location not stated),yes,,,,,,whole-chalet,EUR,,,,,accommodation only,unknown,,,from 200 to 210 m²,https://accommodation.alpedhuez.com/accommodation/les-chalets-de-l-altiport-chalet-9-pieces-15-personnes/,Alpe d'Huez official booking (accommodation.alpedhuez.com),village-france-alpe-d-huez,0,,2026-10-06,"pass2: exact-week price/availability - MAEVA unit: OT calendar API returns no weeks (priced via maeva.com); 9 pièces (rooms, not bedrooms); hot tub evidence: desc: hot tub; avail fetch failed; OT merchant AM-MAEVA-125-303; source DIRECT_MAEVA"
alpedhuez-ot-edelweiss-residence-geode,Edelweiss (résidence Géode),,Alpe d'Huez,Alpe d'Huez Grand Domaine,France,,10,4,,apartment,self-catered,,unknown,unknown,"Garage / Car Park, Ski locker",,,,,whole-chalet,EUR,,,,,accommodation only,unknown,,,"The Edelweiss apartment is ideally located 100 meters from the slopes and close to the ski lifts and the ESF (French Ski School) in the Cognet district.<div><br></div><div>The apartment is decorated in a contemporary mountain style. It is spacious, with 120m²",https://accommodation.alpedhuez.com/accommodation/edelweiss-chalet-geode/,Alpe d'Huez official booking (accommodation.alpedhuez.com),village-france-alpe-d-huez,0,,2026-10-06,"pass2: exact-week price/availability - OT calendar API returned no bookable weeks; 5 pièces (rooms, not bedrooms); OT merchant CR-125-EDELWEISS; source MY-MEUBLE"
maeva-majestic-i,Majestic I,MAEVA,Alpe d'Huez,Alpe d'Huez Grand Domaine,France,,10,,,apartment,self-catered,,unknown,unknown,,,,,,whole-chalet,EUR,,,,,accommodation only,unknown,,,,https://accommodation.alpedhuez.com/accommodation/residence-majestic-i-majestic-i-100-i-gh-2-quartier-viel-alpe/,Alpe d'Huez official booking (accommodation.alpedhuez.com),village-france-alpe-d-huez,0,,2026-10-06,"pass2: exact-week price/availability - MAEVA unit: OT calendar API returns no weeks (priced via maeva.com); 4 pièces (rooms, not bedrooms); hot tub evidence: avail fetch failed; OT merchant AM-MAEVA-125-1662021; source DIRECT_MAEVA"
alpedhuez-ot-gite-le-grand-renaud,Gîte Le Grand Renaud,,Alpe d'Huez,Alpe d'Huez Grand Domaine,France,,5,,,chalet,self-catered,,unknown,unknown,Garage / Car Park,,,Saturday,,whole-chalet,EUR,season-range,532,695.7,,accommodation only,no,,,"<p>Located in the heart of Bourg-d’Oisans, at the foot of Alpe d’Huez and the Oisans mountains, Gîtes Le Grand Renaud welcomes you to a peaceful, natural setting. <br><br></p><p>Our independent 35 m² cottages accommodate up to 6 guests and feature a",https://accommodation.alpedhuez.com/accommodation/steven/,Alpe d'Huez official booking (accommodation.alpedhuez.com),village-france-alpe-d-huez,0,,2026-10-06,"20-27 Mar not offered on OT calendar (booked/closed); range = weeks still bookable 2026/27; 3 pièces (rooms, not bedrooms); OT merchant HOT-30018-003; source ELLOHA"
maeva-les-chalets-de-l-altiport-403,Les Chalets de l'Altiport,MAEVA,Alpe d'Huez,Alpe d'Huez Grand Domaine,France,,12,,,chalet,self-catered,,unknown,unknown,,,,,,whole-chalet,EUR,,,,,accommodation only,unknown,,,,https://accommodation.alpedhuez.com/accommodation/les-chalets-de-l-altiport-chalet-6-pieces-cabine-12-personnes/,Alpe d'Huez official booking (accommodation.alpedhuez.com),village-france-alpe-d-huez,0,,2026-10-06,"pass2: exact-week price/availability - MAEVA unit: OT calendar API returns no weeks (priced via maeva.com); 6 pièces (rooms, not bedrooms); hot tub evidence: avail fetch failed; OT merchant AM-MAEVA-125-403; source DIRECT_MAEVA"
maeva-les-chalets-de-l-altiport-300,Les Chalets de l'Altiport,MAEVA,Alpe d'Huez,Alpe d'Huez Grand Domaine,France,,12,,,chalet,self-catered,,unknown,unknown,,,,,,whole-chalet,EUR,,,,,accommodation only,unknown,,,,https://accommodation.alpedhuez.com/accommodation/les-chalets-de-l-altiport-chalet-7-pieces-12-personnes/,Alpe d'Huez official booking (accommodation.alpedhuez.com),village-france-alpe-d-huez,0,,2026-10-06,"pass2: exact-week price/availability - MAEVA unit: OT calendar API returns no weeks (priced via maeva.com); 7 pièces (rooms, not bedrooms); hot tub evidence: avail fetch failed; OT merchant AM-MAEVA-125-300; source DIRECT_MAEVA"
alpe-d-huez-houses-friandise,Friandise - Chalet du Golf,Alpe d'Huez Houses,Alpe d'Huez,Alpe d'Huez Grand Domaine,France,,8,4,,apartment,self-catered,,private-outdoor,yes,Garage / Car Park,,,Saturday,,whole-chalet,EUR,season-range,3717,8337,,accommodation only,no,,,"Bienvenue au Chalet Friandise des ""Les Balcons du Golf"" à l'Alpe d'Huez.",https://accommodation.alpedhuez.com/accommodation/chalet-friandise-4-chambres-pour-8-avec-jaccuzzi-exterieur/,Alpe d'Huez official booking (accommodation.alpedhuez.com),village-france-alpe-d-huez,0,,2026-10-06,"20-27 Mar not offered on OT calendar (booked/closed); range = weeks still bookable 2026/27; 7 pièces (rooms, not bedrooms); hot tub evidence: desc: jacuzzi; OT merchant AM-125-002-23; source ELLOHA"
maeva-residence-menandiere,Résidence Menandiere,MAEVA,Alpe d'Huez,Alpe d'Huez Grand Domaine,France,,8,,,apartment,self-catered,,unknown,unknown,,,,,,whole-chalet,EUR,,,,,accommodation only,unknown,,,"Residence located in the heart of the resort, next to the telecentre and activities. Departure from the ski lift of the telecentre at 70 m and trail back skier at the foot of the building (opening according to snow) Centre",https://accommodation.alpedhuez.com/accommodation/residence-menandiere-appartement-4-pieces-pour-8-personnes-de-70m-l-alpe-d-huez-1/,Alpe d'Huez official booking (accommodation.alpedhuez.com),village-france-alpe-d-huez,0,,2026-10-06,"pass2: exact-week price/availability - MAEVA unit: OT calendar API returns no weeks (priced via maeva.com); 4 pièces (rooms, not bedrooms); hot tub evidence: avail fetch failed; OT merchant AM-MAEVA-125-2578423; source DIRECT_MAEVA"
maeva-horizon-1687251,Horizon,MAEVA,Alpe d'Huez,Alpe d'Huez Grand Domaine,France,,8,,,apartment,self-catered,,unknown,unknown,,,,,,whole-chalet,EUR,,,,,accommodation only,unknown,,,,https://accommodation.alpedhuez.com/accommodation/residence-horizon-l-horizon-apt-a2/,Alpe d'Huez official booking (accommodation.alpedhuez.com),village-france-alpe-d-huez,0,,2026-10-06,"pass2: exact-week price/availability - MAEVA unit: OT calendar API returns no weeks (priced via maeva.com); 3 pièces (rooms, not bedrooms); hot tub evidence: avail fetch failed; OT merchant AM-MAEVA-125-1687251; source DIRECT_MAEVA"
maeva-prestige-odalys-674174,Prestige Odalys,MAEVA,Alpe d'Huez,Alpe d'Huez Grand Domaine,France,,8,3,,apartment,self-catered,,unknown,yes,,,,,,whole-chalet,EUR,,,,,accommodation only,unknown,,,60m²,https://accommodation.alpedhuez.com/accommodation/residence-prestige-odalys-l-eclose-4-pieces-8-personnes/,Alpe d'Huez official booking (accommodation.alpedhuez.com),village-france-alpe-d-huez,0,,2026-10-06,"pass2: exact-week price/availability - MAEVA unit: OT calendar API returns no weeks (priced via maeva.com); 4 pièces (rooms, not bedrooms); hot tub evidence: avail fetch failed; OT merchant AM-MAEVA-125-674174; source DIRECT_MAEVA"
alpedhuez-ot-chalet-eau-vive-b,Chalet Eau Vive B,,Alpe d'Huez,Alpe d'Huez Grand Domaine,France,,10,,,chalet,self-catered,,unknown,unknown,"Garage / Car Park, Ski locker, Fireplace / Wood stove",,,,,whole-chalet,EUR,,,,,accommodation only,unknown,,,"4-room duplex flat of 100 m2 that can accommodate 10 people. Located in the Cognet district, south/east facing, this flat benefits from a balcony.",https://accommodation.alpedhuez.com/accommodation/chalet-l-eau-vive-apt-b/,Alpe d'Huez official booking (accommodation.alpedhuez.com),village-france-alpe-d-huez,0,,2026-10-06,"pass2: exact-week price/availability - OT calendar API returned no bookable weeks; 4 pièces (rooms, not bedrooms); OT merchant CR-125-eauvB; source MY-MEUBLE"
maeva-hameau-de-clotaire,Hameau De Clotaire,MAEVA,Alpe d'Huez,Alpe d'Huez Grand Domaine,France,,8,,,apartment,self-catered,,unknown,unknown,,,,,,whole-chalet,EUR,,,,,accommodation only,unknown,,,,https://accommodation.alpedhuez.com/accommodation/residence-hameau-de-clotaire-appartement-ski-in-ski-out-avec-piscine/,Alpe d'Huez official booking (accommodation.alpedhuez.com),village-france-alpe-d-huez,0,,2026-10-06,"pass2: exact-week price/availability - MAEVA unit: OT calendar API returns no weeks (priced via maeva.com); 4 pièces (rooms, not bedrooms); hot tub evidence: avail fetch failed; OT merchant AM-MAEVA-125-832194; source DIRECT_MAEVA"
maeva-les-chalets-du-golf-1251811,Les Chalets Du Golf,MAEVA,Alpe d'Huez,Alpe d'Huez Grand Domaine,France,,9,,,apartment,self-catered,,unknown,unknown,,,,,,whole-chalet,EUR,,,,,accommodation only,unknown,,,"Alpe d'Huez - Quartier Bergers: Discover this 125m2 duplex on the 3rd and 4th floors of Building A, in the new residence of the Golf Chalets. Offering an exceptional panorama, the apartment combines mountain style with comfort and comfort.",https://accommodation.alpedhuez.com/accommodation/les-chalets-du-golf-duplex-de-125-8-a/,Alpe d'Huez official booking (accommodation.alpedhuez.com),village-france-alpe-d-huez,0,,2026-10-06,"pass2: exact-week price/availability - MAEVA unit: OT calendar API returns no weeks (priced via maeva.com); 5 pièces (rooms, not bedrooms); hot tub evidence: avail fetch failed; OT merchant AM-MAEVA-125-1251811; source DIRECT_MAEVA"
maeva-phoenix-a-1322671,Phoenix A,MAEVA,Alpe d'Huez,Alpe d'Huez Grand Domaine,France,,8,,,apartment,self-catered,,unknown,unknown,,,,,,whole-chalet,EUR,,,,,accommodation only,unknown,,,,https://accommodation.alpedhuez.com/accommodation/residence-phoenix-a-phoa-23-grand-appartement-dans-residence-avec-piscine-et-pieds-des-pistes/,Alpe d'Huez official booking (accommodation.alpedhuez.com),village-france-alpe-d-huez,0,,2026-10-06,"pass2: exact-week price/availability - MAEVA unit: OT calendar API returns no weeks (priced via maeva.com); 4 pièces (rooms, not bedrooms); hot tub evidence: avail fetch failed; OT merchant AM-MAEVA-125-1322671; source DIRECT_MAEVA"
maeva-commodore,Commodore,MAEVA,Alpe d'Huez,Alpe d'Huez Grand Domaine,France,,10,,,apartment,self-catered,,unknown,unknown,,,,,,whole-chalet,EUR,,,,,accommodation only,unknown,,,"ALPE D'HUEZ - Cognet This 110m2 family apartment in Alpe d'Huez enjoys an ideal location, close to the ski slopes and at the start of the ski lifts, while being a few steps from the centre of the resort. With...",https://accommodation.alpedhuez.com/accommodation/residence-commodore-appartement-commodore-227/,Alpe d'Huez official booking (accommodation.alpedhuez.com),village-france-alpe-d-huez,0,,2026-10-06,"pass2: exact-week price/availability - MAEVA unit: OT calendar API returns no weeks (priced via maeva.com); 5 pièces (rooms, not bedrooms); hot tub evidence: avail fetch failed; OT merchant AM-MAEVA-125-1697611; source DIRECT_MAEVA"
maeva-les-fermes-de-l-alpe-2010083,Les Fermes De L'alpe,MAEVA,Alpe d'Huez,Alpe d'Huez Grand Domaine,France,,10,,,apartment,self-catered,,unknown,unknown,,,,,,whole-chalet,EUR,,,,,accommodation only,unknown,,,,https://accommodation.alpedhuez.com/accommodation/residence-les-fermes-de-l-alpe-bat-c-appartement-5-pieces-8-a-2-e/,Alpe d'Huez official booking (accommodation.alpedhuez.com),village-france-alpe-d-huez,0,,2026-10-06,"pass2: exact-week price/availability - MAEVA unit: OT calendar API returns no weeks (priced via maeva.com); 5 pièces (rooms, not bedrooms); hot tub evidence: avail fetch failed; OT merchant AM-MAEVA-125-2010083; source DIRECT_MAEVA"
maeva-residence-sarenne,Résidence Sarenne,MAEVA,Alpe d'Huez,Alpe d'Huez Grand Domaine,France,,8,,,apartment,self-catered,,unknown,unknown,,,,,,whole-chalet,EUR,,,,,accommodation only,unknown,,,Large apartment of 60m2 in residence Le Sarenne Located in the heart of the resort! Close to all amenities and shops. REFERENCE PLAN STATION H/6 Description: Living room : 1 sofa bed 140/TV Bedroom : 1 double bed 160...,https://accommodation.alpedhuez.com/accommodation/residence-sarenne-sarenne-apt-15/,Alpe d'Huez official booking (accommodation.alpedhuez.com),village-france-alpe-d-huez,0,,2026-10-06,"pass2: exact-week price/availability - MAEVA unit: OT calendar API returns no weeks (priced via maeva.com); 3 pièces (rooms, not bedrooms); hot tub evidence: avail fetch failed; OT merchant AM-MAEVA-125-1663031; source DIRECT_MAEVA"
sno-chalet-ecureuil,Chalet Ecureuil,MAEVA,Alpe d'Huez,Alpe d'Huez Grand Domaine,France,,12,,,chalet,self-catered,,unknown,unknown,,,,,,whole-chalet,EUR,,,,,accommodation only,unknown,,,,https://accommodation.alpedhuez.com/accommodation/chalet-ecureuil-chalet-ecureuil/,Alpe d'Huez official booking (accommodation.alpedhuez.com),village-france-alpe-d-huez,5,chalets/images/sno-chalet-ecureuil/,2026-10-06,"pass2: exact-week price/availability - MAEVA unit: OT calendar API returns no weeks (priced via maeva.com); 7 pièces (rooms, not bedrooms); hot tub evidence: avail fetch failed; OT merchant AM-MAEVA-125-1137514; source DIRECT_MAEVA; reused id (same chalet, also sold via Sno/other reseller on OT)"
alpe-d-huez-houses-chez-arthur,Chez Arthur - Le Val d'Ys,Alpe d'Huez Houses,Alpe d'Huez,Alpe d'Huez Grand Domaine,France,,8,2,,apartment,self-catered,,unknown,unknown,Garage / Car Park,,,Saturday,,whole-chalet,EUR,season-range,971.25,1207.5,,accommodation only,no,,,Ce charmant et confortable 3 chambres offre une très belle pièce de vie en rez de chaussée et 3 chambres ainsi que la salle de bain en étage. <div><br></div>,https://accommodation.alpedhuez.com/accommodation/chez-arthur3-chambres-en-duplex-plein-sud-cognet/,Alpe d'Huez official booking (accommodation.alpedhuez.com),village-france-alpe-d-huez,0,,2026-10-06,"20-27 Mar not offered on OT calendar (booked/closed); range = weeks still bookable 2026/27; 4 pièces (rooms, not bedrooms); OT merchant AM-125-002-17; source ELLOHA"
maeva-phoenix-b-1261361,Phoenix B,MAEVA,Alpe d'Huez,Alpe d'Huez Grand Domaine,France,,8,,,apartment,self-catered,,unknown,unknown,,,,,,whole-chalet,EUR,,,,,accommodation only,unknown,,,,https://accommodation.alpedhuez.com/accommodation/residence-phoenix-b-magnifique-appartement-pieds-des-pistes/,Alpe d'Huez official booking (accommodation.alpedhuez.com),village-france-alpe-d-huez,0,,2026-10-06,"pass2: exact-week price/availability - MAEVA unit: OT calendar API returns no weeks (priced via maeva.com); 4 pièces (rooms, not bedrooms); hot tub evidence: avail fetch failed; OT merchant AM-MAEVA-125-1261361; source DIRECT_MAEVA"
maeva-chalet-odalys-melusine,Chalet Odalys Mélusine ****,MAEVA,Alpe d'Huez,Alpe d'Huez Grand Domaine,France,,14,,,chalet,self-catered,,unknown,unknown,,,,,,whole-chalet,EUR,,,,,accommodation only,unknown,,build-my-ski-trip-melusine,,https://accommodation.alpedhuez.com/accommodation/chalet-odalys-melusine-chalet-7-chambres-14-personnes/,Alpe d'Huez official booking (accommodation.alpedhuez.com),village-france-alpe-d-huez,0,,2026-10-06,"pass2: exact-week price/availability - MAEVA unit: OT calendar API returns no weeks (priced via maeva.com); 8 pièces (rooms, not bedrooms); hot tub evidence: avail fetch failed; OT merchant AM-MAEVA-125-57969; source DIRECT_MAEVA"
maeva-residence-choucas,Résidence Choucas,MAEVA,Alpe d'Huez,Alpe d'Huez Grand Domaine,France,,8,,,apartment,self-catered,,unknown,unknown,,,,,,whole-chalet,EUR,,,,,accommodation only,unknown,,,"72m2 apartment in residence Les Choucas. Located near avenue du Rifnel and slopes. REFERENCE PLAN STATION J/4 Description: Living room: 1 sofa bed/TV/DVD Kitchen equipment : Washing machine, Washing machine, electric hob,...",https://accommodation.alpedhuez.com/accommodation/residence-choucas-residence-les-choucas-apt-31/,Alpe d'Huez official booking (accommodation.alpedhuez.com),village-france-alpe-d-huez,0,,2026-10-06,"pass2: exact-week price/availability - MAEVA unit: OT calendar API returns no weeks (priced via maeva.com); 3 pièces (rooms, not bedrooms); hot tub evidence: avail fetch failed; OT merchant AM-MAEVA-125-1663701; source DIRECT_MAEVA"
maeva-prestige-odalys-674184,Prestige Odalys,MAEVA,Alpe d'Huez,Alpe d'Huez Grand Domaine,France,,10,3,,apartment,self-catered,,unknown,yes,,,,,,whole-chalet,EUR,,,,,accommodation only,unknown,,,66m²,https://accommodation.alpedhuez.com/accommodation/residence-prestige-odalys-l-eclose-4-5-pieces-10-personnes/,Alpe d'Huez official booking (accommodation.alpedhuez.com),village-france-alpe-d-huez,0,,2026-10-06,"pass2: exact-week price/availability - MAEVA unit: OT calendar API returns no weeks (priced via maeva.com); 4 pièces (rooms, not bedrooms); hot tub evidence: avail fetch failed; OT merchant AM-MAEVA-125-674184; source DIRECT_MAEVA"
cimalpes-duplex-chalet-du-golf-a303,DUPLEX Chalet du Golf A303,Cimalpes,Alpe d'Huez,Alpe d'Huez Grand Domaine,France,,9,,,apartment,self-catered,,unknown,unknown,"Garage / Car Park, Ski locker, Fireplace / Wood stove",,yes,,,whole-chalet,EUR,season-range,3500,6800,,accommodation only,no,,,125m² duplex apartment at the foot of the slopes,https://accommodation.alpedhuez.com/accommodation/duplex-de-125-8-a/,Alpe d'Huez official booking (accommodation.alpedhuez.com),village-france-alpe-d-huez,0,,2026-10-06,"20-27 Mar not offered on OT calendar (booked/closed); range = weeks still bookable 2026/27; 5 pièces (rooms, not bedrooms); OT option: foot of the slopes; OT merchant AM-ARKIANE-125-0005; source DIRECT_ARKIANE"
alpe-d-huez-houses-chalet-delta,Chalet Delta,Alpe d'Huez Houses,Alpe d'Huez,Alpe d'Huez Grand Domaine,France,,8,2,,chalet,self-catered,,unknown,unknown,"Garage / Car Park, Fireplace / Wood stove",,,Saturday,,whole-chalet,EUR,season-range,1701,4641,,accommodation only,no,,sno-chalet-delta-36,"Ce chalet delta entièrement rénové avec beaucoup de goût accueille 6 à 8 personnes en 3 chambres. De 90m2 sur 3 étages, la vue est féerique, et vous profitez d'un chalet indépendant, avec place de parking privative, grande terrasse plein",https://accommodation.alpedhuez.com/accommodation/chalet-zoli-notre-cocon-pour-6-a-8-pers/,Alpe d'Huez official booking (accommodation.alpedhuez.com),village-france-alpe-d-huez,0,,2026-10-06,"20-27 Mar not offered on OT calendar (booked/closed); range = weeks still bookable 2026/27; 5 pièces (rooms, not bedrooms); OT merchant AM-125-002-38; source ELLOHA"
alpedhuez-ot-chalet-lalpedu,CHALET LALPEDU,,Alpe d'Huez,Alpe d'Huez Grand Domaine,France,,10,2,,chalet,self-catered,,unknown,unknown,"Garage / Car Park, Ski locker",,,Saturday,,whole-chalet,EUR,season-range,1603,5399,,accommodation only,no,,,"The individual 6-room chalet has 130m2 of living space and can accommodate 8 to 10 people and 3 young children. Located in the Vieil Alpe district, facing south, this chalet has a terrace with garden furniture.",https://accommodation.alpedhuez.com/accommodation/chalet-lalpedu/,Alpe d'Huez official booking (accommodation.alpedhuez.com),village-france-alpe-d-huez,0,,2026-10-06,"20-27 Mar not offered on OT calendar (booked/closed); range = weeks still bookable 2026/27; 8 pièces (rooms, not bedrooms); OT merchant CR-125-LALPEDU; source MY-MEUBLE"
maeva-prestige-odalys-674194,Prestige Odalys,MAEVA,Alpe d'Huez,Alpe d'Huez Grand Domaine,France,,10,4,,apartment,self-catered,,unknown,yes,,,,,,whole-chalet,EUR,,,,,accommodation only,unknown,,,80m²,https://accommodation.alpedhuez.com/accommodation/residence-prestige-odalys-l-eclose-5-pieces-10-personnes/,Alpe d'Huez official booking (accommodation.alpedhuez.com),village-france-alpe-d-huez,0,,2026-10-06,"pass2: exact-week price/availability - MAEVA unit: OT calendar API returns no weeks (priced via maeva.com); 5 pièces (rooms, not bedrooms); hot tub evidence: avail fetch failed; OT merchant AM-MAEVA-125-674194; source DIRECT_MAEVA"
maeva-daria-i-nor-817494,Daria-i Nor *****,MAEVA,Alpe d'Huez,Alpe d'Huez Grand Domaine,France,,8,,,apartment,self-catered,,unknown,unknown,,,,,,whole-chalet,EUR,,,,,accommodation only,unknown,,,,https://accommodation.alpedhuez.com/accommodation/residence-daria-i-nor-appartement-4-pieces-cabine-8-personnes/,Alpe d'Huez official booking (accommodation.alpedhuez.com),village-france-alpe-d-huez,0,,2026-10-06,"pass2: exact-week price/availability - MAEVA unit: OT calendar API returns no weeks (priced via maeva.com); 4 pièces (rooms, not bedrooms); hot tub evidence: avail fetch failed; OT merchant AM-MAEVA-125-817494; source DIRECT_MAEVA"
maeva-les-chalets-du-golf-1993293,Les Chalets Du Golf,MAEVA,Alpe d'Huez,Alpe d'Huez Grand Domaine,France,,8,,,apartment,self-catered,,unknown,unknown,,,,,,whole-chalet,EUR,,,,,accommodation only,unknown,,,"Alpe d'Huez - Quartier Bergers: Dive into Alpine elegance with the CDG A301 apartment located in the new residence of the Golf Chalets. This exceptional property reveals a breathtaking panorama, and blends with refinement...",https://accommodation.alpedhuez.com/accommodation/les-chalets-du-golf-duplex-de-127m-8-a/,Alpe d'Huez official booking (accommodation.alpedhuez.com),village-france-alpe-d-huez,0,,2026-10-06,"pass2: exact-week price/availability - MAEVA unit: OT calendar API returns no weeks (priced via maeva.com); 5 pièces (rooms, not bedrooms); hot tub evidence: avail fetch failed; OT merchant AM-MAEVA-125-1993293; source DIRECT_MAEVA"
alpedhuez-ot-meije,Meije,,Alpe d'Huez,Alpe d'Huez Grand Domaine,France,,9,,,apartment,self-catered,,unknown,yes,"Garage / Car Park, Ski locker",,,Saturday,,whole-chalet,EUR,season-range,2800,3600,,accommodation only,no,,,"4-room flat of 95 m2 that can accommodate 9 people. Located in the Cognet district, on the first floor facing south, this flat benefits from a balcony.",https://accommodation.alpedhuez.com/accommodation/meije/,Alpe d'Huez official booking (accommodation.alpedhuez.com),village-france-alpe-d-huez,0,,2026-10-06,"20-27 Mar not offered on OT calendar (booked/closed); range = weeks still bookable 2026/27; 4 pièces (rooms, not bedrooms); OT merchant CR-125-MEIJE; source MY-MEUBLE"
alpissimmo-phoenix-a34,PHOENIX A34,ALPISSIMMO,Alpe d'Huez,Alpe d'Huez Grand Domaine,France,,8,2,,apartment,self-catered,,unknown,yes,"Garage / Car Park, Steam room, Swimming Pool, Ski locker",,yes,,,whole-chalet,EUR,,,,,accommodation only,unknown,,,"Beautiful apartment, with a large living room that will seduce you with its space and brightness.",https://accommodation.alpedhuez.com/accommodation/phoenix-a-lodge-4-pieces-95-0-m-ap-ah-phoa-34/,Alpe d'Huez official booking (accommodation.alpedhuez.com),village-france-alpe-d-huez,0,,2026-10-06,"pass2: exact-week price/availability - OT calendar API returned no bookable weeks; 0 pièces (rooms, not bedrooms); hot tub evidence: avail fetch failed; OT option: foot of the slopes; OT merchant PHOENIXA_351_3_8; source ARKIANE"
alpedhuez-ot-chalet-alpe-two-6-pieces,CHALET ALPE TWO – 6 pièces,,Alpe d'Huez,Alpe d'Huez Grand Domaine,France,,12,5,,chalet,self-catered,,private (location not stated),yes,Ski locker,,,Saturday,,whole-chalet,EUR,season-range,9000,13900,,accommodation only,no,,,"🌟 Chalet Alpe Two 4★ – Alpe d’Huez 1850 m<div><span style=""font-family: -apple-system, BlinkMacSystemFont, &quot;Segoe UI&quot;, Roboto, Oxygen, Ubuntu, Cantarell, &quot;Fira Sans&quot;, &quot;Droid Sans&quot;, &quot;Helvetica Neue&quot;, Helvetica, Arial, sans-serif, &quot;Apple Color Emoji&quot;, &quot;Segoe UI Emoji&quot;, &quot;Segoe UI Symbol&quot;;"">12 guests · Private",https://accommodation.alpedhuez.com/accommodation/chalet-alpe-6-pieces-150m-12-personnes-ouest/,Alpe d'Huez official booking (accommodation.alpedhuez.com);SeeAlpedHuez,village-france-alpe-d-huez,0,,2026-10-06,"20-27 Mar not offered on OT calendar (booked/closed); range = weeks still bookable 2026/27; 6 pièces (rooms, not bedrooms); hot tub evidence: desc: jacuzzi; OT merchant CR-125-CA150; source MY-MEUBLE"
alpe-d-huez-houses-chalet-sequoia,CHALET SEQUOIA,Alpe d'huez Houses,Alpe d'Huez,Alpe d'Huez Grand Domaine,France,,14,6,,chalet,self-catered,,unknown,unknown,"Garage / Car Park, Fireplace / Wood stove",,,Saturday,,whole-chalet,EUR,season-range,4357.5,4357.5,,accommodation only,no,,,"Alpe d'Huez Houses vous propose ce très joli chalet de 197m2 sur 3 étage dans le hameau de l'Altiport parfait pour 14 personnes donc 4 enfants. Au milieu de l'ambiance Chalets de montagne de l'Altiport, vous pouvez vous garer devant,",https://accommodation.alpedhuez.com/accommodation/chalet-sequoia-pour-14-familial-cozy-tout-confort/,Alpe d'Huez official booking (accommodation.alpedhuez.com);SeeAlpedHuez,village-france-alpe-d-huez,0,,2026-10-06,"20-27 Mar not offered on OT calendar (booked/closed); range = weeks still bookable 2026/27; 10 pièces (rooms, not bedrooms); OT merchant AM-125-002-79; source ELLOHA"
sno-chalet-delta-36,CHALET DELTA,Cimalpes,Alpe d'Huez,Alpe d'Huez Grand Domaine,France,,8,,,chalet,self-catered,,unknown,unknown,,,,Saturday,,whole-chalet,EUR,season-range,2100,3700,,accommodation only,no,,,Intimate chalet with breathtaking views,https://accommodation.alpedhuez.com/accommodation/non-classe-chalet/,Alpe d'Huez official booking (accommodation.alpedhuez.com),village-france-alpe-d-huez,5,chalets/images/sno-chalet-delta-36/,2026-10-06,"20-27 Mar not offered on OT calendar (booked/closed); range = weeks still bookable 2026/27; 5 pièces (rooms, not bedrooms); OT merchant AM-ARKIANE-125-0010; source DIRECT_ARKIANE; reused id (same chalet, also sold via Sno/other reseller on OT)"
maeva-horizon-1663231,Horizon,MAEVA,Alpe d'Huez,Alpe d'Huez Grand Domaine,France,,8,,,apartment,self-catered,,unknown,unknown,,,,,,whole-chalet,EUR,,,,,accommodation only,unknown,,,,https://accommodation.alpedhuez.com/accommodation/residence-horizon-l-horizon-apt-c3/,Alpe d'Huez official booking (accommodation.alpedhuez.com),village-france-alpe-d-huez,0,,2026-10-06,"pass2: exact-week price/availability - MAEVA unit: OT calendar API returns no weeks (priced via maeva.com); 3 pièces (rooms, not bedrooms); hot tub evidence: avail fetch failed; OT merchant AM-MAEVA-125-1663231; source DIRECT_MAEVA"
alpe-d-huez-houses-chez-gaston,Chez Gaston - La Musardiere,Alpe d'Huez Houses,Alpe d'Huez,Alpe d'Huez Grand Domaine,France,,10,4,,apartment,self-catered,,unknown,unknown,,,,Saturday,,whole-chalet,EUR,season-range,2819.25,7008.75,,accommodation only,no,,,"Entièrement rénové et équipé, très pratique et chaleureux l’appartement offre une grande capacité d’accueil avec de belles pièces à vivre pour votre plus grand confort.",https://accommodation.alpedhuez.com/accommodation/sous-les-toits-type-chalet-un-4-chambres-pour-10/,Alpe d'Huez official booking (accommodation.alpedhuez.com),village-france-alpe-d-huez,0,,2026-10-06,"20-27 Mar not offered on OT calendar (booked/closed); range = weeks still bookable 2026/27; 6 pièces (rooms, not bedrooms); OT merchant AM-125-002-14; source ELLOHA"
alpedhuez-ot-le-kaila-601,Le Kaila 601,,Alpe d'Huez,Alpe d'Huez Grand Domaine,France,,8,,,apartment,self-catered,,unknown,unknown,"Garage / Car Park, Ski locker",,,Saturday,,whole-chalet,EUR,season-range,5500,5500,,accommodation only,no,,,"5-room flat of 130 m2 that can accommodate 8 people. Located in the Vieil alpe district, this duplex at the thrist floor, flat with South/West + South/East exposure benefits from a terrace with garden furniture.",https://accommodation.alpedhuez.com/accommodation/le-kaila-601/,Alpe d'Huez official booking (accommodation.alpedhuez.com),village-france-alpe-d-huez,0,,2026-10-06,"20-27 Mar not offered on OT calendar (booked/closed); range = weeks still bookable 2026/27; 5 pièces (rooms, not bedrooms); OT merchant CR-125-KAILA; source MY-MEUBLE"
maeva-parenthese-2059713,Parenthese,MAEVA,Alpe d'Huez,Alpe d'Huez Grand Domaine,France,,8,,,apartment,self-catered,,unknown,unknown,,,,,,whole-chalet,EUR,,,,,accommodation only,unknown,,,,https://accommodation.alpedhuez.com/accommodation/residence-parenthese-appartement-neuf-ski-aux-pieds-1/,Alpe d'Huez official booking (accommodation.alpedhuez.com),village-france-alpe-d-huez,0,,2026-10-06,"pass2: exact-week price/availability - MAEVA unit: OT calendar API returns no weeks (priced via maeva.com); 5 pièces (rooms, not bedrooms); hot tub evidence: avail fetch failed; OT merchant AM-MAEVA-125-2059713; source DIRECT_MAEVA"
alpe-d-huez-houses-alpe-forever,Alpe Forever - Phoenix,Alpe d'Huez Houses,Alpe d'Huez,Alpe d'Huez Grand Domaine,France,,8,,,apartment,self-catered,,unknown,yes,"Garage / Car Park, Swimming Pool",,,Saturday,,whole-chalet,EUR,season-range,2520,6893.25,,accommodation only,no,,,"Alpe d'Huez Houses offers you a 3-bedroom apartment for 8 people in the 5* Phoenix3 residence, located in the Bergers district on the ski slope shared with Club Med and equipped with a wellness area with heated swimming pool. Our",https://accommodation.alpedhuez.com/accommodation/alpe-forever-pur-confort-skis-aux-pieds-avec-piscine-pour-8/,Alpe d'Huez official booking (accommodation.alpedhuez.com),village-france-alpe-d-huez,0,,2026-10-06,"20-27 Mar not offered on OT calendar (booked/closed); range = weeks still bookable 2026/27; 0 pièces (rooms, not bedrooms); OT merchant AM-125-002-55; source ELLOHA"
maeva-les-chalets-de-l-altiport-302,Les Chalets de l'Altiport,MAEVA,Alpe d'Huez,Alpe d'Huez Grand Domaine,France,,15,,,chalet,self-catered,,unknown,unknown,,,,,,whole-chalet,EUR,,,,,accommodation only,unknown,,,,https://accommodation.alpedhuez.com/accommodation/les-chalets-de-l-altiport-chalet-8-pieces-15-personnes/,Alpe d'Huez official booking (accommodation.alpedhuez.com),village-france-alpe-d-huez,0,,2026-10-06,"pass2: exact-week price/availability - MAEVA unit: OT calendar API returns no weeks (priced via maeva.com); 8 pièces (rooms, not bedrooms); hot tub evidence: avail fetch failed; OT merchant AM-MAEVA-125-302; source DIRECT_MAEVA"
maeva-chalet-les-coteaux-de-l-altiport,Chalet Les Coteaux De L'altiport,MAEVA,Alpe d'Huez,Alpe d'Huez Grand Domaine,France,,12,,,chalet,self-catered,,unknown,unknown,,,,,,whole-chalet,EUR,,,,,accommodation only,unknown,,,,https://accommodation.alpedhuez.com/accommodation/residence-les-coteaux-de-l-altiport-ii-chalet-haut-de-gamme-sur-les-pistes-de-ski/,Alpe d'Huez official booking (accommodation.alpedhuez.com),village-france-alpe-d-huez,0,,2026-10-06,"pass2: exact-week price/availability - MAEVA unit: OT calendar API returns no weeks (priced via maeva.com); 6 pièces (rooms, not bedrooms); hot tub evidence: avail fetch failed; OT merchant AM-MAEVA-125-1757601; source DIRECT_MAEVA"
maeva-la-belle-aurore-2283573,La Belle Aurore,MAEVA,Alpe d'Huez,Alpe d'Huez Grand Domaine,France,,10,,,apartment,self-catered,,unknown,unknown,,,,,,whole-chalet,EUR,,,,,accommodation only,unknown,,,,https://accommodation.alpedhuez.com/accommodation/residence-la-belle-aurore-residence-belle-aurore-espace-bien-etre-and-salle-de-sport-au-coeur-de-la-montagne/,Alpe d'Huez official booking (accommodation.alpedhuez.com),village-france-alpe-d-huez,0,,2026-10-06,"pass2: exact-week price/availability - MAEVA unit: OT calendar API returns no weeks (priced via maeva.com); 5 pièces (rooms, not bedrooms); hot tub evidence: avail fetch failed; OT merchant AM-MAEVA-125-2283573; source DIRECT_MAEVA"
maeva-horizon-1662121,Horizon,MAEVA,Alpe d'Huez,Alpe d'Huez Grand Domaine,France,,10,,,apartment,self-catered,,unknown,unknown,,,,,,whole-chalet,EUR,,,,,accommodation only,unknown,,,,https://accommodation.alpedhuez.com/accommodation/residence-horizon-l-horizon-apt-a4/,Alpe d'Huez official booking (accommodation.alpedhuez.com),village-france-alpe-d-huez,0,,2026-10-06,"pass2: exact-week price/availability - MAEVA unit: OT calendar API returns no weeks (priced via maeva.com); 4 pièces (rooms, not bedrooms); hot tub evidence: avail fetch failed; OT merchant AM-MAEVA-125-1662121; source DIRECT_MAEVA"
alpe-d-huez-houses-penthouse-1860,Penthouse 1860 - Bel Aurore,Alpe d'Huez Houses,Alpe d'Huez,Alpe d'Huez Grand Domaine,France,,12,,,apartment,self-catered,,yes-type-unknown,unknown,Garage / Car Park,,yes,,,whole-chalet,EUR,season-range,4463.02,12199.63,,accommodation only,no,,,"Alpe d'Huez Houses offers this fabulous penthouse on the top floor of the Belle Aurore residence, built in 2025. This luxury property comfortably accommodates 12 people in a modern mountain setting, under the residence's wooden roof. It is ideally located",https://accommodation.alpedhuez.com/accommodation/spils-house-fabuleux-penthouse-pied-du-signal-pour-12-pers-alpe-d-huez-houses/,Alpe d'Huez official booking (accommodation.alpedhuez.com),village-france-alpe-d-huez,0,,2026-10-06,"20-27 Mar not offered on OT calendar (booked/closed); range = weeks still bookable 2026/27; 15 pièces (rooms, not bedrooms); hot tub evidence: option SPA; OT option: foot of the slopes; OT merchant AM-125-002-72; source ELLOHA"
maeva-la-belle-aurore-2218413,La Belle Aurore,MAEVA,Alpe d'Huez,Alpe d'Huez Grand Domaine,France,,8,,,apartment,self-catered,,unknown,unknown,,,,,,whole-chalet,EUR,,,,,accommodation only,unknown,,,,https://accommodation.alpedhuez.com/accommodation/residence-la-belle-aurore-residence-la-belle-aurore-appartement-lbaa-307/,Alpe d'Huez official booking (accommodation.alpedhuez.com),village-france-alpe-d-huez,0,,2026-10-06,"pass2: exact-week price/availability - MAEVA unit: OT calendar API returns no weeks (priced via maeva.com); 4 pièces (rooms, not bedrooms); hot tub evidence: avail fetch failed; OT merchant AM-MAEVA-125-2218413; source DIRECT_MAEVA"
maeva-les-fermes-de-l-alpe-1199131,Les Fermes De L'alpe,MAEVA,Alpe d'Huez,Alpe d'Huez Grand Domaine,France,,8,,,apartment,self-catered,,unknown,unknown,,,,,,whole-chalet,EUR,,,,,accommodation only,unknown,,,,https://accommodation.alpedhuez.com/accommodation/residence-les-fermes-de-l-alpe-bat-c-appartement-en-duplex-proche-des-pistes/,Alpe d'Huez official booking (accommodation.alpedhuez.com),village-france-alpe-d-huez,0,,2026-10-06,"pass2: exact-week price/availability - MAEVA unit: OT calendar API returns no weeks (priced via maeva.com); 4 pièces (rooms, not bedrooms); hot tub evidence: avail fetch failed; OT merchant AM-MAEVA-125-1199131; source DIRECT_MAEVA"
maeva-chalet-pic-bayle,Chalet Pic Bayle,MAEVA,Alpe d'Huez,Alpe d'Huez Grand Domaine,France,,10,,,chalet,self-catered,,unknown,unknown,,,,,,whole-chalet,EUR,,,,,accommodation only,unknown,,,,https://accommodation.alpedhuez.com/accommodation/chalet-pic-bayle-chalet-pic-bayle/,Alpe d'Huez official booking (accommodation.alpedhuez.com),village-france-alpe-d-huez,0,,2026-10-06,"pass2: exact-week price/availability - MAEVA unit: OT calendar API returns no weeks (priced via maeva.com); 5 pièces (rooms, not bedrooms); hot tub evidence: avail fetch failed; OT merchant AM-MAEVA-125-1662701; source DIRECT_MAEVA"
alpissimmo-phoenix-a43,PHOENIX A43,ALPISSIMMO,Alpe d'Huez,Alpe d'Huez Grand Domaine,France,,8,,,apartment,self-catered,,unknown,yes,"Garage / Car Park, Steam room, Swimming Pool, Ski locker",,yes,,,whole-chalet,EUR,,,,,accommodation only,unknown,,,Very bright and spacious apartment.,https://accommodation.alpedhuez.com/accommodation/phoenix-a-lodge-4-pieces-92-0-m-ap-ah-phoa-43/,Alpe d'Huez official booking (accommodation.alpedhuez.com),village-france-alpe-d-huez,0,,2026-10-06,"pass2: exact-week price/availability - OT calendar API returned no bookable weeks; 0 pièces (rooms, not bedrooms); hot tub evidence: avail fetch failed; OT option: foot of the slopes; OT merchant PHOENIXA_351_3_2; source ARKIANE"
maeva-les-chalets-de-l-altiport-301,Les Chalets de l'Altiport,MAEVA,Alpe d'Huez,Alpe d'Huez Grand Domaine,France,,12,,,chalet,self-catered,,unknown,unknown,,,,,,whole-chalet,EUR,,,,,accommodation only,unknown,,,,https://accommodation.alpedhuez.com/accommodation/les-chalets-de-l-altiport-chalet-6-pieces-12-personnes/,Alpe d'Huez official booking (accommodation.alpedhuez.com),village-france-alpe-d-huez,0,,2026-10-06,"pass2: exact-week price/availability - MAEVA unit: OT calendar API returns no weeks (priced via maeva.com); 6 pièces (rooms, not bedrooms); hot tub evidence: avail fetch failed; OT merchant AM-MAEVA-125-301; source DIRECT_MAEVA"
sno-chalet-delta-36,Delta 36,MAEVA,Alpe d'Huez,Alpe d'Huez Grand Domaine,France,,8,,,chalet,self-catered,,unknown,unknown,,,,,,whole-chalet,EUR,,,,,accommodation only,unknown,,,,https://accommodation.alpedhuez.com/accommodation/residence-delta-36-chalet-intimiste-avec-vue-imprenable/,Alpe d'Huez official booking (accommodation.alpedhuez.com),village-france-alpe-d-huez,5,chalets/images/sno-chalet-delta-36/,2026-10-06,"pass2: exact-week price/availability - MAEVA unit: OT calendar API returns no weeks (priced via maeva.com); 5 pièces (rooms, not bedrooms); hot tub evidence: avail fetch failed; OT merchant AM-MAEVA-125-832214; source DIRECT_MAEVA; reused id (same chalet, also sold via Sno/other reseller on OT)"
maeva-terresens-la-perle-d-alba,Terresens La Perle d'Alba,MAEVA,Alpe d'Huez,Alpe d'Huez Grand Domaine,France,,8,,,apartment,self-catered,,unknown,unknown,,,,,,whole-chalet,EUR,,,,,accommodation only,unknown,,,,https://accommodation.alpedhuez.com/accommodation/residence-terresens-la-perle-d-alba-4-pieces-duplex-8-personnes/,Alpe d'Huez official booking (accommodation.alpedhuez.com),village-france-alpe-d-huez,0,,2026-10-06,"pass2: exact-week price/availability - MAEVA unit: OT calendar API returns no weeks (priced via maeva.com); 4 pièces (rooms, not bedrooms); hot tub evidence: avail fetch failed; OT merchant AM-MAEVA-125-2458963; source DIRECT_MAEVA"
maeva-parenthese-1734551,Parenthese,MAEVA,Alpe d'Huez,Alpe d'Huez Grand Domaine,France,,8,,,apartment,self-catered,,unknown,unknown,,,,,,whole-chalet,EUR,,,,,accommodation only,unknown,,,,https://accommodation.alpedhuez.com/accommodation/residence-parenthese-appartement-neuf-ski-aux-pieds/,Alpe d'Huez official booking (accommodation.alpedhuez.com),village-france-alpe-d-huez,0,,2026-10-06,"pass2: exact-week price/availability - MAEVA unit: OT calendar API returns no weeks (priced via maeva.com); 4 pièces (rooms, not bedrooms); hot tub evidence: avail fetch failed; OT merchant AM-MAEVA-125-1734551; source DIRECT_MAEVA"
sno-chalet-chalet-1860,CHALET 1860,Cimalpes,Alpe d'Huez,Alpe d'Huez Grand Domaine,France,,12,,,chalet,self-catered,,unknown,unknown,"Ski locker, Fireplace / Wood stove",,yes,Saturday,,whole-chalet,EUR,season-range,6000,13000,,accommodation only,no,,,Superb 178m2 chalet at the foot of the slopes,https://accommodation.alpedhuez.com/accommodation/chalet-1860-aux-pieds-des-pistes/,Alpe d'Huez official booking (accommodation.alpedhuez.com);SeeAlpedHuez,village-france-alpe-d-huez,5,chalets/images/sno-chalet-chalet-1860/,2026-10-06,"20-27 Mar not offered on OT calendar (booked/closed); range = weeks still bookable 2026/27; 9 pièces (rooms, not bedrooms); OT option: foot of the slopes; OT merchant AM-ARKIANE-125-0003; source DIRECT_ARKIANE; reused id (same chalet, also sold via Sno/other reseller on OT)"
cimalpes-la-belle-aurore-a307,LA BELLE AURORE A307,Cimalpes,Alpe d'Huez,Alpe d'Huez Grand Domaine,France,,8,,,apartment,self-catered,,unknown,yes,"Garage / Car Park, Ski locker",,yes,Saturday,,whole-chalet,EUR,season-range,4000,8200,,accommodation only,no,,,"New luxury residence, at the foot of the slopes and resort centre",https://accommodation.alpedhuez.com/accommodation/residence-la-belle-aurore-appartement-lbaa-307/,Alpe d'Huez official booking (accommodation.alpedhuez.com),village-france-alpe-d-huez,0,,2026-10-06,"20-27 Mar not offered on OT calendar (booked/closed); range = weeks still bookable 2026/27; 4 pièces (rooms, not bedrooms); OT option: foot of the slopes; OT merchant AM-ARKIANE-125-0045; source DIRECT_ARKIANE"
sno-chalet-loup,Chalet Loup,MAEVA,Alpe d'Huez,Alpe d'Huez Grand Domaine,France,,14,,,chalet,self-catered,,unknown,yes,,,,,,whole-chalet,EUR,,,,,accommodation only,unknown,,,"ALPE D'HUEZ- Cognet The chalet Loup enjoys an ideal location near the centre of the resort, and a ski access in ski out to the ski track. Its wide spaces as well as its privileged view of the open peaks",https://accommodation.alpedhuez.com/accommodation/chalet-loup-chalet-loup/,Alpe d'Huez official booking (accommodation.alpedhuez.com),village-france-alpe-d-huez,5,chalets/images/sno-chalet-loup/,2026-10-06,"pass2: exact-week price/availability - MAEVA unit: OT calendar API returns no weeks (priced via maeva.com); 9 pièces (rooms, not bedrooms); hot tub evidence: avail fetch failed; OT merchant AM-MAEVA-125-1116584; source DIRECT_MAEVA; reused id (same chalet, also sold via Sno/other reseller on OT)"
maeva-phoenix-a-1261351,Phoenix A,MAEVA,Alpe d'Huez,Alpe d'Huez Grand Domaine,France,,8,,,apartment,self-catered,,unknown,unknown,,,,,,whole-chalet,EUR,,,,,accommodation only,unknown,,,,https://accommodation.alpedhuez.com/accommodation/residence-phoenix-a-bel-appartement/,Alpe d'Huez official booking (accommodation.alpedhuez.com),village-france-alpe-d-huez,0,,2026-10-06,"pass2: exact-week price/availability - MAEVA unit: OT calendar API returns no weeks (priced via maeva.com); 4 pièces (rooms, not bedrooms); hot tub evidence: avail fetch failed; OT merchant AM-MAEVA-125-1261351; source DIRECT_MAEVA"
alpedhuez-ot-phoenix-c33-34,PHOENIX C33-34,,Alpe d'Huez,Alpe d'Huez Grand Domaine,France,,10,,,apartment,self-catered,,unknown,yes,"Garage / Car Park, Steam room, Swimming Pool, Ski locker",,yes,,,whole-chalet,EUR,,,,,accommodation only,unknown,,,"Large apartment with ski-in/ski-out access in a new residence with keypad, swimming pool and sports hall.",https://accommodation.alpedhuez.com/accommodation/phoenix-c-lodge-4-pieces-93-0-m-ap-ah-phoc-33-34/,Alpe d'Huez official booking (accommodation.alpedhuez.com),village-france-alpe-d-huez,0,,2026-10-06,"pass2: exact-week price/availability - OT calendar API returned no bookable weeks; 0 pièces (rooms, not bedrooms); hot tub evidence: avail fetch failed; OT option: foot of the slopes; OT merchant PHOENIXC_351_3_5; source ARKIANE"
maeva-residence-dome,Résidence Dome,MAEVA,Alpe d'Huez,Alpe d'Huez Grand Domaine,France,,8,,,apartment,self-catered,,unknown,unknown,,,,,,whole-chalet,EUR,,,,,accommodation only,unknown,,,Appartement de 67m² dans résidence LE DÔME au pied des pistes et proche tous commerces/Belles prestations Au deuxième étage avec balcon exposé sud REF PLAN STATION G/3 Description : Séjour : 1 canapé lit 160x 190/ TV Chambre 1 :,https://accommodation.alpedhuez.com/accommodation/residence-dome-residence-le-dome-apt-203-3-pieces-8-pers-situe-proche-toutes-commodites-et-remontees-mecaniques/,Alpe d'Huez official booking (accommodation.alpedhuez.com),village-france-alpe-d-huez,0,,2026-10-06,"pass2: exact-week price/availability - MAEVA unit: OT calendar API returns no weeks (priced via maeva.com); 3 pièces (rooms, not bedrooms); hot tub evidence: avail fetch failed; OT merchant AM-MAEVA-125-2592633; source DIRECT_MAEVA"
alpedhuez-ot-marmottes-residence-geode,Marmottes (résidence Géode),,Alpe d'Huez,Alpe d'Huez Grand Domaine,France,,10,4,,apartment,self-catered,,unknown,unknown,"Garage / Car Park, Ski locker",,,,,whole-chalet,EUR,,,,,accommodation only,unknown,,,"The Les Marmottes apartment is ideally located 100 meters from the slopes and close to the ski lifts and the ESF (French Ski School) in the Cognet district.<div>The apartment is decorated in a contemporary mountain style. It is spacious, with",https://accommodation.alpedhuez.com/accommodation/marmottes-chalet-geode/,Alpe d'Huez official booking (accommodation.alpedhuez.com),village-france-alpe-d-huez,0,,2026-10-06,"pass2: exact-week price/availability - OT calendar API returned no bookable weeks; 5 pièces (rooms, not bedrooms); OT merchant CR-125-MARMOTTES; source MY-MEUBLE"
alpimo-majestic-i,MAJESTIC I,Alpimo,Alpe d'Huez,Alpe d'Huez Grand Domaine,France,,9,,,apartment,self-catered,,unknown,unknown,,,,Saturday,,whole-chalet,EUR,season-range,1092,1263,,accommodation only,no,,,4 rooms/9 people of 74 m2 - L'Alpe d'Huez,https://accommodation.alpedhuez.com/accommodation/appartement-4-pieces-pour-9-personnes-de-74m/,Alpe d'Huez official booking (accommodation.alpedhuez.com),village-france-alpe-d-huez,0,,2026-10-06,"20-27 Mar not offered on OT calendar (booked/closed); range = weeks still bookable 2026/27; 4 pièces (rooms, not bedrooms); OT merchant AM-125-004-080; source ELLOHA"
alpimo-marmottes,MARMOTTES,Alpimo,Alpe d'Huez,Alpe d'Huez Grand Domaine,France,,10,,,apartment,self-catered,,unknown,unknown,,,,,,whole-chalet,EUR,,,,,accommodation only,unknown,,,5-room apartment for 10 people of around 100m² - L'Alpe d'Huez,https://accommodation.alpedhuez.com/accommodation/appartement-5-pieces-pour-10-personnes-d-environ-100m/,Alpe d'Huez official booking (accommodation.alpedhuez.com),village-france-alpe-d-huez,0,,2026-10-06,"pass2: exact-week price/availability - OT calendar API returned no bookable weeks; 0 pièces (rooms, not bedrooms); OT merchant AM-125-004-081; source ELLOHA"
maeva-alpe-2000,Alpe 2000,MAEVA,Alpe d'Huez,Alpe d'Huez Grand Domaine,France,,9,,,apartment,self-catered,,unknown,unknown,,,,,,whole-chalet,EUR,,,,,accommodation only,unknown,,,,https://accommodation.alpedhuez.com/accommodation/residence-alpe-2000-alpe-2000-apt-214/,Alpe d'Huez official booking (accommodation.alpedhuez.com),village-france-alpe-d-huez,0,,2026-10-06,"pass2: exact-week price/availability - MAEVA unit: OT calendar API returns no weeks (priced via maeva.com); 4 pièces (rooms, not bedrooms); hot tub evidence: avail fetch failed; OT merchant AM-MAEVA-125-1662341; source DIRECT_MAEVA"
alpe-d-huez-houses-alpema-1-am-125-002-42,Alpema 1 - Chalet Alpema,Alpe d'Huez Houses,Alpe d'Huez,Alpe d'Huez Grand Domaine,France,,8,6,,apartment,self-catered,,unknown,unknown,,,,Saturday,,whole-chalet,EUR,season-range,2383.5,6499.5,,accommodation only,no,,,Appartement rénové de 6 chambres pour 8 personnes de 135m2. <div><br></div>,https://accommodation.alpedhuez.com/accommodation/appartement-4-chambres-côte-rousse-chalet-alpema/,Alpe d'Huez official booking (accommodation.alpedhuez.com),village-france-alpe-d-huez,0,,2026-10-06,"20-27 Mar not offered on OT calendar (booked/closed); range = weeks still bookable 2026/27; 5 pièces (rooms, not bedrooms); OT merchant AM-125-002-42; source ELLOHA"
alpedhuez-ot-chalet-alpe-one,CHALET Alpe One,,Alpe d'Huez,Alpe d'Huez Grand Domaine,France,,8,3,,chalet,self-catered,,unknown,unknown,Ski locker,,,Saturday,,whole-chalet,EUR,season-range,2500,7900,,accommodation only,no,,,"<p style=""margin-right: 0cm; margin-left: 0cm; white-space: normal; background-image: initial; background-position: initial; background-size: initial; background-repeat: initial; background-attachment: initial; background-origin: initial; background-clip: initial; vertical-align: baseline;""><font color=""#002060"" face=""Sulphur Point""><span style=""font-size: 18.6667px;"">Chalet Alpe One 4★ – In the heart of Alpe d’Huez, ski access",https://accommodation.alpedhuez.com/accommodation/chalet-huez-4-pieces-90m-8-personnes-ouest/,Alpe d'Huez official booking (accommodation.alpedhuez.com);SeeAlpedHuez,village-france-alpe-d-huez,0,,2026-10-06,"20-27 Mar not offered on OT calendar (booked/closed); range = weeks still bookable 2026/27; 4 pièces (rooms, not bedrooms); OT merchant CR-125-CH90; source MY-MEUBLE"
cimalpes-parenthese-a33,PARENTHESE A33,Cimalpes,Alpe d'Huez,Alpe d'Huez Grand Domaine,France,,8,,,apartment,self-catered,,unknown,unknown,"Garage / Car Park, Ski locker",,,Saturday,,whole-chalet,EUR,season-range,2700,6500,,accommodation only,no,,,New ski in ski out flat,https://accommodation.alpedhuez.com/accommodation/non-classe-5-pieces-1/,Alpe d'Huez official booking (accommodation.alpedhuez.com),village-france-alpe-d-huez,0,,2026-10-06,"20-27 Mar not offered on OT calendar (booked/closed); range = weeks still bookable 2026/27; 5 pièces (rooms, not bedrooms); OT merchant AM-ARKIANE-125-0046; source DIRECT_ARKIANE"
maeva-res-de-l-oisans,Res.de L Oisans,MAEVA,Alpe d'Huez,Alpe d'Huez Grand Domaine,France,,8,,,apartment,self-catered,,unknown,unknown,,,,,,whole-chalet,EUR,,,,,accommodation only,unknown,,,,https://accommodation.alpedhuez.com/accommodation/residence-res-de-l-oisans-residence-de-l-oisans-apt-a5/,Alpe d'Huez official booking (accommodation.alpedhuez.com),village-france-alpe-d-huez,0,,2026-10-06,"pass2: exact-week price/availability - MAEVA unit: OT calendar API returns no weeks (priced via maeva.com); 5 pièces (rooms, not bedrooms); hot tub evidence: avail fetch failed; OT merchant AM-MAEVA-125-1663641; source DIRECT_MAEVA"
cimalpes-chalet-hameau-de-clotaire-b22,CHALET HAMEAU DE CLOTAIRE B22,Cimalpes,Alpe d'Huez,Alpe d'Huez Grand Domaine,France,,8,,,chalet,self-catered,,unknown,yes,"Garage / Car Park, Swimming Pool, Ski locker",,yes,Saturday,,whole-chalet,EUR,season-range,3400,5000,,accommodation only,no,,,Ski in/ski out apartment with pool,https://accommodation.alpedhuez.com/accommodation/non-classe-4-pieces-1/,Alpe d'Huez official booking (accommodation.alpedhuez.com),village-france-alpe-d-huez,0,,2026-10-06,"20-27 Mar not offered on OT calendar (booked/closed); range = weeks still bookable 2026/27; 4 pièces (rooms, not bedrooms); OT option: foot of the slopes; OT merchant AM-ARKIANE-125-0009; source DIRECT_ARKIANE"
cimalpes-fermes-de-l-alpe-c401,FERMES DE L'ALPE C401,Cimalpes,Alpe d'Huez,Alpe d'Huez Grand Domaine,France,,10,,,apartment,self-catered,,unknown,unknown,"Garage / Car Park, Ski locker",,,Saturday,,whole-chalet,EUR,season-range,3300,5300,,accommodation only,no,,,"Appartement en duplex, neuf, proche des pistes",https://accommodation.alpedhuez.com/accommodation/appartement-5-pieces-8-a-2-e/,Alpe d'Huez official booking (accommodation.alpedhuez.com),village-france-alpe-d-huez,0,,2026-10-06,"20-27 Mar not offered on OT calendar (booked/closed); range = weeks still bookable 2026/27; 5 pièces (rooms, not bedrooms); OT merchant AM-ARKIANE-125-0042; source DIRECT_ARKIANE"
cimalpes-fermes-de-l-alpe-d303,FERMES DE L'ALPE D303,Cimalpes,Alpe d'Huez,Alpe d'Huez Grand Domaine,France,,8,,,apartment,self-catered,,unknown,unknown,"Garage / Car Park, Ski locker",,,Saturday,,whole-chalet,EUR,season-range,2300,4800,,accommodation only,no,,,"Spacious new duplex apartment, close to the slopes",https://accommodation.alpedhuez.com/accommodation/appartement-en-duplex-proche-des-pistes/,Alpe d'Huez official booking (accommodation.alpedhuez.com),village-france-alpe-d-huez,0,,2026-10-06,"20-27 Mar not offered on OT calendar (booked/closed); range = weeks still bookable 2026/27; 4 pièces (rooms, not bedrooms); OT merchant AM-ARKIANE-125-0044; source DIRECT_ARKIANE"
alpissimmo-phoenix-a42,PHOENIX A42,ALPISSIMMO,Alpe d'Huez,Alpe d'Huez Grand Domaine,France,,8,,,apartment,self-catered,,unknown,yes,"Garage / Car Park, Steam room, Swimming Pool, Ski locker",,yes,,,whole-chalet,EUR,,,,,accommodation only,unknown,,,<div>Magnificent 98m apartment with a sunny living room opening onto a 13m² balcony.<br></div>,https://accommodation.alpedhuez.com/accommodation/phoenix-a-lodge-4-pieces-98-0-m-ap-ah-phoa-42/,Alpe d'Huez official booking (accommodation.alpedhuez.com),village-france-alpe-d-huez,0,,2026-10-06,"pass2: exact-week price/availability - OT calendar API returned no bookable weeks; 0 pièces (rooms, not bedrooms); hot tub evidence: avail fetch failed; OT option: foot of the slopes; OT merchant PHOENIXA_351_3_7; source ARKIANE"
maeva-phoenix-c-1261381,Phoenix C,MAEVA,Alpe d'Huez,Alpe d'Huez Grand Domaine,France,,10,,,apartment,self-catered,,unknown,unknown,,,,,,whole-chalet,EUR,,,,,accommodation only,unknown,,,,https://accommodation.alpedhuez.com/accommodation/residence-phoenix-c-grand-appartement/,Alpe d'Huez official booking (accommodation.alpedhuez.com),village-france-alpe-d-huez,0,,2026-10-06,"pass2: exact-week price/availability - MAEVA unit: OT calendar API returns no weeks (priced via maeva.com); 5 pièces (rooms, not bedrooms); hot tub evidence: avail fetch failed; OT merchant AM-MAEVA-125-1261381; source DIRECT_MAEVA"
cimalpes-fermes-de-l-alpe-d206,FERMES DE L'ALPE D206,Cimalpes,Alpe d'Huez,Alpe d'Huez Grand Domaine,France,,8,,,apartment,self-catered,,unknown,unknown,"Garage / Car Park, Ski locker",,,Saturday,,whole-chalet,EUR,season-range,1950,4800,,accommodation only,no,,,Beautiful new apartment close to the slopes,https://accommodation.alpedhuez.com/accommodation/non-classe-4-pieces/,Alpe d'Huez official booking (accommodation.alpedhuez.com),village-france-alpe-d-huez,0,,2026-10-06,"20-27 Mar not offered on OT calendar (booked/closed); range = weeks still bookable 2026/27; 4 pièces (rooms, not bedrooms); OT merchant AM-ARKIANE-125-0007; source DIRECT_ARKIANE"
cimalpes-l-echappee-a502,L'ECHAPPEE A502,Cimalpes,Alpe d'Huez,Alpe d'Huez Grand Domaine,France,,8,3,,apartment,self-catered,,unknown,unknown,"Garage / Car Park, Ski locker",,,Saturday,,whole-chalet,EUR,season-range,2600,4600,,accommodation only,no,,,Spacious flat with exceptional views in a new residence,https://accommodation.alpedhuez.com/accommodation/residence-l-echappee-appartement-a502/,Alpe d'Huez official booking (accommodation.alpedhuez.com),village-france-alpe-d-huez,0,,2026-10-06,"20-27 Mar not offered on OT calendar (booked/closed); range = weeks still bookable 2026/27; 5 pièces (rooms, not bedrooms); OT merchant AM-ARKIANE-125-0049; source DIRECT_ARKIANE"
alpe-d-huez-houses-chalet-gustave-et-marguerite,Chalet Gustave et Marguerite,Alpe d'Huez Houses,Huez (village),Alpe d'Huez Grand Domaine,France,,10,4,,chalet,self-catered,,private-outdoor,unknown,Garage / Car Park,,,Saturday,,whole-chalet,EUR,season-range,2294.25,3995.25,,accommodation only,no,,,Chalet familial de 4 chambres situés à Huez au Virage 5. <div><br></div>,https://accommodation.alpedhuez.com/accommodation/beau-chalet-4-chambres-50m-piste-huez-express/,Alpe d'Huez official booking (accommodation.alpedhuez.com),village-france-alpe-d-huez,0,,2026-10-06,"20-27 Mar not offered on OT calendar (booked/closed); range = weeks still bookable 2026/27; 7 pièces (rooms, not bedrooms); hot tub evidence: desc: jacuzzi; OT merchant AM-125-002-29; source ELLOHA"
maeva-val-d-ys,Val D'ys,MAEVA,Alpe d'Huez,Alpe d'Huez Grand Domaine,France,,8,,,apartment,self-catered,,unknown,unknown,,,,,,whole-chalet,EUR,,,,,accommodation only,unknown,,,,https://accommodation.alpedhuez.com/accommodation/residence-val-d-ys-val-d-ys-apt-03/,Alpe d'Huez official booking (accommodation.alpedhuez.com),village-france-alpe-d-huez,0,,2026-10-06,"pass2: exact-week price/availability - MAEVA unit: OT calendar API returns no weeks (priced via maeva.com); 3 pièces (rooms, not bedrooms); hot tub evidence: avail fetch failed; OT merchant AM-MAEVA-125-1663211; source DIRECT_MAEVA"
alpe-d-huez-houses-aramis,Aramis,Alpe d'Huez Houses,Alpe d'Huez,Alpe d'Huez Grand Domaine,France,,8,4,,apartment,self-catered,,unknown,unknown,,,,,,whole-chalet,EUR,season-range,4578,4578,,accommodation only,no,,,"Cet appartement très bien agencé et équipé offre 4 chambres (2 doubles, 2 superposés) ainsi qu'un couchage double bas de plafond en mezzanine.",https://accommodation.alpedhuez.com/accommodation/beau-4-chambres-1-mezzanine-pour-8-personnes/,Alpe d'Huez official booking (accommodation.alpedhuez.com),village-france-alpe-d-huez,0,,2026-10-06,"20-27 Mar not offered on OT calendar (booked/closed); range = weeks still bookable 2026/27; 7 pièces (rooms, not bedrooms); OT merchant AM-125-002-36; source ELLOHA"
maeva-chalet-marmotte,Chalet Marmotte,MAEVA,Alpe d'Huez,Alpe d'Huez Grand Domaine,France,,12,,,chalet,self-catered,,unknown,unknown,,,,,,whole-chalet,EUR,,,,,accommodation only,unknown,,,,https://accommodation.alpedhuez.com/accommodation/chalet-marmotte-chalet-7-pieces-12-personnes/,Alpe d'Huez official booking (accommodation.alpedhuez.com),village-france-alpe-d-huez,0,,2026-10-06,"pass2: exact-week price/availability - MAEVA unit: OT calendar API returns no weeks (priced via maeva.com); 7 pièces (rooms, not bedrooms); hot tub evidence: avail fetch failed; OT merchant AM-MAEVA-125-273404; source DIRECT_MAEVA"
alpissimmo-phoenix-a23,PHOENIX A23,ALPISSIMMO,Alpe d'Huez,Alpe d'Huez Grand Domaine,France,,8,2,,apartment,self-catered,,unknown,yes,"Garage / Car Park, Steam room, Swimming Pool, Ski locker",,yes,,,whole-chalet,EUR,,,,,accommodation only,unknown,,,"<div>Beautiful apartment, with a large living room that will seduce you with its space and brightness.<br></div>",https://accommodation.alpedhuez.com/accommodation/phoenix-a-lodge-4-pieces-95-0-m-ap-ah-phoa-23/,Alpe d'Huez official booking (accommodation.alpedhuez.com),village-france-alpe-d-huez,0,,2026-10-06,"pass2: exact-week price/availability - OT calendar API returned no bookable weeks; 0 pièces (rooms, not bedrooms); hot tub evidence: avail fetch failed; OT option: foot of the slopes; OT merchant PHOENIXA_351_3_4; source ARKIANE"
alpedhuez-ot-chalet-des-grangettes,Chalet des Grangettes,,Huez (village),Alpe d'Huez Grand Domaine,France,,8,,,chalet,self-catered,,unknown,yes,"Garage / Car Park, Ski locker",,,Saturday,3970,whole-chalet,EUR,exact-week,1540,3970,,accommodation only,yes,,,"In the heart of the village of Huez and 200 m from the new Huez Express lift which serves the Bergers ski departure, the Chalet des Grangettes, an authentic wood and stone village house, welcomes you in a warm space",https://accommodation.alpedhuez.com/accommodation/chalet-des-grangettes-94m/,Alpe d'Huez official booking (accommodation.alpedhuez.com),village-france-alpe-d-huez,0,,2026-10-06,"5 pièces (rooms, not bedrooms); OT merchant CR-125-GRANGETTES; source MY-MEUBLE"
alpissimmo-phoenix-b41,PHOENIX B41,ALPISSIMMO,Alpe d'Huez,Alpe d'Huez Grand Domaine,France,,10,5,,apartment,self-catered,,unknown,yes,"Garage / Car Park, Steam room, Swimming Pool, Ski locker",,yes,,,whole-chalet,EUR,,,,,accommodation only,unknown,,,<div>Magnificent 115m² top-floor apartment with exposed beams. </div><div><br></div>,https://accommodation.alpedhuez.com/accommodation/phoenix-b-lodge-6-pieces-115-0-m-ap-ah-phob-41/,Alpe d'Huez official booking (accommodation.alpedhuez.com),village-france-alpe-d-huez,0,,2026-10-06,"pass2: exact-week price/availability - OT calendar API returned no bookable weeks; 0 pièces (rooms, not bedrooms); hot tub evidence: avail fetch failed; OT option: foot of the slopes; OT merchant PHOENIXB_351_3_8; source ARKIANE"
alpedhuez-ot-chamois-residence-geode,Chamois (résidence Géode),,Alpe d'Huez,Alpe d'Huez Grand Domaine,France,,10,,,apartment,self-catered,,unknown,unknown,"Garage / Car Park, Ski locker",,,,,whole-chalet,EUR,,,,,accommodation only,unknown,,,"5-room flat of 120 m2 that can accommodate 10 people. Located in the Cognet district, on the second floor, facing south, this flat benefits from a terrace.",https://accommodation.alpedhuez.com/accommodation/chamois-chalet-geode/,Alpe d'Huez official booking (accommodation.alpedhuez.com),village-france-alpe-d-huez,0,,2026-10-06,"pass2: exact-week price/availability - OT calendar API returned no bookable weeks; 5 pièces (rooms, not bedrooms); OT merchant CR-125-CHAMOIS; source MY-MEUBLE"
sno-chalet-torino,CHALET TORINO,Cimalpes,Alpe d'Huez,Alpe d'Huez Grand Domaine,France,,12,,,chalet,self-catered,,yes-type-unknown,yes,"Garage / Car Park, Ski locker, Fireplace / Wood stove",,yes,Saturday,,whole-chalet,EUR,season-range,7500,10000,,accommodation only,no,,,"Top-of-the-range chalet, ski-in ski-out, exceptional view",https://accommodation.alpedhuez.com/accommodation/chalet-haut-de-gamme-sur-les-pistes-de-ski/,Alpe d'Huez official booking (accommodation.alpedhuez.com);SeeAlpedHuez,village-france-alpe-d-huez,5,chalets/images/sno-chalet-torino/,2026-10-06,"20-27 Mar not offered on OT calendar (booked/closed); range = weeks still bookable 2026/27; 6 pièces (rooms, not bedrooms); hot tub evidence: option SPA; OT option: foot of the slopes; OT merchant AM-ARKIANE-125-0041; source DIRECT_ARKIANE; reused id (same chalet, also sold via Sno/other reseller on OT)"
alpedhuez-ot-le-bel-alpe,Le Bel Alpe,,Alpe d'Huez,Alpe d'Huez Grand Domaine,France,,4,,,chalet,self-catered,,unknown,unknown,"Garage / Car Park, Ski locker",,,,,whole-chalet,EUR,,,,,accommodation only,unknown,,,"Charming 2-room apartment, 30 m2, fully renovated, terrace with uninterrupted views, double garage directly accessible from the flat and ski locker.",https://accommodation.alpedhuez.com/accommodation/chamax-9/,Alpe d'Huez official booking (accommodation.alpedhuez.com),village-france-alpe-d-huez,0,,2026-10-06,"pass2: exact-week price/availability - OT calendar API returned no bookable weeks; 2 pièces (rooms, not bedrooms); OT merchant MP-125-026; source MY-MEUBLE"
alpedhuez-ot-chalet-blue-moon-8-pieces-10-personnes-300m2,CHALET BLUE MOON – 8 Pièces – 10 personnes – 300m²,,Alpe d'Huez,Alpe d'Huez Grand Domaine,France,,10,,,chalet,self-catered,,yes-type-unknown,yes,"Garage / Car Park, Ski locker",,,,,whole-chalet,EUR,,,,,accommodation only,unknown,,,"Individual 8-room chalet of 300m2 with a capacity of 10 people. Located in the les Eclose district, this chalet benefits from a terrace.",https://accommodation.alpedhuez.com/accommodation/chalet-blue-moon-8-pieces-10-personnes-300m-est/,Alpe d'Huez official booking (accommodation.alpedhuez.com);SeeAlpedHuez,village-france-alpe-d-huez,0,,2026-10-06,"pass2: exact-week price/availability - OT calendar API returned no bookable weeks; 8 pièces (rooms, not bedrooms); hot tub evidence: option SPA; OT merchant CR-125-CHALETBLUEMOON; source MY-MEUBLE"
cimalpes-parenthese-a02,PARENTHESE A02,Cimalpes,Alpe d'Huez,Alpe d'Huez Grand Domaine,France,,8,,,apartment,self-catered,,unknown,unknown,"Garage / Car Park, Ski locker",,yes,,,whole-chalet,EUR,season-range,2500,4200,,accommodation only,no,,,Apartment close to the slopes,https://accommodation.alpedhuez.com/accommodation/non-classe-3-pieces/,Alpe d'Huez official booking (accommodation.alpedhuez.com),village-france-alpe-d-huez,0,,2026-10-06,"20-27 Mar not offered on OT calendar (booked/closed); range = weeks still bookable 2026/27; 3 pièces (rooms, not bedrooms); OT option: foot of the slopes; OT merchant AM-ARKIANE-125-0039; source DIRECT_ARKIANE"
cimalpes-la-belle-aurore-a401,LA BELLE AURORE A401,Cimalpes,Alpe d'Huez,Alpe d'Huez Grand Domaine,France,,10,4,,apartment,self-catered,,unknown,yes,"Garage / Car Park, Ski locker",,,,,whole-chalet,EUR,season-range,5000,12000,,accommodation only,no,,,"New luxury residence, at the foot of the slopes and resort centre",https://accommodation.alpedhuez.com/accommodation/non-classe-5-pieces-2/,Alpe d'Huez official booking (accommodation.alpedhuez.com),village-france-alpe-d-huez,0,,2026-10-06,"20-27 Mar not offered on OT calendar (booked/closed); range = weeks still bookable 2026/27; 5 pièces (rooms, not bedrooms); OT merchant AM-ARKIANE-125-0109; source DIRECT_ARKIANE"
alpedhuez-ot-residence-daria-i-nor-by-les-etincelles,Résidence Daria-I Nor by Les Etincelles,,Alpe d'Huez,Alpe d'Huez Grand Domaine,France,,8,,,apartment,self-catered,,shared,yes,"Garage / Car Park, Steam room, Swimming Pool, Ski locker",,yes,,,whole-chalet,EUR,,,,,accommodation only,unknown,,,"Located at 1860 m, in the heart of l’Alpe d’Huez, known for its exceptional sunshine, the 5* Daria-I Nor residences, part of Les Etincelles collection, offer wonderful accommodation with premium services in any of the 48 apartments suited for 2",https://accommodation.alpedhuez.com/accommodation/residence-daria-i-nor/,Alpe d'Huez official booking (accommodation.alpedhuez.com),village-france-alpe-d-huez,0,,2026-10-06,"pass2: exact-week price/availability - OT calendar API returned no bookable weeks; 0 pièces (rooms, not bedrooms); hot tub evidence: option SPA; avail fetch failed; OT option: foot of the slopes; OT merchant RES-5048360; source KOEDIA"
cimalpes-duplex-chalet-du-golf-a301,DUPLEX Chalet du Golf A301,Cimalpes,Alpe d'Huez,Alpe d'Huez Grand Domaine,France,,8,,,apartment,self-catered,,unknown,unknown,"Garage / Car Park, Ski locker",,yes,,,whole-chalet,EUR,,,,,accommodation only,unknown,,,127 sq.m duplex apartment at the foot of the slopes,https://accommodation.alpedhuez.com/accommodation/duplex-de-127m-8-a/,Alpe d'Huez official booking (accommodation.alpedhuez.com),village-france-alpe-d-huez,0,,2026-10-06,"pass2: exact-week price/availability - OT calendar API returned no bookable weeks; 5 pièces (rooms, not bedrooms); OT option: foot of the slopes; OT merchant AM-ARKIANE-125-0011; source DIRECT_ARKIANE"
sno-chalet-loup,CHALET LOUP,Cimalpes,Alpe d'Huez,Alpe d'Huez Grand Domaine,France,,14,,,chalet,self-catered,,yes-type-unknown,yes,"Garage / Car Park, Ski locker, Fireplace / Wood stove",,yes,Saturday,,whole-chalet,EUR,season-range,11500,20000,,accommodation only,no,,,Chalet at the foot of the slopes with wellness area,https://accommodation.alpedhuez.com/accommodation/chalet-loup-1/,Alpe d'Huez official booking (accommodation.alpedhuez.com);SeeAlpedHuez,village-france-alpe-d-huez,5,chalets/images/sno-chalet-loup/,2026-10-06,"20-27 Mar not offered on OT calendar (booked/closed); range = weeks still bookable 2026/27; 9 pièces (rooms, not bedrooms); hot tub evidence: option SPA; OT option: foot of the slopes; OT merchant AM-ARKIANE-125-0040; source DIRECT_ARKIANE; reused id (same chalet, also sold via Sno/other reseller on OT)"
sno-chalet-la-chapelle,La Chapelle,Odalys (Le Village),Alpe d'Huez,Alpe d'Huez Grand Domaine,France,,14,7,,chalet,self-catered,,private-indoor,yes,"indoor spa, fireplace, underground parking",,,,,,,,,,,,,,,,https://www.seealpedhuez.com/chalets/la-chapelle-chalet-alpe-dhuez-744290,SeeAlpedHuez,village-france-alpe-d-huez,,,2026-10-06,"SeeAlpedHuez: 7 en-suite bedrooms, indoor spa with sauna and jacuzzi, 'Le Village' complex (Bergers). Operator inferred Odalys from image naming - unconfirmed. pass2: price/availability"
sno-chalet-sophie,Sophie,,Alpe d'Huez,Alpe d'Huez Grand Domaine,France,,12,5,,chalet,self-catered,,unknown,yes,"fireplace, private sauna",,,,,,,,,,,,,,,,https://www.seealpedhuez.com/chalets/sophie-chalet-alpe-dhuez-744304,SeeAlpedHuez,village-france-alpe-d-huez,,,2026-10-06,"SeeAlpedHuez: 5 bedrooms sleeps 12, private sauna; no hot tub mentioned. pass2: price/availability"
sno-chalet-edelweiss,Edelweiss,,Alpe d'Huez,Alpe d'Huez Grand Domaine,France,,15,,,chalet,self-catered,,,,,,,,,,,,,,,,,,,,https://www.seealpedhuez.com/chalets/edelweiss-chalet-alpe-dhuez-744298,SeeAlpedHuez,village-france-alpe-d-huez,,,2026-10-06,SeeAlpedHuez listing (image names 'edelweiss-dib-9p-15pax' = 9 pièces 15 pax). pass2: details/price
odalys-le-manoir,Le Manoir,Odalys (Le Village),Alpe d'Huez,Alpe d'Huez Grand Domaine,France,,12,6,,chalet,self-catered,,private-indoor,yes,"ground-floor spa (sauna + hot tub opening to piste), fireplace, underground parking",,yes,,,,,,,,,,,,,6-bedroom chalet for 12 by the nursery slopes; ground-floor spa with sauna and hot tub opening onto the piste; stone fireplace; self-catered.,https://www.seealpedhuez.com/chalets/le-manoir-chalet-alpe-dhuez-744297,SeeAlpedHuez,village-france-alpe-d-huez,1,chalets/images/odalys-le-manoir/,2026-10-06,Some bedrooms open straight onto the piste. Operator inferred Odalys (same 'Le Village' family as La Chapelle) - unconfirmed. pass2: price/availability
odalys-altiport-no-1,Altiport 5 Bed 12-Person Chalet (L'Altiport No.1),Odalys,Alpe d'Huez,Alpe d'Huez Grand Domaine,France,,12,5,,chalet,self-catered,,unknown,yes,,,yes,,,,,,,,,,,,,,https://www.seealpedhuez.com/chalets/no-1-l-altiport-chalet-712052,SeeAlpedHuez,village-france-alpe-d-huez,2,chalets/images/odalys-altiport-no-1/,2026-10-06,Part of Les Chalets de l'Altiport (Odalys); likely one of maeva-les-chalets-de-l-altiport-3xx rows (12p units 300/301/403). 500m from centre. pass2: price
odalys-altiport-no-2,Altiport 6 Bed 12-Person Chalet (L'Altiport No.2),Odalys,Alpe d'Huez,Alpe d'Huez Grand Domaine,France,,12,6,,chalet,self-catered,,unknown,yes,,,yes,,,,,,,,,,,,,,https://www.seealpedhuez.com/chalets/no-2-l-altiport-chalet-712056,SeeAlpedHuez,village-france-alpe-d-huez,2,chalets/images/odalys-altiport-no-2/,2026-10-06,Les Chalets de l'Altiport (Odalys); likely one of maeva 12p units 300/301/403. pass2: price
odalys-altiport-no-3,Altiport 7 Bed 15-Person Chalet (L'Altiport No.3),Odalys,Alpe d'Huez,Alpe d'Huez Grand Domaine,France,,15,7,,chalet,self-catered,,unknown,yes,,,yes,,,,,,,,,,,,,,https://www.seealpedhuez.com/chalets/no-3-l-altiport-chalet-712057,SeeAlpedHuez,village-france-alpe-d-huez,2,chalets/images/odalys-altiport-no-3/,2026-10-06,Les Chalets de l'Altiport (Odalys); likely maeva 15p unit 302 or 303. pass2: price
odalys-altiport-no-4,Altiport 8 Bed 16-Person Chalet (L'Altiport No.4),Odalys,Alpe d'Huez,Alpe d'Huez Grand Domaine,France,15,16,8,,chalet,self-catered,,unknown,yes,,,yes,,,,,,,,,,,,,,https://www.seealpedhuez.com/chalets/no-4-l-altiport-chalet-712058,SeeAlpedHuez,village-france-alpe-d-huez,2,chalets/images/odalys-altiport-no-4/,2026-10-06,Les Chalets de l'Altiport (Odalys); likely maeva 15p unit 302/303. pass2: price
odalys-altiport-no-5,Altiport No.5 Chalet,Odalys,Alpe d'Huez,Alpe d'Huez Grand Domaine,France,,12,5,,chalet,self-catered,,unknown,yes,,,yes,,,,,,,,,,,,,,https://www.seealpedhuez.com/chalets/l-altiport-no-5-chalet-714186,SeeAlpedHuez,village-france-alpe-d-huez,1,chalets/images/odalys-altiport-no-5/,2026-10-06,5 bedrooms + cabin. Les Chalets de l'Altiport (Odalys). pass2: price
odalys-diane,Diane Private 14 Person Chalet,Odalys,Alpe d'Huez,Alpe d'Huez Grand Domaine,France,,14,,,chalet,self-catered,,,,,,,,,,,,,,,,,,build-my-ski-trip-diane,,https://www.seealpedhuez.com/chalets/diane-private-14-person-chalet-alpe-dhuez-751895,SeeAlpedHuez,village-france-alpe-d-huez,,,2026-10-06,Odalys self-catered listing of (probably) the same building BMST sells catered. pass2: details/price
maeva-chalet-odalys-melusine,,,Alpe d'Huez,Alpe d'Huez Grand Domaine,France,,,,,,,,,,,,,,,,,,,,,,,,,,https://www.seealpedhuez.com/chalets/melusine-private-14-person-chalet-alpe-dhuez-751990,SeeAlpedHuez,village-france-alpe-d-huez,,,2026-10-06,SeeAlpedHuez 'Melusine Private 14 Person Chalet' (Odalys)
maeva-chalet-odalys-le-vieux-logis,,,Alpe d'Huez,Alpe d'Huez Grand Domaine,France,,,,,,,,,,,,,,,whole-chalet,EUR,season-from,6200,,,,,,,,,SeeAlpedHuez,village-france-alpe-d-huez,,,2026-10-06,"SeeAlpedHuez: from EUR 6,200 (5 Dec 2026, 1-15 people, self-catered)"
skipeak-chalet-sika,Chalet Sika,Ski Peak,Vaujany,Alpe d'Huez Grand Domaine,France,,14,7,,chalet,self-catered,,,,,,,,,whole-chalet,EUR,season-from,4065,,,,,,,,https://www.skipeak.net/our-accommodation/chalet-sika,Ski Peak;SeeAlpedHuez,village-france-alpe-d-huez,2,chalets/images/skipeak-chalet-sika/,2026-10-06,"Self-catered; Ski Peak can arrange local caterers. South-facing, wraparound balcony, PS5 room. From EUR 4,065 (6 Dec 2026, SeeAlpedHuez). pass2: hot tub check, exact-week price"
skipeak-chalet-rostaing,Chalet Rostaing,Ski Peak,Vaujany,Alpe d'Huez Grand Domaine,France,,16,,,chalet,self-catered,,,,,,,,,whole-chalet,EUR,season-from,3527,,,,,,,,https://www.seealpedhuez.com/chalets/rostaing-chalet-27586,SeeAlpedHuez,village-france-alpe-d-huez,,,2026-10-06,"La Villette (Vaujany) converted farmhouse; from EUR 3,527 (SeeAlpedHuez). Leave detail to Vaujany task (skipeak.net). pass2: details"
skipeak-chalet-lucette,Chalet Lucette,Ski Peak,Vaujany,Alpe d'Huez Grand Domaine,France,,11,,,chalet,self-catered,,,,,,,,,whole-chalet,EUR,season-from,2288,,,,,,,,https://www.seealpedhuez.com/chalets/lucette-chalet-27585,SeeAlpedHuez,village-france-alpe-d-huez,,,2026-10-06,"La Villette (Vaujany); from EUR 2,288 (SeeAlpedHuez). pass2: details"
skipeak-chalet-dibona,Chalet Dibona,Ski Peak,Vaujany,Alpe d'Huez Grand Domaine,France,,6,,,chalet,self-catered,,,,,,,,,whole-chalet,EUR,season-from,1516,,,,,,,,https://www.seealpedhuez.com/chalets/dibona-chalet-678090,SeeAlpedHuez,village-france-alpe-d-huez,,,2026-10-06,"La Villette (Vaujany); from EUR 1,516 (SeeAlpedHuez). pass2: details"
skipeak-maison-rostaing,Maison Rostaing (Rostaing + Lucette + Dibona),Ski Peak,Vaujany,Alpe d'Huez Grand Domaine,France,,33,,,combined-booking,self-catered,,,,,,,,,whole-chalet,EUR,season-from,7331,,,,,skipeak-chalet-rostaing;skipeak-chalet-lucette;skipeak-chalet-dibona,,,https://www.seealpedhuez.com/chalets/maison-rostaing-chalet-vaujany-748469,SeeAlpedHuez,village-france-alpe-d-huez,,,2026-10-06,"Combination of three La Villette chalets; from EUR 7,331"
sothebys-chalet-elysia,Chalet Elysia,Sotheby's International Realty (Alpe d'Huez),Alpe d'Huez,Alpe d'Huez Grand Domaine,France,,8,4,,chalet,self-catered,,,,,,,,,whole-chalet,EUR,season-from,2940,,,,,,,,https://www.alpedhuez-2alpes-sothebysrealty.com/en/our-properties/ref-ah2-076/rental-chalet-l-alpe-d-huez-5-rooms-4-bedrooms-38750/,Sotheby's Alpe d'Huez;SeeAlpedHuez,village-france-alpe-d-huez,,,2026-10-06,"5 rooms / 4 bedrooms (from Sotheby's URL). From EUR 2,940 (SeeAlpedHuez, Oct date). pass2: hot tub, exact-week price"
sothebys-chalet-kosy,Chalet Kosy,Sotheby's International Realty (Alpe d'Huez),Alpe d'Huez,Alpe d'Huez Grand Domaine,France,,12,5,,chalet,self-catered,,,,,,yes,,,whole-chalet,EUR,season-from,6930,,,,,,,,https://www.alpedhuez-2alpes-sothebysrealty.com/en/our-properties/ref-ah2-079/rental-chalet-l-alpe-d-huez-7-rooms-5-bedrooms-38750/,Sotheby's Alpe d'Huez;SeeAlpedHuez,village-france-alpe-d-huez,,,2026-10-06,"Coteaux de l'Altiport, ski-in/out; 7 rooms / 5 bedrooms (from URL). From EUR 6,930. pass2: hot tub, exact-week price"
fresh-tracks-l-etendard,L'Etendard,Fresh Tracks,Oz-en-Oisans,Alpe d'Huez Grand Domaine,France,,,,,chalet,,,,,,50,,,,,,,,,,,,,,,https://www.fresh-tracks.co.uk/fresh-tracks-chalet-letendard,Fresh Tracks;SeeAlpedHuez,village-france-alpe-d-huez,,,2026-10-06,"50m from lift. pass2: sleeps, board, price (Oz-en-Oisans task)"
fresh-tracks-le-lauteret,Le Lauteret,Fresh Tracks,Oz-en-Oisans,Alpe d'Huez Grand Domaine,France,,,,,chalet,,,,,,50,,,,,,,,,,,,,,,https://www.seealpedhuez.com/chalets/le-lauteret-chalet-711857,SeeAlpedHuez,village-france-alpe-d-huez,,,2026-10-06,"pass2: sleeps, board, price (Oz-en-Oisans task)"
fresh-tracks-the-loft,The Loft Apartment,Fresh Tracks,Oz-en-Oisans,Alpe d'Huez Grand Domaine,France,,,,,apartment,,,,,,50,,,,,,,,,,,,,,,,SeeAlpedHuez,village-france-alpe-d-huez,,,2026-10-06,"pass2: sleeps, board, price (Oz-en-Oisans task); no own URL captured (SeeAlpedHuez chalets list)"
fresh-tracks-the-snug,The Snug Apartment,Fresh Tracks,Oz-en-Oisans,Alpe d'Huez Grand Domaine,France,,,,,apartment,,,,,,50,,,,,,,,,,,,,,,,SeeAlpedHuez,village-france-alpe-d-huez,,,2026-10-06,"pass2: sleeps, board, price (Oz-en-Oisans task); no own URL captured (SeeAlpedHuez chalets list)"
allchalets-chalet-nuance,Chalet Nuance,,Huez (village),,France,,8,4,4,chalet,self-catered,self-catered,private-outdoor,no,boot warmer,,unknown,,,,,quote-needed,,,,,no,,,This modern self catered ski chalet is located in the heart of the village of Huez 1500 and at the foot of the cable car (Télecabine d'Huez) that links with Alpe d'Huez. Chalet Nuance de Gris is a semi detached ...,https://www.allchalets.com/holiday-rentals/16801-chalet-in-alpe-d-huez-france,allChalets,village-france-alpe-d-huez,5,chalets/images/allchalets-chalet-nuance/,2026-10-06,hot tub in facility list; board from listing headline; no rate table on allChalets; village set to Huez (village) from listing text (allChalets files it under Alpe d'Huez)
allchalets-apartment-47037,Apartment 47037,,Alpe d'Huez,,France,,8,3,3,apartment,self-catered,self-catered,none,yes,"steam room, swimming pool, indoor pool, boot dryer, gym",,yes,Sunday,,whole-chalet,EUR,season-range,2769,8549,,,no,,,"A magnificent top floor apartment over looking the mountains and ski runs. Bright a spacious open plan living area with access to a large balcony overlooking the slopes . Located in the Les Bergers area of Alpe d'Heuz, and set ...",https://www.allchalets.com/holiday-rentals/47037-apartment-in-alpe-d-huez-france,allChalets,village-france-alpe-d-huez,5,chalets/images/allchalets-apartment-47037/,2026-10-06,hot tub not in facility list/description; unnamed listing; headline: Penthouse apartment overlooking the slopes - ski-in/ski-out
allchalets-chalet-alpenvue,Chalet Alpenvue,,Alpe d'Huez,,France,,10,3,2,chalet,,,none,no,,,unknown,,,,,quote-needed,,,,,no,,,"This chalet has the perfect location right in the center of Alpe d’Heuz ski resort and close to the pistes, shops, restaurant and bars. Chalet Alpenvue is a traditional and rustic styled chalet with accommodation for 10 people. The chalet ...",https://www.allchalets.com/holiday-rentals/7772-chalet-in-alpe-d-huez-france,allChalets,village-france-alpe-d-huez,5,chalets/images/allchalets-chalet-alpenvue/,2026-10-06,hot tub not in facility list/description; no rate table on allChalets
allchalets-apartment-44841,Apartment 44841,,Alpe d'Huez,,France,,8,4,3,apartment,self-catered,self-catered,none,yes,"steam room, swimming pool, indoor pool, log fire, fireplace, boot dryer, gym",,yes,Saturday,,whole-chalet,EUR,season-range,3059,10679,,,no,,,"This large duplex apartment offers spectacular views over the mountains and pistes. Located in the Les Bergers area of Alpe d'Heuz, in a new ski-in ski-out residence, the apartment has access to a wellness centre with indoor pool, sauna, hammam, ...",https://www.allchalets.com/holiday-rentals/44841-apartment-in-alpe-d-huez-france,allChalets,village-france-alpe-d-huez,5,chalets/images/allchalets-apartment-44841/,2026-10-06,"hot tub not in facility list/description; unnamed listing; headline: Spacious 4 bedroom apartment, ski-in ski-out, indoor pool and sauna"
allchalets-chalet-ours,Chalet Ours,,Alpe d'Huez,,France,,10,5,4,apartment,,,none,no,"log fire, boot dryer",,yes,,,,,quote-needed,,,,,unknown,,,"Nestled in the neighbourhood of Vieil Alpe, “Chalet Ours"" is an excellent ski in ski out duplex apartment in awesome Alpe d'Huez. This welcoming 106 m² apartment combines generous living spaces, natural light and a refined alpine ambiance. Designed to ...",https://www.allchalets.com/holiday-rentals/63255-apartment-in-alpe-d-huez-france,allChalets,village-france-alpe-d-huez,5,chalets/images/allchalets-chalet-ours/,2026-10-06,hot tub not in facility list/description; calendar shows no bookings all season (probably unmaintained); calendar 20 Mar: Min stay - 7 nights Availability: 10 guests; no rate table on allChalets
allchalets-apartment-39736,Apartment 39736,,Alpe d'Huez,,France,,8,3,2,apartment,self-catered,self-catered,none,yes,"steam room, swimming pool, indoor pool, boot dryer, gym",,yes,Saturday,,whole-chalet,EUR,season-range,2769,9189,,,no,,,This 2nd floor apartment has a large open plan living area with access to a balcony over looking the mountains and ski runs. With 3 bedrooms and a sleeping alcove the apartment can comfortably sleep 8 people. Located in the ...,https://www.allchalets.com/holiday-rentals/39736-apartment-in-alpe-d-huez-france,allChalets,village-france-alpe-d-huez,5,chalets/images/allchalets-apartment-39736/,2026-10-06,hot tub not in facility list/description; unnamed listing; headline: Ski-in ski-out apartment with pool and sauna
allchalets-apartment-40294,Apartment 40294,,Alpe d'Huez,,France,,8,3,2,apartment,self-catered,self-catered,none,yes,"steam room, swimming pool, indoor pool, gym",,yes,Saturday,,whole-chalet,EUR,season-range,1729,8289,,,no,,,A stylish 3 bedroom apartment located at 1850m in the heart of Alpe d'Huez. Right beside the ski lift with excellent on site facilities. 3 bedroom apartment for 8 people (approx. 60m2) - Living room with pull-out sofa bed (sleeping ...,https://www.allchalets.com/holiday-rentals/40294-apartment-in-alpe-d-huez-france,allChalets,village-france-alpe-d-huez,5,chalets/images/allchalets-apartment-40294/,2026-10-06,hot tub not in facility list/description; unnamed listing; headline: 3 bedroom apartment in luxury residence beside the ski lift
allchalets-apartment-40297,Apartment 40297,,Alpe d'Huez,,France,,8,2,2,apartment,self-catered,self-catered,none,yes,"steam room, swimming pool, indoor pool, gym",,yes,Saturday,,whole-chalet,EUR,season-range,1569,6989,,,no,,,A stylish 2 bedroom apartment with additional sleeping alcove located at 1850m in the heart of Alpe d'Huez. Right beside the ski lift with excellent on site facilities. 2 bedroom apartment with sleeping alcove for 8 people (approx. 48m2) - ...,https://www.allchalets.com/holiday-rentals/40297-apartment-in-alpe-d-huez-france,allChalets,village-france-alpe-d-huez,5,chalets/images/allchalets-apartment-40297/,2026-10-06,hot tub not in facility list/description; unnamed listing; headline: 2-3 bedroom apartment in luxury residence beside the Alpe Express ski lift
sno-chalet-woodpecker,,,,,,,,,7,,,,,,,,,,,,,,,,,,,,,,,allChalets,village-france-alpe-d-huez,,,2026-10-06,allChalets: https://www.allchalets.com/holiday-rentals/33979-chalet-in-alpe-d-huez-france; range GBP 1466-1566 per-person; available 20 Mar: no
allchalets-chalet-pere-josef,Chalet Pere Josef,,Alpe d'Huez,,France,,12,6,6,chalet,catered,,none,no,"log fire, wood burner",,unknown,Saturday/Sunday,,per-person,GBP,season-range,1399,2219,,,no,,sno-chalet-pere-josef-1;sno-chalet-pere-josef-2,"A top pick in Alpe d'Huez, this high-quality chalet is just 50 metres from the lift and offers chic interiors, all en-suite bedrooms, and a homely alpine vibe. Chalet Pere Josef 2 is a smart, spacious chalet spread over three ...",https://www.allchalets.com/holiday-rentals/47020-chalet-in-alpe-d-huez-france,allChalets,village-france-alpe-d-huez,5,chalets/images/allchalets-chalet-pere-josef/,2026-10-06,hot tub not in facility list/description
allchalets-chalet-40288,Chalet 40288,,Alpe d'Huez,,France,,12,6,6,chalet,catered,,none,no,log fire,,unknown,Saturday/Sunday,,per-person,GBP,season-range,1279,2369,,,no,,,"The beautiful chalet Pere Josef 1 is divided into three levels and can accommodate up to 12 people. The kitchen benefits from modern appliances, while the stylish and spacious living area is excellently furnished with plush seating and a classic ...",https://www.allchalets.com/holiday-rentals/40288-chalet-in-alpe-d-huez-france,allChalets,village-france-alpe-d-huez,5,chalets/images/allchalets-chalet-40288/,2026-10-06,hot tub not in facility list/description; unnamed listing; headline: High quality catered chalet in the center of Alpe d'Huez
sno-chalet-leman,,,,,,,,,15,,,,,,,,,,,,,,,,,,,,,,,allChalets,village-france-alpe-d-huez,,,2026-10-06,allChalets: https://www.allchalets.com/holiday-rentals/47002-apartment-in-alpe-d-huez-france; range EUR 1379-2455 per-person; available 20 Mar: no
sno-chalet-gaube,,,,,,,,,5,,,,,,,,,,,,,,,,,,,,,,,allChalets,village-france-alpe-d-huez,,,2026-10-06,allChalets: https://www.allchalets.com/holiday-rentals/47022-apartment-in-alpe-d-huez-france; range GBP 1529-1639 per-person; available 20 Mar: no
sno-chalet-salagou,,,,,,,,,5,,,,,,,,,Saturday/Sunday,,per-person,EUR,season-range,1389,2399,,,no,,,,,allChalets,village-france-alpe-d-huez,,,2026-10-06,allChalets: https://www.allchalets.com/holiday-rentals/47021-apartment-in-alpe-d-huez-france; range EUR 1389-2399 per-person; available 20 Mar: no
sno-chalet-annecy,,,,,,,,,5,,,,,,,,,,,,,,,,,,,,,,,allChalets,village-france-alpe-d-huez,,,2026-10-06,allChalets: https://www.allchalets.com/holiday-rentals/47001-chalet-in-alpe-d-huez-france; range GBP 1344-2399 per-person; available 20 Mar: no
allchalets-chalet-40287,Chalet 40287,,Alpe d'Huez,,France,,12,5,5,chalet,catered,,private-outdoor,yes,"steam room, boot warmer",,unknown,Saturday/Sunday,,per-person,GBP,season-range,1329,2399,,,no,,,This spacious chalet apartment is ideal for groups of friends and it benefits from excellent facilities and a central location in Alpe d'Huez. The central open-plan kitchen-diner is ideal for enjoying sociable (and delicious!) chalet menus. The large dining table ...,https://www.allchalets.com/holiday-rentals/40287-chalet-in-alpe-d-huez-france,allChalets,village-france-alpe-d-huez,5,chalets/images/allchalets-chalet-40287/,2026-10-06,"hot tub in facility list; unnamed listing; headline: Stylish chalet with hot tub, sauna and close to the pistes and village"
alpedhuez-ot-chalet-lalpedu,,,,,,,,,4,,,self-catered,,,,,yes,,,,,,,,,,,,,,,allChalets,village-france-alpe-d-huez,5,chalets/images/alpedhuez-ot-chalet-lalpedu/,2026-10-06,allChalets: https://www.allchalets.com/holiday-rentals/17205-chalet-in-alpe-d-huez-france; 20 Mar EUR 7099 whole-chalet; range EUR 1399-7099 whole-chalet; available 20 Mar: no
sno-chalet-la-breche,,,,,,,,8,8,,,,,,,,,,,,,,,,,,,,,,,allChalets,village-france-alpe-d-huez,,,2026-10-06,allChalets: https://www.allchalets.com/holiday-rentals/36118-chalet-in-alpe-d-huez-france; 20 Mar GBP 1549 per-person; range GBP 1249-2338 per-person; available 20 Mar: yes
allchalets-apartment-39885,Apartment 39885,,Alpe d'Huez,,France,,10,4,2,apartment,self-catered,self-catered,none,yes,"steam room, swimming pool, indoor pool, boot dryer, gym",,yes,Saturday,,whole-chalet,EUR,season-range,2849,10629,,,no,,,"This large modern apartment offers spectacular views over the mountains and pistes. Located in the Les Bergers area of Alpe d'Heuz, in a new ski-in ski-out residence, the apartment has access to a wellness centre with indoor pool, sauna, hammam, ...",https://www.allchalets.com/holiday-rentals/39885-apartment-in-alpe-d-huez-france,allChalets,village-france-alpe-d-huez,5,chalets/images/allchalets-apartment-39885/,2026-10-06,"hot tub not in facility list/description; unnamed listing; headline: Modern 4 bedroom apartment, ski-in ski-out, indoor pool and sauna"
allchalets-apartment-47024,Apartment 47024,,Alpe d'Huez,,France,,8,3,2,apartment,self-catered,self-catered,none,yes,"steam room, swimming pool, indoor pool, boot dryer, gym",,yes,Saturday,,whole-chalet,EUR,season-range,3369,9189,,,no,,,Modern apartment with a large open plan living area with access to a balcony over looking the mountains and ski runs. With 3 bedrooms and a sleeping alcove the apartment can comfortably sleep 8 people. Located in the Les Bergers ...,https://www.allchalets.com/holiday-rentals/47024-apartment-in-alpe-d-huez-france,allChalets,village-france-alpe-d-huez,5,chalets/images/allchalets-apartment-47024/,2026-10-06,"hot tub not in facility list/description; unnamed listing; headline: 3 bedroom apartment overlooking the slopes - ski-in ski-out, pool and sauna"
allchalets-chalet-le-vieux-logis,Chalet Le Vieux Logis,,Alpe d'Huez,,France,,15,8,8,chalet,self-catered,self-catered,none,yes,"log fire, fireplace, games room",,yes,Saturday,,whole-chalet,EUR,season-range,6200,17600,,,no,,maeva-chalet-odalys-le-vieux-logis,Chalet Le Vieux Logis is set in an excellent location in the heart of Alpe d'Huez. The chalet offers direct ski-in/ski-out access to the Eclose ski slope. The Alpe Express gondola is just opposite the chalet and takes you in ...,https://www.allchalets.com/holiday-rentals/40443-chalet-in-alpe-d-huez-france,allChalets,village-france-alpe-d-huez,5,chalets/images/allchalets-chalet-le-vieux-logis/,2026-10-06,hot tub not in facility list/description
allchalets-apartment-39884,Apartment 39884,,Alpe d'Huez,,France,,10,4,2,apartment,self-catered,self-catered,none,yes,"steam room, swimming pool, indoor pool, boot dryer, gym",,yes,Saturday,,whole-chalet,EUR,season-range,2769,9889,,,no,,,"This large modern apartment offers beautiful views over the mountains and pistes. Set in a new ski-in ski-out residence the apartment has access to a wellness centre with indoor pool, sauna, hammam, sensory showers and a gym. The residence also ...",https://www.allchalets.com/holiday-rentals/39884-apartment-in-alpe-d-huez-france,allChalets,village-france-alpe-d-huez,5,chalets/images/allchalets-apartment-39884/,2026-10-06,"hot tub not in facility list/description; unnamed listing; headline: Large modern apartment, ski-in ski-out, wellness center with indoor pool"
allchalets-apartment-40298,Apartment 40298,,Alpe d'Huez,,France,,10,3,2,apartment,self-catered,self-catered,none,yes,"steam room, swimming pool, indoor pool, gym",,yes,Saturday,,whole-chalet,EUR,season-range,1819,4619,,,no,,,A stylish 3 bedroom apartment with sleeping alcove located at 1850m in the heart of Alpe d'Huez. Right beside the ski lift with excellent on site facilities. 3 bedroom apartment with sleeping alcove for 10 people (approx. 66m2) - Living ...,https://www.allchalets.com/holiday-rentals/40298-apartment-in-alpe-d-huez-france,allChalets,village-france-alpe-d-huez,5,chalets/images/allchalets-apartment-40298/,2026-10-06,hot tub not in facility list/description; unnamed listing; headline: 3-4 bedroom apartment in luxury residence beside the ski lift
allchalets-chalet-meluzine,Chalet Meluzine,,Alpe d'Huez,,France,,14,7,5,chalet,catered,,private-outdoor,yes,"log fire, wood burner",,yes,Saturday,,per-person,EUR,season-range,714,1785,,,no,,build-my-ski-trip-melusine,"Chalet Meluzine in Alpe d’Huez is a warm and welcoming alpine chalet, perfectly positioned at the foot of the slopes and an exciting new addition to our France catered chalets for the 2026/27 ski season. With beautiful mountain views and ...",https://www.allchalets.com/holiday-rentals/63015-chalet-in-alpe-d-huez-france,allChalets,village-france-alpe-d-huez,5,chalets/images/allchalets-chalet-meluzine/,2026-10-06,hot tub in facility list
sno-chalet-la-chapelle,,,,,,,,,7,,,,,,,,,,,,,,,,,,,,,,,allChalets,village-france-alpe-d-huez,,,2026-10-06,allChalets: https://www.allchalets.com/holiday-rentals/38752-chalet-in-alpe-d-huez-france; 20 Mar GBP 20999 whole-chalet; range GBP 11624-29621 whole-chalet; available 20 Mar: no
allchalets-apartment-49368,Apartment 49368,,Alpe d'Huez,,France,,8,4,3,apartment,self-catered,self-catered,none,no,,,unknown,Saturday,,whole-chalet,EUR,season-range,2600,4600,,,no,,,"Discover the L'Échappée residence, an exceptional location at turn 2 of the legendary 21 turns of Alpe d'Huez, at the entrance to the resort. Located near the ""Village"" blue slope and a free shuttle bus stop at the foot of ...",https://www.allchalets.com/holiday-rentals/49368-apartment-in-alpe-d-huez-france,allChalets,village-france-alpe-d-huez,5,chalets/images/allchalets-apartment-49368/,2026-10-06,hot tub not in facility list/description; unnamed listing; headline: 
allchalets-chalet-46938,Chalet 46938,,Alpe d'Huez,,France,,12,5,5,chalet,self-catered,self-catered,none,yes,"swimming pool, log fire, fireplace, cinema",,yes,Friday/Monday/Saturday/Sunday/Thursday/Tuesday/Wednesday,,whole-chalet,GBP,season-range,2131,13833,,,no,,,"This three-floored, 120-130m² chalet consists of a large living room with a fireplace, television, fully equipped kitchen with dishwasher, hot plates, traditional oven and microwave oven, extractor fan and refrigerator. There are 5 bedrooms and 1 cabin room, each with ...",https://www.allchalets.com/holiday-rentals/46938-chalet-in-alpe-d-huez-france,allChalets,village-france-alpe-d-huez,0,,2026-10-06,hot tub not in facility list/description; unnamed listing; headline: Ski-in ski-out chalet in altiport area of Alpe d'Huez
sno-chalet-bouquetin,,,,,,,,5,6,,,self-catered,,,,,,,,,,,,,,,,,,,,allChalets,village-france-alpe-d-huez,,,2026-10-06,allChalets: https://www.allchalets.com/holiday-rentals/36133-chalet-in-alpe-d-huez-france; range EUR 8000-15000 whole-chalet; available 20 Mar: no
allchalets-chalet-46939,Chalet 46939,,Alpe d'Huez,,France,,12,6,6,chalet,self-catered,self-catered,none,yes,"swimming pool, log fire, fireplace, cinema",,yes,Friday/Monday/Saturday/Sunday/Thursday/Tuesday/Wednesday,,whole-chalet,GBP,season-range,2355,14203,,,no,,,"3-floored chalet with 6 bedrooms. 1 double bedroom and 5 twin bedrooms. - The ground floor has a garage, sauna and 1 bedroom with 2 single beds plus an en-suite shower room. - The first floor has a large living ...",https://www.allchalets.com/holiday-rentals/46939-chalet-in-alpe-d-huez-france,allChalets,village-france-alpe-d-huez,0,,2026-10-06,hot tub not in facility list/description; unnamed listing; headline: 6 bedroom ski-in/ski-out chalet in Alpe d'Huez
allchalets-apartment-39526,Apartment 39526,,Alpe d'Huez,,France,,9,4,3,apartment,self-catered,self-catered,none,no,,,unknown,Saturday,,whole-chalet,EUR,season-range,3500,6800,,,no,,,"Discover this flat in the new Chalets du Golf residence, offering an exceptional panorama. The flat combines the mountain style with comfort and modernity favouring its large volumes. Thanks to its privileged location, the nearest ski lift is only 150m ...",https://www.allchalets.com/holiday-rentals/39526-apartment-in-alpe-d-huez-france,allChalets,village-france-alpe-d-huez,5,chalets/images/allchalets-apartment-39526/,2026-10-06,hot tub not in facility list/description; unnamed listing; headline: 
allchalets-apartment-39735,Apartment 39735,,Alpe d'Huez,,France,,8,4,2,apartment,self-catered,self-catered,none,yes,"steam room, swimming pool, indoor pool, fireplace, boot dryer, gym",,yes,Saturday,,whole-chalet,EUR,season-range,2969,10679,,,no,,,"Located in the Les Bergers area of Alpe d'Heuz, this spacious and modern apartment offers beautiful views over the mountains and pistes. Set in a new ski-in ski-out residence the apartment has access to a wellness centre with indoor pool, ...",https://www.allchalets.com/holiday-rentals/39735-apartment-in-alpe-d-huez-france,allChalets,village-france-alpe-d-huez,0,,2026-10-06,hot tub not in facility list/description; unnamed listing; headline: Large top floor apartment in luxurious ski-in ski-out residence
allchalets-apartment-47082,Apartment 47082,,Alpe d'Huez,,France,,8,4,2,apartment,,,none,no,,,unknown,,,,,quote-needed,,,,,no,,,"Step into alpine elegance with apartment CDG A301, located in the newly built Chalets du Golf residence. This exceptional property offers breathtaking panoramic views and seamlessly blends the authenticity of mountain design with high-end finishes and generous living spaces. Ideally ...",https://www.allchalets.com/holiday-rentals/47082-apartment-in-alpe-d-huez-france,allChalets,village-france-alpe-d-huez,5,chalets/images/allchalets-apartment-47082/,2026-10-06,hot tub not in facility list/description; no rate table on allChalets; unnamed listing; headline: 
allchalets-apartment-details,Apartment Details,,Alpe d'Huez,,France,,8,3,3,apartment,self-catered,self-catered,none,yes,"steam room, swimming pool, indoor pool, games room",,yes,Saturday,,whole-chalet,EUR,season-range,3400,5000,,,no,,,"In a prestigious residence nestled in the heart of the resort, enjoy with family or friends an apartment with a resolutely chic and contemporary style for your stay in the mountains! Apartment Details: Sleeps 4 adults and 4 children Catering: ...",https://www.allchalets.com/holiday-rentals/34552-apartment-in-alpe-d-huez-france,allChalets,village-france-alpe-d-huez,5,chalets/images/allchalets-apartment-details/,2026-10-06,hot tub not in facility list/description
allchalets-chalet-63169,Chalet 63169,,Alpe d'Huez,,France,,12,5,5,chalet,self-catered,self-catered,none,yes,"swimming pool, log fire, fireplace, cinema",,unknown,Friday/Monday/Saturday/Sunday/Thursday/Tuesday/Wednesday,,whole-chalet,EUR,season-range,2682,9991,,,no,,,"This three-floored, 120-135m² chalet consists of a large living room with fireplace, satellite television, fully equipped kitchen with dishwasher, hot plates, traditional oven and microwave oven, extractor fan and refrigerator. There are three bedrooms with a double bed, or two ...",https://www.allchalets.com/holiday-rentals/63169-chalet-in-alpe-d-huez-france,allChalets,village-france-alpe-d-huez,0,,2026-10-06,hot tub not in facility list/description; unnamed listing; headline: Ski-in/ski-out chalet in Altiport area of Alpe d'Huez
allchalets-apartment-c401,Apartment C401,,Alpe d'Huez,,France,,10,4,3,apartment,self-catered,self-catered,none,no,,,unknown,Saturday,,whole-chalet,EUR,season-range,3300,5300,,,no,,,"In the brand-new Les Fermes de l'Alpe residence, let yourself be charmed by Apartment C401, located on the 4th floor of Building C. Designed to comfortably accommodate 8 adults and 2 children, it boasts generous living spaces, thoughtfully laid out ...",https://www.allchalets.com/holiday-rentals/47407-apartment-in-alpe-d-huez-france,allChalets,village-france-alpe-d-huez,5,chalets/images/allchalets-apartment-c401/,2026-10-06,hot tub not in facility list/description
sno-chalet-sophie,,,,,,,,,4,,,,,,,,,,,,,,,,,,,,,,,allChalets,village-france-alpe-d-huez,,,2026-10-06,allChalets: https://www.allchalets.com/holiday-rentals/27985-chalet-in-alpe-d-huez-france; 20 Mar GBP 14598 whole-chalet; range GBP 10299-20549 whole-chalet; available 20 Mar: yes
allchalets-apartment-39737,Apartment 39737,,Alpe d'Huez,,France,,8,3,2,apartment,,,none,yes,"steam room, swimming pool, indoor pool, boot dryer, gym",,yes,,,,,quote-needed,,,,,no,,,This modern apartment has a large open plan living area with access to a balcony over looking the mountains and ski runs. With 3 bedrooms and a sleeping alcove the apartment can comfortably sleep 8 people. Located in the Les ...,https://www.allchalets.com/holiday-rentals/39737-apartment-in-alpe-d-huez-france,allChalets,village-france-alpe-d-huez,5,chalets/images/allchalets-apartment-39737/,2026-10-06,"hot tub not in facility list/description; no rate table on allChalets; unnamed listing; headline: 3 bedroom apartment - ski-in ski-out, indoor pool and sauna"
sno-chalet-loup,,,,,,,,9,7,,,self-catered,,,,,,,,,,,,,,,,,,,,allChalets,village-france-alpe-d-huez,,,2026-10-06,allChalets: https://www.allchalets.com/holiday-rentals/36089-chalet-in-alpe-d-huez-france; range EUR 11500-20000 whole-chalet; available 20 Mar: no
allchalets-chalet-29062,Chalet 29062,,Alpe d'Huez,,France,,8,4,2,chalet,self-catered,self-catered,none,no,,,unknown,Saturday,,whole-chalet,EUR,season-range,2100,3700,,,no,,,"In the heart of a quiet area, this delta chalet will surprise you by its originality. The living room is very pleasant with a breathtaking view of the surrounding mountains and its south-facing terrace. The two bedrooms on the ground ...",https://www.allchalets.com/holiday-rentals/29062-chalet-in-alpe-d-huez-france,allChalets,village-france-alpe-d-huez,5,chalets/images/allchalets-chalet-29062/,2026-10-06,hot tub not in facility list/description; unnamed listing; headline: 
allchalets-chalet-46940,Chalet 46940,,Alpe d'Huez,,France,,15,7,7,chalet,self-catered,self-catered,none,yes,"swimming pool, log fire, fireplace, cinema",,yes,Friday/Monday/Saturday/Sunday/Thursday/Tuesday/Wednesday,,whole-chalet,GBP,season-range,2589,15407,,,no,,,"This three-floored, 195-200m² chalet consists of a large living room with a fireplace, television, fully equipped kitchen with dishwasher, hot plates, traditional oven and microwave, extractor fan and refrigerator. There are seven bedrooms (one or two of which are on ...",https://www.allchalets.com/holiday-rentals/46940-chalet-in-alpe-d-huez-france,allChalets,village-france-alpe-d-huez,0,,2026-10-06,hot tub not in facility list/description; unnamed listing; headline: Large ski-in/ski-out chalet in Alpe d'Huez
allchalets-chalet-cleo,Chalet Cleo,,Alpe d'Huez,,France,,10,5,4,chalet,,,none,yes,"steam room, swimming pool, indoor pool, log fire, fireplace, boot warmer, games room",,yes,,,,,quote-needed,,,,,unknown,,,Chalet Cleo is a quite superb 5 bedroom duplex apartment over 2 floors offering 120m2 of space and is ideally located in the Hameau de Clotaire residence on Route du Signal offering a ski in ski out option as well ...,https://www.allchalets.com/holiday-rentals/34375-chalet-in-alpe-d-huez-france,allChalets,village-france-alpe-d-huez,5,chalets/images/allchalets-chalet-cleo/,2026-10-06,hot tub not in facility list/description; calendar shows no bookings all season (probably unmaintained); calendar 20 Mar: Min stay - 7 nights Availability: 10 guests; no rate table on allChalets
allchalets-chalet-de-bleu,Chalet de Bleu,,Huez (village),,France,,10,5,4,chalet,catered,,private-outdoor,yes,log fire,,yes,,,,,quote-needed,,,,,unknown,,,"Chalet de Bleu is a modern, classy and spacious 160m2 ski chalet, located in the heart of the village of Huez 1500 and at the foot of the ski lift that links with the centre of Alpe d'Huez, thus offering ...",https://www.allchalets.com/holiday-rentals/34304-chalet-in-alpe-d-huez-france,allChalets,village-france-alpe-d-huez,5,chalets/images/allchalets-chalet-de-bleu/,2026-10-06,hot tub in facility list; calendar shows no bookings all season (probably unmaintained); calendar 20 Mar: Min stay - 7 nights Availability: 10 guests; no rate table on allChalets; village set to Huez (village) from listing text (allChalets files it under Alpe d'Huez)
allchalets-chalet-daria,Chalet Daria,,Alpe d'Huez,,France,,10,5,4,apartment,catered,,none,yes,"steam room, swimming pool, indoor pool, gym",,yes,,,,,quote-needed,,,,,unknown,,,Chalet Daria V is a quality and prestigious apartment ideally located in the luxury residence of Daria I Nor in the “Eclose” area in the heart of Alpe d'Huez. It offers guests access to a superb wellness area which includes ...,https://www.allchalets.com/holiday-rentals/34353-apartment-in-alpe-d-huez-france,allChalets,village-france-alpe-d-huez,5,chalets/images/allchalets-chalet-daria/,2026-10-06,hot tub not in facility list/description; calendar shows no bookings all season (probably unmaintained); calendar 20 Mar: Min stay - 1 night Availability: 10 guests; no rate table on allChalets
allchalets-chalet-cimes,Chalet Cimes,,Alpe d'Huez,,France,,15,7,7,chalet,,,none,yes,"swimming pool, fireplace, cinema",,yes,,,,,quote-needed,,,,,unknown,,,"Chalet Cimes is Ideally located on the ski slopes of the Alpe d'Huez Grand Domaine, in the l'Altiport chalet complex providing you with the perfect ski-in, ski-out accommodation. The chalets are exclusively located in a convenient and quiet area higher ...",https://www.allchalets.com/holiday-rentals/24122-chalet-in-alpe-d-huez-france,allChalets,village-france-alpe-d-huez,5,chalets/images/allchalets-chalet-cimes/,2026-10-06,hot tub not in facility list/description; calendar shows no bookings all season (probably unmaintained); calendar 20 Mar: Min stay - 1 night Availability: 15 guests; no rate table on allChalets
sno-chalet-edelweiss,,,,,,,,8,8,,,,,,"swimming pool, log fire, fireplace, cinema",,,,,,,,,,,,,,,,,allChalets,village-france-alpe-d-huez,,,2026-10-06,allChalets: https://www.allchalets.com/holiday-rentals/27968-chalet-in-alpe-d-huez-france; 20 Mar GBP 17199 whole-chalet; range GBP 13699-27049 whole-chalet; available 20 Mar: no
allchalets-apartment-48139,Apartment 48139,,Alpe d'Huez,,France,,8,2,2,apartment,self-catered,self-catered,none,no,,,unknown,Sunday,,whole-chalet,EUR,season-range,2500,4200,,,no,,,"Discover Parenthese, a new luxury residence in Alpe d'Huez, offering a unique blend of luxury and comfort. Ideally located opposite the ski lifts and a stone's throw from amenities, it offers integrated shops, ski-in/ski-out access and indoor parking for an ...",https://www.allchalets.com/holiday-rentals/48139-apartment-in-alpe-d-huez-france,allChalets,village-france-alpe-d-huez,5,chalets/images/allchalets-apartment-48139/,2026-10-06,hot tub not in facility list/description; unnamed listing; headline: 
allchalets-chalet-monica,Chalet Monica,,Alpe d'Huez,,France,,8,4,4,chalet,,,none,no,"log fire, fireplace, boot warmer",,unknown,,,,,quote-needed,,,,,unknown,,,"Chalet Monica a is a high quality 4 star high end chalet in the historic village centre of St Martin de Belleville, less than 500m or a 5 min walk to the slopes, with a wood burning fireplace and complimentary ...",https://www.allchalets.com/holiday-rentals/24124-chalet-in-alpe-d-huez-france,allChalets,village-france-alpe-d-huez,5,chalets/images/allchalets-chalet-monica/,2026-10-06,hot tub not in facility list/description; calendar shows no bookings all season (probably unmaintained); calendar 20 Mar: Min stay - 1 night Availability: 8 guests; no rate table on allChalets
allchalets-apartment-40317,Apartment 40317,,Alpe d'Huez,,France,,8,4,2,apartment,,,none,yes,"steam room, swimming pool, indoor pool, boot dryer",,yes,,,,,quote-needed,,,,,unknown,,,"Welcome to Alpe d'Huez! This 4-bedroom, 2 bathroom, second floor apartment is perfect for a memorable skiing holiday in the mountains. Enjoy the fantastic location, with direct access to the pistes. You also have unlimited access to the on-site indoor ...",https://www.allchalets.com/holiday-rentals/40317-apartment-in-alpe-d-huez-france,allChalets,village-france-alpe-d-huez,5,chalets/images/allchalets-apartment-40317/,2026-10-06,hot tub not in facility list/description; calendar shows no bookings all season (probably unmaintained); calendar 20 Mar: Min stay - 7 nights Availability: 8 guests; no rate table on allChalets; unnamed listing; headline: Excellent and well located 4 bedroom ski in/out apartment for 8
allchalets-chalet-ciara,Chalet Ciara,,Alpe d'Huez,,France,,10,5,3,apartment,,,none,no,"fireplace, gym",,unknown,,,,,quote-needed,,,,,unknown,,,"Chalet Ciara is a high quality 4 star second floor apartment, 180m² in size with a lift, in the Christina residence, a snowball’s throw from the slopes. The apartment is spacious, bright and tastefully decorated and nicely furnished. The apartment ...",https://www.allchalets.com/holiday-rentals/28872-apartment-in-alpe-d-huez-france,allChalets,village-france-alpe-d-huez,5,chalets/images/allchalets-chalet-ciara/,2026-10-06,hot tub not in facility list/description; calendar shows no bookings all season (probably unmaintained); calendar 20 Mar: Min stay - 7 nights Availability: 10 guests; no rate table on allChalets
allchalets-chalet-25616,Chalet 25616,,Alpe d'Huez,,France,,8,4,2,chalet,,,none,no,"log fire, fireplace",,unknown,,,,,quote-needed,,,,,unknown,,,"Located in the heart of the French Alps, Alpe d'Huez is an internationally renowned ski resort that attracts visitors in summer and winter alike. 250 kilometers of ski slopes, ideal for skiers of all levels, exceptional sunshine earning it the ...",https://www.allchalets.com/holiday-rentals/25616-chalet-in-alpe-d-huez-france,allChalets,village-france-alpe-d-huez,5,chalets/images/allchalets-chalet-25616/,2026-10-06,hot tub not in facility list/description; calendar shows no bookings all season (probably unmaintained); calendar 20 Mar: Min stay - 7 nights Availability: 8 guests; no rate table on allChalets; unnamed listing; headline: Well located 4 bedroom option in Alpe d'Huez for up to 8
allchalets-apartment-48040,Apartment 48040,,Alpe d'Huez,,France,,8,4,3,apartment,self-catered,self-catered,none,no,,,unknown,Saturday,,whole-chalet,EUR,season-range,2700,6500,,,no,,,"Discover Parenthèse, a new luxury residence in Alpe d'Huez, offering a unique blend of luxury and comfort. Ideally located opposite the ski lifts and a stone's throw from amenities, it offers integrated shops, ski-in/ski-out access and indoor parking for an ...",https://www.allchalets.com/holiday-rentals/48040-apartment-in-alpe-d-huez-france,allChalets,village-france-alpe-d-huez,5,chalets/images/allchalets-apartment-48040/,2026-10-06,hot tub not in facility list/description; unnamed listing; headline: 
allchalets-chalet-40167,Chalet 40167,,Alpe d'Huez,,France,,8,4,2,chalet,self-catered,self-catered,none,no,"log fire, fireplace",,unknown,Saturday,,whole-chalet,EUR,season-range,2500,5100,,,no,,,"In the new Fermes de l'Alpe residence, experience “chalet life” in apartment E101, with its own entrance, ski locker and fireplace. Furnished like a small town chalet and decorated with care, you'll find all the comforts you need for a ...",https://www.allchalets.com/holiday-rentals/40167-chalet-in-alpe-d-huez-france,allChalets,village-france-alpe-d-huez,5,chalets/images/allchalets-chalet-40167/,2026-10-06,hot tub not in facility list/description; unnamed listing; headline: 
sno-chalet-torino,,,,,,,,5,5,,,self-catered,,,,,,,,,,,,,,,,,,,,allChalets,village-france-alpe-d-huez,,,2026-10-06,allChalets: https://www.allchalets.com/holiday-rentals/42221-chalet-in-alpe-d-huez-france; range EUR 7500-10000 whole-chalet; available 20 Mar: no
allchalets-apartment-48208,Apartment 48208,,Alpe d'Huez,,France,,8,4,3,apartment,,,none,no,,,unknown,,,,,quote-needed,,,,,unknown,,,"Perched at the top of Building B in the new Expression residence in Alpe d’Huez, apartment B32 stands out with its unique atmosphere. This 137 sq.m duplex, designed for 6 adults and 2 children, beautifully combines comfort, space, and contemporary ...",https://www.allchalets.com/holiday-rentals/48208-apartment-in-alpe-d-huez-france,allChalets,village-france-alpe-d-huez,5,chalets/images/allchalets-apartment-48208/,2026-10-06,hot tub not in facility list/description; no rate table on allChalets; unnamed listing; headline: 
allchalets-chalet-chloe,Chalet Chloe,,Alpe d'Huez,,France,,8,4,4,apartment,catered,,none,no,"steam room, log fire, boot dryer, gym",,yes,,,,,quote-needed,,,,,unknown,,,"In a luxury residence on Rue de Fontbelle, nestled at the top of the resort and at the bottom of the “Jeux” ski slope, offering a ski in ski out solution, with ski school just 150m away, Chalet Chloe is ...",https://www.allchalets.com/holiday-rentals/36122-apartment-in-alpe-d-huez-france,allChalets,village-france-alpe-d-huez,5,chalets/images/allchalets-chalet-chloe/,2026-10-06,hot tub not in facility list/description; calendar shows no bookings all season (probably unmaintained); calendar 20 Mar: Min stay - 1 night Availability: 8 guests; no rate table on allChalets
allchalets-chalet-du-gris,Chalet du Gris,,Huez (village),,France,,8,4,4,apartment,catered,,yes-type-unknown,no,,,yes,,,,,quote-needed,,,,,unknown,,,"Chalet du Gris is in the heart of the quiet village of Huez 1500 and could be your perfect chalet rental for your ski holiday this winter! This modern, upmarket chalet sleeping 8 people located at the foot of the ...",https://www.allchalets.com/holiday-rentals/34305-apartment-in-alpe-d-huez-france,allChalets,village-france-alpe-d-huez,5,chalets/images/allchalets-chalet-du-gris/,2026-10-06,hot tub in facility list; calendar shows no bookings all season (probably unmaintained); calendar 20 Mar: Min stay - 7 nights Availability: 8 guests; no rate table on allChalets; village set to Huez (village) from listing text (allChalets files it under Alpe d'Huez)
allchalets-chalet-des-cousins,Chalet des Cousins,,Vaujany,,France,,8,4,3,apartment,self-catered,self-catered,none,no,log fire,,unknown,,,,,quote-needed,,,,,unknown,,,"Les Cousins II This is Chalet des Cousins taken with La Petite Cabane, a stunning little refuge with generous and beautifully designed spaces to maximise the view added onto the main chalet of Les Cousins. Ideal for the Grandparents or ...",https://www.allchalets.com/holiday-rentals/15265-apartment-in-alpe-d-huez-france,allChalets,village-france-alpe-d-huez,5,chalets/images/allchalets-chalet-des-cousins/,2026-10-06,hot tub not in facility list/description; board from listing headline; calendar shows no bookings all season (probably unmaintained); calendar 20 Mar: Min stay - 1 night Availability: 8 guests; no rate table on allChalets; village set to Vaujany from listing text (allChalets files it under Alpe d'Huez)
allchalets-chalet-lou-iv,Chalet Lou IV,,Alpe d'Huez,,France,,9,4,4,apartment,,,yes-type-unknown,yes,,,yes,,,,,quote-needed,,,,,unknown,,,"Chalet Lou IV is one of 2 apartments in a larger chalet building offering a more unique log cabin atmosphere. It is situated in the 'Les Chalets de l'Altiport' development, so you can relax in a quiet mountain environment and ...",https://www.allchalets.com/holiday-rentals/39056-apartment-in-alpe-d-huez-france,allChalets,village-france-alpe-d-huez,5,chalets/images/allchalets-chalet-lou-iv/,2026-10-06,hot tub in facility list; calendar shows no bookings all season (probably unmaintained); calendar 20 Mar: Min stay - 7 nights Availability: 9 guests; no rate table on allChalets
allchalets-chalet-40338,Chalet 40338,,Alpe d'Huez,,France,,12,6,3,chalet,self-catered,self-catered,none,no,"steam room, log fire, games room",,yes,Saturday,,whole-chalet,EUR,season-range,6000,13000,,,no,,,"Located in the prestigious Chalets de l'Altiport development in the Bergers district, Chalet 1860 (178sqm) will seduce you with its open spaces, services, direct proximity to the ski slopes and the Bergers shopping center (500m). Its privileged location on the ...",https://www.allchalets.com/holiday-rentals/40338-chalet-in-alpe-d-huez-france,allChalets,village-france-alpe-d-huez,5,chalets/images/allchalets-chalet-40338/,2026-10-06,hot tub not in facility list/description; unnamed listing; headline: 
allchalets-apartment-details-59223,Apartment Details,,Alpe d'Huez,,France,,10,4,4,apartment,self-catered,self-catered,none,yes,"steam room, gym",,unknown,Sunday,,whole-chalet,EUR,season-range,5000,12000,,,no,,,"In a prestigious residence nestled in the heart of the resort, enjoy with family or friends an apartment with a resolutely chic and contemporary style for your stay in the mountains! Apartment Details: Sleeps 8 adults and 2 children Catering: ...",https://www.allchalets.com/holiday-rentals/59223-apartment-in-alpe-d-huez-france,allChalets,village-france-alpe-d-huez,5,chalets/images/allchalets-apartment-details-59223/,2026-10-06,hot tub not in facility list/description
allchalets-chalet-de-fonbelle,Chalet de Fonbelle,,Alpe d'Huez,,France,,10,4,3,apartment,,,none,yes,"log fire, fireplace, boot dryer, gym",,yes,,,,,quote-needed,,,,,unknown,,,"Chalet de Fonbelle is ideally located in the heart of Alpe d’Huez, in the Eden Blanc residence on Rue de Fonbelle. Staying at this excellent and large pet friendly apartment, will ensure you have wonderful and convenient holiday. Newly built, ...",https://www.allchalets.com/holiday-rentals/34006-apartment-in-alpe-d-huez-france,allChalets,village-france-alpe-d-huez,5,chalets/images/allchalets-chalet-de-fonbelle/,2026-10-06,hot tub not in facility list/description; calendar shows no bookings all season (probably unmaintained); calendar 20 Mar: Min stay - 7 nights Availability: 10 guests; no rate table on allChalets
allchalets-residence-daria-i-nor,Residence Daria-I Nor,,Alpe d'Huez,,France,,8,4,3,apartment,,,yes-type-unknown,yes,"steam room, swimming pool, indoor pool, fireplace, boot dryer, gym",,yes,,,,,quote-needed,,,,,unknown,,maeva-daria-i-nor-817504;maeva-daria-i-nor-817514;maeva-daria-i-nor-817524;maeva-daria-i-nor-817494,"The 5* Residence Daria-I Nor opened in December 2018, offering discreet luxury and the ultimate in Alpine comfort, built with the extensive use of traditional materials such as stone and wood and ensuring maximum use of natural light throughout and ...",https://www.allchalets.com/holiday-rentals/28844-apartment-in-alpe-d-huez-france,allChalets,village-france-alpe-d-huez,5,chalets/images/allchalets-residence-daria-i-nor/,2026-10-06,calendar shows no bookings all season (probably unmaintained); calendar 20 Mar: Min stay - 7 nights Availability: 8 guests; no rate table on allChalets
allchalets-chalet-par,Chalet Par,,Alpe d'Huez,,France,,8,4,3,chalet,catered,,none,no,"log fire, boot warmer",,yes,,,,,quote-needed,,,,,unknown,,,"The Chalet Par 72 is one of the chalets located in the Chalets du Golf area, in the Bergers district, offering a unique location away from the hustle and bustle, yet close to shops, restaurants and boutiques. You'll also enjoy ...",https://www.allchalets.com/holiday-rentals/40129-chalet-in-alpe-d-huez-france,allChalets,village-france-alpe-d-huez,5,chalets/images/allchalets-chalet-par/,2026-10-06,hot tub not in facility list/description; calendar shows no bookings all season (probably unmaintained); calendar 20 Mar: Min stay - 7 nights Availability: 8 guests; no rate table on allChalets
allchalets-chalet-solneige,Chalet Solneige,,Vaujany,,France,,16,6,5,chalet,catered,,private-outdoor,yes,"log fire, open fire",,unknown,,,,,quote-needed,,,,,unknown,,,"Chalet Solneige has several comfortable double and triple rooms for rent as well as a family room which consists of two separate rooms and is suited for four people. Every room has its own special charm, a nice bathroom and ...",https://www.allchalets.com/holiday-rentals/2172-chalet-in-alpe-d-huez-france,allChalets,village-france-alpe-d-huez,5,chalets/images/allchalets-chalet-solneige/,2026-10-06,hot tub in facility list; calendar shows no bookings all season (probably unmaintained); calendar 20 Mar: Min stay - 7 nights Availability: 16 guests; no rate table on allChalets; village set to Vaujany from listing text (allChalets files it under Alpe d'Huez)
allchalets-chalet-vl,Chalet VL,,Alpe d'Huez,,France,,15,8,7,chalet,,,none,yes,"log fire, open fire, fireplace, games room",,yes,,,,,quote-needed,,,,,unknown,,,"Chalet VL is a popular choice for Alpe d’Huez, offering a genuine ski in ski out option being situated right on the piste, in the heart of the Old Town. This charming detached property provides the discerning skier with all ...",https://www.allchalets.com/holiday-rentals/34792-chalet-in-alpe-d-huez-france,allChalets,village-france-alpe-d-huez,5,chalets/images/allchalets-chalet-vl/,2026-10-06,hot tub not in facility list/description; calendar shows no bookings all season (probably unmaintained); no rate table on allChalets
allchalets-chalet-62541,Chalet 62541,,Alpe d'Huez,,France,,14,6,6,chalet,catered,,private-outdoor,yes,"steam room, log fire, fireplace, boot dryer",,yes,,,,,quote-needed,,,,,unknown,,,"You will want for nothing if you stay at this superb and spacious 360 m2 chalet in the privileged setting of the Altiport Chalet area of Alpe d'Huez, where you can ski directly from the chalet and return back on ...",https://www.allchalets.com/holiday-rentals/62541-chalet-in-alpe-d-huez-france,allChalets,village-france-alpe-d-huez,5,chalets/images/allchalets-chalet-62541/,2026-10-06,"hot tub in facility list; calendar shows no bookings all season (probably unmaintained); calendar 20 Mar: Min stay - 7 nights Availability: 14 guests; no rate table on allChalets; unnamed listing; headline: Stunning ski in ski out 6 bedroom chalet with sauna, hammam and hot tub"
allchalets-apartment-55936,Apartment 55936,,Alpe d'Huez,,France,,8,3,3,apartment,self-catered,self-catered,none,yes,"steam room, gym",,unknown,Saturday,,whole-chalet,EUR,season-range,4000,8200,,,no,,,"In a luxury residence nestled in the heart of the resort, enjoy a chic and contemporary apartment with family or friends for your stay in the mountains! La Belle Aurore will charm you with its location at the foot of ...",https://www.allchalets.com/holiday-rentals/55936-apartment-in-alpe-d-huez-france,allChalets,village-france-alpe-d-huez,5,chalets/images/allchalets-apartment-55936/,2026-10-06,hot tub not in facility list/description; unnamed listing; headline: 
allchalets-chalet-de-neige,Chalet de Neige,,Alpe d'Huez,,France,,14,6,6,chalet,,,none,yes,,,unknown,,,,,quote-needed,,,,,unknown,,,"Chalet de Neige is a luxurious and sophisticated 6 bedroom chalet in Alpe d’Huez with a distinct personality and atmosphere of its own.Decorated and furnished to a high-standard and situated at an outstanding location, just 150 m from the slopes ...",https://www.allchalets.com/holiday-rentals/23924-chalet-in-alpe-d-huez-france,allChalets,village-france-alpe-d-huez,5,chalets/images/allchalets-chalet-de-neige/,2026-10-06,hot tub not in facility list/description; calendar shows no bookings all season (probably unmaintained); calendar 20 Mar: Min stay - 1 night Availability: 14 guests; no rate table on allChalets
allchalets-apartment-42125,Apartment 42125,,Alpe d'Huez,,France,,11,4,3,apartment,self-catered,self-catered,none,no,,,unknown,Saturday,,whole-chalet,EUR,season-range,3800,7500,,,no,,,"This charming 110 m² family apartment, ideally located in Alpe d’Huez, boasts an exceptional setting. Just steps away from the ski slopes and lift departures, while remaining close to the heart of the resort, it perfectly balances convenience and accessibility. ...",https://www.allchalets.com/holiday-rentals/42125-apartment-in-alpe-d-huez-france,allChalets,village-france-alpe-d-huez,5,chalets/images/allchalets-apartment-42125/,2026-10-06,hot tub not in facility list/description; unnamed listing; headline: 
allchalets-chalet-lou,Chalet Lou,,Alpe d'Huez,,France,,14,6,6,chalet,,,private-outdoor,yes,"log fire, boot dryer",,yes,,,,,quote-needed,,,,,yes,,,"Experience the charm of a mountain getaway at Chalet Lou, ideally located at the foot of the slopes within the Les Chalets de l’Altiport development. Built from solid logs and facing south, its spacious terraces open onto breathtaking views of ...",https://www.allchalets.com/holiday-rentals/62538-chalet-in-alpe-d-huez-france,allChalets,village-france-alpe-d-huez,5,chalets/images/allchalets-chalet-lou/,2026-10-06,hot tub in facility list; calendar 20 Mar: Min stay - 7 nights Availability: 14 guests; no rate table on allChalets
allchalets-chalet-de-fonbelle-25793,Chalet de Fonbelle,,Alpe d'Huez,,France,,15,8,8,chalet,catered,,private-indoor,yes,"log fire, fireplace",,yes,Saturday,,per-person,GBP,season-range,1350,2400,,,no,,,"Chalet de Fonbelle, located in the Alpe d'Huez resort, enjoys a dream location close to the centre of the resort, on Rue de Fontbelle, with immediate access to the large ski area. This prestigious chalet boasts all the services and ...",https://www.allchalets.com/holiday-rentals/25793-chalet-in-alpe-d-huez-france,allChalets,village-france-alpe-d-huez,5,chalets/images/allchalets-chalet-de-fonbelle-25793/,2026-10-06,hot tub in facility list
allchalets-chalet-34240,Chalet 34240,,Alpe d'Huez,,France,,15,8,8,chalet,,,none,yes,"log fire, fireplace, cinema",,yes,,,,,quote-needed,,,,,unknown,,,"Alpe d'Huez is a large and popular purpose-built resort with an excellent range of facilities and services, ideal for those looking to enjoy an excellent ski holiday both on and off the pistes. At 1860m altitude, the south facing resort ...",https://www.allchalets.com/holiday-rentals/34240-chalet-in-alpe-d-huez-france,allChalets,village-france-alpe-d-huez,5,chalets/images/allchalets-chalet-34240/,2026-10-06,hot tub not in facility list/description; calendar shows no bookings all season (probably unmaintained); calendar 20 Mar: Min stay - 7 nights Availability: 15 guests; no rate table on allChalets; unnamed listing; headline: Excellent ski in ski out chalet with sauna for up to 15
sno-chalet-ecureuil,,,,,,,,,5,,,self-catered,,,,,,,,,,,,,,,,,,,,allChalets,village-france-alpe-d-huez,,,2026-10-06,allChalets: https://www.allchalets.com/holiday-rentals/38949-chalet-in-alpe-d-huez-france; range EUR 8500-18000 whole-chalet; available 20 Mar: no
allchalets-chalet-2155,Chalet 2155,,Alpe d'Huez,,France,,8,5,2,chalet,,,none,no,,,unknown,,,,,quote-needed,,,,,unknown,,,"The Granary House has been lovingly renovated to provide a stunning home in the center of Le Bourg d’Oisans, just 20 minutes from the snow sure resort of Alpe d’Huez Grand Domaine and a little over an hour from Grenoble ...",https://www.allchalets.com/holiday-rentals/2155-chalet-in-alpe-d-huez-france,allChalets,village-france-alpe-d-huez,5,chalets/images/allchalets-chalet-2155/,2026-10-06,hot tub not in facility list/description; calendar shows no bookings all season (probably unmaintained); no rate table on allChalets; unnamed listing; headline: The Granary House in Le Bourg d'Oisans on the foot of the Alpe d'Heuz
allchalets-chalet-des-neiges,Chalet des Neiges,,Oz-en-Oisans,,France,,10,5,5,apartment,,,none,yes,"swimming pool, indoor pool, fireplace",,yes,,,,,quote-needed,,,,,unknown,,,"Chalet des Neiges is located in Oz-en-Oisans, just a cable car ride and at 1650ft, from the Alpes d’Huez Ski Resort, connected by the piste. Guests can relax in the indoor pool and sauna or enjoy a work-out in the ...",https://www.allchalets.com/holiday-rentals/24509-apartment-in-alpe-d-huez-france,allChalets,village-france-alpe-d-huez,5,chalets/images/allchalets-chalet-des-neiges/,2026-10-06,hot tub not in facility list/description; calendar shows no bookings all season (probably unmaintained); calendar 20 Mar: Min stay - 1 night Availability: 10 guests; no rate table on allChalets; village set to Oz-en-Oisans from listing text (allChalets files it under Alpe d'Huez)
allchalets-apartment-36169,Apartment 36169,,Alpe d'Huez,,France,,8,4,3,apartment,,,none,no,"log fire, fireplace",,yes,,,,,quote-needed,,,,,unknown,,,"Enjoy the quality and space of this beautiful 115m2, 3rd floor apartment, conveniently situated in the heart of Alpe d’Huez on. Avenue des Jeux, almost opposite the Spa supermarket. Accommodating up to 8 people in its 4 bedrooms, you’ll have ...",https://www.allchalets.com/holiday-rentals/36169-apartment-in-alpe-d-huez-france,allChalets,village-france-alpe-d-huez,5,chalets/images/allchalets-apartment-36169/,2026-10-06,hot tub not in facility list/description; calendar shows no bookings all season (probably unmaintained); calendar 20 Mar: Min stay - 7 nights Availability: 8 guests; no rate table on allChalets; unnamed listing; headline: Superb 4 bedroom 3 bathroom chalet apartment for up to 8
allchalets-apartment-details-49248,Apartment Details,,Alpe d'Huez,,France,,10,4,2,apartment,,,none,no,,,unknown,,,,,quote-needed,,,,,unknown,,,Apartment Details: Sleeps 8 adults and 2 children Catering: Self catered Ground floor: Double bedroom: - Wardrobe and TV - 1 Double bed (160x200cm) - Ensuite bathroom: Walk-in shower and Single hand basin --------------------------- Floor 1: Double bedroom: - Wardrobe ...,https://www.allchalets.com/holiday-rentals/49248-apartment-in-alpe-d-huez-france,allChalets,village-france-alpe-d-huez,5,chalets/images/allchalets-apartment-details-49248/,2026-10-06,hot tub not in facility list/description; no rate table on allChalets
allchalets-chalet-naomi,Chalet Naomi,,Alpe d'Huez,,France,,8,4,4,apartment,catered,,none,yes,"log fire, boot dryer",,unknown,,,,,quote-needed,,,,,unknown,,,"Chalet Naomi would not look out of place in a story book with its timber exterior and aged wood finish. This quaint charm has been paired with 21st century comforts, such as a sauna and heated boot dryers, so you ...",https://www.allchalets.com/holiday-rentals/25751-apartment-in-alpe-d-huez-france,allChalets,village-france-alpe-d-huez,1,chalets/images/allchalets-chalet-naomi/,2026-10-06,hot tub not in facility list/description; calendar shows no bookings all season (probably unmaintained); calendar 20 Mar: Min stay - 7 nights Availability: 8 guests; no rate table on allChalets
allchalets-chalet-40619,Chalet 40619,,Alpe d'Huez,,France,,14,7,6,chalet,,,private (location not stated),yes,"log fire, fireplace",,yes,,,,,quote-needed,,,,,unknown,,,"Enjoy yourself in this excellent 4 star mountain chalet, ideally located on the slopes, thus offering a ski in ski option in the superb resort of Alpe d'Huez. Perfect for holidays with family or friends this spacious chalet is bookable ...",https://www.allchalets.com/holiday-rentals/40619-chalet-in-alpe-d-huez-france,allChalets,village-france-alpe-d-huez,5,chalets/images/allchalets-chalet-40619/,2026-10-06,hot tub in facility list; calendar shows no bookings all season (probably unmaintained); calendar 20 Mar: Min stay - 7 nights Availability: 14 guests; no rate table on allChalets; unnamed listing; headline: Superb ski in ski out 7 bedroom chalet with sauna and hot tub
allchalets-apartment-34505,Apartment 34505,,Alpe d'Huez,,France,,8,4,4,apartment,,,none,no,,,unknown,,,,,quote-needed,,,,,unknown,,,"In the heart of the prestigious Cognet district at Alpe d'Huez, the Eden Blanc A21 apartment invites you to experience a stay combining luxury, comfort, and authenticity. With a surface area of 175 m², it can accommodate up to eight ...",https://www.allchalets.com/holiday-rentals/34505-apartment-in-alpe-d-huez-france,allChalets,village-france-alpe-d-huez,5,chalets/images/allchalets-apartment-34505/,2026-10-06,hot tub not in facility list/description; no rate table on allChalets; unnamed listing; headline: 
allchalets-apartment-39357,Apartment 39357,,Alpe d'Huez,,France,,8,2,2,apartment,self-catered,self-catered,none,no,,,unknown,Saturday,,whole-chalet,EUR,season-range,2300,4800,,,no,,,"In the new Les fermes de l'Alpe residence, discover flat D105, located on the first floor of building D. Its decor and use of local materials create a cosy, welcoming atmosphere. The ski lifts are just 200m away and the ...",https://www.allchalets.com/holiday-rentals/39357-apartment-in-alpe-d-huez-france,allChalets,village-france-alpe-d-huez,5,chalets/images/allchalets-apartment-39357/,2026-10-06,hot tub not in facility list/description; unnamed listing; headline: 
allchalets-apartment-35461,Apartment 35461,,Alpe d'Huez,,France,,8,4,3,apartment,,,none,no,,,yes,,,,,quote-needed,,,,,unknown,,,"This is a spacious 100m² apartment is very conveniently located in the Cognet district at the foot of the slopes, on Route du Signal, where you'll find all the amenities, as well as numerous bars, shops, restaurants and activities, including ...",https://www.allchalets.com/holiday-rentals/35461-apartment-in-alpe-d-huez-france,allChalets,village-france-alpe-d-huez,5,chalets/images/allchalets-apartment-35461/,2026-10-06,hot tub not in facility list/description; calendar shows no bookings all season (probably unmaintained); calendar 20 Mar: Min stay - 7 nights Availability: 8 guests; no rate table on allChalets; unnamed listing; headline: Excellent and well located 4 bedroom chalet for up to 8
allchalets-apartment-39099,Apartment 39099,,Alpe d'Huez,,France,,8,3,3,apartment,self-catered,self-catered,none,no,,,unknown,Saturday,,whole-chalet,EUR,season-range,1950,4800,,,no,,,"In the residence of Les Fermes de l'Alpe, discover the apartment D-206, on the second floor of the building D. The apartment diffuses a soft and serene atmosphere by assuring you of marvelous moments in family or between friends in ...",https://www.allchalets.com/holiday-rentals/39099-apartment-in-alpe-d-huez-france,allChalets,village-france-alpe-d-huez,5,chalets/images/allchalets-apartment-39099/,2026-10-06,hot tub not in facility list/description; unnamed listing; headline: 
allchalets-chalet-lauziere,Chalet Lauzière,,Alpe d'Huez,,France,,8,4,3,chalet,,,none,no,,,yes,,,,,quote-needed,,,,,unknown,,,"Nestled in the sought-after Altiport area, Chalet Lauzière welcomes you in an exceptional setting. This 175 m² chalet, adorned with traditional Alpine décor, offers all the comfort you need for up to 8 guests with its four spacious double bedrooms. ...",https://www.allchalets.com/holiday-rentals/48141-chalet-in-alpe-d-huez-france,allChalets,village-france-alpe-d-huez,5,chalets/images/allchalets-chalet-lauziere/,2026-10-06,hot tub not in facility list/description; no rate table on allChalets
allchalets-apartment-43032,Apartment 43032,,Alpe d'Huez,,France,,8,3,2,apartment,self-catered,self-catered,none,no,,,unknown,Saturday,,whole-chalet,EUR,season-range,2600,5200,,,no,,,"Discover Parenthese, a new luxury residence in Alpe d'Huez, offering a unique blend of luxury and comfort. Ideally located opposite the ski lifts and a stone's throw from amenities, it offers integrated shops, ski-in/ski-out access and indoor parking for an ...",https://www.allchalets.com/holiday-rentals/43032-apartment-in-alpe-d-huez-france,allChalets,village-france-alpe-d-huez,5,chalets/images/allchalets-apartment-43032/,2026-10-06,hot tub not in facility list/description; unnamed listing; headline: 
maeva-chalet-lievre-blanc,,,,,,,,7,7,,,self-catered,,,"swimming pool, log fire, fireplace",,unknown,,,whole-chalet,EUR,season-range,9887,30505,,,no,,,"""Chalet Lièvre Blanc"", 8-room chalet 300 m2 on 3 levels. Tasteful and wooden furniture furnishings: on the lower ground floor: 2 rooms, each room with 2 beds (90 cm, length 190 cm), bathroom. Exit to the balcony. Upper floor: living/dining ...",,allChalets,village-france-alpe-d-huez,5,chalets/images/maeva-chalet-lievre-blanc/,2026-10-06,allChalets: https://www.allchalets.com/holiday-rentals/62167-chalet-in-alpe-d-huez-france; range EUR 9887-30505 whole-chalet; available 20 Mar: no
allchalets-apartment-60076,Apartment 60076,,Vaujany,,France,,8,3,2,apartment,self-catered,self-catered,none,yes,games room,,unknown,,1487,whole-chalet,EUR,exact-week,1033,3845,,,no,,,"This spacious apartment is located in the heart of the charming Vaujany village, offering an ideal base for both skiing and hiking enthusiasts. At an altitude of 1250m, the accommodation is surrounded by breathtaking views of the Grandes Rousses massif ...",https://www.allchalets.com/holiday-rentals/60076-apartment-in-alpe-d-huez-france,allChalets,village-france-alpe-d-huez,5,chalets/images/allchalets-apartment-60076/,2026-10-06,hot tub not in facility list/description; rate listed for 20 Mar week but calendar shows booked; unnamed listing; headline: Apartment in Vaujany near Alpe d'Huez Ski Area; village set to Vaujany from listing text (allChalets files it under Alpe d'Huez)
allchalets-apartment-62993,Apartment 62993,,Alpe d'Huez,,France,,8,3,2,apartment,self-catered,self-catered,yes-type-unknown,yes,"steam room, swimming pool, indoor pool, boot dryer, gym",,unknown,,,whole-chalet,EUR,season-range,1906,8257,,,no,,,"""CGHRés&Spa Le Cristal de l'Alpe 5*"", 4-room apartment 60 to 75 m2. Comfortable and tasteful furnishings: living/sleeping room with 1 double sofabed, dining table and satellite TV. Exit to the balcony. 1 room with 1 french bed. 2 rooms, each ...",https://www.allchalets.com/holiday-rentals/62993-apartment-in-alpe-d-huez-france,allChalets,village-france-alpe-d-huez,5,chalets/images/allchalets-apartment-62993/,2026-10-06,hot tub in facility list; unnamed listing; headline: 
allchalets-residence-prestige-l-eclose,Résidence Prestige L'Eclose,,Alpe d'Huez,,France,,10,4,3,apartment,catered-or-self,,none,no,,,unknown,,,whole-chalet,EUR,season-range,2126,9464,,,no,,,"Résidence Prestige L'Eclose is a new, stylish residence with contemporary and comfortably furnished apartments. A few larger, connected chalets accommodate apartments of various sizes. Built with plenty of wood, natural stone and quality materials in a local and contemporary style, ...",https://www.allchalets.com/holiday-rentals/57365-apartment-in-alpe-d-huez-france,allChalets,village-france-alpe-d-huez,5,chalets/images/allchalets-residence-prestige-l-eclose/,2026-10-06,hot tub not in facility list/description
allchalets-residence-prestige-l-eclose-57356,Résidence Prestige L'Eclose,,Alpe d'Huez,,France,,10,3,2,apartment,catered-or-self,,none,no,,,unknown,,,whole-chalet,EUR,season-range,2010,9353,,,no,,,"Résidence Prestige L'Eclose is a new, stylish residence with contemporary and comfortably furnished apartments. A few larger, connected chalets accommodate apartments of various sizes. Built with plenty of wood, natural stone and quality materials in a local and contemporary style, ...",https://www.allchalets.com/holiday-rentals/57356-apartment-in-alpe-d-huez-france,allChalets,village-france-alpe-d-huez,5,chalets/images/allchalets-residence-prestige-l-eclose-57356/,2026-10-06,hot tub not in facility list/description
allchalets-apartment-57032,Apartment 57032,,Vaujany,,France,,8,3,2,apartment,self-catered,self-catered,none,yes,games room,,unknown,,1706,whole-chalet,EUR,exact-week,1151,4320,,,no,,,"Nestled in the picturesque village of Vaujany, this spacious 3-bedroom, 2-bathroom apartment offers an ideal setting for both winter sports enthusiasts and nature lovers. At an altitude of 1250m, the apartment provides stunning views of the Grandes Rousses massif, allowing ...",https://www.allchalets.com/holiday-rentals/57032-apartment-in-alpe-d-huez-france,allChalets,village-france-alpe-d-huez,5,chalets/images/allchalets-apartment-57032/,2026-10-06,hot tub not in facility list/description; rate listed for 20 Mar week but calendar shows booked; unnamed listing; headline: Apartment in Vaujany near Alpe d'Huez Slopes; village set to Vaujany from listing text (allChalets files it under Alpe d'Huez)
allchalets-residence-prestige-l-eclose-57345,Résidence Prestige L'Eclose,,Alpe d'Huez,,France,,8,3,2,apartment,catered-or-self,,none,no,,,unknown,,,whole-chalet,EUR,season-range,1845,8498,,,no,,,"Résidence Prestige L'Eclose is a new, stylish residence with contemporary and comfortably furnished apartments. A few larger, connected chalets accommodate apartments of various sizes. Built with plenty of wood, natural stone and quality materials in a local and contemporary style, ...",https://www.allchalets.com/holiday-rentals/57345-apartment-in-alpe-d-huez-france,allChalets,village-france-alpe-d-huez,5,chalets/images/allchalets-residence-prestige-l-eclose-57345/,2026-10-06,hot tub not in facility list/description
allchalets-chalet-57021,Chalet 57021,,Huez (village),,France,,8,4,2,chalet,self-catered,self-catered,none,no,gym,,unknown,,,whole-chalet,EUR,season-range,1044,4101,,,no,,,"Located in Huez the Rhone Alpes in South of France, this quaint chalet has 4 bedrooms for 8 people. Ideal for families, guests can enjoy beautiful views from the balcony and access free WiFi. Since it is located only 150 ...",https://www.allchalets.com/holiday-rentals/57021-chalet-in-alpe-d-huez-france,allChalets,village-france-alpe-d-huez,5,chalets/images/allchalets-chalet-57021/,2026-10-06,hot tub not in facility list/description; unnamed listing; headline: Chalet in Huez near Ski Slope; village set to Huez (village) from listing text (allChalets files it under Alpe d'Huez)
allchalets-chalet-diane,Chalet Diane,,Alpe d'Huez,,France,,14,7,7,chalet,,,none,yes,"swimming pool, log fire, fireplace, cinema",,yes,,,,,quote-needed,,,,,no,,build-my-ski-trip-diane,"Chalet Diane is a 7 bedroom chalet located right on the ski slopes in Alpe d'Huez, giving you easy access to all of the Grand Domaine ski are. Situated in the Chalets de l'Altiport area you can ski-in, ski-out and ...",https://www.allchalets.com/holiday-rentals/35099-chalet-in-alpe-d-huez-france,allChalets,village-france-alpe-d-huez,5,chalets/images/allchalets-chalet-diane/,2026-10-06,hot tub not in facility list/description; no rate table on allChalets
allchalets-chalet-nuance-22811,Chalet Nuance,,Huez (village),,France,,10,4,4,chalet,self-catered,self-catered,private-outdoor,yes,,,unknown,,,,,quote-needed,,,,,no,,,This modern self catered ski chalet is located in the heart of the village of Huez 1500 and at the foot of the cable car that links with Alpe d'Huez. Chalet Nuance de Bleu can sleep 10 guests as it ...,https://www.allchalets.com/holiday-rentals/22811-chalet-in-alpe-d-huez-france,allChalets,village-france-alpe-d-huez,5,chalets/images/allchalets-chalet-nuance-22811/,2026-10-06,hot tub in facility list; board from listing headline; no rate table on allChalets; village set to Huez (village) from listing text (allChalets files it under Alpe d'Huez)
allchalets-chalet-22742,Chalet 22742,,Huez (village),,France,,12,5,5,chalet,,,private-outdoor,yes,boot warmer,,unknown,,,,,quote-needed,,,,,no,,,Spacious self-catering ski chalet (230m²) located in the traditional French village of Huez at 1500 meters. The chalet is situated next to the cable car which brings you to the ski resort of Alpe d'Huez 1850. This chalet sleeps 12 ...,https://www.allchalets.com/holiday-rentals/22742-chalet-in-alpe-d-huez-france,allChalets,village-france-alpe-d-huez,5,chalets/images/allchalets-chalet-22742/,2026-10-06,hot tub in facility list; no rate table on allChalets; unnamed listing; headline: Spacious chalet with outdoor hot tub located next to cable car in Huez; village set to Huez (village) from listing text (allChalets files it under Alpe d'Huez)
allchalets-chalet-de-louis,Chalet De Louis,,Huez (village),,France,,10,4,4,chalet,self-catered,self-catered,private (location not stated),no,boot warmer,,unknown,,,,,quote-needed,,,,,no,,,"The spacious Chalet De Louis (130m²) sleeps up to 10 people and has its own private entrance and is close to the cable car and ski slopes as well as shops, restaurants, bars, etc in the village of Huez. The ...",https://www.allchalets.com/holiday-rentals/16294-chalet-in-alpe-d-huez-france,allChalets,village-france-alpe-d-huez,0,,2026-10-06,hot tub in facility list; board from listing headline; no rate table on allChalets; village set to Huez (village) from listing text (allChalets files it under Alpe d'Huez)
allchalets-chalet-de-sarenne,Chalet De Sarenne,,Huez (village),,France,,12,5,4,chalet,,,shared,no,,,unknown,,,,,quote-needed,,,,,no,,,"Chalet De Sarenne is located in the village of Huez, only 70 meters from the ski slopes which is part of the Alpe d'Huez ski area. This lovely chalet has an outdoor hot tub on the terrace with beautiful views ...",https://www.allchalets.com/holiday-rentals/19093-chalet-in-alpe-d-huez-france,allChalets,village-france-alpe-d-huez,0,,2026-10-06,hot tub in facility list; no rate table on allChalets; village set to Huez (village) from listing text (allChalets files it under Alpe d'Huez)
allchalets-chalet-36119,Chalet 36119,,Alpe d'Huez,,France,,14,6,6,chalet,catered,,none,yes,log fire,,unknown,Saturday,1609,per-person,GBP,exact-week,1369,2698,,,no,,,"A modern, contemporary take on a traditional alpine ski chalet, Secret de Neige provides beauty and comfort both inside and out. We're certain you'll fall in love with this chalet, with it's unique, quirky décor and it's elevated south-facing terrace ...",https://www.allchalets.com/holiday-rentals/36119-chalet-in-alpe-d-huez-france,allChalets,village-france-alpe-d-huez,5,chalets/images/allchalets-chalet-36119/,2026-10-06,hot tub not in facility list/description; rate listed for 20 Mar week but calendar shows booked; unnamed listing; headline: Modern chalet in the heart of Alpe d'Huez
