site,chalet_id,chalet_name,operator,village,passes_filters,url
Ski Line,skiline-aiguille-grive-hotel-chalets,Aiguille Grive Hotel & Chalets,,,yes,https://www.skiline.co.uk/ski-holidays/france/les-arcs/aiguille-grive-hotel-chalets
Ski Line,skiline-apartments-chalets-du-gypse,Apartments Chalets Du Gypse,,,no,https://www.skiline.co.uk/ski-holidays/france/st-martin-de-belleville/apartments-chalets-du-gypse
Ski Line,skiline-apartments-les-chalets-de-solaise,Apartments Les Chalets De Solaise,,,no,https://www.skiline.co.uk/ski-holidays/france/val-disere/apartments-les-chalets-de-solaise
Ski Line,skiline-apartments-les-chalets-edelweiss,Apartments Les Chalets Edelweiss,,,no,https://www.skiline.co.uk/ski-holidays/france/la-plagne/apartments-les-chalets-edelweiss
Ski Line,skiline-apartments-ruisseau-de-la-renarde,Apartments Ruisseau De La Renarde,,,no,https://www.skiline.co.uk/ski-holidays/france/meribel/chalet-ruisseau-de-la-renarde
Ski Line,skiline-chalet-6-les-balcons,Chalet 6 Les Balcons,,,no,https://www.skiline.co.uk/ski-holidays/france/val-thorens/chalet-6-les-balcons
Ski Line,skiline-chalet-agathe-blanche,Chalet Agathe Blanche,,,no,https://www.skiline.co.uk/ski-holidays/france/courchevel/chalet-agathe-blanche
Ski Line,skiline-chalet-ajacour,Chalet Ajacour,,,no,https://www.skiline.co.uk/ski-holidays/france/courchevel/chalet-ajacour
Ski Line,skiline-chalet-alpinium-1,Chalet Alpinium 1,,,no,https://www.skiline.co.uk/ski-holidays/france/tignes/chalet-alpinium-1-2
Ski Line,skiline-chalet-alpinium-2,Chalet Alpinium 2,,,no,https://www.skiline.co.uk/ski-holidays/france/tignes/chalet-alpinium-2-2
Ski Line,skiline-chalet-altitude,Chalet Altitude,,,no,https://www.skiline.co.uk/ski-holidays/france/val-thorens/chalet-altitude-2
Ski Line,skiline-chalet-altitude-2,Chalet Altitude,,,no,https://www.skiline.co.uk/ski-holidays/france/les-arcs/chalet-altitude
Ski Line,skiline-chalet-altitude-apartments,Chalet Altitude Apartments,,,no,https://www.skiline.co.uk/ski-holidays/france/val-thorens/chalet-altitude-apartments-2
Ski Line,skiline-chalet-altitude-arc-2000,Chalet Altitude Arc 2000,,,no,https://www.skiline.co.uk/ski-holidays/france/les-arcs/chalet-altitude-arc-2000
Ski Line,skiline-chalet-altitude-ski-apartments,Chalet Altitude Ski Apartments,,,no,https://www.skiline.co.uk/ski-holidays/france/les-arcs/chalet-altitude-apartments
Ski Line,skiline-chalet-amnesia,Chalet Amnesia,,,no,https://www.skiline.co.uk/ski-holidays/france/courchevel/chalet-amnesia
Ski Line,skiline-chalet-annapurna-2,Chalet Annapurna 2,,,no,https://www.skiline.co.uk/ski-holidays/france/tignes/chalet-annapurna-2
Ski Line,skiline-chalet-annapurna-lodges,Chalet Annapurna Lodges,,,no,https://www.skiline.co.uk/ski-holidays/france/tignes/chalet-annapurna-lodges
Ski Line,skiline-chalet-arpoza,Chalet Arpoza,,,no,https://www.skiline.co.uk/ski-holidays/france/les-arcs/chalet-arpoza
Ski Line,skiline-chalet-azalee,Chalet Azalee,,,yes,https://www.skiline.co.uk/ski-holidays/france/meribel/chalet-azalee-2
Ski Line,skiline-chalet-barthelemy,Chalet Barthelemy,,,no,https://www.skiline.co.uk/ski-holidays/france/st-martin-de-belleville/chalet-barthelemy
Ski Line,skiline-chalet-beriozka,Chalet Beriozka,,,no,https://www.skiline.co.uk/ski-holidays/france/la-tania/chalet-beriozka
Ski Line,skiline-chalet-bobech,Chalet Bobech,,,no,https://www.skiline.co.uk/ski-holidays/france/tignes/chalet-bobech-2
Ski Line,skiline-chalet-camille,Chalet Camille,,,no,https://www.skiline.co.uk/ski-holidays/france/tignes/chalet-camille-2
Ski Line,skiline-chalet-caribou,Chalet Caribou,,,yes,https://www.skiline.co.uk/ski-holidays/france/val-thorens/chalet-caribou-2
Ski Line,skiline-chalet-caseblanche,Chalet Caseblanche,,,no,https://www.skiline.co.uk/ski-holidays/france/st-martin-de-belleville/chalet-caseblanche
Ski Line,skiline-chalet-centenary,Chalet Centenary,,,no,https://www.skiline.co.uk/ski-holidays/france/courchevel/chalet-centenary
Ski Line,skiline-chalet-charvet,Chalet Charvet,,,no,https://www.skiline.co.uk/ski-holidays/france/val-disere/chalet-charvet
Ski Line,skiline-chalet-crete-cote-e2,Chalet Crete Cote E2,,,no,https://www.skiline.co.uk/ski-holidays/france/la-plagne/chalet-crete-cote-e2
Ski Line,skiline-chalet-de-julie,Chalet De Julie,,,no,https://www.skiline.co.uk/ski-holidays/france/st-martin-de-belleville/chalet-de-julie
Ski Line,skiline-chalet-de-lours,Chalet De L’Ours,,,no,https://www.skiline.co.uk/ski-holidays/france/les-arcs/chalet-de-lours
Ski Line,skiline-chalet-de-lourse,Chalet De L’Ourse,,,no,https://www.skiline.co.uk/ski-holidays/france/courchevel/chalet-de-lourse
Ski Line,skiline-chalet-des-neiges-hermine,Chalet Des Neiges Hermine,,,no,https://www.skiline.co.uk/ski-holidays/france/val-thorens/chalet-des-neiges-hermine
Ski Line,skiline-chalet-des-neiges-plein-sud,Chalet Des Neiges Plein Sud,,,no,https://www.skiline.co.uk/ski-holidays/france/val-thorens/chalet-des-neiges-plein-sud
Ski Line,skiline-chalet-du-forum,Chalet Du Forum,,,no,https://www.skiline.co.uk/ski-holidays/france/courchevel/chalet-du-forum
Ski Line,skiline-chalet-du-jardin-alpin-2,Chalet Du Jardin Alpin 2,,,no,https://www.skiline.co.uk/ski-holidays/france/val-disere/chalet-du-jardin-alpin-2
Ski Line,skiline-chalet-dalice,Chalet D’Alice,,,no,https://www.skiline.co.uk/ski-holidays/france/les-menuires/chalet-dalice-2
Ski Line,skiline-chalet-eden,Chalet Eden,,,no,https://www.skiline.co.uk/ski-holidays/france/les-arcs/chalet-eden
Ski Line,skiline-chalet-etienne,Chalet Etienne,,,no,https://www.skiline.co.uk/ski-holidays/france/meribel/chalet-etienne-2
Ski Line,skiline-chalet-etienne-2,Chalet Etienne,,,no,https://www.skiline.co.uk/ski-holidays/france/meribel/chalet-etienne
Ski Line,skiline-chalet-forsythia,Chalet Forsythia,,,no,https://www.skiline.co.uk/ski-holidays/france/les-arcs/chalet-forsythia
Ski Line,skiline-chalet-ganga,Chalet Ganga,,,no,https://www.skiline.co.uk/ski-holidays/france/tignes/chalet-ganga
Ski Line,skiline-chalet-genevrier,Chalet Genevrier,,,no,https://www.skiline.co.uk/ski-holidays/france/meribel/chalet-genevrier
Ski Line,skiline-chalet-golden-jubilee,Chalet Golden Jubilee,,,no,https://www.skiline.co.uk/ski-holidays/france/val-thorens/chalet-golden-jubilee-2
Ski Line,skiline-chalet-grillon,Chalet Grillon,,,no,https://www.skiline.co.uk/ski-holidays/france/meribel/chalet-grillon
Ski Line,skiline-chalet-gros-caillou,Chalet Gros Caillou,,,no,https://www.skiline.co.uk/ski-holidays/france/courchevel/chalet-gros-caillou
Ski Line,skiline-chalet-hotel-quartz,Chalet Hotel Quartz,,,no,https://www.skiline.co.uk/ski-holidays/france/tignes/chalet-hotel-quartz
Ski Line,skiline-chalet-hotel-turquoise,Chalet Hotel Turquoise,,,no,https://www.skiline.co.uk/ski-holidays/france/la-plagne/chalet-hotel-turquoise
Ski Line,skiline-chalet-hotel-yeti,Chalet Hotel Yeti,,,no,https://www.skiline.co.uk/ski-holidays/france/tignes/chalet-hotel-yeti
Ski Line,skiline-chalet-hugo,Chalet Hugo,,,no,https://www.skiline.co.uk/ski-holidays/france/la-plagne/chalet-hugo
Ski Line,skiline-chalet-juliette,Chalet Juliette,,,no,https://www.skiline.co.uk/ski-holidays/france/la-plagne/chalet-juliette
Ski Line,skiline-chalet-la-feniere,Chalet La Feniere,,,no,https://www.skiline.co.uk/ski-holidays/france/courchevel/chalet-la-feniere-2
Ski Line,skiline-chalet-la-tarine,Chalet La Tarine,,,no,https://www.skiline.co.uk/ski-holidays/france/st-martin-de-belleville/chalet-la-tarine
Ski Line,skiline-chalet-le-cristallo,Chalet Le Cristallo,,,no,https://www.skiline.co.uk/ski-holidays/france/val-thorens/chalet-le-cristallo
Ski Line,skiline-chalet-le-sommet,Chalet Le Sommet,,,no,https://www.skiline.co.uk/ski-holidays/france/courchevel/chalet-le-sommet
Ski Line,skiline-chalet-les-3-vaches,Chalet Les 3 Vaches,,,no,https://www.skiline.co.uk/ski-holidays/france/courchevel/chalet-les-3-vaches
Ski Line,skiline-chalet-libellule,Chalet Libellule,,,no,https://www.skiline.co.uk/ski-holidays/france/courchevel/chalet-libellule
Ski Line,skiline-chalet-lo-soli,Chalet Lo Soli,,,no,https://www.skiline.co.uk/ski-holidays/france/val-disere/chalet-lo-soli-2
Ski Line,skiline-chalet-loutantin,Chalet Loutantin,,,no,https://www.skiline.co.uk/ski-holidays/france/st-martin-de-belleville/chalet-loutantin
Ski Line,skiline-chalet-letagne,Chalet L’Etagne,,,no,https://www.skiline.co.uk/ski-holidays/france/meribel/chalet-letagne
Ski Line,skiline-chalet-lisard,Chalet L’Isard,,,no,https://www.skiline.co.uk/ski-holidays/france/les-arcs/chalet-lisard
Ski Line,skiline-chalet-macha,Chalet Macha,,,no,https://www.skiline.co.uk/ski-holidays/france/tignes/chalet-macha
Ski Line,skiline-chalet-marielaine,Chalet Marielaine,,,no,https://www.skiline.co.uk/ski-holidays/france/meribel/chalet-marielaine-2
Ski Line,skiline-chalet-mont-soleil,Chalet Mont Soleil,,,no,https://www.skiline.co.uk/ski-holidays/france/la-plagne/chalet-mont-soleil
Ski Line,skiline-chalet-o-valala,Chalet O Valala,,,no,https://www.skiline.co.uk/ski-holidays/france/val-disere/chalet-o-valala
Ski Line,skiline-chalet-orlov,Chalet Orlov,,,no,https://www.skiline.co.uk/ski-holidays/france/val-thorens/chalet-orlov
Ski Line,skiline-chalet-osarcs,Chalet Osarcs,,,no,https://www.skiline.co.uk/ski-holidays/france/les-arcs/chalet-osarcs
Ski Line,skiline-chalet-overview,Chalet Overview,,,no,https://www.skiline.co.uk/ski-holidays/france/courchevel/chalet-overview
Ski Line,skiline-chalet-perle,Chalet Perle,,,no,https://www.skiline.co.uk/ski-holidays/france/la-plagne/chalet-perle
Ski Line,skiline-chalet-santons,Chalet Santons,,,no,https://www.skiline.co.uk/ski-holidays/france/val-disere/chalet-santons
Ski Line,skiline-chalet-simone,Chalet Simone,,,no,https://www.skiline.co.uk/ski-holidays/france/mottaret/chalet-simone
Ski Line,skiline-chalet-sporting-lodge,Chalet Sporting Lodge,,,no,https://www.skiline.co.uk/ski-holidays/france/la-plagne/chalet-sporting-lodge
Ski Line,skiline-chalet-tavaillons,Chalet Tavaillons,,,no,https://www.skiline.co.uk/ski-holidays/france/tignes/chalet-tavaillons
Ski Line,skiline-chalet-toutounier,Chalet Toutounier,,,no,https://www.skiline.co.uk/ski-holidays/france/courchevel/chalet-toutounier
Ski Line,skiline-chalet-trois-soeurs,Chalet Trois Soeurs,,,no,https://www.skiline.co.uk/ski-holidays/france/courchevel/chalet-trois-soeurs
Ski Line,skiline-chalet-val-2400,Chalet Val 2400,,,no,https://www.skiline.co.uk/ski-holidays/france/val-thorens/chalet-val-2400
Ski Line,skiline-chalet-violette,Chalet Violette,,,no,https://www.skiline.co.uk/ski-holidays/france/la-plagne/chalet-violetta
Ski Line,skiline-chalet-virage,Chalet Virage,,,no,https://www.skiline.co.uk/ski-holidays/france/meribel/chalet-virage-2
Ski Line,skiline-chalet-white,Chalet White,,,no,https://www.skiline.co.uk/ski-holidays/france/courchevel/chalet-white
Ski Line,skiline-chalet-de-lours-apartments,Chalet de L’Ours Apartments,,,no,https://www.skiline.co.uk/ski-holidays/france/les-arcs/chalet-de-lours-apartments
Ski Line,skiline-chalet-larpette-lodge,Chalet l’Arpette Lodge,,,no,https://www.skiline.co.uk/ski-holidays/france/la-plagne/chalet-larpette-lodge
Ski Line,skiline-chalets-cocoon,Chalets Cocoon,,,no,https://www.skiline.co.uk/ski-holidays/france/val-thorens/chalets-cocoon
Ski Line,skiline-chalets-de-la-croisette,Chalets De La Croisette,,,no,https://www.skiline.co.uk/ski-holidays/france/les-arcs/chalets-de-la-croisette
Ski Line,skiline-chalets-du-jardin-alpin,Chalets Du Jardin Alpin,,,no,https://www.skiline.co.uk/ski-holidays/france/val-disere/les-chalets-du-jardin-alpin
Ski Line,skiline-chalets-de-ladonis-apartments,Chalets de L’Adonis Apartments,,,no,https://www.skiline.co.uk/ski-holidays/france/les-menuires/chalets-de-ladonis-apartments
Ski Line,skiline-chalets-de-la-mine,Chalets de la Mine,,,no,https://www.skiline.co.uk/ski-holidays/france/la-plagne/chalets-de-la-mine
Ski Line,skiline-chalets-du-soleil-authentiques,Chalets du Soleil Authentiques,,,no,https://www.skiline.co.uk/ski-holidays/france/les-menuires/chalets-du-soleil-authentiques
Ski Line,skiline-grand-chalet,Grand Chalet,,,no,https://www.skiline.co.uk/ski-holidays/france/brides-les-bains/grand-chalet
Ski Line,skiline-le-chalet-de-meribel,Le Chalet De Meribel,,,no,https://www.skiline.co.uk/ski-holidays/france/meribel/le-chalet-de-meribel
Ski Line,skiline-le-chalet-denali,Le Chalet Denali,,,no,https://www.skiline.co.uk/ski-holidays/france/val-disere/le-chalet-denali
Ski Line,skiline-le-chalet-de-montchavin,Le Chalet de Montchavin,,,no,https://www.skiline.co.uk/ski-holidays/france/val-disere/le-chalet-de-montchavin
Ski Line,skiline-le-chalet-des-arolles,Le Chalet des Arolles,,,no,https://www.skiline.co.uk/ski-holidays/france/les-arcs/le-chalet-des-arolles
Ski Line,skiline-le-chalet-des-cimes,Le Chalet des Cimes,,,no,https://www.skiline.co.uk/ski-holidays/france/la-plagne/le-chalet-des-cimes
Ski Line,skiline-le-chalet-du-mont-vallon-apartments,Le Chalet du Mont Vallon Apartments,,,no,https://www.skiline.co.uk/ski-holidays/france/les-menuires/le-chalet-du-mont-vallon
Ski Line,skiline-le-chalet-du-vallon,Le Chalet du Vallon,,,no,https://www.skiline.co.uk/ski-holidays/france/la-plagne/le-chalet-du-vallon
Ski Line,skiline-les-chalets-du-forum,Les Chalets Du Forum,,,no,https://www.skiline.co.uk/ski-holidays/france/courchevel/les-chalets-du-forum
Ski Line,skiline-les-chalets-edelweiss,Les Chalets Edelweiss,,,no,https://www.skiline.co.uk/ski-holidays/france/la-plagne/les-chalets-edelweiss
Ski Line,skiline-les-chalets-de-arolles,Les Chalets de Arolles,,,no,https://www.skiline.co.uk/ski-holidays/france/la-plagne/les-chalets-de-arolles
Ski Line,skiline-les-chalets-de-rosael,Les Chalets de Rosael,,,no,https://www.skiline.co.uk/ski-holidays/france/val-thorens/les-chalets-de-rosael
Ski Line,skiline-les-chalets-de-solaise-ski-apartments,Les Chalets de Solaise Ski Apartments,,,no,https://www.skiline.co.uk/ski-holidays/france/val-disere/les-chalets-de-solaise-ski-apartments
Ski Line,skiline-les-chalets-de-wengen,Les Chalets de Wengen,,,no,https://www.skiline.co.uk/ski-holidays/france/la-plagne/les-chalets-de-wengen
Ski Line,skiline-les-chalets-de-la-tania,Les Chalets de la Tania,,,no,https://www.skiline.co.uk/ski-holidays/france/la-tania/les-chalets-de-la-tania
Ski Line,skiline-les-chalets-des-praz,Les Chalets des Praz,,,no,https://www.skiline.co.uk/ski-holidays/france/la-plagne/les-chalets-des-praz-8-night-package
Ski Line,skiline-les-chalets-du-forum-apartments,Les Chalets du Forum Apartments,,,no,https://www.skiline.co.uk/ski-holidays/france/courchevel/les-chalets-du-forum-apartments
Ski Line,skiline-les-chalets-du-soleil-authentique,Les Chalets du Soleil Authentique,,,no,https://www.skiline.co.uk/ski-holidays/france/les-menuires/les-chalets-du-soleil-authentique
Ski Line,skiline-les-montagnettes-le-chalet-de-la-lombarde,Les Montagnettes – Le Chalet de la Lombarde,,,no,https://www.skiline.co.uk/ski-holidays/france/val-thorens/les-montagnettes-le-chalet-de-la-lombarde
Ski Line,skiline-les-montagnettes-le-chalet-des-cimes,Les Montagnettes – Le Chalet des Cimes,,,no,https://www.skiline.co.uk/ski-holidays/france/la-plagne/les-montagnettes-le-chalet-des-cimes
Ski Line,skiline-les-montagnettes-le-chalet-du-vallon,Les Montagnettes – Le Chalet du Vallon,,,no,https://www.skiline.co.uk/ski-holidays/france/la-plagne/les-montagnettes-le-chalet-du-vallon
Ski Line,skiline-mmv-mountain-collection-chalet-boudu,MMV Mountain Collection Chalet Boudu,,,no,https://www.skiline.co.uk/ski-holidays/france/la-plagne/mmv-mountain-collection-chalet-boudu
Ski Line,skiline-mmv-mountain-collection-chalets-de-la-mine-1,MMV Mountain Collection Chalets De La Mine 1,,,no,https://www.skiline.co.uk/ski-holidays/france/la-plagne/mmv-mountain-collection-chalets-de-la-mine-1
Ski Line,skiline-mmv-mountain-collection-chalets-de-la-mine-2,MMV Mountain Collection Chalets De La Mine 2,,,no,https://www.skiline.co.uk/ski-holidays/france/la-plagne/mmv-mountain-collection-chalets-de-la-mine-2
Ski Line,skiline-premium-residence-les-chalets-du-forum,Premium residence Les Chalets du Forum,,,no,https://www.skiline.co.uk/ski-holidays/france/courchevel/pierre-vacances-premium-residence-les-chalets-du-forum
Ski Line,skiline-premium-les-chalets-de-ladonis-4,Premium – Les Chalets de l’Adonis 4*,,,no,https://www.skiline.co.uk/ski-holidays/france/les-menuires/skissim-premium-les-chalets-de-ladonis-4
Ski Line,skiline-premium-residence-les-chalets-dedelweiss-4,Premium – Residence Les Chalets d’Edelweiss 4*,,,no,https://www.skiline.co.uk/ski-holidays/france/la-plagne/residence-les-chalets-dedelweiss
Ski Line,skiline-residence-cgh-spa-les-chalets-du-soleil-authentique-4,Residence CGH & SPA Les Chalets du Soleil Authentique 4*,,,no,https://www.skiline.co.uk/ski-holidays/france/les-menuires/residence-cgh-spa-les-chalets-du-soleil-authentique
Ski Line,skiline-residence-cgh-spa-les-chalets-du-soleil-contemporains,Residence CGH & SPA Les Chalets du Soleil Contemporains,,,no,https://www.skiline.co.uk/ski-holidays/france/les-menuires/residence-cgh-spa-les-chalets-du-soleil-contemporains
Ski Line,skiline-residence-chalet-altitude-5,Residence Chalet Altitude 5*,,,no,https://www.skiline.co.uk/ski-holidays/france/val-thorens/residence-chalet-altitude-5
Ski Line,skiline-residence-chalets-altitude-ours-5-premium,Residence Chalets Altitude & Ours 5* – Premium,,,no,https://www.skiline.co.uk/ski-holidays/france/les-arcs/residence-chalets-altitude-ours
Ski Line,skiline-residence-lagrange-vacances-les-chalets-edelweiss,Residence Lagrange Vacances Les Chalets Edelweiss,,,no,https://www.skiline.co.uk/ski-holidays/france/la-plagne/residence-lagrange-vacances-les-chalets-edelweiss
Ski Line,skiline-residence-le-chalet-du-vallon,Residence Le Chalet du Vallon,,,no,https://www.skiline.co.uk/ski-holidays/france/la-plagne/residence-le-chalet-du-vallon
Ski Line,skiline-residence-les-chalets-de-solaise,Residence Les Chalets de Solaise,,,no,https://www.skiline.co.uk/ski-holidays/france/val-disere/les-chalets-de-solaise-2
Ski Line,skiline-residence-les-chalets-des-arolles,Residence Les Chalets des Arolles,,,no,https://www.skiline.co.uk/ski-holidays/france/la-plagne/residence-les-chalets-des-arolles-maeva-home
Ski Line,skiline-residence-chalet-skadi,Residence-Chalet Skadi,,,no,https://www.skiline.co.uk/ski-holidays/france/val-disere/residence-chalet-skadi
Ski Line,skiline-skissim-select-chalet-neve,Skissim Select – Chalet Neve,,,no,https://www.skiline.co.uk/ski-holidays/france/tignes/chalet-neve
Ski Line,skiline-the-experimental-chalet,The Experimental Chalet,,,no,https://www.skiline.co.uk/ski-holidays/france/val-disere/the-experimental-chalet
allChalets,allchalets-apartment-28089,Apartment 28089,,Alpe d'Huez,no,https://www.allchalets.com/holiday-rentals/28089-apartment-in-alpe-d-huez-france
allChalets,allchalets-apartment-28090,Apartment 28090,,Alpe d'Huez,no,https://www.allchalets.com/holiday-rentals/28090-apartment-in-alpe-d-huez-france
allChalets,allchalets-apartment-28094,Apartment 28094,,Alpe d'Huez,no,https://www.allchalets.com/holiday-rentals/28094-apartment-in-alpe-d-huez-france
allChalets,allchalets-apartment-28095,Apartment 28095,,Alpe d'Huez,no,https://www.allchalets.com/holiday-rentals/28095-apartment-in-alpe-d-huez-france
allChalets,allchalets-apartment-28096,Apartment 28096,,Alpe d'Huez,no,https://www.allchalets.com/holiday-rentals/28096-apartment-in-alpe-d-huez-france
allChalets,allchalets-apartment-28097,Apartment 28097,,Alpe d'Huez,no,https://www.allchalets.com/holiday-rentals/28097-apartment-in-alpe-d-huez-france
allChalets,allchalets-apartment-28205,Apartment 28205,,Alpe d'Huez,no,https://www.allchalets.com/holiday-rentals/28205-apartment-in-alpe-d-huez-france
allChalets,allchalets-apartment-29064,Apartment 29064,,Alpe d'Huez,no,https://www.allchalets.com/holiday-rentals/29064-apartment-in-alpe-d-huez-france
allChalets,allchalets-apartment-34505,Apartment 34505,private advertiser on allChalets (enquiry contact: Yvonne allChalets),Alpe d'Huez,no,https://www.allchalets.com/holiday-rentals/34505-apartment-in-alpe-d-huez-france
allChalets,allchalets-apartment-35077,Apartment 35077,,Alpe d'Huez,no,https://www.allchalets.com/holiday-rentals/35077-apartment-in-alpe-d-huez-france
allChalets,allchalets-apartment-35461,Apartment 35461,private advertiser on allChalets (enquiry contact: Martin Bright),Alpe d'Huez,yes,https://www.allchalets.com/holiday-rentals/35461-apartment-in-alpe-d-huez-france
allChalets,allchalets-apartment-36152,Apartment 36152,,Alpe d'Huez,no,https://www.allchalets.com/holiday-rentals/36152-apartment-in-alpe-d-huez-france
allChalets,allchalets-apartment-36162,Apartment 36162,,Alpe d'Huez,no,https://www.allchalets.com/holiday-rentals/36162-apartment-in-alpe-d-huez-france
allChalets,allchalets-apartment-36169,Apartment 36169,private advertiser on allChalets (enquiry contact: Martin Bright),Alpe d'Huez,yes,https://www.allchalets.com/holiday-rentals/36169-apartment-in-alpe-d-huez-france
allChalets,allchalets-apartment-38765,Apartment 38765,,Alpe d'Huez,no,https://www.allchalets.com/holiday-rentals/38765-apartment-in-alpe-d-huez-france
allChalets,allchalets-apartment-38884,Apartment 38884,,Alpe d'Huez,no,https://www.allchalets.com/holiday-rentals/38884-apartment-in-alpe-d-huez-france
allChalets,allchalets-apartment-38996,Apartment 38996,,Alpe d'Huez,no,https://www.allchalets.com/holiday-rentals/38996-apartment-in-alpe-d-huez-france
allChalets,allchalets-apartment-39063,Apartment 39063,,Alpe d'Huez,no,https://www.allchalets.com/holiday-rentals/39063-apartment-in-alpe-d-huez-france
allChalets,allchalets-apartment-39099,Apartment 39099,,Alpe d'Huez,no,https://www.allchalets.com/holiday-rentals/39099-apartment-in-alpe-d-huez-france
allChalets,allchalets-apartment-39252,Apartment 39252,,Alpe d'Huez,no,https://www.allchalets.com/holiday-rentals/39252-apartment-in-alpe-d-huez-france
allChalets,allchalets-apartment-39328,Apartment 39328,,Alpe d'Huez,no,https://www.allchalets.com/holiday-rentals/39328-apartment-in-alpe-d-huez-france
allChalets,allchalets-apartment-39357,Apartment 39357,,Alpe d'Huez,no,https://www.allchalets.com/holiday-rentals/39357-apartment-in-alpe-d-huez-france
allChalets,allchalets-apartment-39361,Apartment 39361,,Alpe d'Huez,no,https://www.allchalets.com/holiday-rentals/39361-apartment-in-alpe-d-huez-france
allChalets,allchalets-apartment-39425,Apartment 39425,,Alpe d'Huez,no,https://www.allchalets.com/holiday-rentals/39425-apartment-in-alpe-d-huez-france
allChalets,allchalets-apartment-39426,Apartment 39426,,Alpe d'Huez,no,https://www.allchalets.com/holiday-rentals/39426-apartment-in-alpe-d-huez-france
allChalets,allchalets-apartment-39475,Apartment 39475,,Alpe d'Huez,no,https://www.allchalets.com/holiday-rentals/39475-apartment-in-alpe-d-huez-france
allChalets,allchalets-apartment-39480,Apartment 39480,,Alpe d'Huez,no,https://www.allchalets.com/holiday-rentals/39480-apartment-in-alpe-d-huez-france
allChalets,allchalets-apartment-39487,Apartment 39487,,Alpe d'Huez,no,https://www.allchalets.com/holiday-rentals/39487-apartment-in-alpe-d-huez-france
allChalets,allchalets-apartment-39489,Apartment 39489,,Alpe d'Huez,no,https://www.allchalets.com/holiday-rentals/39489-apartment-in-alpe-d-huez-france
allChalets,allchalets-apartment-39490,Apartment 39490,,Alpe d'Huez,no,https://www.allchalets.com/holiday-rentals/39490-apartment-in-alpe-d-huez-france
allChalets,allchalets-apartment-39526,Apartment 39526,,Alpe d'Huez,no,https://www.allchalets.com/holiday-rentals/39526-apartment-in-alpe-d-huez-france
allChalets,allchalets-apartment-39735,Apartment 39735,,Alpe d'Huez,no,https://www.allchalets.com/holiday-rentals/39735-apartment-in-alpe-d-huez-france
allChalets,allchalets-apartment-39736,Apartment 39736,,Alpe d'Huez,no,https://www.allchalets.com/holiday-rentals/39736-apartment-in-alpe-d-huez-france
allChalets,allchalets-apartment-39737,Apartment 39737,,Alpe d'Huez,no,https://www.allchalets.com/holiday-rentals/39737-apartment-in-alpe-d-huez-france
allChalets,allchalets-apartment-39844,Apartment 39844,,Alpe d'Huez,no,https://www.allchalets.com/holiday-rentals/39844-apartment-in-alpe-d-huez-france
allChalets,allchalets-apartment-39884,Apartment 39884,,Alpe d'Huez,no,https://www.allchalets.com/holiday-rentals/39884-apartment-in-alpe-d-huez-france
allChalets,allchalets-apartment-39885,Apartment 39885,,Alpe d'Huez,no,https://www.allchalets.com/holiday-rentals/39885-apartment-in-alpe-d-huez-france
allChalets,allchalets-apartment-40292,Apartment 40292,,Alpe d'Huez,no,https://www.allchalets.com/holiday-rentals/40292-apartment-in-alpe-d-huez-france
allChalets,allchalets-apartment-40293,Apartment 40293,,Alpe d'Huez,no,https://www.allchalets.com/holiday-rentals/40293-apartment-in-alpe-d-huez-france
allChalets,allchalets-apartment-40294,Apartment 40294,,Alpe d'Huez,no,https://www.allchalets.com/holiday-rentals/40294-apartment-in-alpe-d-huez-france
allChalets,allchalets-apartment-40296,Apartment 40296,,Alpe d'Huez,no,https://www.allchalets.com/holiday-rentals/40296-apartment-in-alpe-d-huez-france
allChalets,allchalets-apartment-40297,Apartment 40297,,Alpe d'Huez,no,https://www.allchalets.com/holiday-rentals/40297-apartment-in-alpe-d-huez-france
allChalets,allchalets-apartment-40298,Apartment 40298,,Alpe d'Huez,no,https://www.allchalets.com/holiday-rentals/40298-apartment-in-alpe-d-huez-france
allChalets,allchalets-apartment-40317,Apartment 40317,private advertiser on allChalets (enquiry contact: Martin Bright),Alpe d'Huez,no,https://www.allchalets.com/holiday-rentals/40317-apartment-in-alpe-d-huez-france
allChalets,allchalets-apartment-40514,Apartment 40514,,Alpe d'Huez,no,https://www.allchalets.com/holiday-rentals/40514-apartment-in-alpe-d-huez-france
allChalets,allchalets-apartment-40658,Apartment 40658,,Alpe d'Huez,no,https://www.allchalets.com/holiday-rentals/40658-apartment-in-alpe-d-huez-france
allChalets,allchalets-apartment-42039,Apartment 42039,,Alpe d'Huez,no,https://www.allchalets.com/holiday-rentals/42039-apartment-in-alpe-d-huez-france
allChalets,allchalets-apartment-42125,Apartment 42125,,Alpe d'Huez,no,https://www.allchalets.com/holiday-rentals/42125-apartment-in-alpe-d-huez-france
allChalets,allchalets-apartment-43017,Apartment 43017,,Alpe d'Huez,no,https://www.allchalets.com/holiday-rentals/43017-apartment-in-alpe-d-huez-france
allChalets,allchalets-apartment-43032,Apartment 43032,,Alpe d'Huez,no,https://www.allchalets.com/holiday-rentals/43032-apartment-in-alpe-d-huez-france
allChalets,allchalets-apartment-44604,Apartment 44604,,Alpe d'Huez,no,https://www.allchalets.com/holiday-rentals/44604-apartment-in-alpe-d-huez-france
allChalets,allchalets-apartment-44841,Apartment 44841,,Alpe d'Huez,no,https://www.allchalets.com/holiday-rentals/44841-apartment-in-alpe-d-huez-france
allChalets,allchalets-apartment-47024,Apartment 47024,,Alpe d'Huez,no,https://www.allchalets.com/holiday-rentals/47024-apartment-in-alpe-d-huez-france
allChalets,allchalets-apartment-47025,Apartment 47025,,Alpe d'Huez,no,https://www.allchalets.com/holiday-rentals/47025-apartment-in-alpe-d-huez-france
allChalets,allchalets-apartment-47026,Apartment 47026,,Alpe d'Huez,no,https://www.allchalets.com/holiday-rentals/47026-apartment-in-alpe-d-huez-france
allChalets,allchalets-apartment-47028,Apartment 47028,,Alpe d'Huez,no,https://www.allchalets.com/holiday-rentals/47028-apartment-in-alpe-d-huez-france
allChalets,allchalets-apartment-47029,Apartment 47029,,Alpe d'Huez,no,https://www.allchalets.com/holiday-rentals/47029-apartment-in-alpe-d-huez-france
allChalets,allchalets-apartment-47035,Apartment 47035,,Alpe d'Huez,no,https://www.allchalets.com/holiday-rentals/47035-apartment-in-alpe-d-huez-france
allChalets,allchalets-apartment-47037,Apartment 47037,,Alpe d'Huez,no,https://www.allchalets.com/holiday-rentals/47037-apartment-in-alpe-d-huez-france
allChalets,allchalets-apartment-47082,Apartment 47082,,Alpe d'Huez,no,https://www.allchalets.com/holiday-rentals/47082-apartment-in-alpe-d-huez-france
allChalets,allchalets-apartment-47213,Apartment 47213,,Alpe d'Huez,no,https://www.allchalets.com/holiday-rentals/47213-apartment-in-alpe-d-huez-france
allChalets,allchalets-apartment-47376,Apartment 47376,,Alpe d'Huez,no,https://www.allchalets.com/holiday-rentals/47376-apartment-in-alpe-d-huez-france
allChalets,allchalets-apartment-47380,Apartment 47380,,Alpe d'Huez,no,https://www.allchalets.com/holiday-rentals/47380-apartment-in-alpe-d-huez-france
allChalets,allchalets-apartment-47458,Apartment 47458,,Alpe d'Huez,no,https://www.allchalets.com/holiday-rentals/47458-apartment-in-alpe-d-huez-france
allChalets,allchalets-apartment-48040,Apartment 48040,,Alpe d'Huez,no,https://www.allchalets.com/holiday-rentals/48040-apartment-in-alpe-d-huez-france
allChalets,allchalets-apartment-48139,Apartment 48139,,Alpe d'Huez,no,https://www.allchalets.com/holiday-rentals/48139-apartment-in-alpe-d-huez-france
allChalets,allchalets-apartment-48208,Apartment 48208,private advertiser on allChalets (enquiry contact: Yvonne allChalets),Alpe d'Huez,no,https://www.allchalets.com/holiday-rentals/48208-apartment-in-alpe-d-huez-france
allChalets,allchalets-apartment-49252,Apartment 49252,,Alpe d'Huez,no,https://www.allchalets.com/holiday-rentals/49252-apartment-in-alpe-d-huez-france
allChalets,allchalets-apartment-49368,Apartment 49368,,Alpe d'Huez,no,https://www.allchalets.com/holiday-rentals/49368-apartment-in-alpe-d-huez-france
allChalets,allchalets-apartment-55936,Apartment 55936,,Alpe d'Huez,no,https://www.allchalets.com/holiday-rentals/55936-apartment-in-alpe-d-huez-france
allChalets,allchalets-apartment-62100,Apartment 62100,,Alpe d'Huez,no,https://www.allchalets.com/holiday-rentals/62100-apartment-in-alpe-d-huez-france
allChalets,allchalets-apartment-62993,Apartment 62993,,Alpe d'Huez,no,https://www.allchalets.com/holiday-rentals/62993-apartment-in-alpe-d-huez-france
allChalets,allchalets-apartment-c401,Apartment C401,,Alpe d'Huez,no,https://www.allchalets.com/holiday-rentals/47407-apartment-in-alpe-d-huez-france
allChalets,allchalets-apartment-details-55934,Apartment Details,,Alpe d'Huez,no,https://www.allchalets.com/holiday-rentals/55934-apartment-in-alpe-d-huez-france
allChalets,allchalets-apartment-details-55212,Apartment Details,,Alpe d'Huez,no,https://www.allchalets.com/holiday-rentals/55212-apartment-in-alpe-d-huez-france
allChalets,allchalets-apartment-details,Apartment Details,,Alpe d'Huez,no,https://www.allchalets.com/holiday-rentals/34552-apartment-in-alpe-d-huez-france
allChalets,allchalets-apartment-details-35115,Apartment Details,,Alpe d'Huez,no,https://www.allchalets.com/holiday-rentals/35115-apartment-in-alpe-d-huez-france
allChalets,allchalets-apartment-details-55215,Apartment Details,,Alpe d'Huez,no,https://www.allchalets.com/holiday-rentals/55215-apartment-in-alpe-d-huez-france
allChalets,allchalets-apartment-details-34497,Apartment Details,,Alpe d'Huez,no,https://www.allchalets.com/holiday-rentals/34497-apartment-in-alpe-d-huez-france
allChalets,allchalets-apartment-details-55208,Apartment Details,,Alpe d'Huez,no,https://www.allchalets.com/holiday-rentals/55208-apartment-in-alpe-d-huez-france
allChalets,allchalets-apartment-details-60042,Apartment Details,,Alpe d'Huez,no,https://www.allchalets.com/holiday-rentals/60042-apartment-in-alpe-d-huez-france
allChalets,allchalets-apartment-details-39477,Apartment Details,,Alpe d'Huez,no,https://www.allchalets.com/holiday-rentals/39477-apartment-in-alpe-d-huez-france
allChalets,allchalets-apartment-details-60039,Apartment Details,,Alpe d'Huez,no,https://www.allchalets.com/holiday-rentals/60039-apartment-in-alpe-d-huez-france
allChalets,allchalets-apartment-details-34033,Apartment Details,,Alpe d'Huez,no,https://www.allchalets.com/holiday-rentals/34033-apartment-in-alpe-d-huez-france
allChalets,allchalets-apartment-details-55932,Apartment Details,,Alpe d'Huez,no,https://www.allchalets.com/holiday-rentals/55932-apartment-in-alpe-d-huez-france
allChalets,allchalets-apartment-details-59223,Apartment Details,,Alpe d'Huez,no,https://www.allchalets.com/holiday-rentals/59223-apartment-in-alpe-d-huez-france
allChalets,allchalets-apartment-details-49369,Apartment Details,,Alpe d'Huez,no,https://www.allchalets.com/holiday-rentals/49369-apartment-in-alpe-d-huez-france
allChalets,allchalets-apartment-details-55929,Apartment Details,,Alpe d'Huez,no,https://www.allchalets.com/holiday-rentals/55929-apartment-in-alpe-d-huez-france
allChalets,allchalets-apartment-details-48122,Apartment Details,,Alpe d'Huez,no,https://www.allchalets.com/holiday-rentals/48122-apartment-in-alpe-d-huez-france
allChalets,allchalets-apartment-details-36141,Apartment Details,,Alpe d'Huez,no,https://www.allchalets.com/holiday-rentals/36141-apartment-in-alpe-d-huez-france
allChalets,allchalets-apartment-details-49248,Apartment Details,private advertiser on allChalets (enquiry contact: Yvonne allChalets),Alpe d'Huez,no,https://www.allchalets.com/holiday-rentals/49248-apartment-in-alpe-d-huez-france
allChalets,allchalets-apartment-details-55164,Apartment Details,,Alpe d'Huez,no,https://www.allchalets.com/holiday-rentals/55164-apartment-in-alpe-d-huez-france
allChalets,allchalets-apartment-details-35217,Apartment Details,,Alpe d'Huez,no,https://www.allchalets.com/holiday-rentals/35217-apartment-in-alpe-d-huez-france
allChalets,allchalets-chalet-2155,Chalet 2155,private advertiser on allChalets (enquiry contact: Alexander & Kim),Alpe d'Huez,no,https://www.allchalets.com/holiday-rentals/2155-chalet-in-alpe-d-huez-france
allChalets,allchalets-chalet-25616,Chalet 25616,private advertiser on allChalets (enquiry contact: Martin Bright),Alpe d'Huez,yes,https://www.allchalets.com/holiday-rentals/25616-chalet-in-alpe-d-huez-france
allChalets,allchalets-chalet-29062,Chalet 29062,,Alpe d'Huez,no,https://www.allchalets.com/holiday-rentals/29062-chalet-in-alpe-d-huez-france
allChalets,allchalets-chalet-34240,Chalet 34240,,Alpe d'Huez,no,https://www.allchalets.com/holiday-rentals/34240-chalet-in-alpe-d-huez-france
allChalets,allchalets-chalet-36119,Chalet 36119,,Alpe d'Huez,no,https://www.allchalets.com/holiday-rentals/36119-chalet-in-alpe-d-huez-france
allChalets,allchalets-chalet-40167,Chalet 40167,,Alpe d'Huez,no,https://www.allchalets.com/holiday-rentals/40167-chalet-in-alpe-d-huez-france
allChalets,allchalets-chalet-40287,Chalet 40287,,Alpe d'Huez,no,https://www.allchalets.com/holiday-rentals/40287-chalet-in-alpe-d-huez-france
allChalets,allchalets-chalet-40288,Chalet 40288,,Alpe d'Huez,no,https://www.allchalets.com/holiday-rentals/40288-chalet-in-alpe-d-huez-france
allChalets,allchalets-chalet-40338,Chalet 40338,,Alpe d'Huez,no,https://www.allchalets.com/holiday-rentals/40338-chalet-in-alpe-d-huez-france
allChalets,allchalets-chalet-40619,Chalet 40619,,Alpe d'Huez,no,https://www.allchalets.com/holiday-rentals/40619-chalet-in-alpe-d-huez-france
allChalets,allchalets-chalet-46938,Chalet 46938,,Alpe d'Huez,no,https://www.allchalets.com/holiday-rentals/46938-chalet-in-alpe-d-huez-france
allChalets,allchalets-chalet-46939,Chalet 46939,,Alpe d'Huez,no,https://www.allchalets.com/holiday-rentals/46939-chalet-in-alpe-d-huez-france
allChalets,allchalets-chalet-46940,Chalet 46940,,Alpe d'Huez,no,https://www.allchalets.com/holiday-rentals/46940-chalet-in-alpe-d-huez-france
allChalets,allchalets-chalet-62541,Chalet 62541,,Alpe d'Huez,no,https://www.allchalets.com/holiday-rentals/62541-chalet-in-alpe-d-huez-france
allChalets,allchalets-chalet-63169,Chalet 63169,,Alpe d'Huez,no,https://www.allchalets.com/holiday-rentals/63169-chalet-in-alpe-d-huez-france
allChalets,allchalets-chalet-alpenvue,Chalet Alpenvue,,Alpe d'Huez,no,https://www.allchalets.com/holiday-rentals/7772-chalet-in-alpe-d-huez-france
allChalets,allchalets-chalet-chloe,Chalet Chloe,private advertiser on allChalets (enquiry contact: Martin Bright),Alpe d'Huez,yes,https://www.allchalets.com/holiday-rentals/36122-apartment-in-alpe-d-huez-france
allChalets,allchalets-chalet-ciara,Chalet Ciara,private advertiser on allChalets (enquiry contact: Martin Bright),Alpe d'Huez,yes,https://www.allchalets.com/holiday-rentals/28872-apartment-in-alpe-d-huez-france
allChalets,allchalets-chalet-cimes,Chalet Cimes,,Alpe d'Huez,no,https://www.allchalets.com/holiday-rentals/24122-chalet-in-alpe-d-huez-france
allChalets,allchalets-chalet-cleo,Chalet Cleo,private advertiser on allChalets (enquiry contact: Martin Bright),Alpe d'Huez,yes,https://www.allchalets.com/holiday-rentals/34375-chalet-in-alpe-d-huez-france
allChalets,allchalets-chalet-daria,Chalet Daria,private advertiser on allChalets (enquiry contact: Martin Bright),Alpe d'Huez,yes,https://www.allchalets.com/holiday-rentals/34353-apartment-in-alpe-d-huez-france
allChalets,allchalets-chalet-diane,Chalet Diane,,Alpe d'Huez,no,https://www.allchalets.com/holiday-rentals/35099-chalet-in-alpe-d-huez-france
allChalets,allchalets-chalet-lauziere,Chalet Lauzière,private advertiser on allChalets (enquiry contact: Yvonne allChalets),Alpe d'Huez,no,https://www.allchalets.com/holiday-rentals/48141-chalet-in-alpe-d-huez-france
allChalets,allchalets-chalet-le-vieux-logis,Chalet Le Vieux Logis,,Alpe d'Huez,no,https://www.allchalets.com/holiday-rentals/40443-chalet-in-alpe-d-huez-france
allChalets,allchalets-chalet-lou,Chalet Lou,,Alpe d'Huez,no,https://www.allchalets.com/holiday-rentals/62538-chalet-in-alpe-d-huez-france
allChalets,allchalets-chalet-lou-iv,Chalet Lou IV,private advertiser on allChalets (enquiry contact: Martin Bright),Alpe d'Huez,yes,https://www.allchalets.com/holiday-rentals/39056-apartment-in-alpe-d-huez-france
allChalets,allchalets-chalet-lynda,Chalet Lynda,,Alpe d'Huez,no,https://www.allchalets.com/holiday-rentals/40319-apartment-in-alpe-d-huez-france
allChalets,allchalets-chalet-meluzine,Chalet Meluzine,,Alpe d'Huez,no,https://www.allchalets.com/holiday-rentals/63015-chalet-in-alpe-d-huez-france
allChalets,allchalets-chalet-monica,Chalet Monica,private advertiser on allChalets (enquiry contact: Martin Bright),Alpe d'Huez,yes,https://www.allchalets.com/holiday-rentals/24124-chalet-in-alpe-d-huez-france
allChalets,allchalets-chalet-naomi,Chalet Naomi,private advertiser on allChalets (enquiry contact: Martin Bright),Alpe d'Huez,yes,https://www.allchalets.com/holiday-rentals/25751-apartment-in-alpe-d-huez-france
allChalets,allchalets-chalet-ours,Chalet Ours,private advertiser on allChalets (enquiry contact: Martin Bright),Alpe d'Huez,yes,https://www.allchalets.com/holiday-rentals/63255-apartment-in-alpe-d-huez-france
allChalets,allchalets-chalet-par,Chalet Par,private advertiser on allChalets (enquiry contact: Martin Bright),Alpe d'Huez,yes,https://www.allchalets.com/holiday-rentals/40129-chalet-in-alpe-d-huez-france
allChalets,allchalets-chalet-pere-josef,Chalet Pere Josef,,Alpe d'Huez,no,https://www.allchalets.com/holiday-rentals/47020-chalet-in-alpe-d-huez-france
allChalets,allchalets-chalet-vl,Chalet VL,,Alpe d'Huez,no,https://www.allchalets.com/holiday-rentals/34792-chalet-in-alpe-d-huez-france
allChalets,allchalets-chalet-de-fonbelle,Chalet de Fonbelle,private advertiser on allChalets (enquiry contact: Martin Bright),Alpe d'Huez,yes,https://www.allchalets.com/holiday-rentals/34006-apartment-in-alpe-d-huez-france
allChalets,allchalets-chalet-de-fonbelle-25793,Chalet de Fonbelle,,Alpe d'Huez,no,https://www.allchalets.com/holiday-rentals/25793-chalet-in-alpe-d-huez-france
allChalets,allchalets-chalet-de-neige,Chalet de Neige,,Alpe d'Huez,no,https://www.allchalets.com/holiday-rentals/23924-chalet-in-alpe-d-huez-france
allChalets,allchalets-residence-daria-i-nor,Residence Daria-I Nor,private advertiser on allChalets (enquiry contact: Martin Bright),Alpe d'Huez,yes,https://www.allchalets.com/holiday-rentals/28844-apartment-in-alpe-d-huez-france
allChalets,allchalets-residence-le-quartz,Residence Le Quartz,,Alpe d'Huez,no,https://www.allchalets.com/holiday-rentals/47378-apartment-in-alpe-d-huez-france
allChalets,allchalets-residence-le-splendid,Résidence Le Splendid,,Alpe d'Huez,no,https://www.allchalets.com/holiday-rentals/40791-apartment-in-alpe-d-huez-france
allChalets,allchalets-residence-prestige-l-eclose,Résidence Prestige L'Eclose,,Alpe d'Huez,no,https://www.allchalets.com/holiday-rentals/57365-apartment-in-alpe-d-huez-france
allChalets,allchalets-residence-prestige-l-eclose-57356,Résidence Prestige L'Eclose,,Alpe d'Huez,no,https://www.allchalets.com/holiday-rentals/57356-apartment-in-alpe-d-huez-france
allChalets,allchalets-residence-prestige-l-eclose-57345,Résidence Prestige L'Eclose,,Alpe d'Huez,no,https://www.allchalets.com/holiday-rentals/57345-apartment-in-alpe-d-huez-france
allChalets,allchalets-studio-12492,Studio 12492,,Alpe d'Huez,no,https://www.allchalets.com/holiday-rentals/12492-studio-in-alpe-d-huez-france
allChalets,allchalets-studio-12506,Studio 12506,,Alpe d'Huez,no,https://www.allchalets.com/holiday-rentals/12506-studio-in-alpe-d-huez-france
allChalets,allchalets-studio-28086,Studio 28086,,Alpe d'Huez,no,https://www.allchalets.com/holiday-rentals/28086-studio-in-alpe-d-huez-france
allChalets,allchalets-studio-28087,Studio 28087,,Alpe d'Huez,no,https://www.allchalets.com/holiday-rentals/28087-studio-in-alpe-d-huez-france
allChalets,allchalets-studio-28092,Studio 28092,,Alpe d'Huez,no,https://www.allchalets.com/holiday-rentals/28092-studio-in-alpe-d-huez-france
allChalets,allchalets-studio-40108,Studio 40108,,Alpe d'Huez,no,https://www.allchalets.com/holiday-rentals/40108-studio-in-alpe-d-huez-france
allChalets,allchalets-studio-40109,Studio 40109,,Alpe d'Huez,no,https://www.allchalets.com/holiday-rentals/40109-studio-in-alpe-d-huez-france
allChalets,allchalets-studio-40110,Studio 40110,,Alpe d'Huez,no,https://www.allchalets.com/holiday-rentals/40110-studio-in-alpe-d-huez-france
allChalets,allchalets-apartment-10867,Apartment 10867,,Courchevel 1650 (Moriond),no,https://www.allchalets.com/holiday-rentals/10867-apartment-in-courchevel-1650-france
allChalets,allchalets-apartment-10868,Apartment 10868,,Courchevel 1650 (Moriond),no,https://www.allchalets.com/holiday-rentals/10868-apartment-in-courchevel-1650-france
allChalets,allchalets-apartment-28024,Apartment 28024,,Courchevel 1650 (Moriond),no,https://www.allchalets.com/holiday-rentals/28024-apartment-in-courchevel-1650-france
allChalets,allchalets-apartment-34287,Apartment 34287,,Courchevel 1650 (Moriond),no,https://www.allchalets.com/holiday-rentals/34287-apartment-in-courchevel-1650-france
allChalets,allchalets-chalet-24498,Chalet 24498,,Courchevel 1650 (Moriond),no,https://www.allchalets.com/holiday-rentals/24498-chalet-in-courchevel-1650-france
allChalets,allchalets-chalet-40615,Chalet 40615,,Courchevel 1650 (Moriond),yes,https://www.allchalets.com/holiday-rentals/40615-chalet-in-courchevel-1650-france
allChalets,allchalets-chalet-47447,Chalet 47447,,Courchevel 1650 (Moriond),yes,https://www.allchalets.com/holiday-rentals/47447-chalet-in-courchevel-1650-france
allChalets,allchalets-chalet-agatha,Chalet Agatha,,Courchevel 1650 (Moriond),no,https://www.allchalets.com/holiday-rentals/31456-chalet-in-courchevel-1650-france
allChalets,allchalets-chalet-ancolies-iv,Chalet Ancolies IV,,Courchevel 1650 (Moriond),no,https://www.allchalets.com/holiday-rentals/34051-apartment-in-courchevel-1650-france
allChalets,allchalets-chalet-blizzard,Chalet Blizzard,,Courchevel 1650 (Moriond),no,https://www.allchalets.com/holiday-rentals/27244-chalet-in-courchevel-1650-france
allChalets,allchalets-chalet-grand,Chalet Grand,,Courchevel 1650 (Moriond),yes,https://www.allchalets.com/holiday-rentals/33900-apartment-in-courchevel-1650-france
allChalets,allchalets-chalet-gravelles,Chalet Gravelles,,Courchevel 1650 (Moriond),yes,https://www.allchalets.com/holiday-rentals/40225-apartment-in-courchevel-1650-france
allChalets,allchalets-chalet-ibis,Chalet Ibis,,Courchevel 1650 (Moriond),no,https://www.allchalets.com/holiday-rentals/39603-chalet-in-courchevel-1650-france
allChalets,allchalets-chalet-lanches-iii,Chalet Lanches III,,Courchevel 1650 (Moriond),no,https://www.allchalets.com/holiday-rentals/34205-apartment-in-courchevel-1650-france
allChalets,allchalets-chalet-marie-34301,Chalet Marie,,Courchevel 1650 (Moriond),no,https://www.allchalets.com/holiday-rentals/34301-apartment-in-courchevel-1650-france
allChalets,allchalets-chalet-soliettes-iv,Chalet Soliettes IV,,Courchevel 1650 (Moriond),no,https://www.allchalets.com/holiday-rentals/47438-apartment-in-courchevel-1650-france
allChalets,allchalets-chalet-des-lanches,Chalet des Lanches,,Courchevel 1650 (Moriond),yes,https://www.allchalets.com/holiday-rentals/24001-chalet-in-courchevel-1650-france
allChalets,allchalets-chalet-22742,Chalet 22742,,Huez (village),no,https://www.allchalets.com/holiday-rentals/22742-chalet-in-alpe-d-huez-france
allChalets,allchalets-chalet-57021,Chalet 57021,,Huez (village),no,https://www.allchalets.com/holiday-rentals/57021-chalet-in-alpe-d-huez-france
allChalets,allchalets-chalet-de-louis,Chalet De Louis,,Huez (village),no,https://www.allchalets.com/holiday-rentals/16294-chalet-in-alpe-d-huez-france
allChalets,allchalets-chalet-de-sarenne,Chalet De Sarenne,,Huez (village),no,https://www.allchalets.com/holiday-rentals/19093-chalet-in-alpe-d-huez-france
allChalets,allchalets-chalet-nuance,Chalet Nuance,,Huez (village),no,https://www.allchalets.com/holiday-rentals/16801-chalet-in-alpe-d-huez-france
allChalets,allchalets-chalet-nuance-22811,Chalet Nuance,,Huez (village),no,https://www.allchalets.com/holiday-rentals/22811-chalet-in-alpe-d-huez-france
allChalets,allchalets-chalet-de-bleu,Chalet de Bleu,private advertiser on allChalets (enquiry contact: Martin Bright),Huez (village),yes,https://www.allchalets.com/holiday-rentals/34304-chalet-in-alpe-d-huez-france
allChalets,allchalets-chalet-du-gris,Chalet du Gris,private advertiser on allChalets (enquiry contact: Martin Bright),Huez (village),yes,https://www.allchalets.com/holiday-rentals/34305-apartment-in-alpe-d-huez-france
allChalets,allchalets-chalet-2214,Chalet 2214,,La Chapelle d'Abondance,no,https://www.allchalets.com/holiday-rentals/2214-chalet-in-la-chapelle-d-abondance-france
allChalets,allchalets-chalet-62835,Chalet 62835,,La Chapelle d'Abondance,no,https://www.allchalets.com/holiday-rentals/62835-chalet-in-la-chapelle-d-abondance-france
allChalets,allchalets-apartment-28322,Apartment 28322,,La Daille,no,https://www.allchalets.com/holiday-rentals/28322-apartment-in-val-d-isere-france
allChalets,allchalets-apartment-28323,Apartment 28323,,La Daille,no,https://www.allchalets.com/holiday-rentals/28323-apartment-in-val-d-isere-france
allChalets,allchalets-apartment-35146,Apartment 35146,,La Daille,no,https://www.allchalets.com/holiday-rentals/35146-apartment-in-val-d-isere-france
allChalets,allchalets-apartment-40704,Apartment 40704,,La Daille,no,https://www.allchalets.com/holiday-rentals/40704-apartment-in-val-d-isere-france
allChalets,allchalets-apartment-62511,Apartment 62511,,La Daille,no,https://www.allchalets.com/holiday-rentals/62511-apartment-in-val-d-isere-france
allChalets,allchalets-chalet-27679,Chalet 27679,,La Daille,no,https://www.allchalets.com/holiday-rentals/27679-chalet-in-val-d-isere-france
allChalets,allchalets-residence-les-balcons-de-bellevarde-25950,Residence Les Balcons de Bellevarde,,La Daille,no,https://www.allchalets.com/holiday-rentals/25950-apartment-in-val-d-isere-france
allChalets,allchalets-soleil-levant-62057,Soleil Levant,,La Daille,no,https://www.allchalets.com/holiday-rentals/62057-apartment-in-val-d-isere-france
allChalets,allchalets-studio-12551,Studio 12551,,La Daille,no,https://www.allchalets.com/holiday-rentals/12551-studio-in-val-d-isere-france
allChalets,allchalets-studio-40703,Studio 40703,,La Daille,no,https://www.allchalets.com/holiday-rentals/40703-studio-in-val-d-isere-france
allChalets,allchalets-apartment-35256,Apartment 35256,,Le Fornet,no,https://www.allchalets.com/holiday-rentals/35256-apartment-in-val-d-isere-france
allChalets,allchalets-apartment-36190,Apartment 36190,private advertiser on allChalets (enquiry contact: Yvonne allChalets),Le Fornet,no,https://www.allchalets.com/holiday-rentals/36190-apartment-in-val-d-isere-france
allChalets,allchalets-apartment-39423,Apartment 39423,,Le Fornet,no,https://www.allchalets.com/holiday-rentals/39423-apartment-in-val-d-isere-france
allChalets,allchalets-chalet-bazel,Chalet Bazel,,Le Fornet,no,https://www.allchalets.com/holiday-rentals/2311-chalet-in-val-d-isere-france
allChalets,allchalets-chalet-de-vallon-iv,Chalet de Vallon IV,private advertiser on allChalets (enquiry contact: Martin Bright),Le Fornet,yes,https://www.allchalets.com/holiday-rentals/34937-apartment-in-val-d-isere-france
allChalets,allchalets-residence-l-arolay,Résidence l'Arolay,private advertiser on allChalets (enquiry contact: Yvonne allChalets),Le Fornet,no,https://www.allchalets.com/holiday-rentals/40166-apartment-in-val-d-isere-france
allChalets,allchalets-apartment-25987,Apartment 25987,,Les 2 Alpes,no,https://www.allchalets.com/holiday-rentals/25987-apartment-in-les-deux-alpes-france
allChalets,allchalets-apartment-30923,Apartment 30923,,Les 2 Alpes,no,https://www.allchalets.com/holiday-rentals/30923-apartment-in-les-deux-alpes-france
allChalets,allchalets-apartment-34994,Apartment 34994,,Les 2 Alpes,yes,https://www.allchalets.com/holiday-rentals/34994-apartment-in-les-deux-alpes-france
allChalets,allchalets-apartment-39636,Apartment 39636,,Les 2 Alpes,no,https://www.allchalets.com/holiday-rentals/39636-apartment-in-les-deux-alpes-france
allChalets,allchalets-apartment-39638,Apartment 39638,,Les 2 Alpes,no,https://www.allchalets.com/holiday-rentals/39638-apartment-in-les-deux-alpes-france
allChalets,allchalets-apartment-39639,Apartment 39639,,Les 2 Alpes,no,https://www.allchalets.com/holiday-rentals/39639-apartment-in-les-deux-alpes-france
allChalets,allchalets-apartment-39640,Apartment 39640,,Les 2 Alpes,no,https://www.allchalets.com/holiday-rentals/39640-apartment-in-les-deux-alpes-france
allChalets,allchalets-apartment-39641,Apartment 39641,,Les 2 Alpes,no,https://www.allchalets.com/holiday-rentals/39641-apartment-in-les-deux-alpes-france
allChalets,allchalets-apartment-39642,Apartment 39642,,Les 2 Alpes,no,https://www.allchalets.com/holiday-rentals/39642-apartment-in-les-deux-alpes-france
allChalets,allchalets-apartment-39643,Apartment 39643,,Les 2 Alpes,no,https://www.allchalets.com/holiday-rentals/39643-apartment-in-les-deux-alpes-france
allChalets,allchalets-apartment-39644,Apartment 39644,,Les 2 Alpes,no,https://www.allchalets.com/holiday-rentals/39644-apartment-in-les-deux-alpes-france
allChalets,allchalets-apartment-39728,Apartment 39728,,Les 2 Alpes,no,https://www.allchalets.com/holiday-rentals/39728-apartment-in-les-deux-alpes-france
allChalets,allchalets-apartment-39730,Apartment 39730,,Les 2 Alpes,no,https://www.allchalets.com/holiday-rentals/39730-apartment-in-les-deux-alpes-france
allChalets,allchalets-apartment-39731,Apartment 39731,,Les 2 Alpes,no,https://www.allchalets.com/holiday-rentals/39731-apartment-in-les-deux-alpes-france
allChalets,allchalets-apartment-44299,Apartment 44299,,Les 2 Alpes,no,https://www.allchalets.com/holiday-rentals/44299-apartment-in-les-deux-alpes-france
allChalets,allchalets-apartment-44363,Apartment 44363,,Les 2 Alpes,no,https://www.allchalets.com/holiday-rentals/44363-apartment-in-les-deux-alpes-france
allChalets,allchalets-apartment-46913,Apartment 46913,,Les 2 Alpes,no,https://www.allchalets.com/holiday-rentals/46913-apartment-in-les-deux-alpes-france
allChalets,allchalets-apartment-46914,Apartment 46914,,Les 2 Alpes,no,https://www.allchalets.com/holiday-rentals/46914-apartment-in-les-deux-alpes-france
allChalets,allchalets-apartment-46932,Apartment 46932,,Les 2 Alpes,no,https://www.allchalets.com/holiday-rentals/46932-apartment-in-les-deux-alpes-france
allChalets,allchalets-apartment-47446,Apartment 47446,,Les 2 Alpes,no,https://www.allchalets.com/holiday-rentals/47446-apartment-in-les-deux-alpes-france
allChalets,allchalets-apartment-62909,Apartment 62909,,Les 2 Alpes,no,https://www.allchalets.com/holiday-rentals/62909-apartment-in-les-deux-alpes-france
allChalets,allchalets-apartment-63128,Apartment 63128,,Les 2 Alpes,no,https://www.allchalets.com/holiday-rentals/63128-apartment-in-les-deux-alpes-france
allChalets,allchalets-apartment-layout,Apartment Layout,,Les 2 Alpes,no,https://www.allchalets.com/holiday-rentals/39659-apartment-in-les-deux-alpes-france
allChalets,allchalets-chalet-11520,Chalet 11520,,Les 2 Alpes,no,https://www.allchalets.com/holiday-rentals/11520-chalet-in-les-deux-alpes-france
allChalets,allchalets-chalet-11525,Chalet 11525,,Les 2 Alpes,no,https://www.allchalets.com/holiday-rentals/11525-chalet-in-les-deux-alpes-france
allChalets,allchalets-chalet-19073,Chalet 19073,,Les 2 Alpes,no,https://www.allchalets.com/holiday-rentals/19073-chalet-in-les-deux-alpes-france
allChalets,allchalets-chalet-23413,Chalet 23413,,Les 2 Alpes,no,https://www.allchalets.com/holiday-rentals/23413-chalet-in-les-deux-alpes-france
allChalets,allchalets-chalet-23693,Chalet 23693,,Les 2 Alpes,no,https://www.allchalets.com/holiday-rentals/23693-chalet-in-les-deux-alpes-france
allChalets,allchalets-chalet-23698,Chalet 23698,,Les 2 Alpes,no,https://www.allchalets.com/holiday-rentals/23698-chalet-in-les-deux-alpes-france
allChalets,allchalets-chalet-23778,Chalet 23778,,Les 2 Alpes,no,https://www.allchalets.com/holiday-rentals/23778-chalet-in-les-deux-alpes-france
allChalets,allchalets-chalet-27232,Chalet 27232,,Les 2 Alpes,no,https://www.allchalets.com/holiday-rentals/27232-chalet-in-les-deux-alpes-france
allChalets,allchalets-chalet-28047,Chalet 28047,,Les 2 Alpes,no,https://www.allchalets.com/holiday-rentals/28047-chalet-in-les-deux-alpes-france
allChalets,allchalets-chalet-28453,Chalet 28453,,Les 2 Alpes,no,https://www.allchalets.com/holiday-rentals/28453-chalet-in-les-deux-alpes-france
allChalets,allchalets-chalet-34372,Chalet 34372,,Les 2 Alpes,no,https://www.allchalets.com/holiday-rentals/34372-chalet-in-les-deux-alpes-france
allChalets,allchalets-chalet-35251,Chalet 35251,,Les 2 Alpes,no,https://www.allchalets.com/holiday-rentals/35251-chalet-in-les-deux-alpes-france
allChalets,allchalets-chalet-36067,Chalet 36067,,Les 2 Alpes,no,https://www.allchalets.com/holiday-rentals/36067-chalet-in-les-deux-alpes-france
allChalets,allchalets-chalet-38986,Chalet 38986,,Les 2 Alpes,no,https://www.allchalets.com/holiday-rentals/38986-chalet-in-les-deux-alpes-france
allChalets,allchalets-chalet-39833,Chalet 39833,,Les 2 Alpes,no,https://www.allchalets.com/holiday-rentals/39833-chalet-in-les-deux-alpes-france
allChalets,allchalets-chalet-62063,Chalet 62063,,Les 2 Alpes,no,https://www.allchalets.com/holiday-rentals/62063-chalet-in-les-deux-alpes-france
allChalets,allchalets-chalet-62921,Chalet 62921,,Les 2 Alpes,no,https://www.allchalets.com/holiday-rentals/62921-chalet-in-les-deux-alpes-france
allChalets,allchalets-chalet-7753,Chalet 7753,,Les 2 Alpes,no,https://www.allchalets.com/holiday-rentals/7753-chalet-in-les-deux-alpes-france
allChalets,allchalets-chalet-8794,Chalet 8794,,Les 2 Alpes,no,https://www.allchalets.com/holiday-rentals/8794-chalet-in-les-deux-alpes-france
allChalets,allchalets-chalet-alpina,Chalet Alpina,,Les 2 Alpes,no,https://www.allchalets.com/holiday-rentals/8676-chalet-in-les-deux-alpes-france
allChalets,allchalets-chalet-atelier,Chalet Atelier,,Les 2 Alpes,no,https://www.allchalets.com/holiday-rentals/27986-chalet-in-les-deux-alpes-france
allChalets,allchalets-chalet-coop,Chalet Coop,,Les 2 Alpes,no,https://www.allchalets.com/holiday-rentals/44427-apartment-in-les-deux-alpes-france
allChalets,allchalets-chalet-erika,Chalet Erika,,Les 2 Alpes,no,https://www.allchalets.com/holiday-rentals/11826-chalet-in-les-deux-alpes-france
allChalets,allchalets-chalet-gilda,Chalet Gilda,,Les 2 Alpes,no,https://www.allchalets.com/holiday-rentals/38897-chalet-in-les-deux-alpes-france
allChalets,allchalets-chalet-l-hermine,Chalet L'Hermine,,Les 2 Alpes,no,https://www.allchalets.com/holiday-rentals/46935-chalet-in-les-deux-alpes-france
allChalets,allchalets-chalet-l-ours-brun,Chalet L'Ours Brun,,Les 2 Alpes,no,https://www.allchalets.com/holiday-rentals/46934-chalet-in-les-deux-alpes-france
allChalets,allchalets-chalet-l-ours-polaire,Chalet L'Ours Polaire,,Les 2 Alpes,no,https://www.allchalets.com/holiday-rentals/40410-chalet-in-les-deux-alpes-france
allChalets,allchalets-chalet-la-muzelle,Chalet La Muzelle,,Les 2 Alpes,no,https://www.allchalets.com/holiday-rentals/7778-chalet-in-les-deux-alpes-france
allChalets,allchalets-chalet-la-panthere,Chalet La Panthere,,Les 2 Alpes,no,https://www.allchalets.com/holiday-rentals/40475-chalet-in-les-deux-alpes-france
allChalets,allchalets-chalet-le-chabichou,Chalet Le Chabichou,,Les 2 Alpes,no,https://www.allchalets.com/holiday-rentals/36085-chalet-in-les-deux-alpes-france
allChalets,allchalets-chalet-le-chambertin,Chalet Le Chambertin,,Les 2 Alpes,no,https://www.allchalets.com/holiday-rentals/30903-chalet-in-les-deux-alpes-france
allChalets,allchalets-chalet-le-lynx,Chalet Le Lynx,,Les 2 Alpes,no,https://www.allchalets.com/holiday-rentals/46936-chalet-in-les-deux-alpes-france
allChalets,allchalets-chalet-le-panorama,Chalet Le Panorama,,Les 2 Alpes,no,https://www.allchalets.com/holiday-rentals/11106-chalet-in-les-deux-alpes-france
allChalets,allchalets-chalet-le-pleynet,Chalet Le Pleynet,,Les 2 Alpes,no,https://www.allchalets.com/holiday-rentals/7781-chalet-in-les-deux-alpes-france
allChalets,allchalets-chalet-le-sabot,Chalet Le Sabot,,Les 2 Alpes,no,https://www.allchalets.com/holiday-rentals/22629-chalet-in-les-deux-alpes-france
allChalets,allchalets-chalet-leosky,Chalet Leosky,,Les 2 Alpes,no,https://www.allchalets.com/holiday-rentals/39645-chalet-in-les-deux-alpes-france
Ski Line,allchalets-chalet-les-alpages,Chalet Les Alpages,,Les 2 Alpes,no,https://www.allchalets.com/holiday-rentals/7777-chalet-in-les-deux-alpes-france
allChalets,allchalets-chalet-les-alpages,Chalet Les Alpages,,Les 2 Alpes,no,https://www.allchalets.com/holiday-rentals/7777-chalet-in-les-deux-alpes-france
allChalets,allchalets-chalet-mountain-lodge,Chalet Mountain Lodge,,Les 2 Alpes,no,https://www.allchalets.com/holiday-rentals/30904-chalet-in-les-deux-alpes-france
allChalets,allchalets-chalet-norma,Chalet Norma,,Les 2 Alpes,no,https://www.allchalets.com/holiday-rentals/38898-chalet-in-les-deux-alpes-france
allChalets,allchalets-chalet-olivier,Chalet Olivier,,Les 2 Alpes,no,https://www.allchalets.com/holiday-rentals/26374-chalet-in-les-deux-alpes-france
allChalets,allchalets-chalet-polaire,Chalet Polaire,,Les 2 Alpes,no,https://www.allchalets.com/holiday-rentals/47451-chalet-in-les-deux-alpes-france
allChalets,allchalets-chalet-soleil-iv,Chalet Soleil IV,,Les 2 Alpes,yes,https://www.allchalets.com/holiday-rentals/24209-apartment-in-les-deux-alpes-france
allChalets,allchalets-chalet-soleil-levant,Chalet Soleil Levant,,Les 2 Alpes,no,https://www.allchalets.com/holiday-rentals/9186-chalet-in-les-deux-alpes-france
allChalets,allchalets-residence-les-clarines,Residence Les Clarines,,Les 2 Alpes,no,https://www.allchalets.com/holiday-rentals/39995-apartment-in-les-deux-alpes-france
allChalets,allchalets-apartment-belle-vue,Apartment Belle Vue,,Les Coches,no,https://www.allchalets.com/holiday-rentals/39783-chalet-in-les-coches-france
allChalets,allchalets-apartment-ciel,Apartment Ciel,,Les Coches,no,https://www.allchalets.com/holiday-rentals/39785-apartment-in-les-coches-france
allChalets,allchalets-chalet-jardin-aplin,Chalet Jardin Aplin,,Les Coches,no,https://www.allchalets.com/holiday-rentals/36005-chalet-in-les-coches-france
allChalets,allchalets-chalet-jardin-aplin-36006,Chalet Jardin Aplin,private advertiser on allChalets (enquiry contact: John Williams),Les Coches,yes,https://www.allchalets.com/holiday-rentals/36006-chalet-in-les-coches-france
allChalets,allchalets-apartment-12536,Apartment 12536,,Les Menuires,no,https://www.allchalets.com/holiday-rentals/12536-apartment-in-les-menuires-france
allChalets,allchalets-apartment-12537,Apartment 12537,,Les Menuires,no,https://www.allchalets.com/holiday-rentals/12537-apartment-in-les-menuires-france
allChalets,allchalets-apartment-13482,Apartment 13482,,Les Menuires,no,https://www.allchalets.com/holiday-rentals/13482-apartment-in-les-menuires-france
allChalets,allchalets-apartment-26058,Apartment 26058,private advertiser on allChalets (enquiry contact: Martin Bright),Les Menuires,yes,https://www.allchalets.com/holiday-rentals/26058-apartment-in-les-menuires-france
allChalets,allchalets-apartment-28100,Apartment 28100,,Les Menuires,no,https://www.allchalets.com/holiday-rentals/28100-apartment-in-les-menuires-france
allChalets,allchalets-apartment-28101,Apartment 28101,,Les Menuires,no,https://www.allchalets.com/holiday-rentals/28101-apartment-in-les-menuires-france
allChalets,allchalets-apartment-28102,Apartment 28102,,Les Menuires,no,https://www.allchalets.com/holiday-rentals/28102-apartment-in-les-menuires-france
allChalets,allchalets-apartment-28103,Apartment 28103,,Les Menuires,no,https://www.allchalets.com/holiday-rentals/28103-apartment-in-les-menuires-france
allChalets,allchalets-apartment-28286,Apartment 28286,,Les Menuires,no,https://www.allchalets.com/holiday-rentals/28286-apartment-in-les-menuires-france
allChalets,allchalets-apartment-28287,Apartment 28287,,Les Menuires,no,https://www.allchalets.com/holiday-rentals/28287-apartment-in-les-menuires-france
allChalets,allchalets-apartment-28289,Apartment 28289,,Les Menuires,no,https://www.allchalets.com/holiday-rentals/28289-apartment-in-les-menuires-france
allChalets,allchalets-apartment-28292,Apartment 28292,,Les Menuires,no,https://www.allchalets.com/holiday-rentals/28292-apartment-in-les-menuires-france
allChalets,allchalets-apartment-28544,Apartment 28544,,Les Menuires,no,https://www.allchalets.com/holiday-rentals/28544-apartment-in-les-menuires-france
allChalets,allchalets-apartment-28545,Apartment 28545,,Les Menuires,no,https://www.allchalets.com/holiday-rentals/28545-apartment-in-les-menuires-france
allChalets,allchalets-apartment-34647,Apartment 34647,,Les Menuires,no,https://www.allchalets.com/holiday-rentals/34647-apartment-in-les-menuires-france
allChalets,allchalets-apartment-34683,Apartment 34683,private advertiser on allChalets (enquiry contact: Martin Bright),Les Menuires,yes,https://www.allchalets.com/holiday-rentals/34683-apartment-in-les-menuires-france
allChalets,allchalets-apartment-38303,Apartment 38303,,Les Menuires,no,https://www.allchalets.com/holiday-rentals/38303-apartment-in-les-menuires-france
allChalets,allchalets-apartment-38323,Apartment 38323,,Les Menuires,no,https://www.allchalets.com/holiday-rentals/38323-apartment-in-les-menuires-france
allChalets,allchalets-apartment-40049,Apartment 40049,,Les Menuires,no,https://www.allchalets.com/holiday-rentals/40049-apartment-in-les-menuires-france
allChalets,allchalets-apartment-40075,Apartment 40075,,Les Menuires,no,https://www.allchalets.com/holiday-rentals/40075-apartment-in-les-menuires-france
allChalets,allchalets-apartment-40243,Apartment 40243,,Les Menuires,no,https://www.allchalets.com/holiday-rentals/40243-apartment-in-les-menuires-france
allChalets,allchalets-apartment-44862,Apartment 44862,,Les Menuires,no,https://www.allchalets.com/holiday-rentals/44862-apartment-in-les-menuires-france
allChalets,allchalets-apartment-47027,Apartment 47027,private advertiser on allChalets (enquiry contact: Martin Bright),Les Menuires,yes,https://www.allchalets.com/holiday-rentals/47027-apartment-in-les-menuires-france
allChalets,allchalets-apartment-59416,Apartment 59416,,Les Menuires,no,https://www.allchalets.com/holiday-rentals/59416-apartment-in-les-menuires-france
allChalets,allchalets-apartment-59417,Apartment 59417,,Les Menuires,no,https://www.allchalets.com/holiday-rentals/59417-apartment-in-les-menuires-france
allChalets,allchalets-apartment-59418,Apartment 59418,,Les Menuires,no,https://www.allchalets.com/holiday-rentals/59418-apartment-in-les-menuires-france
allChalets,allchalets-apartment-59420,Apartment 59420,,Les Menuires,no,https://www.allchalets.com/holiday-rentals/59420-apartment-in-les-menuires-france
allChalets,allchalets-apartment-59421,Apartment 59421,,Les Menuires,no,https://www.allchalets.com/holiday-rentals/59421-apartment-in-les-menuires-france
allChalets,allchalets-apartment-62210,Apartment 62210,,Les Menuires,no,https://www.allchalets.com/holiday-rentals/62210-apartment-in-les-menuires-france
allChalets,allchalets-apartment-62217,Apartment 62217,,Les Menuires,no,https://www.allchalets.com/holiday-rentals/62217-apartment-in-les-menuires-france
allChalets,allchalets-apartment-62218,Apartment 62218,,Les Menuires,no,https://www.allchalets.com/holiday-rentals/62218-apartment-in-les-menuires-france
allChalets,allchalets-apartment-62924,Apartment 62924,,Les Menuires,no,https://www.allchalets.com/holiday-rentals/62924-apartment-in-les-menuires-france
allChalets,allchalets-apartment-63003,Apartment 63003,,Les Menuires,no,https://www.allchalets.com/holiday-rentals/63003-apartment-in-les-menuires-france
allChalets,allchalets-apartment-63004,Apartment 63004,,Les Menuires,no,https://www.allchalets.com/holiday-rentals/63004-apartment-in-les-menuires-france
allChalets,allchalets-apartment-63005,Apartment 63005,,Les Menuires,no,https://www.allchalets.com/holiday-rentals/63005-apartment-in-les-menuires-france
allChalets,allchalets-apartment-63006,Apartment 63006,,Les Menuires,no,https://www.allchalets.com/holiday-rentals/63006-apartment-in-les-menuires-france
allChalets,allchalets-apartment-63245,Apartment 63245,,Les Menuires,no,https://www.allchalets.com/holiday-rentals/63245-apartment-in-les-menuires-france
allChalets,allchalets-chalet-16552,Chalet 16552,,Les Menuires,no,https://www.allchalets.com/holiday-rentals/16552-chalet-in-les-menuires-france
allChalets,allchalets-chalet-26427,Chalet 26427,,Les Menuires,no,https://www.allchalets.com/holiday-rentals/26427-chalet-in-les-menuires-france
allChalets,allchalets-chalet-28067,Chalet 28067,,Les Menuires,no,https://www.allchalets.com/holiday-rentals/28067-chalet-in-les-menuires-france
allChalets,allchalets-chalet-35797,Chalet 35797,,Les Menuires,no,https://www.allchalets.com/holiday-rentals/35797-chalet-in-les-menuires-france
allChalets,allchalets-chalet-35830,Chalet 35830,,Les Menuires,no,https://www.allchalets.com/holiday-rentals/35830-chalet-in-les-menuires-france
allChalets,allchalets-chalet-40250,Chalet 40250,,Les Menuires,no,https://www.allchalets.com/holiday-rentals/40250-chalet-in-les-menuires-france
allChalets,allchalets-chalet-40304,Chalet 40304,,Les Menuires,no,https://www.allchalets.com/holiday-rentals/40304-chalet-in-les-menuires-france
allChalets,allchalets-chalet-59362,Chalet 59362,,Les Menuires,no,https://www.allchalets.com/holiday-rentals/59362-chalet-in-les-menuires-france
allChalets,allchalets-chalet-59364,Chalet 59364,,Les Menuires,no,https://www.allchalets.com/holiday-rentals/59364-chalet-in-les-menuires-france
allChalets,allchalets-chalet-62065,Chalet 62065,,Les Menuires,no,https://www.allchalets.com/holiday-rentals/62065-chalet-in-les-menuires-france
allChalets,allchalets-chalet-adel,Chalet Adel,private advertiser on allChalets (enquiry contact: Martin Bright),Les Menuires,yes,https://www.allchalets.com/holiday-rentals/26297-apartment-in-les-menuires-france
allChalets,allchalets-chalet-alex,Chalet Alex,,Les Menuires,no,https://www.allchalets.com/holiday-rentals/24531-apartment-in-les-menuires-france
allChalets,allchalets-chalet-alexia,Chalet Alexia,,Les Menuires,no,https://www.allchalets.com/holiday-rentals/28955-apartment-in-les-menuires-france
allChalets,allchalets-chalet-alexus,Chalet Alexus,private advertiser on allChalets (enquiry contact: Martin Bright),Les Menuires,yes,https://www.allchalets.com/holiday-rentals/26348-chalet-in-les-menuires-france
allChalets,allchalets-chalet-anabel,Chalet Anabel,,Les Menuires,no,https://www.allchalets.com/holiday-rentals/25948-chalet-in-les-menuires-france
allChalets,allchalets-chalet-anna,Chalet Anna,,Les Menuires,no,https://www.allchalets.com/holiday-rentals/35798-chalet-in-les-menuires-france
allChalets,allchalets-chalet-ava,Chalet Ava,,Les Menuires,no,https://www.allchalets.com/holiday-rentals/24920-chalet-in-les-menuires-france
allChalets,allchalets-chalet-bettaix,Chalet Bettaix,,Les Menuires,no,https://www.allchalets.com/holiday-rentals/33980-chalet-in-les-menuires-france
allChalets,allchalets-chalet-caren,Chalet Caren,,Les Menuires,no,https://www.allchalets.com/holiday-rentals/47416-chalet-in-les-menuires-france
allChalets,allchalets-chalet-claudia,Chalet Claudia,,Les Menuires,no,https://www.allchalets.com/holiday-rentals/35831-chalet-in-les-menuires-france
allChalets,allchalets-chalet-cristaux-vi,Chalet Cristaux VI,,Les Menuires,no,https://www.allchalets.com/holiday-rentals/24005-apartment-in-les-menuires-france
allChalets,allchalets-chalet-elise,Chalet Elise,private advertiser on allChalets (enquiry contact: Martin Bright),Les Menuires,yes,https://www.allchalets.com/holiday-rentals/27225-chalet-in-les-menuires-france
allChalets,allchalets-chalet-ellie,Chalet Ellie,private advertiser on allChalets (enquiry contact: Martin Bright),Les Menuires,yes,https://www.allchalets.com/holiday-rentals/34272-apartment-in-les-menuires-france
allChalets,allchalets-chalet-ice,Chalet Ice,private advertiser on allChalets (enquiry contact: Martin Bright),Les Menuires,yes,https://www.allchalets.com/holiday-rentals/35870-chalet-in-les-menuires-france
allChalets,allchalets-chalet-jacque,Chalet Jacque,,Les Menuires,no,https://www.allchalets.com/holiday-rentals/28945-apartment-in-les-menuires-france
allChalets,allchalets-chalet-jazz,Chalet Jazz,,Les Menuires,no,https://www.allchalets.com/holiday-rentals/35799-chalet-in-les-menuires-france
allChalets,allchalets-chalet-le-bettaix-vi,Chalet Le Bettaix VI,,Les Menuires,no,https://www.allchalets.com/holiday-rentals/27227-chalet-in-les-menuires-france
allChalets,allchalets-chalet-les-cimes-iv,Chalet Les Cimes IV,private advertiser on allChalets (enquiry contact: Martin Bright),Les Menuires,yes,https://www.allchalets.com/holiday-rentals/25617-apartment-in-les-menuires-france
allChalets,allchalets-chalet-lille,Chalet Lille,private advertiser on allChalets (enquiry contact: Martin Bright),Les Menuires,yes,https://www.allchalets.com/holiday-rentals/31145-apartment-in-les-menuires-france
allChalets,allchalets-chalet-lou-25754,Chalet Lou,private advertiser on allChalets (enquiry contact: Martin Bright),Les Menuires,yes,https://www.allchalets.com/holiday-rentals/25754-apartment-in-les-menuires-france
allChalets,allchalets-chalet-louis,Chalet Louis,private advertiser on allChalets (enquiry contact: Martin Bright),Les Menuires,yes,https://www.allchalets.com/holiday-rentals/62075-chalet-in-les-menuires-france
allChalets,allchalets-chalet-louisa,Chalet Louisa,,Les Menuires,no,https://www.allchalets.com/holiday-rentals/27275-chalet-in-les-menuires-france
allChalets,allchalets-chalet-louise,Chalet Louise,private advertiser on allChalets (enquiry contact: Martin Bright),Les Menuires,yes,https://www.allchalets.com/holiday-rentals/25307-chalet-in-les-menuires-france
allChalets,allchalets-chalet-lucy,Chalet Lucy,,Les Menuires,no,https://www.allchalets.com/holiday-rentals/62069-chalet-in-les-menuires-france
allChalets,allchalets-chalet-marmottes-iii,Chalet Marmottes III,private advertiser on allChalets (enquiry contact: Martin Bright),Les Menuires,yes,https://www.allchalets.com/holiday-rentals/27279-chalet-in-les-menuires-france
allChalets,allchalets-chalet-reberty-iv,Chalet Reberty IV,private advertiser on allChalets (enquiry contact: Martin Bright),Les Menuires,yes,https://www.allchalets.com/holiday-rentals/41947-apartment-in-les-menuires-france
allChalets,allchalets-chalet-snow,Chalet Snow,,Les Menuires,no,https://www.allchalets.com/holiday-rentals/27243-chalet-in-les-menuires-france
allChalets,allchalets-chalet-soleil-iii-this,Chalet Soleil III This,,Les Menuires,no,https://www.allchalets.com/holiday-rentals/40241-apartment-in-les-menuires-france
allChalets,allchalets-chalet-susanna,Chalet Susanna,,Les Menuires,no,https://www.allchalets.com/holiday-rentals/35800-chalet-in-les-menuires-france
allChalets,allchalets-chalet-val,Chalet Val,,Les Menuires,no,https://www.allchalets.com/holiday-rentals/62212-apartment-in-les-menuires-france
allChalets,allchalets-chalet-val-62215,Chalet Val,,Les Menuires,no,https://www.allchalets.com/holiday-rentals/62215-apartment-in-les-menuires-france
allChalets,allchalets-chalet-val-62214,Chalet Val,,Les Menuires,no,https://www.allchalets.com/holiday-rentals/62214-apartment-in-les-menuires-france
allChalets,allchalets-chalet-val-62213,Chalet Val,,Les Menuires,no,https://www.allchalets.com/holiday-rentals/62213-apartment-in-les-menuires-france
allChalets,allchalets-chalet-val-62211,Chalet Val,,Les Menuires,no,https://www.allchalets.com/holiday-rentals/62211-apartment-in-les-menuires-france
allChalets,allchalets-chalet-d-alice-59363,Chalet d'Alice,,Les Menuires,no,https://www.allchalets.com/holiday-rentals/59363-chalet-in-les-menuires-france
allChalets,allchalets-residence-club-mmv-le,Résidence Club MMV Le,,Les Menuires,no,https://www.allchalets.com/holiday-rentals/59419-apartment-in-les-menuires-france
allChalets,allchalets-residence-le-coeur,Résidence Le Coeur,,Les Menuires,no,https://www.allchalets.com/holiday-rentals/59359-apartment-in-les-menuires-france
allChalets,allchalets-residence-le-coeur-59360,Résidence Le Coeur,,Les Menuires,no,https://www.allchalets.com/holiday-rentals/59360-apartment-in-les-menuires-france
allChalets,allchalets-studio-28543,Studio 28543,,Les Menuires,no,https://www.allchalets.com/holiday-rentals/28543-studio-in-les-menuires-france
allChalets,allchalets-chalet-62096,Chalet 62096,,Montchavin,no,https://www.allchalets.com/holiday-rentals/62096-chalet-in-montchavin-france
allChalets,allchalets-chalet-edelweiss,Chalet Edelweiss,,Montchavin,no,https://www.allchalets.com/holiday-rentals/62078-chalet-in-montchavin-france
allChalets,allchalets-chalet-des-neiges,Chalet des Neiges,private advertiser on allChalets (enquiry contact: Martin Bright),Oz-en-Oisans,yes,https://www.allchalets.com/holiday-rentals/24509-apartment-in-alpe-d-huez-france
allChalets,allchalets-apartment-25915,Apartment 25915,,Tignes 1800,no,https://www.allchalets.com/holiday-rentals/25915-apartment-in-tignes-france
allChalets,allchalets-apartment-31144,Apartment 31144,,Tignes 1800,no,https://www.allchalets.com/holiday-rentals/31144-apartment-in-tignes-france
allChalets,allchalets-apartment-59076,Apartment 59076,,Tignes 1800,no,https://www.allchalets.com/holiday-rentals/59076-apartment-in-tignes-france
allChalets,allchalets-apartment-59077,Apartment 59077,,Tignes 1800,no,https://www.allchalets.com/holiday-rentals/59077-apartment-in-tignes-france
allChalets,allchalets-apartment-59078,Apartment 59078,,Tignes 1800,no,https://www.allchalets.com/holiday-rentals/59078-apartment-in-tignes-france
allChalets,allchalets-apartment-23591,Apartment 23591,,Tignes Le Lac,no,https://www.allchalets.com/holiday-rentals/23591-apartment-in-tignes-le-lac-france
allChalets,allchalets-apartment-26217,Apartment 26217,,Tignes Le Lac,no,https://www.allchalets.com/holiday-rentals/26217-apartment-in-tignes-le-lac-france
allChalets,allchalets-apartment-29006,Apartment 29006,,Tignes Le Lac,no,https://www.allchalets.com/holiday-rentals/29006-apartment-in-tignes-le-lac-france
allChalets,allchalets-apartment-62101,Apartment 62101,,Tignes Le Lac,no,https://www.allchalets.com/holiday-rentals/62101-apartment-in-tignes-le-lac-france
allChalets,allchalets-apartment-62170,Apartment 62170,private advertiser on allChalets (enquiry contact: Martin Bright),Tignes Le Lac,yes,https://www.allchalets.com/holiday-rentals/62170-apartment-in-tignes-le-lac-france
allChalets,allchalets-apartment-iii,Apartment III,,Tignes Le Lac,no,https://www.allchalets.com/holiday-rentals/28818-apartment-in-tignes-le-lac-france
allChalets,allchalets-chalet-grande-denali,Chalet Grande Denali,,Tignes Le Lac,no,https://www.allchalets.com/holiday-rentals/24464-chalet-in-tignes-le-lac-france
allChalets,allchalets-chalet-les-arolles,Chalet Les Arolles,,Tignes Le Lac,no,https://www.allchalets.com/holiday-rentals/39431-chalet-in-tignes-le-lac-france
allChalets,allchalets-chalet-yeti-vi,Chalet Yeti VI,,Tignes Le Lac,no,https://www.allchalets.com/holiday-rentals/25036-chalet-in-tignes-le-lac-france
allChalets,allchalets-chalet-des-alpes-vi,Chalet des Alpes VI,,Tignes Le Lac,no,https://www.allchalets.com/holiday-rentals/62510-apartment-in-tignes-le-lac-france
allChalets,allchalets-apartment-34120,Apartment 34120,,Tignes Le Lavachet,no,https://www.allchalets.com/holiday-rentals/34120-apartment-in-tignes-france
allChalets,allchalets-apartment-36069,Apartment 36069,,Tignes Le Lavachet,no,https://www.allchalets.com/holiday-rentals/36069-apartment-in-tignes-france
allChalets,allchalets-apartment-39330,Apartment 39330,,Tignes Le Lavachet,no,https://www.allchalets.com/holiday-rentals/39330-apartment-in-tignes-france
allChalets,allchalets-apartment-55214,Apartment 55214,,Tignes Le Lavachet,no,https://www.allchalets.com/holiday-rentals/55214-apartment-in-tignes-france
allChalets,allchalets-apartment-27276,Apartment 27276,,Tignes Les Brevieres,yes,https://www.allchalets.com/holiday-rentals/27276-apartment-in-tignes-les-brevieres-france
allChalets,allchalets-chalet-11148,Chalet 11148,,Tignes Les Brevieres,no,https://www.allchalets.com/holiday-rentals/11148-chalet-in-tignes-les-brevieres-france
allChalets,allchalets-chalet-18318,Chalet 18318,,Tignes Les Brevieres,no,https://www.allchalets.com/holiday-rentals/18318-chalet-in-tignes-les-brevieres-france
allChalets,allchalets-chalet-19176,Chalet 19176,,Tignes Les Brevieres,no,https://www.allchalets.com/holiday-rentals/19176-chalet-in-tignes-les-brevieres-france
allChalets,allchalets-chalet-belevedere,Chalet Belevedere,,Tignes Les Brevieres,no,https://www.allchalets.com/holiday-rentals/2736-chalet-in-tignes-les-brevieres-france
allChalets,allchalets-chalet-coeur,Chalet Coeur,,Tignes Les Brevieres,no,https://www.allchalets.com/holiday-rentals/22116-chalet-in-tignes-les-brevieres-france
allChalets,allchalets-chalet-hattiers,Chalet Hattiers,,Tignes Les Brevieres,no,https://www.allchalets.com/holiday-rentals/2742-apartment-in-tignes-les-brevieres-france
allChalets,allchalets-apartment-62172,Apartment 62172,,Tignes Val Claret,no,https://www.allchalets.com/holiday-rentals/62172-apartment-in-tignes-val-claret-france
allChalets,allchalets-chalet-des-neiges-iii-35291,Chalet des Neiges III,,Tignes Val Claret,no,https://www.allchalets.com/holiday-rentals/35291-apartment-in-tignes-val-claret-france
allChalets,allchalets-studio-28548,Studio 28548,,Tignes Val Claret,no,https://www.allchalets.com/holiday-rentals/28548-studio-in-tignes-val-claret-france
allChalets,allchalets-studio-28549,Studio 28549,,Tignes Val Claret,no,https://www.allchalets.com/holiday-rentals/28549-studio-in-tignes-val-claret-france
allChalets,allchalets-studio-28550,Studio 28550,,Tignes Val Claret,no,https://www.allchalets.com/holiday-rentals/28550-studio-in-tignes-val-claret-france
allChalets,allchalets-studio-28551,Studio 28551,,Tignes Val Claret,no,https://www.allchalets.com/holiday-rentals/28551-studio-in-tignes-val-claret-france
allChalets,allchalets-apartment-12552,Apartment 12552,,Val Thorens,no,https://www.allchalets.com/holiday-rentals/12552-apartment-in-val-thorens-france
allChalets,allchalets-apartment-12554,Apartment 12554,,Val Thorens,no,https://www.allchalets.com/holiday-rentals/12554-apartment-in-val-thorens-france
allChalets,allchalets-apartment-26335,Apartment 26335,,Val Thorens,no,https://www.allchalets.com/holiday-rentals/26335-apartment-in-val-thorens-france
allChalets,allchalets-apartment-28334,Apartment 28334,,Val Thorens,no,https://www.allchalets.com/holiday-rentals/28334-apartment-in-val-thorens-france
allChalets,allchalets-apartment-28335,Apartment 28335,,Val Thorens,no,https://www.allchalets.com/holiday-rentals/28335-apartment-in-val-thorens-france
allChalets,allchalets-apartment-28336,Apartment 28336,,Val Thorens,no,https://www.allchalets.com/holiday-rentals/28336-apartment-in-val-thorens-france
allChalets,allchalets-apartment-28337,Apartment 28337,,Val Thorens,no,https://www.allchalets.com/holiday-rentals/28337-apartment-in-val-thorens-france
allChalets,allchalets-apartment-28338,Apartment 28338,,Val Thorens,no,https://www.allchalets.com/holiday-rentals/28338-apartment-in-val-thorens-france
allChalets,allchalets-apartment-28341,Apartment 28341,,Val Thorens,no,https://www.allchalets.com/holiday-rentals/28341-apartment-in-val-thorens-france
allChalets,allchalets-apartment-28342,Apartment 28342,,Val Thorens,no,https://www.allchalets.com/holiday-rentals/28342-apartment-in-val-thorens-france
allChalets,allchalets-apartment-28344,Apartment 28344,,Val Thorens,no,https://www.allchalets.com/holiday-rentals/28344-apartment-in-val-thorens-france
allChalets,allchalets-apartment-28815,Apartment 28815,,Val Thorens,no,https://www.allchalets.com/holiday-rentals/28815-apartment-in-val-thorens-france
allChalets,allchalets-apartment-28845,Apartment 28845,,Val Thorens,no,https://www.allchalets.com/holiday-rentals/28845-apartment-in-val-thorens-france
allChalets,allchalets-apartment-29086,Apartment 29086,,Val Thorens,no,https://www.allchalets.com/holiday-rentals/29086-apartment-in-val-thorens-france
allChalets,allchalets-apartment-29194,Apartment 29194,,Val Thorens,no,https://www.allchalets.com/holiday-rentals/29194-apartment-in-val-thorens-france
allChalets,allchalets-apartment-29204,Apartment 29204,,Val Thorens,no,https://www.allchalets.com/holiday-rentals/29204-apartment-in-val-thorens-france
allChalets,allchalets-apartment-29310,Apartment 29310,,Val Thorens,no,https://www.allchalets.com/holiday-rentals/29310-apartment-in-val-thorens-france
allChalets,allchalets-apartment-30982,Apartment 30982,,Val Thorens,no,https://www.allchalets.com/holiday-rentals/30982-apartment-in-val-thorens-france
allChalets,allchalets-apartment-31458,Apartment 31458,,Val Thorens,no,https://www.allchalets.com/holiday-rentals/31458-apartment-in-val-thorens-france
allChalets,allchalets-apartment-34065,Apartment 34065,,Val Thorens,no,https://www.allchalets.com/holiday-rentals/34065-apartment-in-val-thorens-france
allChalets,allchalets-apartment-34085,Apartment 34085,,Val Thorens,no,https://www.allchalets.com/holiday-rentals/34085-apartment-in-val-thorens-france
allChalets,allchalets-apartment-34151,Apartment 34151,,Val Thorens,no,https://www.allchalets.com/holiday-rentals/34151-apartment-in-val-thorens-france
allChalets,allchalets-apartment-34608,Apartment 34608,,Val Thorens,no,https://www.allchalets.com/holiday-rentals/34608-apartment-in-val-thorens-france
allChalets,allchalets-apartment-34675,Apartment 34675,,Val Thorens,no,https://www.allchalets.com/holiday-rentals/34675-apartment-in-val-thorens-france
allChalets,allchalets-apartment-34781,Apartment 34781,,Val Thorens,no,https://www.allchalets.com/holiday-rentals/34781-apartment-in-val-thorens-france
allChalets,allchalets-apartment-35107,Apartment 35107,,Val Thorens,no,https://www.allchalets.com/holiday-rentals/35107-apartment-in-val-thorens-france
allChalets,allchalets-apartment-35121,Apartment 35121,,Val Thorens,no,https://www.allchalets.com/holiday-rentals/35121-apartment-in-val-thorens-france
allChalets,allchalets-apartment-35124,Apartment 35124,,Val Thorens,no,https://www.allchalets.com/holiday-rentals/35124-apartment-in-val-thorens-france
allChalets,allchalets-apartment-35139,Apartment 35139,,Val Thorens,no,https://www.allchalets.com/holiday-rentals/35139-apartment-in-val-thorens-france
allChalets,allchalets-apartment-35280,Apartment 35280,,Val Thorens,no,https://www.allchalets.com/holiday-rentals/35280-apartment-in-val-thorens-france
allChalets,allchalets-apartment-35851,Apartment 35851,,Val Thorens,no,https://www.allchalets.com/holiday-rentals/35851-apartment-in-val-thorens-france
allChalets,allchalets-apartment-36196,Apartment 36196,,Val Thorens,no,https://www.allchalets.com/holiday-rentals/36196-apartment-in-val-thorens-france
allChalets,allchalets-apartment-38887,Apartment 38887,,Val Thorens,no,https://www.allchalets.com/holiday-rentals/38887-apartment-in-val-thorens-france
allChalets,allchalets-apartment-39026,Apartment 39026,,Val Thorens,no,https://www.allchalets.com/holiday-rentals/39026-apartment-in-val-thorens-france
allChalets,allchalets-apartment-39145,Apartment 39145,,Val Thorens,no,https://www.allchalets.com/holiday-rentals/39145-apartment-in-val-thorens-france
allChalets,allchalets-apartment-39332,Apartment 39332,,Val Thorens,no,https://www.allchalets.com/holiday-rentals/39332-apartment-in-val-thorens-france
allChalets,allchalets-apartment-39531,Apartment 39531,,Val Thorens,no,https://www.allchalets.com/holiday-rentals/39531-apartment-in-val-thorens-france
allChalets,allchalets-apartment-39658,Apartment 39658,,Val Thorens,no,https://www.allchalets.com/holiday-rentals/39658-apartment-in-val-thorens-france
allChalets,allchalets-apartment-39742,Apartment 39742,,Val Thorens,no,https://www.allchalets.com/holiday-rentals/39742-apartment-in-val-thorens-france
allChalets,allchalets-apartment-40340,Apartment 40340,,Val Thorens,no,https://www.allchalets.com/holiday-rentals/40340-apartment-in-val-thorens-france
allChalets,allchalets-apartment-40621,Apartment 40621,,Val Thorens,no,https://www.allchalets.com/holiday-rentals/40621-apartment-in-val-thorens-france
allChalets,allchalets-apartment-40825,Apartment 40825,,Val Thorens,no,https://www.allchalets.com/holiday-rentals/40825-apartment-in-val-thorens-france
allChalets,allchalets-apartment-40829,Apartment 40829,,Val Thorens,no,https://www.allchalets.com/holiday-rentals/40829-apartment-in-val-thorens-france
allChalets,allchalets-apartment-40831,Apartment 40831,,Val Thorens,no,https://www.allchalets.com/holiday-rentals/40831-apartment-in-val-thorens-france
allChalets,allchalets-apartment-41896,Apartment 41896,,Val Thorens,no,https://www.allchalets.com/holiday-rentals/41896-apartment-in-val-thorens-france
allChalets,allchalets-apartment-41916,Apartment 41916,,Val Thorens,no,https://www.allchalets.com/holiday-rentals/41916-apartment-in-val-thorens-france
allChalets,allchalets-apartment-42902,Apartment 42902,,Val Thorens,no,https://www.allchalets.com/holiday-rentals/42902-apartment-in-val-thorens-france
allChalets,allchalets-apartment-43016,Apartment 43016,,Val Thorens,no,https://www.allchalets.com/holiday-rentals/43016-apartment-in-val-thorens-france
allChalets,allchalets-apartment-46903,Apartment 46903,,Val Thorens,no,https://www.allchalets.com/holiday-rentals/46903-apartment-in-val-thorens-france
allChalets,allchalets-apartment-47223,Apartment 47223,,Val Thorens,no,https://www.allchalets.com/holiday-rentals/47223-apartment-in-val-thorens-france
allChalets,allchalets-apartment-47381,Apartment 47381,,Val Thorens,no,https://www.allchalets.com/holiday-rentals/47381-apartment-in-val-thorens-france
allChalets,allchalets-apartment-47383,Apartment 47383,,Val Thorens,no,https://www.allchalets.com/holiday-rentals/47383-apartment-in-val-thorens-france
allChalets,allchalets-apartment-48034,Apartment 48034,,Val Thorens,no,https://www.allchalets.com/holiday-rentals/48034-apartment-in-val-thorens-france
allChalets,allchalets-apartment-48489,Apartment 48489,,Val Thorens,no,https://www.allchalets.com/holiday-rentals/48489-apartment-in-val-thorens-france
allChalets,allchalets-apartment-48490,Apartment 48490,,Val Thorens,no,https://www.allchalets.com/holiday-rentals/48490-apartment-in-val-thorens-france
allChalets,allchalets-apartment-48491,Apartment 48491,,Val Thorens,no,https://www.allchalets.com/holiday-rentals/48491-apartment-in-val-thorens-france
allChalets,allchalets-apartment-55981,Apartment 55981,,Val Thorens,no,https://www.allchalets.com/holiday-rentals/55981-apartment-in-val-thorens-france
allChalets,allchalets-apartment-62083,Apartment 62083,,Val Thorens,no,https://www.allchalets.com/holiday-rentals/62083-apartment-in-val-thorens-france
allChalets,allchalets-apartment-62084,Apartment 62084,,Val Thorens,no,https://www.allchalets.com/holiday-rentals/62084-apartment-in-val-thorens-france
allChalets,allchalets-apartment-62512,Apartment 62512,,Val Thorens,yes,https://www.allchalets.com/holiday-rentals/62512-apartment-in-val-thorens-france
allChalets,allchalets-apartment-62747,Apartment 62747,,Val Thorens,no,https://www.allchalets.com/holiday-rentals/62747-apartment-in-val-thorens-france
allChalets,allchalets-apartment-62925,Apartment 62925,,Val Thorens,no,https://www.allchalets.com/holiday-rentals/62925-apartment-in-val-thorens-france
allChalets,allchalets-apartment-63239,Apartment 63239,,Val Thorens,no,https://www.allchalets.com/holiday-rentals/63239-apartment-in-val-thorens-france
allChalets,allchalets-chalet-2067,Chalet 2067,,Val Thorens,no,https://www.allchalets.com/holiday-rentals/2067-chalet-in-val-thorens-france
allChalets,allchalets-chalet-40708,Chalet 40708,,Val Thorens,yes,https://www.allchalets.com/holiday-rentals/40708-chalet-in-val-thorens-france
allChalets,allchalets-chalet-44867,Chalet 44867,,Val Thorens,no,https://www.allchalets.com/holiday-rentals/44867-chalet-in-val-thorens-france
allChalets,allchalets-chalet-44868,Chalet 44868,,Val Thorens,no,https://www.allchalets.com/holiday-rentals/44868-chalet-in-val-thorens-france
allChalets,allchalets-chalet-44869,Chalet 44869,,Val Thorens,no,https://www.allchalets.com/holiday-rentals/44869-chalet-in-val-thorens-france
allChalets,allchalets-chalet-altitude,Chalet Altitude,,Val Thorens,no,https://www.allchalets.com/holiday-rentals/47017-apartment-in-val-thorens-france
allChalets,allchalets-chalet-altitude-40090,Chalet Altitude,,Val Thorens,yes,https://www.allchalets.com/holiday-rentals/40090-apartment-in-val-thorens-france
allChalets,allchalets-chalet-altitude-vi,Chalet Altitude VI,,Val Thorens,no,https://www.allchalets.com/holiday-rentals/24132-apartment-in-val-thorens-france
allChalets,allchalets-chalet-balcons-iii,Chalet Balcons III,,Val Thorens,yes,https://www.allchalets.com/holiday-rentals/27249-apartment-in-val-thorens-france
allChalets,allchalets-chalet-balcons-ivb,Chalet Balcons IVB,,Val Thorens,yes,https://www.allchalets.com/holiday-rentals/40539-apartment-in-val-thorens-france
allChalets,allchalets-chalet-balcons-vip,Chalet Balcons VIP,,Val Thorens,no,https://www.allchalets.com/holiday-rentals/34374-apartment-in-val-thorens-france
allChalets,allchalets-chalet-hermine-iv,Chalet Hermine IV,,Val Thorens,yes,https://www.allchalets.com/holiday-rentals/28930-apartment-in-val-thorens-france
allChalets,allchalets-chalet-hermine-vi,Chalet Hermine VI,,Val Thorens,no,https://www.allchalets.com/holiday-rentals/24119-apartment-in-val-thorens-france
allChalets,allchalets-chalet-jean,Chalet Jean,,Val Thorens,no,https://www.allchalets.com/holiday-rentals/35950-apartment-in-val-thorens-france
allChalets,allchalets-chalet-lombarde-ii,Chalet Lombarde II,,Val Thorens,no,https://www.allchalets.com/holiday-rentals/44370-apartment-in-val-thorens-france
allChalets,allchalets-chalet-lombarde-iii,Chalet Lombarde III,,Val Thorens,no,https://www.allchalets.com/holiday-rentals/29032-apartment-in-val-thorens-france
allChalets,allchalets-chalet-orlov,Chalet Orlov,,Val Thorens,yes,https://www.allchalets.com/holiday-rentals/46882-chalet-in-val-thorens-france
allChalets,allchalets-chalet-oxalys-iv,Chalet Oxalys IV,,Val Thorens,yes,https://www.allchalets.com/holiday-rentals/31059-apartment-in-val-thorens-france
allChalets,allchalets-chalet-pierre-24038,Chalet Pierre,,Val Thorens,no,https://www.allchalets.com/holiday-rentals/24038-chalet-in-val-thorens-france
allChalets,allchalets-chalet-pique,Chalet Pique,,Val Thorens,no,https://www.allchalets.com/holiday-rentals/24913-chalet-in-val-thorens-france
allChalets,allchalets-chalet-plein-sud-vii,Chalet Plein Sud VII,,Val Thorens,no,https://www.allchalets.com/holiday-rentals/36086-apartment-in-val-thorens-france
allChalets,allchalets-chalet-ros,Chalet Ros,,Val Thorens,yes,https://www.allchalets.com/holiday-rentals/35951-apartment-in-val-thorens-france
allChalets,allchalets-chalet-roz,Chalet Roz,,Val Thorens,no,https://www.allchalets.com/holiday-rentals/25477-chalet-in-val-thorens-france
allChalets,allchalets-chalet-soleil,Chalet Soleil,,Val Thorens,no,https://www.allchalets.com/holiday-rentals/38921-apartment-in-val-thorens-france
allChalets,allchalets-chalet-soleil-iv-29033,Chalet Soleil IV,,Val Thorens,no,https://www.allchalets.com/holiday-rentals/29033-apartment-in-val-thorens-france
allChalets,allchalets-chalet-thorens,Chalet Thorens,,Val Thorens,no,https://www.allchalets.com/holiday-rentals/34169-apartment-in-val-thorens-france
allChalets,allchalets-chalet-thorens-vi,Chalet Thorens VI,,Val Thorens,no,https://www.allchalets.com/holiday-rentals/26388-chalet-in-val-thorens-france
allChalets,allchalets-chalet-thorens-viii,Chalet Thorens VIII,,Val Thorens,no,https://www.allchalets.com/holiday-rentals/35724-apartment-in-val-thorens-france
allChalets,allchalets-chalet-val-24039,Chalet Val,,Val Thorens,no,https://www.allchalets.com/holiday-rentals/24039-apartment-in-val-thorens-france
allChalets,allchalets-chalet-val-28473,Chalet Val,,Val Thorens,yes,https://www.allchalets.com/holiday-rentals/28473-apartment-in-val-thorens-france
allChalets,allchalets-chalet-val-39934,Chalet Val,,Val Thorens,no,https://www.allchalets.com/holiday-rentals/39934-apartment-in-val-thorens-france
allChalets,allchalets-chalet-val-iv,Chalet Val IV,,Val Thorens,yes,https://www.allchalets.com/holiday-rentals/24517-apartment-in-val-thorens-france
allChalets,allchalets-residence-roche-blanche,Residence Roche Blanche,,Val Thorens,no,https://www.allchalets.com/holiday-rentals/29366-apartment-in-val-thorens-france
allChalets,allchalets-residence-les-lauzieres,Résidence Les Lauzières,,Val Thorens,no,https://www.allchalets.com/holiday-rentals/62907-apartment-in-val-thorens-france
allChalets,allchalets-studio-12553,Studio 12553,,Val Thorens,no,https://www.allchalets.com/holiday-rentals/12553-studio-in-val-thorens-france
allChalets,allchalets-studio-28340,Studio 28340,,Val Thorens,no,https://www.allchalets.com/holiday-rentals/28340-studio-in-val-thorens-france
allChalets,allchalets-studio-28554,Studio 28554,,Val Thorens,no,https://www.allchalets.com/holiday-rentals/28554-studio-in-val-thorens-france
allChalets,allchalets-studio-28555,Studio 28555,,Val Thorens,no,https://www.allchalets.com/holiday-rentals/28555-studio-in-val-thorens-france
allChalets,allchalets-studio-48488,Studio 48488,,Val Thorens,no,https://www.allchalets.com/holiday-rentals/48488-studio-in-val-thorens-france
allChalets,allchalets-apartment-2270,Apartment 2270,,Val d'Isère,no,https://www.allchalets.com/holiday-rentals/2270-apartment-in-val-d-isere-france
allChalets,allchalets-apartment-24582,Apartment 24582,,Val d'Isère,no,https://www.allchalets.com/holiday-rentals/24582-apartment-in-val-d-isere-france
allChalets,allchalets-apartment-25420,Apartment 25420,,Val d'Isère,no,https://www.allchalets.com/holiday-rentals/25420-apartment-in-val-d-isere-france
allChalets,allchalets-apartment-25422,Apartment 25422,,Val d'Isère,no,https://www.allchalets.com/holiday-rentals/25422-apartment-in-val-d-isere-france
allChalets,allchalets-apartment-25423,Apartment 25423,,Val d'Isère,no,https://www.allchalets.com/holiday-rentals/25423-apartment-in-val-d-isere-france
allChalets,allchalets-apartment-27467,Apartment 27467,,Val d'Isère,no,https://www.allchalets.com/holiday-rentals/27467-apartment-in-val-d-isere-france
allChalets,allchalets-apartment-27472,Apartment 27472,,Val d'Isère,no,https://www.allchalets.com/holiday-rentals/27472-apartment-in-val-d-isere-france
allChalets,allchalets-apartment-27473,Apartment 27473,,Val d'Isère,no,https://www.allchalets.com/holiday-rentals/27473-apartment-in-val-d-isere-france
allChalets,allchalets-apartment-27474,Apartment 27474,,Val d'Isère,no,https://www.allchalets.com/holiday-rentals/27474-apartment-in-val-d-isere-france
allChalets,allchalets-apartment-27475,Apartment 27475,,Val d'Isère,no,https://www.allchalets.com/holiday-rentals/27475-apartment-in-val-d-isere-france
allChalets,allchalets-apartment-27476,Apartment 27476,,Val d'Isère,no,https://www.allchalets.com/holiday-rentals/27476-apartment-in-val-d-isere-france
allChalets,allchalets-apartment-27478,Apartment 27478,,Val d'Isère,no,https://www.allchalets.com/holiday-rentals/27478-apartment-in-val-d-isere-france
allChalets,allchalets-apartment-27486,Apartment 27486,,Val d'Isère,no,https://www.allchalets.com/holiday-rentals/27486-apartment-in-val-d-isere-france
allChalets,allchalets-apartment-27490,Apartment 27490,,Val d'Isère,no,https://www.allchalets.com/holiday-rentals/27490-apartment-in-val-d-isere-france
allChalets,allchalets-apartment-27497,Apartment 27497,,Val d'Isère,no,https://www.allchalets.com/holiday-rentals/27497-apartment-in-val-d-isere-france
allChalets,allchalets-apartment-27498,Apartment 27498,,Val d'Isère,no,https://www.allchalets.com/holiday-rentals/27498-apartment-in-val-d-isere-france
allChalets,allchalets-apartment-27499,Apartment 27499,,Val d'Isère,no,https://www.allchalets.com/holiday-rentals/27499-apartment-in-val-d-isere-france
allChalets,allchalets-apartment-27523,Apartment 27523,,Val d'Isère,no,https://www.allchalets.com/holiday-rentals/27523-apartment-in-val-d-isere-france
allChalets,allchalets-apartment-27524,Apartment 27524,,Val d'Isère,no,https://www.allchalets.com/holiday-rentals/27524-apartment-in-val-d-isere-france
allChalets,allchalets-apartment-27529,Apartment 27529,,Val d'Isère,no,https://www.allchalets.com/holiday-rentals/27529-apartment-in-val-d-isere-france
allChalets,allchalets-apartment-27546,Apartment 27546,,Val d'Isère,no,https://www.allchalets.com/holiday-rentals/27546-apartment-in-val-d-isere-france
allChalets,allchalets-apartment-27556,Apartment 27556,,Val d'Isère,no,https://www.allchalets.com/holiday-rentals/27556-apartment-in-val-d-isere-france
allChalets,allchalets-apartment-27564,Apartment 27564,,Val d'Isère,no,https://www.allchalets.com/holiday-rentals/27564-apartment-in-val-d-isere-france
allChalets,allchalets-apartment-27599,Apartment 27599,,Val d'Isère,no,https://www.allchalets.com/holiday-rentals/27599-apartment-in-val-d-isere-france
allChalets,allchalets-apartment-27608,Apartment 27608,,Val d'Isère,no,https://www.allchalets.com/holiday-rentals/27608-apartment-in-val-d-isere-france
allChalets,allchalets-apartment-27628,Apartment 27628,,Val d'Isère,no,https://www.allchalets.com/holiday-rentals/27628-apartment-in-val-d-isere-france
allChalets,allchalets-apartment-27668,Apartment 27668,,Val d'Isère,no,https://www.allchalets.com/holiday-rentals/27668-apartment-in-val-d-isere-france
allChalets,allchalets-apartment-27675,Apartment 27675,,Val d'Isère,no,https://www.allchalets.com/holiday-rentals/27675-apartment-in-val-d-isere-france
allChalets,allchalets-apartment-27682,Apartment 27682,,Val d'Isère,no,https://www.allchalets.com/holiday-rentals/27682-apartment-in-val-d-isere-france
allChalets,allchalets-apartment-27684,Apartment 27684,,Val d'Isère,no,https://www.allchalets.com/holiday-rentals/27684-apartment-in-val-d-isere-france
allChalets,allchalets-apartment-27685,Apartment 27685,,Val d'Isère,no,https://www.allchalets.com/holiday-rentals/27685-apartment-in-val-d-isere-france
allChalets,allchalets-apartment-27688,Apartment 27688,,Val d'Isère,no,https://www.allchalets.com/holiday-rentals/27688-apartment-in-val-d-isere-france
allChalets,allchalets-apartment-27714,Apartment 27714,,Val d'Isère,no,https://www.allchalets.com/holiday-rentals/27714-apartment-in-val-d-isere-france
allChalets,allchalets-apartment-27786,Apartment 27786,,Val d'Isère,no,https://www.allchalets.com/holiday-rentals/27786-apartment-in-val-d-isere-france
allChalets,allchalets-apartment-27793,Apartment 27793,,Val d'Isère,no,https://www.allchalets.com/holiday-rentals/27793-apartment-in-val-d-isere-france
allChalets,allchalets-apartment-27794,Apartment 27794,,Val d'Isère,no,https://www.allchalets.com/holiday-rentals/27794-apartment-in-val-d-isere-france
allChalets,allchalets-apartment-27795,Apartment 27795,,Val d'Isère,no,https://www.allchalets.com/holiday-rentals/27795-apartment-in-val-d-isere-france
allChalets,allchalets-apartment-27798,Apartment 27798,,Val d'Isère,no,https://www.allchalets.com/holiday-rentals/27798-apartment-in-val-d-isere-france
allChalets,allchalets-apartment-27814,Apartment 27814,,Val d'Isère,no,https://www.allchalets.com/holiday-rentals/27814-apartment-in-val-d-isere-france
allChalets,allchalets-apartment-27881,Apartment 27881,,Val d'Isère,no,https://www.allchalets.com/holiday-rentals/27881-apartment-in-val-d-isere-france
allChalets,allchalets-apartment-28063,Apartment 28063,,Val d'Isère,no,https://www.allchalets.com/holiday-rentals/28063-apartment-in-val-d-isere-france
allChalets,allchalets-apartment-28064,Apartment 28064,,Val d'Isère,no,https://www.allchalets.com/holiday-rentals/28064-apartment-in-val-d-isere-france
allChalets,allchalets-apartment-28210,Apartment 28210,,Val d'Isère,no,https://www.allchalets.com/holiday-rentals/28210-apartment-in-val-d-isere-france
allChalets,allchalets-apartment-28211,Apartment 28211,,Val d'Isère,no,https://www.allchalets.com/holiday-rentals/28211-apartment-in-val-d-isere-france
allChalets,allchalets-apartment-28212,Apartment 28212,,Val d'Isère,no,https://www.allchalets.com/holiday-rentals/28212-apartment-in-val-d-isere-france
allChalets,allchalets-apartment-28213,Apartment 28213,,Val d'Isère,no,https://www.allchalets.com/holiday-rentals/28213-apartment-in-val-d-isere-france
allChalets,allchalets-apartment-28678,Apartment 28678,,Val d'Isère,no,https://www.allchalets.com/holiday-rentals/28678-apartment-in-val-d-isere-france
allChalets,allchalets-apartment-30955,Apartment 30955,,Val d'Isère,no,https://www.allchalets.com/holiday-rentals/30955-apartment-in-val-d-isere-france
allChalets,allchalets-apartment-33906,Apartment 33906,,Val d'Isère,no,https://www.allchalets.com/holiday-rentals/33906-apartment-in-val-d-isere-france
allChalets,allchalets-apartment-34881,Apartment 34881,,Val d'Isère,no,https://www.allchalets.com/holiday-rentals/34881-apartment-in-val-d-isere-france
allChalets,allchalets-apartment-35073,Apartment 35073,,Val d'Isère,no,https://www.allchalets.com/holiday-rentals/35073-apartment-in-val-d-isere-france
allChalets,allchalets-apartment-35117,Apartment 35117,,Val d'Isère,no,https://www.allchalets.com/holiday-rentals/35117-apartment-in-val-d-isere-france
allChalets,allchalets-apartment-35141,Apartment 35141,,Val d'Isère,no,https://www.allchalets.com/holiday-rentals/35141-apartment-in-val-d-isere-france
allChalets,allchalets-apartment-35826,Apartment 35826,,Val d'Isère,no,https://www.allchalets.com/holiday-rentals/35826-apartment-in-val-d-isere-france
allChalets,allchalets-apartment-35872,Apartment 35872,,Val d'Isère,no,https://www.allchalets.com/holiday-rentals/35872-apartment-in-val-d-isere-france
allChalets,allchalets-apartment-35932,Apartment 35932,,Val d'Isère,no,https://www.allchalets.com/holiday-rentals/35932-apartment-in-val-d-isere-france
allChalets,allchalets-apartment-35933,Apartment 35933,,Val d'Isère,no,https://www.allchalets.com/holiday-rentals/35933-apartment-in-val-d-isere-france
allChalets,allchalets-apartment-35953,Apartment 35953,,Val d'Isère,no,https://www.allchalets.com/holiday-rentals/35953-apartment-in-val-d-isere-france
allChalets,allchalets-apartment-36168,Apartment 36168,,Val d'Isère,no,https://www.allchalets.com/holiday-rentals/36168-apartment-in-val-d-isere-france
allChalets,allchalets-apartment-36175,Apartment 36175,,Val d'Isère,no,https://www.allchalets.com/holiday-rentals/36175-apartment-in-val-d-isere-france
allChalets,allchalets-apartment-39994,Apartment 39994,,Val d'Isère,no,https://www.allchalets.com/holiday-rentals/39994-apartment-in-val-d-isere-france
allChalets,allchalets-apartment-41930,Apartment 41930,,Val d'Isère,no,https://www.allchalets.com/holiday-rentals/41930-apartment-in-val-d-isere-france
allChalets,allchalets-apartment-42008,Apartment 42008,,Val d'Isère,no,https://www.allchalets.com/holiday-rentals/42008-apartment-in-val-d-isere-france
allChalets,allchalets-apartment-44627,Apartment 44627,private advertiser on allChalets (enquiry contact: Martin Bright),Val d'Isère,yes,https://www.allchalets.com/holiday-rentals/44627-apartment-in-val-d-isere-france
allChalets,allchalets-apartment-46879,Apartment 46879,,Val d'Isère,no,https://www.allchalets.com/holiday-rentals/46879-apartment-in-val-d-isere-france
allChalets,allchalets-apartment-47408,Apartment 47408,,Val d'Isère,no,https://www.allchalets.com/holiday-rentals/47408-apartment-in-val-d-isere-france
allChalets,allchalets-apartment-47479,Apartment 47479,,Val d'Isère,no,https://www.allchalets.com/holiday-rentals/47479-apartment-in-val-d-isere-france
allChalets,allchalets-apartment-47976,Apartment 47976,,Val d'Isère,no,https://www.allchalets.com/holiday-rentals/47976-apartment-in-val-d-isere-france
allChalets,allchalets-apartment-48207,Apartment 48207,,Val d'Isère,no,https://www.allchalets.com/holiday-rentals/48207-apartment-in-val-d-isere-france
allChalets,allchalets-apartment-48678,Apartment 48678,,Val d'Isère,no,https://www.allchalets.com/holiday-rentals/48678-apartment-in-val-d-isere-france
allChalets,allchalets-apartment-49373,Apartment 49373,,Val d'Isère,no,https://www.allchalets.com/holiday-rentals/49373-apartment-in-val-d-isere-france
allChalets,allchalets-apartment-49374,Apartment 49374,,Val d'Isère,no,https://www.allchalets.com/holiday-rentals/49374-apartment-in-val-d-isere-france
allChalets,allchalets-apartment-49375,Apartment 49375,,Val d'Isère,no,https://www.allchalets.com/holiday-rentals/49375-apartment-in-val-d-isere-france
allChalets,allchalets-apartment-55163,Apartment 55163,,Val d'Isère,no,https://www.allchalets.com/holiday-rentals/55163-apartment-in-val-d-isere-france
allChalets,allchalets-apartment-55213,Apartment 55213,,Val d'Isère,no,https://www.allchalets.com/holiday-rentals/55213-apartment-in-val-d-isere-france
allChalets,allchalets-apartment-61942,Apartment 61942,,Val d'Isère,no,https://www.allchalets.com/holiday-rentals/61942-apartment-in-val-d-isere-france
allChalets,allchalets-apartment-62059,Apartment 62059,,Val d'Isère,no,https://www.allchalets.com/holiday-rentals/62059-apartment-in-val-d-isere-france
allChalets,allchalets-apartment-62070,Apartment 62070,,Val d'Isère,no,https://www.allchalets.com/holiday-rentals/62070-apartment-in-val-d-isere-france
allChalets,allchalets-apartment-62087,Apartment 62087,private advertiser on allChalets (enquiry contact: Martin Bright),Val d'Isère,yes,https://www.allchalets.com/holiday-rentals/62087-apartment-in-val-d-isere-france
allChalets,allchalets-apartment-62539,Apartment 62539,,Val d'Isère,no,https://www.allchalets.com/holiday-rentals/62539-apartment-in-val-d-isere-france
allChalets,allchalets-apartment-62540,Apartment 62540,,Val d'Isère,no,https://www.allchalets.com/holiday-rentals/62540-apartment-in-val-d-isere-france
allChalets,allchalets-apartment-62574,Apartment 62574,,Val d'Isère,no,https://www.allchalets.com/holiday-rentals/62574-apartment-in-val-d-isere-france
allChalets,allchalets-apartment-abondance,Apartment Abondance,,Val d'Isère,no,https://www.allchalets.com/holiday-rentals/2337-apartment-in-val-d-isere-france
allChalets,allchalets-apartment-chardon,Apartment Chardon,,Val d'Isère,no,https://www.allchalets.com/holiday-rentals/42007-apartment-in-val-d-isere-france
allChalets,allchalets-apartment-iii-25945,Apartment III,,Val d'Isère,no,https://www.allchalets.com/holiday-rentals/25945-apartment-in-val-d-isere-france
allChalets,allchalets-chalet-27477,Chalet 27477,,Val d'Isère,no,https://www.allchalets.com/holiday-rentals/27477-chalet-in-val-d-isere-france
allChalets,allchalets-chalet-27479,Chalet 27479,,Val d'Isère,no,https://www.allchalets.com/holiday-rentals/27479-chalet-in-val-d-isere-france
allChalets,allchalets-chalet-27606,Chalet 27606,,Val d'Isère,no,https://www.allchalets.com/holiday-rentals/27606-chalet-in-val-d-isere-france
allChalets,allchalets-chalet-27607,Chalet 27607,,Val d'Isère,no,https://www.allchalets.com/holiday-rentals/27607-chalet-in-val-d-isere-france
allChalets,allchalets-chalet-27756,Chalet 27756,,Val d'Isère,no,https://www.allchalets.com/holiday-rentals/27756-chalet-in-val-d-isere-france
allChalets,allchalets-chalet-34875,Chalet 34875,,Val d'Isère,no,https://www.allchalets.com/holiday-rentals/34875-chalet-in-val-d-isere-france
allChalets,allchalets-chalet-38086,Chalet 38086,,Val d'Isère,no,https://www.allchalets.com/holiday-rentals/38086-chalet-in-val-d-isere-france
allChalets,allchalets-chalet-38087,Chalet 38087,,Val d'Isère,no,https://www.allchalets.com/holiday-rentals/38087-chalet-in-val-d-isere-france
allChalets,allchalets-chalet-42005,Chalet 42005,private advertiser on allChalets (enquiry contact: Yvonne allChalets),Val d'Isère,yes,https://www.allchalets.com/holiday-rentals/42005-chalet-in-val-d-isere-france
allChalets,allchalets-chalet-44649,Chalet 44649,,Val d'Isère,no,https://www.allchalets.com/holiday-rentals/44649-chalet-in-val-d-isere-france
allChalets,allchalets-chalet-48036,Chalet 48036,,Val d'Isère,no,https://www.allchalets.com/holiday-rentals/48036-chalet-in-val-d-isere-france
allChalets,allchalets-chalet-49250,Chalet 49250,,Val d'Isère,no,https://www.allchalets.com/holiday-rentals/49250-chalet-in-val-d-isere-france
allChalets,allchalets-chalet-62067,Chalet 62067,,Val d'Isère,no,https://www.allchalets.com/holiday-rentals/62067-chalet-in-val-d-isere-france
allChalets,allchalets-chalet-62533,Chalet 62533,,Val d'Isère,no,https://www.allchalets.com/holiday-rentals/62533-chalet-in-val-d-isere-france
allChalets,allchalets-chalet-al,Chalet Al,,Val d'Isère,no,https://www.allchalets.com/holiday-rentals/2238-apartment-in-val-d-isere-france
allChalets,allchalets-chalet-alaska-iv,Chalet Alaska IV,private advertiser on allChalets (enquiry contact: Martin Bright),Val d'Isère,yes,https://www.allchalets.com/holiday-rentals/28023-apartment-in-val-d-isere-france
allChalets,allchalets-chalet-atacama,Chalet Atacama,,Val d'Isère,no,https://www.allchalets.com/holiday-rentals/62855-chalet-in-val-d-isere-france
allChalets,allchalets-chalet-cret-vi,Chalet Cret VI,,Val d'Isère,no,https://www.allchalets.com/holiday-rentals/62542-apartment-in-val-d-isere-france
allChalets,allchalets-chalet-epicea,Chalet Epicéa,private advertiser on allChalets (enquiry contact: Martin Bright),Val d'Isère,yes,https://www.allchalets.com/holiday-rentals/39408-apartment-in-val-d-isere-france
allChalets,allchalets-chalet-felice,Chalet Felice,private advertiser on allChalets (enquiry contact: Martin Bright),Val d'Isère,yes,https://www.allchalets.com/holiday-rentals/62573-apartment-in-val-d-isere-france
allChalets,allchalets-chalet-foret-iv,Chalet Foret IV,private advertiser on allChalets (enquiry contact: Martin Bright),Val d'Isère,yes,https://www.allchalets.com/holiday-rentals/63129-apartment-in-val-d-isere-france
allChalets,allchalets-chalet-fox,Chalet Fox,,Val d'Isère,no,https://www.allchalets.com/holiday-rentals/35931-chalet-in-val-d-isere-france
allChalets,allchalets-chalet-gentianes-iv,Chalet Gentianes IV,private advertiser on allChalets (enquiry contact: Martin Bright),Val d'Isère,yes,https://www.allchalets.com/holiday-rentals/24628-apartment-in-val-d-isere-france
allChalets,allchalets-chalet-helene,Chalet Helene,,Val d'Isère,no,https://www.allchalets.com/holiday-rentals/24828-chalet-in-val-d-isere-france
allChalets,allchalets-chalet-legettaz-vi,Chalet Legettaz VI,,Val d'Isère,no,https://www.allchalets.com/holiday-rentals/27229-chalet-in-val-d-isere-france
allChalets,allchalets-chalet-marie,Chalet Marie,,Val d'Isère,no,https://www.allchalets.com/holiday-rentals/25949-apartment-in-val-d-isere-france
allChalets,allchalets-chalet-skadi,Chalet Skadi,,Val d'Isère,no,https://www.allchalets.com/holiday-rentals/25985-apartment-in-val-d-isere-france
allChalets,allchalets-chalet-skadi-iii,Chalet Skadi III,,Val d'Isère,no,https://www.allchalets.com/holiday-rentals/28819-apartment-in-val-d-isere-france
allChalets,allchalets-chalet-le-chatelard,Chalet le Chatelard,,Val d'Isère,no,https://www.allchalets.com/holiday-rentals/40054-chalet-in-val-d-isere-france
allChalets,allchalets-residence-la-foret,Residence la Forêt,,Val d'Isère,no,https://www.allchalets.com/holiday-rentals/27738-apartment-in-val-d-isere-france
allChalets,allchalets-apartment-57032,Apartment 57032,,Vaujany,no,https://www.allchalets.com/holiday-rentals/57032-apartment-in-alpe-d-huez-france
allChalets,allchalets-apartment-60076,Apartment 60076,,Vaujany,no,https://www.allchalets.com/holiday-rentals/60076-apartment-in-alpe-d-huez-france
allChalets,allchalets-chalet-solneige,Chalet Solneige,,Vaujany,no,https://www.allchalets.com/holiday-rentals/2172-chalet-in-alpe-d-huez-france
allChalets,allchalets-chalet-des-cousins,Chalet des Cousins,,Vaujany,no,https://www.allchalets.com/holiday-rentals/15265-apartment-in-alpe-d-huez-france
Alpe d'Huez official booking (accommodation.alpedhuez.com),maeva-alpe-2000,Alpe 2000,MAEVA,Alpe d'Huez,no,https://accommodation.alpedhuez.com/accommodation/residence-alpe-2000-alpe-2000-apt-214/
Alpe d'Huez official booking (accommodation.alpedhuez.com),alpe-d-huez-houses-alpe-forever,Alpe Forever - Phoenix,Alpe d'Huez Houses,Alpe d'Huez,no,https://accommodation.alpedhuez.com/accommodation/alpe-forever-pur-confort-skis-aux-pieds-avec-piscine-pour-8/
Alpe d'Huez official booking (accommodation.alpedhuez.com),alpe-d-huez-houses-alpema-1-am-125-002-10,Alpema 1 - Chalet Alpema,Alpe d'Huez Houses,Alpe d'Huez,no,https://accommodation.alpedhuez.com/accommodation/appartement-6-chambres-plein-centre-pour-12/
Alpe d'Huez official booking (accommodation.alpedhuez.com),alpe-d-huez-houses-alpema-1-am-125-002-42,Alpema 1 - Chalet Alpema,Alpe d'Huez Houses,Alpe d'Huez,no,https://accommodation.alpedhuez.com/accommodation/appartement-4-chambres-côte-rousse-chalet-alpema/
See Alpe d'Huez,odalys-altiport-no-1,Altiport 5 Bed 12-Person Chalet (L'Altiport No.1),Odalys,Alpe d'Huez,no,https://www.seealpedhuez.com/chalets/no-1-l-altiport-chalet-712052
SeeAlpedHuez,odalys-altiport-no-1,Altiport 5 Bed 12-Person Chalet (L'Altiport No.1),Odalys,Alpe d'Huez,no,https://www.seealpedhuez.com/chalets/no-1-l-altiport-chalet-712052
See Alpe d'Huez,odalys-altiport-no-2,Altiport 6 Bed 12-Person Chalet (L'Altiport No.2),Odalys,Alpe d'Huez,no,https://www.seealpedhuez.com/chalets/no-2-l-altiport-chalet-712056
SeeAlpedHuez,odalys-altiport-no-2,Altiport 6 Bed 12-Person Chalet (L'Altiport No.2),Odalys,Alpe d'Huez,no,https://www.seealpedhuez.com/chalets/no-2-l-altiport-chalet-712056
See Alpe d'Huez,odalys-altiport-no-3,Altiport 7 Bed 15-Person Chalet (L'Altiport No.3),Odalys,Alpe d'Huez,no,https://www.seealpedhuez.com/chalets/no-3-l-altiport-chalet-712057
SeeAlpedHuez,odalys-altiport-no-3,Altiport 7 Bed 15-Person Chalet (L'Altiport No.3),Odalys,Alpe d'Huez,no,https://www.seealpedhuez.com/chalets/no-3-l-altiport-chalet-712057
See Alpe d'Huez,odalys-altiport-no-4,Altiport 8 Bed 16-Person Chalet (L'Altiport No.4),Odalys,Alpe d'Huez,no,https://www.seealpedhuez.com/chalets/no-4-l-altiport-chalet-712058
SeeAlpedHuez,odalys-altiport-no-4,Altiport 8 Bed 16-Person Chalet (L'Altiport No.4),Odalys,Alpe d'Huez,no,https://www.seealpedhuez.com/chalets/no-4-l-altiport-chalet-712058
See Alpe d'Huez,odalys-altiport-no-5,Altiport No.5 Chalet,Odalys,Alpe d'Huez,no,https://www.seealpedhuez.com/chalets/l-altiport-no-5-chalet-714186
SeeAlpedHuez,odalys-altiport-no-5,Altiport No.5 Chalet,Odalys,Alpe d'Huez,no,https://www.seealpedhuez.com/chalets/l-altiport-no-5-chalet-714186
Alpe d'Huez official booking (accommodation.alpedhuez.com),alpe-d-huez-houses-aramis,Aramis,Alpe d'Huez Houses,Alpe d'Huez,no,https://accommodation.alpedhuez.com/accommodation/beau-4-chambres-1-mezzanine-pour-8-personnes/
Alpe d'Huez official booking (accommodation.alpedhuez.com),maeva-bergers,Bergers,MAEVA,Alpe d'Huez,no,https://accommodation.alpedhuez.com/accommodation/residence-bergers-p-and-v-residence-les-bergers-p-and-v-apt-707/
Alpe d'Huez official booking (accommodation.alpedhuez.com),alpedhuez-ot-chalet-alpe-two-6-pieces,CHALET ALPE TWO – 6 pièces,,Alpe d'Huez,no,https://accommodation.alpedhuez.com/accommodation/chalet-alpe-6-pieces-150m-12-personnes-ouest/
SeeAlpedHuez,alpedhuez-ot-chalet-alpe-two-6-pieces,CHALET ALPE TWO – 6 pièces,,Alpe d'Huez,no,https://accommodation.alpedhuez.com/accommodation/chalet-alpe-6-pieces-150m-12-personnes-ouest/
Alpe d'Huez official booking (accommodation.alpedhuez.com),alpedhuez-ot-chalet-alpe-one,CHALET Alpe One,,Alpe d'Huez,no,https://accommodation.alpedhuez.com/accommodation/chalet-huez-4-pieces-90m-8-personnes-ouest/
SeeAlpedHuez,alpedhuez-ot-chalet-alpe-one,CHALET Alpe One,,Alpe d'Huez,no,https://accommodation.alpedhuez.com/accommodation/chalet-huez-4-pieces-90m-8-personnes-ouest/
Alpe d'Huez official booking (accommodation.alpedhuez.com),alpedhuez-ot-chalet-blue-moon-8-pieces-10-personnes-300m2,CHALET BLUE MOON – 8 Pièces – 10 personnes – 300m²,,Alpe d'Huez,no,https://accommodation.alpedhuez.com/accommodation/chalet-blue-moon-8-pieces-10-personnes-300m-est/
SeeAlpedHuez,alpedhuez-ot-chalet-blue-moon-8-pieces-10-personnes-300m2,CHALET BLUE MOON – 8 Pièces – 10 personnes – 300m²,,Alpe d'Huez,no,https://accommodation.alpedhuez.com/accommodation/chalet-blue-moon-8-pieces-10-personnes-300m-est/
Alpe d'Huez official booking (accommodation.alpedhuez.com),cimalpes-chalet-hameau-de-clotaire-b22,CHALET HAMEAU DE CLOTAIRE B22,Cimalpes,Alpe d'Huez,no,https://accommodation.alpedhuez.com/accommodation/non-classe-4-pieces-1/
Alpe d'Huez official booking (accommodation.alpedhuez.com),alpedhuez-ot-chalet-lalpedu,CHALET LALPEDU,,Alpe d'Huez,no,https://accommodation.alpedhuez.com/accommodation/chalet-lalpedu/
allChalets,alpedhuez-ot-chalet-lalpedu,CHALET LALPEDU,,Alpe d'Huez,no,https://accommodation.alpedhuez.com/accommodation/chalet-lalpedu/
Alpe d'Huez official booking (accommodation.alpedhuez.com),alpe-d-huez-houses-chalet-sequoia,CHALET SEQUOIA,Alpe d'huez Houses,Alpe d'Huez,no,https://accommodation.alpedhuez.com/accommodation/chalet-sequoia-pour-14-familial-cozy-tout-confort/
SeeAlpedHuez,alpe-d-huez-houses-chalet-sequoia,CHALET SEQUOIA,Alpe d'huez Houses,Alpe d'Huez,no,https://accommodation.alpedhuez.com/accommodation/chalet-sequoia-pour-14-familial-cozy-tout-confort/
Build My Ski Trip,build-my-ski-trip-diane,Catered Chalet Diane,Build My Ski Trip,Alpe d'Huez,no,https://www.buildmyskitrip.com/Hotel/alpedhuez-catered-chalet-Diane
SeeAlpedHuez,build-my-ski-trip-diane,Catered Chalet Diane,Build My Ski Trip,Alpe d'Huez,no,https://www.buildmyskitrip.com/Hotel/alpedhuez-catered-chalet-Diane
Build My Ski Trip,build-my-ski-trip-melusine,Catered Chalet Melusine (Meluzine),Build My Ski Trip,Alpe d'Huez,no,https://www.buildmyskitrip.com/Hotel/alpedhuez-catered-chalet-Melusine
SeeAlpedHuez,build-my-ski-trip-melusine,Catered Chalet Melusine (Meluzine),Build My Ski Trip,Alpe d'Huez,no,https://www.buildmyskitrip.com/Hotel/alpedhuez-catered-chalet-Melusine
Sno,sno-chalet-annecy,Chalet Annecy,unknown (sold via Sno),Alpe d'Huez,no,https://www.sno.co.uk/ski-holidays/chalet-annecy_18808/
allChalets,sno-chalet-annecy,Chalet Annecy,unknown (sold via Sno),Alpe d'Huez,no,https://www.sno.co.uk/ski-holidays/chalet-annecy_18808/
Alpe d'Huez official booking (accommodation.alpedhuez.com),sno-chalet-bouquetin,Chalet Bouquetin,unknown (sold via Sno),Alpe d'Huez,no,https://www.sno.co.uk/ski-holidays/chalet-bouquetin_22570/
SeeAlpedHuez,sno-chalet-bouquetin,Chalet Bouquetin,unknown (sold via Sno),Alpe d'Huez,no,https://www.sno.co.uk/ski-holidays/chalet-bouquetin_22570/
Sno,sno-chalet-bouquetin,Chalet Bouquetin,unknown (sold via Sno),Alpe d'Huez,no,https://www.sno.co.uk/ski-holidays/chalet-bouquetin_22570/
allChalets,sno-chalet-bouquetin,Chalet Bouquetin,unknown (sold via Sno),Alpe d'Huez,no,https://www.sno.co.uk/ski-holidays/chalet-bouquetin_22570/
Sno,sno-chalet-bourget,Chalet Bourget,unknown (sold via Sno),Alpe d'Huez,no,https://www.sno.co.uk/ski-holidays/chalet-bourget_18810/
Alpe d'Huez official booking (accommodation.alpedhuez.com),sno-chalet-chalet-1860,Chalet Chalet 1860,unknown (sold via Sno),Alpe d'Huez,no,https://www.sno.co.uk/ski-holidays/chalet-chalet-1860_21986/
SeeAlpedHuez,sno-chalet-chalet-1860,Chalet Chalet 1860,unknown (sold via Sno),Alpe d'Huez,no,https://www.sno.co.uk/ski-holidays/chalet-chalet-1860_21986/
Sno,sno-chalet-chalet-1860,Chalet Chalet 1860,unknown (sold via Sno),Alpe d'Huez,no,https://www.sno.co.uk/ski-holidays/chalet-chalet-1860_21986/
Alpe d'Huez official booking (accommodation.alpedhuez.com),alpedhuez-ot-chalet-cheval-blanc,Chalet Cheval Blanc,,Alpe d'Huez,no,https://accommodation.alpedhuez.com/accommodation/cheval-blanc-1/
Alpe d'Huez official booking (accommodation.alpedhuez.com),alpe-d-huez-houses-chalet-delta,Chalet Delta,Alpe d'Huez Houses,Alpe d'Huez,no,https://accommodation.alpedhuez.com/accommodation/chalet-zoli-notre-cocon-pour-6-a-8-pers/
Alpe d'Huez official booking (accommodation.alpedhuez.com),sno-chalet-delta-36,Chalet Delta 36,unknown (sold via Sno),Alpe d'Huez,no,https://www.sno.co.uk/ski-holidays/chalet-delta-36_22072/
Sno,sno-chalet-delta-36,Chalet Delta 36,unknown (sold via Sno),Alpe d'Huez,no,https://www.sno.co.uk/ski-holidays/chalet-delta-36_22072/
Alpe d'Huez official booking (accommodation.alpedhuez.com),alpedhuez-ot-chalet-eau-vive-a,Chalet Eau Vive A,,Alpe d'Huez,no,https://accommodation.alpedhuez.com/accommodation/chalet-l-eau-vive-apt-a/
Alpe d'Huez official booking (accommodation.alpedhuez.com),alpedhuez-ot-chalet-eau-vive-b,Chalet Eau Vive B,,Alpe d'Huez,no,https://accommodation.alpedhuez.com/accommodation/chalet-l-eau-vive-apt-b/
Alpe d'Huez official booking (accommodation.alpedhuez.com),alpedhuez-ot-chalet-eau-vive-c,Chalet Eau Vive C,,Alpe d'Huez,no,https://accommodation.alpedhuez.com/accommodation/chalet-l-eau-vive-apt-c/
Alpe d'Huez official booking (accommodation.alpedhuez.com),sno-chalet-ecureuil,Chalet Ecureuil,unknown (sold via Sno),Alpe d'Huez,no,https://www.sno.co.uk/ski-holidays/chalet-ecureuil_22238/
SeeAlpedHuez,sno-chalet-ecureuil,Chalet Ecureuil,unknown (sold via Sno),Alpe d'Huez,no,https://www.sno.co.uk/ski-holidays/chalet-ecureuil_22238/
Sno,sno-chalet-ecureuil,Chalet Ecureuil,unknown (sold via Sno),Alpe d'Huez,no,https://www.sno.co.uk/ski-holidays/chalet-ecureuil_22238/
allChalets,sno-chalet-ecureuil,Chalet Ecureuil,unknown (sold via Sno),Alpe d'Huez,no,https://www.sno.co.uk/ski-holidays/chalet-ecureuil_22238/
SeeAlpedHuez,sno-chalet-edelweiss,Chalet Edelweiss,unknown (sold via Sno),Alpe d'Huez,no,https://www.sno.co.uk/ski-holidays/chalet-edelweiss_18632/
Sno,sno-chalet-edelweiss,Chalet Edelweiss,unknown (sold via Sno),Alpe d'Huez,no,https://www.sno.co.uk/ski-holidays/chalet-edelweiss_18632/
allChalets,sno-chalet-edelweiss,Chalet Edelweiss,unknown (sold via Sno),Alpe d'Huez,no,https://www.sno.co.uk/ski-holidays/chalet-edelweiss_18632/
Alpe d'Huez - Les 2 Alpes Sotheby's International Realty,sothebys-chalet-elysia,Chalet Elysia,Sotheby's International Realty (Alpe d'Huez),Alpe d'Huez,no,https://www.alpedhuez-2alpes-sothebysrealty.com/en/our-properties/ref-ah2-076/rental-chalet-l-alpe-d-huez-5-rooms-4-bedrooms-38750/
SeeAlpedHuez,sothebys-chalet-elysia,Chalet Elysia,Sotheby's International Realty (Alpe d'Huez),Alpe d'Huez,no,https://www.alpedhuez-2alpes-sothebysrealty.com/en/our-properties/ref-ah2-076/rental-chalet-l-alpe-d-huez-5-rooms-4-bedrooms-38750/
Sotheby's Alpe d'Huez,sothebys-chalet-elysia,Chalet Elysia,Sotheby's International Realty (Alpe d'Huez),Alpe d'Huez,no,https://www.alpedhuez-2alpes-sothebysrealty.com/en/our-properties/ref-ah2-076/rental-chalet-l-alpe-d-huez-5-rooms-4-bedrooms-38750/
Sno,sno-chalet-etoile-de-neige,Chalet Etoile de Neige,unknown (sold via Sno),Alpe d'Huez,no,https://www.sno.co.uk/ski-holidays/chalet-etoile-de-neige_21424/
Sno,sno-chalet-gaube,Chalet Gaube,unknown (sold via Sno),Alpe d'Huez,no,https://www.sno.co.uk/ski-holidays/chalet-gaube_18809/
allChalets,sno-chalet-gaube,Chalet Gaube,unknown (sold via Sno),Alpe d'Huez,no,https://www.sno.co.uk/ski-holidays/chalet-gaube_18809/
Alpe d'Huez official booking (accommodation.alpedhuez.com),alpe-d-huez-houses-chalet-justine,Chalet Justine,Alpe d'Huez Houses,Alpe d'Huez,no,https://accommodation.alpedhuez.com/accommodation/chalet-justineplein-centre-5-chambres-pour-12-a-15-personnes/
Alpe d'Huez - Les 2 Alpes Sotheby's International Realty,sothebys-chalet-kosy,Chalet Kosy,Sotheby's International Realty (Alpe d'Huez),Alpe d'Huez,no,https://www.alpedhuez-2alpes-sothebysrealty.com/en/our-properties/ref-ah2-079/rental-chalet-l-alpe-d-huez-7-rooms-5-bedrooms-38750/
SeeAlpedHuez,sothebys-chalet-kosy,Chalet Kosy,Sotheby's International Realty (Alpe d'Huez),Alpe d'Huez,no,https://www.alpedhuez-2alpes-sothebysrealty.com/en/our-properties/ref-ah2-079/rental-chalet-l-alpe-d-huez-7-rooms-5-bedrooms-38750/
Sotheby's Alpe d'Huez,sothebys-chalet-kosy,Chalet Kosy,Sotheby's International Realty (Alpe d'Huez),Alpe d'Huez,no,https://www.alpedhuez-2alpes-sothebysrealty.com/en/our-properties/ref-ah2-079/rental-chalet-l-alpe-d-huez-7-rooms-5-bedrooms-38750/
Sno,sno-chalet-la-breche,Chalet La Brêche,unknown (sold via Sno),Alpe d'Huez,no,https://www.sno.co.uk/ski-holidays/chalet-la-br-che_18610/
allChalets,sno-chalet-la-breche,Chalet La Brêche,unknown (sold via Sno),Alpe d'Huez,no,https://www.sno.co.uk/ski-holidays/chalet-la-br-che_18610/
SeeAlpedHuez,sno-chalet-la-chapelle,Chalet La Chapelle,unknown (sold via Sno),Alpe d'Huez,no,https://www.sno.co.uk/ski-holidays/chalet-la-chapelle_18748/
Sno,sno-chalet-la-chapelle,Chalet La Chapelle,unknown (sold via Sno),Alpe d'Huez,no,https://www.sno.co.uk/ski-holidays/chalet-la-chapelle_18748/
allChalets,sno-chalet-la-chapelle,Chalet La Chapelle,unknown (sold via Sno),Alpe d'Huez,no,https://www.sno.co.uk/ski-holidays/chalet-la-chapelle_18748/
Alpe d'Huez official booking (accommodation.alpedhuez.com),alpedhuez-ot-chalet-la-source,Chalet La Source,,Alpe d'Huez,no,https://accommodation.alpedhuez.com/accommodation/chalet-la-source-8-pieces-12-personnes/
Sno,sno-chalet-leman,Chalet Leman,unknown (sold via Sno),Alpe d'Huez,no,https://www.sno.co.uk/ski-holidays/chalet-leman_18807/
allChalets,sno-chalet-leman,Chalet Leman,unknown (sold via Sno),Alpe d'Huez,no,https://www.sno.co.uk/ski-holidays/chalet-leman_18807/
Alpe d'Huez official booking (accommodation.alpedhuez.com),maeva-chalet-les-coteaux-de-l-altiport,Chalet Les Coteaux De L'altiport,MAEVA,Alpe d'Huez,no,https://accommodation.alpedhuez.com/accommodation/residence-les-coteaux-de-l-altiport-ii-chalet-haut-de-gamme-sur-les-pistes-de-ski/
Alpe d'Huez official booking (accommodation.alpedhuez.com),maeva-chalet-les-quirlies,Chalet Les Quirlies,MAEVA,Alpe d'Huez,no,https://accommodation.alpedhuez.com/accommodation/ah16-les-quirlies-sublime-chalet-familial-chalets-pour-9-personnes/
Alpe d'Huez official booking (accommodation.alpedhuez.com),maeva-chalet-lievre-blanc,Chalet Lièvre Blanc,MAEVA,Alpe d'Huez,no,https://accommodation.alpedhuez.com/accommodation/chalet-lievre-blanc-chalet-8-pieces-14-personnes/
allChalets,maeva-chalet-lievre-blanc,Chalet Lièvre Blanc,MAEVA,Alpe d'Huez,no,https://accommodation.alpedhuez.com/accommodation/chalet-lievre-blanc-chalet-8-pieces-14-personnes/
Alpe d'Huez official booking (accommodation.alpedhuez.com),sno-chalet-loup,Chalet Loup,unknown (sold via Sno),Alpe d'Huez,no,https://www.sno.co.uk/ski-holidays/chalet-loup_21990/
SeeAlpedHuez,sno-chalet-loup,Chalet Loup,unknown (sold via Sno),Alpe d'Huez,no,https://www.sno.co.uk/ski-holidays/chalet-loup_21990/
Sno,sno-chalet-loup,Chalet Loup,unknown (sold via Sno),Alpe d'Huez,no,https://www.sno.co.uk/ski-holidays/chalet-loup_21990/
allChalets,sno-chalet-loup,Chalet Loup,unknown (sold via Sno),Alpe d'Huez,no,https://www.sno.co.uk/ski-holidays/chalet-loup_21990/
Alpe d'Huez official booking (accommodation.alpedhuez.com),maeva-chalet-marmotte,Chalet Marmotte,MAEVA,Alpe d'Huez,no,https://accommodation.alpedhuez.com/accommodation/chalet-marmotte-chalet-7-pieces-12-personnes/
Sno,sno-chalet-nightingale,Chalet Nightingale,unknown (sold via Sno),Alpe d'Huez,no,https://www.sno.co.uk/ski-holidays/chalet-nightingale_21388/
Alpe d'Huez official booking (accommodation.alpedhuez.com),maeva-chalet-odalys-le-vieux-logis,Chalet Odalys Le Vieux Logis,MAEVA,Alpe d'Huez,no,https://accommodation.alpedhuez.com/accommodation/chalet-odalys-le-vieux-logis-chalet-8-chambres-15-personnes/
SeeAlpedHuez,maeva-chalet-odalys-le-vieux-logis,Chalet Odalys Le Vieux Logis,MAEVA,Alpe d'Huez,no,https://accommodation.alpedhuez.com/accommodation/chalet-odalys-le-vieux-logis-chalet-8-chambres-15-personnes/
Alpe d'Huez official booking (accommodation.alpedhuez.com),maeva-chalet-odalys-melusine,Chalet Odalys Mélusine ****,MAEVA,Alpe d'Huez,no,https://accommodation.alpedhuez.com/accommodation/chalet-odalys-melusine-chalet-7-chambres-14-personnes/
SeeAlpedHuez,maeva-chalet-odalys-melusine,Chalet Odalys Mélusine ****,MAEVA,Alpe d'Huez,no,https://accommodation.alpedhuez.com/accommodation/chalet-odalys-melusine-chalet-7-chambres-14-personnes/
Sno,sno-chalet-pere-josef-1,Chalet Pere Josef 1,unknown (sold via Sno),Alpe d'Huez,no,https://www.sno.co.uk/ski-holidays/chalet-pere-josef-1_19049/
Sno,sno-chalet-pere-josef-2,Chalet Pere Josef 2,unknown (sold via Sno),Alpe d'Huez,no,https://www.sno.co.uk/ski-holidays/chalet-pere-josef-2_19050/
Alpe d'Huez official booking (accommodation.alpedhuez.com),maeva-chalet-pic-bayle,Chalet Pic Bayle,MAEVA,Alpe d'Huez,no,https://accommodation.alpedhuez.com/accommodation/chalet-pic-bayle-chalet-pic-bayle/
Sno,sno-chalet-salagou,Chalet Salagou,unknown (sold via Sno),Alpe d'Huez,no,https://www.sno.co.uk/ski-holidays/chalet-salagou_18806/
allChalets,sno-chalet-salagou,Chalet Salagou,unknown (sold via Sno),Alpe d'Huez,no,https://www.sno.co.uk/ski-holidays/chalet-salagou_18806/
SeeAlpedHuez,sno-chalet-sophie,Chalet Sophie,unknown (sold via Sno),Alpe d'Huez,no,https://www.sno.co.uk/ski-holidays/chalet-sophie_18630/
Sno,sno-chalet-sophie,Chalet Sophie,unknown (sold via Sno),Alpe d'Huez,no,https://www.sno.co.uk/ski-holidays/chalet-sophie_18630/
allChalets,sno-chalet-sophie,Chalet Sophie,unknown (sold via Sno),Alpe d'Huez,no,https://www.sno.co.uk/ski-holidays/chalet-sophie_18630/
Alpe d'Huez official booking (accommodation.alpedhuez.com),sno-chalet-torino,Chalet Torino,unknown (sold via Sno),Alpe d'Huez,no,https://www.sno.co.uk/ski-holidays/chalet-torino_22308/
SeeAlpedHuez,sno-chalet-torino,Chalet Torino,unknown (sold via Sno),Alpe d'Huez,no,https://www.sno.co.uk/ski-holidays/chalet-torino_22308/
Sno,sno-chalet-torino,Chalet Torino,unknown (sold via Sno),Alpe d'Huez,no,https://www.sno.co.uk/ski-holidays/chalet-torino_22308/
allChalets,sno-chalet-torino,Chalet Torino,unknown (sold via Sno),Alpe d'Huez,no,https://www.sno.co.uk/ski-holidays/chalet-torino_22308/
Sno,sno-chalet-woodpecker,Chalet Woodpecker,unknown (sold via Sno),Alpe d'Huez,no,https://www.sno.co.uk/ski-holidays/chalet-woodpecker_21387/
allChalets,sno-chalet-woodpecker,Chalet Woodpecker,unknown (sold via Sno),Alpe d'Huez,no,https://www.sno.co.uk/ski-holidays/chalet-woodpecker_21387/
Alpe d'Huez official booking (accommodation.alpedhuez.com),sno-chalet-de-ville-fermes-de-l-alpe-e101,Chalet de Ville Fermes de l'Alpe E101,unknown (sold via Sno),Alpe d'Huez,no,https://www.sno.co.uk/ski-holidays/chalet-de-ville-fermes-de-l-alpe-e101_22025/
Sno,sno-chalet-de-ville-fermes-de-l-alpe-e101,Chalet de Ville Fermes de l'Alpe E101,unknown (sold via Sno),Alpe d'Huez,no,https://www.sno.co.uk/ski-holidays/chalet-de-ville-fermes-de-l-alpe-e101_22025/
Alpe d'Huez official booking (accommodation.alpedhuez.com),alpedhuez-ot-chamois-residence-geode,Chamois (résidence Géode),,Alpe d'Huez,no,https://accommodation.alpedhuez.com/accommodation/chamois-chalet-geode/
Alpe d'Huez official booking (accommodation.alpedhuez.com),alpe-d-huez-houses-chez-arthur,Chez Arthur - Le Val d'Ys,Alpe d'Huez Houses,Alpe d'Huez,no,https://accommodation.alpedhuez.com/accommodation/chez-arthur3-chambres-en-duplex-plein-sud-cognet/
Alpe d'Huez official booking (accommodation.alpedhuez.com),alpe-d-huez-houses-chez-gaston,Chez Gaston - La Musardiere,Alpe d'Huez Houses,Alpe d'Huez,no,https://accommodation.alpedhuez.com/accommodation/sous-les-toits-type-chalet-un-4-chambres-pour-10/
Alpe d'Huez official booking (accommodation.alpedhuez.com),maeva-commodore,Commodore,MAEVA,Alpe d'Huez,no,https://accommodation.alpedhuez.com/accommodation/residence-commodore-appartement-commodore-227/
Alpe d'Huez official booking (accommodation.alpedhuez.com),cimalpes-duplex-chalet-du-golf-a301,DUPLEX Chalet du Golf A301,Cimalpes,Alpe d'Huez,no,https://accommodation.alpedhuez.com/accommodation/duplex-de-127m-8-a/
Alpe d'Huez official booking (accommodation.alpedhuez.com),cimalpes-duplex-chalet-du-golf-a303,DUPLEX Chalet du Golf A303,Cimalpes,Alpe d'Huez,no,https://accommodation.alpedhuez.com/accommodation/duplex-de-125-8-a/
Alpe d'Huez official booking (accommodation.alpedhuez.com),maeva-daria-i-nor-817504,Daria-i Nor *****,MAEVA,Alpe d'Huez,no,https://accommodation.alpedhuez.com/accommodation/residence-daria-i-nor-appartement-5-pieces-8-personnes/
Alpe d'Huez official booking (accommodation.alpedhuez.com),maeva-daria-i-nor-817514,Daria-i Nor *****,MAEVA,Alpe d'Huez,no,https://accommodation.alpedhuez.com/accommodation/residence-daria-i-nor-appartement-5-pieces-duplex-8-personnes-avec-sauna-prive/
Alpe d'Huez official booking (accommodation.alpedhuez.com),maeva-daria-i-nor-817524,Daria-i Nor *****,MAEVA,Alpe d'Huez,no,https://accommodation.alpedhuez.com/accommodation/residence-daria-i-nor-appartement-5-pieces-cabine-10-personnes-avec-sauna-prive/
Alpe d'Huez official booking (accommodation.alpedhuez.com),maeva-daria-i-nor-817494,Daria-i Nor *****,MAEVA,Alpe d'Huez,no,https://accommodation.alpedhuez.com/accommodation/residence-daria-i-nor-appartement-4-pieces-cabine-8-personnes/
See Alpe d'Huez,odalys-diane,Diane Private 14 Person Chalet,Odalys,Alpe d'Huez,no,https://www.seealpedhuez.com/chalets/diane-private-14-person-chalet-alpe-dhuez-751895
SeeAlpedHuez,odalys-diane,Diane Private 14 Person Chalet,Odalys,Alpe d'Huez,no,https://www.seealpedhuez.com/chalets/diane-private-14-person-chalet-alpe-dhuez-751895
Alpe d'Huez official booking (accommodation.alpedhuez.com),alpimo-eden,EDEN,Alpimo,Alpe d'Huez,no,https://accommodation.alpedhuez.com/accommodation/appartement-4-pieces-pour-8-personnes-de-80m/
Alpe d'Huez official booking (accommodation.alpedhuez.com),cimalpes-expression-b32,EXPRESSION B32,Cimalpes,Alpe d'Huez,no,https://accommodation.alpedhuez.com/accommodation/appartement-dans-nouvelle-residence-de-standing-1/
Alpe d'Huez official booking (accommodation.alpedhuez.com),alpedhuez-ot-edelweiss-residence-geode,Edelweiss (résidence Géode),,Alpe d'Huez,no,https://accommodation.alpedhuez.com/accommodation/edelweiss-chalet-geode/
Alpe d'Huez official booking (accommodation.alpedhuez.com),cimalpes-fermes-de-l-alpe-c401,FERMES DE L'ALPE C401,Cimalpes,Alpe d'Huez,no,https://accommodation.alpedhuez.com/accommodation/appartement-5-pieces-8-a-2-e/
Alpe d'Huez official booking (accommodation.alpedhuez.com),cimalpes-fermes-de-l-alpe-d206,FERMES DE L'ALPE D206,Cimalpes,Alpe d'Huez,no,https://accommodation.alpedhuez.com/accommodation/non-classe-4-pieces/
Alpe d'Huez official booking (accommodation.alpedhuez.com),cimalpes-fermes-de-l-alpe-d303,FERMES DE L'ALPE D303,Cimalpes,Alpe d'Huez,no,https://accommodation.alpedhuez.com/accommodation/appartement-en-duplex-proche-des-pistes/
Alpe d'Huez official booking (accommodation.alpedhuez.com),alpe-d-huez-houses-friandise,Friandise - Chalet du Golf,Alpe d'Huez Houses,Alpe d'Huez,no,https://accommodation.alpedhuez.com/accommodation/chalet-friandise-4-chambres-pour-8-avec-jaccuzzi-exterieur/
Alpe d'Huez official booking (accommodation.alpedhuez.com),alpedhuez-ot-gite-le-grand-renaud,Gîte Le Grand Renaud,,Alpe d'Huez,no,https://accommodation.alpedhuez.com/accommodation/steven/
Alpe d'Huez official booking (accommodation.alpedhuez.com),maeva-hameau-de-clotaire,Hameau De Clotaire,MAEVA,Alpe d'Huez,no,https://accommodation.alpedhuez.com/accommodation/residence-hameau-de-clotaire-appartement-ski-in-ski-out-avec-piscine/
Alpe d'Huez official booking (accommodation.alpedhuez.com),maeva-horizon-1687251,Horizon,MAEVA,Alpe d'Huez,no,https://accommodation.alpedhuez.com/accommodation/residence-horizon-l-horizon-apt-a2/
Alpe d'Huez official booking (accommodation.alpedhuez.com),maeva-horizon-1663231,Horizon,MAEVA,Alpe d'Huez,no,https://accommodation.alpedhuez.com/accommodation/residence-horizon-l-horizon-apt-c3/
Alpe d'Huez official booking (accommodation.alpedhuez.com),maeva-horizon-1662121,Horizon,MAEVA,Alpe d'Huez,no,https://accommodation.alpedhuez.com/accommodation/residence-horizon-l-horizon-apt-a4/
Alpe d'Huez official booking (accommodation.alpedhuez.com),cimalpes-l-echappee-a502,L'ECHAPPEE A502,Cimalpes,Alpe d'Huez,no,https://accommodation.alpedhuez.com/accommodation/residence-l-echappee-appartement-a502/
Alpe d'Huez official booking (accommodation.alpedhuez.com),maeva-l-ours-blanc-355424,L'Ours Blanc,MAEVA,Alpe d'Huez,no,https://accommodation.alpedhuez.com/accommodation/residence-l-ours-blanc-maeva-home-appartement-prestige-2-chambres-8-personnes/
Alpe d'Huez official booking (accommodation.alpedhuez.com),maeva-l-ours-blanc-121612,L'Ours Blanc,MAEVA,Alpe d'Huez,no,https://accommodation.alpedhuez.com/accommodation/residence-l-ours-blanc-maeva-home-appartement-3-pieces-coin-cabine-8-personnes-prestige/
Alpe d'Huez official booking (accommodation.alpedhuez.com),maeva-l-echappee,L'echappee,MAEVA,Alpe d'Huez,no,https://accommodation.alpedhuez.com/accommodation/residence-l-echappee-residence-l-echappee-appartement-a502/
Alpe d'Huez official booking (accommodation.alpedhuez.com),cimalpes-la-belle-aurore-a307,LA BELLE AURORE A307,Cimalpes,Alpe d'Huez,no,https://accommodation.alpedhuez.com/accommodation/residence-la-belle-aurore-appartement-lbaa-307/
Alpe d'Huez official booking (accommodation.alpedhuez.com),cimalpes-la-belle-aurore-a401,LA BELLE AURORE A401,Cimalpes,Alpe d'Huez,no,https://accommodation.alpedhuez.com/accommodation/non-classe-5-pieces-2/
Alpe d'Huez official booking (accommodation.alpedhuez.com),maeva-la-belle-aurore-2283573,La Belle Aurore,MAEVA,Alpe d'Huez,no,https://accommodation.alpedhuez.com/accommodation/residence-la-belle-aurore-residence-belle-aurore-espace-bien-etre-and-salle-de-sport-au-coeur-de-la-montagne/
Alpe d'Huez official booking (accommodation.alpedhuez.com),maeva-la-belle-aurore-2218413,La Belle Aurore,MAEVA,Alpe d'Huez,no,https://accommodation.alpedhuez.com/accommodation/residence-la-belle-aurore-residence-la-belle-aurore-appartement-lbaa-307/
Alpe d'Huez official booking (accommodation.alpedhuez.com),alpedhuez-ot-le-bel-alpe,Le Bel Alpe,,Alpe d'Huez,no,https://accommodation.alpedhuez.com/accommodation/chamax-9/
Alpe d'Huez official booking (accommodation.alpedhuez.com),alpedhuez-ot-le-kaila-601,Le Kaila 601,,Alpe d'Huez,no,https://accommodation.alpedhuez.com/accommodation/le-kaila-601/
See Alpe d'Huez,odalys-le-manoir,Le Manoir,Odalys (Le Village),Alpe d'Huez,no,https://www.seealpedhuez.com/chalets/le-manoir-chalet-alpe-dhuez-744297
SeeAlpedHuez,odalys-le-manoir,Le Manoir,Odalys (Le Village),Alpe d'Huez,no,https://www.seealpedhuez.com/chalets/le-manoir-chalet-alpe-dhuez-744297
Alpe d'Huez official booking (accommodation.alpedhuez.com),alpe-d-huez-houses-le-president,Le Président,Alpe d'Huez Houses,Alpe d'Huez,no,https://accommodation.alpedhuez.com/accommodation/triplex-sur-le-rif-nel-pour-8-a-10--personnes/
Alpe d'Huez official booking (accommodation.alpedhuez.com),maeva-les-chalets-du-golf-1251811,Les Chalets Du Golf,MAEVA,Alpe d'Huez,no,https://accommodation.alpedhuez.com/accommodation/les-chalets-du-golf-duplex-de-125-8-a/
Alpe d'Huez official booking (accommodation.alpedhuez.com),maeva-les-chalets-du-golf-1993293,Les Chalets Du Golf,MAEVA,Alpe d'Huez,no,https://accommodation.alpedhuez.com/accommodation/les-chalets-du-golf-duplex-de-127m-8-a/
Alpe d'Huez official booking (accommodation.alpedhuez.com),maeva-les-chalets-de-l-altiport-303,Les Chalets de l'Altiport,MAEVA,Alpe d'Huez,no,https://accommodation.alpedhuez.com/accommodation/les-chalets-de-l-altiport-chalet-9-pieces-15-personnes/
Alpe d'Huez official booking (accommodation.alpedhuez.com),maeva-les-chalets-de-l-altiport-403,Les Chalets de l'Altiport,MAEVA,Alpe d'Huez,no,https://accommodation.alpedhuez.com/accommodation/les-chalets-de-l-altiport-chalet-6-pieces-cabine-12-personnes/
Alpe d'Huez official booking (accommodation.alpedhuez.com),maeva-les-chalets-de-l-altiport-300,Les Chalets de l'Altiport,MAEVA,Alpe d'Huez,no,https://accommodation.alpedhuez.com/accommodation/les-chalets-de-l-altiport-chalet-7-pieces-12-personnes/
Alpe d'Huez official booking (accommodation.alpedhuez.com),maeva-les-chalets-de-l-altiport-302,Les Chalets de l'Altiport,MAEVA,Alpe d'Huez,no,https://accommodation.alpedhuez.com/accommodation/les-chalets-de-l-altiport-chalet-8-pieces-15-personnes/
Alpe d'Huez official booking (accommodation.alpedhuez.com),maeva-les-chalets-de-l-altiport-301,Les Chalets de l'Altiport,MAEVA,Alpe d'Huez,no,https://accommodation.alpedhuez.com/accommodation/les-chalets-de-l-altiport-chalet-6-pieces-12-personnes/
Alpe d'Huez official booking (accommodation.alpedhuez.com),maeva-les-fermes-de-l-alpe-1576491,Les Fermes De L'alpe,MAEVA,Alpe d'Huez,no,https://accommodation.alpedhuez.com/accommodation/residence-les-fermes-de-l-alpe-bat-b-chalet-de-ville-en-duplex-neuf-proche-des-pistes/
Alpe d'Huez official booking (accommodation.alpedhuez.com),maeva-les-fermes-de-l-alpe-1153564,Les Fermes De L'alpe,MAEVA,Alpe d'Huez,no,https://accommodation.alpedhuez.com/accommodation/residence-les-fermes-de-l-alpe-bat-c-bel-appartement-neuf-proche-des-pistes-1/
Alpe d'Huez official booking (accommodation.alpedhuez.com),maeva-les-fermes-de-l-alpe-2010083,Les Fermes De L'alpe,MAEVA,Alpe d'Huez,no,https://accommodation.alpedhuez.com/accommodation/residence-les-fermes-de-l-alpe-bat-c-appartement-5-pieces-8-a-2-e/
Alpe d'Huez official booking (accommodation.alpedhuez.com),maeva-les-fermes-de-l-alpe-1199131,Les Fermes De L'alpe,MAEVA,Alpe d'Huez,no,https://accommodation.alpedhuez.com/accommodation/residence-les-fermes-de-l-alpe-bat-c-appartement-en-duplex-proche-des-pistes/
Alpe d'Huez official booking (accommodation.alpedhuez.com),alpimo-majestic-i,MAJESTIC I,Alpimo,Alpe d'Huez,no,https://accommodation.alpedhuez.com/accommodation/appartement-4-pieces-pour-9-personnes-de-74m/
Alpe d'Huez official booking (accommodation.alpedhuez.com),alpimo-marmottes,MARMOTTES,Alpimo,Alpe d'Huez,no,https://accommodation.alpedhuez.com/accommodation/appartement-5-pieces-pour-10-personnes-d-environ-100m/
Alpe d'Huez official booking (accommodation.alpedhuez.com),maeva-majestic-i,Majestic I,MAEVA,Alpe d'Huez,no,https://accommodation.alpedhuez.com/accommodation/residence-majestic-i-majestic-i-100-i-gh-2-quartier-viel-alpe/
Alpe d'Huez official booking (accommodation.alpedhuez.com),alpedhuez-ot-marmottes-residence-geode,Marmottes (résidence Géode),,Alpe d'Huez,no,https://accommodation.alpedhuez.com/accommodation/marmottes-chalet-geode/
Alpe d'Huez official booking (accommodation.alpedhuez.com),alpedhuez-ot-meije,Meije,,Alpe d'Huez,no,https://accommodation.alpedhuez.com/accommodation/meije/
Alpe d'Huez official booking (accommodation.alpedhuez.com),alpimo-paradis-c,PARADIS C,Alpimo,Alpe d'Huez,no,https://accommodation.alpedhuez.com/accommodation/appartement-4-pieces-pour-8-personnes-de-75m/
Alpe d'Huez official booking (accommodation.alpedhuez.com),cimalpes-parenthese-a02,PARENTHESE A02,Cimalpes,Alpe d'Huez,no,https://accommodation.alpedhuez.com/accommodation/non-classe-3-pieces/
Alpe d'Huez official booking (accommodation.alpedhuez.com),cimalpes-parenthese-a32,PARENTHESE A32,Cimalpes,Alpe d'Huez,no,https://accommodation.alpedhuez.com/accommodation/non-classe-4-pieces-2/
Alpe d'Huez official booking (accommodation.alpedhuez.com),cimalpes-parenthese-a33,PARENTHESE A33,Cimalpes,Alpe d'Huez,no,https://accommodation.alpedhuez.com/accommodation/non-classe-5-pieces-1/
Alpe d'Huez official booking (accommodation.alpedhuez.com),alpissimmo-phoenix-a23,PHOENIX A23,ALPISSIMMO,Alpe d'Huez,no,https://accommodation.alpedhuez.com/accommodation/phoenix-a-lodge-4-pieces-95-0-m-ap-ah-phoa-23/
Alpe d'Huez official booking (accommodation.alpedhuez.com),alpissimmo-phoenix-a34,PHOENIX A34,ALPISSIMMO,Alpe d'Huez,no,https://accommodation.alpedhuez.com/accommodation/phoenix-a-lodge-4-pieces-95-0-m-ap-ah-phoa-34/
Alpe d'Huez official booking (accommodation.alpedhuez.com),alpissimmo-phoenix-a42,PHOENIX A42,ALPISSIMMO,Alpe d'Huez,no,https://accommodation.alpedhuez.com/accommodation/phoenix-a-lodge-4-pieces-98-0-m-ap-ah-phoa-42/
Alpe d'Huez official booking (accommodation.alpedhuez.com),alpissimmo-phoenix-a43,PHOENIX A43,ALPISSIMMO,Alpe d'Huez,no,https://accommodation.alpedhuez.com/accommodation/phoenix-a-lodge-4-pieces-92-0-m-ap-ah-phoa-43/
Alpe d'Huez official booking (accommodation.alpedhuez.com),alpissimmo-phoenix-a54,PHOENIX A54,ALPISSIMMO,Alpe d'Huez,no,https://accommodation.alpedhuez.com/accommodation/phoenix-a-lodge-5-pieces-143-0-m-ap-ah-phoa-54/
Alpe d'Huez official booking (accommodation.alpedhuez.com),alpissimmo-phoenix-b41,PHOENIX B41,ALPISSIMMO,Alpe d'Huez,no,https://accommodation.alpedhuez.com/accommodation/phoenix-b-lodge-6-pieces-115-0-m-ap-ah-phob-41/
Alpe d'Huez official booking (accommodation.alpedhuez.com),alpedhuez-ot-phoenix-c32,PHOENIX C32,,Alpe d'Huez,no,https://accommodation.alpedhuez.com/accommodation/phoenix-c-lodge-5-pieces-126-0-m-ap-ah-phoc-32/
Alpe d'Huez official booking (accommodation.alpedhuez.com),alpedhuez-ot-phoenix-c33-34,PHOENIX C33-34,,Alpe d'Huez,no,https://accommodation.alpedhuez.com/accommodation/phoenix-c-lodge-4-pieces-93-0-m-ap-ah-phoc-33-34/
Alpe d'Huez official booking (accommodation.alpedhuez.com),maeva-parenthese-2059713,Parenthese,MAEVA,Alpe d'Huez,no,https://accommodation.alpedhuez.com/accommodation/residence-parenthese-appartement-neuf-ski-aux-pieds-1/
Alpe d'Huez official booking (accommodation.alpedhuez.com),maeva-parenthese-1734551,Parenthese,MAEVA,Alpe d'Huez,no,https://accommodation.alpedhuez.com/accommodation/residence-parenthese-appartement-neuf-ski-aux-pieds/
Alpe d'Huez official booking (accommodation.alpedhuez.com),alpe-d-huez-houses-penthouse-1860,Penthouse 1860 - Bel Aurore,Alpe d'Huez Houses,Alpe d'Huez,no,https://accommodation.alpedhuez.com/accommodation/spils-house-fabuleux-penthouse-pied-du-signal-pour-12-pers-alpe-d-huez-houses/
Alpe d'Huez official booking (accommodation.alpedhuez.com),maeva-phoenix-a-1601111,Phoenix A,MAEVA,Alpe d'Huez,no,https://accommodation.alpedhuez.com/accommodation/residence-phoenix-a-appartement-spacieux/
Alpe d'Huez official booking (accommodation.alpedhuez.com),maeva-phoenix-a-1261371,Phoenix A,MAEVA,Alpe d'Huez,no,https://accommodation.alpedhuez.com/accommodation/residence-phoenix-a-magnifique-appartement/
Alpe d'Huez official booking (accommodation.alpedhuez.com),maeva-phoenix-a-1322671,Phoenix A,MAEVA,Alpe d'Huez,no,https://accommodation.alpedhuez.com/accommodation/residence-phoenix-a-phoa-23-grand-appartement-dans-residence-avec-piscine-et-pieds-des-pistes/
Alpe d'Huez official booking (accommodation.alpedhuez.com),maeva-phoenix-a-1261351,Phoenix A,MAEVA,Alpe d'Huez,no,https://accommodation.alpedhuez.com/accommodation/residence-phoenix-a-bel-appartement/
Alpe d'Huez official booking (accommodation.alpedhuez.com),maeva-phoenix-b-1322661,Phoenix B,MAEVA,Alpe d'Huez,no,https://accommodation.alpedhuez.com/accommodation/residence-phoenix-b-phob-41-magnifique-appartement-en-dernier-etage-tres-spacieux-et-lumineux-pied-des-piste/
Alpe d'Huez official booking (accommodation.alpedhuez.com),maeva-phoenix-b-1261361,Phoenix B,MAEVA,Alpe d'Huez,no,https://accommodation.alpedhuez.com/accommodation/residence-phoenix-b-magnifique-appartement-pieds-des-pistes/
Alpe d'Huez official booking (accommodation.alpedhuez.com),maeva-phoenix-c-2474623,Phoenix C,MAEVA,Alpe d'Huez,no,https://accommodation.alpedhuez.com/accommodation/residence-phoenix-c-phoc-35-magnifique-appartement-tres-spacieux-et-lumineux-en-duplex/
Alpe d'Huez official booking (accommodation.alpedhuez.com),maeva-phoenix-c-1588351,Phoenix C,MAEVA,Alpe d'Huez,no,https://accommodation.alpedhuez.com/accommodation/residence-phoenix-c-appartement-spacieux/
Alpe d'Huez official booking (accommodation.alpedhuez.com),maeva-phoenix-c-1577011,Phoenix C,MAEVA,Alpe d'Huez,no,https://accommodation.alpedhuez.com/accommodation/residence-phoenix-c-phoc-31-tres-bel-appartement-avec-de-grands-volumes-lumineux-et-tres-bien-equipe/
Alpe d'Huez official booking (accommodation.alpedhuez.com),maeva-phoenix-c-1261381,Phoenix C,MAEVA,Alpe d'Huez,no,https://accommodation.alpedhuez.com/accommodation/residence-phoenix-c-grand-appartement/
Alpe d'Huez official booking (accommodation.alpedhuez.com),maeva-prestige-odalys-674164,Prestige Odalys,MAEVA,Alpe d'Huez,no,https://accommodation.alpedhuez.com/accommodation/residence-prestige-odalys-l-eclose-3-4-pieces-8-personnes/
Alpe d'Huez official booking (accommodation.alpedhuez.com),maeva-prestige-odalys-674174,Prestige Odalys,MAEVA,Alpe d'Huez,no,https://accommodation.alpedhuez.com/accommodation/residence-prestige-odalys-l-eclose-4-pieces-8-personnes/
Alpe d'Huez official booking (accommodation.alpedhuez.com),maeva-prestige-odalys-674184,Prestige Odalys,MAEVA,Alpe d'Huez,no,https://accommodation.alpedhuez.com/accommodation/residence-prestige-odalys-l-eclose-4-5-pieces-10-personnes/
Alpe d'Huez official booking (accommodation.alpedhuez.com),maeva-prestige-odalys-674194,Prestige Odalys,MAEVA,Alpe d'Huez,no,https://accommodation.alpedhuez.com/accommodation/residence-prestige-odalys-l-eclose-5-pieces-10-personnes/
Alpe d'Huez official booking (accommodation.alpedhuez.com),alpe-d-huez-houses-rebeque,Rebeque - Chalet du Golf,Alpe d'Huez Houses,Alpe d'Huez,no,https://accommodation.alpedhuez.com/accommodation/chalet-rebeque-4-chambres-au-bord-du-golf-avec-jacuzzi/
Alpe d'Huez official booking (accommodation.alpedhuez.com),maeva-res-de-l-oisans,Res.de L Oisans,MAEVA,Alpe d'Huez,no,https://accommodation.alpedhuez.com/accommodation/residence-res-de-l-oisans-residence-de-l-oisans-apt-a5/
Alpe d'Huez official booking (accommodation.alpedhuez.com),maeva-residence-choucas,Résidence Choucas,MAEVA,Alpe d'Huez,no,https://accommodation.alpedhuez.com/accommodation/residence-choucas-residence-les-choucas-apt-31/
Alpe d'Huez official booking (accommodation.alpedhuez.com),maeva-residence-citriere,Résidence Citriere,MAEVA,Alpe d'Huez,no,https://accommodation.alpedhuez.com/accommodation/residence-citriere-citriere-apt-03/
Alpe d'Huez official booking (accommodation.alpedhuez.com),alpedhuez-ot-residence-daria-i-nor-by-les-etincelles,Résidence Daria-I Nor by Les Etincelles,,Alpe d'Huez,no,https://accommodation.alpedhuez.com/accommodation/residence-daria-i-nor/
Alpe d'Huez official booking (accommodation.alpedhuez.com),maeva-residence-dome,Résidence Dome,MAEVA,Alpe d'Huez,no,https://accommodation.alpedhuez.com/accommodation/residence-dome-residence-le-dome-apt-203-3-pieces-8-pers-situe-proche-toutes-commodites-et-remontees-mecaniques/
Alpe d'Huez official booking (accommodation.alpedhuez.com),maeva-residence-menandiere,Résidence Menandiere,MAEVA,Alpe d'Huez,no,https://accommodation.alpedhuez.com/accommodation/residence-menandiere-appartement-4-pieces-pour-8-personnes-de-70m-l-alpe-d-huez-1/
Alpe d'Huez official booking (accommodation.alpedhuez.com),maeva-residence-paradis-c,Résidence Paradis C,MAEVA,Alpe d'Huez,no,https://accommodation.alpedhuez.com/accommodation/residence-paradis-c-appartement-4-pieces-pour-8-personnes-de-75m-l-alpe-d-huez/
Alpe d'Huez official booking (accommodation.alpedhuez.com),maeva-residence-sarenne,Résidence Sarenne,MAEVA,Alpe d'Huez,no,https://accommodation.alpedhuez.com/accommodation/residence-sarenne-sarenne-apt-15/
Alpe d'Huez official booking (accommodation.alpedhuez.com),maeva-terresens-la-perle-d-alba,Terresens La Perle d'Alba,MAEVA,Alpe d'Huez,no,https://accommodation.alpedhuez.com/accommodation/residence-terresens-la-perle-d-alba-4-pieces-duplex-8-personnes/
Alpe d'Huez official booking (accommodation.alpedhuez.com),maeva-val-d-ys,Val D'ys,MAEVA,Alpe d'Huez,no,https://accommodation.alpedhuez.com/accommodation/residence-val-d-ys-val-d-ys-apt-03/
Alpe d'Huez official booking (accommodation.alpedhuez.com),alpe-d-huez-houses-chalet-gustave-et-marguerite,Chalet Gustave et Marguerite,Alpe d'Huez Houses,Huez (village),no,https://accommodation.alpedhuez.com/accommodation/beau-chalet-4-chambres-50m-piste-huez-express/
Alpe d'Huez official booking (accommodation.alpedhuez.com),alpedhuez-ot-chalet-des-grangettes,Chalet des Grangettes,,Huez (village),no,https://accommodation.alpedhuez.com/accommodation/chalet-des-grangettes-94m/
Alpe d'Huez official booking (accommodation.alpedhuez.com),alpedhuez-ot-chalet-l-ancolie,Chalet l'Ancolie - spa,,Huez (village),no,https://accommodation.alpedhuez.com/accommodation/chalet-l-ancolie/
SeeAlpedHuez,alpedhuez-ot-chalet-l-ancolie,Chalet l'Ancolie - spa,,Huez (village),no,https://accommodation.alpedhuez.com/accommodation/chalet-l-ancolie/
Alpe d'Huez official booking (accommodation.alpedhuez.com),alpedhuez-ot-chalet-le-denali-7-pieces-162m2,Chalet le Dénali – 7 pièces – 162m²,,Huez (village),no,https://accommodation.alpedhuez.com/accommodation/chalet-le-denali-7-pieces-150m-10-personnes-sud/
SeeAlpedHuez,alpedhuez-ot-chalet-le-denali-7-pieces-162m2,Chalet le Dénali – 7 pièces – 162m²,,Huez (village),no,https://accommodation.alpedhuez.com/accommodation/chalet-le-denali-7-pieces-150m-10-personnes-sud/
Alpe d'Huez official booking (accommodation.alpedhuez.com),alpedhuez-ot-l-oisans-bleu,L'OISANS BLEU,,Huez (village),no,https://accommodation.alpedhuez.com/accommodation/sci-cmh/
Fresh Tracks,fresh-tracks-l-etendard,L'Etendard,Fresh Tracks Ski,Oz-en-Oisans,yes,https://www.fresh-tracks.co.uk/fresh-tracks-chalet-letendard
Fresh Tracks Ski (own site),fresh-tracks-l-etendard,L'Etendard,Fresh Tracks Ski,Oz-en-Oisans,yes,https://www.fresh-tracks.co.uk/fresh-tracks-chalet-letendard
SeeAlpedHuez,fresh-tracks-l-etendard,L'Etendard,Fresh Tracks Ski,Oz-en-Oisans,yes,https://www.fresh-tracks.co.uk/fresh-tracks-chalet-letendard
Fresh Tracks Ski (own site),fresh-tracks-le-lauteret,Le Lauteret,Fresh Tracks Ski,Oz-en-Oisans,yes,https://www.seealpedhuez.com/chalets/le-lauteret-chalet-711857
See Alpe d'Huez,fresh-tracks-le-lauteret,Le Lauteret,Fresh Tracks Ski,Oz-en-Oisans,yes,https://www.seealpedhuez.com/chalets/le-lauteret-chalet-711857
SeeAlpedHuez,fresh-tracks-le-lauteret,Le Lauteret,Fresh Tracks Ski,Oz-en-Oisans,yes,https://www.seealpedhuez.com/chalets/le-lauteret-chalet-711857
Fresh Tracks Ski (own site),fresh-tracks-the-loft,The Loft Apartment,Fresh Tracks Ski,Oz-en-Oisans,no,https://www.fresh-tracks.co.uk/fresh-tracks-chalet-letendard
SeeAlpedHuez,fresh-tracks-the-loft,The Loft Apartment,Fresh Tracks Ski,Oz-en-Oisans,no,https://www.fresh-tracks.co.uk/fresh-tracks-chalet-letendard
Fresh Tracks Ski (own site),fresh-tracks-the-snug,The Snug Apartment,Fresh Tracks Ski,Oz-en-Oisans,no,https://www.fresh-tracks.co.uk/fresh-tracks-chalet-letendard
SeeAlpedHuez,fresh-tracks-the-snug,The Snug Apartment,Fresh Tracks Ski,Oz-en-Oisans,no,https://www.fresh-tracks.co.uk/fresh-tracks-chalet-letendard
SeeAlpedHuez,skipeak-chalet-dibona,Chalet Dibona,Ski Peak,Vaujany,no,https://www.seealpedhuez.com/chalets/dibona-chalet-678090
SeeAlpedHuez,skipeak-chalet-lucette,Chalet Lucette,Ski Peak,Vaujany,no,https://www.seealpedhuez.com/chalets/lucette-chalet-27585
SeeAlpedHuez,skipeak-chalet-rostaing,Chalet Rostaing,Ski Peak,Vaujany,no,https://www.seealpedhuez.com/chalets/rostaing-chalet-27586
SeeAlpedHuez,skipeak-chalet-sika,Chalet Sika,Ski Peak,Vaujany,no,https://www.skipeak.net/our-accommodation/chalet-sika
Ski Peak,skipeak-chalet-sika,Chalet Sika,Ski Peak,Vaujany,no,https://www.skipeak.net/our-accommodation/chalet-sika
SeeAlpedHuez,skipeak-maison-rostaing,Maison Rostaing (Rostaing + Lucette + Dibona),Ski Peak,Vaujany,no,https://www.seealpedhuez.com/chalets/maison-rostaing-chalet-vaujany-748469
Val d'Isère Réservation,ingenie-valdisere-3-rooms-2-bedrooms-franchet-cage-d,3 rooms (2 bedrooms) - FRANCHET - CAGE D,,La Daille,no,https://booking.valdisere.com/3-rooms-2-bedrooms-franchet-cage-d.html
Val d'Isère Réservation,ingenie-valdisere-4-rooms-3-bedrooms-vanoise-cage-c,4 rooms (3 bedrooms) - VANOISE - CAGE C,,La Daille,no,https://booking.valdisere.com/4-rooms-3-bedrooms-vanoise-cage-c.html
Val d'Isère Réservation,ingenie-valdisere-5-rooms-4-bedrooms-valbel-casier-a-ski-879,5 rooms (4 bedrooms) - VALBEL - Casier à ski 879,,La Daille,no,https://booking.valdisere.com/5-rooms-4-bedrooms-valbel-casier-a-ski-879.html
Simply Val d'Isère,simplyvaldisere-balcons-de-bellevarde,Balcons de Bellevarde,unknown (sold via Simply Val d'Isère),La Daille,no,https://www.simplyvaldisere.com/accom/la-daille-le-cret/balcons-de-bellevarde-4-8
Simply Val d'Isère,build-my-ski-trip-chalet-angelique,Chalet Angelique,Build My Ski Trip,La Daille,no,https://www.simplyvaldisere.com/accom/la-daille-le-cret/chalet-angelique-12
Ski Line,build-my-ski-trip-chalet-angelique,Chalet Angelique,Build My Ski Trip,La Daille,no,https://www.simplyvaldisere.com/accom/la-daille-le-cret/chalet-angelique-12
Simply Val d'Isère,simplyvaldisere-chalet-athenaise,Chalet Athenaise,unknown (sold via Simply Val d'Isère),La Daille,no,https://www.simplyvaldisere.com/accom/la-daille-le-cret/chalet-athenaise-12
Simply Val d'Isère,simplyvaldisere-chalet-bonne-neige,Chalet Bonne Neige,unknown (sold via Simply Val d'Isère),La Daille,no,https://www.simplyvaldisere.com/accom/la-daille-le-cret/chalet-bonne-neige-8
Ski Line,simplyvaldisere-chalet-bonne-neige,Chalet Bonne Neige,unknown (sold via Simply Val d'Isère),La Daille,no,https://www.simplyvaldisere.com/accom/la-daille-le-cret/chalet-bonne-neige-8
Simply Val d'Isère,yse-chalet-des-pentes,Chalet Des Pentes,YSE,La Daille,no,https://www.simplyvaldisere.com/accom/la-daille-le-cret/chalet-des-pentes-10-11
Simply Val d'Isère,simplyvaldisere-chalet-himalaya,Chalet Himalaya,unknown (sold via Simply Val d'Isère),La Daille,no,https://www.simplyvaldisere.com/accom/la-daille-le-cret/chalet-himalaya-8
Simply Val d'Isère,sno-chalet-saint-joseph,Chalet Saint Joseph,unknown (sold via Sno),La Daille,no,https://www.sno.co.uk/ski-holidays/chalet-saint-joseph_22370/
Sno,sno-chalet-saint-joseph,Chalet Saint Joseph,unknown (sold via Sno),La Daille,no,https://www.sno.co.uk/ski-holidays/chalet-saint-joseph_22370/
Val d'Isère Réservation,sno-chalet-saint-joseph,Chalet Saint Joseph,unknown (sold via Sno),La Daille,no,https://www.sno.co.uk/ski-holidays/chalet-saint-joseph_22370/
Simply Val d'Isère,simplyvaldisere-chalet-toit-du-monde,Chalet Toit du Monde,unknown (sold via Simply Val d'Isère),La Daille,no,https://www.simplyvaldisere.com/accom/la-daille-le-cret/chalet-toit-du-monde-8
Simply Val d'Isère,yse-chalet-des-neiges,Chalet des Neiges,YSE,La Daille,no,https://www.simplyvaldisere.com/accom/la-daille-le-cret/chalet-des-neiges-14-15
Simply Val d'Isère,yse-chalet-des-pistes,Chalet des Pistes,YSE,La Daille,no,https://www.simplyvaldisere.com/accom/la-daille-le-cret/chalet-des-pistes-6
Simply Val d'Isère,simplyvaldisere-daille-soleil-4-b,Daille Soleil (4) B,unknown (sold via Simply Val d'Isère),La Daille,no,https://www.simplyvaldisere.com/accom/la-daille-le-cret/daille-soleil-4-b
Simply Val d'Isère,simplyvaldisere-hotel-la-toviere,Hotel La Toviere,unknown (sold via Simply Val d'Isère),La Daille,no,https://www.simplyvaldisere.com/accom/la-daille-le-cret/hotel-la-toviere
Simply Val d'Isère,simplyvaldisere-l-ourson,L'Ourson,unknown (sold via Simply Val d'Isère),La Daille,no,https://www.simplyvaldisere.com/accom/la-daille-le-cret/lourson-6
Simply Val d'Isère,simplyvaldisere-l-etoile,L'Étoile,unknown (sold via Simply Val d'Isère),La Daille,no,https://www.simplyvaldisere.com/accom/la-daille-le-cret/letoile-6
Simply Val d'Isère,simplyvaldisere-le-blanchot,Le Blanchot,unknown (sold via Simply Val d'Isère),La Daille,no,https://www.simplyvaldisere.com/accom/la-daille-le-cret/le-blanchot-4
Simply Val d'Isère,simplyvaldisere-le-flocon,Le Flocon,unknown (sold via Simply Val d'Isère),La Daille,no,https://www.simplyvaldisere.com/accom/la-daille-le-cret/le-flocon-4
Simply Val d'Isère,simplyvaldisere-le-fusee,Le Fusée,unknown (sold via Simply Val d'Isère),La Daille,no,https://www.simplyvaldisere.com/accom/la-daille-le-cret/le-fusee-6
Simply Val d'Isère,simplyvaldisere-le-siflotte,Le Siflotte,unknown (sold via Simply Val d'Isère),La Daille,no,https://www.simplyvaldisere.com/accom/la-daille-le-cret/le-siflotte-6
Simply Val d'Isère,simplyvaldisere-penthouse-chamois,Penthouse Chamois,unknown (sold via Simply Val d'Isère),La Daille,no,https://www.simplyvaldisere.com/accom/la-daille-le-cret/penthouse-chamois-10
Simply Val d'Isère,simplyvaldisere-penthouse-fleche,Penthouse Flèche,unknown (sold via Simply Val d'Isère),La Daille,no,https://www.simplyvaldisere.com/accom/la-daille-le-cret/penthouse-fleche-8
Simply Val d'Isère,simplyvaldisere-vanoise-2p,Vanoise,unknown (sold via Simply Val d'Isère),La Daille,no,https://www.simplyvaldisere.com/accom/la-daille-le-cret/vanoise-2
Simply Val d'Isère,simplyvaldisere-vanoise-8p,Vanoise,unknown (sold via Simply Val d'Isère),La Daille,no,https://www.simplyvaldisere.com/accom/la-daille-le-cret/vanoise-8
Simply Val d'Isère,simplyvaldisere-villaret,Villaret,unknown (sold via Simply Val d'Isère),La Daille,no,https://www.simplyvaldisere.com/accom/la-daille-le-cret/villaret-2
Simply Val d'Isère,simplyvaldisere-arolay,Arolay,unknown (sold via Simply Val d'Isère),Le Fornet,no,https://www.simplyvaldisere.com/accom/le-fornet-laisinant/arolay-12
Sno,sno-arolay-penthouse,Arolay Penthouse,unknown (sold via Sno),Le Fornet,no,https://www.sno.co.uk/ski-holidays/arolay-penthouse_21482/
Simply Val d'Isère,build-my-ski-trip-chalet-ananda,Chalet Ananda,Build My Ski Trip,Le Fornet,no,https://www.simplyvaldisere.com/accom/le-fornet-laisinant/chalet-ananda-10-2
Ski Line,build-my-ski-trip-chalet-ananda,Chalet Ananda,Build My Ski Trip,Le Fornet,no,https://www.simplyvaldisere.com/accom/le-fornet-laisinant/chalet-ananda-10-2
Simply Val d'Isère,sno-chalet-atacama,Chalet Atacama,Ski France,Le Fornet,no,https://www.sno.co.uk/ski-holidays/chalet-atacama_19177/
Ski Line,sno-chalet-atacama,Chalet Atacama,Ski France,Le Fornet,no,https://www.sno.co.uk/ski-holidays/chalet-atacama_19177/
Sno,sno-chalet-atacama,Chalet Atacama,Ski France,Le Fornet,no,https://www.sno.co.uk/ski-holidays/chalet-atacama_19177/
allChalets,sno-chalet-atacama,Chalet Atacama,Ski France,Le Fornet,no,https://www.sno.co.uk/ski-holidays/chalet-atacama_19177/
Sno,sno-chalet-hermine-blanche,Chalet Hermine Blanche,unknown (sold via Sno),Le Fornet,no,https://www.sno.co.uk/ski-holidays/chalet-hermine-blanche_22721/
Val d'Isère Réservation,sno-chalet-hermine-blanche,Chalet Hermine Blanche,unknown (sold via Sno),Le Fornet,no,https://www.sno.co.uk/ski-holidays/chalet-hermine-blanche_22721/
allChalets,sno-chalet-hermine-blanche,Chalet Hermine Blanche,unknown (sold via Sno),Le Fornet,no,https://www.sno.co.uk/ski-holidays/chalet-hermine-blanche_22721/
Sno,sno-chalet-la-marsa,Chalet La Marsa,unknown (sold via Sno),Le Fornet,no,https://www.sno.co.uk/ski-holidays/chalet-la-marsa_22539/
allChalets,sno-chalet-la-marsa,Chalet La Marsa,unknown (sold via Sno),Le Fornet,no,https://www.sno.co.uk/ski-holidays/chalet-la-marsa_22539/
Ski Line,sno-chalet-lashca,Chalet Lashca,Bramble Ski,Le Fornet,no,https://www.sno.co.uk/ski-holidays/chalet-lashca_21728/
Sno,sno-chalet-lashca,Chalet Lashca,Bramble Ski,Le Fornet,no,https://www.sno.co.uk/ski-holidays/chalet-lashca_21728/
Sno,sno-chalet-les-ours,Chalet Les Ours,unknown (sold via Sno),Le Fornet,no,https://www.sno.co.uk/ski-holidays/chalet-les-ours_21785/
Simply Val d'Isère,sno-chalet-les-sources-de-l-isere,Chalet Les Sources de l'Isère,unknown (sold via Sno),Le Fornet,no,https://www.sno.co.uk/ski-holidays/chalet-les-sources-de-l-is-re_19048/
Sno,sno-chalet-les-sources-de-l-isere,Chalet Les Sources de l'Isère,unknown (sold via Sno),Le Fornet,no,https://www.sno.co.uk/ski-holidays/chalet-les-sources-de-l-is-re_19048/
allChalets,sno-chalet-les-sources-de-l-isere,Chalet Les Sources de l'Isère,unknown (sold via Sno),Le Fornet,no,https://www.sno.co.uk/ski-holidays/chalet-les-sources-de-l-is-re_19048/
Simply Val d'Isère,sno-chalet-orca,Chalet Orca,unknown (sold via Sno),Le Fornet,no,https://www.sno.co.uk/ski-holidays/chalet-orca_22495/
Sno,sno-chalet-orca,Chalet Orca,unknown (sold via Sno),Le Fornet,no,https://www.sno.co.uk/ski-holidays/chalet-orca_22495/
allChalets,sno-chalet-orca,Chalet Orca,unknown (sold via Sno),Le Fornet,no,https://www.sno.co.uk/ski-holidays/chalet-orca_22495/
Simply Val d'Isère,sno-chalet-orso,Chalet Orso,unknown (sold via Sno),Le Fornet,no,https://www.sno.co.uk/ski-holidays/chalet-orso_21783/
Sno,sno-chalet-orso,Chalet Orso,unknown (sold via Sno),Le Fornet,no,https://www.sno.co.uk/ski-holidays/chalet-orso_21783/
allChalets,sno-chalet-orso,Chalet Orso,unknown (sold via Sno),Le Fornet,no,https://www.sno.co.uk/ski-holidays/chalet-orso_21783/
Simply Val d'Isère,simplyvaldisere-chalet-rive-gauche,Chalet Rive Gauche,unknown (sold via Simply Val d'Isère),Le Fornet,no,https://www.simplyvaldisere.com/accom/le-fornet-laisinant/chalet-rive-gauche-10
Simply Val d'Isère,build-my-ski-trip-chalet-sarire,Chalet Sarire,Build My Ski Trip,Le Fornet,no,https://www.simplyvaldisere.com/accom/le-fornet-laisinant/chalet-sarire-16
Ski Line,build-my-ski-trip-chalet-sarire,Chalet Sarire,Build My Ski Trip,Le Fornet,no,https://www.simplyvaldisere.com/accom/le-fornet-laisinant/chalet-sarire-16
Simply Val d'Isère,build-my-ski-trip-chalet-vanoise,Chalet Vanoise,Build My Ski Trip,Le Fornet,no,https://www.simplyvaldisere.com/accom/le-fornet-laisinant/chalet-vanoise-12-14
Simply Val d'Isère,simplyvaldisere-chalet-vieux-pont,Chalet Vieux Pont,unknown (sold via Simply Val d'Isère),Le Fornet,no,https://www.simplyvaldisere.com/accom/le-fornet-laisinant/chalet-vieux-pont-10
Tignes Réservation,tignes-reservation-1-bedroom-4-people-apartment-201-residence-freddie,1 BEDROOM 4 PEOPLE APARTMENT 201 - RESIDENCE FREDDIE,,Tignes 1800,no,https://booking.tignes.net/1-bedroom-4-people-apartment-201-residence-freddie-tignes-1800-avp001.html
Tignes Réservation,tignes-reservation-1-bedroom-4-people-apartment-202-residence-freddie,1 BEDROOM 4 PEOPLE APARTMENT 202 - RESIDENCE FREDDIE,,Tignes 1800,no,https://booking.tignes.net/1-bedroom-4-people-apartment-202-residence-freddie-tignes-1800-avp002.html
Tignes Réservation,tignes-reservation-1-bedroom-4-people-mezzanine-les-olymiques-361,1 BEDROOM 4 PEOPLE Mezzanine LES OLYMIQUES 361,,Tignes 1800,no,https://booking.tignes.net/1-bedroom-4-people-mezzanine-les-olymiques-361-tignes-1800-lesolympiques361.html
Tignes Réservation,tignes-reservation-1-bedroom-5-people-apartment-206-residence-freddie,1 BEDROOM 5 PEOPLE APARTMENT 206 - RESIDENCE FREDDIE,,Tignes 1800,no,https://booking.tignes.net/1-bedroom-5-people-apartment-206-residence-freddie-tignes-1800-avp006.html
Tignes Réservation,tignes-reservation-1-bedroom-6-people-apartment-203-residence-freddie,1 BEDROOM 6 PEOPLE APARTMENT 203 - RESIDENCE FREDDIE,,Tignes 1800,no,https://booking.tignes.net/1-bedroom-6-people-apartment-203-residence-freddie-tignes-1800-avp003.html
Tignes Réservation,tignes-reservation-1-bedroom-apartment-4-people-cgh-residence-spa-le-kalinda,1 BEDROOM APARTMENT 4 PEOPLE CGH RESIDENCE & SPA - LE KALINDA,,Tignes 1800,no,https://booking.tignes.net/1-bedroom-apartment-4-people-cgh-residence-spa-le-kalinda-tignes-1800-2p4kalinda.html
Tignes Réservation,tignes-reservation-1-bedroom-apartment-4-people-cgh-residence-spa-le-lodge-des-n,1 BEDROOM APARTMENT 4 PEOPLE CGH RESIDENCE & SPA - LE LODGE DES NEIGES,,Tignes 1800,no,https://booking.tignes.net/1-bedroom-apartment-4-people-cgh-residence-spa-le-lodge-des-neiges-tignes-1800-2p4lodgedesneiges.html
Tignes Réservation,tignes-reservation-1-bedroom-apartment-4-people-comfort-plus,1 BEDROOM APARTMENT 4 PEOPLE COMFORT PLUS,,Tignes 1800,no,https://booking.tignes.net/1-bedroom-apartment-4-people-comfort-plus-tignes-1800-2p4confortplusmmvaltaviva.html
Tignes Réservation,tignes-reservation-1-bedroom-apartment-4-people-comfort-residence-altaviva,1 BEDROOM APARTMENT 4 PEOPLE COMFORT RESIDENCE ALTAVIVA,,Tignes 1800,no,https://booking.tignes.net/1-bedroom-apartment-4-people-comfort-residence-altaviva-tignes-1800-2p4confortmmvaltaviva.html
Tignes Réservation,tignes-reservation-1-bedroom-apartment-4-people-olympiques-119,1 BEDROOM APARTMENT 4 PEOPLE OLYMPIQUES 119,,Tignes 1800,no,https://booking.tignes.net/1-bedroom-apartment-4-people-olympiques-119-tignes-1800-fr73518609.html
Tignes Réservation,tignes-reservation-1-bedroom-apartment-4-people-olympiques-12,1 BEDROOM APARTMENT 4 PEOPLE OLYMPIQUES 12,,Tignes 1800,no,https://booking.tignes.net/1-bedroom-apartment-4-people-olympiques-12-tignes-1800-fr73518604.html
Tignes Réservation,tignes-reservation-1-bedroom-apartment-4-people-olympiques-240,1 BEDROOM APARTMENT 4 PEOPLE OLYMPIQUES 240,,Tignes 1800,no,https://booking.tignes.net/1-bedroom-apartment-4-people-olympiques-240-tignes-1800-fr735186010.html
Tignes Réservation,tignes-reservation-1-bedroom-duplex-apartment-4-people-residence-cgh-le-kalinda,1 BEDROOM DUPLEX APARTMENT 4 PEOPLE RESIDENCE CGH LE KALINDA,,Tignes 1800,no,https://booking.tignes.net/1-bedroom-duplex-apartment-4-people-residence-cgh-le-kalinda-tignes-1800-2d4kalinda.html
Tignes Réservation,tignes-reservation-1-duplex-4-people-apartment-201-residence-freddie,1 DUPLEX 4 PEOPLE APARTMENT 201 - RESIDENCE FREDDIE,,Tignes 1800,no,https://booking.tignes.net/1-duplex-4-people-apartment-201-residence-freddie-tignes-1800-avp008.html
Tignes Réservation,tignes-reservation-2-bedroom-duplex-7-people-apartment-308-residence-freddie,2 BEDROOM DUPLEX 7 PEOPLE APARTMENT 308 - RESIDENCE FREDDIE,,Tignes 1800,no,https://booking.tignes.net/2-bedroom-duplex-7-people-apartment-308-residence-freddie-tignes-1800-avp014.html
Tignes Réservation,tignes-reservation-2-bedrooms-apartment-5-people-lodge-des-neiges-c01,2 BEDROOMS APARTMENT 5 PEOPLE LODGE DES NEIGES C01,,Tignes 1800,no,https://booking.tignes.net/2-bedrooms-apartment-5-people-lodge-des-neiges-c01-tignes-1800-ldnc01.html
Tignes Réservation,tignes-reservation-2-bedrooms-apartment-6-people-cgh-residence-spa-le-lodge-des-,2 BEDROOMS APARTMENT 6 PEOPLE CGH RESIDENCE & SPA - LE LODGE DES NEIGES,,Tignes 1800,no,https://booking.tignes.net/2-bedrooms-apartment-6-people-cgh-residence-spa-le-lodge-des-neiges-tignes-1800-3p6lodgedesneiges.html
Tignes Réservation,tignes-reservation-2-bedrooms-apartment-6-people-comfort-plus-residence-altaviva,2 BEDROOMS APARTMENT 6 PEOPLE COMFORT PLUS RESIDENCE ALTAVIVA,,Tignes 1800,no,https://booking.tignes.net/2-bedrooms-apartment-6-people-comfort-plus-residence-altaviva-tignes-1800-3p6confortplusmmvaltaviva.html
Tignes Réservation,tignes-reservation-2-bedrooms-apartment-6-people-comfort-residence-altaviva,2 BEDROOMS APARTMENT 6 PEOPLE COMFORT RESIDENCE ALTAVIVA,,Tignes 1800,no,https://booking.tignes.net/2-bedrooms-apartment-6-people-comfort-residence-altaviva-tignes-1800-3p6confortmmvaltaviva.html
Tignes Réservation,tignes-reservation-2-bedrooms-apartment-6-people-family-residence-altaviva,2 BEDROOMS APARTMENT 6 PEOPLE FAMILY RESIDENCE ALTAVIVA,,Tignes 1800,no,https://booking.tignes.net/2-bedrooms-apartment-6-people-family-residence-altaviva-tignes-1800-3p6famillemmvaltaviva.html
Tignes Réservation,tignes-reservation-2-bedrooms-apartment-6-people-lodge-des-neiges-c19,2 BEDROOMS APARTMENT 6 PEOPLE LODGE DES NEIGES C19,,Tignes 1800,no,https://booking.tignes.net/2-bedrooms-apartment-6-people-lodge-des-neiges-c19-tignes-1800-ldnc19.html
Tignes Réservation,tignes-reservation-2-bedrooms-apartment-6-people-premium-residence-altaviva,2 BEDROOMS APARTMENT 6 PEOPLE PREMIUM RESIDENCE ALTAVIVA,,Tignes 1800,no,https://booking.tignes.net/2-bedrooms-apartment-6-people-premium-residence-altaviva-tignes-1800-3p6premiummmvaltaviva.html
Tignes Réservation,tignes-reservation-2-bedrooms-apartment-8-people-lodge-des-neiges-c06,2 BEDROOMS APARTMENT 8 PEOPLE LODGE DES NEIGES C06,,Tignes 1800,no,https://booking.tignes.net/2-bedrooms-apartment-8-people-lodge-des-neiges-c06-tignes-1800-ldnc06.html
Tignes Réservation,tignes-reservation-2-bedrooms-apartment-gold-6-people-cgh-residence-spa-le-kalin,2 BEDROOMS APARTMENT GOLD 6 PEOPLE CGH RESIDENCE & SPA - LE KALINDA,,Tignes 1800,no,https://booking.tignes.net/2-bedrooms-apartment-gold-6-people-cgh-residence-spa-le-kalinda-tignes-1800-3p6okalinda.html
Tignes Réservation,tignes-reservation-2-bedrooms-apartment-silver-6-people-cgh-residence-spa-le-kal,2 BEDROOMS APARTMENT SILVER 6 PEOPLE CGH RESIDENCE & SPA - LE KALINDA,,Tignes 1800,no,https://booking.tignes.net/2-bedrooms-apartment-silver-6-people-cgh-residence-spa-le-kalinda-tignes-1800-3p6akalinda.html
Tignes Réservation,tignes-reservation-2-bedrooms-cabin-apartment-6-people-cgh-residence-spa-le-lodg,2 BEDROOMS CABIN APARTMENT 6 PEOPLE CGH RESIDENCE & SPA - LE LODGE DES NEIGES,,Tignes 1800,no,https://booking.tignes.net/2-bedrooms-cabin-apartment-6-people-cgh-residence-spa-le-lodge-des-neiges-tignes-1800-3c6lodgedesneiges.html
Tignes Réservation,tignes-reservation-2-bedrooms-duplex-apartment-6-people-cgh-residence-spa-le-lod,2 BEDROOMS DUPLEX APARTMENT 6 PEOPLE CGH RESIDENCE & SPA - LE LODGE DES NEIGES,,Tignes 1800,no,https://booking.tignes.net/2-bedrooms-duplex-apartment-6-people-cgh-residence-spa-le-lodge-des-neiges-tignes-1800-3d6lodgedesneiges.html
Tignes Réservation,tignes-reservation-3-bedrooms-apartment-8-peole-plus-residence-altaviva,3 BEDROOMS APARTMENT 8 PEOLE PLUS RESIDENCE ALTAVIVA,,Tignes 1800,no,https://booking.tignes.net/3-bedrooms-apartment-8-peole-plus-residence-altaviva-tignes-1800-4p8plusmmvaltaviva.html
Tignes Réservation,tignes-reservation-3-bedrooms-apartment-8-people-cgh-residence-spa-le-kalinda,3 BEDROOMS APARTMENT 8 PEOPLE CGH RESIDENCE & SPA - LE KALINDA,,Tignes 1800,no,https://booking.tignes.net/3-bedrooms-apartment-8-people-cgh-residence-spa-le-kalinda-tignes-1800-4p8kalinda.html
Tignes Réservation,tignes-reservation-3-bedrooms-apartment-8-people-cgh-residence-spa-le-lodge-des-,3 BEDROOMS APARTMENT 8 PEOPLE CGH RESIDENCE & SPA - LE LODGE DES NEIGES,,Tignes 1800,no,https://booking.tignes.net/3-bedrooms-apartment-8-people-cgh-residence-spa-le-lodge-des-neiges-tignes-1800-4p8lodgedesneiges.html
Tignes Réservation,tignes-reservation-3-bedrooms-apartment-8-people-lodge-des-neiges-c12,3 BEDROOMS APARTMENT 8 PEOPLE LODGE DES NEIGES C12,,Tignes 1800,no,https://booking.tignes.net/3-bedrooms-apartment-8-people-lodge-des-neiges-c12-tignes-1800-ldnc12.html
Tignes Réservation,tignes-reservation-3-bedrooms-apartment-8-people-premium-residence-altaviva,3 BEDROOMS APARTMENT 8 PEOPLE PREMIUM RESIDENCE ALTAVIVA,,Tignes 1800,no,https://booking.tignes.net/3-bedrooms-apartment-8-people-premium-residence-altaviva-tignes-1800-4p6premiummmvaltaviva.html
Tignes Réservation,tignes-reservation-3-bedrooms-apartment-8-people-residence-altaviva,3 BEDROOMS APARTMENT 8 PEOPLE RESIDENCE ALTAVIVA,,Tignes 1800,no,https://booking.tignes.net/3-bedrooms-apartment-8-people-residence-altaviva-tignes-1800-4p8mmvaltaviva.html
Tignes Réservation,tignes-reservation-3-bedrooms-duplex-apartment-8-people-cgh-residence-spa-le-kal,3 BEDROOMS DUPLEX APARTMENT 8 PEOPLE CGH RESIDENCE & SPA - LE KALINDA,,Tignes 1800,no,https://booking.tignes.net/3-bedrooms-duplex-apartment-8-people-cgh-residence-spa-le-kalinda-tignes-1800-4d8kalinda.html
Tignes Réservation,tignes-reservation-3-bedrooms-duplex-apartment-8-people-cgh-residence-spa-le-lod,3 BEDROOMS DUPLEX APARTMENT 8 PEOPLE CGH RESIDENCE & SPA - LE LODGE DES NEIGES,,Tignes 1800,no,https://booking.tignes.net/3-bedrooms-duplex-apartment-8-people-cgh-residence-spa-le-lodge-des-neiges-tignes-1800-4d8lodgedesneiges.html
Tignes Réservation,tignes-reservation-4-bedrooms-apartment-10-people-lodge-des-neiges-c15,4 BEDROOMS APARTMENT 10 PEOPLE LODGE DES NEIGES C15,,Tignes 1800,no,https://booking.tignes.net/4-bedrooms-apartment-10-people-lodge-des-neiges-c15-tignes-1800-ldnc15.html
Tignes Réservation,tignes-reservation-4-bedrooms-apartment-8-people-lodge-des-neiges-c20,4 BEDROOMS APARTMENT 8 PEOPLE LODGE DES NEIGES C20,,Tignes 1800,no,https://booking.tignes.net/4-bedrooms-apartment-8-people-lodge-des-neiges-c20-tignes-1800-ldnc20.html
Tignes Réservation,tignes-reservation-4-bedrooms-apartment-lodge-des-neiges-c-14,4 BEDROOMS APARTMENT LODGE DES NEIGES C 14,,Tignes 1800,no,https://booking.tignes.net/4-bedrooms-apartment-lodge-des-neiges-c-14-tignes-1800-ldnc14.html
Tignes Réservation,tignes-reservation-4-bedrooms-duplex-apartment-10-people-cgh-residence-spa-le-ka,4 BEDROOMS DUPLEX APARTMENT 10 PEOPLE CGH RESIDENCE & SPA - LE KALINDA,,Tignes 1800,no,https://booking.tignes.net/4-bedrooms-duplex-apartment-10-people-cgh-residence-spa-le-kalinda-tignes-1800-5d10kalinda.html
Tignes Réservation,tignes-reservation-4-bedrooms-duplex-apartment-10-people-cgh-residence-spa-le-lo,4 BEDROOMS DUPLEX APARTMENT 10 PEOPLE CGH RESIDENCE & SPA - LE LODGE DES NEIGES,,Tignes 1800,no,https://booking.tignes.net/4-bedrooms-duplex-apartment-10-people-cgh-residence-spa-le-lodge-des-neiges-tignes-1800-5d10lodgedesneiges.html
Tignes Réservation,tignes-reservation-6-bedroom-13-people-chalet-merveilles,6 BEDROOM 13 PEOPLE CHALET MERVEILLES,,Tignes 1800,no,https://booking.tignes.net/6-bedroom-13-people-chalet-merveilles-tignes-1800-avp001.html
Tignes Réservation,tignes-reservation-6-bedroom-13-people-chalet-monts,6 BEDROOM 13 PEOPLE CHALET MONTS,,Tignes 1800,no,https://booking.tignes.net/6-bedroom-13-people-chalet-monts-tignes-1800-avp001.html
allChalets,allchalets-chalet-des-neiges-iii,Chalet des Neiges III,unknown (owner/agency listing on allChalets),Tignes 1800,no,https://www.allchalets.com/holiday-rentals/28965-apartment-in-tignes-les-boisses-france
allChalets,allchalets-chalet-des-neiges-iv,Chalet des Neiges IV,unknown (owner/agency listing on allChalets),Tignes 1800,no,https://www.allchalets.com/holiday-rentals/28972-apartment-in-tignes-les-boisses-france
allChalets,allchalets-chalet-des-neiges-v,Chalet des Neiges V,private advertiser on allChalets (enquiry contact: Martin Bright); sibling listings Chalet des Neiges III & IV in same residence,Tignes 1800,yes,https://www.allchalets.com/holiday-rentals/23957-apartment-in-tignes-les-boisses-france
Tignes Réservation,tignes-reservation-studio-2-people-apartment-204-residence-freddie,STUDIO 2 PEOPLE APARTMENT 204 - RESIDENCE FREDDIE,,Tignes 1800,no,https://booking.tignes.net/studio-2-people-apartment-204-residence-freddie-tignes-1800-avp004.html
Tignes Réservation,tignes-reservation-studio-2-people-apartment-205-residence-freddie,STUDIO 2 PEOPLE APARTMENT 205 - RESIDENCE FREDDIE,,Tignes 1800,no,https://booking.tignes.net/studio-2-people-apartment-205-residence-freddie-tignes-1800-avp005.html
Tignes Réservation,tignes-reservation-studio-2-people-apartment-306-residence-freddie,STUDIO 2 PEOPLE APARTMENT 306 - RESIDENCE FREDDIE,,Tignes 1800,no,https://booking.tignes.net/studio-2-people-apartment-306-residence-freddie-tignes-1800-avp012.html
Tignes Réservation,tignes-reservation-studio-2-people-apartment-307-residence-freddie,STUDIO 2 PEOPLE APARTMENT 307- RESIDENCE FREDDIE,,Tignes 1800,no,https://booking.tignes.net/studio-2-people-apartment-307-residence-freddie-tignes-1800-avp013.html
Tignes Réservation,tignes-reservation-studio-cabin-5-people-olympiques-4,STUDIO CABIN 5 PEOPLE OLYMPIQUES 4,,Tignes 1800,no,https://booking.tignes.net/studio-cabin-5-people-olympiques-4-tignes-1800-tiol004.html
Tignes Réservation,tignes-reservation-studio-cabine-4-people-grand-ski-1,STUDIO CABINE 4 PEOPLE GRAND SKI 1,,Tignes 1800,no,https://booking.tignes.net/studio-cabine-4-people-grand-ski-1-tignes-1800-grandski1.html
Tignes Réservation,tignes-reservation-1-bedroom-apartment-cabin-8-people-chaudes-108,1 BEDROOM APARTMENT CABIN 8 PEOPLE CHAUDES 108,,Tignes Le Lac,no,https://booking.tignes.net/1-bedroom-apartment-cabin-8-people-chaudes-108-tignes-le-lac-les-almes-ticalmes108.html
Tignes Réservation,tignes-reservation-1-bedroom-cabin-apartment-10-people-bec-rouge-853,1 BEDROOM CABIN APARTMENT 10 PEOPLE BEC ROUGE 853,,Tignes Le Lac,no,https://booking.tignes.net/1-bedroom-cabin-apartment-10-people-bec-rouge-853-tignes-le-lac-le-bec-rouge-tibec853.html
Tignes Réservation,tignes-reservation-1-bedroom-cabin-apartment-8-people-bec-rouge-933,1 BEDROOM CABIN APARTMENT 8 PEOPLE BEC ROUGE 933,,Tignes Le Lac,no,https://booking.tignes.net/1-bedroom-cabin-apartment-8-people-bec-rouge-933-tignes-le-lac-le-bec-rouge-71.html
Tignes Réservation,tignes-reservation-2-bedrooms-10-people-apartment-1-residence-almes-1,2 BEDROOMS 10 PEOPLE APARTMENT 1 - RESIDENCE ALMES 1,,Tignes Le Lac,no,https://booking.tignes.net/2-bedrooms-10-people-apartment-1-residence-almes-1-tignes-le-lac-les-almes-avp002.html
Tignes Réservation,tignes-reservation-2-bedrooms-8-people-apartment-10-residence-cap-neige,2 BEDROOMS 8 PEOPLE APARTMENT 10 - RESIDENCE CAP NEIGE,,Tignes Le Lac,no,https://booking.tignes.net/2-bedrooms-8-people-apartment-10-residence-cap-neige-tignes-le-lac-le-rosset-avp004.html
Tignes Réservation,tignes-reservation-2-bedrooms-8-people-apartment-21-residence-cap-neige,2 BEDROOMS 8 PEOPLE APARTMENT 21 - RESIDENCE CAP NEIGE,,Tignes Le Lac,no,https://booking.tignes.net/2-bedrooms-8-people-apartment-21-residence-cap-neige-tignes-le-lac-le-rosset-avp006.html
Tignes Réservation,tignes-reservation-2-bedrooms-8-people-apartment-3-residence-almes-1,2 BEDROOMS 8 PEOPLE APARTMENT 3 - RESIDENCE ALMES 1,,Tignes Le Lac,no,https://booking.tignes.net/2-bedrooms-8-people-apartment-3-residence-almes-1-tignes-le-lac-les-almes-avp004.html
Tignes Réservation,tignes-reservation-2-bedrooms-8-people-apartment-6-residence-almes-1,2 BEDROOMS 8 PEOPLE APARTMENT 6 - RESIDENCE ALMES 1,,Tignes Le Lac,no,https://booking.tignes.net/2-bedrooms-8-people-apartment-6-residence-almes-1-tignes-le-lac-les-almes-avp007.html
Tignes Réservation,tignes-reservation-2-bedrooms-8-people-bec-rouge-913,2 BEDROOMS 8 PEOPLE BEC ROUGE 913,,Tignes Le Lac,no,https://booking.tignes.net/2-bedrooms-8-people-bec-rouge-913-tignes-le-lac-le-bec-rouge-becrouge913.html
Tignes Réservation,tignes-reservation-2-bedrooms-8-people-palafour-1103,2 BEDROOMS 8 PEOPLE PALAFOUR 1103,,Tignes Le Lac,no,https://booking.tignes.net/2-bedrooms-8-people-palafour-1103-tignes-le-lac-le-bec-rouge-palaf1103.html
Tignes Réservation,tignes-reservation-2-bedrooms-9-people-apartment-7-residence-almes-1,2 BEDROOMS 9 PEOPLE APARTMENT 7 - RESIDENCE ALMES 1,,Tignes Le Lac,no,https://booking.tignes.net/2-bedrooms-9-people-apartment-7-residence-almes-1-tignes-le-lac-les-almes-avp008.html
Tignes Réservation,tignes-reservation-2-bedrooms-apartment-8-people-bec-rouge-133,2 BEDROOMS APARTMENT 8 PEOPLE BEC ROUGE 133,,Tignes Le Lac,no,https://booking.tignes.net/2-bedrooms-apartment-8-people-bec-rouge-133-tignes-le-lac-le-bec-rouge-bec133r.html
Tignes Réservation,tignes-reservation-2-bedrooms-apartment-8-people-bec-rouge-453,2 BEDROOMS APARTMENT 8 PEOPLE BEC ROUGE 453,,Tignes Le Lac,no,https://booking.tignes.net/2-bedrooms-apartment-8-people-bec-rouge-453-tignes-le-lac-le-bec-rouge-bec453r.html
Tignes Réservation,tignes-reservation-2-bedrooms-apartment-8-people-bec-rouge-601,2 BEDROOMS APARTMENT 8 PEOPLE BEC ROUGE 601,,Tignes Le Lac,no,https://booking.tignes.net/2-bedrooms-apartment-8-people-bec-rouge-601-tignes-le-lac-le-bec-rouge-tibec601.html
Tignes Réservation,tignes-reservation-2-bedrooms-apartment-8-people-bec-rouge-621,2 BEDROOMS APARTMENT 8 PEOPLE BEC ROUGE 621,,Tignes Le Lac,no,https://booking.tignes.net/2-bedrooms-apartment-8-people-bec-rouge-621-tignes-le-lac-le-bec-rouge-becrouge621.html
Tignes Réservation,tignes-reservation-2-bedrooms-apartment-8-people-bec-rouge-671,2 BEDROOMS APARTMENT 8 PEOPLE BEC ROUGE 671,,Tignes Le Lac,no,https://booking.tignes.net/2-bedrooms-apartment-8-people-bec-rouge-671-tignes-le-lac-le-bec-rouge-fr73514802.html
Tignes Réservation,tignes-reservation-2-bedrooms-apartment-8-people-bec-rouge-951,2 BEDROOMS APARTMENT 8 PEOPLE BEC ROUGE 951,,Tignes Le Lac,no,https://booking.tignes.net/2-bedrooms-apartment-8-people-bec-rouge-951-tignes-le-lac-le-bec-rouge-fr735148010.html
Tignes Réservation,tignes-reservation-2-bedrooms-apartment-8-people-chalet-le-blanchot,2 BEDROOMS APARTMENT 8 PEOPLE CHALET LE BLANCHOT,,Tignes Le Lac,no,https://booking.tignes.net/2-bedrooms-apartment-8-people-chalet-le-blanchot-tignes-le-lac-le-bec-rouge-chaletleblanchot.html
Tignes Réservation,tignes-reservation-2-bedrooms-apartment-8-people-chalet-marmotte-chalet-la-marmo,2 BEDROOMS APARTMENT 8 PEOPLE CHALET MARMOTTE (Chalet La Marmotte),,Tignes Le Lac,no,https://booking.tignes.net/2-bedrooms-apartment-8-people-chalet-marmotte-tignes-le-lac-le-rosset-marmotte.html
Tignes Réservation,tignes-reservation-2-bedrooms-apartment-8-people-ducs-de-savoie-52-54,2 BEDROOMS APARTMENT 8 PEOPLE DUCS DE SAVOIE 52-54,,Tignes Le Lac,no,https://booking.tignes.net/2-bedrooms-apartment-8-people-ducs-de-savoie-52-54-tignes-le-lac-le-bec-rouge-ducsav5254.html
Tignes Réservation,tignes-reservation-2-bedrooms-apartment-8-people-palafour-1102,2 BEDROOMS APARTMENT 8 PEOPLE PALAFOUR 1102,,Tignes Le Lac,no,https://booking.tignes.net/2-bedrooms-apartment-8-people-palafour-1102-tignes-le-lac-le-bec-rouge-palaf1102.html
Tignes Réservation,tignes-reservation-2-bedrooms-apartment-8-people-palafour-901,2 BEDROOMS APARTMENT 8 PEOPLE PALAFOUR 901,,Tignes Le Lac,no,https://booking.tignes.net/2-bedrooms-apartment-8-people-palafour-901-tignes-le-lac-le-bec-rouge-palaf901.html
Tignes Réservation,tignes-reservation-2-bedrooms-apartment-8-people-premou-a1,2 BEDROOMS APARTMENT 8 PEOPLE PREMOU A1,,Tignes Le Lac,no,https://booking.tignes.net/2-bedrooms-apartment-8-people-premou-a1-tignes-le-lac-le-bec-rouge-86.html
Tignes Réservation,tignes-reservation-2-bedrooms-apartment-9-people-bec-rouge-941,2 BEDROOMS APARTMENT 9 PEOPLE BEC ROUGE 941,,Tignes Le Lac,no,https://booking.tignes.net/2-bedrooms-apartment-9-people-bec-rouge-941-tignes-le-lac-le-bec-rouge-tibec941-1.html
Tignes Réservation,tignes-reservation-2-bedrooms-apartment-bec-rouge-951,2 BEDROOMS APARTMENT BEC ROUGE 951,,Tignes Le Lac,no,https://booking.tignes.net/2-bedrooms-apartment-bec-rouge-951-tignes-le-lac-le-bec-rouge-becrouge951.html
Tignes Réservation,tignes-reservation-2-bedrooms-apartment-lac-16,2 BEDROOMS APARTMENT LAC 16,,Tignes Le Lac,no,https://booking.tignes.net/2-bedrooms-apartment-lac-16-tignes-le-lac-le-bec-rouge-lac016r.html
Tignes Réservation,tignes-reservation-2-bedrooms-cabin-apartment-8-people-palafour-lodge-1,2 BEDROOMS CABIN APARTMENT 8 PEOPLE PALAFOUR LODGE 1,,Tignes Le Lac,no,https://booking.tignes.net/2-bedrooms-cabin-apartment-8-people-palafour-lodge-1-tignes-le-lac-le-bec-rouge-palafourlodge1.html
Tignes Réservation,tignes-reservation-2-bedrooms-cabin-apartment-8-people-palafour-lodge-4,2 BEDROOMS CABIN APARTMENT 8 PEOPLE PALAFOUR LODGE 4,,Tignes Le Lac,no,https://booking.tignes.net/2-bedrooms-cabin-apartment-8-people-palafour-lodge-4-tignes-le-lac-le-bec-rouge-palafourlodge4.html
Tignes Réservation,tignes-reservation-2-bedrooms-duplex-with-mezzanine-8-people-apartment-80-reside,2 BEDROOMS DUPLEX WITH MEZZANINE 8 PEOPLE APARTMENT 80 -RESIDENCE DENALI,,Tignes Le Lac,no,https://booking.tignes.net/2-bedrooms-duplex-with-mezzanine-8-people-apartment-80-residence-denali-tignes-le-lac-le-rosset-avp010.html
Tignes Réservation,tignes-reservation-2-bedrooms-mezzanine-8-people-apartment-30-residence-cap-neig,2 BEDROOMS MEZZANINE 8 PEOPLE APARTMENT 30 - RESIDENCE CAP NEIGE,,Tignes Le Lac,no,https://booking.tignes.net/2-bedrooms-mezzanine-8-people-apartment-30-residence-cap-neige-tignes-le-lac-le-rosset-avp009.html
Tignes Réservation,tignes-reservation-3-bedroom-apartment-cabin-8-people-les-myrtilles-02,3 BEDROOM APARTMENT + CABIN 8 PEOPLE LES MYRTILLES 02,,Tignes Le Lac,no,https://booking.tignes.net/3-bedroom-apartment-cabin-8-people-les-myrtilles-02-tignes-le-lac-les-almes-timyrt02.html
Tignes Réservation,tignes-reservation-3-bedrooms-10-people-apartment-10-residence-almes-1,3 BEDROOMS 10 PEOPLE APARTMENT 10 - RESIDENCE ALMES 1,,Tignes Le Lac,no,https://booking.tignes.net/3-bedrooms-10-people-apartment-10-residence-almes-1-tignes-le-lac-les-almes-avp011.html
Tignes Réservation,tignes-reservation-3-bedrooms-10-people-apartment-8-residence-almes-1,3 BEDROOMS 10 PEOPLE APARTMENT 8 - RESIDENCE ALMES 1,,Tignes Le Lac,no,https://booking.tignes.net/3-bedrooms-10-people-apartment-8-residence-almes-1-tignes-le-lac-les-almes-avp009.html
Tignes Réservation,tignes-reservation-3-bedrooms-8-people-residence-denali,3 BEDROOMS 8 PEOPLE - RESIDENCE DENALI,,Tignes Le Lac,no,https://booking.tignes.net/3-bedrooms-8-people-residence-denali-tignes-le-lac-le-rosset-avp008.html
Tignes Réservation,tignes-reservation-3-bedrooms-8-people-residence-denali-g-rtdenali-avp009,3 BEDROOMS 8 PEOPLE - RESIDENCE DENALI,,Tignes Le Lac,no,https://booking.tignes.net/3-bedrooms-8-people-residence-denali-tignes-le-lac-le-rosset-avp009.html
Tignes Réservation,tignes-reservation-3-bedrooms-8-people-residence-denali-g-rtdenali-avp007,3 BEDROOMS 8 PEOPLE - RESIDENCE DENALI,,Tignes Le Lac,no,https://booking.tignes.net/3-bedrooms-8-people-residence-denali-tignes-le-lac-le-rosset-avp007.html
Tignes Réservation,tignes-reservation-3-bedrooms-8-people-apartment-1-residence-cap-neige,3 BEDROOMS 8 PEOPLE APARTMENT 1 - RESIDENCE CAP NEIGE,,Tignes Le Lac,no,https://booking.tignes.net/3-bedrooms-8-people-apartment-1-residence-cap-neige-tignes-le-lac-le-rosset-avp002.html
Tignes Réservation,tignes-reservation-3-bedrooms-8-people-apartment-1-residence-yeti,3 BEDROOMS 8 PEOPLE APARTMENT 1 - RESIDENCE YETI,,Tignes Le Lac,no,https://booking.tignes.net/3-bedrooms-8-people-apartment-1-residence-yeti-tignes-le-lac-les-almes-avp001.html
Tignes Réservation,tignes-reservation-3-bedrooms-8-people-apartment-2-1-residence-yeti,3 BEDROOMS 8 PEOPLE APARTMENT 2.1 - RESIDENCE YETI,,Tignes Le Lac,no,https://booking.tignes.net/3-bedrooms-8-people-apartment-2-1-residence-yeti-tignes-le-lac-les-almes-avp013.html
Tignes Réservation,tignes-reservation-3-bedrooms-8-people-apartment-3-1-residence-yeti,3 BEDROOMS 8 PEOPLE APARTMENT 3.1 - RESIDENCE YETI,,Tignes Le Lac,no,https://booking.tignes.net/3-bedrooms-8-people-apartment-3-1-residence-yeti-tignes-le-lac-les-almes-avp014.html
Tignes Réservation,tignes-reservation-3-bedrooms-8-people-apartment-31-residence-almes-2,3 BEDROOMS 8 PEOPLE APARTMENT 31 - RESIDENCE ALMES 2,,Tignes Le Lac,no,https://booking.tignes.net/3-bedrooms-8-people-apartment-31-residence-almes-2-tignes-le-lac-les-almes-avp020.html
Tignes Réservation,tignes-reservation-3-bedrooms-8-people-apartment-9-residence-almes-1,3 BEDROOMS 8 PEOPLE APARTMENT 9 - RESIDENCE ALMES 1,,Tignes Le Lac,no,https://booking.tignes.net/3-bedrooms-8-people-apartment-9-residence-almes-1-tignes-le-lac-les-almes-avp010.html
Tignes Réservation,tignes-reservation-3-bedrooms-apartment-10-people-bec-rouge-153,3 BEDROOMS APARTMENT 10 PEOPLE BEC ROUGE 153,,Tignes Le Lac,no,https://booking.tignes.net/3-bedrooms-apartment-10-people-bec-rouge-153-tignes-le-lac-le-bec-rouge-brouge153.html
Tignes Réservation,tignes-reservation-3-bedrooms-apartment-10-people-combe-folle-1b,3 BEDROOMS APARTMENT 10 PEOPLE COMBE FOLLE 1B,,Tignes Le Lac,no,https://booking.tignes.net/3-bedrooms-apartment-10-people-combe-folle-1b-tignes-le-lac-le-bec-rouge-combefolle1b.html
Tignes Réservation,tignes-reservation-3-bedrooms-apartment-10-people-shamrock-2b,3 BEDROOMS APARTMENT 10 PEOPLE SHAMROCK 2B,,Tignes Le Lac,no,https://booking.tignes.net/3-bedrooms-apartment-10-people-shamrock-2b-tignes-le-lac-le-bec-rouge-shamrock2b.html
Tignes Réservation,tignes-reservation-3-bedrooms-apartment-8-people-armaillis-10,3 BEDROOMS APARTMENT 8 PEOPLE ARMAILLIS 10,,Tignes Le Lac,no,https://booking.tignes.net/3-bedrooms-apartment-8-people-armaillis-10-tignes-le-lac-le-bec-rouge-armaillis10.html
Tignes Réservation,tignes-reservation-3-bedrooms-apartment-8-people-cgh-residence-spa-le-telemark,3 BEDROOMS APARTMENT 8 PEOPLE CGH RESIDENCE & SPA –LE TELEMARK,,Tignes Le Lac,no,https://booking.tignes.net/3-bedrooms-apartment-8-people-cgh-residence-spa-le-telemark-tignes-le-lac-les-almes-4p8letelemark.html
Tignes Réservation,tignes-reservation-3-bedrooms-apartment-8-people-combe-folle-3a,3 BEDROOMS APARTMENT 8 PEOPLE COMBE FOLLE 3A,,Tignes Le Lac,no,https://booking.tignes.net/3-bedrooms-apartment-8-people-combe-folle-3a-tignes-le-lac-le-bec-rouge-comfol3a.html
Tignes Réservation,tignes-reservation-3-bedrooms-apartment-8-people-combe-folle-b-1,3 BEDROOMS APARTMENT 8 PEOPLE COMBE FOLLE B 1,,Tignes Le Lac,no,https://booking.tignes.net/3-bedrooms-apartment-8-people-combe-folle-b-1-tignes-le-lac-le-bec-rouge-combefolleb1.html
Tignes Réservation,tignes-reservation-3-bedrooms-apartment-8-people-ducs-de-savoie-23,3 BEDROOMS APARTMENT 8 PEOPLE DUCS DE SAVOIE 23,,Tignes Le Lac,no,https://booking.tignes.net/3-bedrooms-apartment-8-people-ducs-de-savoie-23-tignes-le-lac-le-bec-rouge-131.html
Tignes Réservation,tignes-reservation-3-bedrooms-apartment-8-people-hauts-lieux-a3,3 BEDROOMS APARTMENT 8 PEOPLE HAUTS LIEUX A3,,Tignes Le Lac,no,https://booking.tignes.net/3-bedrooms-apartment-8-people-hauts-lieux-a3-tignes-le-lac-le-rosset-hlieuxa3.html
Tignes Réservation,tignes-reservation-3-bedrooms-apartment-8-people-rosset-305,3 BEDROOMS APARTMENT 8 PEOPLE ROSSET 305,,Tignes Le Lac,no,https://booking.tignes.net/3-bedrooms-apartment-8-people-rosset-305-tignes-le-lac-le-rosset-127.html
Tignes Réservation,tignes-reservation-3-bedrooms-apartment-8-people-shamrock-9,3 BEDROOMS APARTMENT 8 PEOPLE SHAMROCK 9,,Tignes Le Lac,no,https://booking.tignes.net/3-bedrooms-apartment-8-people-shamrock-9-tignes-le-lac-le-bec-rouge-fr73514706.html
Tignes Réservation,tignes-reservation-3-bedrooms-apartment-9-people-phoenix-504,3 BEDROOMS APARTMENT 9 PEOPLE PHOENIX 504,,Tignes Le Lac,no,https://booking.tignes.net/3-bedrooms-apartment-9-people-phoenix-504-tignes-le-lac-le-bec-rouge-phoenix504.html
Tignes Réservation,tignes-reservation-3-bedrooms-cabin-apartment-8-people-palafour-lodge-2,3 BEDROOMS CABIN APARTMENT 8 PEOPLE PALAFOUR LODGE 2,,Tignes Le Lac,no,https://booking.tignes.net/3-bedrooms-cabin-apartment-8-people-palafour-lodge-2-tignes-le-lac-le-bec-rouge-palafourlodge2.html
Tignes Réservation,tignes-reservation-3-bedrooms-cabin-apartment-8-people-residence-village-montana,3 BEDROOMS CABIN APARTMENT 8 PEOPLE RESIDENCE VILLAGE MONTANA AIRELLES,,Tignes Le Lac,no,https://booking.tignes.net/3-bedrooms-cabin-apartment-8-people-residence-village-montana-airelles-tignes-le-lac-les-almes-avp001.html
Tignes Réservation,tignes-reservation-3-bedrooms-chalet-8-people-bobech-1-chalet-bobech,3 BEDROOMS CHALET 8 PEOPLE BOBECH 1 (Chalet Bobech),,Tignes Le Lac,no,https://booking.tignes.net/3-bedrooms-chalet-8-people-bobech-1-tignes-le-lac-les-almes-bobech1.html
Tignes Réservation,tignes-reservation-3-bedrooms-duplex-10-people-apartment-22-residence-cap-neige,3 BEDROOMS DUPLEX 10 PEOPLE APARTMENT 22 - RESIDENCE CAP NEIGE,,Tignes Le Lac,no,https://booking.tignes.net/3-bedrooms-duplex-10-people-apartment-22-residence-cap-neige-tignes-le-lac-le-rosset-avp007.html
Tignes Réservation,tignes-reservation-3-bedrooms-duplex-apartment-8-people-cgh-residence-spa-le-tel,3 BEDROOMS DUPLEX APARTMENT 8 PEOPLE CGH RESIDENCE & SPA –LE TELEMARK,,Tignes Le Lac,no,https://booking.tignes.net/3-bedrooms-duplex-apartment-8-people-cgh-residence-spa-le-telemark-tignes-le-lac-les-almes-4d8letelemark.html
Tignes Réservation,tignes-reservation-3-bedrooms-duplex-with-mezzanine-10-people-apartment-81-resid,3 BEDROOMS DUPLEX WITH MEZZANINE 10 PEOPLE APARTMENT 81 - RESIDENCE DENALI,,Tignes Le Lac,no,https://booking.tignes.net/3-bedrooms-duplex-with-mezzanine-10-people-apartment-81-residence-denali-tignes-le-lac-le-rosset-avp011.html
Tignes Réservation,tignes-reservation-3-pieces-8-personnes-palafour-901-back-office,3 PIECES 8 PERSONNES PALAFOUR 901 BACK OFFICE,,Tignes Le Lac,no,https://booking.tignes.net/3-pieces-8-personnes-palafour-901-back-office-tignes-le-lac-le-bec-rouge-palaf901backoffice.html
Tignes Réservation,tignes-reservation-4-bedrooms-14-people-chalet-canvolan-apt-blnc-des-cimes,4 BEDROOMS 14 PEOPLE CHALET CANVOLAN APT BLNC DES CIMES,,Tignes Le Lac,no,https://booking.tignes.net/4-bedrooms-14-people-chalet-canvolan-apt-blnc-des-cimes-tignes-le-lac-le-bec-rouge-tiblanccimes.html
Tignes Réservation,tignes-reservation-4-bedrooms-8-people-apartment-1-1-residence-yeti,4 BEDROOMS 8 PEOPLE APARTMENT 1.1 - RESIDENCE YETI,,Tignes Le Lac,no,https://booking.tignes.net/4-bedrooms-8-people-apartment-1-1-residence-yeti-tignes-le-lac-les-almes-avp004.html
Tignes Réservation,tignes-reservation-4-bedrooms-9-people-apartment-40-residence-almes-2,4 BEDROOMS 9 PEOPLE APARTMENT 40 - RESIDENCE ALMES 2,,Tignes Le Lac,no,https://booking.tignes.net/4-bedrooms-9-people-apartment-40-residence-almes-2-tignes-le-lac-les-almes-avp021.html
Tignes Réservation,tignes-reservation-4-bedrooms-9-people-apartment-41-residence-almes-2,4 BEDROOMS 9 PEOPLE APARTMENT 41 - RESIDENCE ALMES 2,,Tignes Le Lac,no,https://booking.tignes.net/4-bedrooms-9-people-apartment-41-residence-almes-2-tignes-le-lac-les-almes-avp022.html
Tignes Réservation,tignes-reservation-4-bedrooms-9-people-phoenx-403,4 BEDROOMS 9 PEOPLE PHOENX 403,,Tignes Le Lac,no,https://booking.tignes.net/4-bedrooms-9-people-phoenx-403-tignes-le-lac-le-bec-rouge-phoenix403.html
Tignes Réservation,tignes-reservation-4-bedrooms-9-people-residence-village-montana,4 BEDROOMS 9 PEOPLE RESIDENCE VILLAGE MONTANA,,Tignes Le Lac,no,https://booking.tignes.net/4-bedrooms-9-people-residence-village-montana-tignes-le-lac-les-almes-avp017.html
Tignes Réservation,tignes-reservation-4-bedrooms-apartment-10-people-bec-rouge-005,4 BEDROOMS APARTMENT 10 PEOPLE BEC ROUGE 005,,Tignes Le Lac,no,https://booking.tignes.net/4-bedrooms-apartment-10-people-bec-rouge-005-tignes-le-lac-le-bec-rouge-tibec005.html
Tignes Réservation,tignes-reservation-4-bedrooms-apartment-10-people-bec-rouge-lanterne,4 BEDROOMS APARTMENT 10 PEOPLE BEC ROUGE LANTERNE,,Tignes Le Lac,no,https://booking.tignes.net/4-bedrooms-apartment-10-people-bec-rouge-lanterne-tignes-le-lac-le-bec-rouge-lanterne.html
Tignes Réservation,tignes-reservation-4-bedrooms-apartment-10-people-rosset-405,4 BEDROOMS APARTMENT 10 PEOPLE ROSSET 405,,Tignes Le Lac,no,https://booking.tignes.net/4-bedrooms-apartment-10-people-rosset-405-tignes-le-lac-le-rosset-109.html
Tignes Réservation,tignes-reservation-4-bedrooms-apartment-10-people-shamrock-30,4 BEDROOMS APARTMENT 10 PEOPLE SHAMROCK 30,,Tignes Le Lac,no,https://booking.tignes.net/4-bedrooms-apartment-10-people-shamrock-30-tignes-le-lac-le-bec-rouge-fr73514705.html
Tignes Réservation,tignes-reservation-4-bedrooms-apartment-12-people-armaills-6,4 BEDROOMS APARTMENT 12 PEOPLE ARMAILLS 6,,Tignes Le Lac,no,https://booking.tignes.net/4-bedrooms-apartment-12-people-armaills-6-tignes-le-lac-le-bec-rouge-armaillis6.html
Tignes Réservation,tignes-reservation-4-bedrooms-apartment-12-people-chalet-millonex-01,4 BEDROOMS APARTMENT 12 PEOPLE CHALET MILLONEX 01,,Tignes Le Lac,no,https://booking.tignes.net/4-bedrooms-apartment-12-people-chalet-millonex-01-tignes-le-lac-le-bec-rouge-tichami01.html
Tignes Réservation,tignes-reservation-4-bedrooms-apartment-8-people-chalet-les-martins-4,4 BEDROOMS APARTMENT 8 PEOPLE CHALET LES MARTINS 4,,Tignes Le Lac,no,https://booking.tignes.net/4-bedrooms-apartment-8-people-chalet-les-martins-4-tignes-le-lac-les-almes-lesmartins4.html
Tignes Réservation,tignes-reservation-4-bedrooms-apartment-8-people-phoenix-201,4 BEDROOMS APARTMENT 8 PEOPLE PHOENIX 201,,Tignes Le Lac,no,https://booking.tignes.net/4-bedrooms-apartment-8-people-phoenix-201-tignes-le-lac-le-bec-rouge-phoenix201.html
Tignes Réservation,tignes-reservation-4-bedrooms-apartment-8-people-phoenix-301,4 BEDROOMS APARTMENT 8 PEOPLE PHOENIX 301,,Tignes Le Lac,no,https://booking.tignes.net/4-bedrooms-apartment-8-people-phoenix-301-tignes-le-lac-le-bec-rouge-phoenix301.html
Tignes Réservation,tignes-reservation-4-bedrooms-apartment-8-people-phoenix-401,4 BEDROOMS APARTMENT 8 PEOPLE PHOENIX 401,,Tignes Le Lac,no,https://booking.tignes.net/4-bedrooms-apartment-8-people-phoenix-401-tignes-le-lac-le-bec-rouge-phoenix401.html
Tignes Réservation,tignes-reservation-4-bedrooms-apartment-8-people-phoenix-601,4 BEDROOMS APARTMENT 8 PEOPLE PHOENIX 601,,Tignes Le Lac,no,https://booking.tignes.net/4-bedrooms-apartment-8-people-phoenix-601-tignes-le-lac-le-bec-rouge-phoenix601.html
Tignes Réservation,tignes-reservation-4-bedrooms-apartment-8-people-phoenix-701,4 BEDROOMS APARTMENT 8 PEOPLE PHOENIX 701,,Tignes Le Lac,no,https://booking.tignes.net/4-bedrooms-apartment-8-people-phoenix-701-tignes-le-lac-le-bec-rouge-phoenix701.html
Tignes Réservation,tignes-reservation-4-bedrooms-apartment-8-people-phoenix-panoramic,4 BEDROOMS APARTMENT 8 PEOPLE PHOENIX PANORAMIC,,Tignes Le Lac,no,https://booking.tignes.net/4-bedrooms-apartment-8-people-phoenix-panoramic-tignes-le-lac-le-bec-rouge-phxpanoramic.html
Tignes Réservation,tignes-reservation-4-bedrooms-apartment-8-people-rosset-401,4 BEDROOMS APARTMENT 8 PEOPLE ROSSET 401,,Tignes Le Lac,no,https://booking.tignes.net/4-bedrooms-apartment-8-people-rosset-401-tignes-le-lac-le-rosset-rosset401.html
Tignes Réservation,tignes-reservation-4-bedrooms-cabin-apartment-9-people-village-montana,4 BEDROOMS CABIN APARTMENT 9 PEOPLE VILLAGE MONTANA,,Tignes Le Lac,no,https://booking.tignes.net/4-bedrooms-cabin-apartment-9-people-village-montana-tignes-le-lac-les-almes-avp018.html
Tignes Réservation,tignes-reservation-4-bedrooms-chalet-8-people-les-martns-2,4 BEDROOMS CHALET 8 PEOPLE LES MARTNS 2,,Tignes Le Lac,no,https://booking.tignes.net/4-bedrooms-chalet-8-people-les-martns-2-tignes-le-lac-les-almes-lesmartins2.html
Tignes Réservation,tignes-reservation-4-bedrooms-chalet-8-people-les-martns-3,4 BEDROOMS CHALET 8 PEOPLE LES MARTNS 3,,Tignes Le Lac,no,https://booking.tignes.net/4-bedrooms-chalet-8-people-les-martns-3-tignes-le-lac-les-almes-lesmartins3.html
Tignes Réservation,tignes-reservation-4-bedrooms-duplex-chimney-9-people-residence-village-montana-,4 BEDROOMS DUPLEX + CHIMNEY 9 PEOPLE RESIDENCE VILLAGE MONTANA PLANTON,,Tignes Le Lac,no,https://booking.tignes.net/4-bedrooms-duplex-chimney-9-people-residence-village-montana-planton-tignes-le-lac-les-almes-avp002.html
Tignes Réservation,tignes-reservation-4-bedrooms-duplex-10-people-apartment-23-residence-cap-neige,4 BEDROOMS DUPLEX 10 PEOPLE APARTMENT 23 - RESIDENCE CAP NEIGE,,Tignes Le Lac,no,https://booking.tignes.net/4-bedrooms-duplex-10-people-apartment-23-residence-cap-neige-tignes-le-lac-le-rosset-avp008.html
Tignes Réservation,tignes-reservation-4-bedrooms-duplex-10people-apartment-82-residence-denali,4 BEDROOMS DUPLEX 10PEOPLE APARTMENT 82 - RESIDENCE DENALI,,Tignes Le Lac,no,https://booking.tignes.net/4-bedrooms-duplex-10people-apartment-82-residence-denali-tignes-le-lac-le-rosset-avp012.html
Tignes Réservation,tignes-reservation-4-bedrooms-duplex-apartment-10-people-cgh-residence-spa-le-te,4 BEDROOMS DUPLEX APARTMENT 10 PEOPLE CGH RESIDENCE & SPA –LE TELEMARK,,Tignes Le Lac,no,https://booking.tignes.net/4-bedrooms-duplex-apartment-10-people-cgh-residence-spa-le-telemark-tignes-le-lac-les-almes-5d10letelemark.html
Tignes Réservation,tignes-reservation-4-bedrooms-mezzanine-16-people-apartment-32-residence-cap-nei,4 BEDROOMS MEZZANINE 16 PEOPLE APARTMENT 32 - RESIDENCE CAP NEIGE,,Tignes Le Lac,no,https://booking.tignes.net/4-bedrooms-mezzanine-16-people-apartment-32-residence-cap-neige-tignes-le-lac-le-rosset-avp011.html
Tignes Réservation,tignes-reservation-4-pieces-8-personnes-ducs-de-savoie-23-back-office,4 PIECES 8 PERSONNES DUCS DE SAVOIE 23 back office,,Tignes Le Lac,no,https://booking.tignes.net/4-pieces-8-personnes-ducs-de-savoie-23-back-office-tignes-le-lac-le-bec-rouge-131bo.html
Tignes Réservation,tignes-reservation-4-rooms-3-bedrooms-divaria,4 rooms (3 bedrooms) - DIVARIA,,Tignes Le Lac,no,https://booking.tignes.net/4-rooms-3-bedrooms-divaria-tignes-le-lac-le-bec-rouge-divaria17.html
Tignes Réservation,tignes-reservation-5-bedrooms-10-people-chalet-gypaete-2,5 BEDROOMS 10 PEOPLE CHALET GYPAETE 2,,Tignes Le Lac,no,https://booking.tignes.net/5-bedrooms-10-people-chalet-gypaete-2-tignes-le-lac-les-almes-gypaete2.html
Tignes Réservation,tignes-reservation-5-bedrooms-11-people-apartment-3-3-residence-yeti,5 BEDROOMS 11 PEOPLE APARTMENT 3.3 - RESIDENCE YETI,,Tignes Le Lac,no,https://booking.tignes.net/5-bedrooms-11-people-apartment-3-3-residence-yeti-tignes-le-lac-les-almes-avp007.html
Tignes Réservation,tignes-reservation-5-bedrooms-12-people-apartment-11-residence-almes-1,5 BEDROOMS 12 PEOPLE APARTMENT 11 - RESIDENCE ALMES 1,,Tignes Le Lac,no,https://booking.tignes.net/5-bedrooms-12-people-apartment-11-residence-almes-1-tignes-le-lac-les-almes-avp012.html
Tignes Réservation,tignes-reservation-5-bedrooms-12-people-apartment-rosset-residence-denali,5 BEDROOMS 12 PEOPLE APARTMENT ROSSET - RESIDENCE DENALI,,Tignes Le Lac,no,https://booking.tignes.net/5-bedrooms-12-people-apartment-rosset-residence-denali-tignes-le-lac-le-rosset-avp015.html
Tignes Réservation,tignes-reservation-5-bedrooms-13-people-apartment-2-2-residence-yeti,5 BEDROOMS 13 PEOPLE APARTMENT 2.2 - RESIDENCE YETI,,Tignes Le Lac,no,https://booking.tignes.net/5-bedrooms-13-people-apartment-2-2-residence-yeti-tignes-le-lac-les-almes-avp010.html
Tignes Réservation,tignes-reservation-5-bedrooms-14-people-apartment-2-3-residence-yeti,5 BEDROOMS 14 PEOPLE APARTMENT 2.3 - RESIDENCE YETI,,Tignes Le Lac,no,https://booking.tignes.net/5-bedrooms-14-people-apartment-2-3-residence-yeti-tignes-le-lac-les-almes-avp005.html
Tignes Réservation,tignes-reservation-5-bedrooms-apartment-chimney-10-people-residence-village-mont,5 BEDROOMS APARTMENT + CHIMNEY 10 PEOPLE RESIDENCE VILLAGE MONTANA PLANTON,,Tignes Le Lac,no,https://booking.tignes.net/5-bedrooms-apartment-chimney-10-people-residence-village-montana-planton-tignes-le-lac-les-almes-avp003.html
Tignes Réservation,tignes-reservation-5-bedrooms-apartment-12-people-cgh-residence-spa-le-telemark,5 BEDROOMS APARTMENT 12 PEOPLE CGH RESIDENCE & SPA –LE TELEMARK,,Tignes Le Lac,no,https://booking.tignes.net/5-bedrooms-apartment-12-people-cgh-residence-spa-le-telemark-tignes-le-lac-les-almes-612letelemark.html
Tignes Réservation,tignes-reservation-5-bedrooms-apartment-12-people-semper-vivens,5 BEDROOMS APARTMENT 12 PEOPLE SEMPER VIVENS,,Tignes Le Lac,no,https://booking.tignes.net/5-bedrooms-apartment-12-people-semper-vivens-tignes-le-lac-le-bec-rouge-ornate.html
Tignes Réservation,tignes-reservation-5-bedrooms-cabin-apartment-12-people-palafour-lodge-6,5 BEDROOMS CABIN APARTMENT 12 PEOPLE PALAFOUR LODGE 6,,Tignes Le Lac,no,https://booking.tignes.net/5-bedrooms-cabin-apartment-12-people-palafour-lodge-6-tignes-le-lac-le-bec-rouge-palafourlodge6.html
Tignes Réservation,tignes-reservation-5-bedrooms-duplex-12-people-apartment-20-residence-cap-neige,5 BEDROOMS DUPLEX 12 PEOPLE APARTMENT 20 - RESIDENCE CAP NEIGE,,Tignes Le Lac,no,https://booking.tignes.net/5-bedrooms-duplex-12-people-apartment-20-residence-cap-neige-tignes-le-lac-le-rosset-avp005.html
Tignes Réservation,tignes-reservation-5-pieces-mezzanine-16-personnes-appartement-32-residence-cap-,5 PIECES MEZZANINE 16 PERSONNES APPARTEMENT 32 - RESIDENCE CAP NEIGE Back Office,,Tignes Le Lac,no,https://booking.tignes.net/5-pieces-mezzanine-16-personnes-appartement-32-residence-cap-neige-back-office-tignes-le-lac-le-rosset-avp011bo.html
Tignes Réservation,tignes-reservation-5-rooms-4-bedrooms-le-phoenix,5 rooms (4 bedrooms) - LE PHOENIX,,Tignes Le Lac,no,https://booking.tignes.net/5-rooms-4-bedrooms-le-phoenix-tignes-le-lac-le-bec-rouge-phxlesalpilles.html
Tignes Réservation,tignes-reservation-6-bedrooms-14-people-chalet-gypaete-1,6 BEDROOMS 14 PEOPLE CHALET GYPAETE 1,,Tignes Le Lac,no,https://booking.tignes.net/6-bedrooms-14-people-chalet-gypaete-1-tignes-le-lac-les-almes-gypaete1.html
Tignes Réservation,tignes-reservation-6-bedrooms-15-people-apartment-4-2-residence-yeti,6 BEDROOMS 15 PEOPLE APARTMENT 4.2- RESIDENCE YETI,,Tignes Le Lac,no,https://booking.tignes.net/6-bedrooms-15-people-apartment-4-2-residence-yeti-tignes-le-lac-les-almes-avp009.html
Tignes Réservation,tignes-reservation-6-bedrooms-16-people-apartment-10-residence-almes-2,6 BEDROOMS 16 PEOPLE APARTMENT 10 - RESIDENCE ALMES 2,,Tignes Le Lac,no,https://booking.tignes.net/6-bedrooms-16-people-apartment-10-residence-almes-2-tignes-le-lac-les-almes-avp017.html
Tignes Réservation,tignes-reservation-6-bedrooms-16-people-apartment-20-residence-almes-2,6 BEDROOMS 16 PEOPLE APARTMENT 20 - RESIDENCE ALMES 2,,Tignes Le Lac,no,https://booking.tignes.net/6-bedrooms-16-people-apartment-20-residence-almes-2-tignes-le-lac-les-almes-avp018.html
Tignes Réservation,tignes-reservation-7-bedrooms-duplex-16-people-apartment-83-residence-denali,7 BEDROOMS DUPLEX 16 PEOPLE APARTMENT 83 - RESIDENCE DENALI,,Tignes Le Lac,no,https://booking.tignes.net/7-bedrooms-duplex-16-people-apartment-83-residence-denali-tignes-le-lac-le-rosset-avp013.html
Tignes Réservation,tignes-reservation-7-rooms-6-bedrooms-combe-folle,7 rooms (6 bedrooms) - COMBE FOLLE,,Tignes Le Lac,no,https://booking.tignes.net/7-rooms-6-bedrooms-combe-folle-tignes-le-lac-le-bec-rouge-ticfollac.html
Tignes Réservation,tignes-reservation-8-bedrooms-chalet-16-people-annapurna-2-chalet-annapurna,8 BEDROOMS CHALET 16 PEOPLE ANNAPURNA 2 (Chalet Annapurna),,Tignes Le Lac,no,https://booking.tignes.net/8-bedrooms-chalet-16-people-annapurna-2-tignes-le-lac-les-almes-annapurna2.html
Tignes Réservation,tignes-reservation-9-bedrooms-19-people-apartment-4-1-residence-yeti,9 BEDROOMS 19 PEOPLE APARTMENT 4.1 - RESIDENCE YETI,,Tignes Le Lac,no,https://booking.tignes.net/9-bedrooms-19-people-apartment-4-1-residence-yeti-tignes-le-lac-les-almes-avp008.html
SeeTignes,seetignes-alfredo,Alfredo Chalet,,Tignes Le Lac,no,https://www.seetignes.com/chalets/alfredo-chalet-le-lac-lavachet-716400
SeeTignes,seetignes-annina,Annina Chalet,probably Skiworld (all photos credited '© Skiworld ISL'),Tignes Le Lac,yes,https://www.seetignes.com/chalets/annina-chalet-le-lac-lavachet-717138
Tignes Réservation,tignes-reservation-apartment-2-bedrooms,Apartment 2 bedrooms,,Tignes Le Lac,no,https://booking.tignes.net/apartment-2-bedrooms-tignes-le-lac-les-almes-avp001.html
Tignes Réservation,tignes-reservation-apartment-2-bedrooms-sofa-bed,Apartment 2 bedrooms + Sofa Bed,,Tignes Le Lac,no,https://booking.tignes.net/apartment-2-bedrooms-sofa-bed-tignes-le-lac-les-almes-avp008.html
Tignes Réservation,tignes-reservation-apartment-3-bedrooms,Apartment 3 bedrooms,,Tignes Le Lac,no,https://booking.tignes.net/apartment-3-bedrooms-tignes-le-lac-les-almes-avp004.html
Tignes Réservation,tignes-reservation-apartment-3-bedrooms-cabin-sauna,Apartment 3 bedrooms + Cabin + Sauna,,Tignes Le Lac,no,https://booking.tignes.net/apartment-3-bedrooms-cabin-sauna-tignes-le-lac-les-almes-avp002.html
Tignes Réservation,tignes-reservation-apartment-3-bedrooms-fireplace,Apartment 3 bedrooms + fireplace,,Tignes Le Lac,no,https://booking.tignes.net/apartment-3-bedrooms-fireplace-tignes-le-lac-les-almes-avp005.html
Tignes Réservation,tignes-reservation-apartment-4-bedrooms,Apartment 4 bedrooms,,Tignes Le Lac,no,https://booking.tignes.net/apartment-4-bedrooms-tignes-le-lac-les-almes-avp006.html
Tignes Réservation,tignes-reservation-apartment-4-bedrooms-cabin-10-people,Apartment 4 bedrooms + cabin - 10 people,,Tignes Le Lac,no,https://booking.tignes.net/apartment-4-bedrooms-cabin-10-people-tignes-le-lac-les-almes-avp019.html
Tignes Réservation,tignes-reservation-apartment-5-bedrooms,Apartment 5 bedrooms,,Tignes Le Lac,no,https://booking.tignes.net/apartment-5-bedrooms-tignes-le-lac-les-almes-avp007.html
Tignes Réservation,tignes-reservation-chalet-3-bedrooms-12-people-lys-martagon-chalet-lys-martagon,CHALET 3 BEDROOMS 12 PEOPLE LYS MARTAGON (Chalet Lys Martagon),,Tignes Le Lac,no,https://booking.tignes.net/chalet-3-bedrooms-12-people-lys-martagon-tignes-le-lac-les-almes-chaletlysmartagon.html
Tignes Réservation,tignes-reservation-chalet-4-bedrooms-10-people-ambre-chalet-ambre,CHALET 4 BEDROOMS 10 PEOPLE AMBRE (Chalet Ambre),,Tignes Le Lac,no,https://booking.tignes.net/chalet-4-bedrooms-10-people-ambre-tignes-le-lac-les-almes-chaletambre.html
Tignes Réservation,tignes-reservation-chalet-4-bedrooms-10-people-tajj,CHALET 4 BEDROOMS 10 PEOPLE TAJJ,,Tignes Le Lac,no,https://booking.tignes.net/chalet-4-bedrooms-10-people-tajj-tignes-le-lac-le-rosset-tajj.html
Tignes Réservation,tignes-reservation-chalet-5-bedrooms-10-people-annapurna-1-chalet-annapurna,CHALET 5 BEDROOMS 10 PEOPLE ANNAPURNA 1 (Chalet Annapurna),,Tignes Le Lac,no,https://booking.tignes.net/chalet-5-bedrooms-10-people-annapurna-1-tignes-le-lac-les-almes-annapurna1.html
Tignes Réservation,tignes-reservation-chalet-5-bedrooms-10-people-la-perle-chalet-la-perle,CHALET 5 BEDROOMS 10 PEOPLE LA PERLE (Chalet La Perle),,Tignes Le Lac,no,https://booking.tignes.net/chalet-5-bedrooms-10-people-la-perle-tignes-le-lac-les-almes-chaletlaperle.html
Tignes Réservation,tignes-reservation-chalet-5-bedrooms-9-people-iceberg-chalet-iceberg,CHALET 5 BEDROOMS 9 PEOPLE ICEBERG (Chalet Iceberg),,Tignes Le Lac,no,https://booking.tignes.net/chalet-5-bedrooms-9-people-iceberg-tignes-le-lac-le-bec-rouge-chaleticeberg.html
Tignes Réservation,tignes-reservation-chalet-6-bedrooms-16-people-ancolie-chalet-ancolie,CHALET 6 BEDROOMS 16 PEOPLE ANCOLIE (Chalet Ancolie),,Tignes Le Lac,no,https://booking.tignes.net/chalet-6-bedrooms-16-people-ancolie-tignes-le-lac-le-bec-rouge-chaletancolie1.html
Tignes Réservation,tignes-reservation-chalet-7-bedrooms-16-people-charline-chalet-charline,CHALET 7 BEDROOMS 16 PEOPLE CHARLINE (Chalet Charline),,Tignes Le Lac,no,https://booking.tignes.net/chalet-7-bedrooms-16-people-charline-tignes-le-lac-le-bec-rouge-chaletcharline.html
Tignes Réservation,tignes-reservation-chalet-canvolan-le-karibou-4-bedrooms-12-people,CHALET CANVOLAN LE KARIBOU 4 BEDROOMS 12 PEOPLE,,Tignes Le Lac,no,https://booking.tignes.net/chalet-canvolan-le-karibou-4-bedrooms-12-people-tignes-le-lac-le-bec-rouge-5pieces12perschaletcanvolan.html
SeeTignes,seetignes-carmen,Carmen Chalet,,Tignes Le Lac,no,https://www.seetignes.com/chalets/carmen-chalet-le-lac-lavachet-717104
Build My Ski Trip,build-my-ski-trip-arolla,Catered Chalet Arolla,Build My Ski Trip,Tignes Le Lac,no,https://www.buildmyskitrip.com/Hotel/tignes-luxury-catered-chalet-arolla
SeeTignes,build-my-ski-trip-arolla,Catered Chalet Arolla,Build My Ski Trip,Tignes Le Lac,no,https://www.buildmyskitrip.com/Hotel/tignes-luxury-catered-chalet-arolla
Build My Ski Trip,build-my-ski-trip-chardonnet,Catered Chalet Chardonnet,Build My Ski Trip,Tignes Le Lac,no,https://www.buildmyskitrip.com/Hotel/tignes-catered-chalet-chardonnet
SeeTignes,build-my-ski-trip-chardonnet,Catered Chalet Chardonnet,Build My Ski Trip,Tignes Le Lac,no,https://www.buildmyskitrip.com/Hotel/tignes-catered-chalet-chardonnet
Ski Line,sno-chalet-aigle-royal,Chalet Aigle Royal,Ski Famille,Tignes Le Lac,no,https://www.sno.co.uk/ski-holidays/chalet-aigle-royal_21515/
Sno,sno-chalet-aigle-royal,Chalet Aigle Royal,Ski Famille,Tignes Le Lac,no,https://www.sno.co.uk/ski-holidays/chalet-aigle-royal_21515/
Ski Line,sno-chalet-alaska,Chalet Alaska,Ski Vertigo,Tignes Le Lac,no,https://www.sno.co.uk/ski-holidays/chalet-alaska_19543/
Sno,sno-chalet-alaska,Chalet Alaska,Ski Vertigo,Tignes Le Lac,no,https://www.sno.co.uk/ski-holidays/chalet-alaska_19543/
Ski Line,sno-chalet-arktic,Chalet Arktic,Inghams,Tignes Le Lac,no,https://www.sno.co.uk/ski-holidays/chalet-arktic_18735/
Sno,sno-chalet-arktic,Chalet Arktic,Inghams,Tignes Le Lac,no,https://www.sno.co.uk/ski-holidays/chalet-arktic_18735/
allChalets,sno-chalet-arktic,Chalet Arktic,Inghams,Tignes Le Lac,no,https://www.sno.co.uk/ski-holidays/chalet-arktic_18735/
Ski Line,sno-chalet-corniche,Chalet Corniche,Ski Famille,Tignes Le Lac,no,https://www.sno.co.uk/ski-holidays/chalet-corniche_22851/
Sno,sno-chalet-corniche,Chalet Corniche,Ski Famille,Tignes Le Lac,no,https://www.sno.co.uk/ski-holidays/chalet-corniche_22851/
allChalets,sno-chalet-corniche,Chalet Corniche,Ski Famille,Tignes Le Lac,no,https://www.sno.co.uk/ski-holidays/chalet-corniche_22851/
Ski Line,sno-chalet-iceberg,Chalet Iceberg,Ski Vertigo,Tignes Le Lac,no,https://www.sno.co.uk/ski-holidays/chalet-iceberg_18968/
Sno,sno-chalet-iceberg,Chalet Iceberg,Ski Vertigo,Tignes Le Lac,no,https://www.sno.co.uk/ski-holidays/chalet-iceberg_18968/
Ski Line,sno-chalet-la-perle,Chalet La Perle,Ski Famille,Tignes Le Lac,no,https://www.sno.co.uk/ski-holidays/chalet-la-perle_21514/
Sno,sno-chalet-la-perle,Chalet La Perle,Ski Famille,Tignes Le Lac,no,https://www.sno.co.uk/ski-holidays/chalet-la-perle_21514/
Ski Line,sno-chalet-lake-lodge,Chalet Lake Lodge,Ski Vertigo,Tignes Le Lac,no,https://www.sno.co.uk/ski-holidays/chalet-lake-lodge_22847/
Sno,sno-chalet-lake-lodge,Chalet Lake Lodge,Ski Vertigo,Tignes Le Lac,no,https://www.sno.co.uk/ski-holidays/chalet-lake-lodge_22847/
Sno,sno-chalet-les-arolles,Chalet Les Arolles,unknown (sold via Sno),Tignes Le Lac,no,https://www.sno.co.uk/ski-holidays/chalet-les-arolles_18756/
allChalets,sno-chalet-les-arolles,Chalet Les Arolles,unknown (sold via Sno),Tignes Le Lac,no,https://www.sno.co.uk/ski-holidays/chalet-les-arolles_18756/
Build My Ski Trip,allchalets-chalet-triglav,Chalet Triglav,Build My Ski Trip,Tignes Le Lac,no,https://www.allchalets.com/holiday-rentals/63016-chalet-in-tignes-le-lac-france
SeeTignes,allchalets-chalet-triglav,Chalet Triglav,Build My Ski Trip,Tignes Le Lac,no,https://www.allchalets.com/holiday-rentals/63016-chalet-in-tignes-le-lac-france
Ski Line,allchalets-chalet-triglav,Chalet Triglav,Build My Ski Trip,Tignes Le Lac,no,https://www.allchalets.com/holiday-rentals/63016-chalet-in-tignes-le-lac-france
allChalets,allchalets-chalet-triglav,Chalet Triglav,Build My Ski Trip,Tignes Le Lac,no,https://www.allchalets.com/holiday-rentals/63016-chalet-in-tignes-le-lac-france
See Tignes,seetignes-escamillo,Escamillo Chalet,probably Skiworld (photo credits),Tignes Le Lac,yes,https://www.seetignes.com/chalets/escamillo-chalet-le-lac-lavachet-717137
SeeTignes,seetignes-escamillo,Escamillo Chalet,probably Skiworld (photo credits),Tignes Le Lac,yes,https://www.seetignes.com/chalets/escamillo-chalet-le-lac-lavachet-717137
SeeTignes,seetignes-giorgio,Giorgio Chalet,,Tignes Le Lac,no,https://www.seetignes.com/chalets/giorgio-chalet-le-lac-lavachet-716408
Independent Ski Links,independent-ski-links-grande-motte,Grande Motte Chalet,Esprit Ski (sold via Independent Ski Links),Tignes Le Lac,yes,http://www.ski-links.com/property/989/la-grande-motte.htm
SeeTignes,independent-ski-links-grande-motte,Grande Motte Chalet,Esprit Ski (sold via Independent Ski Links),Tignes Le Lac,yes,http://www.ski-links.com/property/989/la-grande-motte.htm
SeeTignes,seetignes-violetta,Violetta Chalet,,Tignes Le Lac,no,https://www.seetignes.com/chalets/violetta-chalet-le-lac-lavachet-717136
Tignes Réservation,tignes-reservation-1-bedroom-4-people-pontet-b-21,1 BEDROOM 4 PEOPLE PONTET B 21,,Tignes Le Lavachet,no,https://booking.tignes.net/1-bedroom-4-people-pontet-b-21-tignes-le-lavachet-tiponb21.html
Tignes Réservation,tignes-reservation-1-bedroom-4-people-savoy-16,1 BEDROOM 4 PEOPLE SAVOY 16,,Tignes Le Lavachet,no,https://booking.tignes.net/1-bedroom-4-people-savoy-16-tignes-le-lavachet-fr73512051.html
Tignes Réservation,tignes-reservation-1-bedroom-6-people-2100b-12,1 BEDROOM 6 PEOPLE 2100B 12,,Tignes Le Lavachet,no,https://booking.tignes.net/1-bedroom-6-people-2100b-12-tignes-le-lavachet-2100b12.html
Tignes Réservation,tignes-reservation-1-bedroom-apartment-2-people-savoy-8,1 BEDROOM APARTMENT 2 PEOPLE SAVOY 8,,Tignes Le Lavachet,no,https://booking.tignes.net/1-bedroom-apartment-2-people-savoy-8-tignes-le-lavachet-savoy8.html
Tignes Réservation,tignes-reservation-1-bedroom-apartment-4-people-grande-casse-22,1 BEDROOM APARTMENT 4 PEOPLE GRANDE CASSE 22,,Tignes Le Lavachet,no,https://booking.tignes.net/1-bedroom-apartment-4-people-grande-casse-22-tignes-le-lavachet-fr73512203.html
Tignes Réservation,tignes-reservation-1-bedroom-apartment-4-people-grande-pre-3,1 BEDROOM APARTMENT 4 PEOPLE GRANDE PRE 3,,Tignes Le Lavachet,no,https://booking.tignes.net/1-bedroom-apartment-4-people-grande-pre-3-tignes-le-lavachet-fr73512306.html
Tignes Réservation,tignes-reservation-1-bedroom-apartment-4-people-roches-rouges-a6,1 BEDROOM APARTMENT 4 PEOPLE ROCHES ROUGES A6,,Tignes Le Lavachet,no,https://booking.tignes.net/1-bedroom-apartment-4-people-roches-rouges-a6-tignes-le-lavachet-rra6.html
Tignes Réservation,tignes-reservation-1-bedroom-apartment-4-people-roches-rouges-b-21,1 BEDROOM APARTMENT 4 PEOPLE ROCHES ROUGES B 21,,Tignes Le Lavachet,no,https://booking.tignes.net/1-bedroom-apartment-4-people-roches-rouges-b-21-tignes-le-lavachet-61.html
Tignes Réservation,tignes-reservation-1-bedroom-apartment-4-people-savoy-04,1 BEDROOM APARTMENT 4 PEOPLE SAVOY 04,,Tignes Le Lavachet,no,https://booking.tignes.net/1-bedroom-apartment-4-people-savoy-04-tignes-le-lavachet-sav004r.html
Tignes Réservation,tignes-reservation-1-bedroom-apartment-4-people-savoy-8,1 BEDROOM APARTMENT 4 PEOPLE SAVOY 8,,Tignes Le Lavachet,no,https://booking.tignes.net/1-bedroom-apartment-4-people-savoy-8-tignes-le-lavachet-sav008r.html
Tignes Réservation,tignes-reservation-1-bedroom-apartment-4-people-soldanelles-08,1 BEDROOM APARTMENT 4 PEOPLE SOLDANELLES 08,,Tignes Le Lavachet,no,https://booking.tignes.net/1-bedroom-apartment-4-people-soldanelles-08-tignes-le-lavachet-soldanelles08.html
Tignes Réservation,tignes-reservation-1-bedroom-apartment-4-people-tour-du-lac-13,1 BEDROOM APARTMENT 4 PEOPLE TOUR DU LAC 13,,Tignes Le Lavachet,no,https://booking.tignes.net/1-bedroom-apartment-4-people-tour-du-lac-13-tignes-le-lavachet-titlac13.html
Tignes Réservation,tignes-reservation-1-bedroom-apartment-4-people-tour-du-lac-3,1 BEDROOM APARTMENT 4 PEOPLE TOUR DU LAC 3,,Tignes Le Lavachet,no,https://booking.tignes.net/1-bedroom-apartment-4-people-tour-du-lac-3-tignes-le-lavachet-63.html
Tignes Réservation,tignes-reservation-1-bedroom-apartment-4-people-trolles-13,1 BEDROOM APARTMENT 4 PEOPLE TROLLES 13,,Tignes Le Lavachet,no,https://booking.tignes.net/1-bedroom-apartment-4-people-trolles-13-tignes-le-lavachet-trol13r.html
Tignes Réservation,tignes-reservation-1-bedroom-apartment-4-5-people-glaciers-a-08,1 BEDROOM APARTMENT 4/5 PEOPLE GLACIERS A 08,,Tignes Le Lavachet,no,https://booking.tignes.net/1-bedroom-apartment-4-5-people-glaciers-a-08-tignes-le-lavachet-glac08a.html
Tignes Réservation,tignes-reservation-1-bedroom-apartment-4-5-people-glaciers-a-13,1 BEDROOM APARTMENT 4/5 PEOPLE GLACIERS A 13,,Tignes Le Lavachet,no,https://booking.tignes.net/1-bedroom-apartment-4-5-people-glaciers-a-13-tignes-le-lavachet-glac13a.html
Tignes Réservation,tignes-reservation-1-bedroom-apartment-5-people-2100-b-15,1 BEDROOM APARTMENT 5 PEOPLE 2100 B 15,,Tignes Le Lavachet,no,https://booking.tignes.net/1-bedroom-apartment-5-people-2100-b-15-tignes-le-lavachet-2100b15.html
Tignes Réservation,tignes-reservation-1-bedroom-apartment-5-people-hameau-de-toviere-55,1 BEDROOM APARTMENT 5 PEOPLE HAMEAU DE TOVIERE 55,,Tignes Le Lavachet,no,https://booking.tignes.net/1-bedroom-apartment-5-people-hameau-de-toviere-55-tignes-le-lavachet-hmdt55.html
Tignes Réservation,tignes-reservation-1-bedroom-apartment-5-people-kandahar-07,1 BEDROOM APARTMENT 5 PEOPLE KANDAHAR 07,,Tignes Le Lavachet,no,https://booking.tignes.net/1-bedroom-apartment-5-people-kandahar-07-tignes-le-lavachet-kan007.html
Tignes Réservation,tignes-reservation-1-bedroom-apartment-5-people-kandahar-b-17,1 BEDROOM APARTMENT 5 PEOPLE KANDAHAR B 17,,Tignes Le Lavachet,no,https://booking.tignes.net/1-bedroom-apartment-5-people-kandahar-b-17-tignes-le-lavachet-57.html
Tignes Réservation,tignes-reservation-1-bedroom-apartment-5-people-kandahar-b-28,1 BEDROOM APARTMENT 5 PEOPLE KANDAHAR B 28,,Tignes Le Lavachet,no,https://booking.tignes.net/1-bedroom-apartment-5-people-kandahar-b-28-tignes-le-lavachet-56.html
Tignes Réservation,tignes-reservation-1-bedroom-apartment-5-people-roches-rouges-b-32,1 BEDROOM APARTMENT 5 PEOPLE ROCHES ROUGES B 32,,Tignes Le Lavachet,no,https://booking.tignes.net/1-bedroom-apartment-5-people-roches-rouges-b-32-tignes-le-lavachet-tirochb32.html
Tignes Réservation,tignes-reservation-1-bedroom-apartment-5-people-soldanelles-30,1 BEDROOM APARTMENT 5 PEOPLE SOLDANELLES 30,,Tignes Le Lavachet,no,https://booking.tignes.net/1-bedroom-apartment-5-people-soldanelles-30-tignes-le-lavachet-tisold30-1.html
Tignes Réservation,tignes-reservation-1-bedroom-apartment-6-people-home-club-160,1 BEDROOM APARTMENT 6 PEOPLE HOME CLUB 160,,Tignes Le Lavachet,no,https://booking.tignes.net/1-bedroom-apartment-6-people-home-club-160-tignes-le-lavachet-tihc160.html
Tignes Réservation,tignes-reservation-1-bedroom-apartment-6-people-home-club-168,1 BEDROOM APARTMENT 6 PEOPLE HOME CLUB 168,,Tignes Le Lavachet,no,https://booking.tignes.net/1-bedroom-apartment-6-people-home-club-168-tignes-le-lavachet-hc168.html
Tignes Réservation,tignes-reservation-1-bedroom-apartment-6-people-home-club-174,1 BEDROOM APARTMENT 6 PEOPLE HOME CLUB 174,,Tignes Le Lavachet,no,https://booking.tignes.net/1-bedroom-apartment-6-people-home-club-174-tignes-le-lavachet-54.html
Tignes Réservation,tignes-reservation-1-bedroom-apartment-6-people-home-club-182,1 BEDROOM APARTMENT 6 PEOPLE HOME CLUB 182,,Tignes Le Lavachet,no,https://booking.tignes.net/1-bedroom-apartment-6-people-home-club-182-tignes-le-lavachet-hc182.html
Tignes Réservation,tignes-reservation-1-bedroom-apartment-6-people-home-club-237,1 BEDROOM APARTMENT 6 PEOPLE HOME CLUB 237,,Tignes Le Lavachet,no,https://booking.tignes.net/1-bedroom-apartment-6-people-home-club-237-tignes-le-lavachet-fr73512007.html
Tignes Réservation,tignes-reservation-1-bedroom-apartment-6-people-pontet-b-24,1 BEDROOM APARTMENT 6 PEOPLE PONTET B 24,,Tignes Le Lavachet,no,https://booking.tignes.net/1-bedroom-apartment-6-people-pontet-b-24-tignes-le-lavachet-60.html
Tignes Réservation,tignes-reservation-1-bedroom-apartment-6-people-pontet-b-30,1 BEDROOM APARTMENT 6 PEOPLE PONTET B 30,,Tignes Le Lavachet,no,https://booking.tignes.net/1-bedroom-apartment-6-people-pontet-b-30-tignes-le-lavachet-tiponb30-1.html
Tignes Réservation,tignes-reservation-1-bedroom-apartment-6-people-roches-rouges-b-20,1 BEDROOM APARTMENT 6 PEOPLE ROCHES ROUGES B 20,,Tignes Le Lavachet,no,https://booking.tignes.net/1-bedroom-apartment-6-people-roches-rouges-b-20-tignes-le-lavachet-62.html
Tignes Réservation,tignes-reservation-1-bedroom-apartment-6-people-savoy-26,1 BEDROOM APARTMENT 6 PEOPLE SAVOY 26,,Tignes Le Lavachet,no,https://booking.tignes.net/1-bedroom-apartment-6-people-savoy-26-tignes-le-lavachet-tisav26-1.html
Tignes Réservation,tignes-reservation-1-bedroom-apartment-6-people-tour-du-lac-32,1 BEDROOM APARTMENT 6 PEOPLE TOUR DU LAC 32,,Tignes Le Lavachet,no,https://booking.tignes.net/1-bedroom-apartment-6-people-tour-du-lac-32-tignes-le-lavachet-tlac32.html
Tignes Réservation,tignes-reservation-1-bedroom-apartment-6-people-tour-du-lac-38,1 BEDROOM APARTMENT 6 PEOPLE TOUR DU LAC 38,,Tignes Le Lavachet,no,https://booking.tignes.net/1-bedroom-apartment-6-people-tour-du-lac-38-tignes-le-lavachet-titlac38-1.html
Tignes Réservation,tignes-reservation-1-bedroom-apartment-pontet-a-02,1 BEDROOM APARTMENT PONTET A 02,,Tignes Le Lavachet,no,https://booking.tignes.net/1-bedroom-apartment-pontet-a-02-tignes-le-lavachet-tipona02.html
Tignes Réservation,tignes-reservation-1-bedroom-appartment-6-peoples-pontet-b22,1 BEDROOM APPARTMENT 6 PEOPLES PONTET B22,,Tignes Le Lavachet,no,https://booking.tignes.net/1-bedroom-appartment-6-peoples-pontet-b22-tignes-le-lavachet-tiponb22.html
Tignes Réservation,tignes-reservation-2-bedrooms-9-people-tour-du-lac-06,2 BEDROOMS 9 PEOPLE TOUR DU LAC 06,,Tignes Le Lavachet,no,https://booking.tignes.net/2-bedrooms-9-people-tour-du-lac-06-tignes-le-lavachet-titlac06.html
Tignes Réservation,tignes-reservation-2-bedrooms-apartment-5-people-tour-du-lac-31,2 BEDROOMS APARTMENT 5 PEOPLE TOUR DU LAC 31,,Tignes Le Lavachet,no,https://booking.tignes.net/2-bedrooms-apartment-5-people-tour-du-lac-31-tignes-le-lavachet-tlac31.html
Tignes Réservation,tignes-reservation-2-bedrooms-apartment-6-people-2100-a-14,2 BEDROOMS APARTMENT 6 PEOPLE 2100 A 14,,Tignes Le Lavachet,no,https://booking.tignes.net/2-bedrooms-apartment-6-people-2100-a-14-tignes-le-lavachet-fr73512457.html
Tignes Réservation,tignes-reservation-2-bedrooms-apartment-6-people-2100-a-4,2 BEDROOMS APARTMENT 6 PEOPLE 2100 A 4,,Tignes Le Lavachet,no,https://booking.tignes.net/2-bedrooms-apartment-6-people-2100-a-4-tignes-le-lavachet-90.html
Tignes Réservation,tignes-reservation-2-bedrooms-apartment-6-people-2100-b-20,2 BEDROOMS APARTMENT 6 PEOPLE 2100 B 20,,Tignes Le Lavachet,no,https://booking.tignes.net/2-bedrooms-apartment-6-people-2100-b-20-tignes-le-lavachet-tir2100b20.html
Tignes Réservation,tignes-reservation-2-bedrooms-apartment-6-people-2100-b-23,2 BEDROOMS APARTMENT 6 PEOPLE 2100 B 23,,Tignes Le Lavachet,no,https://booking.tignes.net/2-bedrooms-apartment-6-people-2100-b-23-tignes-le-lavachet-fr73512459.html
Tignes Réservation,tignes-reservation-2-bedrooms-apartment-6-people-hameau-de-toviere-19,2 BEDROOMS APARTMENT 6 PEOPLE HAMEAU DE TOVIERE 19,,Tignes Le Lavachet,no,https://booking.tignes.net/2-bedrooms-apartment-6-people-hameau-de-toviere-19-tignes-le-lavachet-112.html
Tignes Réservation,tignes-reservation-2-bedrooms-apartment-6-people-hameau-de-toviere-436,2 BEDROOMS APARTMENT 6 PEOPLE HAMEAU DE TOVIERE 436,,Tignes Le Lavachet,no,https://booking.tignes.net/2-bedrooms-apartment-6-people-hameau-de-toviere-436-tignes-le-lavachet-tihamto436.html
Tignes Réservation,tignes-reservation-2-bedrooms-apartment-6-people-hameau-de-toviere-5-35,2 BEDROOMS APARTMENT 6 PEOPLE HAMEAU DE TOVIERE 5-35,,Tignes Le Lavachet,no,https://booking.tignes.net/2-bedrooms-apartment-6-people-hameau-de-toviere-5-35-tignes-le-lavachet-hmdt535.html
Tignes Réservation,tignes-reservation-2-bedrooms-apartment-6-people-les-rives-a-10,2 BEDROOMS APARTMENT 6 PEOPLE LES RIVES A 10,,Tignes Le Lavachet,no,https://booking.tignes.net/2-bedrooms-apartment-6-people-les-rives-a-10-tignes-le-lavachet-tiriva10-1.html
Tignes Réservation,tignes-reservation-2-bedrooms-apartment-6-people-lot-300-a-16,2 BEDROOMS APARTMENT 6 PEOPLE LOT 300 A 16,,Tignes Le Lavachet,no,https://booking.tignes.net/2-bedrooms-apartment-6-people-lot-300-a-16-tignes-le-lavachet-59.html
Tignes Réservation,tignes-reservation-2-bedrooms-apartment-6-people-pontet-b-20,2 BEDROOMS APARTMENT 6 PEOPLE PONTET B 20,,Tignes Le Lavachet,no,https://booking.tignes.net/2-bedrooms-apartment-6-people-pontet-b-20-tignes-le-lavachet-93.html
Tignes Réservation,tignes-reservation-2-bedrooms-apartment-6-people-roches-rouges-a-18,2 BEDROOMS APARTMENT 6 PEOPLE ROCHES ROUGES A 18,,Tignes Le Lavachet,no,https://booking.tignes.net/2-bedrooms-apartment-6-people-roches-rouges-a-18-tignes-le-lavachet-rra18.html
Tignes Réservation,tignes-reservation-2-bedrooms-apartment-6-people-roches-rouges-b-23,2 BEDROOMS APARTMENT 6 PEOPLE ROCHES ROUGES B 23,,Tignes Le Lavachet,no,https://booking.tignes.net/2-bedrooms-apartment-6-people-roches-rouges-b-23-tignes-le-lavachet-94.html
Tignes Réservation,tignes-reservation-2-bedrooms-apartment-6-people-savoy-09,2 BEDROOMS APARTMENT 6 PEOPLE SAVOY 09,,Tignes Le Lavachet,no,https://booking.tignes.net/2-bedrooms-apartment-6-people-savoy-09-tignes-le-lavachet-savoy9.html
Tignes Réservation,tignes-reservation-2-bedrooms-apartment-7-people-chalet-silene,2 BEDROOMS APARTMENT 7 PEOPLE CHALET SILENE,,Tignes Le Lavachet,no,https://booking.tignes.net/2-bedrooms-apartment-7-people-chalet-silene-tignes-le-lavachet-91.html
Tignes Réservation,tignes-reservation-2-bedrooms-apartment-7-people-hameau-de-toviere-33,2 BEDROOMS APARTMENT 7 PEOPLE HAMEAU DE TOVIERE 33,,Tignes Le Lavachet,no,https://booking.tignes.net/2-bedrooms-apartment-7-people-hameau-de-toviere-33-tignes-le-lavachet-tiht33.html
Tignes Réservation,tignes-reservation-2-bedrooms-apartment-7-people-roches-rouges-c-14,2 BEDROOMS APARTMENT 7 PEOPLE ROCHES ROUGES C 14,,Tignes Le Lavachet,no,https://booking.tignes.net/2-bedrooms-apartment-7-people-roches-rouges-c-14-tignes-le-lavachet-92.html
Tignes Réservation,tignes-reservation-2-bedrooms-apartment-7-people-tour-du-lac-11,2 BEDROOMS APARTMENT 7 PEOPLE TOUR DU LAC 11,,Tignes Le Lavachet,no,https://booking.tignes.net/2-bedrooms-apartment-7-people-tour-du-lac-11-tignes-le-lavachet-titlac11-1.html
Tignes Réservation,tignes-reservation-2-bedrooms-apartment-7-people-tour-du-lac-34,2 BEDROOMS APARTMENT 7 PEOPLE TOUR DU LAC 34,,Tignes Le Lavachet,no,https://booking.tignes.net/2-bedrooms-apartment-7-people-tour-du-lac-34-tignes-le-lavachet-tlac34.html
Tignes Réservation,tignes-reservation-2-bedrooms-apartment-7-peoples-roches-rouges-a-10,2 BEDROOMS APARTMENT 7 PEOPLES ROCHES ROUGES A 10,,Tignes Le Lavachet,no,https://booking.tignes.net/2-bedrooms-apartment-7-peoples-roches-rouges-a-10-tignes-le-lavachet-tirocha10.html
Tignes Réservation,tignes-reservation-2-bedrooms-apartment-8-people-lot-300-b-341,2 BEDROOMS APARTMENT 8 PEOPLE LOT 300 B 341,,Tignes Le Lavachet,no,https://booking.tignes.net/2-bedrooms-apartment-8-people-lot-300-b-341-tignes-le-lavachet-tilot341.html
Tignes Réservation,tignes-reservation-2-bedrooms-apartment-8-people-tour-du-lac-36,2 BEDROOMS APARTMENT 8 PEOPLE TOUR DU LAC 36,,Tignes Le Lavachet,no,https://booking.tignes.net/2-bedrooms-apartment-8-people-tour-du-lac-36-tignes-le-lavachet-tlac36.html
Tignes Réservation,tignes-reservation-2-bedrooms-apartment-hameau-de-toviere-133,2 BEDROOMS APARTMENT HAMEAU DE TOVIERE 133,,Tignes Le Lavachet,no,https://booking.tignes.net/2-bedrooms-apartment-hameau-de-toviere-133-tignes-le-lavachet-tihamto133.html
Tignes Réservation,tignes-reservation-2-bedrooms-apartment-hameau-de-toviere-407,2 BEDROOMS APARTMENT HAMEAU DE TOVIERE 407,,Tignes Le Lavachet,no,https://booking.tignes.net/2-bedrooms-apartment-hameau-de-toviere-407-tignes-le-lavachet-tihamto407-1.html
Tignes Réservation,tignes-reservation-2-rooms-1-bedroom-home-club-2,2 rooms (1 bedroom) - HOME CLUB 2,,Tignes Le Lavachet,no,https://booking.tignes.net/2-rooms-1-bedroom-home-club-2-tignes-le-lavachet-hc247.html
Tignes Réservation,tignes-reservation-3-bedrooms-10-people-roches-rouges-b-33,3 BEDROOMS 10 PEOPLE ROCHES ROUGES B 33,,Tignes Le Lavachet,no,https://booking.tignes.net/3-bedrooms-10-people-roches-rouges-b-33-tignes-le-lavachet-fr73512101.html
Tignes Réservation,tignes-reservation-3-bedrooms-8-people-chalet-navillod,3 BEDROOMS 8 PEOPLE CHALET NAVILLOD,,Tignes Le Lavachet,no,https://booking.tignes.net/3-bedrooms-8-people-chalet-navillod-tignes-le-lavachet-chaletnavillod.html
Tignes Réservation,tignes-reservation-3-bedrooms-8-people-chalet-neve-06,3 BEDROOMS 8 PEOPLE CHALET NEVE 06,,Tignes Le Lavachet,no,https://booking.tignes.net/3-bedrooms-8-people-chalet-neve-06-tignes-le-lavachet-tichanev06.html
Tignes Réservation,tignes-reservation-3-bedrooms-8-people-hameau-de-toviere-34,3 BEDROOMS 8 PEOPLE HAMEAU DE TOVIERE 34,,Tignes Le Lavachet,no,https://booking.tignes.net/3-bedrooms-8-people-hameau-de-toviere-34-tignes-le-lavachet-hto034.html
Tignes Réservation,tignes-reservation-3-bedrooms-8-people-hameau-de-toviere-500,3 BEDROOMS 8 PEOPLE HAMEAU DE TOVIERE 500,,Tignes Le Lavachet,no,https://booking.tignes.net/3-bedrooms-8-people-hameau-de-toviere-500-tignes-le-lavachet-tihamto500.html
Tignes Réservation,tignes-reservation-3-bedrooms-8-people-soldanelles-35,3 BEDROOMS 8 PEOPLE SOLDANELLES 35,,Tignes Le Lavachet,no,https://booking.tignes.net/3-bedrooms-8-people-soldanelles-35-tignes-le-lavachet-soldanelles35.html
Tignes Réservation,tignes-reservation-3-bedrooms-apartment-10-people-les-rives-15,3 BEDROOMS APARTMENT 10 PEOPLE LES RIVES 15,,Tignes Le Lavachet,no,https://booking.tignes.net/3-bedrooms-apartment-10-people-les-rives-15-tignes-le-lavachet-lesrives15.html
Tignes Réservation,tignes-reservation-3-bedrooms-apartment-6-people-2100-b-33,3 BEDROOMS APARTMENT 6 PEOPLE 2100 B 33,,Tignes Le Lavachet,no,https://booking.tignes.net/3-bedrooms-apartment-6-people-2100-b-33-tignes-le-lavachet-2100b33-1.html
Tignes Réservation,tignes-reservation-3-bedrooms-apartment-8-people-glaciers-22,3 BEDROOMS APARTMENT 8 PEOPLE GLACIERS 22,,Tignes Le Lavachet,no,https://booking.tignes.net/3-bedrooms-apartment-8-people-glaciers-22-tignes-le-lavachet-glaciers22.html
Tignes Réservation,tignes-reservation-3-bedrooms-apartment-8-people-grand-pre-16,3 BEDROOMS APARTMENT 8 PEOPLE GRAND PRÉ 16,,Tignes Le Lavachet,no,https://booking.tignes.net/3-bedrooms-apartment-8-people-grand-pre-16-tignes-le-lavachet-grandpre16.html
Tignes Réservation,tignes-reservation-3-bedrooms-apartment-8-people-hameau-de-toviere-argentiere,3 BEDROOMS APARTMENT 8 PEOPLE HAMEAU DE TOVIERE ARGENTIERE,,Tignes Le Lavachet,no,https://booking.tignes.net/3-bedrooms-apartment-8-people-hameau-de-toviere-argentiere-tignes-le-lavachet-tihamto534.html
Tignes Réservation,tignes-reservation-3-bedrooms-apartment-8-people-kandahar-a3,3 BEDROOMS APARTMENT 8 PEOPLE KANDAHAR A3,,Tignes Le Lavachet,no,https://booking.tignes.net/3-bedrooms-apartment-8-people-kandahar-a3-tignes-le-lavachet-95.html
Tignes Réservation,tignes-reservation-3-bedrooms-apartment-8-people-rives-b-21,3 BEDROOMS APARTMENT 8 PEOPLE RIVES B 21,,Tignes Le Lavachet,no,https://booking.tignes.net/3-bedrooms-apartment-8-people-rives-b-21-tignes-le-lavachet-tirivb21.html
Tignes Réservation,tignes-reservation-3-bedrooms-apartment-8-people-roches-rouges-a-12,3 BEDROOMS APARTMENT 8 PEOPLE ROCHES ROUGES A 12,,Tignes Le Lavachet,no,https://booking.tignes.net/3-bedrooms-apartment-8-people-roches-rouges-a-12-tignes-le-lavachet-rra012r.html
Tignes Réservation,tignes-reservation-3-bedrooms-apartment-8-people-tour-du-lac-53,3 BEDROOMS APARTMENT 8 PEOPLE TOUR DU LAC 53,,Tignes Le Lavachet,no,https://booking.tignes.net/3-bedrooms-apartment-8-people-tour-du-lac-53-tignes-le-lavachet-titlac53.html
Tignes Réservation,tignes-reservation-3-room-4-people-2100-b-24,3 ROOM 4 PEOPLE 2100 B 24,,Tignes Le Lavachet,no,https://booking.tignes.net/3-room-4-people-2100-b-24-tignes-le-lavachet-2100b24.html
Tignes Réservation,tignes-reservation-4-bedrooms-10-people-soldanelles-34,4 BEDROOMS 10 PEOPLE SOLDANELLES 34,,Tignes Le Lavachet,no,https://booking.tignes.net/4-bedrooms-10-people-soldanelles-34-tignes-le-lavachet-soldanelles34.html
Tignes Réservation,tignes-reservation-4-bedrooms-8-people-chalet-ancolie,4 BEDROOMS 8 PEOPLE CHALET ANCOLIE,,Tignes Le Lavachet,no,https://booking.tignes.net/4-bedrooms-8-people-chalet-ancolie-tignes-le-lavachet-ancolie.html
Tignes Réservation,tignes-reservation-chalet-3-bedrooms-7-people-chalet-reynaud,CHALET 3 BEDROOMS 7 PEOPLE CHALET REYNAUD,,Tignes Le Lavachet,no,https://booking.tignes.net/chalet-3-bedrooms-7-people-chalet-reynaud-tignes-le-lavachet-chaletreynaud.html
Build My Ski Trip,build-my-ski-trip-artayma,Catered Chalet Artayma,Build My Ski Trip,Tignes Le Lavachet,no,https://www.buildmyskitrip.com/Hotel/tignes-catered-chalet-artayma
SeeTignes,build-my-ski-trip-artayma,Catered Chalet Artayma,Build My Ski Trip,Tignes Le Lavachet,no,https://www.buildmyskitrip.com/Hotel/tignes-catered-chalet-artayma
Ski Line,sno-chalet-camille,Chalet Camille,Ski Vertigo,Tignes Le Lavachet,no,https://www.sno.co.uk/ski-holidays/chalet-camille_19681/
Sno,sno-chalet-camille,Chalet Camille,Ski Vertigo,Tignes Le Lavachet,no,https://www.sno.co.uk/ski-holidays/chalet-camille_19681/
Ski Line,sno-chalet-isabelle,Chalet Isabelle,Ski Vertigo,Tignes Le Lavachet,no,https://www.sno.co.uk/ski-holidays/chalet-isabelle_19682/
Sno,sno-chalet-isabelle,Chalet Isabelle,Ski Vertigo,Tignes Le Lavachet,no,https://www.sno.co.uk/ski-holidays/chalet-isabelle_19682/
Ski Line,sno-chalet-kitz,Chalet Kitz,Ski Vertigo,Tignes Le Lavachet,no,https://www.sno.co.uk/ski-holidays/chalet-kitz_19206/
Sno,sno-chalet-kitz,Chalet Kitz,Ski Vertigo,Tignes Le Lavachet,no,https://www.sno.co.uk/ski-holidays/chalet-kitz_19206/
Tignes Réservation,tignes-reservation-studio-2-people-glaciers-23,STUDIO 2 PEOPLE GLACIERS 23,,Tignes Le Lavachet,no,https://booking.tignes.net/studio-2-people-glaciers-23-tignes-le-lavachet-tigla23.html
Tignes Réservation,tignes-reservation-studio-2-people-kandahar-b-30,STUDIO 2 PEOPLE KANDAHAR B 30,,Tignes Le Lavachet,no,https://booking.tignes.net/studio-2-people-kandahar-b-30-tignes-le-lavachet-7.html
Tignes Réservation,tignes-reservation-studio-2-people-savoy-11,STUDIO 2 PEOPLE SAVOY 11,,Tignes Le Lavachet,no,https://booking.tignes.net/studio-2-people-savoy-11-tignes-le-lavachet-tisav11-1.html
Tignes Réservation,tignes-reservation-studio-2-people-tour-du-lac-40,STUDIO 2 PEOPLE TOUR DU LAC 40,,Tignes Le Lavachet,no,https://booking.tignes.net/studio-2-people-tour-du-lac-40-tignes-le-lavachet-tlac40.html
Tignes Réservation,tignes-reservation-studio-2-people-tour-du-lac-dahu,STUDIO 2 PEOPLE TOUR DU LAC DAHU,,Tignes Le Lavachet,no,https://booking.tignes.net/studio-2-people-tour-du-lac-dahu-tignes-le-lavachet-titlac25.html
Tignes Réservation,tignes-reservation-studio-3-people-grand-pre-14,STUDIO 3 PEOPLE GRAND PRE 14,,Tignes Le Lavachet,no,https://booking.tignes.net/studio-3-people-grand-pre-14-tignes-le-lavachet-fr73512305.html
Tignes Réservation,tignes-reservation-studio-4-people-2100-b-6,STUDIO 4 PEOPLE 2100 B 6,,Tignes Le Lavachet,no,https://booking.tignes.net/studio-4-people-2100-b-6-tignes-le-lavachet-fr73512458.html
Tignes Réservation,tignes-reservation-studio-4-people-chalet-neve-04,STUDIO 4 PEOPLE CHALET NEVE 04,,Tignes Le Lavachet,no,https://booking.tignes.net/studio-4-people-chalet-neve-04-tignes-le-lavachet-hstichanev04.html
Tignes Réservation,tignes-reservation-studio-4-people-chalet-neve-05,STUDIO 4 PEOPLE CHALET NEVE 05,,Tignes Le Lavachet,no,https://booking.tignes.net/studio-4-people-chalet-neve-05-tignes-le-lavachet-hstichanev05.html
Tignes Réservation,tignes-reservation-studio-4-people-grand-pre-30,STUDIO 4 PEOPLE GRAND PRÉ 30,,Tignes Le Lavachet,no,https://booking.tignes.net/studio-4-people-grand-pre-30-tignes-le-lavachet-tigpre30-1.html
Tignes Réservation,tignes-reservation-studio-4-people-home-club-002,STUDIO 4 PEOPLE HOME CLUB 002,,Tignes Le Lavachet,no,https://booking.tignes.net/studio-4-people-home-club-002-tignes-le-lavachet-tihc002.html
Tignes Réservation,tignes-reservation-studio-4-people-home-club-019,STUDIO 4 PEOPLE HOME CLUB 019,,Tignes Le Lavachet,no,https://booking.tignes.net/studio-4-people-home-club-019-tignes-le-lavachet-hc019.html
Tignes Réservation,tignes-reservation-studio-4-people-home-club-038,STUDIO 4 PEOPLE HOME CLUB 038,,Tignes Le Lavachet,no,https://booking.tignes.net/studio-4-people-home-club-038-tignes-le-lavachet-hc038.html
Tignes Réservation,tignes-reservation-studio-4-people-home-club-075,STUDIO 4 PEOPLE HOME CLUB 075,,Tignes Le Lavachet,no,https://booking.tignes.net/studio-4-people-home-club-075-tignes-le-lavachet-hc075.html
Tignes Réservation,tignes-reservation-studio-4-people-home-club-090,STUDIO 4 PEOPLE HOME CLUB 090,,Tignes Le Lavachet,no,https://booking.tignes.net/studio-4-people-home-club-090-tignes-le-lavachet-hc090.html
Tignes Réservation,tignes-reservation-studio-4-people-home-club-095,STUDIO 4 PEOPLE HOME CLUB 095,,Tignes Le Lavachet,no,https://booking.tignes.net/studio-4-people-home-club-095-tignes-le-lavachet-hcb095.html
Tignes Réservation,tignes-reservation-studio-4-people-home-club-105,STUDIO 4 PEOPLE HOME CLUB 105,,Tignes Le Lavachet,no,https://booking.tignes.net/studio-4-people-home-club-105-tignes-le-lavachet-tihc105.html
Tignes Réservation,tignes-reservation-studio-4-people-home-club-113,STUDIO 4 PEOPLE HOME CLUB 113,,Tignes Le Lavachet,no,https://booking.tignes.net/studio-4-people-home-club-113-tignes-le-lavachet-tihc113.html
Tignes Réservation,tignes-reservation-studio-4-people-home-club-121,STUDIO 4 PEOPLE HOME CLUB 121,,Tignes Le Lavachet,no,https://booking.tignes.net/studio-4-people-home-club-121-tignes-le-lavachet-hc121.html
Tignes Réservation,tignes-reservation-studio-4-people-home-club-122,STUDIO 4 PEOPLE HOME CLUB 122,,Tignes Le Lavachet,no,https://booking.tignes.net/studio-4-people-home-club-122-tignes-le-lavachet-tihc122.html
Tignes Réservation,tignes-reservation-studio-4-people-home-club-126,STUDIO 4 PEOPLE HOME CLUB 126,,Tignes Le Lavachet,no,https://booking.tignes.net/studio-4-people-home-club-126-tignes-le-lavachet-tihc126.html
Tignes Réservation,tignes-reservation-studio-4-people-home-club-138,STUDIO 4 PEOPLE HOME CLUB 138,,Tignes Le Lavachet,no,https://booking.tignes.net/studio-4-people-home-club-138-tignes-le-lavachet-tihc138.html
Tignes Réservation,tignes-reservation-studio-4-people-home-club-145,STUDIO 4 PEOPLE HOME CLUB 145,,Tignes Le Lavachet,no,https://booking.tignes.net/studio-4-people-home-club-145-tignes-le-lavachet-hc145.html
Tignes Réservation,tignes-reservation-studio-4-people-home-club-148,STUDIO 4 PEOPLE HOME CLUB 148,,Tignes Le Lavachet,no,https://booking.tignes.net/studio-4-people-home-club-148-tignes-le-lavachet-homeclub148.html
Tignes Réservation,tignes-reservation-studio-4-people-home-club-153,STUDIO 4 PEOPLE HOME CLUB 153,,Tignes Le Lavachet,no,https://booking.tignes.net/studio-4-people-home-club-153-tignes-le-lavachet-tihc153-1.html
Tignes Réservation,tignes-reservation-studio-4-people-home-club-169,STUDIO 4 PEOPLE HOME CLUB 169,,Tignes Le Lavachet,no,https://booking.tignes.net/studio-4-people-home-club-169-tignes-le-lavachet-homeclub169.html
Tignes Réservation,tignes-reservation-studio-4-people-home-club-175,STUDIO 4 PEOPLE HOME CLUB 175,,Tignes Le Lavachet,no,https://booking.tignes.net/studio-4-people-home-club-175-tignes-le-lavachet-tihc175.html
Tignes Réservation,tignes-reservation-studio-4-people-home-club-178,STUDIO 4 PEOPLE HOME CLUB 178,,Tignes Le Lavachet,no,https://booking.tignes.net/studio-4-people-home-club-178-tignes-le-lavachet-tihc178.html
Tignes Réservation,tignes-reservation-studio-4-people-home-club-179,STUDIO 4 PEOPLE HOME CLUB 179,,Tignes Le Lavachet,no,https://booking.tignes.net/studio-4-people-home-club-179-tignes-le-lavachet-tihc179.html
Tignes Réservation,tignes-reservation-studio-4-people-home-club-184,STUDIO 4 PEOPLE HOME CLUB 184,,Tignes Le Lavachet,no,https://booking.tignes.net/studio-4-people-home-club-184-tignes-le-lavachet-hc184.html
Tignes Réservation,tignes-reservation-studio-4-people-home-club-185,STUDIO 4 PEOPLE HOME CLUB 185,,Tignes Le Lavachet,no,https://booking.tignes.net/studio-4-people-home-club-185-tignes-le-lavachet-tihc185.html
Tignes Réservation,tignes-reservation-studio-4-people-home-club-192,STUDIO 4 PEOPLE HOME CLUB 192,,Tignes Le Lavachet,no,https://booking.tignes.net/studio-4-people-home-club-192-tignes-le-lavachet-fr73512009.html
Tignes Réservation,tignes-reservation-studio-4-people-home-club-198,STUDIO 4 PEOPLE HOME CLUB 198,,Tignes Le Lavachet,no,https://booking.tignes.net/studio-4-people-home-club-198-tignes-le-lavachet-hc198.html
Tignes Réservation,tignes-reservation-studio-4-people-home-club-201,STUDIO 4 PEOPLE HOME CLUB 201,,Tignes Le Lavachet,no,https://booking.tignes.net/studio-4-people-home-club-201-tignes-le-lavachet-hc201.html
Tignes Réservation,tignes-reservation-studio-4-people-home-club-221,STUDIO 4 PEOPLE HOME CLUB 221,,Tignes Le Lavachet,no,https://booking.tignes.net/studio-4-people-home-club-221-tignes-le-lavachet-hc211.html
Tignes Réservation,tignes-reservation-studio-4-people-home-club-226,STUDIO 4 PEOPLE HOME CLUB 226,,Tignes Le Lavachet,no,https://booking.tignes.net/studio-4-people-home-club-226-tignes-le-lavachet-hc226.html
Tignes Réservation,tignes-reservation-studio-4-people-home-club-231,STUDIO 4 PEOPLE HOME CLUB 231,,Tignes Le Lavachet,no,https://booking.tignes.net/studio-4-people-home-club-231-tignes-le-lavachet-hcb231.html
Tignes Réservation,tignes-reservation-studio-4-people-home-club-240,STUDIO 4 PEOPLE HOME CLUB 240,,Tignes Le Lavachet,no,https://booking.tignes.net/studio-4-people-home-club-240-tignes-le-lavachet-hc240.html
Tignes Réservation,tignes-reservation-studio-4-people-home-club-252,STUDIO 4 PEOPLE HOME CLUB 252,,Tignes Le Lavachet,no,https://booking.tignes.net/studio-4-people-home-club-252-tignes-le-lavachet-tihc252-1.html
Tignes Réservation,tignes-reservation-studio-4-people-home-club-40,STUDIO 4 PEOPLE HOME CLUB 40,,Tignes Le Lavachet,no,https://booking.tignes.net/studio-4-people-home-club-40-tignes-le-lavachet-fr735120013.html
Tignes Réservation,tignes-reservation-studio-4-people-home-club-46,STUDIO 4 PEOPLE HOME CLUB 46,,Tignes Le Lavachet,no,https://booking.tignes.net/studio-4-people-home-club-46-tignes-le-lavachet-hcb046.html
Tignes Réservation,tignes-reservation-studio-4-people-home-club-52,STUDIO 4 PEOPLE HOME CLUB 52,,Tignes Le Lavachet,no,https://booking.tignes.net/studio-4-people-home-club-52-tignes-le-lavachet-hcb052r.html
Tignes Réservation,tignes-reservation-studio-4-people-home-club-56,STUDIO 4 PEOPLE HOME CLUB 56,,Tignes Le Lavachet,no,https://booking.tignes.net/studio-4-people-home-club-56-tignes-le-lavachet-18.html
Tignes Réservation,tignes-reservation-studio-4-people-home-club-65,STUDIO 4 PEOPLE HOME CLUB 65,,Tignes Le Lavachet,no,https://booking.tignes.net/studio-4-people-home-club-65-tignes-le-lavachet-tihc065-1.html
Tignes Réservation,tignes-reservation-studio-4-people-home-club-70,STUDIO 4 PEOPLE HOME CLUB 70,,Tignes Le Lavachet,no,https://booking.tignes.net/studio-4-people-home-club-70-tignes-le-lavachet-hcb070r.html
Tignes Réservation,tignes-reservation-studio-4-people-pistes-17,STUDIO 4 PEOPLE PISTES 17,,Tignes Le Lavachet,no,https://booking.tignes.net/studio-4-people-pistes-17-tignes-le-lavachet-fr73512402.html
Tignes Réservation,tignes-reservation-studio-4-people-pistes-23,STUDIO 4 PEOPLE PISTES 23,,Tignes Le Lavachet,no,https://booking.tignes.net/studio-4-people-pistes-23-tignes-le-lavachet-pistes23.html
Tignes Réservation,tignes-reservation-studio-4-people-roches-rouges-c-6,STUDIO 4 PEOPLE ROCHES ROUGES C 6,,Tignes Le Lavachet,no,https://booking.tignes.net/studio-4-people-roches-rouges-c-6-tignes-le-lavachet-rrc6.html
Tignes Réservation,tignes-reservation-studio-4-people-soldanelles-18,STUDIO 4 PEOPLE SOLDANELLES 18,,Tignes Le Lavachet,no,https://booking.tignes.net/studio-4-people-soldanelles-18-tignes-le-lavachet-soldanelles18.html
Tignes Réservation,tignes-reservation-studio-4-personnes-pistes-13,STUDIO 4 PERSONNES PISTES 13,,Tignes Le Lavachet,no,https://booking.tignes.net/studio-4-personnes-pistes-13-tignes-le-lavachet-fr73512404.html
Tignes Réservation,tignes-reservation-studio-5-people-2100-b-19,STUDIO 5 PEOPLE 2100 B 19,,Tignes Le Lavachet,no,https://booking.tignes.net/studio-5-people-2100-b-19-tignes-le-lavachet-tir2100b19-1.html
Tignes Réservation,tignes-reservation-studio-5-people-grande-casse-006,STUDIO 5 PEOPLE GRANDE CASSE 006,,Tignes Le Lavachet,no,https://booking.tignes.net/studio-5-people-grande-casse-006-tignes-le-lavachet-lgc006.html
Tignes Réservation,tignes-reservation-studio-home-club,Studio - HOME CLUB,,Tignes Le Lavachet,no,https://booking.tignes.net/studio-home-club-tignes-le-lavachet-tihc180.html
Ski Line,sno-chalet-raoul,Chalet Raoul,unknown (sold via Sno; operator code 'wlc'),Tignes Les Boisses,no,https://www.sno.co.uk/ski-holidays/chalet-raoul_21603/
Sno,sno-chalet-raoul,Chalet Raoul,unknown (sold via Sno; operator code 'wlc'),Tignes Les Boisses,no,https://www.sno.co.uk/ski-holidays/chalet-raoul_21603/
Hotel Le Dôme (own site),allchalets-chalet-hotel-le-dome,Chalet hotel Le Dome,Chalet-Hotel Le Dôme (owner Christian Chartron),Tignes Les Boisses,yes,https://www.allchalets.com/holiday-rentals/23634-hotel-in-tignes-les-boisses-france
allChalets,allchalets-chalet-hotel-le-dome,Chalet hotel Le Dome,Chalet-Hotel Le Dôme (owner Christian Chartron),Tignes Les Boisses,yes,https://www.allchalets.com/holiday-rentals/23634-hotel-in-tignes-les-boisses-france
ChaletFinder,allchalets-le-chalet-des-boisses,Le Chalet des Boisses,unknown (owner/agency listing on allChalets),Tignes Les Boisses,no,https://www.allchalets.com/holiday-rentals/28065-chalet-in-tignes-les-boisses-france
Chalets Direct,allchalets-le-chalet-des-boisses,Le Chalet des Boisses,unknown (owner/agency listing on allChalets),Tignes Les Boisses,no,https://www.allchalets.com/holiday-rentals/28065-chalet-in-tignes-les-boisses-france
allChalets,allchalets-le-chalet-des-boisses,Le Chalet des Boisses,unknown (owner/agency listing on allChalets),Tignes Les Boisses,no,https://www.allchalets.com/holiday-rentals/28065-chalet-in-tignes-les-boisses-france
Ski Line,allchalets-chalet-aspen,Chalet Aspen,unknown (owner/agency listing on allChalets),Tignes Les Brevieres,no,https://www.allchalets.com/holiday-rentals/28817-chalet-in-tignes-les-brevieres-france
Tignes Réservation,allchalets-chalet-aspen,Chalet Aspen,unknown (owner/agency listing on allChalets),Tignes Les Brevieres,no,https://www.allchalets.com/holiday-rentals/28817-chalet-in-tignes-les-brevieres-france
allChalets,allchalets-chalet-aspen,Chalet Aspen,unknown (owner/agency listing on allChalets),Tignes Les Brevieres,no,https://www.allchalets.com/holiday-rentals/28817-chalet-in-tignes-les-brevieres-france
allChalets,allchalets-chalet-belvedere-vi,Chalet Belvedere VI,unknown (owner/agency listing on allChalets),Tignes Les Brevieres,no,https://www.allchalets.com/holiday-rentals/25745-chalet-in-tignes-les-brevieres-france
allChalets,allchalets-chalet-eagle,Chalet Eagle,private advertiser on allChalets (enquiry contact: Martin Bright) - same contact as Chalet des Neiges V and Chalet Tignes V,Tignes Les Brevieres,yes,https://www.allchalets.com/holiday-rentals/40318-apartment-in-tignes-les-brevieres-france
allChalets,allchalets-chalet-les-brevieres,Chalet Les Brevieres,unknown (owner/agency listing on allChalets),Tignes Les Brevieres,no,https://www.allchalets.com/holiday-rentals/39318-chalet-in-tignes-les-brevieres-france
Tignes Réservation,allchalets-chalet-les-brevieres-vi,Chalet Les Brevieres VI (Breckenridge Sud),unknown (owner/agency listing on allChalets),Tignes Les Brevieres,no,https://www.allchalets.com/holiday-rentals/62849-chalet-in-tignes-les-brevieres-france
allChalets,allchalets-chalet-les-brevieres-vi,Chalet Les Brevieres VI (Breckenridge Sud),unknown (owner/agency listing on allChalets),Tignes Les Brevieres,no,https://www.allchalets.com/holiday-rentals/62849-chalet-in-tignes-les-brevieres-france
allChalets,allchalets-chalet-refuge,Chalet Refuge,unknown (owner/agency listing on allChalets),Tignes Les Brevieres,no,https://www.allchalets.com/holiday-rentals/28021-apartment-in-tignes-les-brevieres-france
Tignes Réservation,allchalets-chalet-st-bernard,Chalet St Bernard,unknown (owner/agency listing on allChalets),Tignes Les Brevieres,no,https://www.allchalets.com/holiday-rentals/41992-chalet-in-tignes-les-brevieres-france
allChalets,allchalets-chalet-st-bernard,Chalet St Bernard,unknown (owner/agency listing on allChalets),Tignes Les Brevieres,no,https://www.allchalets.com/holiday-rentals/41992-chalet-in-tignes-les-brevieres-france
See Tignes,allchalets-chalet-sundance,Chalet Sundance,unknown (owner/agency listing on allChalets),Tignes Les Brevieres,no,https://www.allchalets.com/holiday-rentals/24054-chalet-in-tignes-les-brevieres-france
allChalets,allchalets-chalet-sundance,Chalet Sundance,unknown (owner/agency listing on allChalets),Tignes Les Brevieres,no,https://www.allchalets.com/holiday-rentals/24054-chalet-in-tignes-les-brevieres-france
allChalets,allchalets-chalet-tignes-v,Chalet Tignes V,private advertiser on allChalets (enquiry contact: Martin Bright) - same contact as Chalet Eagle and Chalet des Neiges V,Tignes Les Brevieres,yes,https://www.allchalets.com/holiday-rentals/41917-chalet-in-tignes-les-brevieres-france
Alpine Answers,whitehorizon-chalet-alistelle,Chalet Alistelle,White Horizon Chalets,Tignes Les Brévières,no,https://www.whitehorizonchalets.co.uk/accommodation/chalet-alistelle/
ChaletFinder,whitehorizon-chalet-alistelle,Chalet Alistelle,White Horizon Chalets,Tignes Les Brévières,no,https://www.whitehorizonchalets.co.uk/accommodation/chalet-alistelle/
Tignes Spirit,whitehorizon-chalet-alistelle,Chalet Alistelle,White Horizon Chalets,Tignes Les Brévières,no,https://www.whitehorizonchalets.co.uk/accommodation/chalet-alistelle/
White Horizon Chalets,whitehorizon-chalet-alistelle,Chalet Alistelle,White Horizon Chalets,Tignes Les Brévières,no,https://www.whitehorizonchalets.co.uk/accommodation/chalet-alistelle/
allChalets,whitehorizon-chalet-alistelle,Chalet Alistelle,White Horizon Chalets,Tignes Les Brévières,no,https://www.whitehorizonchalets.co.uk/accommodation/chalet-alistelle/
Alpine Answers,whitehorizon-chalet-arabette,Chalet Arabette,White Horizon Chalets,Tignes Les Brévières,no,https://www.whitehorizonchalets.co.uk/accommodation/chalet-arabette/
ChaletFinder,whitehorizon-chalet-arabette,Chalet Arabette,White Horizon Chalets,Tignes Les Brévières,no,https://www.whitehorizonchalets.co.uk/accommodation/chalet-arabette/
See Tignes,whitehorizon-chalet-arabette,Chalet Arabette,White Horizon Chalets,Tignes Les Brévières,no,https://www.whitehorizonchalets.co.uk/accommodation/chalet-arabette/
Tignes Spirit,whitehorizon-chalet-arabette,Chalet Arabette,White Horizon Chalets,Tignes Les Brévières,no,https://www.whitehorizonchalets.co.uk/accommodation/chalet-arabette/
White Horizon Chalets,whitehorizon-chalet-arabette,Chalet Arabette,White Horizon Chalets,Tignes Les Brévières,no,https://www.whitehorizonchalets.co.uk/accommodation/chalet-arabette/
allChalets,whitehorizon-chalet-arabette,Chalet Arabette,White Horizon Chalets,Tignes Les Brévières,no,https://www.whitehorizonchalets.co.uk/accommodation/chalet-arabette/
Ski Line,tignesreservation-chalet-babylon,Chalet Babylon,Tignes Réservation (estate agency listing),Tignes Les Brévières,no,https://booking.tignes.net/chalet-babylon-tignes-les-brevieres-1550-avp001.html
Tignes Réservation,tignesreservation-chalet-babylon,Chalet Babylon,Tignes Réservation (estate agency listing),Tignes Les Brévières,no,https://booking.tignes.net/chalet-babylon-tignes-les-brevieres-1550-avp001.html
Tignes Réservation,tignesreservation-chalet-banksy-tribute,Chalet Banksy Tribute,Tignes Réservation (estate agency listing),Tignes Les Brévières,no,https://booking.tignes.net/chalet-banksy-tribute-tignes-les-brevieres-1550-avp001.html
Alpine Answers,chardons-chalet-belvedere,Chalet Belvedere,Chalet Chardons,Tignes Les Brévières,no,https://www.chaletchardons.com/ski-chalet-france/chalet-belvedere/
Chalet Chardons,chardons-chalet-belvedere,Chalet Belvedere,Chalet Chardons,Tignes Les Brévières,no,https://www.chaletchardons.com/ski-chalet-france/chalet-belvedere/
See Tignes,chardons-chalet-belvedere,Chalet Belvedere,Chalet Chardons,Tignes Les Brévières,no,https://www.chaletchardons.com/ski-chalet-france/chalet-belvedere/
Ski Line,chardons-chalet-belvedere,Chalet Belvedere,Chalet Chardons,Tignes Les Brévières,no,https://www.chaletchardons.com/ski-chalet-france/chalet-belvedere/
Sno,chardons-chalet-belvedere,Chalet Belvedere,Chalet Chardons,Tignes Les Brévières,no,https://www.chaletchardons.com/ski-chalet-france/chalet-belvedere/
Tignes Spirit,chardons-chalet-belvedere,Chalet Belvedere,Chalet Chardons,Tignes Les Brévières,no,https://www.chaletchardons.com/ski-chalet-france/chalet-belvedere/
allChalets,chardons-chalet-belvedere,Chalet Belvedere,Chalet Chardons,Tignes Les Brévières,no,https://www.chaletchardons.com/ski-chalet-france/chalet-belvedere/
Tignes Réservation,tignesreservation-chalet-blue-wood,Chalet Blue Wood,Tignes Réservation (estate agency listing),Tignes Les Brévières,no,https://booking.tignes.net/chalet-3-bedrooms-8-people-blue-wood-tignes-les-brevieres-1550-bluewood.html
Alpine Answers,chardons-chalet-boubou-plus,Chalet Boubou Plus,Chalet Chardons,Tignes Les Brévières,no,https://www.chaletchardons.com/ski-chalet-france/chalet-boubou-plus/
Chalet Chardons,chardons-chalet-boubou-plus,Chalet Boubou Plus,Chalet Chardons,Tignes Les Brévières,no,https://www.chaletchardons.com/ski-chalet-france/chalet-boubou-plus/
See Tignes,chardons-chalet-boubou-plus,Chalet Boubou Plus,Chalet Chardons,Tignes Les Brévières,no,https://www.chaletchardons.com/ski-chalet-france/chalet-boubou-plus/
Ski Line,chardons-chalet-boubou-plus,Chalet Boubou Plus,Chalet Chardons,Tignes Les Brévières,no,https://www.chaletchardons.com/ski-chalet-france/chalet-boubou-plus/
Sno,chardons-chalet-boubou-plus,Chalet Boubou Plus,Chalet Chardons,Tignes Les Brévières,no,https://www.chaletchardons.com/ski-chalet-france/chalet-boubou-plus/
Tignes Spirit,chardons-chalet-boubou-plus,Chalet Boubou Plus,Chalet Chardons,Tignes Les Brévières,no,https://www.chaletchardons.com/ski-chalet-france/chalet-boubou-plus/
allChalets,chardons-chalet-boubou-plus,Chalet Boubou Plus,Chalet Chardons,Tignes Les Brévières,no,https://www.chaletchardons.com/ski-chalet-france/chalet-boubou-plus/
Tignes Réservation,tignesreservation-chalet-casa-alba,Chalet Casa Alba,Tignes Réservation (estate agency listing),Tignes Les Brévières,no,https://booking.tignes.net/chalet-5-bedrooms-10-people-casa-alba-tignes-les-brevieres-1550-casaalba.html
Ski Line,tignesreservation-chalet-charlie,Chalet Charlie,Tignes Réservation (estate agency listing),Tignes Les Brévières,no,https://booking.tignes.net/chalet-charlie-tignes-les-brevieres-1550-avp001.html
Tignes Réservation,tignesreservation-chalet-charlie,Chalet Charlie,Tignes Réservation (estate agency listing),Tignes Les Brévières,no,https://booking.tignes.net/chalet-charlie-tignes-les-brevieres-1550-avp001.html
Alpine Answers,chardons-chalet-coeur-des-brevieres,Chalet Coeur des Brévières,Chalet Chardons,Tignes Les Brévières,yes,https://www.chaletchardons.com/ski-chalet-france/chalet-coeur-des-brevieres/
Chalet Chardons,chardons-chalet-coeur-des-brevieres,Chalet Coeur des Brévières,Chalet Chardons,Tignes Les Brévières,yes,https://www.chaletchardons.com/ski-chalet-france/chalet-coeur-des-brevieres/
See Tignes,chardons-chalet-coeur-des-brevieres,Chalet Coeur des Brévières,Chalet Chardons,Tignes Les Brévières,yes,https://www.chaletchardons.com/ski-chalet-france/chalet-coeur-des-brevieres/
Ski Line,chardons-chalet-coeur-des-brevieres,Chalet Coeur des Brévières,Chalet Chardons,Tignes Les Brévières,yes,https://www.chaletchardons.com/ski-chalet-france/chalet-coeur-des-brevieres/
Sno,chardons-chalet-coeur-des-brevieres,Chalet Coeur des Brévières,Chalet Chardons,Tignes Les Brévières,yes,https://www.chaletchardons.com/ski-chalet-france/chalet-coeur-des-brevieres/
allChalets,chardons-chalet-coeur-des-brevieres,Chalet Coeur des Brévières,Chalet Chardons,Tignes Les Brévières,yes,https://www.chaletchardons.com/ski-chalet-france/chalet-coeur-des-brevieres/
Tignes Réservation,tignesreservation-chalet-colettine,Chalet Colettine,Tignes Réservation (estate agency listing),Tignes Les Brévières,no,https://booking.tignes.net/chalet-5-bedrooms-10-people-colettine-tignes-les-brevieres-1550-chaletcolettine.html
Ski Line,tignesreservation-chalet-crystal-ridge,Chalet Crystal Ridge,Tignes Réservation (estate agency listing),Tignes Les Brévières,no,https://booking.tignes.net/chalet-7-bedrooms-12-people-crystal-ridge-tignes-les-brevieres-1550-crystalridge.html
Tignes Réservation,tignesreservation-chalet-crystal-ridge,Chalet Crystal Ridge,Tignes Réservation (estate agency listing),Tignes Les Brévières,no,https://booking.tignes.net/chalet-7-bedrooms-12-people-crystal-ridge-tignes-les-brevieres-1550-crystalridge.html
Chalet Chardons,chardons-chalet-hattiers-apartment-1,Chalet Hattiers Apartment 1,Chalet Chardons,Tignes Les Brévières,yes,https://www.chaletchardons.com/ski-chalet-france/chalet-hattiers-apartment-1/
allChalets,chardons-chalet-hattiers-apartment-1,Chalet Hattiers Apartment 1,Chalet Chardons,Tignes Les Brévières,yes,https://www.chaletchardons.com/ski-chalet-france/chalet-hattiers-apartment-1/
Chalet Chardons,chardons-chalet-hattiers-apartment-2,Chalet Hattiers Apartment 2,Chalet Chardons,Tignes Les Brévières,no,https://www.chaletchardons.com/ski-chalet-france/chalet-hattiers-apartment-2/
allChalets,chardons-chalet-hattiers-apartment-2,Chalet Hattiers Apartment 2,Chalet Chardons,Tignes Les Brévières,no,https://www.chaletchardons.com/ski-chalet-france/chalet-hattiers-apartment-2/
Chalet Chardons,chardons-chalet-hattiers-long-stay-room,Chalet Hattiers Long Stay Room,Chalet Chardons,Tignes Les Brévières,no,https://www.chaletchardons.com/ski-chalet-france/chalet-hattiers-long-stay-room/
Alpine Answers,whitehorizon-chalet-ibex,Chalet Ibex,White Horizon Chalets,Tignes Les Brévières,no,https://www.whitehorizonchalets.co.uk/accommodation/chalet-ibex/
ChaletFinder,whitehorizon-chalet-ibex,Chalet Ibex,White Horizon Chalets,Tignes Les Brévières,no,https://www.whitehorizonchalets.co.uk/accommodation/chalet-ibex/
White Horizon Chalets,whitehorizon-chalet-ibex,Chalet Ibex,White Horizon Chalets,Tignes Les Brévières,no,https://www.whitehorizonchalets.co.uk/accommodation/chalet-ibex/
Alpine Answers,chardons-chalet-indah,Chalet Indah,Chalet Chardons,Tignes Les Brévières,no,https://www.chaletchardons.com/ski-chalet-france/chalet-indah-catered-ski-chalet-in-tignes/
Chalet Chardons,chardons-chalet-indah,Chalet Indah,Chalet Chardons,Tignes Les Brévières,no,https://www.chaletchardons.com/ski-chalet-france/chalet-indah-catered-ski-chalet-in-tignes/
Ski Line,chardons-chalet-indah,Chalet Indah,Chalet Chardons,Tignes Les Brévières,no,https://www.chaletchardons.com/ski-chalet-france/chalet-indah-catered-ski-chalet-in-tignes/
Sno,chardons-chalet-indah,Chalet Indah,Chalet Chardons,Tignes Les Brévières,no,https://www.chaletchardons.com/ski-chalet-france/chalet-indah-catered-ski-chalet-in-tignes/
allChalets,chardons-chalet-indah,Chalet Indah,Chalet Chardons,Tignes Les Brévières,no,https://www.chaletchardons.com/ski-chalet-france/chalet-indah-catered-ski-chalet-in-tignes/
Alpine Answers,chardons-chalet-isabella,Chalet Isabella,Chalet Chardons,Tignes Les Brévières,no,https://www.chaletchardons.com/ski-chalet-france/chalet-isabella/
Chalet Chardons,chardons-chalet-isabella,Chalet Isabella,Chalet Chardons,Tignes Les Brévières,no,https://www.chaletchardons.com/ski-chalet-france/chalet-isabella/
See Tignes,chardons-chalet-isabella,Chalet Isabella,Chalet Chardons,Tignes Les Brévières,no,https://www.chaletchardons.com/ski-chalet-france/chalet-isabella/
Ski Line,chardons-chalet-isabella,Chalet Isabella,Chalet Chardons,Tignes Les Brévières,no,https://www.chaletchardons.com/ski-chalet-france/chalet-isabella/
Sno,chardons-chalet-isabella,Chalet Isabella,Chalet Chardons,Tignes Les Brévières,no,https://www.chaletchardons.com/ski-chalet-france/chalet-isabella/
Tignes Spirit,chardons-chalet-isabella,Chalet Isabella,Chalet Chardons,Tignes Les Brévières,no,https://www.chaletchardons.com/ski-chalet-france/chalet-isabella/
allChalets,chardons-chalet-isabella,Chalet Isabella,Chalet Chardons,Tignes Les Brévières,no,https://www.chaletchardons.com/ski-chalet-france/chalet-isabella/
Tignes Réservation,tignesreservation-chalet-josephine-napoleon,Chalet Josephine & Napoleon,Tignes Réservation (estate agency listing),Tignes Les Brévières,no,https://booking.tignes.net/chalet-chalet-josephine-napoleon-15-people-tignes-les-brevieres-1550-josephinenapo.html
Alpine Answers,inghams-chalet-la-bergerie,Chalet La Bergerie,Inghams,Tignes Les Brévières,no,https://www.inghams.co.uk/ski-holidays/ski-resorts/france/tignes-val-disere-ski-area/tignes/chalet-la-bergerie-les-brevieres
Inghams,inghams-chalet-la-bergerie,Chalet La Bergerie,Inghams,Tignes Les Brévières,no,https://www.inghams.co.uk/ski-holidays/ski-resorts/france/tignes-val-disere-ski-area/tignes/chalet-la-bergerie-les-brevieres
Ski Line,inghams-chalet-la-bergerie,Chalet La Bergerie,Inghams,Tignes Les Brévières,no,https://www.inghams.co.uk/ski-holidays/ski-resorts/france/tignes-val-disere-ski-area/tignes/chalet-la-bergerie-les-brevieres
Sno,inghams-chalet-la-bergerie,Chalet La Bergerie,Inghams,Tignes Les Brévières,no,https://www.inghams.co.uk/ski-holidays/ski-resorts/france/tignes-val-disere-ski-area/tignes/chalet-la-bergerie-les-brevieres
Alpine Answers,whitehorizon-chalet-la-sache,Chalet La Sache,White Horizon Chalets,Tignes Les Brévières,no,https://www.whitehorizonchalets.co.uk/accommodation/chalet-la-sache/
ChaletFinder,whitehorizon-chalet-la-sache,Chalet La Sache,White Horizon Chalets,Tignes Les Brévières,no,https://www.whitehorizonchalets.co.uk/accommodation/chalet-la-sache/
White Horizon Chalets,whitehorizon-chalet-la-sache,Chalet La Sache,White Horizon Chalets,Tignes Les Brévières,no,https://www.whitehorizonchalets.co.uk/accommodation/chalet-la-sache/
Alpine Answers,whitehorizon-chalet-le-loup,Chalet Le Loup,White Horizon Chalets,Tignes Les Brévières,no,https://www.whitehorizonchalets.co.uk/accommodation/chalet-le-loup/
ChaletFinder,whitehorizon-chalet-le-loup,Chalet Le Loup,White Horizon Chalets,Tignes Les Brévières,no,https://www.whitehorizonchalets.co.uk/accommodation/chalet-le-loup/
See Tignes,whitehorizon-chalet-le-loup,Chalet Le Loup,White Horizon Chalets,Tignes Les Brévières,no,https://www.whitehorizonchalets.co.uk/accommodation/chalet-le-loup/
White Horizon Chalets,whitehorizon-chalet-le-loup,Chalet Le Loup,White Horizon Chalets,Tignes Les Brévières,no,https://www.whitehorizonchalets.co.uk/accommodation/chalet-le-loup/
allChalets,whitehorizon-chalet-le-loup,Chalet Le Loup,White Horizon Chalets,Tignes Les Brévières,no,https://www.whitehorizonchalets.co.uk/accommodation/chalet-le-loup/
See Tignes,whitehorizon-chalet-le-vallon,Chalet Le Vallon,White Horizon Chalets (legacy page),Tignes Les Brévières,no,https://www.whitehorizonchalets.co.uk/accommodation/chalet-le-vallon/
Tignes Spirit,whitehorizon-chalet-le-vallon,Chalet Le Vallon,White Horizon Chalets (legacy page),Tignes Les Brévières,no,https://www.whitehorizonchalets.co.uk/accommodation/chalet-le-vallon/
White Horizon Chalets,whitehorizon-chalet-le-vallon,Chalet Le Vallon,White Horizon Chalets (legacy page),Tignes Les Brévières,no,https://www.whitehorizonchalets.co.uk/accommodation/chalet-le-vallon/
allChalets,whitehorizon-chalet-le-vallon,Chalet Le Vallon,White Horizon Chalets (legacy page),Tignes Les Brévières,no,https://www.whitehorizonchalets.co.uk/accommodation/chalet-le-vallon/
Tignes Réservation,tignesreservation-chalet-les-sources-de-la-davie,Chalet Les Sources de la Davie,Tignes Réservation (estate agency listing),Tignes Les Brévières,no,https://booking.tignes.net/chalet-6-bedrooms-13-people-les-sources-de-la-davie-tignes-les-brevieres-1550-sourcedeladavie.html
Ski Line,allchalets-chalet-lo-soli,Chalet Lo Soli,unknown (owner/agency listing on allChalets),Tignes Les Brévières,no,https://booking.tignes.net/chalet-5-bedrooms-12-people-lo-soli-tignes-les-brevieres-1550-losoli.html
Tignes Réservation,allchalets-chalet-lo-soli,Chalet Lo Soli,unknown (owner/agency listing on allChalets),Tignes Les Brévières,no,https://booking.tignes.net/chalet-5-bedrooms-12-people-lo-soli-tignes-les-brevieres-1550-losoli.html
Tignes Spirit,allchalets-chalet-lo-soli,Chalet Lo Soli,unknown (owner/agency listing on allChalets),Tignes Les Brévières,no,https://booking.tignes.net/chalet-5-bedrooms-12-people-lo-soli-tignes-les-brevieres-1550-losoli.html
allChalets,allchalets-chalet-lo-soli,Chalet Lo Soli,unknown (owner/agency listing on allChalets),Tignes Les Brévières,no,https://booking.tignes.net/chalet-5-bedrooms-12-people-lo-soli-tignes-les-brevieres-1550-losoli.html
ChaletFinder,whitehorizon-chalet-neus,Chalet Neus,White Horizon Chalets,Tignes Les Brévières,yes,https://www.whitehorizonchalets.co.uk/accommodation/chalet-neus/
White Horizon Chalets,whitehorizon-chalet-neus,Chalet Neus,White Horizon Chalets,Tignes Les Brévières,yes,https://www.whitehorizonchalets.co.uk/accommodation/chalet-neus/
allChalets,whitehorizon-chalet-neus,Chalet Neus,White Horizon Chalets,Tignes Les Brévières,yes,https://www.whitehorizonchalets.co.uk/accommodation/chalet-neus/
Alpine Answers,chardons-chalet-panoramique,Chalet Panoramique,Chalet Chardons,Tignes Les Brévières,no,https://www.chaletchardons.com/ski-chalet-france/chalet-panoramique/
Chalet Chardons,chardons-chalet-panoramique,Chalet Panoramique,Chalet Chardons,Tignes Les Brévières,no,https://www.chaletchardons.com/ski-chalet-france/chalet-panoramique/
See Tignes,chardons-chalet-panoramique,Chalet Panoramique,Chalet Chardons,Tignes Les Brévières,no,https://www.chaletchardons.com/ski-chalet-france/chalet-panoramique/
Ski Line,chardons-chalet-panoramique,Chalet Panoramique,Chalet Chardons,Tignes Les Brévières,no,https://www.chaletchardons.com/ski-chalet-france/chalet-panoramique/
Sno,chardons-chalet-panoramique,Chalet Panoramique,Chalet Chardons,Tignes Les Brévières,no,https://www.chaletchardons.com/ski-chalet-france/chalet-panoramique/
allChalets,chardons-chalet-panoramique,Chalet Panoramique,Chalet Chardons,Tignes Les Brévières,no,https://www.chaletchardons.com/ski-chalet-france/chalet-panoramique/
Tignes Réservation,tignesreservation-chalet-paradis-blanc,Chalet Paradis Blanc,Tignes Réservation (estate agency listing),Tignes Les Brévières,no,https://booking.tignes.net/chalet-6-bedrooms-12-people-paradis-blanc-tignes-les-brevieres-1550-paradisblanc.html
Tignes Réservation,tignesreservation-chalet-quezac,Chalet Quezac,Tignes Réservation (estate agency listing),Tignes Les Brévières,no,https://booking.tignes.net/chalet-quezac-tignes-les-brevieres-1550-avp001.html
Tignes Spirit,tignesspirit-chalet-ranjarde,Chalet Ranjarde,unknown (listed by Tignes Spirit),Tignes Les Brévières,no,https://www.tignes-spirit.com/flats/details/101
Tignes Réservation,tignesreservation-chalet-raven,Chalet Raven,Tignes Réservation (estate agency listing),Tignes Les Brévières,no,https://booking.tignes.net/chalet-raven-tignes-les-brevieres-1550-avp001.html
Tignes Réservation,tignesreservation-chalet-rock-n-love,Chalet Rock 'N' Love,Tignes Réservation (estate agency listing),Tignes Les Brévières,no,https://booking.tignes.net/chalet-rock-n-love-tignes-les-brevieres-1550-avp001.html
Alpine Answers,chardons-chalet-rosko,Chalet Rosko,Chalet Chardons,Tignes Les Brévières,no,https://www.chaletchardons.com/ski-chalet-france/chalet-rosko/
Chalet Chardons,chardons-chalet-rosko,Chalet Rosko,Chalet Chardons,Tignes Les Brévières,no,https://www.chaletchardons.com/ski-chalet-france/chalet-rosko/
See Tignes,chardons-chalet-rosko,Chalet Rosko,Chalet Chardons,Tignes Les Brévières,no,https://www.chaletchardons.com/ski-chalet-france/chalet-rosko/
Ski Line,chardons-chalet-rosko,Chalet Rosko,Chalet Chardons,Tignes Les Brévières,no,https://www.chaletchardons.com/ski-chalet-france/chalet-rosko/
Sno,chardons-chalet-rosko,Chalet Rosko,Chalet Chardons,Tignes Les Brévières,no,https://www.chaletchardons.com/ski-chalet-france/chalet-rosko/
allChalets,chardons-chalet-rosko,Chalet Rosko,Chalet Chardons,Tignes Les Brévières,no,https://www.chaletchardons.com/ski-chalet-france/chalet-rosko/
Ski Line,skiworld-chalet-sachette,Chalet Sachette,Skiworld,Tignes Les Brévières,no,https://www.skiworld.co.uk/ski-holidays/france/tignes/ski-chalet-sachette
Skiworld,skiworld-chalet-sachette,Chalet Sachette,Skiworld,Tignes Les Brévières,no,https://www.skiworld.co.uk/ski-holidays/france/tignes/ski-chalet-sachette
Sno,skiworld-chalet-sachette,Chalet Sachette,Skiworld,Tignes Les Brévières,no,https://www.skiworld.co.uk/ski-holidays/france/tignes/ski-chalet-sachette
Tignes Réservation,skiworld-chalet-sachette,Chalet Sachette,Skiworld,Tignes Les Brévières,no,https://www.skiworld.co.uk/ski-holidays/france/tignes/ski-chalet-sachette
allChalets,skiworld-chalet-sachette,Chalet Sachette,Skiworld,Tignes Les Brévières,no,https://www.skiworld.co.uk/ski-holidays/france/tignes/ski-chalet-sachette
Alpine Answers,chardons-chalet-sophia,Chalet Sophia,Chalet Chardons,Tignes Les Brévières,no,https://www.chaletchardons.com/ski-chalet-france/chalet-sophia/
Chalet Chardons,chardons-chalet-sophia,Chalet Sophia,Chalet Chardons,Tignes Les Brévières,no,https://www.chaletchardons.com/ski-chalet-france/chalet-sophia/
See Tignes,chardons-chalet-sophia,Chalet Sophia,Chalet Chardons,Tignes Les Brévières,no,https://www.chaletchardons.com/ski-chalet-france/chalet-sophia/
Ski Line,chardons-chalet-sophia,Chalet Sophia,Chalet Chardons,Tignes Les Brévières,no,https://www.chaletchardons.com/ski-chalet-france/chalet-sophia/
Sno,chardons-chalet-sophia,Chalet Sophia,Chalet Chardons,Tignes Les Brévières,no,https://www.chaletchardons.com/ski-chalet-france/chalet-sophia/
Tignes Spirit,chardons-chalet-sophia,Chalet Sophia,Chalet Chardons,Tignes Les Brévières,no,https://www.chaletchardons.com/ski-chalet-france/chalet-sophia/
allChalets,chardons-chalet-sophia,Chalet Sophia,Chalet Chardons,Tignes Les Brévières,no,https://www.chaletchardons.com/ski-chalet-france/chalet-sophia/
Ski Line,tignesreservation-chalet-tango,Chalet Tango,Tignes Réservation (estate agency listing),Tignes Les Brévières,no,https://booking.tignes.net/chalet-tango-tignes-les-brevieres-1550-avp001.html
Tignes Réservation,tignesreservation-chalet-tango,Chalet Tango,Tignes Réservation (estate agency listing),Tignes Les Brévières,no,https://booking.tignes.net/chalet-tango-tignes-les-brevieres-1550-avp001.html
Ski Line,tignesreservation-chalet-ubud,Chalet Ubud,Tignes Réservation (estate agency listing),Tignes Les Brévières,no,https://booking.tignes.net/chalet-6-bedrooms-14-people-ubud-tignes-les-brevieres-1550-avp001.html
Tignes Réservation,tignesreservation-chalet-ubud,Chalet Ubud,Tignes Réservation (estate agency listing),Tignes Les Brévières,no,https://booking.tignes.net/chalet-6-bedrooms-14-people-ubud-tignes-les-brevieres-1550-avp001.html
Heidi,tignesreservation-chalet-whistler,Chalet Whistler,Tignes Réservation (estate agency listing),Tignes Les Brévières,no,https://booking.tignes.net/chalet-6-bedrooms-12-people-whistler-tignes-les-brevieres-1550-whistler.html
Tignes Réservation,tignesreservation-chalet-whistler,Chalet Whistler,Tignes Réservation (estate agency listing),Tignes Les Brévières,no,https://booking.tignes.net/chalet-6-bedrooms-12-people-whistler-tignes-les-brevieres-1550-whistler.html
Tignes Réservation,tignesreservation-chalet-zanskar,Chalet Zanskar,Tignes Réservation (estate agency listing),Tignes Les Brévières,no,https://booking.tignes.net/chalet-6-bedrooms-12-people-zanskar-tignes-les-brevieres-1550-zanskar.html
Tignes Réservation,tignesreservation-chalet-du-sarrasin,Chalet du Sarrasin,Tignes Réservation (estate agency listing),Tignes Les Brévières,no,https://booking.tignes.net/chalet-4-bedrooms-10-people-sarrasin-chaletsarrasin.html
Ski Line,skiline-hotel-les-brevieres,Hotel Les Brevieres,Ski Line (agent; hotel),Tignes Les Brévières,yes,https://www.skiline.co.uk/ski-holidays/france/tignes/hotel-les-brevieres
Alpine Elements,alpineelements-hotel-tetras-lodge,Hotel Tetras Lodge,Alpine Elements,Tignes Les Brévières,yes,https://www.alpineelements.co.uk/ski-holidays/france/tignes/hotel-tetras-lodge
Heidi,heidi-hotel-club-mmv-les-brevieres,Hôtel Club MMV Les Brévières,MMV,Tignes Les Brévières,no,https://www.mmv-holidays.co.uk/destinations/northern-french-alps/tignes/holiday-village-brevieres-winter
MMV,heidi-hotel-club-mmv-les-brevieres,Hôtel Club MMV Les Brévières,MMV,Tignes Les Brévières,no,https://www.mmv-holidays.co.uk/destinations/northern-french-alps/tignes/holiday-village-brevieres-winter
See Tignes,seetignes-chalet-les-melezes,Les Melezes Chalet,MountainSun (See Tignes advertiser account; website not found),Tignes Les Brévières,yes,https://www.seetignes.com/chalets/les-melezes-chalet-les-brevieres-674590
Alpine Answers,alpineanswers-penthouse-cap-crystal-lodge,Penthouse Cap Crystal Lodge,Alpine Answers (agent; owner-run),Tignes Les Brévières,no,https://www.alpineanswers.co.uk/ski-chalets/france/tignes-les-brevieres/penthouse-cap-crystal-lodge
Tignes Réservation,tignesreservation-1-bedrom-apartment-5-people-bollin-22,1 BEDROM APARTMENT 5 PEOPLE BOLLIN 22,,Tignes Val Claret,no,https://booking.tignes.net/1-bedrom-apartment-5-people-bollin-22-tignes-val-claret-center-44.html
Tignes Réservation,tignesreservation-1-bedrome-apartment-6-people-moutieres-b1-24,1 BEDROME APARTMENT 6 PEOPLE MOUTIERES B1 24,,Tignes Val Claret,no,https://booking.tignes.net/1-bedrome-apartment-6-people-moutieres-b1-24-tignes-val-claret-center-2p6moutb124.html
Tignes Réservation,tignesreservation-1-bedroom-cabin-apartment-4-people-tufs-a-34,1 BEDROOM + CABIN APARTMENT 4 PEOPLE TUFS A 34,,Tignes Val Claret,no,https://booking.tignes.net/1-bedroom-cabin-apartment-4-people-tufs-a-34-tignes-val-claret-center-tufsa34.html
Tignes Réservation,tignesreservation-1-bedroom-4-people-curling-a2-21,1 BEDROOM 4 PEOPLE CURLING A2 21,,Tignes Val Claret,no,https://booking.tignes.net/1-bedroom-4-people-curling-a2-21-tignes-val-claret-center-curlinga221.html
Tignes Réservation,tignesreservation-1-bedroom-4-people-grandes-platieres-ii-29,1 BEDROOM 4 PEOPLE GRANDES PLATIERES II 29,,Tignes Val Claret,no,https://booking.tignes.net/1-bedroom-4-people-grandes-platieres-ii-29-tignes-val-claret-center-grandesplatieresii29.html
Tignes Réservation,tignesreservation-1-bedroom-4-people-pramecou-13,1 BEDROOM 4 PEOPLE PRAMECOU 13,,Tignes Val Claret,no,https://booking.tignes.net/1-bedroom-4-people-pramecou-13-tignes-val-claret-center-tipram13.html
Tignes Réservation,tignesreservation-1-bedroom-4-people-pramecou-2,1 BEDROOM 4 PEOPLE PRAMECOU 2,,Tignes Val Claret,no,https://booking.tignes.net/1-bedroom-4-people-pramecou-2-tignes-val-claret-center-fr735139017.html
Tignes Réservation,tignesreservation-1-bedroom-4-people-tommeuses-70,1 BEDROOM 4 PEOPLE TOMMEUSES 70,,Tignes Val Claret,no,https://booking.tignes.net/1-bedroom-4-people-tommeuses-70-tignes-val-claret-center-fr735132037.html
Tignes Réservation,tignesreservation-1-bedroom-5-people-curling-a3-1,1 BEDROOM 5 PEOPLE CURLING A3 1,,Tignes Val Claret,no,https://booking.tignes.net/1-bedroom-5-people-curling-a3-1-tignes-val-claret-center-fr735135023.html
Tignes Réservation,tignesreservation-1-bedroom-5-people-grandes-platieres-2-11,1 BEDROOM 5 PEOPLE GRANDES PLATIERES 2 11,,Tignes Val Claret,no,https://booking.tignes.net/1-bedroom-5-people-grandes-platieres-2-11-tignes-val-claret-center-tigpla211.html
Tignes Réservation,tignesreservation-1-bedroom-5-people-rond-point-des-pistes-b-116,1 BEDROOM 5 PEOPLE ROND POINT DES PISTES B 116,,Tignes Val Claret,no,https://booking.tignes.net/1-bedroom-5-people-rond-point-des-pistes-b-116-tignes-val-claret-grande-motte-fr735133020.html
Tignes Réservation,tignesreservation-1-bedroom-6-people-bollin-28,1 BEDROOM 6 PEOPLE BOLLIN 28,,Tignes Val Claret,no,https://booking.tignes.net/1-bedroom-6-people-bollin-28-tignes-val-claret-center-bollin28.html
Tignes Réservation,tignesreservation-1-bedroom-6-people-borsat-iv-406,1 BEDROOM 6 PEOPLE BORSAT IV 406,,Tignes Val Claret,no,https://booking.tignes.net/1-bedroom-6-people-borsat-iv-406-tignes-val-claret-center-fr73516201.html
Tignes Réservation,tignesreservation-1-bedroom-6-people-curling-b2-62,1 BEDROOM 6 PEOPLE CURLING B2 62,,Tignes Val Claret,no,https://booking.tignes.net/1-bedroom-6-people-curling-b2-62-tignes-val-claret-center-fr735138045.html
Tignes Réservation,tignesreservation-1-bedroom-6-people-grand-tichot-a-32,1 BEDROOM 6 PEOPLE GRAND TICHOT A 32,,Tignes Val Claret,no,https://booking.tignes.net/1-bedroom-6-people-grand-tichot-a-32-tignes-val-claret-center-grandtichota32.html
Tignes Réservation,tignesreservation-1-bedroom-6-people-hameau-du-borsat-3003,1 BEDROOM 6 PEOPLE HAMEAU DU BORSAT 3003,,Tignes Val Claret,no,https://booking.tignes.net/1-bedroom-6-people-hameau-du-borsat-3003-tignes-val-claret-center-fr735131014.html
Tignes Réservation,tignesreservation-1-bedroom-6-people-les-suites-du-val-claret-apartment-1,1 BEDROOM 6 PEOPLE LES SUITES DU VAL CLARET APARTMENT 1,,Tignes Val Claret,no,https://booking.tignes.net/1-bedroom-6-people-les-suites-du-val-claret-apartment-1-tignes-val-claret-grande-motte-svc001.html
Tignes Réservation,tignesreservation-1-bedroom-6-people-pramecou-38,1 BEDROOM 6 PEOPLE PRAMECOU 38,,Tignes Val Claret,no,https://booking.tignes.net/1-bedroom-6-people-pramecou-38-tignes-val-claret-center-pramecou38.html
Tignes Réservation,tignesreservation-1-bedroom-6-people-rond-point-des-pistes-a-416,1 BEDROOM 6 PEOPLE ROND POINT DES PISTES A 416,,Tignes Val Claret,no,https://booking.tignes.net/1-bedroom-6-people-rond-point-des-pistes-a-416-tignes-val-claret-grande-motte-rondpointdespistes416.html
Tignes Réservation,tignesreservation-1-bedroom-apartment-cabin-5-people-hameau-du-borsat-1202,1 BEDROOM APARTMENT + CABIN 5 PEOPLE HAMEAU DU BORSAT 1202,,Tignes Val Claret,no,https://booking.tignes.net/1-bedroom-apartment-cabin-5-people-hameau-du-borsat-1202-tignes-val-claret-center-hb1202.html
Tignes Réservation,tignesreservation-1-bedroom-apartment-4-peolpe-wiht-balcony-residence-chalet-alp,1 BEDROOM APARTMENT 4 PEOLPE WIHT BALCONY RESIDENCE CHALET ALPINA,,Tignes Val Claret,no,https://booking.tignes.net/1-bedroom-apartment-4-peolpe-wiht-balcony-residence-chalet-alpina-tignes-val-claret-grande-motte-alpina2p4.html
Tignes Réservation,tignesreservation-1-bedroom-apartment-4-people-bollin-35,1 BEDROOM APARTMENT 4 PEOPLE BOLLIN 35,,Tignes Val Claret,no,https://booking.tignes.net/1-bedroom-apartment-4-people-bollin-35-tignes-val-claret-center-bollin35.html
Tignes Réservation,tignesreservation-1-bedroom-apartment-4-people-borsat-25,1 BEDROOM APARTMENT 4 PEOPLE BORSAT 25,,Tignes Val Claret,no,https://booking.tignes.net/1-bedroom-apartment-4-people-borsat-25-tignes-val-claret-center-fr735131515.html
Tignes Réservation,tignesreservation-1-bedroom-apartment-4-people-borsat-45,1 BEDROOM APARTMENT 4 PEOPLE BORSAT 45,,Tignes Val Claret,no,https://booking.tignes.net/1-bedroom-apartment-4-people-borsat-45-tignes-val-claret-center-borsat45.html
Tignes Réservation,tignesreservation-1-bedroom-apartment-4-people-cafetan-3065,1 BEDROOM APARTMENT 4 PEOPLE CAFETAN 3065,,Tignes Val Claret,no,https://booking.tignes.net/1-bedroom-apartment-4-people-cafetan-3065-tignes-val-claret-les-chartreux-caf3065r.html
Tignes Réservation,tignesreservation-1-bedroom-apartment-4-people-cgh-residence-spa-la-ferme-du-val,1 BEDROOM APARTMENT 4 PEOPLE CGH RESIDENCE & SPA – LA FERME DU VAL CLARET,,Tignes Val Claret,no,https://booking.tignes.net/1-bedroom-apartment-4-people-cgh-residence-spa-la-ferme-du-val-claret-tignes-val-claret-grande-motte-2p4fermeduvalclaret.html
Tignes Réservation,tignesreservation-1-bedroom-apartment-4-people-curling-a1-12,1 BEDROOM APARTMENT 4 PEOPLE CURLING A1 12,,Tignes Val Claret,no,https://booking.tignes.net/1-bedroom-apartment-4-people-curling-a1-12-tignes-val-claret-center-43.html
Tignes Réservation,tignesreservation-1-bedroom-apartment-4-people-ecrin-des-neiges-04,1 BEDROOM APARTMENT 4 PEOPLE ECRIN DES NEIGES 04,,Tignes Val Claret,no,https://booking.tignes.net/1-bedroom-apartment-4-people-ecrin-des-neiges-04-tignes-val-claret-grande-motte-tiena04.html
Tignes Réservation,tignesreservation-1-bedroom-apartment-4-people-grand-tichot-a1-22,1 BEDROOM APARTMENT 4 PEOPLE GRAND TICHOT A1 22,,Tignes Val Claret,no,https://booking.tignes.net/1-bedroom-apartment-4-people-grand-tichot-a1-22-tignes-val-claret-center-fr735137512.html
Tignes Réservation,tignesreservation-1-bedroom-apartment-4-people-grand-tichot-a2-27,1 BEDROOM APARTMENT 4 PEOPLE GRAND TICHOT A2 27,,Tignes Val Claret,no,https://booking.tignes.net/1-bedroom-apartment-4-people-grand-tichot-a2-27-tignes-val-claret-center-gtichot27.html
Tignes Réservation,tignesreservation-1-bedroom-apartment-4-people-genepis-20,1 BEDROOM APARTMENT 4 PEOPLE GÉNÉPIS 20,,Tignes Val Claret,no,https://booking.tignes.net/1-bedroom-apartment-4-people-genepis-20-tignes-val-claret-center-tigenepi20.html
Tignes Réservation,tignesreservation-1-bedroom-apartment-4-people-hameau-du-borsat-1103,1 BEDROOM APARTMENT 4 PEOPLE HAMEAU DU BORSAT 1103,,Tignes Val Claret,no,https://booking.tignes.net/1-bedroom-apartment-4-people-hameau-du-borsat-1103-tignes-val-claret-center-tihambo1103.html
Tignes Réservation,tignesreservation-1-bedroom-apartment-4-people-hameau-du-borsat-1215,1 BEDROOM APARTMENT 4 PEOPLE HAMEAU DU BORSAT 1215,,Tignes Val Claret,no,https://booking.tignes.net/1-bedroom-apartment-4-people-hameau-du-borsat-1215-tignes-val-claret-center-hdb1215.html
Tignes Réservation,tignesreservation-1-bedroom-apartment-4-people-hameau-du-borsat-3008,1 BEDROOM APARTMENT 4 PEOPLE HAMEAU DU BORSAT 3008,,Tignes Val Claret,no,https://booking.tignes.net/1-bedroom-apartment-4-people-hameau-du-borsat-3008-tignes-val-claret-center-fr73513101.html
Tignes Réservation,tignesreservation-1-bedroom-apartment-4-people-hameau-du-borsat-3027,1 BEDROOM APARTMENT 4 PEOPLE HAMEAU DU BORSAT 3027,,Tignes Val Claret,no,https://booking.tignes.net/1-bedroom-apartment-4-people-hameau-du-borsat-3027-tignes-val-claret-center-tihambo3027.html
Tignes Réservation,tignesreservation-1-bedroom-apartment-4-people-haut-du-val-claret-b-35,1 BEDROOM APARTMENT 4 PEOPLE HAUT DU VAL CLARET B 35,,Tignes Val Claret,no,https://booking.tignes.net/1-bedroom-apartment-4-people-haut-du-val-claret-b-35-tignes-val-claret-center-hvcb35.html
Tignes Réservation,tignesreservation-1-bedroom-apartment-4-people-hauts-du-val-claret-b2-21,1 BEDROOM APARTMENT 4 PEOPLE HAUTS DU VAL CLARET B2 21,,Tignes Val Claret,no,https://booking.tignes.net/1-bedroom-apartment-4-people-hauts-du-val-claret-b2-21-tignes-val-claret-center-tihvcb221.html
Tignes Réservation,tignesreservation-1-bedroom-apartment-4-people-hauts-du-val-claret-b2-33,1 BEDROOM APARTMENT 4 PEOPLE HAUTS DU VAL CLARET B2 33,,Tignes Val Claret,no,https://booking.tignes.net/1-bedroom-apartment-4-people-hauts-du-val-claret-b2-33-tignes-val-claret-center-tihvcb233.html
Tignes Réservation,tignesreservation-1-bedroom-apartment-4-people-moutieres-33,1 BEDROOM APARTMENT 4 PEOPLE MOUTIERES 33,,Tignes Val Claret,no,https://booking.tignes.net/1-bedroom-apartment-4-people-moutieres-33-tignes-val-claret-center-moutieres33.html
Tignes Réservation,tignesreservation-1-bedroom-apartment-4-people-moutieres-b20,1 BEDROOM APARTMENT 4 PEOPLE MOUTIERES B20,,Tignes Val Claret,no,https://booking.tignes.net/1-bedroom-apartment-4-people-moutieres-b20-tignes-val-claret-center-mb20.html
Tignes Réservation,tignesreservation-1-bedroom-apartment-4-people-neiges-d-or-3,1 BEDROOM APARTMENT 4 PEOPLE NEIGES D'OR 3,,Tignes Val Claret,no,https://booking.tignes.net/1-bedroom-apartment-4-people-neiges-d-or-3-tignes-val-claret-center-neigedor3.html
Tignes Réservation,tignesreservation-1-bedroom-apartment-4-people-neiges-d-or-402,1 BEDROOM APARTMENT 4 PEOPLE NEIGES D'OR 402,,Tignes Val Claret,no,https://booking.tignes.net/1-bedroom-apartment-4-people-neiges-d-or-402-tignes-val-claret-center-nor402.html
Tignes Réservation,tignesreservation-1-bedroom-apartment-4-people-platieres-5,1 BEDROOM APARTMENT 4 PEOPLE PLATIERES 5,,Tignes Val Claret,no,https://booking.tignes.net/1-bedroom-apartment-4-people-platieres-5-tignes-val-claret-center-fr73513704.html
Tignes Réservation,tignesreservation-1-bedroom-apartment-4-people-platieres-28,1 BEDROOM APARTMENT 4 PEOPLE PLATIÈRES 28,,Tignes Val Claret,no,https://booking.tignes.net/1-bedroom-apartment-4-people-platieres-28-tignes-val-claret-center-fr735137028.html
Tignes Réservation,tignesreservation-1-bedroom-apartment-4-people-pramecou-36,1 BEDROOM APARTMENT 4 PEOPLE PRAMECOU 36,,Tignes Val Claret,no,https://booking.tignes.net/1-bedroom-apartment-4-people-pramecou-36-tignes-val-claret-center-fr735139014.html
Tignes Réservation,tignesreservation-1-bedroom-apartment-4-people-prariond-a-24,1 BEDROOM APARTMENT 4 PEOPLE PRARIOND A 24,,Tignes Val Claret,no,https://booking.tignes.net/1-bedroom-apartment-4-people-prariond-a-24-tignes-val-claret-center-prarionda24.html
Tignes Réservation,tignesreservation-1-bedroom-apartment-4-people-prariond-b-29,1 BEDROOM APARTMENT 4 PEOPLE PRARIOND B 29,,Tignes Val Claret,no,https://booking.tignes.net/1-bedroom-apartment-4-people-prariond-b-29-tignes-val-claret-center-prb29.html
Tignes Réservation,tignesreservation-1-bedroom-apartment-4-people-priariond-a-28,1 BEDROOM APARTMENT 4 PEOPLE PRIARIOND A 28,,Tignes Val Claret,no,https://booking.tignes.net/1-bedroom-apartment-4-people-priariond-a-28-tignes-val-claret-center-prarionda28.html
Tignes Réservation,tignesreservation-1-bedroom-apartment-4-people-residence-hameau-du-borsat,1 BEDROOM APARTMENT 4 PEOPLE RESIDENCE HAMEAU DU BORSAT,,Tignes Val Claret,no,https://booking.tignes.net/1-bedroom-apartment-4-people-residence-hameau-du-borsat-tignes-val-claret-center-584.html
Tignes Réservation,tignesreservation-1-bedroom-apartment-4-people-residence-odalys-rond-point-des-p,1 BEDROOM APARTMENT 4 PEOPLE RESIDENCE ODALYS ROND POINT DES PISTES,,Tignes Val Claret,no,https://booking.tignes.net/1-bedroom-apartment-4-people-residence-odalys-rond-point-des-pistes-tignes-val-claret-grande-motte-3596.html
Tignes Réservation,tignesreservation-1-bedroom-apartment-4-people-schuss-1112,1 BEDROOM APARTMENT 4 PEOPLE SCHUSS 1112,,Tignes Val Claret,no,https://booking.tignes.net/1-bedroom-apartment-4-people-schuss-1112-tignes-val-claret-center-sch1112.html
Tignes Réservation,tignesreservation-1-bedroom-apartment-4-people-schuss-1115,1 BEDROOM APARTMENT 4 PEOPLE SCHUSS 1115,,Tignes Val Claret,no,https://booking.tignes.net/1-bedroom-apartment-4-people-schuss-1115-tignes-val-claret-center-sch1115.html
Tignes Réservation,tignesreservation-1-bedroom-apartment-4-people-schuss-1116,1 BEDROOM APARTMENT 4 PEOPLE SCHUSS 1116,,Tignes Val Claret,no,https://booking.tignes.net/1-bedroom-apartment-4-people-schuss-1116-tignes-val-claret-center-sch1116.html
Tignes Réservation,tignesreservation-1-bedroom-apartment-4-people-schuss-1212,1 BEDROOM APARTMENT 4 PEOPLE SCHUSS 1212,,Tignes Val Claret,no,https://booking.tignes.net/1-bedroom-apartment-4-people-schuss-1212-tignes-val-claret-center-sch1212.html
Tignes Réservation,tignesreservation-1-bedroom-apartment-4-people-schuss-202,1 BEDROOM APARTMENT 4 PEOPLE SCHUSS 202,,Tignes Val Claret,no,https://booking.tignes.net/1-bedroom-apartment-4-people-schuss-202-tignes-val-claret-center-sch202.html
Tignes Réservation,tignesreservation-1-bedroom-apartment-4-people-schuss-502,1 BEDROOM APARTMENT 4 PEOPLE SCHUSS 502,,Tignes Val Claret,no,https://booking.tignes.net/1-bedroom-apartment-4-people-schuss-502-tignes-val-claret-center-sch502.html
Tignes Réservation,tignesreservation-1-bedroom-apartment-4-people-schuss-508,1 BEDROOM APARTMENT 4 PEOPLE SCHUSS 508,,Tignes Val Claret,no,https://booking.tignes.net/1-bedroom-apartment-4-people-schuss-508-tignes-val-claret-center-sch508.html
Tignes Réservation,tignesreservation-1-bedroom-apartment-4-people-schuss-603,1 BEDROOM APARTMENT 4 PEOPLE SCHUSS 603,,Tignes Val Claret,no,https://booking.tignes.net/1-bedroom-apartment-4-people-schuss-603-tignes-val-claret-center-sch603.html
Tignes Réservation,tignesreservation-1-bedroom-apartment-4-people-schuss-613,1 BEDROOM APARTMENT 4 PEOPLE SCHUSS 613,,Tignes Val Claret,no,https://booking.tignes.net/1-bedroom-apartment-4-people-schuss-613-tignes-val-claret-center-sch613.html
Tignes Réservation,tignesreservation-1-bedroom-apartment-4-people-schuss-616,1 BEDROOM APARTMENT 4 PEOPLE SCHUSS 616,,Tignes Val Claret,no,https://booking.tignes.net/1-bedroom-apartment-4-people-schuss-616-tignes-val-claret-center-sch616.html
Tignes Réservation,tignesreservation-1-bedroom-apartment-4-people-schuss-813,1 BEDROOM APARTMENT 4 PEOPLE SCHUSS 813,,Tignes Val Claret,no,https://booking.tignes.net/1-bedroom-apartment-4-people-schuss-813-tignes-val-claret-center-sch813.html
Tignes Réservation,tignesreservation-1-bedroom-apartment-4-people-slalom-103,1 BEDROOM APARTMENT 4 PEOPLE SLALOM 103,,Tignes Val Claret,no,https://booking.tignes.net/1-bedroom-apartment-4-people-slalom-103-tignes-val-claret-center-sla103.html
Tignes Réservation,tignesreservation-1-bedroom-apartment-4-people-slalom-503,1 BEDROOM APARTMENT 4 PEOPLE SLALOM 503,,Tignes Val Claret,no,https://booking.tignes.net/1-bedroom-apartment-4-people-slalom-503-tignes-val-claret-center-sla503.html
Tignes Réservation,tignesreservation-1-bedroom-apartment-4-people-tommeuses-40,1 BEDROOM APARTMENT 4 PEOPLE TOMMEUSES 40,,Tignes Val Claret,no,https://booking.tignes.net/1-bedroom-apartment-4-people-tommeuses-40-tignes-val-claret-center-fr735132029.html
Tignes Réservation,tignesreservation-1-bedroom-apartment-4-5-people-residence-hameau-du-borsat,1 BEDROOM APARTMENT 4/5 PEOPLE RESIDENCE HAMEAU DU BORSAT,,Tignes Val Claret,no,https://booking.tignes.net/1-bedroom-apartment-4-5-people-residence-hameau-du-borsat-tignes-val-claret-center-585.html
Tignes Réservation,tignesreservation-1-bedroom-apartment-5-people-curling-a-40,1 BEDROOM APARTMENT 5 PEOPLE CURLING A 40,,Tignes Val Claret,no,https://booking.tignes.net/1-bedroom-apartment-5-people-curling-a-40-tignes-val-claret-center-ca40.html
Tignes Réservation,tignesreservation-1-bedroom-apartment-5-people-grand-roc-22,1 BEDROOM APARTMENT 5 PEOPLE GRAND ROC 22,,Tignes Val Claret,no,https://booking.tignes.net/1-bedroom-apartment-5-people-grand-roc-22-tignes-val-claret-center-tigroc22.html
Tignes Réservation,tignesreservation-1-bedroom-apartment-5-people-grand-tichot-a2-19,1 BEDROOM APARTMENT 5 PEOPLE GRAND TICHOT A2 19,,Tignes Val Claret,no,https://booking.tignes.net/1-bedroom-apartment-5-people-grand-tichot-a2-19-tignes-val-claret-center-47.html
Tignes Réservation,tignesreservation-1-bedroom-apartment-5-people-grand-tichot-b-1,1 BEDROOM APARTMENT 5 PEOPLE GRAND TICHOT B 1,,Tignes Val Claret,no,https://booking.tignes.net/1-bedroom-apartment-5-people-grand-tichot-b-1-tignes-val-claret-center-gtic01r.html
Tignes Réservation,tignesreservation-1-bedroom-apartment-5-people-grandes-platieres-2-31,1 BEDROOM APARTMENT 5 PEOPLE GRANDES PLATIERES 2 31,,Tignes Val Claret,no,https://booking.tignes.net/1-bedroom-apartment-5-people-grandes-platieres-2-31-tignes-val-claret-center-fr73513702.html
Tignes Réservation,tignesreservation-1-bedroom-apartment-5-people-grandes-platieres-2-41,1 BEDROOM APARTMENT 5 PEOPLE GRANDES PLATIERES 2 41,,Tignes Val Claret,no,https://booking.tignes.net/1-bedroom-apartment-5-people-grandes-platieres-2-41-tignes-val-claret-center-fr735137022.html
Tignes Réservation,tignesreservation-1-bedroom-apartment-5-people-hameau-du-borsat-1315,1 BEDROOM APARTMENT 5 PEOPLE HAMEAU DU BORSAT 1315,,Tignes Val Claret,no,https://booking.tignes.net/1-bedroom-apartment-5-people-hameau-du-borsat-1315-tignes-val-claret-center-hameauduborsat1315.html
Tignes Réservation,tignesreservation-1-bedroom-apartment-5-people-moutieres-b-79,1 BEDROOM APARTMENT 5 PEOPLE MOUTIERES B 79,,Tignes Val Claret,no,https://booking.tignes.net/1-bedroom-apartment-5-people-moutieres-b-79-tignes-val-claret-center-moub79r.html
Tignes Réservation,tignesreservation-1-bedroom-apartment-5-people-moutieres-b15,1 BEDROOM APARTMENT 5 PEOPLE MOUTIERES B15,,Tignes Val Claret,no,https://booking.tignes.net/1-bedroom-apartment-5-people-moutieres-b15-tignes-val-claret-center-mb15.html
Tignes Réservation,tignesreservation-1-bedroom-apartment-5-people-neiges-d-or-205,1 BEDROOM APARTMENT 5 PEOPLE NEIGES D'OR 205,,Tignes Val Claret,no,https://booking.tignes.net/1-bedroom-apartment-5-people-neiges-d-or-205-tignes-val-claret-center-nor205.html
Tignes Réservation,tignesreservation-1-bedroom-apartment-5-people-neiges-d-or-312,1 BEDROOM APARTMENT 5 PEOPLE NEIGES D'OR 312,,Tignes Val Claret,no,https://booking.tignes.net/1-bedroom-apartment-5-people-neiges-d-or-312-tignes-val-claret-center-nor312.html
Tignes Réservation,tignesreservation-1-bedroom-apartment-5-people-neiges-d-or-410,1 BEDROOM APARTMENT 5 PEOPLE NEIGES D'OR 410,,Tignes Val Claret,no,https://booking.tignes.net/1-bedroom-apartment-5-people-neiges-d-or-410-tignes-val-claret-center-nor410.html
Tignes Réservation,tignesreservation-1-bedroom-apartment-5-people-platieres-17,1 BEDROOM APARTMENT 5 PEOPLE PLATIERES 17,,Tignes Val Claret,no,https://booking.tignes.net/1-bedroom-apartment-5-people-platieres-17-tignes-val-claret-center-platieres7.html
Tignes Réservation,tignesreservation-1-bedroom-apartment-5-people-pramecou-45,1 BEDROOM APARTMENT 5 PEOPLE PRAMECOU 45,,Tignes Val Claret,no,https://booking.tignes.net/1-bedroom-apartment-5-people-pramecou-45-tignes-val-claret-center-tipram45.html
Tignes Réservation,tignesreservation-1-bedroom-apartment-5-people-rond-point-des-pistes-c154,1 BEDROOM APARTMENT 5 PEOPLE ROND POINT DES PISTES C154,,Tignes Val Claret,no,https://booking.tignes.net/1-bedroom-apartment-5-people-rond-point-des-pistes-c154-tignes-val-claret-grande-motte-50.html
Tignes Réservation,tignesreservation-1-bedroom-apartment-5-people-schuss-1113,1 BEDROOM APARTMENT 5 PEOPLE SCHUSS 1113,,Tignes Val Claret,no,https://booking.tignes.net/1-bedroom-apartment-5-people-schuss-1113-tignes-val-claret-center-111.html
Tignes Réservation,tignesreservation-1-bedroom-apartment-5-people-schuss-1114,1 BEDROOM APARTMENT 5 PEOPLE SCHUSS 1114,,Tignes Val Claret,no,https://booking.tignes.net/1-bedroom-apartment-5-people-schuss-1114-tignes-val-claret-center-sch1114.html
Tignes Réservation,tignesreservation-1-bedroom-apartment-5-people-schuss-201,1 BEDROOM APARTMENT 5 PEOPLE SCHUSS 201,,Tignes Val Claret,no,https://booking.tignes.net/1-bedroom-apartment-5-people-schuss-201-tignes-val-claret-center-sch201.html
Tignes Réservation,tignesreservation-1-bedroom-apartment-5-people-schuss-203,1 BEDROOM APARTMENT 5 PEOPLE SCHUSS 203,,Tignes Val Claret,no,https://booking.tignes.net/1-bedroom-apartment-5-people-schuss-203-tignes-val-claret-center-sch203.html
Tignes Réservation,tignesreservation-1-bedroom-apartment-5-people-schuss-303,1 BEDROOM APARTMENT 5 PEOPLE SCHUSS 303,,Tignes Val Claret,no,https://booking.tignes.net/1-bedroom-apartment-5-people-schuss-303-tignes-val-claret-center-sch303.html
Tignes Réservation,tignesreservation-1-bedroom-apartment-5-people-schuss-501,1 BEDROOM APARTMENT 5 PEOPLE SCHUSS 501,,Tignes Val Claret,no,https://booking.tignes.net/1-bedroom-apartment-5-people-schuss-501-tignes-val-claret-center-sch501.html
Tignes Réservation,tignesreservation-1-bedroom-apartment-5-people-schuss-512,1 BEDROOM APARTMENT 5 PEOPLE SCHUSS 512,,Tignes Val Claret,no,https://booking.tignes.net/1-bedroom-apartment-5-people-schuss-512-tignes-val-claret-center-sch512.html
Tignes Réservation,tignesreservation-1-bedroom-apartment-5-people-schuss-513,1 BEDROOM APARTMENT 5 PEOPLE SCHUSS 513,,Tignes Val Claret,no,https://booking.tignes.net/1-bedroom-apartment-5-people-schuss-513-tignes-val-claret-center-sch513.html
Tignes Réservation,tignesreservation-1-bedroom-apartment-5-people-schuss-601,1 BEDROOM APARTMENT 5 PEOPLE SCHUSS 601,,Tignes Val Claret,no,https://booking.tignes.net/1-bedroom-apartment-5-people-schuss-601-tignes-val-claret-center-sch601.html
Tignes Réservation,tignesreservation-1-bedroom-apartment-5-people-schuss-610,1 BEDROOM APARTMENT 5 PEOPLE SCHUSS 610,,Tignes Val Claret,no,https://booking.tignes.net/1-bedroom-apartment-5-people-schuss-610-tignes-val-claret-center-schuss610.html
Tignes Réservation,tignesreservation-1-bedroom-apartment-5-people-schuss-701,1 BEDROOM APARTMENT 5 PEOPLE SCHUSS 701,,Tignes Val Claret,no,https://booking.tignes.net/1-bedroom-apartment-5-people-schuss-701-tignes-val-claret-center-sch701.html
Tignes Réservation,tignesreservation-1-bedroom-apartment-5-people-schuss-706,1 BEDROOM APARTMENT 5 PEOPLE SCHUSS 706,,Tignes Val Claret,no,https://booking.tignes.net/1-bedroom-apartment-5-people-schuss-706-tignes-val-claret-center-sch706.html
Tignes Réservation,tignesreservation-1-bedroom-apartment-5-people-schuss-708,1 BEDROOM APARTMENT 5 PEOPLE SCHUSS 708,,Tignes Val Claret,no,https://booking.tignes.net/1-bedroom-apartment-5-people-schuss-708-tignes-val-claret-center-schu708.html
Tignes Réservation,tignesreservation-1-bedroom-apartment-5-people-schuss-714,1 BEDROOM APARTMENT 5 PEOPLE SCHUSS 714,,Tignes Val Claret,no,https://booking.tignes.net/1-bedroom-apartment-5-people-schuss-714-tignes-val-claret-center-sch714.html
Tignes Réservation,tignesreservation-1-bedroom-apartment-5-people-schuss-910,1 BEDROOM APARTMENT 5 PEOPLE SCHUSS 910,,Tignes Val Claret,no,https://booking.tignes.net/1-bedroom-apartment-5-people-schuss-910-tignes-val-claret-center-sch910.html
Tignes Réservation,tignesreservation-1-bedroom-apartment-5-people-schuss-914,1 BEDROOM APARTMENT 5 PEOPLE SCHUSS 914,,Tignes Val Claret,no,https://booking.tignes.net/1-bedroom-apartment-5-people-schuss-914-tignes-val-claret-center-41.html
Tignes Réservation,tignesreservation-1-bedroom-apartment-5-people-sefcotel-91,1 BEDROOM APARTMENT 5 PEOPLE SEFCOTEL 91,,Tignes Val Claret,no,https://booking.tignes.net/1-bedroom-apartment-5-people-sefcotel-91-tignes-val-claret-center-sefcotel91.html
Tignes Réservation,tignesreservation-1-bedroom-apartment-5-people-sefcotel-a-56,1 BEDROOM APARTMENT 5 PEOPLE SEFCOTEL A 56,,Tignes Val Claret,no,https://booking.tignes.net/1-bedroom-apartment-5-people-sefcotel-a-56-tignes-val-claret-center-sefcotela56.html
Tignes Réservation,tignesreservation-1-bedroom-apartment-5-people-slalom-601,1 BEDROOM APARTMENT 5 PEOPLE SLALOM 601,,Tignes Val Claret,no,https://booking.tignes.net/1-bedroom-apartment-5-people-slalom-601-tignes-val-claret-center-sla601.html
Tignes Réservation,tignesreservation-1-bedroom-apartment-5-people-slalom-701,1 BEDROOM APARTMENT 5 PEOPLE SLALOM 701,,Tignes Val Claret,no,https://booking.tignes.net/1-bedroom-apartment-5-people-slalom-701-tignes-val-claret-center-slalom701.html
Tignes Réservation,tignesreservation-1-bedroom-apartment-5-people-slalom-706,1 BEDROOM APARTMENT 5 PEOPLE SLALOM 706,,Tignes Val Claret,no,https://booking.tignes.net/1-bedroom-apartment-5-people-slalom-706-tignes-val-claret-center-sla706.html
Tignes Réservation,tignesreservation-1-bedroom-apartment-5-people-slalom-805,1 BEDROOM APARTMENT 5 PEOPLE SLALOM 805,,Tignes Val Claret,no,https://booking.tignes.net/1-bedroom-apartment-5-people-slalom-805-tignes-val-claret-center-sla805.html
Tignes Réservation,tignesreservation-1-bedroom-apartment-6-peolpe-quartz-202-residence-chalet-hotel,1 BEDROOM APARTMENT 6 PEOLPE QUARTZ 202 - RESIDENCE CHALET HOTEL QUARTZ,,Tignes Val Claret,no,https://booking.tignes.net/1-bedroom-apartment-6-peolpe-quartz-202-residence-chalet-hotel-quartz-tignes-val-claret-center-avp002.html
Tignes Réservation,tignesreservation-1-bedroom-apartment-6-people-borsat-27,1 BEDROOM APARTMENT 6 PEOPLE BORSAT 27,,Tignes Val Claret,no,https://booking.tignes.net/1-bedroom-apartment-6-people-borsat-27-tignes-val-claret-center-borsat27.html
Tignes Réservation,tignesreservation-1-bedroom-apartment-6-people-borsat-36,1 BEDROOM APARTMENT 6 PEOPLE BORSAT 36,,Tignes Val Claret,no,https://booking.tignes.net/1-bedroom-apartment-6-people-borsat-36-tignes-val-claret-center-42.html
Tignes Réservation,tignesreservation-1-bedroom-apartment-6-people-borsat-9,1 BEDROOM APARTMENT 6 PEOPLE BORSAT 9,,Tignes Val Claret,no,https://booking.tignes.net/1-bedroom-apartment-6-people-borsat-9-tignes-val-claret-center-bor9.html
Tignes Réservation,tignesreservation-1-bedroom-apartment-6-people-chalet-club-i-35,1 BEDROOM APARTMENT 6 PEOPLE CHALET CLUB I 35,,Tignes Val Claret,no,https://booking.tignes.net/1-bedroom-apartment-6-people-chalet-club-i-35-tignes-val-claret-grande-motte-fr73513978.html
Tignes Réservation,tignesreservation-1-bedroom-apartment-6-people-curling-a-tour-83,1 BEDROOM APARTMENT 6 PEOPLE CURLING A TOUR 83,,Tignes Val Claret,no,https://booking.tignes.net/1-bedroom-apartment-6-people-curling-a-tour-83-tignes-val-claret-center-curlingatour83.html
Tignes Réservation,tignesreservation-1-bedroom-apartment-6-people-curling-a2-34,1 BEDROOM APARTMENT 6 PEOPLE CURLING A2 34,,Tignes Val Claret,no,https://booking.tignes.net/1-bedroom-apartment-6-people-curling-a2-34-tignes-val-claret-center-fr735135020.html
Tignes Réservation,tignesreservation-1-bedroom-apartment-6-people-curling-a2-35,1 BEDROOM APARTMENT 6 PEOPLE CURLING A2 35,,Tignes Val Claret,no,https://booking.tignes.net/1-bedroom-apartment-6-people-curling-a2-35-tignes-val-claret-center-ca35.html
Tignes Réservation,tignesreservation-1-bedroom-apartment-6-people-curling-a2-49,1 BEDROOM APARTMENT 6 PEOPLE CURLING A2 49,,Tignes Val Claret,no,https://booking.tignes.net/1-bedroom-apartment-6-people-curling-a2-49-tignes-val-claret-center-fr73513508.html
Tignes Réservation,tignesreservation-1-bedroom-apartment-6-people-curling-a3-31,1 BEDROOM APARTMENT 6 PEOPLE CURLING A3 31,,Tignes Val Claret,no,https://booking.tignes.net/1-bedroom-apartment-6-people-curling-a3-31-tignes-val-claret-center-fr735135012.html
Tignes Réservation,tignesreservation-1-bedroom-apartment-6-people-curling-a3-44,1 BEDROOM APARTMENT 6 PEOPLE CURLING A3 44,,Tignes Val Claret,no,https://booking.tignes.net/1-bedroom-apartment-6-people-curling-a3-44-tignes-val-claret-center-curlinga344.html
Tignes Réservation,tignesreservation-1-bedroom-apartment-6-people-curling-a3-45,1 BEDROOM APARTMENT 6 PEOPLE CURLING A3 45,,Tignes Val Claret,no,https://booking.tignes.net/1-bedroom-apartment-6-people-curling-a3-45-tignes-val-claret-center-fr735135013.html
Tignes Réservation,tignesreservation-1-bedroom-apartment-6-people-curling-b-80,1 BEDROOM APARTMENT 6 PEOPLE CURLING B 80,,Tignes Val Claret,no,https://booking.tignes.net/1-bedroom-apartment-6-people-curling-b-80-tignes-val-claret-center-40.html
Tignes Réservation,tignesreservation-1-bedroom-apartment-6-people-curling-b-tour-75,1 BEDROOM APARTMENT 6 PEOPLE CURLING B TOUR 75,,Tignes Val Claret,no,https://booking.tignes.net/1-bedroom-apartment-6-people-curling-b-tour-75-tignes-val-claret-center-curlingbtour75.html
Tignes Réservation,tignesreservation-1-bedroom-apartment-6-people-curling-b1-1,1 BEDROOM APARTMENT 6 PEOPLE CURLING B1 1,,Tignes Val Claret,no,https://booking.tignes.net/1-bedroom-apartment-6-people-curling-b1-1-tignes-val-claret-center-fr735138038.html
Tignes Réservation,tignesreservation-1-bedroom-apartment-6-people-curling-b1-25,1 BEDROOM APARTMENT 6 PEOPLE CURLING B1 25,,Tignes Val Claret,no,https://booking.tignes.net/1-bedroom-apartment-6-people-curling-b1-25-tignes-val-claret-center-curlingb25.html
Tignes Réservation,tignesreservation-1-bedroom-apartment-6-people-curling-b1-58,1 BEDROOM APARTMENT 6 PEOPLE CURLING B1 58,,Tignes Val Claret,no,https://booking.tignes.net/1-bedroom-apartment-6-people-curling-b1-58-tignes-val-claret-center-fr73513807.html
Tignes Réservation,tignesreservation-1-bedroom-apartment-6-people-curling-b2-15,1 BEDROOM APARTMENT 6 PEOPLE CURLING B2 15,,Tignes Val Claret,no,https://booking.tignes.net/1-bedroom-apartment-6-people-curling-b2-15-tignes-val-claret-center-ticub215.html
Tignes Réservation,tignesreservation-1-bedroom-apartment-6-people-curling-b2-16,1 BEDROOM APARTMENT 6 PEOPLE CURLING B2 16,,Tignes Val Claret,no,https://booking.tignes.net/1-bedroom-apartment-6-people-curling-b2-16-tignes-val-claret-center-fr73513809.html
Tignes Réservation,tignesreservation-1-bedroom-apartment-6-people-curling-b2-45,1 BEDROOM APARTMENT 6 PEOPLE CURLING B2 45,,Tignes Val Claret,no,https://booking.tignes.net/1-bedroom-apartment-6-people-curling-b2-45-tignes-val-claret-center-ticub245-1.html
Tignes Réservation,tignesreservation-1-bedroom-apartment-6-people-curling-b2-85,1 BEDROOM APARTMENT 6 PEOPLE CURLING B2 85,,Tignes Val Claret,no,https://booking.tignes.net/1-bedroom-apartment-6-people-curling-b2-85-tignes-val-claret-center-fr735138037.html
Tignes Réservation,tignesreservation-1-bedroom-apartment-6-people-curling-b3-27,1 BEDROOM APARTMENT 6 PEOPLE CURLING B3 27,,Tignes Val Claret,no,https://booking.tignes.net/1-bedroom-apartment-6-people-curling-b3-27-tignes-val-claret-center-cb27.html
Tignes Réservation,tignesreservation-1-bedroom-apartment-6-people-curling-b3-52,1 BEDROOM APARTMENT 6 PEOPLE CURLING B3 52,,Tignes Val Claret,no,https://booking.tignes.net/1-bedroom-apartment-6-people-curling-b3-52-tignes-val-claret-center-fr735138027.html
Tignes Réservation,tignesreservation-1-bedroom-apartment-6-people-curling-b3-68,1 BEDROOM APARTMENT 6 PEOPLE CURLING B3 68,,Tignes Val Claret,no,https://booking.tignes.net/1-bedroom-apartment-6-people-curling-b3-68-tignes-val-claret-center-fr735138020.html
Tignes Réservation,tignesreservation-1-bedroom-apartment-6-people-curling-b3-94,1 BEDROOM APARTMENT 6 PEOPLE CURLING B3 94,,Tignes Val Claret,no,https://booking.tignes.net/1-bedroom-apartment-6-people-curling-b3-94-tignes-val-claret-center-fr735138021.html
Tignes Réservation,tignesreservation-1-bedroom-apartment-6-people-grand-tichot-a-6,1 BEDROOM APARTMENT 6 PEOPLE GRAND TICHOT A 6,,Tignes Val Claret,no,https://booking.tignes.net/1-bedroom-apartment-6-people-grand-tichot-a-6-tignes-val-claret-center-grandtichot.html
Tignes Réservation,tignesreservation-1-bedroom-apartment-6-people-grand-tichot-a1-30,1 BEDROOM APARTMENT 6 PEOPLE GRAND TICHOT A1 30,,Tignes Val Claret,no,https://booking.tignes.net/1-bedroom-apartment-6-people-grand-tichot-a1-30-tignes-val-claret-center-fr735137517.html
Tignes Réservation,tignesreservation-1-bedroom-apartment-6-people-grand-tichot-a2-18,1 BEDROOM APARTMENT 6 PEOPLE GRAND TICHOT A2 18,,Tignes Val Claret,no,https://booking.tignes.net/1-bedroom-apartment-6-people-grand-tichot-a2-18-tignes-val-claret-center-tigta218.html
Tignes Réservation,tignesreservation-1-bedroom-apartment-6-people-grand-tichot-a2-3,1 BEDROOM APARTMENT 6 PEOPLE GRAND TICHOT A2 3,,Tignes Val Claret,no,https://booking.tignes.net/1-bedroom-apartment-6-people-grand-tichot-a2-3-tignes-val-claret-center-fr73513752.html
Tignes Réservation,tignesreservation-1-bedroom-apartment-6-people-grand-tichot-b-17,1 BEDROOM APARTMENT 6 PEOPLE GRAND TICHOT B 17,,Tignes Val Claret,no,https://booking.tignes.net/1-bedroom-apartment-6-people-grand-tichot-b-17-tignes-val-claret-center-tb17.html
Tignes Réservation,tignesreservation-1-bedroom-apartment-6-people-grand-tichot-b-38,1 BEDROOM APARTMENT 6 PEOPLE GRAND TICHOT B 38,,Tignes Val Claret,no,https://booking.tignes.net/1-bedroom-apartment-6-people-grand-tichot-b-38-tignes-val-claret-center-tb38.html
Tignes Réservation,tignesreservation-1-bedroom-apartment-6-people-grand-tichot-b1-13,1 BEDROOM APARTMENT 6 PEOPLE GRAND TICHOT B1 13,,Tignes Val Claret,no,https://booking.tignes.net/1-bedroom-apartment-6-people-grand-tichot-b1-13-tignes-val-claret-center-tigtb113.html
Tignes Réservation,tignesreservation-1-bedroom-apartment-6-people-grand-tichot-b1-15,1 BEDROOM APARTMENT 6 PEOPLE GRAND TICHOT B1 15,,Tignes Val Claret,no,https://booking.tignes.net/1-bedroom-apartment-6-people-grand-tichot-b1-15-tignes-val-claret-center-tb15.html
Tignes Réservation,tignesreservation-1-bedroom-apartment-6-people-grand-tichot-b2-18,1 BEDROOM APARTMENT 6 PEOPLE GRAND TICHOT B2 18,,Tignes Val Claret,no,https://booking.tignes.net/1-bedroom-apartment-6-people-grand-tichot-b2-18-tignes-val-claret-center-tb18.html
Tignes Réservation,tignesreservation-1-bedroom-apartment-6-people-grand-tichot-b9,1 BEDROOM APARTMENT 6 PEOPLE GRAND TICHOT B9,,Tignes Val Claret,no,https://booking.tignes.net/1-bedroom-apartment-6-people-grand-tichot-b9-tignes-val-claret-center-tb9.html
Tignes Réservation,tignesreservation-1-bedroom-apartment-6-people-grandes-platieres-2-24,1 BEDROOM APARTMENT 6 PEOPLE GRANDES PLATIERES 2 24,,Tignes Val Claret,no,https://booking.tignes.net/1-bedroom-apartment-6-people-grandes-platieres-2-24-tignes-val-claret-center-tigpla224.html
Tignes Réservation,tignesreservation-1-bedroom-apartment-6-people-grandes-platieres-i-38,1 BEDROOM APARTMENT 6 PEOPLE GRANDES PLATIERES I 38,,Tignes Val Claret,no,https://booking.tignes.net/1-bedroom-apartment-6-people-grandes-platieres-i-38-tignes-val-claret-center-gpi38.html
Tignes Réservation,tignesreservation-1-bedroom-apartment-6-people-grandes-platieres-ii-38,1 BEDROOM APARTMENT 6 PEOPLE GRANDES PLATIERES II 38,,Tignes Val Claret,no,https://booking.tignes.net/1-bedroom-apartment-6-people-grandes-platieres-ii-38-tignes-val-claret-center-gpii38.html
Tignes Réservation,tignesreservation-1-bedroom-apartment-6-people-grandes-platieres-ii-52,1 BEDROOM APARTMENT 6 PEOPLE GRANDES PLATIERES II 52,,Tignes Val Claret,no,https://booking.tignes.net/1-bedroom-apartment-6-people-grandes-platieres-ii-52-tignes-val-claret-center-gpii52.html
Tignes Réservation,tignesreservation-1-bedroom-apartment-6-people-genepis-31,1 BEDROOM APARTMENT 6 PEOPLE GÉNÉPIS 31,,Tignes Val Claret,no,https://booking.tignes.net/1-bedroom-apartment-6-people-genepis-31-tignes-val-claret-center-fr73513954.html
Tignes Réservation,tignesreservation-1-bedroom-apartment-6-people-genepis-5,1 BEDROOM APARTMENT 6 PEOPLE GÉNÉPIS 5,,Tignes Val Claret,no,https://booking.tignes.net/1-bedroom-apartment-6-people-genepis-5-tignes-val-claret-center-fr73513957.html
Tignes Réservation,tignesreservation-1-bedroom-apartment-6-people-hameau-du-borsat-3007,1 BEDROOM APARTMENT 6 PEOPLE HAMEAU DU BORSAT 3007,,Tignes Val Claret,no,https://booking.tignes.net/1-bedroom-apartment-6-people-hameau-du-borsat-3007-tignes-val-claret-center-fr73513109.html
Tignes Réservation,tignesreservation-1-bedroom-apartment-6-people-hameau-du-borsat-3017,1 BEDROOM APARTMENT 6 PEOPLE HAMEAU DU BORSAT 3017,,Tignes Val Claret,no,https://booking.tignes.net/1-bedroom-apartment-6-people-hameau-du-borsat-3017-tignes-val-claret-center-tihambo3017.html
Tignes Réservation,tignesreservation-1-bedroom-apartment-6-people-hameau-du-borsat-3023,1 BEDROOM APARTMENT 6 PEOPLE HAMEAU DU BORSAT 3023,,Tignes Val Claret,no,https://booking.tignes.net/1-bedroom-apartment-6-people-hameau-du-borsat-3023-tignes-val-claret-center-tihambo3023.html
Tignes Réservation,tignesreservation-1-bedroom-apartment-6-people-hameau-du-borsat-3027,1 BEDROOM APARTMENT 6 PEOPLE HAMEAU DU BORSAT 3027,,Tignes Val Claret,no,https://booking.tignes.net/1-bedroom-apartment-6-people-hameau-du-borsat-3027-tignes-val-claret-center-hameauduborsat3027.html
Tignes Réservation,tignesreservation-1-bedroom-apartment-6-people-hameau-du-borsat-3030,1 BEDROOM APARTMENT 6 PEOPLE HAMEAU DU BORSAT 3030,,Tignes Val Claret,no,https://booking.tignes.net/1-bedroom-apartment-6-people-hameau-du-borsat-3030-tignes-val-claret-center-tihambo3030.html
Tignes Réservation,tignesreservation-1-bedroom-apartment-6-people-hameau-du-borsat-3032,1 BEDROOM APARTMENT 6 PEOPLE HAMEAU DU BORSAT 3032,,Tignes Val Claret,no,https://booking.tignes.net/1-bedroom-apartment-6-people-hameau-du-borsat-3032-tignes-val-claret-center-tihambo3032-1.html
Tignes Réservation,tignesreservation-1-bedroom-apartment-6-people-hauts-du-val-claret-a2-11,1 BEDROOM APARTMENT 6 PEOPLE HAUTS DU VAL CLARET A2 11,,Tignes Val Claret,no,https://booking.tignes.net/1-bedroom-apartment-6-people-hauts-du-val-claret-a2-11-tignes-val-claret-center-hautsvalclareta211.html
Tignes Réservation,tignesreservation-1-bedroom-apartment-6-people-hauts-du-val-claret-a2-21,1 BEDROOM APARTMENT 6 PEOPLE HAUTS DU VAL CLARET A2 21,,Tignes Val Claret,no,https://booking.tignes.net/1-bedroom-apartment-6-people-hauts-du-val-claret-a2-21-tignes-val-claret-center-hvca21.html
Tignes Réservation,tignesreservation-1-bedroom-apartment-6-people-hauts-du-val-claret-b1-34,1 BEDROOM APARTMENT 6 PEOPLE HAUTS DU VAL CLARET B1 34,,Tignes Val Claret,no,https://booking.tignes.net/1-bedroom-apartment-6-people-hauts-du-val-claret-b1-34-tignes-val-claret-center-htvcb34.html
Tignes Réservation,tignesreservation-1-bedroom-apartment-6-people-hauts-du-val-claret-b3-4,1 BEDROOM APARTMENT 6 PEOPLE HAUTS DU VAL CLARET B3 4,,Tignes Val Claret,no,https://booking.tignes.net/1-bedroom-apartment-6-people-hauts-du-val-claret-b3-4-tignes-val-claret-center-fr735134017.html
Tignes Réservation,tignesreservation-1-bedroom-apartment-6-people-hdb-3014,1 BEDROOM APARTMENT 6 PEOPLE HDB 3014,,Tignes Val Claret,no,https://booking.tignes.net/1-bedroom-apartment-6-people-hdb-3014-tignes-val-claret-center-fr73513108.html
Tignes Réservation,tignesreservation-1-bedroom-apartment-6-people-les-suites-du-val-claret-apartmen,1 BEDROOM APARTMENT 6 PEOPLE LES SUITES DU VAL CLARET APARTMENT 7,,Tignes Val Claret,no,https://booking.tignes.net/1-bedroom-apartment-6-people-les-suites-du-val-claret-apartment-7-tignes-val-claret-grande-motte-svc007.html
Tignes Réservation,tignesreservation-1-bedroom-apartment-6-people-moutieres-b1,1 BEDROOM APARTMENT 6 PEOPLE MOUTIERES B1,,Tignes Val Claret,no,https://booking.tignes.net/1-bedroom-apartment-6-people-moutieres-b1-tignes-val-claret-center-timoub1026.html
Tignes Réservation,tignesreservation-1-bedroom-apartment-6-people-moutieres-b1-39,1 BEDROOM APARTMENT 6 PEOPLE MOUTIERES B1 39,,Tignes Val Claret,no,https://booking.tignes.net/1-bedroom-apartment-6-people-moutieres-b1-39-tignes-val-claret-center-fr735133520.html
Tignes Réservation,tignesreservation-1-bedroom-apartment-6-people-neiges-d-or-301,1 BEDROOM APARTMENT 6 PEOPLE NEIGES D'OR 301,,Tignes Val Claret,no,https://booking.tignes.net/1-bedroom-apartment-6-people-neiges-d-or-301-tignes-val-claret-center-nor301.html
Tignes Réservation,tignesreservation-1-bedroom-apartment-6-people-platieres-17,1 BEDROOM APARTMENT 6 PEOPLE PLATIERES 17,,Tignes Val Claret,no,https://booking.tignes.net/1-bedroom-apartment-6-people-platieres-17-tignes-val-claret-center-platieres17.html
Tignes Réservation,tignesreservation-1-bedroom-apartment-6-people-plein-soleil-53,1 BEDROOM APARTMENT 6 PEOPLE PLEIN SOLEIL 53,,Tignes Val Claret,no,https://booking.tignes.net/1-bedroom-apartment-6-people-plein-soleil-53-tignes-val-claret-center-pls53.html
Tignes Réservation,tignesreservation-1-bedroom-apartment-6-people-pramecou-20,1 BEDROOM APARTMENT 6 PEOPLE PRAMECOU 20,,Tignes Val Claret,no,https://booking.tignes.net/1-bedroom-apartment-6-people-pramecou-20-tignes-val-claret-center-pram20.html
Tignes Réservation,tignesreservation-1-bedroom-apartment-6-people-pramecou-24,1 BEDROOM APARTMENT 6 PEOPLE PRAMECOU 24,,Tignes Val Claret,no,https://booking.tignes.net/1-bedroom-apartment-6-people-pramecou-24-tignes-val-claret-center-fr73513903.html
Tignes Réservation,tignesreservation-1-bedroom-apartment-6-people-pramecou-25,1 BEDROOM APARTMENT 6 PEOPLE PRAMECOU 25,,Tignes Val Claret,no,https://booking.tignes.net/1-bedroom-apartment-6-people-pramecou-25-tignes-val-claret-center-pra025r.html
Tignes Réservation,tignesreservation-1-bedroom-apartment-6-people-pramecou-28,1 BEDROOM APARTMENT 6 PEOPLE PRAMECOU 28,,Tignes Val Claret,no,https://booking.tignes.net/1-bedroom-apartment-6-people-pramecou-28-tignes-val-claret-center-tipram28.html
Tignes Réservation,tignesreservation-1-bedroom-apartment-6-people-pramecou-8,1 BEDROOM APARTMENT 6 PEOPLE PRAMECOU 8,,Tignes Val Claret,no,https://booking.tignes.net/1-bedroom-apartment-6-people-pramecou-8-tignes-val-claret-center-fr735139015.html
Tignes Réservation,tignesreservation-1-bedroom-apartment-6-people-prariond-a-20,1 BEDROOM APARTMENT 6 PEOPLE PRARIOND A 20,,Tignes Val Claret,no,https://booking.tignes.net/1-bedroom-apartment-6-people-prariond-a-20-tignes-val-claret-center-fr735129011.html
Tignes Réservation,tignesreservation-1-bedroom-apartment-6-people-prariond-a-36,1 BEDROOM APARTMENT 6 PEOPLE PRARIOND A 36,,Tignes Val Claret,no,https://booking.tignes.net/1-bedroom-apartment-6-people-prariond-a-36-tignes-val-claret-center-fr735129012.html
Tignes Réservation,tignesreservation-1-bedroom-apartment-6-people-prariond-a-9,1 BEDROOM APARTMENT 6 PEOPLE PRARIOND A 9,,Tignes Val Claret,no,https://booking.tignes.net/1-bedroom-apartment-6-people-prariond-a-9-tignes-val-claret-center-prar9a.html
Tignes Réservation,tignesreservation-1-bedroom-apartment-6-people-prariond-b-21,1 BEDROOM APARTMENT 6 PEOPLE PRARIOND B 21,,Tignes Val Claret,no,https://booking.tignes.net/1-bedroom-apartment-6-people-prariond-b-21-tignes-val-claret-center-fr73512907.html
Tignes Réservation,tignesreservation-1-bedroom-apartment-6-people-prariond-b-24,1 BEDROOM APARTMENT 6 PEOPLE PRARIOND B 24,,Tignes Val Claret,no,https://booking.tignes.net/1-bedroom-apartment-6-people-prariond-b-24-tignes-val-claret-center-fr735129010.html
Tignes Réservation,tignesreservation-1-bedroom-apartment-6-people-prariond-b-33,1 BEDROOM APARTMENT 6 PEOPLE PRARIOND B 33,,Tignes Val Claret,no,https://booking.tignes.net/1-bedroom-apartment-6-people-prariond-b-33-tignes-val-claret-center-prariondb33.html
Tignes Réservation,tignesreservation-1-bedroom-apartment-6-people-quartz-302-residence-chalet-hotel,1 BEDROOM APARTMENT 6 PEOPLE QUARTZ 302 - RESIDENCE CHALET HOTEL QUARTZ,,Tignes Val Claret,no,https://booking.tignes.net/1-bedroom-apartment-6-people-quartz-302-residence-chalet-hotel-quartz-tignes-val-claret-center-avp006.html
Tignes Réservation,tignesreservation-1-bedroom-apartment-6-people-quartz-402-residence-chalet-hotel,1 BEDROOM APARTMENT 6 PEOPLE QUARTZ 402 - RESIDENCE CHALET HOTEL QUARTZ,,Tignes Val Claret,no,https://booking.tignes.net/1-bedroom-apartment-6-people-quartz-402-residence-chalet-hotel-quartz-tignes-val-claret-center-avp010.html
Tignes Réservation,tignesreservation-1-bedroom-apartment-6-people-residence-vacanceole-borsat-iv,1 BEDROOM APARTMENT 6 PEOPLE RESIDENCE VACANCEOLE BORSAT IV,,Tignes Val Claret,no,https://booking.tignes.net/1-bedroom-apartment-6-people-residence-vacanceole-borsat-iv-tignes-val-claret-center-2p6leborsat.html
Tignes Réservation,tignesreservation-1-bedroom-apartment-6-people-rond-poiint-des-pistes-a-19,1 BEDROOM APARTMENT 6 PEOPLE ROND POIINT DES PISTES A 19,,Tignes Val Claret,no,https://booking.tignes.net/1-bedroom-apartment-6-people-rond-poiint-des-pistes-a-19-tignes-val-claret-grande-motte-tirppa419.html
Tignes Réservation,tignesreservation-1-bedroom-apartment-6-people-rond-point-des-pistes-a-203,1 BEDROOM APARTMENT 6 PEOPLE ROND POINT DES PISTES A 203,,Tignes Val Claret,no,https://booking.tignes.net/1-bedroom-apartment-6-people-rond-point-des-pistes-a-203-tignes-val-claret-center-tirppa203.html
Tignes Réservation,tignesreservation-1-bedroom-apartment-6-people-rond-point-des-pistes-b-111,1 BEDROOM APARTMENT 6 PEOPLE ROND POINT DES PISTES B 111,,Tignes Val Claret,no,https://booking.tignes.net/1-bedroom-apartment-6-people-rond-point-des-pistes-b-111-tignes-val-claret-grande-motte-rppb111.html
Tignes Réservation,tignesreservation-1-bedroom-apartment-6-people-schuss-1013,1 BEDROOM APARTMENT 6 PEOPLE SCHUSS 1013,,Tignes Val Claret,no,https://booking.tignes.net/1-bedroom-apartment-6-people-schuss-1013-tignes-val-claret-center-sch1013.html
Tignes Réservation,tignesreservation-1-bedroom-apartment-6-people-schuss-1214,1 BEDROOM APARTMENT 6 PEOPLE SCHUSS 1214,,Tignes Val Claret,no,https://booking.tignes.net/1-bedroom-apartment-6-people-schuss-1214-tignes-val-claret-center-sch1214.html
Tignes Réservation,tignesreservation-1-bedroom-apartment-6-people-schuss-1216,1 BEDROOM APARTMENT 6 PEOPLE SCHUSS 1216,,Tignes Val Claret,no,https://booking.tignes.net/1-bedroom-apartment-6-people-schuss-1216-tignes-val-claret-center-tischu1216.html
Tignes Réservation,tignesreservation-1-bedroom-apartment-6-people-schuss-503,1 BEDROOM APARTMENT 6 PEOPLE SCHUSS 503,,Tignes Val Claret,no,https://booking.tignes.net/1-bedroom-apartment-6-people-schuss-503-tignes-val-claret-center-sch503.html
Tignes Réservation,tignesreservation-1-bedroom-apartment-6-people-schuss-510,1 BEDROOM APARTMENT 6 PEOPLE SCHUSS 510,,Tignes Val Claret,no,https://booking.tignes.net/1-bedroom-apartment-6-people-schuss-510-tignes-val-claret-center-fr73513366.html
Tignes Réservation,tignesreservation-1-bedroom-apartment-6-people-schuss-602,1 BEDROOM APARTMENT 6 PEOPLE SCHUSS 602,,Tignes Val Claret,no,https://booking.tignes.net/1-bedroom-apartment-6-people-schuss-602-tignes-val-claret-center-fr73513365.html
Tignes Réservation,tignesreservation-1-bedroom-apartment-6-people-schuss-710,1 BEDROOM APARTMENT 6 PEOPLE SCHUSS 710,,Tignes Val Claret,no,https://booking.tignes.net/1-bedroom-apartment-6-people-schuss-710-tignes-val-claret-center-sch710.html
Tignes Réservation,tignesreservation-1-bedroom-apartment-6-people-schuss-803,1 BEDROOM APARTMENT 6 PEOPLE SCHUSS 803,,Tignes Val Claret,no,https://booking.tignes.net/1-bedroom-apartment-6-people-schuss-803-tignes-val-claret-center-sch803.html
Tignes Réservation,tignesreservation-1-bedroom-apartment-6-people-schuss-903,1 BEDROOM APARTMENT 6 PEOPLE SCHUSS 903,,Tignes Val Claret,no,https://booking.tignes.net/1-bedroom-apartment-6-people-schuss-903-tignes-val-claret-center-sch903.html
Tignes Réservation,tignesreservation-1-bedroom-apartment-6-people-schuss-906,1 BEDROOM APARTMENT 6 PEOPLE SCHUSS 906,,Tignes Val Claret,no,https://booking.tignes.net/1-bedroom-apartment-6-people-schuss-906-tignes-val-claret-center-sch906.html
Tignes Réservation,tignesreservation-1-bedroom-apartment-6-people-slalom-501,1 BEDROOM APARTMENT 6 PEOPLE SLALOM 501,,Tignes Val Claret,no,https://booking.tignes.net/1-bedroom-apartment-6-people-slalom-501-tignes-val-claret-center-sla501.html
Tignes Réservation,tignesreservation-1-bedroom-apartment-6-people-slalom-d1,1 BEDROOM APARTMENT 6 PEOPLE SLALOM D1,,Tignes Val Claret,no,https://booking.tignes.net/1-bedroom-apartment-6-people-slalom-d1-tignes-val-claret-center-slalomd1.html
Tignes Réservation,tignesreservation-1-bedroom-apartment-6-people-tommeuses-16,1 BEDROOM APARTMENT 6 PEOPLE TOMMEUSES 16,,Tignes Val Claret,no,https://booking.tignes.net/1-bedroom-apartment-6-people-tommeuses-16-tignes-val-claret-center-fr73513209.html
Tignes Réservation,tignesreservation-1-bedroom-apartment-6-people-tommeuses-17,1 BEDROOM APARTMENT 6 PEOPLE TOMMEUSES 17,,Tignes Val Claret,no,https://booking.tignes.net/1-bedroom-apartment-6-people-tommeuses-17-tignes-val-claret-center-tom17.html
Tignes Réservation,tignesreservation-1-bedroom-apartment-6-people-tommeuses-25,1 BEDROOM APARTMENT 6 PEOPLE TOMMEUSES 25,,Tignes Val Claret,no,https://booking.tignes.net/1-bedroom-apartment-6-people-tommeuses-25-tignes-val-claret-center-titom25.html
Tignes Réservation,tignesreservation-1-bedroom-apartment-6-people-tommeuses-31,1 BEDROOM APARTMENT 6 PEOPLE TOMMEUSES 31,,Tignes Val Claret,no,https://booking.tignes.net/1-bedroom-apartment-6-people-tommeuses-31-tignes-val-claret-center-tom31.html
Tignes Réservation,tignesreservation-1-bedroom-apartment-6-people-tommeuses-39,1 BEDROOM APARTMENT 6 PEOPLE TOMMEUSES 39,,Tignes Val Claret,no,https://booking.tignes.net/1-bedroom-apartment-6-people-tommeuses-39-tignes-val-claret-center-tommeuses39.html
Tignes Réservation,tignesreservation-1-bedroom-apartment-6-people-tommeuses-69,1 BEDROOM APARTMENT 6 PEOPLE TOMMEUSES 69,,Tignes Val Claret,no,https://booking.tignes.net/1-bedroom-apartment-6-people-tommeuses-69-tignes-val-claret-center-fr735132032.html
Tignes Réservation,tignesreservation-1-bedroom-apartment-6-people-tommeuses-75,1 BEDROOM APARTMENT 6 PEOPLE TOMMEUSES 75,,Tignes Val Claret,no,https://booking.tignes.net/1-bedroom-apartment-6-people-tommeuses-75-tignes-val-claret-center-fr735132017.html
Tignes Réservation,tignesreservation-1-bedroom-apartment-6-people-tommeuses-76,1 BEDROOM APARTMENT 6 PEOPLE TOMMEUSES 76,,Tignes Val Claret,no,https://booking.tignes.net/1-bedroom-apartment-6-people-tommeuses-76-tignes-val-claret-center-titom76.html
Tignes Réservation,tignesreservation-1-bedroom-apartment-6-people-tommeuses-84,1 BEDROOM APARTMENT 6 PEOPLE TOMMEUSES 84,,Tignes Val Claret,no,https://booking.tignes.net/1-bedroom-apartment-6-people-tommeuses-84-tignes-val-claret-center-titom84-1.html
Tignes Réservation,tignesreservation-1-bedroom-apartment-6-people-tufs-a-10,1 BEDROOM APARTMENT 6 PEOPLE TUFS A 10,,Tignes Val Claret,no,https://booking.tignes.net/1-bedroom-apartment-6-people-tufs-a-10-tignes-val-claret-center-titufa10.html
Tignes Réservation,tignesreservation-1-bedroom-apartment-6-people-tufs-b-05,1 BEDROOM APARTMENT 6 PEOPLE TUFS B 05,,Tignes Val Claret,no,https://booking.tignes.net/1-bedroom-apartment-6-people-tufs-b-05-tignes-val-claret-center-titufb05.html
Tignes Réservation,tignesreservation-1-bedroom-apartment-7-people-grand-tichot-a-39,1 BEDROOM APARTMENT 7 PEOPLE GRAND TICHOT A 39,,Tignes Val Claret,no,https://booking.tignes.net/1-bedroom-apartment-7-people-grand-tichot-a-39-tignes-val-claret-center-grandtichot39.html
Tignes Réservation,tignesreservation-1-bedroom-apartment-7-people-sefcotel-83,1 BEDROOM APARTMENT 7 PEOPLE SEFCOTEL 83,,Tignes Val Claret,no,https://booking.tignes.net/1-bedroom-apartment-7-people-sefcotel-83-tignes-val-claret-center-sefco82.html
Tignes Réservation,tignesreservation-1-bedroom-apartment-curling-a-tour-71,1 BEDROOM APARTMENT CURLING A TOUR 71,,Tignes Val Claret,no,https://booking.tignes.net/1-bedroom-apartment-curling-a-tour-71-tignes-val-claret-center-ticuat71.html
Tignes Réservation,tignesreservation-1-bedroom-apartment-curling-a-tour-78,1 BEDROOM APARTMENT CURLING A TOUR 78,,Tignes Val Claret,no,https://booking.tignes.net/1-bedroom-apartment-curling-a-tour-78-tignes-val-claret-center-ca78.html
Tignes Réservation,tignesreservation-1-bedroom-apartment-curling-a2-36,1 BEDROOM APARTMENT CURLING A2 36,,Tignes Val Claret,no,https://booking.tignes.net/1-bedroom-apartment-curling-a2-36-tignes-val-claret-center-ca36.html
Tignes Réservation,tignesreservation-1-bedroom-apartment-hameau-du-borsat-1302,1 BEDROOM APARTMENT HAMEAU DU BORSAT 1302,,Tignes Val Claret,no,https://booking.tignes.net/1-bedroom-apartment-hameau-du-borsat-1302-tignes-val-claret-center-tihambo1302.html
Tignes Réservation,tignesreservation-1-bedroom-apartment-hameau-du-borsat-3025,1 BEDROOM APARTMENT HAMEAU DU BORSAT 3025,,Tignes Val Claret,no,https://booking.tignes.net/1-bedroom-apartment-hameau-du-borsat-3025-tignes-val-claret-center-tihambo3025.html
Tignes Réservation,tignesreservation-1-bedroom-apartment-with-cabin-5-people-neiges-d-or-305,1 BEDROOM APARTMENT WITH CABIN 5 PEOPLE NEIGES D'OR 305,,Tignes Val Claret,no,https://booking.tignes.net/1-bedroom-apartment-with-cabin-5-people-neiges-d-or-305-tignes-val-claret-center-fr73513854.html
Tignes Réservation,tignesreservation-1-bedroom-cabin-5-people-hameau-du-borsat-1311,1 BEDROOM CABIN 5 PEOPLE HAMEAU DU BORSAT 1311,,Tignes Val Claret,no,https://booking.tignes.net/1-bedroom-cabin-5-people-hameau-du-borsat-1311-tignes-val-claret-center-hameauduborsat1311.html
Tignes Réservation,tignesreservation-1-bedroom-cabin-6-people-moutieres-b136-37,1 BEDROOM CABIN 6 PEOPLE MOUTIERES B136/37,,Tignes Val Claret,no,https://booking.tignes.net/1-bedroom-cabin-6-people-moutieres-b136-37-tignes-val-claret-center-moutieresb13637.html
Tignes Réservation,tignesreservation-1-bedroom-cabin-apartment-6-people-residence-odalys-rond-point,1 BEDROOM CABIN APARTMENT 6 PEOPLE RESIDENCE ODALYS ROND POINT DES PISTES,,Tignes Val Claret,no,https://booking.tignes.net/1-bedroom-cabin-apartment-6-people-residence-odalys-rond-point-des-pistes-tignes-val-claret-grande-motte-580.html
Tignes Réservation,tignesreservation-1-bedroom-hameau-du-borsat-1315,1 BEDROOM HAMEAU DU BORSAT 1315,,Tignes Val Claret,no,https://booking.tignes.net/1-bedroom-hameau-du-borsat-1315-tignes-val-claret-center-fr735131013.html
Tignes Réservation,tignesreservation-1-bedroom-rond-point-des-pistes-a2-411,1 BEDROOM ROND POINT DES PISTES A2 411,,Tignes Val Claret,no,https://booking.tignes.net/1-bedroom-rond-point-des-pistes-a2-411-tignes-val-claret-grande-motte-fr735133021.html
Tignes Réservation,tignesreservation-1-bedroom-with-cabin-apartment-6-people-residence-hameaud-du-b,1 BEDROOM WITH CABIN APARTMENT 6 PEOPLE RESIDENCE HAMEAUD DU BORSAT,,Tignes Val Claret,no,https://booking.tignes.net/1-bedroom-with-cabin-apartment-6-people-residence-hameaud-du-borsat-tignes-val-claret-center-586.html
Tignes Réservation,tignesreservation-2-bedroom-8-people-pramecou-27,2 BEDROOM 8 PEOPLE PRAMECOU 27,,Tignes Val Claret,no,https://booking.tignes.net/2-bedroom-8-people-pramecou-27-tignes-val-claret-center-pramecou27.html
Tignes Réservation,tignesreservation-2-bedroom-apartment-cabin-9-people-grand-tichot-a2-5,2 BEDROOM APARTMENT + CABIN 9 PEOPLE GRAND TICHOT A2 5,,Tignes Val Claret,no,https://booking.tignes.net/2-bedroom-apartment-cabin-9-people-grand-tichot-a2-5-tignes-val-claret-center-tigta205.html
Tignes Réservation,tignesreservation-2-bedroom-mezzanine-appartment-8-people-residence-odalys-rond-,2 BEDROOM MEZZANINE APPARTMENT 8 PEOPLE RESIDENCE ODALYS ROND POINT DES PISTES,,Tignes Val Claret,no,https://booking.tignes.net/2-bedroom-mezzanine-appartment-8-people-residence-odalys-rond-point-des-pistes-tignes-val-claret-grande-motte-581.html
Tignes Réservation,tignesreservation-2-bedrooms-cabin-6-people-rond-point-des-pistes-b-113,2 BEDROOMS + CABIN 6 PEOPLE ROND POINT DES PISTES B 113,,Tignes Val Claret,no,https://booking.tignes.net/2-bedrooms-cabin-6-people-rond-point-des-pistes-b-113-tignes-val-claret-grande-motte-tirppb113.html
Tignes Réservation,tignesreservation-2-bedrooms-6-people-haut-du-val-claret-b2-30,2 BEDROOMS 6 PEOPLE HAUT DU VAL CLARET B2 30,,Tignes Val Claret,no,https://booking.tignes.net/2-bedrooms-6-people-haut-du-val-claret-b2-30-tignes-val-claret-center-fr735134027.html
Tignes Réservation,tignesreservation-2-bedrooms-6-people-prariond-b-05,2 BEDROOMS 6 PEOPLE PRARIOND B 05,,Tignes Val Claret,no,https://booking.tignes.net/2-bedrooms-6-people-prariond-b-05-tignes-val-claret-center-tiprab05.html
Tignes Réservation,tignesreservation-2-bedrooms-7-people-moutieres-b2-54,2 BEDROOMS 7 PEOPLE MOUTIERES B2 54,,Tignes Val Claret,no,https://booking.tignes.net/2-bedrooms-7-people-moutieres-b2-54-tignes-val-claret-center-moutb254.html
Tignes Réservation,tignesreservation-2-bedrooms-8-people-chalet-club-102,2 BEDROOMS 8 PEOPLE CHALET CLUB 102,,Tignes Val Claret,no,https://booking.tignes.net/2-bedrooms-8-people-chalet-club-102-tignes-val-claret-grande-motte-cc102.html
Tignes Réservation,tignesreservation-2-bedrooms-8-people-grand-tichot-b1-29,2 BEDROOMS 8 PEOPLE GRAND TICHOT B1 29,,Tignes Val Claret,no,https://booking.tignes.net/2-bedrooms-8-people-grand-tichot-b1-29-tignes-val-claret-center-grandtichotb129.html
Tignes Réservation,tignesreservation-2-bedrooms-apartment-duplex-6-people-rond-point-des-pistes-313,2 BEDROOMS APARTMENT + DUPLEX 6 PEOPLE ROND POINT DES PISTES 313,,Tignes Val Claret,no,https://booking.tignes.net/2-bedrooms-apartment-duplex-6-people-rond-point-des-pistes-313-tignes-val-claret-grande-motte-rppa313.html
Tignes Réservation,tignesreservation-2-bedrooms-apartment-10-people-curling-b-tour-103,2 BEDROOMS APARTMENT 10 PEOPLE CURLING B TOUR 103,,Tignes Val Claret,no,https://booking.tignes.net/2-bedrooms-apartment-10-people-curling-b-tour-103-tignes-val-claret-center-ticub103.html
Tignes Réservation,tignesreservation-2-bedrooms-apartment-2-4-people-residence-ynycio,2 BEDROOMS APARTMENT 2/4 PEOPLE RESIDENCE YNYCIO,,Tignes Val Claret,no,https://booking.tignes.net/2-bedrooms-apartment-2-4-people-residence-ynycio-tignes-val-claret-center-3p24.html
Tignes Réservation,tignesreservation-2-bedrooms-apartment-4-people-curling-a1-38,2 BEDROOMS APARTMENT 4 PEOPLE CURLING A1 38,,Tignes Val Claret,no,https://booking.tignes.net/2-bedrooms-apartment-4-people-curling-a1-38-tignes-val-claret-center-curl38.html
Tignes Réservation,tignesreservation-2-bedrooms-apartment-4-people-hauts-du-val-claret-b-29,2 BEDROOMS APARTMENT 4 PEOPLE HAUTS DU VAL CLARET B 29,,Tignes Val Claret,no,https://booking.tignes.net/2-bedrooms-apartment-4-people-hauts-du-val-claret-b-29-tignes-val-claret-center-hautsduvalclaretb29.html
Tignes Réservation,tignesreservation-2-bedrooms-apartment-5-people-cafetan,2 BEDROOMS APARTMENT 5 PEOPLE CAFETAN,,Tignes Val Claret,no,https://booking.tignes.net/2-bedrooms-apartment-5-people-cafetan-tignes-val-claret-les-chartreux-cafetan.html
Tignes Réservation,tignesreservation-2-bedrooms-apartment-5-people-hauts-du-val-claret-b3-37,2 BEDROOMS APARTMENT 5 PEOPLE HAUTS DU VAL CLARET B3 37,,Tignes Val Claret,no,https://booking.tignes.net/2-bedrooms-apartment-5-people-hauts-du-val-claret-b3-37-tignes-val-claret-center-tihvcb337.html
Tignes Réservation,tignesreservation-2-bedrooms-apartment-5-people-rond-point-des-pistes-208,2 BEDROOMS APARTMENT 5 PEOPLE ROND POINT DES PISTES 208,,Tignes Val Claret,no,https://booking.tignes.net/2-bedrooms-apartment-5-people-rond-point-des-pistes-208-tignes-val-claret-grande-motte-rpp208.html
Tignes Réservation,tignesreservation-2-bedrooms-apartment-6-people-cgh-residence-spa-la-ferme-du-va,2 BEDROOMS APARTMENT 6 PEOPLE CGH RESIDENCE & SPA – LA FERME DU VAL CLARET,,Tignes Val Claret,no,https://booking.tignes.net/2-bedrooms-apartment-6-people-cgh-residence-spa-la-ferme-du-val-claret-tignes-val-claret-grande-motte-3p6fermeduvalclaret.html
Tignes Réservation,tignesreservation-2-bedrooms-apartment-6-people-cgh-residence-spa-le-jhana,2 BEDROOMS APARTMENT 6 PEOPLE CGH RESIDENCE & SPA – LE JHANA,,Tignes Val Claret,no,https://booking.tignes.net/2-bedrooms-apartment-6-people-cgh-residence-spa-le-jhana-tignes-val-claret-center-3p6lejhana.html
Tignes Réservation,tignesreservation-2-bedrooms-apartment-6-people-cgh-residence-spa-le-nevada,2 BEDROOMS APARTMENT 6 PEOPLE CGH RESIDENCE & SPA – LE NEVADA,,Tignes Val Claret,no,https://booking.tignes.net/2-bedrooms-apartment-6-people-cgh-residence-spa-le-nevada-tignes-val-claret-center-3p6nevada.html
Tignes Réservation,tignesreservation-2-bedrooms-apartment-6-people-curling-a1-41,2 BEDROOMS APARTMENT 6 PEOPLE CURLING A1 41,,Tignes Val Claret,no,https://booking.tignes.net/2-bedrooms-apartment-6-people-curling-a1-41-tignes-val-claret-center-ca41.html
Tignes Réservation,tignesreservation-2-bedrooms-apartment-6-people-curling-a3-58,2 BEDROOMS APARTMENT 6 PEOPLE CURLING A3 58,,Tignes Val Claret,no,https://booking.tignes.net/2-bedrooms-apartment-6-people-curling-a3-58-tignes-val-claret-center-78.html
Tignes Réservation,tignesreservation-2-bedrooms-apartment-6-people-curling-b-tour-105,2 BEDROOMS APARTMENT 6 PEOPLE CURLING B TOUR 105,,Tignes Val Claret,no,https://booking.tignes.net/2-bedrooms-apartment-6-people-curling-b-tour-105-tignes-val-claret-center-curlingbtour105.html
Tignes Réservation,tignesreservation-2-bedrooms-apartment-6-people-curling-b1-02,2 BEDROOMS APARTMENT 6 PEOPLE CURLING B1 02,,Tignes Val Claret,no,https://booking.tignes.net/2-bedrooms-apartment-6-people-curling-b1-02-tignes-val-claret-center-ticub102.html
Tignes Réservation,tignesreservation-2-bedrooms-apartment-6-people-curlung-a-tour-88,2 BEDROOMS APARTMENT 6 PEOPLE CURLUNG A TOUR 88,,Tignes Val Claret,no,https://booking.tignes.net/2-bedrooms-apartment-6-people-curlung-a-tour-88-tignes-val-claret-center-ca88.html
Tignes Réservation,tignesreservation-2-bedrooms-apartment-6-people-ecrin-des-neiges-a-3,2 BEDROOMS APARTMENT 6 PEOPLE ECRIN DES NEIGES A 3,,Tignes Val Claret,no,https://booking.tignes.net/2-bedrooms-apartment-6-people-ecrin-des-neiges-a-3-tignes-val-claret-grande-motte-fr73513962.html
Tignes Réservation,tignesreservation-2-bedrooms-apartment-6-people-ecrin-des-neiges-a-6,2 BEDROOMS APARTMENT 6 PEOPLE ECRIN DES NEIGES A 6,,Tignes Val Claret,no,https://booking.tignes.net/2-bedrooms-apartment-6-people-ecrin-des-neiges-a-6-tignes-val-claret-grande-motte-3pieces6personnesecrindesneige.html
Tignes Réservation,tignesreservation-2-bedrooms-apartment-6-people-ecrin-des-neiges-b006,2 BEDROOMS APARTMENT 6 PEOPLE ECRIN DES NEIGES B006,,Tignes Val Claret,no,https://booking.tignes.net/2-bedrooms-apartment-6-people-ecrin-des-neiges-b006-tignes-val-claret-grande-motte-ecrinb006.html
Tignes Réservation,tignesreservation-2-bedrooms-apartment-6-people-ecrin-des-neiges-b07,2 BEDROOMS APARTMENT 6 PEOPLE ECRIN DES NEIGES B07,,Tignes Val Claret,no,https://booking.tignes.net/2-bedrooms-apartment-6-people-ecrin-des-neiges-b07-tignes-val-claret-grande-motte-tienb07.html
Tignes Réservation,tignesreservation-2-bedrooms-apartment-6-people-ecrin-des-nieges-214,2 BEDROOMS APARTMENT 6 PEOPLE ECRIN DES NIEGES 214,,Tignes Val Claret,no,https://booking.tignes.net/2-bedrooms-apartment-6-people-ecrin-des-nieges-214-tignes-val-claret-grande-motte-ecrin214.html
Tignes Réservation,tignesreservation-2-bedrooms-apartment-6-people-grand-roc-13,2 BEDROOMS APARTMENT 6 PEOPLE GRAND ROC 13,,Tignes Val Claret,no,https://booking.tignes.net/2-bedrooms-apartment-6-people-grand-roc-13-tignes-val-claret-center-fr73513921.html
Tignes Réservation,tignesreservation-2-bedrooms-apartment-6-people-grand-tichot-a2-2,2 BEDROOMS APARTMENT 6 PEOPLE GRAND TICHOT A2 2,,Tignes Val Claret,no,https://booking.tignes.net/2-bedrooms-apartment-6-people-grand-tichot-a2-2-tignes-val-claret-center-grandtichota22.html
Tignes Réservation,tignesreservation-2-bedrooms-apartment-6-people-haut-du-val-claret-b2-6,2 BEDROOMS APARTMENT 6 PEOPLE HAUT DU VAL CLARET B2 6,,Tignes Val Claret,no,https://booking.tignes.net/2-bedrooms-apartment-6-people-haut-du-val-claret-b2-6-tignes-val-claret-center-hvcb26.html
Tignes Réservation,tignesreservation-2-bedrooms-apartment-6-people-les-suites-du-val-claret-appartm,2 BEDROOMS APARTMENT 6 PEOPLE LES SUITES DU VAL CLARET APPARTMENT 2,,Tignes Val Claret,no,https://booking.tignes.net/2-bedrooms-apartment-6-people-les-suites-du-val-claret-appartment-2-tignes-val-claret-grande-motte-svc002.html
Tignes Réservation,tignesreservation-2-bedrooms-apartment-6-people-neiges-d-or-105,2 BEDROOMS APARTMENT 6 PEOPLE NEIGES D'OR 105,,Tignes Val Claret,no,https://booking.tignes.net/2-bedrooms-apartment-6-people-neiges-d-or-105-tignes-val-claret-center-fr73513852.html
Tignes Réservation,tignesreservation-2-bedrooms-apartment-6-people-pramecou-22,2 BEDROOMS APARTMENT 6 PEOPLE PRAMECOU 22,,Tignes Val Claret,no,https://booking.tignes.net/2-bedrooms-apartment-6-people-pramecou-22-tignes-val-claret-center-fr73513908.html
Tignes Réservation,tignesreservation-2-bedrooms-apartment-6-people-quartz-201-residence-chalet-hote,2 BEDROOMS APARTMENT 6 PEOPLE QUARTZ 201 - RESIDENCE CHALET HOTEL QUARTZ,,Tignes Val Claret,no,https://booking.tignes.net/2-bedrooms-apartment-6-people-quartz-201-residence-chalet-hotel-quartz-tignes-val-claret-center-avp001.html
Tignes Réservation,tignesreservation-2-bedrooms-apartment-6-people-quartz-301-residence-chalet-hote,2 BEDROOMS APARTMENT 6 PEOPLE QUARTZ 301- RESIDENCE CHALET HOTEL QUARTZ,,Tignes Val Claret,no,https://booking.tignes.net/2-bedrooms-apartment-6-people-quartz-301-residence-chalet-hotel-quartz-tignes-val-claret-center-avp005.html
Tignes Réservation,tignesreservation-2-bedrooms-apartment-6-people-quartz-303-residence-chalet-hote,2 BEDROOMS APARTMENT 6 PEOPLE QUARTZ 303 - RESIDENCE CHALET HOTEL QUARTZ,,Tignes Val Claret,no,https://booking.tignes.net/2-bedrooms-apartment-6-people-quartz-303-residence-chalet-hotel-quartz-tignes-val-claret-center-avp007.html
Tignes Réservation,tignesreservation-2-bedrooms-apartment-6-people-quartz-304-residence-chalet-hote,2 BEDROOMS APARTMENT 6 PEOPLE QUARTZ 304 - RESIDENCE CHALET HOTEL QUARTZ,,Tignes Val Claret,no,https://booking.tignes.net/2-bedrooms-apartment-6-people-quartz-304-residence-chalet-hotel-quartz-tignes-val-claret-center-avp008.html
Tignes Réservation,tignesreservation-2-bedrooms-apartment-6-people-quartz-401-residence-chalet-hote,2 BEDROOMS APARTMENT 6 PEOPLE QUARTZ 401 - RESIDENCE CHALET HOTEL QUARTZ,,Tignes Val Claret,no,https://booking.tignes.net/2-bedrooms-apartment-6-people-quartz-401-residence-chalet-hotel-quartz-tignes-val-claret-center-avp009.html
Tignes Réservation,tignesreservation-2-bedrooms-apartment-6-people-quartz-403-residence-chalet-hote,2 BEDROOMS APARTMENT 6 PEOPLE QUARTZ 403 - RESIDENCE CHALET HOTEL QUARTZ,,Tignes Val Claret,no,https://booking.tignes.net/2-bedrooms-apartment-6-people-quartz-403-residence-chalet-hotel-quartz-tignes-val-claret-center-avp011.html
Tignes Réservation,tignesreservation-2-bedrooms-apartment-6-people-quartz-404-residence-chalet-hote,2 BEDROOMS APARTMENT 6 PEOPLE QUARTZ 404 - RESIDENCE CHALET HOTEL QUARTZ,,Tignes Val Claret,no,https://booking.tignes.net/2-bedrooms-apartment-6-people-quartz-404-residence-chalet-hotel-quartz-tignes-val-claret-center-avp012.html
Tignes Réservation,tignesreservation-2-bedrooms-apartment-6-people-quartz-503-residence-chalet-hote,2 BEDROOMS APARTMENT 6 PEOPLE QUARTZ 503 - RESIDENCE CHALET HOTEL QUARTZ,,Tignes Val Claret,no,https://booking.tignes.net/2-bedrooms-apartment-6-people-quartz-503-residence-chalet-hotel-quartz-tignes-val-claret-center-avp015.html
Tignes Réservation,tignesreservation-2-bedrooms-apartment-6-people-quartz-504-residence-chalet-hote,2 BEDROOMS APARTMENT 6 PEOPLE QUARTZ 504 - RESIDENCE CHALET HOTEL QUARTZ,,Tignes Val Claret,no,https://booking.tignes.net/2-bedrooms-apartment-6-people-quartz-504-residence-chalet-hotel-quartz-tignes-val-claret-center-avp016.html
Tignes Réservation,tignesreservation-2-bedrooms-apartment-6-people-residence-odalys-rond-point-des-,2 BEDROOMS APARTMENT 6 PEOPLE RESIDENCE ODALYS ROND POINT DES PISTES,,Tignes Val Claret,no,https://booking.tignes.net/2-bedrooms-apartment-6-people-residence-odalys-rond-point-des-pistes-tignes-val-claret-grande-motte-4769.html
Tignes Réservation,tignesreservation-2-bedrooms-apartment-6-people-rond-point-des-pistes-a-104,2 BEDROOMS APARTMENT 6 PEOPLE ROND POINT DES PISTES A 104,,Tignes Val Claret,no,https://booking.tignes.net/2-bedrooms-apartment-6-people-rond-point-des-pistes-a-104-tignes-val-claret-grande-motte-rppa104-1.html
Tignes Réservation,tignesreservation-2-bedrooms-apartment-6-people-schuss-1210,2 BEDROOMS APARTMENT 6 PEOPLE SCHUSS 1210,,Tignes Val Claret,no,https://booking.tignes.net/2-bedrooms-apartment-6-people-schuss-1210-tignes-val-claret-center-sch1210.html
Tignes Réservation,tignesreservation-2-bedrooms-apartment-6-people-tommeuses-24,2 BEDROOMS APARTMENT 6 PEOPLE TOMMEUSES 24,,Tignes Val Claret,no,https://booking.tignes.net/2-bedrooms-apartment-6-people-tommeuses-24-tignes-val-claret-center-fr735132030.html
Tignes Réservation,tignesreservation-2-bedrooms-apartment-7-people-grand-tichot-b4,2 BEDROOMS APARTMENT 7 PEOPLE GRAND TICHOT B4,,Tignes Val Claret,no,https://booking.tignes.net/2-bedrooms-apartment-7-people-grand-tichot-b4-tignes-val-claret-center-tb4.html
Tignes Réservation,tignesreservation-2-bedrooms-apartment-7-people-moutieres-b2-53,2 BEDROOMS APARTMENT 7 PEOPLE MOUTIERES B2 53,,Tignes Val Claret,no,https://booking.tignes.net/2-bedrooms-apartment-7-people-moutieres-b2-53-tignes-val-claret-center-moutb253.html
Tignes Réservation,tignesreservation-2-bedrooms-apartment-7-people-pramecou-12,2 BEDROOMS APARTMENT 7 PEOPLE PRAMECOU 12,,Tignes Val Claret,no,https://booking.tignes.net/2-bedrooms-apartment-7-people-pramecou-12-tignes-val-claret-center-fr735139011.html
Tignes Réservation,tignesreservation-2-bedrooms-apartment-7-people-tommeuses-34,2 BEDROOMS APARTMENT 7 PEOPLE TOMMEUSES 34,,Tignes Val Claret,no,https://booking.tignes.net/2-bedrooms-apartment-7-people-tommeuses-34-tignes-val-claret-center-fr735132024.html
Tignes Réservation,tignesreservation-2-bedrooms-apartment-8-people-curling-a1-24,2 BEDROOMS APARTMENT 8 PEOPLE CURLING A1 24,,Tignes Val Claret,no,https://booking.tignes.net/2-bedrooms-apartment-8-people-curling-a1-24-tignes-val-claret-center-ca24.html
Tignes Réservation,tignesreservation-2-bedrooms-apartment-8-people-curling-a1-27,2 BEDROOMS APARTMENT 8 PEOPLE CURLING A1 27,,Tignes Val Claret,no,https://booking.tignes.net/2-bedrooms-apartment-8-people-curling-a1-27-tignes-val-claret-center-curlinga127.html
Tignes Réservation,tignesreservation-2-bedrooms-apartment-8-people-curling-a3-57,2 BEDROOMS APARTMENT 8 PEOPLE CURLING A3 57,,Tignes Val Claret,no,https://booking.tignes.net/2-bedrooms-apartment-8-people-curling-a3-57-tignes-val-claret-center-fr73513509.html
Tignes Réservation,tignesreservation-2-bedrooms-apartment-8-people-curling-b-tour-106,2 BEDROOMS APARTMENT 8 PEOPLE CURLING B TOUR 106,,Tignes Val Claret,no,https://booking.tignes.net/2-bedrooms-apartment-8-people-curling-b-tour-106-tignes-val-claret-center-ticubt106.html
Tignes Réservation,tignesreservation-2-bedrooms-apartment-8-people-curling-b-tour-114,2 BEDROOMS APARTMENT 8 PEOPLE CURLING B TOUR 114,,Tignes Val Claret,no,https://booking.tignes.net/2-bedrooms-apartment-8-people-curling-b-tour-114-tignes-val-claret-center-79.html
Tignes Réservation,tignesreservation-2-bedrooms-apartment-8-people-curling-b-tour-115,2 BEDROOMS APARTMENT 8 PEOPLE CURLING B TOUR 115,,Tignes Val Claret,no,https://booking.tignes.net/2-bedrooms-apartment-8-people-curling-b-tour-115-tignes-val-claret-center-fr735138035.html
Tignes Réservation,tignesreservation-2-bedrooms-apartment-8-people-curling-b1-06,2 BEDROOMS APARTMENT 8 PEOPLE CURLING B1 06,,Tignes Val Claret,no,https://booking.tignes.net/2-bedrooms-apartment-8-people-curling-b1-06-tignes-val-claret-center-cb06.html
Tignes Réservation,tignesreservation-2-bedrooms-apartment-8-people-curling-b1-12,2 BEDROOMS APARTMENT 8 PEOPLE CURLING B1 12,,Tignes Val Claret,no,https://booking.tignes.net/2-bedrooms-apartment-8-people-curling-b1-12-tignes-val-claret-center-fr735138040.html
Tignes Réservation,tignesreservation-2-bedrooms-apartment-8-people-curlng-a1-55,2 BEDROOMS APARTMENT 8 PEOPLE CURLNG A1 55,,Tignes Val Claret,no,https://booking.tignes.net/2-bedrooms-apartment-8-people-curlng-a1-55-tignes-val-claret-center-ca55.html
Tignes Réservation,tignesreservation-2-bedrooms-apartment-8-people-grand-tichot-a2-35,2 BEDROOMS APARTMENT 8 PEOPLE GRAND TICHOT A2 35,,Tignes Val Claret,no,https://booking.tignes.net/2-bedrooms-apartment-8-people-grand-tichot-a2-35-tignes-val-claret-center-fr735137518.html
Tignes Réservation,tignesreservation-2-bedrooms-apartment-8-people-grand-tichot-a2-35-g-aimountaincollection-tigta235,2 BEDROOMS APARTMENT 8 PEOPLE GRAND TICHOT A2 35,,Tignes Val Claret,no,https://booking.tignes.net/2-bedrooms-apartment-8-people-grand-tichot-a2-35-tignes-val-claret-center-tigta235.html
Tignes Réservation,tignesreservation-2-bedrooms-apartment-8-people-grand-tichot-b2-28,2 BEDROOMS APARTMENT 8 PEOPLE GRAND TICHOT B2 28,,Tignes Val Claret,no,https://booking.tignes.net/2-bedrooms-apartment-8-people-grand-tichot-b2-28-tignes-val-claret-center-fr73513755.html
Tignes Réservation,tignesreservation-2-bedrooms-apartment-8-people-pramecou-35,2 BEDROOMS APARTMENT 8 PEOPLE PRAMECOU 35,,Tignes Val Claret,no,https://booking.tignes.net/2-bedrooms-apartment-8-people-pramecou-35-tignes-val-claret-center-pramecou35.html
Tignes Réservation,tignesreservation-2-bedrooms-apartment-8-people-quartz-502-residence-chalet-hote,2 BEDROOMS APARTMENT 8 PEOPLE QUARTZ 502 - RESIDENCE CHALET HOTEL QUARTZ,,Tignes Val Claret,no,https://booking.tignes.net/2-bedrooms-apartment-8-people-quartz-502-residence-chalet-hotel-quartz-tignes-val-claret-center-avp014.html
Tignes Réservation,tignesreservation-2-bedrooms-apartment-9-people-les-suites-du-val-claret-apartme,2 BEDROOMS APARTMENT 9 PEOPLE LES SUITES DU VAL CLARET APARTMENT 6,,Tignes Val Claret,no,https://booking.tignes.net/2-bedrooms-apartment-9-people-les-suites-du-val-claret-apartment-6-tignes-val-claret-grande-motte-svc006.html
Tignes Réservation,tignesreservation-2-bedrooms-apartment-curling-b-tour-103,2 BEDROOMS APARTMENT CURLING B TOUR 103,,Tignes Val Claret,no,https://booking.tignes.net/2-bedrooms-apartment-curling-b-tour-103-tignes-val-claret-center-ticubt103.html
Tignes Réservation,tignesreservation-2-bedrooms-apartment-curling-b1-60,2 BEDROOMS APARTMENT CURLING B1 60,,Tignes Val Claret,no,https://booking.tignes.net/2-bedrooms-apartment-curling-b1-60-tignes-val-claret-center-cb60.html
Tignes Réservation,tignesreservation-2-bedrooms-apartments-4-people-with-private-sauna-residence-yn,2 BEDROOMS APARTMENTS 4 PEOPLE WITH PRIVATE SAUNA RESIDENCE YNYCIO,,Tignes Val Claret,no,https://booking.tignes.net/2-bedrooms-apartments-4-people-with-private-sauna-residence-ynycio-tignes-val-claret-center-3p4s.html
Tignes Réservation,tignesreservation-2-bedrooms-duplex-apartment-6-people-cgh-residence-spa-la-ferm,2 BEDROOMS DUPLEX APARTMENT 6 PEOPLE CGH RESIDENCE & SPA – LA FERME DU VAL CLARET,,Tignes Val Claret,no,https://booking.tignes.net/2-bedrooms-duplex-apartment-6-people-cgh-residence-spa-la-ferme-du-val-claret-tignes-val-claret-grande-motte-3m6fermeduvalclaret.html
Tignes Réservation,tignesreservation-2-bedrooms-mezzanine-apartment-8-peaople-les-suites-du-val-cla,2 BEDROOMS MEZZANINE APARTMENT 8 PEAOPLE LES SUITES DU VAL CLARET APAARTMENT 4,,Tignes Val Claret,no,https://booking.tignes.net/2-bedrooms-mezzanine-apartment-8-peaople-les-suites-du-val-claret-apaartment-4-tignes-val-claret-grande-motte-svc004.html
Tignes Réservation,tignesreservation-2-bedrooms-mezzanine-apartment-8-peaople-les-suites-du-val-cla-g-breziat-svc005,2 BEDROOMS MEZZANINE APARTMENT 8 PEAOPLE LES SUITES DU VAL CLARET APAARTMENT 5,,Tignes Val Claret,no,https://booking.tignes.net/2-bedrooms-mezzanine-apartment-8-peaople-les-suites-du-val-claret-apaartment-5-tignes-val-claret-grande-motte-svc005.html
Tignes Réservation,tignesreservation-2-rooms-1-bedroom-hauts-du-val-claret-b2,2 rooms (1 bedroom) - HAUTS DU VAL CLARET B2,,Tignes Val Claret,no,https://booking.tignes.net/2-rooms-1-bedroom-hauts-du-val-claret-b2-tignes-val-claret-grande-motte-hvcb339.html
Tignes Réservation,tignesreservation-2-rooms-1-bedroom-le-slalom,2 rooms (1 bedroom) - LE SLALOM,,Tignes Val Claret,no,https://booking.tignes.net/2-rooms-1-bedroom-le-slalom-tignes-val-claret-center-slalom606.html
Tignes Réservation,tignesreservation-2-rooms-1-bedroom-les-neiges-d-or,2 rooms (1 bedroom) - LES NEIGES D'OR,,Tignes Val Claret,no,https://booking.tignes.net/2-rooms-1-bedroom-les-neiges-d-or-tignes-val-claret-center-nor212.html
Tignes Réservation,tignesreservation-3-bedrooms-10-people-chalet-club-i-01,3 BEDROOMS 10 PEOPLE CHALET CLUB I 01,,Tignes Val Claret,no,https://booking.tignes.net/3-bedrooms-10-people-chalet-club-i-01-tignes-val-claret-grande-motte-cc101.html
Tignes Réservation,tignesreservation-3-bedrooms-10-people-ecrin-des-neiges-324,3 BEDROOMS 10 PEOPLE ECRIN DES NEIGES 324,,Tignes Val Claret,no,https://booking.tignes.net/3-bedrooms-10-people-ecrin-des-neiges-324-tignes-val-claret-grande-motte-ecrin324.html
Tignes Réservation,tignesreservation-3-bedrooms-6-people-ecrin-des-neiges-a2-12,3 BEDROOMS 6 PEOPLE ECRIN DES NEIGES A2 12,,Tignes Val Claret,no,https://booking.tignes.net/3-bedrooms-6-people-ecrin-des-neiges-a2-12-tignes-val-claret-grande-motte-ecrinvca212.html
Tignes Réservation,tignesreservation-3-bedrooms-8-people-hauts-du-val-claret-a2-26,3 BEDROOMS 8 PEOPLE HAUTS DU VAL CLARET A2 26,,Tignes Val Claret,no,https://booking.tignes.net/3-bedrooms-8-people-hauts-du-val-claret-a2-26-tignes-val-claret-center-hautsduvc26.html
Tignes Réservation,tignesreservation-3-bedrooms-apartment-10-people-ecrin-des-neiges-426,3 BEDROOMS APARTMENT 10 PEOPLE ECRIN DES NEIGES 426,,Tignes Val Claret,no,https://booking.tignes.net/3-bedrooms-apartment-10-people-ecrin-des-neiges-426-tignes-val-claret-grande-motte-ecrin426.html
Tignes Réservation,tignesreservation-3-bedrooms-apartment-10-people-ecrin-des-neiges-a-324,3 BEDROOMS APARTMENT 10 PEOPLE ECRIN DES NEIGES A 324,,Tignes Val Claret,no,https://booking.tignes.net/3-bedrooms-apartment-10-people-ecrin-des-neiges-a-324-tignes-val-claret-grande-motte-fr73513963.html
Tignes Réservation,tignesreservation-3-bedrooms-apartment-6-people-ecrin-des-neiges-427,3 BEDROOMS APARTMENT 6 PEOPLE ECRIN DES NEIGES 427,,Tignes Val Claret,no,https://booking.tignes.net/3-bedrooms-apartment-6-people-ecrin-des-neiges-427-tignes-val-claret-grande-motte-ecrin427.html
Tignes Réservation,tignesreservation-3-bedrooms-apartment-6-people-ecrin-des-neiges-804,3 BEDROOMS APARTMENT 6 PEOPLE ECRIN DES NEIGES 804,,Tignes Val Claret,no,https://booking.tignes.net/3-bedrooms-apartment-6-people-ecrin-des-neiges-804-tignes-val-claret-grande-motte-tienb04.html
Tignes Réservation,tignesreservation-3-bedrooms-apartment-6-people-ecrin-des-neiges-a5,3 BEDROOMS APARTMENT 6 PEOPLE ECRIN DES NEIGES A5,,Tignes Val Claret,no,https://booking.tignes.net/3-bedrooms-apartment-6-people-ecrin-des-neiges-a5-tignes-val-claret-grande-motte-ecrinvca5.html
Tignes Réservation,tignesreservation-3-bedrooms-apartment-6-people-ecrin-des-neiges-b-108,3 BEDROOMS APARTMENT 6 PEOPLE ECRIN DES NEIGES B 108,,Tignes Val Claret,no,https://booking.tignes.net/3-bedrooms-apartment-6-people-ecrin-des-neiges-b-108-tignes-val-claret-grande-motte-ecrinb108.html
Tignes Réservation,tignesreservation-3-bedrooms-apartment-6-people-grandes-platieres-ii-50,3 BEDROOMS APARTMENT 6 PEOPLE GRANDES PLATIERES II 50,,Tignes Val Claret,no,https://booking.tignes.net/3-bedrooms-apartment-6-people-grandes-platieres-ii-50-tignes-val-claret-center-pla050r.html
Tignes Réservation,tignesreservation-3-bedrooms-apartment-6-people-hameau-du-borsat-3036,3 BEDROOMS APARTMENT 6 PEOPLE HAMEAU DU BORSAT 3036,,Tignes Val Claret,no,https://booking.tignes.net/3-bedrooms-apartment-6-people-hameau-du-borsat-3036-tignes-val-claret-center-tihambo3036.html
Tignes Réservation,tignesreservation-3-bedrooms-apartment-6-people-plus-residence-ynycio,3 BEDROOMS APARTMENT 6 PEOPLE PLUS RESIDENCE YNYCIO,,Tignes Val Claret,no,https://booking.tignes.net/3-bedrooms-apartment-6-people-plus-residence-ynycio-tignes-val-claret-center-4p6p.html
Tignes Réservation,tignesreservation-3-bedrooms-apartment-6-people-pramecou-44,3 BEDROOMS APARTMENT 6 PEOPLE PRAMECOU 44,,Tignes Val Claret,no,https://booking.tignes.net/3-bedrooms-apartment-6-people-pramecou-44-tignes-val-claret-center-pram44.html
Tignes Réservation,tignesreservation-3-bedrooms-apartment-6-people-rond-point-des-pistes-123,3 BEDROOMS APARTMENT 6 PEOPLE ROND POINT DES PISTES 123,,Tignes Val Claret,no,https://booking.tignes.net/3-bedrooms-apartment-6-people-rond-point-des-pistes-123-tignes-val-claret-grande-motte-rpp123.html
Tignes Réservation,tignesreservation-3-bedrooms-apartment-6-people-with-privte-sauna-residence-ynyc,3 BEDROOMS APARTMENT 6 PEOPLE WITH PRIVTE SAUNA RESIDENCE YNYCIO,,Tignes Val Claret,no,https://booking.tignes.net/3-bedrooms-apartment-6-people-with-privte-sauna-residence-ynycio-tignes-val-claret-center-4p6s.html
Tignes Réservation,tignesreservation-3-bedrooms-apartment-7-people-cafetan,3 BEDROOMS APARTMENT 7 PEOPLE CAFETAN,,Tignes Val Claret,no,https://booking.tignes.net/3-bedrooms-apartment-7-people-cafetan-tignes-val-claret-les-chartreux-cafetan.html
Tignes Réservation,tignesreservation-3-bedrooms-apartment-8-people-cgh-residence-spa-la-ferme-du-va,3 BEDROOMS APARTMENT 8 PEOPLE CGH RESIDENCE & SPA – LA FERME DU VAL CLARET,,Tignes Val Claret,no,https://booking.tignes.net/3-bedrooms-apartment-8-people-cgh-residence-spa-la-ferme-du-val-claret-tignes-val-claret-grande-motte-4m8fermeduvalclaret.html
Tignes Réservation,tignesreservation-3-bedrooms-apartment-8-people-cgh-residence-spa-le-jhana,3 BEDROOMS APARTMENT 8 PEOPLE CGH RESIDENCE & SPA – LE JHANA,,Tignes Val Claret,no,https://booking.tignes.net/3-bedrooms-apartment-8-people-cgh-residence-spa-le-jhana-tignes-val-claret-center-4p8lejhana.html
Tignes Réservation,tignesreservation-3-bedrooms-apartment-8-people-curling-a-tour-85,3 BEDROOMS APARTMENT 8 PEOPLE CURLING A TOUR 85,,Tignes Val Claret,no,https://booking.tignes.net/3-bedrooms-apartment-8-people-curling-a-tour-85-tignes-val-claret-center-curla85.html
Tignes Réservation,tignesreservation-3-bedrooms-apartment-8-people-curling-a-tour-86,3 BEDROOMS APARTMENT 8 PEOPLE CURLING A TOUR 86,,Tignes Val Claret,no,https://booking.tignes.net/3-bedrooms-apartment-8-people-curling-a-tour-86-tignes-val-claret-center-curlingatour86.html
Tignes Réservation,tignesreservation-3-bedrooms-apartment-8-people-curling-a2-64,3 BEDROOMS APARTMENT 8 PEOPLE CURLING A2 64,,Tignes Val Claret,no,https://booking.tignes.net/3-bedrooms-apartment-8-people-curling-a2-64-tignes-val-claret-center-fr735135017.html
Tignes Réservation,tignesreservation-3-bedrooms-apartment-8-people-curling-b-99,3 BEDROOMS APARTMENT 8 PEOPLE CURLING B 99,,Tignes Val Claret,no,https://booking.tignes.net/3-bedrooms-apartment-8-people-curling-b-99-tignes-val-claret-center-curlb99.html
Tignes Réservation,tignesreservation-3-bedrooms-apartment-8-people-curling-b1-82,3 BEDROOMS APARTMENT 8 PEOPLE CURLING B1 82,,Tignes Val Claret,no,https://booking.tignes.net/3-bedrooms-apartment-8-people-curling-b1-82-tignes-val-claret-center-curlb82.html
Tignes Réservation,tignesreservation-3-bedrooms-apartment-8-people-curling-b2-79,3 BEDROOMS APARTMENT 8 PEOPLE CURLING B2 79,,Tignes Val Claret,no,https://booking.tignes.net/3-bedrooms-apartment-8-people-curling-b2-79-tignes-val-claret-center-cb79.html
Tignes Réservation,tignesreservation-3-bedrooms-apartment-8-people-ecrin-114,3 BEDROOMS APARTMENT 8 PEOPLE ECRIN 114,,Tignes Val Claret,no,https://booking.tignes.net/3-bedrooms-apartment-8-people-ecrin-114-tignes-val-claret-grande-motte-fr73513961.html
Tignes Réservation,tignesreservation-3-bedrooms-apartment-8-people-ecrin-des-neiges-a-108,3 BEDROOMS APARTMENT 8 PEOPLE ECRIN DES NEIGES A 108,,Tignes Val Claret,no,https://booking.tignes.net/3-bedrooms-apartment-8-people-ecrin-des-neiges-a-108-tignes-val-claret-grande-motte-edna108.html
Tignes Réservation,tignesreservation-3-bedrooms-apartment-8-people-ecrin-des-neiges-a-213,3 BEDROOMS APARTMENT 8 PEOPLE ECRIN DES NEIGES A 213,,Tignes Val Claret,no,https://booking.tignes.net/3-bedrooms-apartment-8-people-ecrin-des-neiges-a-213-tignes-val-claret-grande-motte-fr73513964.html
Tignes Réservation,tignesreservation-3-bedrooms-apartment-8-people-ecrin-des-neiges-a-320,3 BEDROOMS APARTMENT 8 PEOPLE ECRIN DES NEIGES A 320,,Tignes Val Claret,no,https://booking.tignes.net/3-bedrooms-apartment-8-people-ecrin-des-neiges-a-320-tignes-val-claret-grande-motte-ecrindesneigesa320.html
Tignes Réservation,tignesreservation-3-bedrooms-apartment-8-people-grand-roc-29,3 BEDROOMS APARTMENT 8 PEOPLE GRAND ROC 29,,Tignes Val Claret,no,https://booking.tignes.net/3-bedrooms-apartment-8-people-grand-roc-29-tignes-val-claret-center-fr73513922.html
Tignes Réservation,tignesreservation-3-bedrooms-apartment-8-people-grand-tichot-b-37,3 BEDROOMS APARTMENT 8 PEOPLE GRAND TICHOT B 37,,Tignes Val Claret,no,https://booking.tignes.net/3-bedrooms-apartment-8-people-grand-tichot-b-37-tignes-val-claret-center-tb37.html
Tignes Réservation,tignesreservation-3-bedrooms-apartment-8-people-hauts-du-val-claret-b1-46,3 BEDROOMS APARTMENT 8 PEOPLE HAUTS DU VAL CLARET B1 46,,Tignes Val Claret,no,https://booking.tignes.net/3-bedrooms-apartment-8-people-hauts-du-val-claret-b1-46-tignes-val-claret-center-fr735134023.html
Tignes Réservation,tignesreservation-3-bedrooms-apartment-8-people-hauts-du-val-claret-b1-48,3 BEDROOMS APARTMENT 8 PEOPLE HAUTS DU VAL CLARET B1 48,,Tignes Val Claret,no,https://booking.tignes.net/3-bedrooms-apartment-8-people-hauts-du-val-claret-b1-48-tignes-val-claret-center-hvcb148.html
Tignes Réservation,tignesreservation-3-bedrooms-apartment-8-people-hauts-du-val-claret-b3-9,3 BEDROOMS APARTMENT 8 PEOPLE HAUTS DU VAL CLARET B3 9,,Tignes Val Claret,no,https://booking.tignes.net/3-bedrooms-apartment-8-people-hauts-du-val-claret-b3-9-tignes-val-claret-center-fr735134024.html
Tignes Réservation,tignesreservation-3-bedrooms-apartment-8-people-les-suites-du-val-claret-apartme,3 BEDROOMS APARTMENT 8 PEOPLE LES SUITES DU VAL CLARET APARTMENT 3,,Tignes Val Claret,no,https://booking.tignes.net/3-bedrooms-apartment-8-people-les-suites-du-val-claret-apartment-3-tignes-val-claret-grande-motte-svc003.html
Tignes Réservation,tignesreservation-3-bedrooms-apartment-9-people-hauts-du-val-claret-b2-42,3 BEDROOMS APARTMENT 9 PEOPLE HAUTS DU VAL CLARET B2 42,,Tignes Val Claret,no,https://booking.tignes.net/3-bedrooms-apartment-9-people-hauts-du-val-claret-b2-42-tignes-val-claret-center-hvcb242.html
Tignes Réservation,tignesreservation-3-bedrooms-apartment-rond-point-des-pistes-a-108,3 BEDROOMS APARTMENT ROND POINT DES PISTES A 108,,Tignes Val Claret,no,https://booking.tignes.net/3-bedrooms-apartment-rond-point-des-pistes-a-108-tignes-val-claret-grande-motte-tirppa108.html
Tignes Réservation,tignesreservation-3-bedrooms-cabin-apartment-8-people-cgh-residence-spa-la-ferme,3 BEDROOMS CABIN APARTMENT 8 PEOPLE CGH RESIDENCE & SPA – LA FERME DU VAL CLARET,,Tignes Val Claret,no,https://booking.tignes.net/3-bedrooms-cabin-apartment-8-people-cgh-residence-spa-la-ferme-du-val-claret-tignes-val-claret-grande-motte-4c8fermeduvalclaret.html
Tignes Réservation,tignesreservation-3-bedrooms-chalet-du-golf-1-gypaetus,3 BEDROOMS CHALET DU GOLF 1 GYPAETUS,,Tignes Val Claret,no,https://booking.tignes.net/3-bedrooms-chalet-du-golf-1-gypaetus-tignes-val-claret-les-chartreux-chaletdugolf1.html
Tignes Réservation,tignesreservation-3-bedrooms-duplex-apartment-8-people-cgh-residence-spa-la-ferm,3 BEDROOMS DUPLEX APARTMENT 8 PEOPLE CGH RESIDENCE & SPA – LA FERME DU VAL CLARET,,Tignes Val Claret,no,https://booking.tignes.net/3-bedrooms-duplex-apartment-8-people-cgh-residence-spa-la-ferme-du-val-claret-tignes-val-claret-grande-motte-4p8fermeduvalclaret.html
Tignes Réservation,tignesreservation-3-bedrooms-duplex-apartment-8-people-cgh-residence-spa-le-neva,3 BEDROOMS DUPLEX APARTMENT 8 PEOPLE CGH RESIDENCE & SPA – LE NEVADA,,Tignes Val Claret,no,https://booking.tignes.net/3-bedrooms-duplex-apartment-8-people-cgh-residence-spa-le-nevada-tignes-val-claret-center-4m8nevada.html
Tignes Réservation,tignesreservation-3-debrooms-5-people-rond-point-des-pistes,3 DEBROOMS 5 PEOPLE ROND POINT DES PISTES,,Tignes Val Claret,no,https://booking.tignes.net/3-debrooms-5-people-rond-point-des-pistes-tignes-val-claret-grande-motte-fr73516331.html
Tignes Réservation,tignesreservation-3-pieces-6-personnes-hauts-du-val-claret-a1-06,3 PIECES 6 PERSONNES HAUTS DU VAL CLARET A1 06,,Tignes Val Claret,no,https://booking.tignes.net/3-pieces-6-personnes-hauts-du-val-claret-a1-06-tignes-val-claret-center-fr735134026.html
Tignes Réservation,tignesreservation-4-bedriooms-apartment-8-people-rond-point-des-pistes-a1-74,4 BEDRIOOMS APARTMENT 8 PEOPLE ROND POINT DES PISTES A1 74,,Tignes Val Claret,no,https://booking.tignes.net/4-bedriooms-apartment-8-people-rond-point-des-pistes-a1-74-tignes-val-claret-center-fr735133017.html
Tignes Réservation,tignesreservation-4-bedrooms-8-people-ecrin-des-neiges-b-218,4 BEDROOMS 8 PEOPLE ECRIN DES NEIGES B 218,,Tignes Val Claret,no,https://booking.tignes.net/4-bedrooms-8-people-ecrin-des-neiges-b-218-tignes-val-claret-grande-motte-ecrinvcb218.html
Tignes Réservation,tignesreservation-4-bedrooms-apartment-10-people-cgh-residence-spa-le-nevada,4 BEDROOMS APARTMENT 10 PEOPLE CGH RESIDENCE & SPA – LE NEVADA,,Tignes Val Claret,no,https://booking.tignes.net/4-bedrooms-apartment-10-people-cgh-residence-spa-le-nevada-tignes-val-claret-center-510nevada.html
Tignes Réservation,tignesreservation-4-bedrooms-apartment-10-people-le-cafetan,4 BEDROOMS APARTMENT 10 PEOPLE LE CAFETAN,,Tignes Val Claret,no,https://booking.tignes.net/4-bedrooms-apartment-10-people-le-cafetan-tignes-val-claret-les-chartreux-fr73513662.html
Tignes Réservation,tignesreservation-4-bedrooms-apartment-10-people-quartz-203-residence-chalet-hot,4 BEDROOMS APARTMENT 10 PEOPLE QUARTZ 203 - RESIDENCE CHALET HOTEL QUARTZ,,Tignes Val Claret,no,https://booking.tignes.net/4-bedrooms-apartment-10-people-quartz-203-residence-chalet-hotel-quartz-tignes-val-claret-center-avp003.html
Tignes Réservation,tignesreservation-4-bedrooms-apartment-10-people-quartz-501-residence-chalet-hot,4 BEDROOMS APARTMENT 10 PEOPLE QUARTZ 501 - RESIDENCE CHALET HOTEL QUARTZ,,Tignes Val Claret,no,https://booking.tignes.net/4-bedrooms-apartment-10-people-quartz-501-residence-chalet-hotel-quartz-tignes-val-claret-center-avp013.html
Tignes Réservation,tignesreservation-4-bedrooms-apartment-12-people-grand-tichot-a2-37,4 BEDROOMS APARTMENT 12 PEOPLE GRAND TICHOT A2 37,,Tignes Val Claret,no,https://booking.tignes.net/4-bedrooms-apartment-12-people-grand-tichot-a2-37-tignes-val-claret-center-fr73513759.html
Tignes Réservation,tignesreservation-4-bedrooms-apartment-12-people-quartz-204-residence-chalet-hot,4 BEDROOMS APARTMENT 12 PEOPLE QUARTZ 204 - RESIDENCE CHALET HOTEL QUARTZ,,Tignes Val Claret,no,https://booking.tignes.net/4-bedrooms-apartment-12-people-quartz-204-residence-chalet-hotel-quartz-tignes-val-claret-center-avp004.html
Tignes Réservation,tignesreservation-4-bedrooms-apartment-12-people-quartz-602-residence-chalet-hot,4 BEDROOMS APARTMENT 12 PEOPLE QUARTZ 602 - RESIDENCE CHALET HOTEL QUARTZ,,Tignes Val Claret,no,https://booking.tignes.net/4-bedrooms-apartment-12-people-quartz-602-residence-chalet-hotel-quartz-tignes-val-claret-center-avp018.html
Tignes Réservation,tignesreservation-4-bedrooms-apartment-8-people-quartz-601-residence-chalet-hote,4 BEDROOMS APARTMENT 8 PEOPLE QUARTZ 601 - RESIDENCE CHALET HOTEL QUARTZ,,Tignes Val Claret,no,https://booking.tignes.net/4-bedrooms-apartment-8-people-quartz-601-residence-chalet-hotel-quartz-tignes-val-claret-center-avp017.html
Tignes Réservation,tignesreservation-4-bedrooms-apartment-8-people-residence-ynycio,4 BEDROOMS APARTMENT 8 PEOPLE RESIDENCE YNYCIO,,Tignes Val Claret,no,https://booking.tignes.net/4-bedrooms-apartment-8-people-residence-ynycio-tignes-val-claret-center-5p8.html
Tignes Réservation,tignesreservation-4-bedrooms-apartment-9-people-ecrin-des-neiges-a-321,4 BEDROOMS APARTMENT 9 PEOPLE ECRIN DES NEIGES A 321,,Tignes Val Claret,no,https://booking.tignes.net/4-bedrooms-apartment-9-people-ecrin-des-neiges-a-321-tignes-val-claret-grande-motte-ecrinvca321.html
Tignes Réservation,tignesreservation-4-pieces-9-personnes-curling-b3-91,4 PIECES 9 PERSONNES CURLING B3 91,,Tignes Val Claret,no,https://booking.tignes.net/4-pieces-9-personnes-curling-b3-91-tignes-val-claret-center-curlingb391.html
Tignes Réservation,tignesreservation-5-bedrooms-apartment-11-people-platieres-35,5 BEDROOMS APARTMENT 11 PEOPLE PLATIERES 35,,Tignes Val Claret,no,https://booking.tignes.net/5-bedrooms-apartment-11-people-platieres-35-tignes-val-claret-center-fr735137023.html
Tignes Réservation,tignesreservation-6-bedrooms-apartment-14-people-grand-tichot-b-08,6 BEDROOMS APARTMENT 14 PEOPLE GRAND TICHOT B 08,,Tignes Val Claret,no,https://booking.tignes.net/6-bedrooms-apartment-14-people-grand-tichot-b-08-tignes-val-claret-center-tigtb208.html
Tignes Réservation,tignesreservation-appartement-4-personnes-funiculaire-collection-130,APPARTEMENT 4 PERSONNES FUNICULAIRE COLLECTION 130,,Tignes Val Claret,no,https://booking.tignes.net/appartement-4-personnes-funiculaire-collection-130-tignes-val-claret-grande-motte-130.html
Tignes Réservation,tignesreservation-appartement-4-personnes-funiculaire-collection-168,APPARTEMENT 4 PERSONNES FUNICULAIRE COLLECTION 168,,Tignes Val Claret,no,https://booking.tignes.net/appartement-4-personnes-funiculaire-collection-168-tignes-val-claret-grande-motte-168.html
Tignes Réservation,tignesreservation-appartement-6-personnes-funiculaire-collection-131,APPARTEMENT 6 PERSONNES FUNICULAIRE COLLECTION 131,,Tignes Val Claret,no,https://booking.tignes.net/appartement-6-personnes-funiculaire-collection-131-tignes-val-claret-grande-motte-131.html
Tignes Réservation,tignesreservation-appartement-6-personnes-funiculaire-collection-201,APPARTEMENT 6 PERSONNES FUNICULAIRE COLLECTION 201,,Tignes Val Claret,no,https://booking.tignes.net/appartement-6-personnes-funiculaire-collection-201-tignes-val-claret-grande-motte-201.html
Tignes Réservation,tignesreservation-appartement-6-personnes-funiculaire-collection-218,APPARTEMENT 6 PERSONNES FUNICULAIRE COLLECTION 218,,Tignes Val Claret,no,https://booking.tignes.net/appartement-6-personnes-funiculaire-collection-218-tignes-val-claret-grande-motte-218.html
Tignes Réservation,tignesreservation-appartement-6-personnes-funiculaire-collection-228,APPARTEMENT 6 PERSONNES FUNICULAIRE COLLECTION 228,,Tignes Val Claret,no,https://booking.tignes.net/appartement-6-personnes-funiculaire-collection-228-tignes-val-claret-grande-motte-228.html
Tignes Réservation,tignesreservation-appartement-7-personnes-funiculaire-collection-215,APPARTEMENT 7 PERSONNES FUNICULAIRE COLLECTION 215,,Tignes Val Claret,no,https://booking.tignes.net/appartement-7-personnes-funiculaire-collection-215-tignes-val-claret-grande-motte-215.html
Tignes Réservation,tignesreservation-chalet-3-bedrooms-10-people-tartiff,CHALET 3 BEDROOMS 10 PEOPLE TARTIFF,,Tignes Val Claret,no,https://booking.tignes.net/chalet-3-bedrooms-10-people-tartiff-tignes-val-claret-les-chartreux-letartiff.html
Tignes Réservation,tignesreservation-chalet-6-bedrooms-15-people-pre-saint-jacques-chalet-pre-saint,CHALET 6 BEDROOMS 15 PEOPLE PRE SAINT JACQUES (Chalet Pre Saint-Jacques),,Tignes Val Claret,no,https://booking.tignes.net/chalet-6-bedrooms-15-people-pre-saint-jacques-tignes-val-claret-les-chartreux-prestjacques.html
Build My Ski Trip,build-my-ski-trip-armoise,Catered Chalet Armoise,Build My Ski Trip,Tignes Val Claret,no,https://www.buildmyskitrip.com/Hotel/Catered-Chalet-Armoise
SeeTignes,build-my-ski-trip-armoise,Catered Chalet Armoise,Build My Ski Trip,Tignes Val Claret,no,https://www.buildmyskitrip.com/Hotel/Catered-Chalet-Armoise
lets.ski (Tignes.co.uk),build-my-ski-trip-armoise,Catered Chalet Armoise,Build My Ski Trip,Tignes Val Claret,no,https://www.buildmyskitrip.com/Hotel/Catered-Chalet-Armoise
Ski Line,sno-chalet-catherine,Chalet Catherine,Ski World,Tignes Val Claret,no,https://www.sno.co.uk/ski-holidays/chalet-catherine_18813/
Sno,sno-chalet-catherine,Chalet Catherine,Ski World,Tignes Val Claret,no,https://www.sno.co.uk/ski-holidays/chalet-catherine_18813/
allChalets,sno-chalet-catherine,Chalet Catherine,Ski World,Tignes Val Claret,no,https://www.sno.co.uk/ski-holidays/chalet-catherine_18813/
Ski Line,sno-chalet-hera,Chalet Hera,Ski World,Tignes Val Claret,no,https://www.sno.co.uk/ski-holidays/chalet-hera_18436/
Sno,sno-chalet-hera,Chalet Hera,Ski World,Tignes Val Claret,no,https://www.sno.co.uk/ski-holidays/chalet-hera_18436/
allChalets,sno-chalet-hera,Chalet Hera,Ski World,Tignes Val Claret,no,https://www.sno.co.uk/ski-holidays/chalet-hera_18436/
Sno,sno-chalet-hotel-l-ecrin,Chalet Hotel L'Ecrin du Val Claret,unknown (sold via Sno),Tignes Val Claret,no,https://www.sno.co.uk/ski-holidays/chalet-hotel-l-ecrin_15300/
Ski Line,sno-chalet-katalin,Chalet Katalin,Ski World,Tignes Val Claret,no,https://www.sno.co.uk/ski-holidays/chalet-katalin_18814/
Sno,sno-chalet-katalin,Chalet Katalin,Ski World,Tignes Val Claret,no,https://www.sno.co.uk/ski-holidays/chalet-katalin_18814/
allChalets,sno-chalet-katalin,Chalet Katalin,Ski World,Tignes Val Claret,no,https://www.sno.co.uk/ski-holidays/chalet-katalin_18814/
Ski Line,sno-chalet-phoebe,Chalet Phoebe,Ski World,Tignes Val Claret,no,https://www.sno.co.uk/ski-holidays/chalet-phoebe_18437/
Sno,sno-chalet-phoebe,Chalet Phoebe,Ski World,Tignes Val Claret,no,https://www.sno.co.uk/ski-holidays/chalet-phoebe_18437/
allChalets,sno-chalet-phoebe,Chalet Phoebe,Ski World,Tignes Val Claret,no,https://www.sno.co.uk/ski-holidays/chalet-phoebe_18437/
Ski Line,sno-chalet-sarah,Chalet Sarah,Ski World,Tignes Val Claret,no,https://www.sno.co.uk/ski-holidays/chalet-sarah_18803/
Sno,sno-chalet-sarah,Chalet Sarah,Ski World,Tignes Val Claret,no,https://www.sno.co.uk/ski-holidays/chalet-sarah_18803/
allChalets,sno-chalet-sarah,Chalet Sarah,Ski World,Tignes Val Claret,no,https://www.sno.co.uk/ski-holidays/chalet-sarah_18803/
Ski Line,sno-chalet-teresa,Chalet Teresa,Ski World,Tignes Val Claret,no,https://www.sno.co.uk/ski-holidays/chalet-teresa_18802/
Sno,sno-chalet-teresa,Chalet Teresa,Ski World,Tignes Val Claret,no,https://www.sno.co.uk/ski-holidays/chalet-teresa_18802/
allChalets,sno-chalet-teresa,Chalet Teresa,Ski World,Tignes Val Claret,no,https://www.sno.co.uk/ski-holidays/chalet-teresa_18802/
Ski Line,sno-chalet-tournavel,Chalet Tournavel,Ski World,Tignes Val Claret,no,https://www.sno.co.uk/ski-holidays/chalet-tournavel_21417/
Sno,sno-chalet-tournavel,Chalet Tournavel,Ski World,Tignes Val Claret,no,https://www.sno.co.uk/ski-holidays/chalet-tournavel_21417/
allChalets,sno-chalet-tournavel,Chalet Tournavel,Ski World,Tignes Val Claret,no,https://www.sno.co.uk/ski-holidays/chalet-tournavel_21417/
Tignes Réservation,tignesreservation-duplex-6-personnes-funiculaire-collection-200,DUPLEX 6 PERSONNES FUNICULAIRE COLLECTION 200,,Tignes Val Claret,no,https://booking.tignes.net/duplex-6-personnes-funiculaire-collection-200-tignes-val-claret-grande-motte-200.html
Tignes Réservation,tignesreservation-duplex-6-personnes-funiculaire-collection-205,DUPLEX 6 PERSONNES FUNICULAIRE COLLECTION 205,,Tignes Val Claret,no,https://booking.tignes.net/duplex-6-personnes-funiculaire-collection-205-tignes-val-claret-grande-motte-205.html
Tignes Réservation,tignesreservation-duplex-6-personnes-funiculaire-collection-227,DUPLEX 6 PERSONNES FUNICULAIRE COLLECTION 227,,Tignes Val Claret,no,https://booking.tignes.net/duplex-6-personnes-funiculaire-collection-227-tignes-val-claret-grande-motte-227.html
Tignes Réservation,tignesreservation-duplex-7-personnes-funiculaire-collection-206,DUPLEX 7 PERSONNES FUNICULAIRE COLLECTION 206,,Tignes Val Claret,no,https://booking.tignes.net/duplex-7-personnes-funiculaire-collection-206-tignes-val-claret-grande-motte-206.html
Tignes Réservation,tignesreservation-duplex-7-personnes-funiculaire-collection-207,DUPLEX 7 PERSONNES FUNICULAIRE COLLECTION 207,,Tignes Val Claret,no,https://booking.tignes.net/duplex-7-personnes-funiculaire-collection-207-tignes-val-claret-grande-motte-207.html
Tignes Réservation,tignesreservation-duplex-8-personnes-funiculaire-collection-224,DUPLEX 8 PERSONNES FUNICULAIRE COLLECTION 224,,Tignes Val Claret,no,https://booking.tignes.net/duplex-8-personnes-funiculaire-collection-224-tignes-val-claret-grande-motte-224.html
lets.ski (Tignes.co.uk),letsski-les-schuss-301,Les Schuss (Schuss 301),Tignes.co.uk (lets.ski),Tignes Val Claret,no,https://lets.ski/lesschuss
lets.ski (Tignes.co.uk),letsski-moutiers-33,Moutiers 33,Tignes.co.uk (lets.ski),Tignes Val Claret,no,https://lets.ski/moutiers33
Tignes Réservation,tignesreservation-studio-cabin-4-people-tommeuses-51,STUDIO + CABIN 4 PEOPLE TOMMEUSES 51,,Tignes Val Claret,no,https://booking.tignes.net/studio-cabin-4-people-tommeuses-51-tignes-val-claret-center-tommeuses51.html
Tignes Réservation,tignesreservation-studio-cabin-4-people-tommeuses-67,STUDIO + CABIN 4 PEOPLE TOMMEUSES 67,,Tignes Val Claret,no,https://booking.tignes.net/studio-cabin-4-people-tommeuses-67-tignes-val-claret-center-titom67.html
Tignes Réservation,tignesreservation-studio-2-cabins-5-people-hameau-du-borsat-3001,STUDIO 2 CABINS 5 PEOPLE HAMEAU DU BORSAT 3001,,Tignes Val Claret,no,https://booking.tignes.net/studio-2-cabins-5-people-hameau-du-borsat-3001-tignes-val-claret-center-hameauduborsat3001.html
Tignes Réservation,tignesreservation-studio-2-people-chalet-club-iv-79,STUDIO 2 PEOPLE CHALET CLUB IV 79,,Tignes Val Claret,no,https://booking.tignes.net/studio-2-people-chalet-club-iv-79-tignes-val-claret-grande-motte-chcl079.html
Tignes Réservation,tignesreservation-studio-2-people-curling-a-39,STUDIO 2 PEOPLE CURLING A 39,,Tignes Val Claret,no,https://booking.tignes.net/studio-2-people-curling-a-39-tignes-val-claret-center-ca39.html
Tignes Réservation,tignesreservation-studio-2-people-curling-a2-65,STUDIO 2 PEOPLE CURLING A2 65,,Tignes Val Claret,no,https://booking.tignes.net/studio-2-people-curling-a2-65-tignes-val-claret-center-ticua265.html
Tignes Réservation,tignesreservation-studio-2-people-curling-a3-32,STUDIO 2 PEOPLE CURLING A3 32,,Tignes Val Claret,no,https://booking.tignes.net/studio-2-people-curling-a3-32-tignes-val-claret-center-fr735135021.html
Tignes Réservation,tignesreservation-studio-2-people-curling-b1-57,STUDIO 2 PEOPLE CURLING B1 57,,Tignes Val Claret,no,https://booking.tignes.net/studio-2-people-curling-b1-57-tignes-val-claret-center-fr735138039.html
Tignes Réservation,tignesreservation-studio-2-people-curling-b1-83,STUDIO 2 PEOPLE CURLING B1 83,,Tignes Val Claret,no,https://booking.tignes.net/studio-2-people-curling-b1-83-tignes-val-claret-center-cb83.html
Tignes Réservation,tignesreservation-studio-2-people-genepis-8,STUDIO 2 PEOPLE GÉNÉPIS 8,,Tignes Val Claret,no,https://booking.tignes.net/studio-2-people-genepis-8-tignes-val-claret-center-fr73513953.html
Tignes Réservation,tignesreservation-studio-2-people-hameau-du-borsat-1111,STUDIO 2 PEOPLE HAMEAU DU BORSAT 1111,,Tignes Val Claret,no,https://booking.tignes.net/studio-2-people-hameau-du-borsat-1111-tignes-val-claret-center-6.html
Tignes Réservation,tignesreservation-studio-2-people-hauts-du-val-claret-a-21,STUDIO 2 PEOPLE HAUTS DU VAL CLARET A 21,,Tignes Val Claret,no,https://booking.tignes.net/studio-2-people-hauts-du-val-claret-a-21-tignes-val-claret-center-htvca21.html
Tignes Réservation,tignesreservation-studio-2-people-hauts-du-val-claret-a2-20,STUDIO 2 PEOPLE HAUTS DU VAL CLARET A2 20,,Tignes Val Claret,no,https://booking.tignes.net/studio-2-people-hauts-du-val-claret-a2-20-tignes-val-claret-center-hautsduvalclareta220.html
Tignes Réservation,tignesreservation-studio-2-people-moutieres-b1-14,STUDIO 2 PEOPLE MOUTIERES B1 14,,Tignes Val Claret,no,https://booking.tignes.net/studio-2-people-moutieres-b1-14-tignes-val-claret-center-fr73513358.html
Tignes Réservation,tignesreservation-studio-2-people-moutieres-b2-21,STUDIO 2 PEOPLE MOUTIERES B2 21,,Tignes Val Claret,no,https://booking.tignes.net/studio-2-people-moutieres-b2-21-tignes-val-claret-center-mb21.html
Tignes Réservation,tignesreservation-studio-2-people-residence-odalys-rond-point-des-pistes,STUDIO 2 PEOPLE RESIDENCE ODALYS ROND POINT DES PISTES,,Tignes Val Claret,no,https://booking.tignes.net/studio-2-people-residence-odalys-rond-point-des-pistes-tignes-val-claret-grande-motte-577.html
Tignes Réservation,tignesreservation-studio-2-people-rond-point-des-piste-b-85,STUDIO 2 PEOPLE ROND POINT DES PISTE B 85,,Tignes Val Claret,no,https://booking.tignes.net/studio-2-people-rond-point-des-piste-b-85-tignes-val-claret-grande-motte-tirppb085.html
Tignes Réservation,tignesreservation-studio-2-people-rond-point-des-pistes-b-99,STUDIO 2 PEOPLE ROND POINT DES PISTES B 99,,Tignes Val Claret,no,https://booking.tignes.net/studio-2-people-rond-point-des-pistes-b-99-tignes-val-claret-grande-motte-fr735133010.html
Tignes Réservation,tignesreservation-studio-2-people-rond-point-des-pistes-c-163,STUDIO 2 PEOPLE ROND POINT DES PISTES C 163,,Tignes Val Claret,no,https://booking.tignes.net/studio-2-people-rond-point-des-pistes-c-163-tignes-val-claret-grande-motte-tirppc163.html
Tignes Réservation,tignesreservation-studio-2-people-rond-point-des-pistes-c-174,STUDIO 2 PEOPLE ROND POINT DES PISTES C 174,,Tignes Val Claret,no,https://booking.tignes.net/studio-2-people-rond-point-des-pistes-c-174-tignes-val-claret-grande-motte-rppc174.html
Tignes Réservation,tignesreservation-studio-2-people-rond-point-des-pistes-c-191,STUDIO 2 PEOPLE ROND POINT DES PISTES C 191,,Tignes Val Claret,no,https://booking.tignes.net/studio-2-people-rond-point-des-pistes-c-191-tignes-val-claret-grande-motte-tirppc191-1.html
Tignes Réservation,tignesreservation-studio-2-people-schuss-404,STUDIO 2 PEOPLE SCHUSS 404,,Tignes Val Claret,no,https://booking.tignes.net/studio-2-people-schuss-404-tignes-val-claret-center-sch404.html
Tignes Réservation,tignesreservation-studio-2-people-tommeuses-20,STUDIO 2 PEOPLE TOMMEUSES 20,,Tignes Val Claret,no,https://booking.tignes.net/studio-2-people-tommeuses-20-tignes-val-claret-center-tommeuses20.html
Tignes Réservation,tignesreservation-studio-2-people-tommeuses-38,STUDIO 2 PEOPLE TOMMEUSES 38,,Tignes Val Claret,no,https://booking.tignes.net/studio-2-people-tommeuses-38-tignes-val-claret-center-fr735132025.html
Tignes Réservation,tignesreservation-studio-2-people-tommeuses-50,STUDIO 2 PEOPLE TOMMEUSES 50,,Tignes Val Claret,no,https://booking.tignes.net/studio-2-people-tommeuses-50-tignes-val-claret-center-tommeuses50.html
Tignes Réservation,tignesreservation-studio-2-people-tommeuses-80,STUDIO 2 PEOPLE TOMMEUSES 80,,Tignes Val Claret,no,https://booking.tignes.net/studio-2-people-tommeuses-80-tignes-val-claret-center-tommeuses80.html
Tignes Réservation,tignesreservation-studio-2-people-tommeuses-83,STUDIO 2 PEOPLE TOMMEUSES 83,,Tignes Val Claret,no,https://booking.tignes.net/studio-2-people-tommeuses-83-tignes-val-claret-center-tommeuses83.html
Tignes Réservation,tignesreservation-studio-2-people-tommeuses-9,STUDIO 2 PEOPLE TOMMEUSES 9,,Tignes Val Claret,no,https://booking.tignes.net/studio-2-people-tommeuses-9-tignes-val-claret-center-fr735132035.html
Tignes Réservation,tignesreservation-studio-2-people-tufs-a2,STUDIO 2 PEOPLE TUFS A2,,Tignes Val Claret,no,https://booking.tignes.net/studio-2-people-tufs-a2-tignes-val-claret-center-tufsa2.html
Tignes Réservation,tignesreservation-studio-2-personnes-funiculaire-collection-160,STUDIO 2 PERSONNES FUNICULAIRE COLLECTION 160,,Tignes Val Claret,no,https://booking.tignes.net/studio-2-personnes-funiculaire-collection-160-tignes-val-claret-grande-motte-160.html
Tignes Réservation,tignesreservation-studio-2-personnes-funiculaire-collection-178,STUDIO 2 PERSONNES FUNICULAIRE COLLECTION 178,,Tignes Val Claret,no,https://booking.tignes.net/studio-2-personnes-funiculaire-collection-178-tignes-val-claret-grande-motte-178.html
Tignes Réservation,tignesreservation-studio-2-personnes-funiculaire-collection-181,STUDIO 2 PERSONNES FUNICULAIRE COLLECTION 181,,Tignes Val Claret,no,https://booking.tignes.net/studio-2-personnes-funiculaire-collection-181-tignes-val-claret-grande-motte-181.html
Tignes Réservation,tignesreservation-studio-2-personnes-funiculaire-collection-220,STUDIO 2 PERSONNES FUNICULAIRE COLLECTION 220,,Tignes Val Claret,no,https://booking.tignes.net/studio-2-personnes-funiculaire-collection-220-tignes-val-claret-grande-motte-220.html
Tignes Réservation,tignesreservation-studio-3-people-borsat-17,STUDIO 3 PEOPLE BORSAT 17,,Tignes Val Claret,no,https://booking.tignes.net/studio-3-people-borsat-17-tignes-val-claret-center-borsat17.html
Tignes Réservation,tignesreservation-studio-3-people-chalet-club-3-49,STUDIO 3 PEOPLE CHALET CLUB 3 49,,Tignes Val Claret,no,https://booking.tignes.net/studio-3-people-chalet-club-3-49-tignes-val-claret-grande-motte-chaletclub349.html
Tignes Réservation,tignesreservation-studio-3-people-chalet-club-iii-52,STUDIO 3 PEOPLE CHALET CLUB III 52,,Tignes Val Claret,no,https://booking.tignes.net/studio-3-people-chalet-club-iii-52-tignes-val-claret-grande-motte-ticc352.html
Tignes Réservation,tignesreservation-studio-3-people-chalet-club-iv-2,STUDIO 3 PEOPLE CHALET CLUB IV 2,,Tignes Val Claret,no,https://booking.tignes.net/studio-3-people-chalet-club-iv-2-tignes-val-claret-grande-motte-fr73513971.html
Tignes Réservation,tignesreservation-studio-3-people-curling-b-tour-74,STUDIO 3 PEOPLE CURLING B TOUR 74,,Tignes Val Claret,no,https://booking.tignes.net/studio-3-people-curling-b-tour-74-tignes-val-claret-center-fr735138030.html
Tignes Réservation,tignesreservation-studio-3-people-curling-b2-31,STUDIO 3 PEOPLE CURLING B2 31,,Tignes Val Claret,no,https://booking.tignes.net/studio-3-people-curling-b2-31-tignes-val-claret-center-ticub231.html
Tignes Réservation,tignesreservation-studio-3-people-grandes-platieres-ii-58,STUDIO 3 PEOPLE GRANDES PLATIERES II 58,,Tignes Val Claret,no,https://booking.tignes.net/studio-3-people-grandes-platieres-ii-58-tignes-val-claret-center-fr735137027.html
Tignes Réservation,tignesreservation-studio-3-people-moutieres-b1-40,STUDIO 3 PEOPLE MOUTIERES B1 40,,Tignes Val Claret,no,https://booking.tignes.net/studio-3-people-moutieres-b1-40-tignes-val-claret-center-fr735133523.html
Tignes Réservation,tignesreservation-studio-3-people-moutieres-b212,STUDIO 3 PEOPLE MOUTIERES B212,,Tignes Val Claret,no,https://booking.tignes.net/studio-3-people-moutieres-b212-tignes-val-claret-center-moutieresb212.html
Tignes Réservation,tignesreservation-studio-3-people-neiges-d-or-106,STUDIO 3 PEOPLE NEIGES D'OR 106,,Tignes Val Claret,no,https://booking.tignes.net/studio-3-people-neiges-d-or-106-tignes-val-claret-center-nor106.html
Tignes Réservation,tignesreservation-studio-3-people-neiges-d-or-211,STUDIO 3 PEOPLE NEIGES D'OR 211,,Tignes Val Claret,no,https://booking.tignes.net/studio-3-people-neiges-d-or-211-tignes-val-claret-center-nor211.html
Tignes Réservation,tignesreservation-studio-3-people-neiges-d-or-302,STUDIO 3 PEOPLE NEIGES D'OR 302,,Tignes Val Claret,no,https://booking.tignes.net/studio-3-people-neiges-d-or-302-tignes-val-claret-center-neigedor302.html
Tignes Réservation,tignesreservation-studio-3-people-neiges-d-or-302-g-aieuroimmobilier-nor302,STUDIO 3 PEOPLE NEIGES D'OR 302,,Tignes Val Claret,no,https://booking.tignes.net/studio-3-people-neiges-d-or-302-tignes-val-claret-center-nor302.html
Tignes Réservation,tignesreservation-studio-3-people-neiges-d-or-303,STUDIO 3 PEOPLE NEIGES D'OR 303,,Tignes Val Claret,no,https://booking.tignes.net/studio-3-people-neiges-d-or-303-tignes-val-claret-center-nor303.html
Tignes Réservation,tignesreservation-studio-3-people-rond-point-des-pistes-b-120,STUDIO 3 PEOPLE ROND POINT DES PISTES B 120,,Tignes Val Claret,no,https://booking.tignes.net/studio-3-people-rond-point-des-pistes-b-120-tignes-val-claret-grande-motte-fr735133019.html
Tignes Réservation,tignesreservation-studio-3-people-schuss-904,STUDIO 3 PEOPLE SCHUSS 904,,Tignes Val Claret,no,https://booking.tignes.net/studio-3-people-schuss-904-tignes-val-claret-center-sch904.html
Tignes Réservation,tignesreservation-studio-3-people-tommeuses-82,STUDIO 3 PEOPLE TOMMEUSES 82,,Tignes Val Claret,no,https://booking.tignes.net/studio-3-people-tommeuses-82-tignes-val-claret-center-tommeuses82.html
Tignes Réservation,tignesreservation-studio-3-people-with-balcony-residence-chalet-alpina,STUDIO 3 PEOPLE WITH BALCONY RESIDENCE CHALET ALPINA,,Tignes Val Claret,no,https://booking.tignes.net/studio-3-people-with-balcony-residence-chalet-alpina-tignes-val-claret-grande-motte-alpinastuidio3.html
Tignes Réservation,tignesreservation-studio-3-personnes-avec-balcon-residence-chalet-alpina,STUDIO 3 PERSONNES AVEC BALCON RESIDENCE CHALET ALPINA,,Tignes Val Claret,no,https://booking.tignes.net/studio-3-personnes-avec-balcon-residence-chalet-alpina-tignes-val-claret-grande-motte-alpinastuidio3b.html
Tignes Réservation,tignesreservation-studio-4-people-bollin-10,STUDIO 4 PEOPLE BOLLIN 10,,Tignes Val Claret,no,https://booking.tignes.net/studio-4-people-bollin-10-tignes-val-claret-center-25.html
Tignes Réservation,tignesreservation-studio-4-people-bollin-17,STUDIO 4 PEOPLE BOLLIN 17,,Tignes Val Claret,no,https://booking.tignes.net/studio-4-people-bollin-17-tignes-val-claret-center-26.html
Tignes Réservation,tignesreservation-studio-4-people-bollin-24,STUDIO 4 PEOPLE BOLLIN 24,,Tignes Val Claret,no,https://booking.tignes.net/studio-4-people-bollin-24-tignes-val-claret-center-138.html
Tignes Réservation,tignesreservation-studio-4-people-bollin-26,STUDIO 4 PEOPLE BOLLIN 26,,Tignes Val Claret,no,https://booking.tignes.net/studio-4-people-bollin-26-tignes-val-claret-center-bollin26.html
Tignes Réservation,tignesreservation-studio-4-people-bollin-6,STUDIO 4 PEOPLE BOLLIN 6,,Tignes Val Claret,no,https://booking.tignes.net/studio-4-people-bollin-6-tignes-val-claret-center-fr73513253.html
Tignes Réservation,tignesreservation-studio-4-people-borsat-08,STUDIO 4 PEOPLE BORSAT 08,,Tignes Val Claret,no,https://booking.tignes.net/studio-4-people-borsat-08-tignes-val-claret-center-borsat8.html
Tignes Réservation,tignesreservation-studio-4-people-borsat-10,STUDIO 4 PEOPLE BORSAT 10,,Tignes Val Claret,no,https://booking.tignes.net/studio-4-people-borsat-10-tignes-val-claret-center-30.html
Tignes Réservation,tignesreservation-studio-4-people-borsat-113,STUDIO 4 PEOPLE BORSAT 113,,Tignes Val Claret,no,https://booking.tignes.net/studio-4-people-borsat-113-tignes-val-claret-center-fr73516351.html
Tignes Réservation,tignesreservation-studio-4-people-borsat-13,STUDIO 4 PEOPLE BORSAT 13,,Tignes Val Claret,no,https://booking.tignes.net/studio-4-people-borsat-13-tignes-val-claret-center-21.html
Tignes Réservation,tignesreservation-studio-4-people-borsat-19,STUDIO 4 PEOPLE BORSAT 19,,Tignes Val Claret,no,https://booking.tignes.net/studio-4-people-borsat-19-tignes-val-claret-center-borsat19.html
Tignes Réservation,tignesreservation-studio-4-people-borsat-20,STUDIO 4 PEOPLE BORSAT 20,,Tignes Val Claret,no,https://booking.tignes.net/studio-4-people-borsat-20-tignes-val-claret-center-bor20.html
Tignes Réservation,tignesreservation-studio-4-people-borsat-3,STUDIO 4 PEOPLE BORSAT 3,,Tignes Val Claret,no,https://booking.tignes.net/studio-4-people-borsat-3-tignes-val-claret-center-bor3.html
Tignes Réservation,tignesreservation-studio-4-people-borsat-311,STUDIO 4 PEOPLE BORSAT 311,,Tignes Val Claret,no,https://booking.tignes.net/studio-4-people-borsat-311-tignes-val-claret-center-fr73516181.html
Tignes Réservation,tignesreservation-studio-4-people-borsat-35,STUDIO 4 PEOPLE BORSAT 35,,Tignes Val Claret,no,https://booking.tignes.net/studio-4-people-borsat-35-tignes-val-claret-center-borsat35.html
Tignes Réservation,tignesreservation-studio-4-people-borsat-38,STUDIO 4 PEOPLE BORSAT 38,,Tignes Val Claret,no,https://booking.tignes.net/studio-4-people-borsat-38-tignes-val-claret-center-tibo38.html
Tignes Réservation,tignesreservation-studio-4-people-borsat-40,STUDIO 4 PEOPLE BORSAT 40,,Tignes Val Claret,no,https://booking.tignes.net/studio-4-people-borsat-40-tignes-val-claret-center-22.html
Tignes Réservation,tignesreservation-studio-4-people-borsat-41,STUDIO 4 PEOPLE BORSAT 41,,Tignes Val Claret,no,https://booking.tignes.net/studio-4-people-borsat-41-tignes-val-claret-center-fr73513154.html
Tignes Réservation,tignesreservation-studio-4-people-borsat-48,STUDIO 4 PEOPLE BORSAT 48,,Tignes Val Claret,no,https://booking.tignes.net/studio-4-people-borsat-48-tignes-val-claret-center-23.html
Tignes Réservation,tignesreservation-studio-4-people-borsat-5,STUDIO 4 PEOPLE BORSAT 5,,Tignes Val Claret,no,https://booking.tignes.net/studio-4-people-borsat-5-tignes-val-claret-center-tibo05.html
Tignes Réservation,tignesreservation-studio-4-people-borsat-53,STUDIO 4 PEOPLE BORSAT 53,,Tignes Val Claret,no,https://booking.tignes.net/studio-4-people-borsat-53-tignes-val-claret-center-bor53.html
Tignes Réservation,tignesreservation-studio-4-people-borsat-56,STUDIO 4 PEOPLE BORSAT 56,,Tignes Val Claret,no,https://booking.tignes.net/studio-4-people-borsat-56-tignes-val-claret-center-bor56.html
Tignes Réservation,tignesreservation-studio-4-people-borsat-6,STUDIO 4 PEOPLE BORSAT 6,,Tignes Val Claret,no,https://booking.tignes.net/studio-4-people-borsat-6-tignes-val-claret-center-bor6.html
Tignes Réservation,tignesreservation-studio-4-people-borsat-64,STUDIO 4 PEOPLE BORSAT 64,,Tignes Val Claret,no,https://booking.tignes.net/studio-4-people-borsat-64-tignes-val-claret-center-fr735131510.html
Tignes Réservation,tignesreservation-studio-4-people-borsat-65,STUDIO 4 PEOPLE BORSAT 65,,Tignes Val Claret,no,https://booking.tignes.net/studio-4-people-borsat-65-tignes-val-claret-center-fr735131518.html
Tignes Réservation,tignesreservation-studio-4-people-borsat-66,STUDIO 4 PEOPLE BORSAT 66,,Tignes Val Claret,no,https://booking.tignes.net/studio-4-people-borsat-66-tignes-val-claret-center-fr735131517.html
Tignes Réservation,tignesreservation-studio-4-people-borsat-67,STUDIO 4 PEOPLE BORSAT 67,,Tignes Val Claret,no,https://booking.tignes.net/studio-4-people-borsat-67-tignes-val-claret-center-fr735131516.html
Tignes Réservation,tignesreservation-studio-4-people-borsat-iv-106,STUDIO 4 PEOPLE BORSAT IV 106,,Tignes Val Claret,no,https://booking.tignes.net/studio-4-people-borsat-iv-106-tignes-val-claret-center-fr73516321.html
Tignes Réservation,tignesreservation-studio-4-people-borsat-iv-209,STUDIO 4 PEOPLE BORSAT IV 209,,Tignes Val Claret,no,https://booking.tignes.net/studio-4-people-borsat-iv-209-tignes-val-claret-center-fr73516191.html
Tignes Réservation,tignesreservation-studio-4-people-borsat-iv-213,STUDIO 4 PEOPLE BORSAT IV 213,,Tignes Val Claret,no,https://booking.tignes.net/studio-4-people-borsat-iv-213-tignes-val-claret-center-fr73516171.html
Tignes Réservation,tignesreservation-studio-4-people-borsat-iv-307,STUDIO 4 PEOPLE BORSAT IV 307,,Tignes Val Claret,no,https://booking.tignes.net/studio-4-people-borsat-iv-307-tignes-val-claret-center-fr73516161.html
Tignes Réservation,tignesreservation-studio-4-people-borsat-iv-401,STUDIO 4 PEOPLE BORSAT IV 401,,Tignes Val Claret,no,https://booking.tignes.net/studio-4-people-borsat-iv-401-tignes-val-claret-center-fr73516211.html
Tignes Réservation,tignesreservation-studio-4-people-borsat-iv-504,STUDIO 4 PEOPLE BORSAT IV 504,,Tignes Val Claret,no,https://booking.tignes.net/studio-4-people-borsat-iv-504-tignes-val-claret-center-fr73516151.html
Tignes Réservation,tignesreservation-studio-4-people-chalet-club-iii-46,STUDIO 4 PEOPLE CHALET CLUB III 46,,Tignes Val Claret,no,https://booking.tignes.net/studio-4-people-chalet-club-iii-46-tignes-val-claret-grande-motte-fr73513977.html
Tignes Réservation,tignesreservation-studio-4-people-chalet-club-iii-47,STUDIO 4 PEOPLE CHALET CLUB III 47,,Tignes Val Claret,no,https://booking.tignes.net/studio-4-people-chalet-club-iii-47-tignes-val-claret-grande-motte-fr73513974.html
Tignes Réservation,tignesreservation-studio-4-people-chalet-club-iv-24,STUDIO 4 PEOPLE CHALET CLUB IV 24,,Tignes Val Claret,no,https://booking.tignes.net/studio-4-people-chalet-club-iv-24-tignes-val-claret-grande-motte-ticc424.html
Tignes Réservation,tignesreservation-studio-4-people-chalet-club-iv-70,STUDIO 4 PEOPLE CHALET CLUB IV 70,,Tignes Val Claret,no,https://booking.tignes.net/studio-4-people-chalet-club-iv-70-tignes-val-claret-grande-motte-ticc470.html
Tignes Réservation,tignesreservation-studio-4-people-curling-b-tour-100,STUDIO 4 PEOPLE CURLING B TOUR 100,,Tignes Val Claret,no,https://booking.tignes.net/studio-4-people-curling-b-tour-100-tignes-val-claret-center-ticubt100.html
Tignes Réservation,tignesreservation-studio-4-people-curling-b-tour-76,STUDIO 4 PEOPLE CURLING B TOUR 76,,Tignes Val Claret,no,https://booking.tignes.net/studio-4-people-curling-b-tour-76-tignes-val-claret-center-fr735138036.html
Tignes Réservation,tignesreservation-studio-4-people-curling-b3-51,STUDIO 4 PEOPLE CURLING B3 51,,Tignes Val Claret,no,https://booking.tignes.net/studio-4-people-curling-b3-51-tignes-val-claret-center-fr735138044.html
Tignes Réservation,tignesreservation-studio-4-people-curling-b3-66,STUDIO 4 PEOPLE CURLING B3 66,,Tignes Val Claret,no,https://booking.tignes.net/studio-4-people-curling-b3-66-tignes-val-claret-center-ticub366.html
Tignes Réservation,tignesreservation-studio-4-people-curling-b3-69,STUDIO 4 PEOPLE CURLING B3 69,,Tignes Val Claret,no,https://booking.tignes.net/studio-4-people-curling-b3-69-tignes-val-claret-center-cb69.html
Tignes Réservation,tignesreservation-studio-4-people-grand-roc-25,STUDIO 4 PEOPLE GRAND ROC 25,,Tignes Val Claret,no,https://booking.tignes.net/studio-4-people-grand-roc-25-tignes-val-claret-center-137.html
Tignes Réservation,tignesreservation-studio-4-people-grand-tichot-a1-31,STUDIO 4 PEOPLE GRAND TICHOT A1 31,,Tignes Val Claret,no,https://booking.tignes.net/studio-4-people-grand-tichot-a1-31-tignes-val-claret-center-tigta131.html
Tignes Réservation,tignesreservation-studio-4-people-grand-tichot-b2-3,STUDIO 4 PEOPLE GRAND TICHOT B2 3,,Tignes Val Claret,no,https://booking.tignes.net/studio-4-people-grand-tichot-b2-3-tignes-val-claret-center-fr73513758.html
Tignes Réservation,tignesreservation-studio-4-people-grandes-platieres-1-07,STUDIO 4 PEOPLE GRANDES PLATIERES 1 07,,Tignes Val Claret,no,https://booking.tignes.net/studio-4-people-grandes-platieres-1-07-tignes-val-claret-center-grandesplatieresi07.html
Tignes Réservation,tignesreservation-studio-4-people-grandes-platieres-1-18,STUDIO 4 PEOPLE GRANDES PLATIERES 1 18,,Tignes Val Claret,no,https://booking.tignes.net/studio-4-people-grandes-platieres-1-18-tignes-val-claret-center-fr735137026.html
Tignes Réservation,tignesreservation-studio-4-people-grandes-platieres-1-28,STUDIO 4 PEOPLE GRANDES PLATIERES 1 28,,Tignes Val Claret,no,https://booking.tignes.net/studio-4-people-grandes-platieres-1-28-tignes-val-claret-center-gpi28.html
Tignes Réservation,tignesreservation-studio-4-people-grandes-platieres-1-33,STUDIO 4 PEOPLE GRANDES PLATIERES 1 33,,Tignes Val Claret,no,https://booking.tignes.net/studio-4-people-grandes-platieres-1-33-tignes-val-claret-center-fr735137011.html
Tignes Réservation,tignesreservation-studio-4-people-grandes-platieres-2-16,STUDIO 4 PEOPLE GRANDES PLATIERES 2 16,,Tignes Val Claret,no,https://booking.tignes.net/studio-4-people-grandes-platieres-2-16-tignes-val-claret-center-fr735137010.html
Tignes Réservation,tignesreservation-studio-4-people-grandes-platieres-2-18,STUDIO 4 PEOPLE GRANDES PLATIERES 2 18,,Tignes Val Claret,no,https://booking.tignes.net/studio-4-people-grandes-platieres-2-18-tignes-val-claret-center-fr735137012.html
Tignes Réservation,tignesreservation-studio-4-people-grandes-platieres-2-22,STUDIO 4 PEOPLE GRANDES PLATIERES 2 22,,Tignes Val Claret,no,https://booking.tignes.net/studio-4-people-grandes-platieres-2-22-tignes-val-claret-center-tigpla222-1.html
Tignes Réservation,tignesreservation-studio-4-people-grandes-platieres-2-3,STUDIO 4 PEOPLE GRANDES PLATIERES 2 3,,Tignes Val Claret,no,https://booking.tignes.net/studio-4-people-grandes-platieres-2-3-tignes-val-claret-center-fr735137024.html
Tignes Réservation,tignesreservation-studio-4-people-grandes-platieres-2-40,STUDIO 4 PEOPLE GRANDES PLATIERES 2 40,,Tignes Val Claret,no,https://booking.tignes.net/studio-4-people-grandes-platieres-2-40-tignes-val-claret-center-gpii40.html
Tignes Réservation,tignesreservation-studio-4-people-grandes-platieres-32,STUDIO 4 PEOPLE GRANDES PLATIERES 32,,Tignes Val Claret,no,https://booking.tignes.net/studio-4-people-grandes-platieres-32-tignes-val-claret-center-grandesplatieres32.html
Tignes Réservation,tignesreservation-studio-4-people-grandes-platieres-i-18,STUDIO 4 PEOPLE GRANDES PLATIERES I 18,,Tignes Val Claret,no,https://booking.tignes.net/studio-4-people-grandes-platieres-i-18-tignes-val-claret-center-grandesplatieresi18.html
Tignes Réservation,tignesreservation-studio-4-people-hameau-du-borsat-1110,STUDIO 4 PEOPLE HAMEAU DU BORSAT 1110,,Tignes Val Claret,no,https://booking.tignes.net/studio-4-people-hameau-du-borsat-1110-tignes-val-claret-center-tihambo1110.html
Tignes Réservation,tignesreservation-studio-4-people-hameau-du-borsat-1204,STUDIO 4 PEOPLE HAMEAU DU BORSAT 1204,,Tignes Val Claret,no,https://booking.tignes.net/studio-4-people-hameau-du-borsat-1204-tignes-val-claret-center-fr735131011.html
Tignes Réservation,tignesreservation-studio-4-people-hameau-du-borsat-1214,STUDIO 4 PEOPLE HAMEAU DU BORSAT 1214,,Tignes Val Claret,no,https://booking.tignes.net/studio-4-people-hameau-du-borsat-1214-tignes-val-claret-center-tihambo1214.html
Tignes Réservation,tignesreservation-studio-4-people-hameau-du-borsat-1301,STUDIO 4 PEOPLE HAMEAU DU BORSAT 1301,,Tignes Val Claret,no,https://booking.tignes.net/studio-4-people-hameau-du-borsat-1301-tignes-val-claret-center-tihambo1301.html
Tignes Réservation,tignesreservation-studio-4-people-hameau-du-borsat-1401,STUDIO 4 PEOPLE HAMEAU DU BORSAT 1401,,Tignes Val Claret,no,https://booking.tignes.net/studio-4-people-hameau-du-borsat-1401-tignes-val-claret-center-tihambo1401.html
Tignes Réservation,tignesreservation-studio-4-people-hameau-du-borsat-2102,STUDIO 4 PEOPLE HAMEAU DU BORSAT 2102,,Tignes Val Claret,no,https://booking.tignes.net/studio-4-people-hameau-du-borsat-2102-tignes-val-claret-center-tihambo2102.html
Tignes Réservation,tignesreservation-studio-4-people-hameau-du-borsat-2301,STUDIO 4 PEOPLE HAMEAU DU BORSAT 2301,,Tignes Val Claret,no,https://booking.tignes.net/studio-4-people-hameau-du-borsat-2301-tignes-val-claret-center-tihambo2301.html
Tignes Réservation,tignesreservation-studio-4-people-hameau-du-borsat-2304,STUDIO 4 PEOPLE HAMEAU DU BORSAT 2304,,Tignes Val Claret,no,https://booking.tignes.net/studio-4-people-hameau-du-borsat-2304-tignes-val-claret-center-tihambo2304.html
Tignes Réservation,tignesreservation-studio-4-people-hameau-du-borsat-2305,STUDIO 4 PEOPLE HAMEAU DU BORSAT 2305,,Tignes Val Claret,no,https://booking.tignes.net/studio-4-people-hameau-du-borsat-2305-tignes-val-claret-center-hameauduborsat2305.html
Tignes Réservation,tignesreservation-studio-4-people-hameau-du-borsat-3024,STUDIO 4 PEOPLE HAMEAU DU BORSAT 3024,,Tignes Val Claret,no,https://booking.tignes.net/studio-4-people-hameau-du-borsat-3024-tignes-val-claret-center-tihambo3024.html
Tignes Réservation,tignesreservation-studio-4-people-hauts-du-val-claret-b2-32,STUDIO 4 PEOPLE HAUTS DU VAL CLARET B2 32,,Tignes Val Claret,no,https://booking.tignes.net/studio-4-people-hauts-du-val-claret-b2-32-tignes-val-claret-center-tihvcb232-1.html
Tignes Réservation,tignesreservation-studio-4-people-hauts-du-val-claret-b3-27,STUDIO 4 PEOPLE HAUTS DU VAL CLARET B3 27,,Tignes Val Claret,no,https://booking.tignes.net/studio-4-people-hauts-du-val-claret-b3-27-tignes-val-claret-center-htvcb27.html
Tignes Réservation,tignesreservation-studio-4-people-les-volnets-4,STUDIO 4 PEOPLE LES VOLNETS 4,,Tignes Val Claret,no,https://booking.tignes.net/studio-4-people-les-volnets-4-tignes-val-claret-les-chartreux-vol004.html
Tignes Réservation,tignesreservation-studio-4-people-moutieres-5,STUDIO 4 PEOPLE MOUTIERES 5,,Tignes Val Claret,no,https://booking.tignes.net/studio-4-people-moutieres-5-tignes-val-claret-center-moutieres5.html
Tignes Réservation,tignesreservation-studio-4-people-moutieres-b1-27,STUDIO 4 PEOPLE MOUTIERES B1 27,,Tignes Val Claret,no,https://booking.tignes.net/studio-4-people-moutieres-b1-27-tignes-val-claret-center-timoub1027.html
Tignes Réservation,tignesreservation-studio-4-people-moutieres-b1-82,STUDIO 4 PEOPLE MOUTIERES B1 82,,Tignes Val Claret,no,https://booking.tignes.net/studio-4-people-moutieres-b1-82-tignes-val-claret-center-moutieresb182.html
Tignes Réservation,tignesreservation-studio-4-people-moutieres-b1-85,STUDIO 4 PEOPLE MOUTIERES B1 85,,Tignes Val Claret,no,https://booking.tignes.net/studio-4-people-moutieres-b1-85-tignes-val-claret-center-timoub1085.html
Tignes Réservation,tignesreservation-studio-4-people-moutieres-b2-5,STUDIO 4 PEOPLE MOUTIERES B2 5,,Tignes Val Claret,no,https://booking.tignes.net/studio-4-people-moutieres-b2-5-tignes-val-claret-center-fr735133526.html
Tignes Réservation,tignesreservation-studio-4-people-neiges-d-or-102,STUDIO 4 PEOPLE NEIGES D'OR 102,,Tignes Val Claret,no,https://booking.tignes.net/studio-4-people-neiges-d-or-102-tignes-val-claret-center-nor102.html
Tignes Réservation,tignesreservation-studio-4-people-neiges-d-or-107,STUDIO 4 PEOPLE NEIGES D'OR 107,,Tignes Val Claret,no,https://booking.tignes.net/studio-4-people-neiges-d-or-107-tignes-val-claret-center-nor107.html
Tignes Réservation,tignesreservation-studio-4-people-neiges-d-or-111,STUDIO 4 PEOPLE NEIGES D'OR 111,,Tignes Val Claret,no,https://booking.tignes.net/studio-4-people-neiges-d-or-111-tignes-val-claret-center-nor111.html
Tignes Réservation,tignesreservation-studio-4-people-neiges-d-or-202,STUDIO 4 PEOPLE NEIGES D'OR 202,,Tignes Val Claret,no,https://booking.tignes.net/studio-4-people-neiges-d-or-202-tignes-val-claret-center-nor202.html
Tignes Réservation,tignesreservation-studio-4-people-neiges-d-or-203,STUDIO 4 PEOPLE NEIGES D'OR 203,,Tignes Val Claret,no,https://booking.tignes.net/studio-4-people-neiges-d-or-203-tignes-val-claret-center-nor203.html
Tignes Réservation,tignesreservation-studio-4-people-neiges-d-or-307,STUDIO 4 PEOPLE NEIGES D'OR 307,,Tignes Val Claret,no,https://booking.tignes.net/studio-4-people-neiges-d-or-307-tignes-val-claret-center-nor307.html
Tignes Réservation,tignesreservation-studio-4-people-neiges-d-or-310,STUDIO 4 PEOPLE NEIGES D'OR 310,,Tignes Val Claret,no,https://booking.tignes.net/studio-4-people-neiges-d-or-310-tignes-val-claret-center-nor310.html
Tignes Réservation,tignesreservation-studio-4-people-neiges-d-or-311,STUDIO 4 PEOPLE NEIGES D'OR 311,,Tignes Val Claret,no,https://booking.tignes.net/studio-4-people-neiges-d-or-311-tignes-val-claret-center-nor311.html
Tignes Réservation,tignesreservation-studio-4-people-neiges-d-or-8,STUDIO 4 PEOPLE NEIGES D'OR 8,,Tignes Val Claret,no,https://booking.tignes.net/studio-4-people-neiges-d-or-8-tignes-val-claret-center-neigedor8.html
Tignes Réservation,tignesreservation-studio-4-people-platieres-25,STUDIO 4 PEOPLE PLATIERES 25,,Tignes Val Claret,no,https://booking.tignes.net/studio-4-people-platieres-25-tignes-val-claret-center-tipla25.html
Tignes Réservation,tignesreservation-studio-4-people-platieres-27,STUDIO 4 PEOPLE PLATIERES 27,,Tignes Val Claret,no,https://booking.tignes.net/studio-4-people-platieres-27-tignes-val-claret-center-pla27.html
Tignes Réservation,tignesreservation-studio-4-people-platieres-6,STUDIO 4 PEOPLE PLATIERES 6,,Tignes Val Claret,no,https://booking.tignes.net/studio-4-people-platieres-6-tignes-val-claret-center-platieres06.html
Tignes Réservation,tignesreservation-studio-4-people-plein-soleil-13,STUDIO 4 PEOPLE PLEIN SOLEIL 13,,Tignes Val Claret,no,https://booking.tignes.net/studio-4-people-plein-soleil-13-tignes-val-claret-center-tipsol13.html
Tignes Réservation,tignesreservation-studio-4-people-plein-soleil-15,STUDIO 4 PEOPLE PLEIN SOLEIL 15,,Tignes Val Claret,no,https://booking.tignes.net/studio-4-people-plein-soleil-15-tignes-val-claret-center-fr73512801.html
Tignes Réservation,tignesreservation-studio-4-people-plein-soleil-2,STUDIO 4 PEOPLE PLEIN SOLEIL 2,,Tignes Val Claret,no,https://booking.tignes.net/studio-4-people-plein-soleil-2-tignes-val-claret-center-pleinsoleil2.html
Tignes Réservation,tignesreservation-studio-4-people-pramecou-14,STUDIO 4 PEOPLE PRAMECOU 14,,Tignes Val Claret,no,https://booking.tignes.net/studio-4-people-pramecou-14-tignes-val-claret-center-pram14.html
Tignes Réservation,tignesreservation-studio-4-people-pramecou-29,STUDIO 4 PEOPLE PRAMECOU 29,,Tignes Val Claret,no,https://booking.tignes.net/studio-4-people-pramecou-29-tignes-val-claret-center-pra029r.html
Tignes Réservation,tignesreservation-studio-4-people-pramecou-34,STUDIO 4 PEOPLE PRAMECOU 34,,Tignes Val Claret,no,https://booking.tignes.net/studio-4-people-pramecou-34-tignes-val-claret-center-tipram34.html
Tignes Réservation,tignesreservation-studio-4-people-pramecou-4,STUDIO 4 PEOPLE PRAMECOU 4,,Tignes Val Claret,no,https://booking.tignes.net/studio-4-people-pramecou-4-tignes-val-claret-center-fr73513905.html
Tignes Réservation,tignesreservation-studio-4-people-prariond-a-10,STUDIO 4 PEOPLE PRARIOND A 10,,Tignes Val Claret,no,https://booking.tignes.net/studio-4-people-prariond-a-10-tignes-val-claret-center-tipraa10.html
Tignes Réservation,tignesreservation-studio-4-people-prariond-a-18,STUDIO 4 PEOPLE PRARIOND A 18,,Tignes Val Claret,no,https://booking.tignes.net/studio-4-people-prariond-a-18-tignes-val-claret-center-fr73512909.html
Tignes Réservation,tignesreservation-studio-4-people-prariond-a-19,STUDIO 4 PEOPLE PRARIOND A 19,,Tignes Val Claret,no,https://booking.tignes.net/studio-4-people-prariond-a-19-tignes-val-claret-center-prarionda19.html
Tignes Réservation,tignesreservation-studio-4-people-prariond-a-23,STUDIO 4 PEOPLE PRARIOND A 23,,Tignes Val Claret,no,https://booking.tignes.net/studio-4-people-prariond-a-23-tignes-val-claret-center-29.html
Tignes Réservation,tignesreservation-studio-4-people-prariond-a-31,STUDIO 4 PEOPLE PRARIOND A 31,,Tignes Val Claret,no,https://booking.tignes.net/studio-4-people-prariond-a-31-tignes-val-claret-center-prarionda31.html
Tignes Réservation,tignesreservation-studio-4-people-prariond-a-35,STUDIO 4 PEOPLE PRARIOND A 35,,Tignes Val Claret,no,https://booking.tignes.net/studio-4-people-prariond-a-35-tignes-val-claret-center-tipraa35-1.html
Tignes Réservation,tignesreservation-studio-4-people-prariond-a-43,STUDIO 4 PEOPLE PRARIOND A 43,,Tignes Val Claret,no,https://booking.tignes.net/studio-4-people-prariond-a-43-tignes-val-claret-center-fr73512906.html
Tignes Réservation,tignesreservation-studio-4-people-prariond-b-15,STUDIO 4 PEOPLE PRARIOND B 15,,Tignes Val Claret,no,https://booking.tignes.net/studio-4-people-prariond-b-15-tignes-val-claret-center-tiprab15.html
Tignes Réservation,tignesreservation-studio-4-people-prariond-b-31,STUDIO 4 PEOPLE PRARIOND B 31,,Tignes Val Claret,no,https://booking.tignes.net/studio-4-people-prariond-b-31-tignes-val-claret-center-fr73512904.html
Tignes Réservation,tignesreservation-studio-4-people-prariond-b7,STUDIO 4 PEOPLE PRARIOND B7,,Tignes Val Claret,no,https://booking.tignes.net/studio-4-people-prariond-b7-tignes-val-claret-center-24.html
Tignes Réservation,tignesreservation-studio-4-people-residence-hameau-du-borsat,STUDIO 4 PEOPLE RESIDENCE HAMEAU DU BORSAT,,Tignes Val Claret,no,https://booking.tignes.net/studio-4-people-residence-hameau-du-borsat-tignes-val-claret-center-582.html
Tignes Réservation,tignesreservation-studio-4-people-residence-odalys-rond-point-des-pistes,STUDIO 4 PEOPLE RESIDENCE ODALYS ROND POINT DES PISTES,,Tignes Val Claret,no,https://booking.tignes.net/studio-4-people-residence-odalys-rond-point-des-pistes-tignes-val-claret-grande-motte-578.html
Tignes Réservation,tignesreservation-studio-4-people-rond-point-des-pistes-b-109,STUDIO 4 PEOPLE ROND POINT DES PISTES B 109,,Tignes Val Claret,no,https://booking.tignes.net/studio-4-people-rond-point-des-pistes-b-109-tignes-val-claret-grande-motte-fr73513302.html
Tignes Réservation,tignesreservation-studio-4-people-rond-point-des-pistes-b-119,STUDIO 4 PEOPLE ROND POINT DES PISTES B 119,,Tignes Val Claret,no,https://booking.tignes.net/studio-4-people-rond-point-des-pistes-b-119-tignes-val-claret-grande-motte-fr735133018.html
Tignes Réservation,tignesreservation-studio-4-people-rond-point-des-pistes-b-127,STUDIO 4 PEOPLE ROND POINT DES PISTES B 127,,Tignes Val Claret,no,https://booking.tignes.net/studio-4-people-rond-point-des-pistes-b-127-tignes-val-claret-grande-motte-fr735133013.html
Tignes Réservation,tignesreservation-studio-4-people-rond-point-des-pistes-b-132,STUDIO 4 PEOPLE ROND POINT DES PISTES B 132,,Tignes Val Claret,no,https://booking.tignes.net/studio-4-people-rond-point-des-pistes-b-132-tignes-val-claret-grande-motte-fr735133012.html
Tignes Réservation,tignesreservation-studio-4-people-rond-point-des-pistes-b-136,STUDIO 4 PEOPLE ROND POINT DES PISTES B 136,,Tignes Val Claret,no,https://booking.tignes.net/studio-4-people-rond-point-des-pistes-b-136-tignes-val-claret-grande-motte-rppb136.html
Tignes Réservation,tignesreservation-studio-4-people-rond-point-des-pistes-b-87,STUDIO 4 PEOPLE ROND POINT DES PISTES B 87,,Tignes Val Claret,no,https://booking.tignes.net/studio-4-people-rond-point-des-pistes-b-87-tignes-val-claret-grande-motte-fr735133022.html
Tignes Réservation,tignesreservation-studio-4-people-rond-point-des-pistes-b-90,STUDIO 4 PEOPLE ROND POINT DES PISTES B 90,,Tignes Val Claret,no,https://booking.tignes.net/studio-4-people-rond-point-des-pistes-b-90-tignes-val-claret-grande-motte-rppb90.html
Tignes Réservation,tignesreservation-studio-4-people-rond-point-des-pistes-b-94,STUDIO 4 PEOPLE ROND POINT DES PISTES B 94,,Tignes Val Claret,no,https://booking.tignes.net/studio-4-people-rond-point-des-pistes-b-94-tignes-val-claret-grande-motte-tirppb094-1.html
Tignes Réservation,tignesreservation-studio-4-people-rond-point-des-pistes-b107,STUDIO 4 PEOPLE ROND POINT DES PISTES B107,,Tignes Val Claret,no,https://booking.tignes.net/studio-4-people-rond-point-des-pistes-b107-tignes-val-claret-grande-motte-fr735133025.html
Tignes Réservation,tignesreservation-studio-4-people-rond-point-des-pistes-c-159,STUDIO 4 PEOPLE ROND POINT DES PISTES C 159,,Tignes Val Claret,no,https://booking.tignes.net/studio-4-people-rond-point-des-pistes-c-159-tignes-val-claret-grande-motte-tirppc159.html
Tignes Réservation,tignesreservation-studio-4-people-rond-point-des-pistes-c-180,STUDIO 4 PEOPLE ROND POINT DES PISTES C 180,,Tignes Val Claret,no,https://booking.tignes.net/studio-4-people-rond-point-des-pistes-c-180-tignes-val-claret-grande-motte-rppc180.html
Tignes Réservation,tignesreservation-studio-4-people-rond-point-des-pistes-c-188,STUDIO 4 PEOPLE ROND POINT DES PISTES C 188,,Tignes Val Claret,no,https://booking.tignes.net/studio-4-people-rond-point-des-pistes-c-188-tignes-val-claret-grande-motte-tirppc188.html
Tignes Réservation,tignesreservation-studio-4-people-rond-point-des-pistes-c-198,STUDIO 4 PEOPLE ROND POINT DES PISTES C 198,,Tignes Val Claret,no,https://booking.tignes.net/studio-4-people-rond-point-des-pistes-c-198-tignes-val-claret-grande-motte-tirppc198.html
Tignes Réservation,tignesreservation-studio-4-people-rond-point-des-pistes-c-222,STUDIO 4 PEOPLE ROND POINT DES PISTES C 222,,Tignes Val Claret,no,https://booking.tignes.net/studio-4-people-rond-point-des-pistes-c-222-tignes-val-claret-grande-motte-tirppc222.html
Tignes Réservation,tignesreservation-studio-4-people-rond-point-des-pistes-c-225,STUDIO 4 PEOPLE ROND POINT DES PISTES C 225,,Tignes Val Claret,no,https://booking.tignes.net/studio-4-people-rond-point-des-pistes-c-225-tignes-val-claret-grande-motte-rppc225.html
Tignes Réservation,tignesreservation-studio-4-people-schuss-1011,STUDIO 4 PEOPLE SCHUSS 1011,,Tignes Val Claret,no,https://booking.tignes.net/studio-4-people-schuss-1011-tignes-val-claret-center-sch1011.html
Tignes Réservation,tignesreservation-studio-4-people-schuss-1111,STUDIO 4 PEOPLE SCHUSS 1111,,Tignes Val Claret,no,https://booking.tignes.net/studio-4-people-schuss-1111-tignes-val-claret-center-sch1111.html
Tignes Réservation,tignesreservation-studio-4-people-schuss-1211,STUDIO 4 PEOPLE SCHUSS 1211,,Tignes Val Claret,no,https://booking.tignes.net/studio-4-people-schuss-1211-tignes-val-claret-center-sch1211.html
Tignes Réservation,tignesreservation-studio-4-people-schuss-204,STUDIO 4 PEOPLE SCHUSS 204,,Tignes Val Claret,no,https://booking.tignes.net/studio-4-people-schuss-204-tignes-val-claret-center-sch204.html
Tignes Réservation,tignesreservation-studio-4-people-schuss-406,STUDIO 4 PEOPLE SCHUSS 406,,Tignes Val Claret,no,https://booking.tignes.net/studio-4-people-schuss-406-tignes-val-claret-center-sch406.html
Tignes Réservation,tignesreservation-studio-4-people-schuss-511,STUDIO 4 PEOPLE SCHUSS 511,,Tignes Val Claret,no,https://booking.tignes.net/studio-4-people-schuss-511-tignes-val-claret-center-sch511.html
Tignes Réservation,tignesreservation-studio-4-people-schuss-711,STUDIO 4 PEOPLE SCHUSS 711,,Tignes Val Claret,no,https://booking.tignes.net/studio-4-people-schuss-711-tignes-val-claret-center-sch711.html
Tignes Réservation,tignesreservation-studio-4-people-sefcotel-44,STUDIO 4 PEOPLE SEFCOTEL 44,,Tignes Val Claret,no,https://booking.tignes.net/studio-4-people-sefcotel-44-tignes-val-claret-center-sefcotel44.html
Tignes Réservation,tignesreservation-studio-4-people-sefcotel-66,STUDIO 4 PEOPLE SEFCOTEL 66,,Tignes Val Claret,no,https://booking.tignes.net/studio-4-people-sefcotel-66-tignes-val-claret-center-sefcotel66.html
Tignes Réservation,tignesreservation-studio-4-people-sefcotel-a-67,STUDIO 4 PEOPLE SEFCOTEL A 67,,Tignes Val Claret,no,https://booking.tignes.net/studio-4-people-sefcotel-a-67-tignes-val-claret-center-tisefa67.html
Tignes Réservation,tignesreservation-studio-4-people-sefcotel-a-72,STUDIO 4 PEOPLE SEFCOTEL A 72,,Tignes Val Claret,no,https://booking.tignes.net/studio-4-people-sefcotel-a-72-tignes-val-claret-center-fr735130021.html
Tignes Réservation,tignesreservation-studio-4-people-sefcotel-a-88,STUDIO 4 PEOPLE SEFCOTEL A 88,,Tignes Val Claret,no,https://booking.tignes.net/studio-4-people-sefcotel-a-88-tignes-val-claret-center-tisefa88.html
Tignes Réservation,tignesreservation-studio-4-people-sefcotel-b-17,STUDIO 4 PEOPLE SEFCOTEL B 17,,Tignes Val Claret,no,https://booking.tignes.net/studio-4-people-sefcotel-b-17-tignes-val-claret-center-sefcotelb17.html
Tignes Réservation,tignesreservation-studio-4-people-sefcotel-b-43,STUDIO 4 PEOPLE SEFCOTEL B 43,,Tignes Val Claret,no,https://booking.tignes.net/studio-4-people-sefcotel-b-43-tignes-val-claret-center-sefcotelb43.html
Tignes Réservation,tignesreservation-studio-4-people-sefcotel-b-9,STUDIO 4 PEOPLE SEFCOTEL B 9,,Tignes Val Claret,no,https://booking.tignes.net/studio-4-people-sefcotel-b-9-tignes-val-claret-center-fr735130022.html
Tignes Réservation,tignesreservation-studio-4-people-slalom-105,STUDIO 4 PEOPLE SLALOM 105,,Tignes Val Claret,no,https://booking.tignes.net/studio-4-people-slalom-105-tignes-val-claret-center-fr73513383.html
Tignes Réservation,tignesreservation-studio-4-people-slalom-205,STUDIO 4 PEOPLE SLALOM 205,,Tignes Val Claret,no,https://booking.tignes.net/studio-4-people-slalom-205-tignes-val-claret-center-slal205.html
Tignes Réservation,tignesreservation-studio-4-people-slalom-208,STUDIO 4 PEOPLE SLALOM 208,,Tignes Val Claret,no,https://booking.tignes.net/studio-4-people-slalom-208-tignes-val-claret-center-slalom208.html
Tignes Réservation,tignesreservation-studio-4-people-slalom-303,STUDIO 4 PEOPLE SLALOM 303,,Tignes Val Claret,no,https://booking.tignes.net/studio-4-people-slalom-303-tignes-val-claret-center-sla303.html
Tignes Réservation,tignesreservation-studio-4-people-slalom-304,STUDIO 4 PEOPLE SLALOM 304,,Tignes Val Claret,no,https://booking.tignes.net/studio-4-people-slalom-304-tignes-val-claret-center-slalom304.html
Tignes Réservation,tignesreservation-studio-4-people-slalom-404,STUDIO 4 PEOPLE SLALOM 404,,Tignes Val Claret,no,https://booking.tignes.net/studio-4-people-slalom-404-tignes-val-claret-center-sla404.html
Tignes Réservation,tignesreservation-studio-4-people-slalom-604,STUDIO 4 PEOPLE SLALOM 604,,Tignes Val Claret,no,https://booking.tignes.net/studio-4-people-slalom-604-tignes-val-claret-center-slalom604.html
Tignes Réservation,tignesreservation-studio-4-people-slalom-605,STUDIO 4 PEOPLE SLALOM 605,,Tignes Val Claret,no,https://booking.tignes.net/studio-4-people-slalom-605-tignes-val-claret-center-sla605.html
Tignes Réservation,tignesreservation-studio-4-people-slalom-607,STUDIO 4 PEOPLE SLALOM 607,,Tignes Val Claret,no,https://booking.tignes.net/studio-4-people-slalom-607-tignes-val-claret-center-fr73513387.html
Tignes Réservation,tignesreservation-studio-4-people-slalom-608,STUDIO 4 PEOPLE SLALOM 608,,Tignes Val Claret,no,https://booking.tignes.net/studio-4-people-slalom-608-tignes-val-claret-center-sla608.html
Tignes Réservation,tignesreservation-studio-4-people-slalom-702,STUDIO 4 PEOPLE SLALOM 702,,Tignes Val Claret,no,https://booking.tignes.net/studio-4-people-slalom-702-tignes-val-claret-center-tisla702.html
Tignes Réservation,tignesreservation-studio-4-people-slalom-802,STUDIO 4 PEOPLE SLALOM 802,,Tignes Val Claret,no,https://booking.tignes.net/studio-4-people-slalom-802-tignes-val-claret-center-sla802.html
Tignes Réservation,tignesreservation-studio-4-people-tommeuses-12,STUDIO 4 PEOPLE TOMMEUSES 12,,Tignes Val Claret,no,https://booking.tignes.net/studio-4-people-tommeuses-12-tignes-val-claret-center-fr73513202.html
Tignes Réservation,tignesreservation-studio-4-people-tommeuses-13,STUDIO 4 PEOPLE TOMMEUSES 13,,Tignes Val Claret,no,https://booking.tignes.net/studio-4-people-tommeuses-13-tignes-val-claret-center-fr735132026.html
Tignes Réservation,tignesreservation-studio-4-people-tommeuses-27,STUDIO 4 PEOPLE TOMMEUSES 27,,Tignes Val Claret,no,https://booking.tignes.net/studio-4-people-tommeuses-27-tignes-val-claret-center-tommeuses27.html
Tignes Réservation,tignesreservation-studio-4-people-tommeuses-29,STUDIO 4 PEOPLE TOMMEUSES 29,,Tignes Val Claret,no,https://booking.tignes.net/studio-4-people-tommeuses-29-tignes-val-claret-center-titom29.html
Tignes Réservation,tignesreservation-studio-4-people-tommeuses-72,STUDIO 4 PEOPLE TOMMEUSES 72,,Tignes Val Claret,no,https://booking.tignes.net/studio-4-people-tommeuses-72-tignes-val-claret-center-fr735132020.html
Tignes Réservation,tignesreservation-studio-4-people-tommeuses-74,STUDIO 4 PEOPLE TOMMEUSES 74,,Tignes Val Claret,no,https://booking.tignes.net/studio-4-people-tommeuses-74-tignes-val-claret-center-fr735132019.html
Tignes Réservation,tignesreservation-studio-4-people-tommeuses-77,STUDIO 4 PEOPLE TOMMEUSES 77,,Tignes Val Claret,no,https://booking.tignes.net/studio-4-people-tommeuses-77-tignes-val-claret-center-titom77.html
Tignes Réservation,tignesreservation-studio-4-people-tommeuses-87,STUDIO 4 PEOPLE TOMMEUSES 87,,Tignes Val Claret,no,https://booking.tignes.net/studio-4-people-tommeuses-87-tignes-val-claret-center-fr735132031.html
Tignes Réservation,tignesreservation-studio-4-people-tommeuses-89,STUDIO 4 PEOPLE TOMMEUSES 89,,Tignes Val Claret,no,https://booking.tignes.net/studio-4-people-tommeuses-89-tignes-val-claret-center-fr735132028.html
Tignes Réservation,tignesreservation-studio-4-people-tufs-43,STUDIO 4 PEOPLE TUFS 43,,Tignes Val Claret,no,https://booking.tignes.net/studio-4-people-tufs-43-tignes-val-claret-center-tufs43.html
Tignes Réservation,tignesreservation-studio-4-people-tufs-a-11,STUDIO 4 PEOPLE TUFS A 11,,Tignes Val Claret,no,https://booking.tignes.net/studio-4-people-tufs-a-11-tignes-val-claret-center-fr73513455.html
Tignes Réservation,tignesreservation-studio-4-people-tufs-a-19,STUDIO 4 PEOPLE TUFS A 19,,Tignes Val Claret,no,https://booking.tignes.net/studio-4-people-tufs-a-19-tignes-val-claret-center-fr73513457.html
Tignes Réservation,tignesreservation-studio-4-people-tufs-a-27,STUDIO 4 PEOPLE TUFS A 27,,Tignes Val Claret,no,https://booking.tignes.net/studio-4-people-tufs-a-27-tignes-val-claret-center-titufa27.html
Tignes Réservation,tignesreservation-studio-4-people-vacanceole-borsat-iv,STUDIO 4 PEOPLE VACANCEOLE BORSAT IV,,Tignes Val Claret,no,https://booking.tignes.net/studio-4-people-vacanceole-borsat-iv-tignes-val-claret-center-st4leborsat.html
Tignes Réservation,tignesreservation-studio-4-personnes-prariond-a-23-back-office,STUDIO 4 PERSONNES PRARIOND A 23 Back Office,,Tignes Val Claret,no,https://booking.tignes.net/studio-4-personnes-prariond-a-23-back-office-tignes-val-claret-center-29bo.html
Tignes Réservation,tignesreservation-studio-5-people-borsat-02,STUDIO 5 PEOPLE BORSAT 02,,Tignes Val Claret,no,https://booking.tignes.net/studio-5-people-borsat-02-tignes-val-claret-center-tibo02.html
Tignes Réservation,tignesreservation-studio-5-people-hameau-du-borsat-1612,STUDIO 5 PEOPLE HAMEAU DU BORSAT 1612,,Tignes Val Claret,no,https://booking.tignes.net/studio-5-people-hameau-du-borsat-1612-tignes-val-claret-center-hamdeborsat1612.html
Tignes Réservation,tignesreservation-studio-5-people-hameau-du-borsat-2602,STUDIO 5 PEOPLE HAMEAU DU BORSAT 2602,,Tignes Val Claret,no,https://booking.tignes.net/studio-5-people-hameau-du-borsat-2602-tignes-val-claret-center-hamdeborsat2602.html
Tignes Réservation,tignesreservation-studio-5-people-plein-soleil-14,STUDIO 5 PEOPLE PLEIN SOLEIL 14,,Tignes Val Claret,no,https://booking.tignes.net/studio-5-people-plein-soleil-14-tignes-val-claret-center-fr73512805.html
Tignes Réservation,tignesreservation-studio-5-people-residence-vacanceole-borsat-iv,STUDIO 5 PEOPLE RESIDENCE VACANCEOLE BORSAT IV,,Tignes Val Claret,no,https://booking.tignes.net/studio-5-people-residence-vacanceole-borsat-iv-tignes-val-claret-center-st5leborsat.html
Tignes Réservation,tignesreservation-studio-5-people-slalom-108,STUDIO 5 PEOPLE SLALOM 108,,Tignes Val Claret,no,https://booking.tignes.net/studio-5-people-slalom-108-tignes-val-claret-center-fr73513385.html
Tignes Réservation,tignesreservation-studio-5-people-tommeuses-11,STUDIO 5 PEOPLE TOMMEUSES 11,,Tignes Val Claret,no,https://booking.tignes.net/studio-5-people-tommeuses-11-tignes-val-claret-center-fr735132038.html
Tignes Réservation,tignesreservation-studio-cabin-3-people-bollin-19,STUDIO CABIN 3 PEOPLE BOLLIN 19,,Tignes Val Claret,no,https://booking.tignes.net/studio-cabin-3-people-bollin-19-tignes-val-claret-center-bollin19.html
Tignes Réservation,tignesreservation-studio-cabin-4-people-chalet-la-sambea-aiguille-percee-203,STUDIO CABIN 4 PEOPLE CHALET LA SAMBEA AIGUILLE PERCEE 203,,Tignes Val Claret,no,https://booking.tignes.net/studio-cabin-4-people-chalet-la-sambea-aiguille-percee-203-tignes-val-claret-les-chartreux-chaletlasambeaaigpercee203.html
Tignes Réservation,tignesreservation-studio-cabin-4-people-chalet-la-sambea-chardonnet-204,STUDIO CABIN 4 PEOPLE CHALET LA SAMBEA CHARDONNET 204,,Tignes Val Claret,no,https://booking.tignes.net/studio-cabin-4-people-chalet-la-sambea-chardonnet-204-tignes-val-claret-les-chartreux-chaletlasambeachardo204.html
Tignes Réservation,tignesreservation-studio-cabin-4-people-chalet-la-sambea-col-des-ves-202,STUDIO CABIN 4 PEOPLE CHALET LA SAMBEA COL DES VES 202,,Tignes Val Claret,no,https://booking.tignes.net/studio-cabin-4-people-chalet-la-sambea-col-des-ves-202-tignes-val-claret-les-chartreux-chaletsambeacoldesves202.html
Tignes Réservation,tignesreservation-studio-cabin-4-people-chalet-la-sambea-davie-302,STUDIO CABIN 4 PEOPLE CHALET LA SAMBEA DAVIE 302,,Tignes Val Claret,no,https://booking.tignes.net/studio-cabin-4-people-chalet-la-sambea-davie-302-tignes-val-claret-les-chartreux-chaletsambealadavie302.html
Tignes Réservation,tignesreservation-studio-cabin-4-people-chalet-la-sambea-tsanleleina-301,STUDIO CABIN 4 PEOPLE CHALET LA SAMBEA TSANLELEINA 301,,Tignes Val Claret,no,https://booking.tignes.net/studio-cabin-4-people-chalet-la-sambea-tsanleleina-301-tignes-val-claret-les-chartreux-chaletsambeatsanteleina301.html
Tignes Réservation,tignesreservation-studio-cabin-4-people-chalet-la-sambea-tufs-201,STUDIO CABIN 4 PEOPLE CHALET LA SAMBEA TUFS 201,,Tignes Val Claret,no,https://booking.tignes.net/studio-cabin-4-people-chalet-la-sambea-tufs-201-tignes-val-claret-les-chartreux-chaletlasambeatufs201.html
Tignes Réservation,tignesreservation-studio-cabin-4-people-hameau-du-borsat-1114,STUDIO CABIN 4 PEOPLE HAMEAU DU BORSAT 1114,,Tignes Val Claret,no,https://booking.tignes.net/studio-cabin-4-people-hameau-du-borsat-1114-tignes-val-claret-center-tihambo1114.html
Tignes Réservation,tignesreservation-studio-cabin-4-people-hameau-du-borsat-1413,STUDIO CABIN 4 PEOPLE HAMEAU DU BORSAT 1413,,Tignes Val Claret,no,https://booking.tignes.net/studio-cabin-4-people-hameau-du-borsat-1413-tignes-val-claret-center-hameauduborsat1413.html
Tignes Réservation,tignesreservation-studio-cabin-4-people-hameau-du-borsat-3002,STUDIO CABIN 4 PEOPLE HAMEAU DU BORSAT 3002,,Tignes Val Claret,no,https://booking.tignes.net/studio-cabin-4-people-hameau-du-borsat-3002-tignes-val-claret-center-32.html
Tignes Réservation,tignesreservation-studio-cabin-4-people-hameau-du-borsat-3010,STUDIO CABIN 4 PEOPLE HAMEAU DU BORSAT 3010,,Tignes Val Claret,no,https://booking.tignes.net/studio-cabin-4-people-hameau-du-borsat-3010-tignes-val-claret-center-hb3010r.html
Tignes Réservation,tignesreservation-studio-cabin-4-people-hameau-du-borsat-3018,STUDIO CABIN 4 PEOPLE HAMEAU DU BORSAT 3018,,Tignes Val Claret,no,https://booking.tignes.net/studio-cabin-4-people-hameau-du-borsat-3018-tignes-val-claret-center-hameauborsat3018.html
Tignes Réservation,tignesreservation-studio-cabin-4-people-hauts-du-val-claret-a2-3,STUDIO CABIN 4 PEOPLE HAUTS DU VAL CLARET A2 3,,Tignes Val Claret,no,https://booking.tignes.net/studio-cabin-4-people-hauts-du-val-claret-a2-3-tignes-val-claret-center-hautsduvc3.html
Tignes Réservation,tignesreservation-studio-cabin-4-people-le-pramecou,STUDIO CABIN 4 PEOPLE LE PRAMECOU,,Tignes Val Claret,no,https://booking.tignes.net/studio-cabin-4-people-le-pramecou-tignes-val-claret-center-fr735139016.html
Tignes Réservation,tignesreservation-studio-cabin-4-people-neiges-d-or-110,STUDIO CABIN 4 PEOPLE NEIGES D'OR 110,,Tignes Val Claret,no,https://booking.tignes.net/studio-cabin-4-people-neiges-d-or-110-tignes-val-claret-center-neigedor110.html
Tignes Réservation,tignesreservation-studio-cabin-4-people-pramecou-26,STUDIO CABIN 4 PEOPLE PRAMECOU 26,,Tignes Val Claret,no,https://booking.tignes.net/studio-cabin-4-people-pramecou-26-tignes-val-claret-center-pram26.html
Tignes Réservation,tignesreservation-studio-cabin-4-people-residence-hameau-du-borsat,STUDIO CABIN 4 PEOPLE RESIDENCE HAMEAU DU BORSAT,,Tignes Val Claret,no,https://booking.tignes.net/studio-cabin-4-people-residence-hameau-du-borsat-tignes-val-claret-center-583.html
Tignes Réservation,tignesreservation-studio-cabin-4-people-residence-odalys-rond-point-des-pistes,STUDIO CABIN 4 PEOPLE RESIDENCE ODALYS ROND POINT DES PISTES,,Tignes Val Claret,no,https://booking.tignes.net/studio-cabin-4-people-residence-odalys-rond-point-des-pistes-tignes-val-claret-grande-motte-579.html
Tignes Réservation,tignesreservation-studio-cabin-4-people-rond-point-des-pistes-b143,STUDIO CABIN 4 PEOPLE ROND POINT DES PISTES B143,,Tignes Val Claret,no,https://booking.tignes.net/studio-cabin-4-people-rond-point-des-pistes-b143-tignes-val-claret-grande-motte-35.html
Tignes Réservation,tignesreservation-studio-cabin-4-people-rond-point-des-pistes-c-179,STUDIO CABIN 4 PEOPLE ROND POINT DES PISTES C 179,,Tignes Val Claret,no,https://booking.tignes.net/studio-cabin-4-people-rond-point-des-pistes-c-179-tignes-val-claret-grande-motte-34.html
Tignes Réservation,tignesreservation-studio-cabin-4-people-sefcotel-a-68,STUDIO CABIN 4 PEOPLE SEFCOTEL A 68,,Tignes Val Claret,no,https://booking.tignes.net/studio-cabin-4-people-sefcotel-a-68-tignes-val-claret-center-sefcotel68.html
Tignes Réservation,tignesreservation-studio-cabin-5-people-grand-roc-a-10,STUDIO CABIN 5 PEOPLE GRAND ROC A 10,,Tignes Val Claret,no,https://booking.tignes.net/studio-cabin-5-people-grand-roc-a-10-tignes-val-claret-center-grandroc10a.html
Tignes Réservation,tignesreservation-studio-cabin-hameau-du-borsat-2002,STUDIO CABIN HAMEAU DU BORSAT 2002,,Tignes Val Claret,no,https://booking.tignes.net/studio-cabin-hameau-du-borsat-2002-tignes-val-claret-center-tihambo2002.html
Tignes Réservation,tignesreservation-studo-4-people-sefcotel-a-50,STUDO 4 PEOPLE SEFCOTEL A 50,,Tignes Val Claret,no,https://booking.tignes.net/studo-4-people-sefcotel-a-50-tignes-val-claret-center-tisefa50.html
Tignes Réservation,tignesreservation-studio-le-sefcotel,Studio - LE SEFCOTEL,,Tignes Val Claret,no,https://booking.tignes.net/studio-le-sefcotel-tignes-val-claret-center-sefco56.html
Tignes Réservation,tignesreservation-studio-2-people-rond-point-des-pistes-a-308,Studio 2 PEOPLE ROND POINT DES PISTES A 308,,Tignes Val Claret,no,https://booking.tignes.net/studio-2-people-rond-point-des-pistes-a-308-tignes-val-claret-grande-motte-tirppa308.html
Tignes Réservation,tignesreservation-studio-4-people-sefcotel-b-24,Studio 4 people SEFCOTEL B 24,,Tignes Val Claret,no,https://booking.tignes.net/studio-4-people-sefcotel-b-24-tignes-val-claret-center-sefcotelb24.html
Val d'Isère Réservation,ingenie-valdisere-3-rooms-2-bedrooms-aquila,3 rooms (2 bedrooms) - AQUILA,,Val d'Isère,no,https://booking.valdisere.com/3-rooms-2-bedrooms-aquila.html
Val d'Isère Réservation,ingenie-valdisere-3-rooms-2-bedrooms-bazile-2,3 rooms (2 bedrooms) - BAZILE 2,,Val d'Isère,no,https://booking.valdisere.com/3-rooms-2-bedrooms-bazile-2.html
Val d'Isère Réservation,ingenie-valdisere-3-rooms-roche-de-fours,3 rooms - ROCHE DE FOURS,,Val d'Isère,no,https://booking.valdisere.com/3-rooms-roche-de-fours-1.html
Val d'Isère Réservation,ingenie-valdisere-4-rooms-6-8-pers-nuitees-6-8-personnes,4 ROOMS (6/8 pers)-Nuitées (6/8 personnes),,Val d'Isère,no,https://booking.valdisere.com/4-rooms-6-8-pers-nuitees-6-8-personnes.html
Val d'Isère Réservation,ingenie-valdisere-4-rooms-6-8-pers-nuitees-ete-6-8-personnes,4 ROOMS (6/8 pers)-Nuitées Eté (6/8 personnes),,Val d'Isère,no,https://booking.valdisere.com/4-rooms-6-8-pers-nuitees-ete-6-8-personnes-1.html
Val d'Isère Réservation,ingenie-valdisere-4-rooms-6-8-pers-semaine-6-8-personnes-g-jardin-rit047,4 ROOMS (6/8 pers)-Semaine (6/8 personnes),,Val d'Isère,no,https://booking.valdisere.com/4-rooms-6-8-pers-semaine-6-8-personnes-1.html
Val d'Isère Réservation,ingenie-valdisere-4-rooms-6-8-pers-semaine-6-8-personnes,4 ROOMS (6/8 pers)-Semaine (6/8 personnes),,Val d'Isère,no,https://booking.valdisere.com/4-rooms-6-8-pers-semaine-6-8-personnes.html
Val d'Isère Réservation,ingenie-valdisere-4-rooms-6-8-pers-semaine-ete-6-8-personnes,4 ROOMS (6/8 pers)-Semaine Eté (6/8 personnes),,Val d'Isère,no,https://booking.valdisere.com/4-rooms-6-8-pers-semaine-ete-6-8-personnes-1.html
Val d'Isère Réservation,ingenie-valdisere-4-rooms-cabin-8-pers-nuitees-8-personnes,4 ROOMS CABIN (8 pers)-Nuitées (8 personnes),,Val d'Isère,no,https://booking.valdisere.com/4-rooms-cabin-8-pers-nuitees-8-personnes-1.html
Val d'Isère Réservation,ingenie-valdisere-4-rooms-cabin-8-pers-nuitees-ete-8-personnes,4 ROOMS CABIN (8 pers)-Nuitées Eté (8 personnes),,Val d'Isère,no,https://booking.valdisere.com/4-rooms-cabin-8-pers-nuitees-ete-8-personnes-1.html
Val d'Isère Réservation,ingenie-valdisere-4-rooms-cabin-8-pers-semaine-8-personnes-g-jardin-rit048,4 ROOMS CABIN (8 pers)-Semaine (8 personnes),,Val d'Isère,no,https://booking.valdisere.com/4-rooms-cabin-8-pers-semaine-8-personnes-1.html
Val d'Isère Réservation,ingenie-valdisere-4-rooms-cabin-8-pers-semaine-8-personnes,4 ROOMS CABIN (8 pers)-Semaine (8 personnes),,Val d'Isère,no,https://booking.valdisere.com/4-rooms-cabin-8-pers-semaine-8-personnes.html
Val d'Isère Réservation,ingenie-valdisere-4-rooms-cabin-8-pers-semaine-ete-8-personnes,4 ROOMS CABIN (8 pers)-Semaine Eté (8 personnes),,Val d'Isère,no,https://booking.valdisere.com/4-rooms-cabin-8-pers-semaine-ete-8-personnes-1.html
Val d'Isère Réservation,ingenie-valdisere-4-rooms-3-bedrooms-cacholet-1-etage-gauche,4 rooms (3 bedrooms) - CACHOLET - 1° ETAGE GAUCHE,,Val d'Isère,no,https://booking.valdisere.com/4-rooms-3-bedrooms-cacholet-1-etage-gauche.html
Val d'Isère Réservation,ingenie-valdisere-4-rooms-3-bedrooms-chalet-bosset,4 rooms (3 bedrooms) - CHALET BOSSET,,Val d'Isère,no,https://booking.valdisere.com/4-rooms-3-bedrooms-chalet-bosset.html
Val d'Isère Réservation,ingenie-valdisere-4-rooms-3-bedrooms-chalet-jardin-alpin-ii-bat-2-pkg-b-n74,4 rooms (3 bedrooms) - CHALET JARDIN ALPIN II - BAT 2 +PKG B N°74,,Val d'Isère,no,https://booking.valdisere.com/4-rooms-3-bedrooms-chalet-jardin-alpin-ii-bat-2-pkg-b-n74.html
Val d'Isère Réservation,ingenie-valdisere-4-rooms-3-bedrooms-chardon,4 rooms (3 bedrooms) - CHARDON,,Val d'Isère,no,https://booking.valdisere.com/4-rooms-3-bedrooms-chardon.html
Val d'Isère Réservation,ingenie-valdisere-4-rooms-3-bedrooms-ecrin-la-balme-cage-a,4 rooms (3 bedrooms) - ECRIN - LA BALME - CAGE A,,Val d'Isère,no,https://booking.valdisere.com/4-rooms-3-bedrooms-ecrin-la-balme-cage-a.html
Val d'Isère Réservation,ingenie-valdisere-4-rooms-3-bedrooms-escale,4 rooms (3 bedrooms) - ESCALE,,Val d'Isère,no,https://booking.valdisere.com/4-rooms-3-bedrooms-escale.html
Val d'Isère Réservation,ingenie-valdisere-4-rooms-3-bedrooms-fanal-1-etage-droite,4 rooms (3 bedrooms) - FANAL - 1° ÉTAGE DROITE,,Val d'Isère,no,https://booking.valdisere.com/4-rooms-3-bedrooms-fanal-1-etage-droite.html
Val d'Isère Réservation,ingenie-valdisere-4-rooms-3-bedrooms-ferme-du-vieux-clos-parking-n-3-et-4-casier,4 rooms (3 bedrooms) - FERME DU VIEUX CLOS - + PARKING N° 3 ET 4 - CASIER SKI N° 4,,Val d'Isère,no,https://booking.valdisere.com/4-rooms-3-bedrooms-ferme-du-vieux-clos-parking-n-3-et-4-casier-ski-n-4.html
Val d'Isère Réservation,ingenie-valdisere-4-rooms-3-bedrooms-grand-pre,4 rooms (3 bedrooms) - GRAND PRÉ,,Val d'Isère,no,https://booking.valdisere.com/4-rooms-3-bedrooms-grand-pre.html
Val d'Isère Réservation,ingenie-valdisere-4-rooms-3-bedrooms-grizzly,4 rooms (3 bedrooms) - GRIZZLY,,Val d'Isère,no,https://booking.valdisere.com/4-rooms-3-bedrooms-grizzly-1-1.html
Val d'Isère Réservation,ingenie-valdisere-4-rooms-3-bedrooms-isere-e-pkg-des-andes-2-2-n10-287,4 rooms (3 bedrooms) - ISÈRE - E + PKG DES ANDES-2/2 N°10/287,,Val d'Isère,no,https://booking.valdisere.com/4-rooms-3-bedrooms-isere-e-pkg-des-andes-2-2-n10-287.html
Val d'Isère Réservation,ingenie-valdisere-4-rooms-3-bedrooms-l-ecrin-a,4 rooms (3 bedrooms) - L'ÉCRIN - A,,Val d'Isère,no,https://booking.valdisere.com/4-rooms-3-bedrooms-l-ecrin-a.html
Val d'Isère Réservation,ingenie-valdisere-4-rooms-3-bedrooms-la-gelinotte-parking-couvert-n-1-la-canadie,4 rooms (3 bedrooms) - LA GELINOTTE - + Parking couvert N° 1 La Canadienne,,Val d'Isère,no,https://booking.valdisere.com/4-rooms-3-bedrooms-la-gelinotte-parking-couvert-n-1-la-canadienne.html
Val d'Isère Réservation,ingenie-valdisere-4-rooms-3-bedrooms-parking-andes-au-1-2-n331,4 rooms (3 bedrooms) - PARKING ANDES AU -1/2 N°331,,Val d'Isère,no,https://booking.valdisere.com/4-rooms-3-bedrooms-parking-andes-au-1-2-n331.html
Val d'Isère Réservation,ingenie-valdisere-4-rooms-3-bedrooms-persval,4 rooms (3 bedrooms) - PERSVAL,,Val d'Isère,no,https://booking.valdisere.com/4-rooms-3-bedrooms-persval.html
Val d'Isère Réservation,ingenie-valdisere-4-rooms-3-bedrooms-residence-myrtille,4 rooms (3 bedrooms) - RESIDENCE MYRTILLE,,Val d'Isère,no,https://booking.valdisere.com/4-rooms-3-bedrooms-residence-myrtille.html
Val d'Isère Réservation,ingenie-valdisere-4-rooms-3-bedrooms-residence-savoie,4 rooms (3 bedrooms) - RESIDENCE SAVOIE,,Val d'Isère,no,https://booking.valdisere.com/4-rooms-3-bedrooms-residence-savoie-1.html
Val d'Isère Réservation,ingenie-valdisere-4-rooms-3-bedrooms-residence-savoie-g-cimalpes-savoie21,4 rooms (3 bedrooms) - RESIDENCE SAVOIE,,Val d'Isère,no,https://booking.valdisere.com/4-rooms-3-bedrooms-residence-savoie.html
Val d'Isère Réservation,ingenie-valdisere-4-rooms-3-bedrooms-rond-point-des-pistes-iii,4 rooms (3 bedrooms) - ROND-POINT DES PISTES III,,Val d'Isère,no,https://booking.valdisere.com/4-rooms-3-bedrooms-rond-point-des-pistes-iii.html
Val d'Isère Réservation,ingenie-valdisere-4-rooms-3-bedrooms-turios-2-ski-n-01-garage-n01-2-sous-sol,4 rooms (3 bedrooms) - TURIOS 2 - Ski N° 01 - Garage N°01 - 2° Sous-sol,,Val d'Isère,no,https://booking.valdisere.com/4-rooms-3-bedrooms-turios-2-ski-n-01-garage-n01-2-sous-sol.html
Val d'Isère Réservation,ingenie-valdisere-4-rooms-3-bedrooms-turios-2-ski-n-22-garage-n22-2-sous-sol,4 rooms (3 bedrooms) - TURIOS 2 - Ski N° 22 - Garage N°22 - 2° Sous-sol,,Val d'Isère,no,https://booking.valdisere.com/4-rooms-3-bedrooms-turios-2-ski-n-22-garage-n22-2-sous-sol.html
Val d'Isère Réservation,ingenie-valdisere-4-rooms-3-bedrooms-telemark-casier-a-ski-etage-1,4 rooms (3 bedrooms) - TÉLÉMARK - CASIER A SKI ETAGE -1,,Val d'Isère,no,https://booking.valdisere.com/4-rooms-3-bedrooms-telemark-casier-a-ski-etage-1.html
Val d'Isère Réservation,ingenie-valdisere-4-rooms-chalet-de-bellevarde,4 rooms - CHALET DE BELLEVARDE,,Val d'Isère,no,https://booking.valdisere.com/4-rooms-chalet-de-bellevarde.html
Val d'Isère Réservation,ingenie-valdisere-4-rooms-chalet-de-bellevarde-g-sweethomes-vich10b,4 rooms - CHALET DE BELLEVARDE,,Val d'Isère,no,https://booking.valdisere.com/4-rooms-chalet-de-bellevarde-1.html
Val d'Isère Réservation,ingenie-valdisere-4-rooms-myrtilles-appartement-21,4 rooms - MYRTILLES - Appartement 21,,Val d'Isère,no,https://booking.valdisere.com/4-rooms-myrtilles-appartement-21.html
Val d'Isère Réservation,ingenie-valdisere-4-rooms-rond-point-des-pistes,4 rooms - ROND POINT DES PISTES,,Val d'Isère,no,https://booking.valdisere.com/4-rooms-rond-point-des-pistes.html
Val d'Isère Réservation,ingenie-valdisere-5-rooms-8-10-pers-nuitees-8-10-personnes,5 ROOMS (8/10 pers)-Nuitées (8/10 personnes),,Val d'Isère,no,https://booking.valdisere.com/5-rooms-8-10-pers-nuitees-8-10-personnes.html
Val d'Isère Réservation,ingenie-valdisere-5-rooms-8-10-pers-nuitees-ete-8-10-personnes,5 ROOMS (8/10 pers)-Nuitées Eté (8/10 personnes),,Val d'Isère,no,https://booking.valdisere.com/5-rooms-8-10-pers-nuitees-ete-8-10-personnes-1.html
Val d'Isère Réservation,ingenie-valdisere-5-rooms-8-10-pers-semaine-8-10-personnes,5 ROOMS (8/10 pers)-Semaine (8/10 personnes),,Val d'Isère,no,https://booking.valdisere.com/5-rooms-8-10-pers-semaine-8-10-personnes-1.html
Val d'Isère Réservation,ingenie-valdisere-5-rooms-8-10-pers-semaine-8-10-personnes-g-jardin-rit026,5 ROOMS (8/10 pers)-Semaine (8/10 personnes),,Val d'Isère,no,https://booking.valdisere.com/5-rooms-8-10-pers-semaine-8-10-personnes.html
Val d'Isère Réservation,ingenie-valdisere-5-rooms-8-10-pers-semaine-ete-8-10-personnes,5 ROOMS (8/10 pers)-Semaine Eté (8/10 personnes),,Val d'Isère,no,https://booking.valdisere.com/5-rooms-8-10-pers-semaine-ete-8-10-personnes-1.html
Val d'Isère Réservation,ingenie-valdisere-5-rooms-4-bedrooms-agathe-carats-g-valagence-a4692,5 rooms (4 bedrooms) - AGATHE - CARATS,,Val d'Isère,no,https://booking.valdisere.com/5-rooms-4-bedrooms-agathe-carats.html
Val d'Isère Réservation,ingenie-valdisere-5-rooms-4-bedrooms-agathe-carats,5 rooms (4 bedrooms) - AGATHE - CARATS,,Val d'Isère,no,https://booking.valdisere.com/5-pieces-5-pieces-cabine-agathe-carats.html
Val d'Isère Réservation,ingenie-valdisere-5-rooms-4-bedrooms-aquila-pkg-n-2034-2035-casier-n-31,5 rooms (4 bedrooms) - AQUILA - PKG N° 2034+2035 +CASIER N° 31,,Val d'Isère,no,https://booking.valdisere.com/5-rooms-4-bedrooms-aquila-pkg-n-2034-2035-casier-n-31.html
Val d'Isère Réservation,ingenie-valdisere-5-rooms-4-bedrooms-arolles,5 rooms (4 bedrooms) - AROLLES,,Val d'Isère,no,https://booking.valdisere.com/5-rooms-4-bedrooms-arolles.html
Val d'Isère Réservation,ingenie-valdisere-5-rooms-4-bedrooms-aster-parking-du-cret,5 rooms (4 bedrooms) - ASTER - + Parking du Crêt,,Val d'Isère,no,https://booking.valdisere.com/5-rooms-4-bedrooms-aster-parking-du-cret.html
Val d'Isère Réservation,ingenie-valdisere-5-rooms-4-bedrooms-azerole,5 rooms (4 bedrooms) - AZEROLE,,Val d'Isère,no,https://booking.valdisere.com/5-rooms-4-bedrooms-azerole.html
Val d'Isère Réservation,ingenie-valdisere-5-rooms-4-bedrooms-bergerie-chardon-bergerie,5 rooms (4 bedrooms) - BERGERIE - CHARDON - Bergerie,,Val d'Isère,no,https://booking.valdisere.com/5-rooms-4-bedrooms-bergerie-chardon-bergerie.html
Val d'Isère Réservation,ingenie-valdisere-5-rooms-4-bedrooms-casiers-a-ski-62-63-64-pkg-355-les-andes-1-,5 rooms (4 bedrooms) - CASIERS A SKI 62-63-64 + PKG 355 LES ANDES +1/2,,Val d'Isère,no,https://booking.valdisere.com/5-rooms-4-bedrooms-casiers-a-ski-62-63-64-pkg-355-les-andes-1-2.html
Val d'Isère Réservation,ingenie-valdisere-5-rooms-4-bedrooms-chalet-bazile-2,5 rooms (4 bedrooms) - CHALET BAZILE 2,,Val d'Isère,no,https://booking.valdisere.com/5-rooms-4-bedrooms-chalet-bazile-2.html
Val d'Isère Réservation,ingenie-valdisere-5-rooms-4-bedrooms-chalet-jardin-alpin-ii-bat-b-pkg-b-58-59,5 rooms (4 bedrooms) - CHALET JARDIN ALPIN II - BAT B + PKG B 58 + 59,,Val d'Isère,no,https://booking.valdisere.com/5-rooms-4-bedrooms-chalet-jardin-alpin-ii-bat-b-pkg-b-58-59.html
Val d'Isère Réservation,ingenie-valdisere-5-rooms-4-bedrooms-chalet-nivis-garage,5 rooms (4 bedrooms) - CHALET NIVIS - + Garage,,Val d'Isère,no,https://booking.valdisere.com/5-rooms-4-bedrooms-chalet-nivis-garage.html
Val d'Isère Réservation,ingenie-valdisere-5-rooms-4-bedrooms-chalet-oree,5 rooms (4 bedrooms) - CHALET OREE,,Val d'Isère,no,https://booking.valdisere.com/5-rooms-4-bedrooms-chalet-oree.html
Val d'Isère Réservation,ingenie-valdisere-5-rooms-4-bedrooms-chalet-sur-le-toit-casier-a-skis-en-sous-so,5 rooms (4 bedrooms) - CHALET SUR LE TOIT - CASIER A SKIS + EN SOUS-SOL 1 SKI ROOM AVEC CHAUFFE CHAUSSURE,,Val d'Isère,no,https://booking.valdisere.com/5-rooms-4-bedrooms-chalet-sur-le-toit-casier-a-skis-en-sous-sol-1-ski-room-avec-chauffe-chaussure.html
Val d'Isère Réservation,ingenie-valdisere-5-rooms-4-bedrooms-chalets-de-bellevarde,5 rooms (4 bedrooms) - CHALETS DE BELLEVARDE,,Val d'Isère,no,https://booking.valdisere.com/5-rooms-4-bedrooms-chalets-de-bellevarde.html
Val d'Isère Réservation,ingenie-valdisere-5-rooms-4-bedrooms-chardon,5 rooms (4 bedrooms) - CHARDON,,Val d'Isère,no,https://booking.valdisere.com/5-rooms-4-bedrooms-chardon.html
Val d'Isère Réservation,ingenie-valdisere-5-rooms-4-bedrooms-coeur-de-val-pkg-n-3-en-sous-sol,5 rooms (4 bedrooms) - COEUR DE VAL - + PKG N° 3 EN SOUS-SOL,,Val d'Isère,no,https://booking.valdisere.com/5-rooms-4-bedrooms-coeur-de-val-pkg-n-3-en-sous-sol.html
Val d'Isère Réservation,ingenie-valdisere-5-rooms-4-bedrooms-coeur-de-val-pkg-couvert-n4-en-sous-sol,5 rooms (4 bedrooms) - COEUR DE VAL - PKG COUVERT N°4 EN SOUS-SOL,,Val d'Isère,no,https://booking.valdisere.com/5-rooms-4-bedrooms-coeur-de-val-pkg-couvert-n4-en-sous-sol.html
Val d'Isère Réservation,ingenie-valdisere-5-rooms-4-bedrooms-cret-2-cage-a,5 rooms (4 bedrooms) - CRET 2 - CAGE A,,Val d'Isère,no,https://booking.valdisere.com/5-rooms-4-bedrooms-cret-2-cage-a.html
Val d'Isère Réservation,ingenie-valdisere-5-rooms-4-bedrooms-crocus,5 rooms (4 bedrooms) - CROCUS,,Val d'Isère,no,https://booking.valdisere.com/5-rooms-4-bedrooms-crocus.html
Val d'Isère Réservation,ingenie-valdisere-5-rooms-4-bedrooms-dalva-2-pkg-couvert,5 rooms (4 bedrooms) - DALVA - 2 PKG COUVERT,,Val d'Isère,no,https://booking.valdisere.com/5-rooms-4-bedrooms-dalva-2-pkg-couvert.html
Val d'Isère Réservation,ingenie-valdisere-5-rooms-4-bedrooms-ecrin-la-balme-cage-a,5 rooms (4 bedrooms) - ECRIN - LA BALME - CAGE A,,Val d'Isère,no,https://booking.valdisere.com/5-rooms-4-bedrooms-ecrin-la-balme-cage-a-1.html
Val d'Isère Réservation,ingenie-valdisere-5-rooms-4-bedrooms-ecrin-la-balme-cage-b,5 rooms (4 bedrooms) - ECRIN - LA BALME - Cage B,,Val d'Isère,no,https://booking.valdisere.com/5-rooms-4-bedrooms-ecrin-la-balme-cage-b.html
Val d'Isère Réservation,ingenie-valdisere-5-rooms-4-bedrooms-foret-parking,5 rooms (4 bedrooms) - FORÊT - + Parking,,Val d'Isère,no,https://booking.valdisere.com/5-rooms-4-bedrooms-foret-parking.html
Val d'Isère Réservation,ingenie-valdisere-5-rooms-4-bedrooms-gentianes-a-droite-porte-a-cote-de-l-escali,5 rooms (4 bedrooms) - GENTIANES - A DROITE PORTE A COTE DE L'ESCALIER + GARAGE FERME : 2 PLACES,,Val d'Isère,no,https://booking.valdisere.com/5-rooms-4-bedrooms-gentianes-a-droite-porte-a-cote-de-l-escalier-garage-ferme-2-places.html
Val d'Isère Réservation,ingenie-valdisere-5-rooms-4-bedrooms-grand-cocor,5 rooms (4 bedrooms) - GRAND COCOR,,Val d'Isère,no,https://booking.valdisere.com/5-rooms-4-bedrooms-grand-cocor-1.html
Val d'Isère Réservation,ingenie-valdisere-5-rooms-4-bedrooms-grand-cocor-parking-des-andes-229-3-2,5 rooms (4 bedrooms) - GRAND COCOR - + Parking des Andes 229 -3/2,,Val d'Isère,no,https://booking.valdisere.com/5-rooms-4-bedrooms-grand-cocor-parking-des-andes-229-3-2.html
Val d'Isère Réservation,ingenie-valdisere-5-rooms-4-bedrooms-grand-tetras-chatelard-pkg-couvert-n39-gara,5 rooms (4 bedrooms) - GRAND TETRAS - CHATELARD - PKG COUVERT N°39-GARAGE A,,Val d'Isère,no,https://booking.valdisere.com/5-rooms-4-bedrooms-grand-tetras-chatelard-pkg-couvert-n39-garage-a.html
Val d'Isère Réservation,ingenie-valdisere-5-rooms-4-bedrooms-grizzly,5 rooms (4 bedrooms) - GRIZZLY,,Val d'Isère,no,https://booking.valdisere.com/5-rooms-4-bedrooms-grizzly.html
Val d'Isère Réservation,ingenie-valdisere-5-rooms-4-bedrooms-hauts-de-val-cage-c-casier-n-72-73-cage-c,5 rooms (4 bedrooms) - HAUTS DE VAL - CAGE C -- Casier N° 72 + 73 cage C,,Val d'Isère,no,https://booking.valdisere.com/5-rooms-4-bedrooms-hauts-de-val-cage-c-casier-n-72-73-cage-c.html
Val d'Isère Réservation,ingenie-valdisere-5-rooms-4-bedrooms-jade-carats,5 rooms (4 bedrooms) - JADE - CARATS,,Val d'Isère,no,https://booking.valdisere.com/5-rooms-4-bedrooms-jade-carats.html
Val d'Isère Réservation,ingenie-valdisere-5-rooms-4-bedrooms-l-ecrin-g-cimalpes-ecrinb501,5 rooms (4 bedrooms) - L'ÉCRIN,,Val d'Isère,no,https://booking.valdisere.com/5-rooms-4-bedrooms-l-ecrin-1.html
Val d'Isère Réservation,ingenie-valdisere-5-rooms-4-bedrooms-l-ecrin-g-cimalpes-ecrina202,5 rooms (4 bedrooms) - L'ÉCRIN,,Val d'Isère,no,https://booking.valdisere.com/5-rooms-4-bedrooms-l-ecrin.html
Val d'Isère Réservation,ingenie-valdisere-5-rooms-4-bedrooms-l-ecrin,5 rooms (4 bedrooms) - L'ÉCRIN,,Val d'Isère,no,https://booking.valdisere.com/5-rooms-4-bedrooms-l-ecrin-1-1.html
Val d'Isère Réservation,ingenie-valdisere-5-rooms-4-bedrooms-l-ecrin-a,5 rooms (4 bedrooms) - L'ÉCRIN - A,,Val d'Isère,no,https://booking.valdisere.com/5-rooms-4-bedrooms-l-ecrin-a-1.html
Val d'Isère Réservation,ingenie-valdisere-5-rooms-4-bedrooms-l-ecrin-a-g-cimalpes-ecrina401,5 rooms (4 bedrooms) - L'ÉCRIN - A,,Val d'Isère,no,https://booking.valdisere.com/5-rooms-4-bedrooms-l-ecrin-a.html
Val d'Isère Réservation,ingenie-valdisere-5-rooms-4-bedrooms-la-tapia,5 rooms (4 bedrooms) - LA TAPIA,,Val d'Isère,no,https://booking.valdisere.com/5-rooms-4-bedrooms-la-tapia.html
Val d'Isère Réservation,ingenie-valdisere-5-rooms-4-bedrooms-le-parc-1,5 rooms (4 bedrooms) - LE PARC - 1,,Val d'Isère,no,https://booking.valdisere.com/5-rooms-4-bedrooms-le-parc-1.html
Val d'Isère Réservation,ingenie-valdisere-5-rooms-4-bedrooms-leissieres,5 rooms (4 bedrooms) - LEISSIERES,,Val d'Isère,no,https://booking.valdisere.com/5-rooms-4-bedrooms-leissieres.html
Val d'Isère Réservation,ingenie-valdisere-5-rooms-4-bedrooms-les-arolles,5 rooms (4 bedrooms) - LES AROLLES,,Val d'Isère,no,https://booking.valdisere.com/5-rooms-4-bedrooms-les-arolles.html
Val d'Isère Réservation,ingenie-valdisere-5-rooms-4-bedrooms-les-bosses,5 rooms (4 bedrooms) - LES BOSSES,,Val d'Isère,no,https://booking.valdisere.com/5-rooms-4-bedrooms-les-bosses.html
Val d'Isère Réservation,ingenie-valdisere-5-rooms-4-bedrooms-petit-alaska-g-cimalpes-alaska202,5 rooms (4 bedrooms) - PETIT ALASKA,,Val d'Isère,no,https://booking.valdisere.com/5-rooms-4-bedrooms-petit-alaska-1.html
Val d'Isère Réservation,ingenie-valdisere-5-rooms-4-bedrooms-petit-alaska,5 rooms (4 bedrooms) - PETIT ALASKA,,Val d'Isère,no,https://booking.valdisere.com/5-rooms-4-bedrooms-petit-alaska.html
Val d'Isère Réservation,ingenie-valdisere-5-rooms-4-bedrooms-pierra-menta-parking-rdc-n-25,5 rooms (4 bedrooms) - PIERRA MENTA - + PARKING RDC N° 25,,Val d'Isère,yes,https://booking.valdisere.com/5-rooms-4-bedrooms-pierra-menta-parking-rdc-n-25.html
Val d'Isère Réservation,ingenie-valdisere-5-rooms-4-bedrooms-plein-sud-casier-a-ski-n24,5 rooms (4 bedrooms) - PLEIN SUD - Casier à ski N°24,,Val d'Isère,no,https://booking.valdisere.com/5-rooms-4-bedrooms-plein-sud-casier-a-ski-n24.html
Val d'Isère Réservation,ingenie-valdisere-5-rooms-4-bedrooms-prariond,5 rooms (4 bedrooms) - PRARIOND,,Val d'Isère,no,https://booking.valdisere.com/5-rooms-4-bedrooms-prariond.html
Val d'Isère Réservation,ingenie-valdisere-5-rooms-4-bedrooms-praz-de-la-legettaz-a-batiment-a,5 rooms (4 bedrooms) - PRAZ DE LA LEGETTAZ A - BATIMENT A,,Val d'Isère,no,https://booking.valdisere.com/5-rooms-4-bedrooms-praz-de-la-legettaz-a-batiment-a.html
Val d'Isère Réservation,ingenie-valdisere-5-rooms-4-bedrooms-praz-de-la-legettaz-danaides-parking-15-16-,5 rooms (4 bedrooms) - PRAZ DE LA LEGETTAZ DANAIDES - + Parking 15/16/17 3 places,,Val d'Isère,no,https://booking.valdisere.com/5-rooms-4-bedrooms-praz-de-la-legettaz-danaides-parking-15-16-17-3-places.html
Val d'Isère Réservation,ingenie-valdisere-5-rooms-4-bedrooms-residence-bartavelles,5 rooms (4 bedrooms) - RESIDENCE BARTAVELLES,,Val d'Isère,no,https://booking.valdisere.com/5-rooms-4-bedrooms-residence-bartavelles.html
Val d'Isère Réservation,ingenie-valdisere-5-rooms-4-bedrooms-residence-cygnaski-b,5 rooms (4 bedrooms) - RESIDENCE CYGNASKI B,,Val d'Isère,no,https://booking.valdisere.com/5-rooms-4-bedrooms-residence-cygnaski-b.html
Val d'Isère Réservation,ingenie-valdisere-5-rooms-4-bedrooms-residence-glaciers,5 rooms (4 bedrooms) - RESIDENCE GLACIERS,,Val d'Isère,no,https://booking.valdisere.com/5-rooms-4-bedrooms-residence-glaciers.html
Val d'Isère Réservation,ingenie-valdisere-5-rooms-4-bedrooms-residence-grand-paradis,5 rooms (4 bedrooms) - RESIDENCE GRAND-PARADIS,,Val d'Isère,no,https://booking.valdisere.com/5-rooms-4-bedrooms-residence-grand-paradis.html
Val d'Isère Réservation,ingenie-valdisere-5-rooms-4-bedrooms-residence-l-aiglon,5 rooms (4 bedrooms) - RESIDENCE L'AIGLON,,Val d'Isère,no,https://booking.valdisere.com/5-rooms-4-bedrooms-residence-l-aiglon.html
Val d'Isère Réservation,ingenie-valdisere-5-rooms-4-bedrooms-residence-la-canadienne-g-cimalpes-can008,5 rooms (4 bedrooms) - RESIDENCE LA CANADIENNE,,Val d'Isère,no,https://booking.valdisere.com/5-rooms-4-bedrooms-residence-la-canadienne-1-1.html
Val d'Isère Réservation,ingenie-valdisere-5-rooms-4-bedrooms-residence-la-canadienne-g-cimalpes-can002,5 rooms (4 bedrooms) - RESIDENCE LA CANADIENNE,,Val d'Isère,no,https://booking.valdisere.com/5-rooms-4-bedrooms-residence-la-canadienne.html
Val d'Isère Réservation,ingenie-valdisere-5-rooms-4-bedrooms-residence-la-canadienne,5 rooms (4 bedrooms) - RESIDENCE LA CANADIENNE,,Val d'Isère,no,https://booking.valdisere.com/5-rooms-4-bedrooms-residence-la-canadienne-1.html
Val d'Isère Réservation,ingenie-valdisere-5-rooms-4-bedrooms-residence-la-canadienne-g-cimalpes-caribou,5 rooms (4 bedrooms) - RESIDENCE LA CANADIENNE,,Val d'Isère,no,https://booking.valdisere.com/5-rooms-4-bedrooms-residence-la-canadienne-1-1-1-1.html
Val d'Isère Réservation,ingenie-valdisere-5-rooms-4-bedrooms-residence-la-canadienne-g-cimalpes-can009,5 rooms (4 bedrooms) - RESIDENCE LA CANADIENNE,,Val d'Isère,no,https://booking.valdisere.com/5-rooms-4-bedrooms-residence-la-canadienne-1-1-1.html
Val d'Isère Réservation,ingenie-valdisere-5-rooms-4-bedrooms-residence-la-foret,5 rooms (4 bedrooms) - RESIDENCE LA FORET,,Val d'Isère,no,https://booking.valdisere.com/5-rooms-4-bedrooms-residence-la-foret.html
Val d'Isère Réservation,ingenie-valdisere-5-rooms-4-bedrooms-residence-myrtille,5 rooms (4 bedrooms) - RESIDENCE MYRTILLE,,Val d'Isère,no,https://booking.valdisere.com/5-rooms-4-bedrooms-residence-myrtille.html
Val d'Isère Réservation,ingenie-valdisere-5-rooms-4-bedrooms-residence-savoie-g-cimalpes-savoie43,5 rooms (4 bedrooms) - RESIDENCE SAVOIE,,Val d'Isère,no,https://booking.valdisere.com/5-rooms-4-bedrooms-residence-savoie-1-1.html
Val d'Isère Réservation,ingenie-valdisere-5-rooms-4-bedrooms-residence-savoie,5 rooms (4 bedrooms) - RESIDENCE SAVOIE,,Val d'Isère,no,https://booking.valdisere.com/5-rooms-4-bedrooms-residence-savoie-1.html
Val d'Isère Réservation,ingenie-valdisere-5-rooms-4-bedrooms-residence-savoie-g-cimalpes-savoie33,5 rooms (4 bedrooms) - RESIDENCE SAVOIE,,Val d'Isère,no,https://booking.valdisere.com/5-rooms-4-bedrooms-residence-savoie-1-1-1-1.html
Val d'Isère Réservation,ingenie-valdisere-5-rooms-4-bedrooms-residence-solaise-plein-sud,5 rooms (4 bedrooms) - RESIDENCE SOLAISE PLEIN SUD,,Val d'Isère,no,https://booking.valdisere.com/5-rooms-4-bedrooms-residence-solaise-plein-sud-1.html
Val d'Isère Réservation,ingenie-valdisere-5-rooms-4-bedrooms-residence-valcoeur-garage,5 rooms (4 bedrooms) - RESIDENCE VALCOEUR + Garage,,Val d'Isère,no,https://booking.valdisere.com/5-rooms-4-bedrooms-residence-valcoeur-garage.html
Val d'Isère Réservation,ingenie-valdisere-5-rooms-4-bedrooms-rogoney-aliet-bat-a,5 rooms (4 bedrooms) - ROGONEY ALIET - BAT A,,Val d'Isère,no,https://booking.valdisere.com/5-rooms-4-bedrooms-rogoney-aliet-bat-a.html
Val d'Isère Réservation,ingenie-valdisere-5-rooms-4-bedrooms-rogoney-bleuets-batiment-b-casiers-a-ski-b2,5 rooms (4 bedrooms) - ROGONEY BLEUETS - BATIMENT B - CASIERS A SKI B21 et 2,,Val d'Isère,no,https://booking.valdisere.com/5-rooms-4-bedrooms-rogoney-bleuets-batiment-b-casiers-a-ski-b21-et-2.html
Val d'Isère Réservation,ingenie-valdisere-5-rooms-4-bedrooms-rond-point-des-pistes-i,5 rooms (4 bedrooms) - ROND-POINT DES PISTES I,,Val d'Isère,no,https://booking.valdisere.com/5-rooms-4-bedrooms-rond-point-des-pistes-i.html
Val d'Isère Réservation,ingenie-valdisere-5-rooms-4-bedrooms-sorbiers-g-valagence-a2088,5 rooms (4 bedrooms) - SORBIERS,,Val d'Isère,no,https://booking.valdisere.com/5-rooms-4-bedrooms-sorbiers.html
Val d'Isère Réservation,ingenie-valdisere-5-rooms-4-bedrooms-sorbiers,5 rooms (4 bedrooms) - SORBIERS,,Val d'Isère,no,https://booking.valdisere.com/5-rooms-4-bedrooms-sorbiers-1-1.html
Val d'Isère Réservation,ingenie-valdisere-5-rooms-aiglon-appartement-9-g-sweethomes-via9,5 rooms - AIGLON - Appartement 9,,Val d'Isère,no,https://booking.valdisere.com/5-rooms-aiglon-appartement-9-1.html
Val d'Isère Réservation,ingenie-valdisere-5-rooms-aiglon-appartement-9,5 rooms - AIGLON - Appartement 9,,Val d'Isère,no,https://booking.valdisere.com/5-rooms-aiglon-appartement-9.html
Val d'Isère Réservation,ingenie-valdisere-5-rooms-chalet-bazile-g-sweethomes-vicloch,5 rooms - CHALET BAZILE,,Val d'Isère,no,https://booking.valdisere.com/5-rooms-chalet-bazile-1.html
Val d'Isère Réservation,ingenie-valdisere-5-rooms-chalet-bazile,5 rooms - CHALET BAZILE,,Val d'Isère,no,https://booking.valdisere.com/5-rooms-chalet-bazile.html
Val d'Isère Réservation,ingenie-valdisere-5-rooms-chalet-de-bellevarde,5 rooms - CHALET DE BELLEVARDE,,Val d'Isère,no,https://booking.valdisere.com/5-rooms-chalet-de-bellevarde-1-1.html
Val d'Isère Réservation,ingenie-valdisere-5-rooms-chalet-de-bellevarde-g-chalettime-vich4b,5 rooms - CHALET DE BELLEVARDE,,Val d'Isère,no,https://booking.valdisere.com/5-rooms-chalet-de-bellevarde.html
Val d'Isère Réservation,ingenie-valdisere-5-rooms-les-chalets-de-solaise,5 rooms - LES CHALETS DE SOLAISE,,Val d'Isère,no,https://booking.valdisere.com/5-rooms-les-chalets-de-solaise.html
Val d'Isère Réservation,ingenie-valdisere-5-rooms-les-chalets-de-solaise-g-sweethomes-chsol5,5 rooms - LES CHALETS DE SOLAISE,,Val d'Isère,no,https://booking.valdisere.com/5-rooms-les-chalets-de-solaise-1.html
Val d'Isère Réservation,ingenie-valdisere-5-rooms-les-santons,5 rooms - LES SANTONS,,Val d'Isère,no,https://booking.valdisere.com/5-rooms-les-santons.html
Val d'Isère Réservation,ingenie-valdisere-5-rooms-rond-point-des-pistes-3,5 rooms - ROND POINT DES PISTES 3,,Val d'Isère,no,https://booking.valdisere.com/5-rooms-rond-point-des-pistes-3-1.html
Val d'Isère Réservation,ingenie-valdisere-5-rooms-turios-2-g-sweethomes-vitu22,5 rooms - TURIOS 2,,Val d'Isère,no,https://booking.valdisere.com/5-rooms-turios-2-1.html
Val d'Isère Réservation,ingenie-valdisere-5-rooms-turios-2,5 rooms - TURIOS 2,,Val d'Isère,no,https://booking.valdisere.com/5-rooms-turios-2.html
Val d'Isère Réservation,ingenie-valdisere-5-rooms-val-d-isere-village-appartement-305-g-sweethomes-vivvp305,5 rooms - VAL D'ISERE VILLAGE - Appartement 305,,Val d'Isère,no,https://booking.valdisere.com/5-rooms-val-d-isere-village-appartement-305-1.html
Val d'Isère Réservation,ingenie-valdisere-5-rooms-val-d-isere-village-appartement-305,5 rooms - VAL D'ISERE VILLAGE - Appartement 305,,Val d'Isère,no,https://booking.valdisere.com/5-rooms-val-d-isere-village-appartement-305.html
Val d'Isère Réservation,ingenie-valdisere-5-rooms-val-d-isere-village-appartement-408,5 rooms - VAL D'ISERE VILLAGE - Appartement 408,,Val d'Isère,no,https://booking.valdisere.com/5-rooms-val-d-isere-village-appartement-408-1.html
Val d'Isère Réservation,ingenie-valdisere-5-rooms-val-d-isere-village-appartement-408-g-chalettime-vivvs408,5 rooms - VAL D'ISERE VILLAGE - Appartement 408,,Val d'Isère,no,https://booking.valdisere.com/5-rooms-val-d-isere-village-appartement-408.html
Val d'Isère Réservation,ingenie-valdisere-5-rooms-val-d-isere-village-c-entree-neptune,5 rooms - VAL D'ISERE VILLAGE C - Entrée Neptune,,Val d'Isère,no,https://booking.valdisere.com/5-rooms-val-d-isere-village-c-entree-neptune.html
Val d'Isère Réservation,ingenie-valdisere-6-rooms-10-12-pers-nuitees-10-12-personnes,6 ROOMS (10/12 pers)-Nuitées (10/12 personnes),,Val d'Isère,no,https://booking.valdisere.com/6-rooms-10-12-pers-nuitees-10-12-personnes-1.html
Val d'Isère Réservation,ingenie-valdisere-6-rooms-10-12-pers-nuitees-ete-10-12-personnes,6 ROOMS (10/12 pers)-Nuitées Eté (10/12 personnes),,Val d'Isère,no,https://booking.valdisere.com/6-rooms-10-12-pers-nuitees-ete-10-12-personnes-1.html
Val d'Isère Réservation,ingenie-valdisere-6-rooms-10-12-pers-semaine-10-12-personnes,6 ROOMS (10/12 pers)-Semaine (10/12 personnes),,Val d'Isère,no,https://booking.valdisere.com/6-rooms-10-12-pers-semaine-10-12-personnes.html
Val d'Isère Réservation,ingenie-valdisere-6-rooms-10-12-pers-semaine-ete-10-12-personnes,6 ROOMS (10/12 pers)-Semaine Eté (10/12 personnes),,Val d'Isère,no,https://booking.valdisere.com/6-rooms-10-12-pers-semaine-ete-10-12-personnes-1.html
Val d'Isère Réservation,ingenie-valdisere-6-rooms-5-bedrooms-andes-2-casiers-a-skis-41-et-42,6 rooms (5 bedrooms) - ANDES - 2 CASIERS A SKIS 41 ET 42,,Val d'Isère,no,https://booking.valdisere.com/6-rooms-5-bedrooms-andes-2-casiers-a-skis-41-et-42.html
Val d'Isère Réservation,ingenie-valdisere-6-rooms-5-bedrooms-bazile-2,6 rooms (5 bedrooms) - BAZILE 2,,Val d'Isère,no,https://booking.valdisere.com/6-rooms-5-bedrooms-bazile-2.html
Val d'Isère Réservation,ingenie-valdisere-6-rooms-5-bedrooms-chardon,6 rooms (5 bedrooms) - CHARDON,,Val d'Isère,no,https://booking.valdisere.com/6-rooms-5-bedrooms-chardon.html
Val d'Isère Réservation,ingenie-valdisere-6-rooms-5-bedrooms-falaise-garage-n-1,6 rooms (5 bedrooms) - FALAISE - Garage N° 1,,Val d'Isère,no,https://booking.valdisere.com/6-rooms-5-bedrooms-falaise-garage-n-1.html
Val d'Isère Réservation,ingenie-valdisere-6-rooms-5-bedrooms-la-gelinotte,6 rooms (5 bedrooms) - LA GELINOTTE,,Val d'Isère,no,https://booking.valdisere.com/6-rooms-5-bedrooms-la-gelinotte.html
Val d'Isère Réservation,ingenie-valdisere-6-rooms-5-bedrooms-ottawa,6 rooms (5 bedrooms) - OTTAWA,,Val d'Isère,no,https://booking.valdisere.com/6-rooms-5-bedrooms-ottawa.html
Val d'Isère Réservation,ingenie-valdisere-6-rooms-5-bedrooms-prariond,6 rooms (5 bedrooms) - PRARIOND,,Val d'Isère,no,https://booking.valdisere.com/6-rooms-5-bedrooms-prariond.html
Val d'Isère Réservation,ingenie-valdisere-6-rooms-5-bedrooms-residence-savoie-g-cimalpes-savoie52,6 rooms (5 bedrooms) - RESIDENCE SAVOIE,,Val d'Isère,no,https://booking.valdisere.com/6-rooms-5-bedrooms-residence-savoie-1.html
Val d'Isère Réservation,ingenie-valdisere-6-rooms-5-bedrooms-residence-savoie,6 rooms (5 bedrooms) - RESIDENCE SAVOIE,,Val d'Isère,no,https://booking.valdisere.com/6-rooms-5-bedrooms-residence-savoie.html
Val d'Isère Réservation,ingenie-valdisere-6-rooms-5-bedrooms-savoie-garage-double-n-41,6 rooms (5 bedrooms) - SAVOIE - Garage double N° 41,,Val d'Isère,no,https://booking.valdisere.com/6-rooms-5-bedrooms-savoie-garage-double-n-41.html
Val d'Isère Réservation,ingenie-valdisere-6-rooms-5-bedrooms-telemark-casier-a-ski-1-pkg-viv,6 rooms (5 bedrooms) - TÉLÉMARK - CASIER A SKI -1 + PKG VIV,,Val d'Isère,no,https://booking.valdisere.com/6-rooms-5-bedrooms-telemark-casier-a-ski-1-pkg-viv.html
Val d'Isère Réservation,ingenie-valdisere-6-rooms-chalet-bazile,6 rooms - CHALET BAZILE,,Val d'Isère,no,https://booking.valdisere.com/6-rooms-chalet-bazile-1.html
Val d'Isère Réservation,ingenie-valdisere-6-rooms-chalet-bazile-g-chalettime-viclem,6 rooms - CHALET BAZILE,,Val d'Isère,no,https://booking.valdisere.com/6-rooms-chalet-bazile.html
Val d'Isère Réservation,ingenie-valdisere-6-rooms-kilimandjaro-appartement-1,6 rooms - KILIMANDJARO - Appartement 1,,Val d'Isère,no,https://booking.valdisere.com/6-rooms-kilimandjaro-appartement-1-1.html
Val d'Isère Réservation,ingenie-valdisere-6-rooms-kilimandjaro-appartement-1-g-chalettime-vikil1,6 rooms - KILIMANDJARO - Appartement 1,,Val d'Isère,no,https://booking.valdisere.com/6-rooms-kilimandjaro-appartement-1.html
Val d'Isère Réservation,ingenie-valdisere-6-rooms-solaise-plein-sud-appartement-32-g-sweethomes-visps32,6 rooms - SOLAISE PLEIN SUD - Appartement 32,,Val d'Isère,no,https://booking.valdisere.com/6-rooms-solaise-plein-sud-appartement-32-1.html
Val d'Isère Réservation,ingenie-valdisere-6-rooms-solaise-plein-sud-appartement-32,6 rooms - SOLAISE PLEIN SUD - Appartement 32,,Val d'Isère,no,https://booking.valdisere.com/6-rooms-solaise-plein-sud-appartement-32.html
Val d'Isère Réservation,ingenie-valdisere-6-rooms-valsnow,6 rooms - VALSNOW,,Val d'Isère,no,https://booking.valdisere.com/6-rooms-valsnow.html
Val d'Isère Réservation,ingenie-valdisere-7-rooms-6-bedrooms-and-more-chalet-nivis-garage,7 rooms (6 bedrooms) and more - CHALET NIVIS - + Garage,,Val d'Isère,no,https://booking.valdisere.com/7-rooms-6-bedrooms-and-more-chalet-nivis-garage.html
Val d'Isère Réservation,ingenie-valdisere-7-rooms-6-bedrooms-and-more-cret-2-cage-b,7 rooms (6 bedrooms) and more - CRET 2 - CAGE B,,Val d'Isère,no,https://booking.valdisere.com/7-rooms-6-bedrooms-and-more-cret-2-cage-b.html
Val d'Isère Réservation,ingenie-valdisere-7-rooms-6-bedrooms-and-more-praz-de-la-legettaz-b-batiment-b,7 rooms (6 bedrooms) and more - PRAZ DE LA LEGETTAZ B - BATIMENT B,,Val d'Isère,no,https://booking.valdisere.com/7-rooms-6-bedrooms-and-more-praz-de-la-legettaz-b-batiment-b.html
Val d'Isère Réservation,ingenie-valdisere-alaska-lodge-01-apartment-3-rooms-1-cabin-8-people-119sqm,Alaska Lodge 01 - apartment 3 rooms + 1 cabin - 8 people - 119sqm,,Val d'Isère,no,https://booking.valdisere.com/alaska-lodge-01-apartment-3-rooms-1-cabin-8-people-119sqm.html
Val d'Isère Réservation,ingenie-valdisere-alaska-lodge-02-apartment-3-bedrooms-1-cabin-8-people-140m2,Alaska Lodge 02 - Apartment 3 bedrooms + 1 cabin - 8 people - 140m2,,Val d'Isère,no,https://booking.valdisere.com/alaska-lodge-02-apartment-3-bedrooms-1-cabin-8-people-140m2.html
Val d'Isère Réservation,ingenie-valdisere-alaska-lodge-03-apartment-3-rooms-1-cabin-8-people-98sqm,Alaska Lodge 03 - Apartment 3 rooms + 1 cabin - 8 people - 98sqm,,Val d'Isère,no,https://booking.valdisere.com/alaska-lodge-03-apartment-3-rooms-1-cabin-8-people-98sqm.html
Val d'Isère Réservation,ingenie-valdisere-alaska-lodge-04-apartment-4-rooms-1-cabin-10-people-185sqm,Alaska Lodge 04 - Apartment 4 rooms + 1 cabin - 10 people - 185sqm,,Val d'Isère,no,https://booking.valdisere.com/alaska-lodge-04-apartment-4-rooms-1-cabin-10-people-185sqm.html
Val d'Isère Réservation,ingenie-valdisere-alaska-lodge-04-apartment-4-rooms-12-people-175sqm,Alaska Lodge 04 - Apartment 4 rooms - 12 people - 175sqm,,Val d'Isère,no,https://booking.valdisere.com/alaska-lodge-04-apartment-4-rooms-12-people-175sqm.html
Val d'Isère Réservation,ingenie-valdisere-alaska-lodge-05-apartment-3-rooms-1-cabin-8-people-97sqm,Alaska Lodge 05 - Apartment 3 rooms + 1 cabin - 8 people - 97sqm,,Val d'Isère,no,https://booking.valdisere.com/alaska-lodge-05-apartment-3-rooms-1-cabin-8-people-97sqm.html
Val d'Isère Réservation,ingenie-valdisere-alpina-lodge-2-bedrooms-1-sleeping-area-hammam-8-people,Alpina Lodge : 2 bedrooms - 1 sleeping area - Hammam - 8 people,,Val d'Isère,no,https://booking.valdisere.com/alpina-lodge-2-bedrooms-1-sleeping-area-hammam-8-people.html
Val d'Isère Réservation,ingenie-valdisere-alpina-lodge-3-bedrooms-1-sleeping-area-hammam-10-people,Alpina Lodge : 3 bedrooms - 1 sleeping area - Hammam - 10 people,,Val d'Isère,no,https://booking.valdisere.com/alpina-lodge-3-bedrooms-1-sleeping-area-hammam-10-people.html
Val d'Isère Réservation,ingenie-valdisere-apartment-kilimandjaro-5-rooms-8-people,Apartment Kilimandjaro : 5 Rooms 8 people,,Val d'Isère,no,https://booking.valdisere.com/apartment-kilimandjaro-5-rooms-8-people.html
Sno,sno-aspen-house-loft-1,Aspen House Loft 1,unknown (sold via Sno),Val d'Isère,no,https://www.sno.co.uk/ski-holidays/aspen-house-loft-1_18315/
Sno,sno-aspen-house-loft-2,Aspen House Loft 2,unknown (sold via Sno),Val d'Isère,no,https://www.sno.co.uk/ski-holidays/aspen-house-loft-2_18316/
Sno,sno-aspen-house-loft-3,Aspen House Loft 3,unknown (sold via Sno),Val d'Isère,no,https://www.sno.co.uk/ski-holidays/aspen-house-loft-3_18317/
Val d'Isère Réservation,ingenie-valdisere-bouq1-three-room-apartment-70-sqm-6-people,"BOUQ1: three-room apartment, 70 sqm, 6 people",,Val d'Isère,no,https://booking.valdisere.com/bouq1-three-room-apartment-70-sqm-6-people.html
Val d'Isère Réservation,ingenie-valdisere-chalet-angelus-tapiad,Chalet - ANGELUS - TAPIAD,,Val d'Isère,no,https://booking.valdisere.com/chalet-angelus-tapiad.html
Val d'Isère Réservation,ingenie-valdisere-chalet-chalet-amigo,Chalet - CHALET AMIGO,,Val d'Isère,no,https://booking.valdisere.com/chalet-chalet-amigo.html
Val d'Isère Réservation,ingenie-valdisere-chalet-chalet-cachoban,Chalet - CHALET CACHOBAN,,Val d'Isère,no,https://booking.valdisere.com/chalet-chalet-cachoban.html
Val d'Isère Réservation,ingenie-valdisere-chalet-chalet-des-alpes-entree-garage-piscine,Chalet - CHALET DES ALPES - Entrée+garage+piscine,,Val d'Isère,no,https://booking.valdisere.com/chalet-chalet-des-alpes-entree-garage-piscine.html
Ski Line,ingenie-valdisere-chalet-chalet-des-legendes,Chalet - CHALET DES LEGENDES,Consensio,Val d'Isère,no,https://booking.valdisere.com/chalet-chalet-des-legendes.html
Val d'Isère Réservation,ingenie-valdisere-chalet-chalet-des-legendes,Chalet - CHALET DES LEGENDES,Consensio,Val d'Isère,no,https://booking.valdisere.com/chalet-chalet-des-legendes.html
Val d'Isère Réservation,ingenie-valdisere-chalet-chalet-l-ours-blanc,Chalet - CHALET L'OURS BLANC,,Val d'Isère,no,https://booking.valdisere.com/chalet-chalet-l-ours-blanc.html
Val d'Isère Réservation,ingenie-valdisere-chalet-chalet-les-branges,Chalet - CHALET LES BRANGES,,Val d'Isère,no,https://booking.valdisere.com/chalet-chalet-les-branges.html
Ski Line,ingenie-valdisere-chalet-chalet-lhotse,Chalet - CHALET LHOTSE,Consensio,Val d'Isère,no,https://booking.valdisere.com/chalet-chalet-lhotse.html
Val d'Isère Réservation,ingenie-valdisere-chalet-chalet-lhotse,Chalet - CHALET LHOTSE,Consensio,Val d'Isère,no,https://booking.valdisere.com/chalet-chalet-lhotse.html
Ski Line,ingenie-valdisere-chalet-chalet-marco-polo,Chalet - CHALET MARCO POLO,Consensio,Val d'Isère,no,https://booking.valdisere.com/chalet-chalet-marco-polo.html
Val d'Isère Réservation,ingenie-valdisere-chalet-chalet-marco-polo,Chalet - CHALET MARCO POLO,Consensio,Val d'Isère,no,https://booking.valdisere.com/chalet-chalet-marco-polo.html
Val d'Isère Réservation,ingenie-valdisere-chalet-chalet-melanie-garage-2-gauche-au-valcoeur,Chalet - CHALET MÉLANIE - +GARAGE 2° GAUCHE AU VALCOEUR,,Val d'Isère,no,https://booking.valdisere.com/chalet-chalet-melanie-garage-2-gauche-au-valcoeur.html
Ski Line,ingenie-valdisere-chalet-chalet-rocher,Chalet - CHALET ROCHER,Consensio,Val d'Isère,no,https://booking.valdisere.com/chalet-chalet-rocher.html
Val d'Isère Réservation,ingenie-valdisere-chalet-chalet-rocher,Chalet - CHALET ROCHER,Consensio,Val d'Isère,no,https://booking.valdisere.com/chalet-chalet-rocher.html
Val d'Isère Réservation,ingenie-valdisere-chalet-chalet-shibumi-a-gauche-du-chalet-falaise,Chalet - CHALET SHIBUMI - A gauche du chalet Falaise,,Val d'Isère,no,https://booking.valdisere.com/chalet-chalet-shibumi-a-gauche-du-chalet-falaise.html
Val d'Isère Réservation,ingenie-valdisere-chalet-la-tapia-g-cimalpes-tapiad,Chalet - LA TAPIA,,Val d'Isère,no,https://booking.valdisere.com/chalet-la-tapia-1.html
Val d'Isère Réservation,ingenie-valdisere-chalet-la-tapia,Chalet - LA TAPIA,,Val d'Isère,no,https://booking.valdisere.com/chalet-la-tapia.html
Val d'Isère Réservation,ingenie-valdisere-chalet-oursnoir-tapiab,Chalet - OURSNOIR - TAPIAB,,Val d'Isère,no,https://booking.valdisere.com/chalet-oursnoir-tapiab.html
Val d'Isère Réservation,ingenie-valdisere-chalet-petite-ferme-d-anna,Chalet - PETITE FERME D'ANNA,,Val d'Isère,no,https://booking.valdisere.com/chalet-petite-ferme-d-anna.html
Val d'Isère Réservation,ingenie-valdisere-chalet-snowybreeze,Chalet - SNOWYBREEZE,,Val d'Isère,no,https://booking.valdisere.com/chalet-snowybreeze.html
Ski Line,sno-chalet-1850,Chalet 1850,Bramble Ski,Val d'Isère,no,https://www.sno.co.uk/ski-holidays/chalet-1850_21496/
Sno,sno-chalet-1850,Chalet 1850,Bramble Ski,Val d'Isère,no,https://www.sno.co.uk/ski-holidays/chalet-1850_21496/
Sno,sno-chalet-1855,Chalet 1855,unknown (sold via Sno),Val d'Isère,no,https://www.sno.co.uk/ski-holidays/chalet-1855_21491/
Sno,sno-chalet-abade,Chalet Abade,unknown (sold via Sno),Val d'Isère,no,https://www.sno.co.uk/ski-holidays/chalet-abade_18811/
Val d'Isère Réservation,ingenie-valdisere-chalet-acajuma-6-rooms-10-12-people,Chalet AcaJuma : 6 rooms - 10/12 people,,Val d'Isère,no,https://booking.valdisere.com/chalet-acajuma-6-rooms-10-12-people.html
Ski Line,sno-chalet-acajuma,Chalet Acajuma,Ski France,Val d'Isère,no,https://www.sno.co.uk/ski-holidays/chalet-acajuma_18672/
Sno,sno-chalet-acajuma,Chalet Acajuma,Ski France,Val d'Isère,no,https://www.sno.co.uk/ski-holidays/chalet-acajuma_18672/
allChalets,sno-chalet-acajuma,Chalet Acajuma,Ski France,Val d'Isère,no,https://www.sno.co.uk/ski-holidays/chalet-acajuma_18672/
Ski Line,sno-chalet-alberta,Chalet Alberta,Ski Vertigo,Val d'Isère,no,https://www.sno.co.uk/ski-holidays/chalet-alberta_19123/
Sno,sno-chalet-alberta,Chalet Alberta,Ski Vertigo,Val d'Isère,no,https://www.sno.co.uk/ski-holidays/chalet-alberta_19123/
Sno,sno-chalet-angelus-1,Chalet Angelus 1,unknown (sold via Sno),Val d'Isère,no,https://www.sno.co.uk/ski-holidays/chalet-angelus-1_21911/
Sno,sno-chalet-angelus-2,Chalet Angelus 2,unknown (sold via Sno),Val d'Isère,no,https://www.sno.co.uk/ski-holidays/chalet-angelus-2_22484/
Ski Line,sno-chalet-appaloosa,Chalet Appaloosa,Ski Vertigo,Val d'Isère,no,https://www.sno.co.uk/ski-holidays/chalet-appaloosa_19546/
Sno,sno-chalet-appaloosa,Chalet Appaloosa,Ski Vertigo,Val d'Isère,no,https://www.sno.co.uk/ski-holidays/chalet-appaloosa_19546/
Val d'Isère Réservation,ingenie-valdisere-chalet-appaloosa-8-rooms-14-people,Chalet Appaloosa : 8 rooms - 14 people,,Val d'Isère,no,https://booking.valdisere.com/chalet-appaloosa-8-rooms-14-people.html
Ski Line,sno-chalet-arda,Chalet Arda,Ski France,Val d'Isère,no,https://www.sno.co.uk/ski-holidays/chalet-arda_21010/
Sno,sno-chalet-arda,Chalet Arda,Ski France,Val d'Isère,no,https://www.sno.co.uk/ski-holidays/chalet-arda_21010/
allChalets,sno-chalet-arda,Chalet Arda,Ski France,Val d'Isère,no,https://www.sno.co.uk/ski-holidays/chalet-arda_21010/
Val d'Isère Réservation,ingenie-valdisere-chalet-arda-5-rooms-8-persons,"Chalet Arda 5 rooms, 8 persons",,Val d'Isère,no,https://booking.valdisere.com/chalet-arda-5-rooms-8-persons.html
Simply Val d'Isère,sno-chalet-arosa,Chalet Arosa,Ski France,Val d'Isère,no,https://www.sno.co.uk/ski-holidays/chalet-arosa_18681/
Ski Line,sno-chalet-arosa,Chalet Arosa,Ski France,Val d'Isère,no,https://www.sno.co.uk/ski-holidays/chalet-arosa_18681/
Sno,sno-chalet-arosa,Chalet Arosa,Ski France,Val d'Isère,no,https://www.sno.co.uk/ski-holidays/chalet-arosa_18681/
Val d'Isère Réservation,sno-chalet-arosa,Chalet Arosa,Ski France,Val d'Isère,no,https://www.sno.co.uk/ski-holidays/chalet-arosa_18681/
allChalets,sno-chalet-arosa,Chalet Arosa,Ski France,Val d'Isère,no,https://www.sno.co.uk/ski-holidays/chalet-arosa_18681/
Val d'Isère Réservation,ingenie-valdisere-chalet-arosa-6-rooms-10-people,Chalet Arosa : 6 rooms - 10 people,,Val d'Isère,no,https://booking.valdisere.com/chalet-arosa-6-rooms-10-people.html
Val d'Isère Réservation,ingenie-valdisere-chalet-avalin-5-rooms-apartment-85-sqm-for-9-people-parking,"Chalet Avalin : 5 rooms apartment, 85 sqm, for 9 people + parking",,Val d'Isère,no,https://booking.valdisere.com/chalet-avalin-5-rooms-apartment-85-sqm-for-9-people-parking.html
Val d'Isère Réservation,ingenie-valdisere-chalet-avalin-6-rooms-cabin-apartment-115sqm-for-10-11-people-,"Chalet Avalin: 6 rooms + cabin apartment, 115sqm, for 10/11 people + parking",,Val d'Isère,no,https://booking.valdisere.com/chalet-avalin-6-rooms-cabin-apartment-115sqm-for-10-11-people-parking.html
Ski Line,sno-chalet-azel,Chalet Azel,Le Ski,Val d'Isère,no,https://www.sno.co.uk/ski-holidays/chalet-azel_21129/
Sno,sno-chalet-azel,Chalet Azel,Le Ski,Val d'Isère,no,https://www.sno.co.uk/ski-holidays/chalet-azel_21129/
Ski Line,sno-chalet-bellevarde,Chalet Bellevarde,Le Ski,Val d'Isère,no,https://www.sno.co.uk/ski-holidays/chalet-bellevarde_13389/
Sno,sno-chalet-bellevarde,Chalet Bellevarde,Le Ski,Val d'Isère,no,https://www.sno.co.uk/ski-holidays/chalet-bellevarde_13389/
Simply Val d'Isère,sno-chalet-blackcomb,Chalet Blackcomb,Ski Vertigo,Val d'Isère,no,https://www.sno.co.uk/ski-holidays/chalet-blackcomb_19119/
Ski Line,sno-chalet-blackcomb,Chalet Blackcomb,Ski Vertigo,Val d'Isère,no,https://www.sno.co.uk/ski-holidays/chalet-blackcomb_19119/
Sno,sno-chalet-blackcomb,Chalet Blackcomb,Ski Vertigo,Val d'Isère,no,https://www.sno.co.uk/ski-holidays/chalet-blackcomb_19119/
Ski Line,sno-chalet-brunswick,Chalet Brunswick,Ski Vertigo,Val d'Isère,no,https://www.sno.co.uk/ski-holidays/chalet-brunswick_19121/
Sno,sno-chalet-brunswick,Chalet Brunswick,Ski Vertigo,Val d'Isère,no,https://www.sno.co.uk/ski-holidays/chalet-brunswick_19121/
Simply Val d'Isère,simplyvaldisere-chalet-cahokia,Chalet Cahokia,unknown (sold via Simply Val d'Isère),Val d'Isère,no,https://www.simplyvaldisere.com/accom/la-daille-le-cret/chalet-cahokia-10-13
Simply Val d'Isère,simplyvaldisere-chalet-calistoga,Chalet Calistoga,unknown (sold via Simply Val d'Isère),Val d'Isère,no,https://www.simplyvaldisere.com/accom/la-daille-le-cret/chalet-calistoga-10
Ski Line,sno-chalet-casa-rivas,Chalet Casa Rivas,Ski World,Val d'Isère,no,https://www.sno.co.uk/ski-holidays/chalet-casa-rivas_19587/
Sno,sno-chalet-casa-rivas,Chalet Casa Rivas,Ski World,Val d'Isère,no,https://www.sno.co.uk/ski-holidays/chalet-casa-rivas_19587/
allChalets,sno-chalet-casa-rivas,Chalet Casa Rivas,Ski World,Val d'Isère,no,https://www.sno.co.uk/ski-holidays/chalet-casa-rivas_19587/
Val d'Isère Réservation,ingenie-valdisere-chalet-castor-10-14-people,Chalet Castor 10-14 people,,Val d'Isère,no,https://booking.valdisere.com/chalet-castor-10-14-people.html
Ski Line,sno-chalet-columbia,Chalet Columbia,Ski Vertigo,Val d'Isère,no,https://www.sno.co.uk/ski-holidays/chalet-columbia_19122/
Sno,sno-chalet-columbia,Chalet Columbia,Ski Vertigo,Val d'Isère,no,https://www.sno.co.uk/ski-holidays/chalet-columbia_19122/
Simply Val d'Isère,simplyvaldisere-chalet-davos,Chalet Davos,Ski France,Val d'Isère,no,https://www.simplyvaldisere.com/accom/la-daille-le-cret/chalet-davos-8-2
Ski Line,simplyvaldisere-chalet-davos,Chalet Davos,Ski France,Val d'Isère,no,https://www.simplyvaldisere.com/accom/la-daille-le-cret/chalet-davos-8-2
allChalets,simplyvaldisere-chalet-davos,Chalet Davos,Ski France,Val d'Isère,no,https://www.simplyvaldisere.com/accom/la-daille-le-cret/chalet-davos-8-2
Val d'Isère Réservation,ingenie-valdisere-chalet-denali-5-rooms-8-9-people,Chalet Denali : 5 rooms - 8-9 people,,Val d'Isère,no,https://booking.valdisere.com/chalet-denali-5-rooms-8-9-people.html
Ski Line,sno-chalet-du-berger,Chalet Du Berger,Le Ski,Val d'Isère,no,https://www.sno.co.uk/ski-holidays/chalet-du-berger_13390/
Sno,sno-chalet-du-berger,Chalet Du Berger,Le Ski,Val d'Isère,no,https://www.sno.co.uk/ski-holidays/chalet-du-berger_13390/
Sno,sno-chalet-face-a-face,Chalet Face à Face,unknown (sold via Sno),Val d'Isère,no,https://www.sno.co.uk/ski-holidays/chalet-face-face_18889/
Ski Line,sno-chalet-genepy,Chalet Genepy,Ski France,Val d'Isère,no,https://www.sno.co.uk/ski-holidays/chalet-genepy_21556/
Sno,sno-chalet-genepy,Chalet Genepy,Ski France,Val d'Isère,no,https://www.sno.co.uk/ski-holidays/chalet-genepy_21556/
allChalets,sno-chalet-genepy,Chalet Genepy,Ski France,Val d'Isère,no,https://www.sno.co.uk/ski-holidays/chalet-genepy_21556/
Ski Line,sno-chalet-genevieve,Chalet Genevieve,Le Ski,Val d'Isère,no,https://www.sno.co.uk/ski-holidays/chalet-genevieve_21471/
Sno,sno-chalet-genevieve,Chalet Genevieve,Le Ski,Val d'Isère,no,https://www.sno.co.uk/ski-holidays/chalet-genevieve_21471/
allChalets,sno-chalet-genevieve,Chalet Genevieve,Le Ski,Val d'Isère,no,https://www.sno.co.uk/ski-holidays/chalet-genevieve_21471/
Val d'Isère Réservation,ingenie-valdisere-chalet-genevieve-11-people,Chalet Geneviève - 11 people,,Val d'Isère,no,https://booking.valdisere.com/chalet-genevieve-11-people.html
Sno,sno-chalet-husky,Chalet Husky,unknown (sold via Sno),Val d'Isère,no,https://www.sno.co.uk/ski-holidays/chalet-husky_21881/
Ski Line,sno-chalet-inuit,Chalet Inuit,Ski France,Val d'Isère,no,https://www.sno.co.uk/ski-holidays/chalet-inuit_18771/
Sno,sno-chalet-inuit,Chalet Inuit,Ski France,Val d'Isère,no,https://www.sno.co.uk/ski-holidays/chalet-inuit_18771/
Val d'Isère Réservation,ingenie-valdisere-chalet-izia-apartment-4-bedrooms-135sqm-8-people,Chalet Izia : Apartment 4 bedrooms 135sqm - 8 people,,Val d'Isère,no,https://booking.valdisere.com/chalet-izia-apartment-4-bedrooms-135sqm-8-people.html
Val d'Isère Réservation,ingenie-valdisere-chalet-izia-apartment-duplex-4-bedrooms-115sqm-8-people-firepl,Chalet Izia : Apartment Duplex - 4 bedrooms 115sqm - 8 people + Fireplace,,Val d'Isère,no,https://booking.valdisere.com/chalet-izia-apartment-duplex-4-bedrooms-115sqm-8-people-fireplace.html
Ski Line,sno-chalet-jupiter,Chalet Jupiter,Ski France,Val d'Isère,no,https://www.sno.co.uk/ski-holidays/chalet-jupiter_18682/
Sno,sno-chalet-jupiter,Chalet Jupiter,Ski France,Val d'Isère,no,https://www.sno.co.uk/ski-holidays/chalet-jupiter_18682/
allChalets,sno-chalet-jupiter,Chalet Jupiter,Ski France,Val d'Isère,no,https://www.sno.co.uk/ski-holidays/chalet-jupiter_18682/
Simply Val d'Isère,sno-chalet-kanjiroba,Chalet Kanjiroba,Le Ski,Val d'Isère,no,https://www.sno.co.uk/ski-holidays/chalet-kanjiroba_13383/
Ski Line,sno-chalet-kanjiroba,Chalet Kanjiroba,Le Ski,Val d'Isère,no,https://www.sno.co.uk/ski-holidays/chalet-kanjiroba_13383/
Sno,sno-chalet-kanjiroba,Chalet Kanjiroba,Le Ski,Val d'Isère,no,https://www.sno.co.uk/ski-holidays/chalet-kanjiroba_13383/
Sno,sno-chalet-kitsune,Chalet Kitsune,unknown (sold via Sno),Val d'Isère,no,https://www.sno.co.uk/ski-holidays/chalet-kitsune_21021/
Ski Line,sno-chalet-la-belle-etoile,Chalet La Belle Etoile,Le Ski,Val d'Isère,no,https://www.sno.co.uk/ski-holidays/chalet-la-belle-etoile_18058/
Sno,sno-chalet-la-belle-etoile,Chalet La Belle Etoile,Le Ski,Val d'Isère,no,https://www.sno.co.uk/ski-holidays/chalet-la-belle-etoile_18058/
Ski Line,sno-chalet-la-face,Chalet La Face,Le Ski,Val d'Isère,no,https://www.sno.co.uk/ski-holidays/chalet-la-face_13382/
Sno,sno-chalet-la-face,Chalet La Face,Le Ski,Val d'Isère,no,https://www.sno.co.uk/ski-holidays/chalet-la-face_13382/
Ski Line,sno-chalet-la-grande-casse,Chalet La Grande Casse,Le Ski,Val d'Isère,no,https://www.sno.co.uk/ski-holidays/chalet-la-grande-casse_13384/
Sno,sno-chalet-la-grande-casse,Chalet La Grande Casse,Le Ski,Val d'Isère,no,https://www.sno.co.uk/ski-holidays/chalet-la-grande-casse_13384/
Simply Val d'Isère,sno-chalet-la-grande-sassiere,Chalet La Grande Sassiere,Ski France,Val d'Isère,no,https://www.sno.co.uk/ski-holidays/chalet-la-grande-sassiere_18671/
Ski Line,sno-chalet-la-grande-sassiere,Chalet La Grande Sassiere,Ski France,Val d'Isère,no,https://www.sno.co.uk/ski-holidays/chalet-la-grande-sassiere_18671/
Sno,sno-chalet-la-grande-sassiere,Chalet La Grande Sassiere,Ski France,Val d'Isère,no,https://www.sno.co.uk/ski-holidays/chalet-la-grande-sassiere_18671/
allChalets,sno-chalet-la-grande-sassiere,Chalet La Grande Sassiere,Ski France,Val d'Isère,no,https://www.sno.co.uk/ski-holidays/chalet-la-grande-sassiere_18671/
Ski Line,sno-chalet-la-rocheure,Chalet La Rocheure,unknown (sold via Sno),Val d'Isère,no,https://www.sno.co.uk/ski-holidays/chalet-la-rocheure_18614/
Sno,sno-chalet-la-rocheure,Chalet La Rocheure,unknown (sold via Sno),Val d'Isère,no,https://www.sno.co.uk/ski-holidays/chalet-la-rocheure_18614/
allChalets,sno-chalet-la-rocheure,Chalet La Rocheure,unknown (sold via Sno),Val d'Isère,no,https://www.sno.co.uk/ski-holidays/chalet-la-rocheure_18614/
Ski Line,sno-chalet-la-saulire,Chalet La Saulire,Le Ski,Val d'Isère,no,https://www.sno.co.uk/ski-holidays/chalet-la-saulire_13388/
Sno,sno-chalet-la-saulire,Chalet La Saulire,Le Ski,Val d'Isère,no,https://www.sno.co.uk/ski-holidays/chalet-la-saulire_13388/
Ski Line,sno-chalet-le-bel-air,Chalet Le Bel Air,Le Ski,Val d'Isère,no,https://www.sno.co.uk/ski-holidays/chalet-le-bel-air_13386/
Sno,sno-chalet-le-bel-air,Chalet Le Bel Air,Le Ski,Val d'Isère,no,https://www.sno.co.uk/ski-holidays/chalet-le-bel-air_13386/
Simply Val d'Isère,simplyvaldisere-chalet-cahokia-bed-breakfast,Chalet Le Cahokia (8+4) Bed & Breakfast,unknown (sold via Simply Val d'Isère),Val d'Isère,no,https://www.simplyvaldisere.com/accom/la-daille-le-cret/chalet-le-cahokia-8-4-bed-breakfast
Simply Val d'Isère,simplyvaldisere-chalet-cahokia-catered,Chalet Le Cahokia (8+4) Catered,unknown (sold via Simply Val d'Isère),Val d'Isère,no,https://www.simplyvaldisere.com/accom/la-daille-le-cret/chalet-le-cahokia-8-4-catered
Sno,sno-chalet-le-petit-joseray,Chalet Le Petit Joseray,unknown (sold via Sno),Val d'Isère,no,https://www.sno.co.uk/ski-holidays/chalet-le-petit-joseray_22012/
Ski Line,sno-chalet-le-petit-yeti,Chalet Le Petit Yeti,unknown (sold via Sno),Val d'Isère,no,https://www.sno.co.uk/ski-holidays/chalet-le-petit-yeti_21832/
Sno,sno-chalet-le-petit-yeti,Chalet Le Petit Yeti,unknown (sold via Sno),Val d'Isère,no,https://www.sno.co.uk/ski-holidays/chalet-le-petit-yeti_21832/
Val d'Isère Réservation,sno-chalet-le-petit-yeti,Chalet Le Petit Yeti,unknown (sold via Sno),Val d'Isère,no,https://www.sno.co.uk/ski-holidays/chalet-le-petit-yeti_21832/
Simply Val d'Isère,yse-chalet-le-vieux-cret,Chalet Le Vieux Cret,YSE,Val d'Isère,no,https://www.simplyvaldisere.com/accom/la-daille-le-cret/chalet-le-vieux-cret-8-10
Simply Val d'Isère,sno-chalet-machapuchare,Chalet Machapuchare,Purple Ski,Val d'Isère,no,https://www.sno.co.uk/ski-holidays/chalet-machapuchare_18990/
Ski Line,sno-chalet-machapuchare,Chalet Machapuchare,Purple Ski,Val d'Isère,no,https://www.sno.co.uk/ski-holidays/chalet-machapuchare_18990/
Sno,sno-chalet-machapuchare,Chalet Machapuchare,Purple Ski,Val d'Isère,no,https://www.sno.co.uk/ski-holidays/chalet-machapuchare_18990/
allChalets,sno-chalet-machapuchare,Chalet Machapuchare,Purple Ski,Val d'Isère,no,https://www.sno.co.uk/ski-holidays/chalet-machapuchare_18990/
Sno,avaline-chalet-markhor,Chalet Markhor,Avaline (named in Sno description),Val d'Isère,no,https://www.sno.co.uk/ski-holidays/chalet-markhor_22697/
allChalets,avaline-chalet-markhor,Chalet Markhor,Avaline (named in Sno description),Val d'Isère,no,https://www.sno.co.uk/ski-holidays/chalet-markhor_22697/
Ski Line,sno-chalet-mire,Chalet Mire,Le Ski,Val d'Isère,no,https://www.sno.co.uk/ski-holidays/chalet-mire_21395/
Sno,sno-chalet-mire,Chalet Mire,Le Ski,Val d'Isère,no,https://www.sno.co.uk/ski-holidays/chalet-mire_21395/
Ski Line,sno-chalet-nirmal,Chalet Nirmal,Ski World,Val d'Isère,no,https://www.sno.co.uk/ski-holidays/chalet-nirmal_19708/
Sno,sno-chalet-nirmal,Chalet Nirmal,Ski World,Val d'Isère,no,https://www.sno.co.uk/ski-holidays/chalet-nirmal_19708/
allChalets,sno-chalet-nirmal,Chalet Nirmal,Ski World,Val d'Isère,no,https://www.sno.co.uk/ski-holidays/chalet-nirmal_19708/
Ski Line,sno-chalet-neve,Chalet Névé,unknown (sold via Sno),Val d'Isère,no,https://www.sno.co.uk/ski-holidays/chalet-n-v_22743/
Sno,sno-chalet-neve,Chalet Névé,unknown (sold via Sno),Val d'Isère,no,https://www.sno.co.uk/ski-holidays/chalet-n-v_22743/
Val d'Isère Réservation,sno-chalet-neve,Chalet Névé,unknown (sold via Sno),Val d'Isère,no,https://www.sno.co.uk/ski-holidays/chalet-n-v_22743/
allChalets,sno-chalet-neve,Chalet Névé,unknown (sold via Sno),Val d'Isère,no,https://www.sno.co.uk/ski-holidays/chalet-n-v_22743/
Ski Line,sno-chalet-ontario,Chalet Ontario,Ski Vertigo,Val d'Isère,no,https://www.sno.co.uk/ski-holidays/chalet-ontario_19120/
Sno,sno-chalet-ontario,Chalet Ontario,Ski Vertigo,Val d'Isère,no,https://www.sno.co.uk/ski-holidays/chalet-ontario_19120/
Sno,sno-chalet-ottawa,Chalet Ottawa,unknown (sold via Sno),Val d'Isère,no,https://www.sno.co.uk/ski-holidays/chalet-ottawa_22573/
Sno,sno-chalet-ours-noir,Chalet Ours Noir,unknown (sold via Sno),Val d'Isère,no,https://www.sno.co.uk/ski-holidays/chalet-ours-noir_22754/
Ski Line,sno-chalet-petit-mire,Chalet Petit Mire,Le Ski,Val d'Isère,no,https://www.sno.co.uk/ski-holidays/chalet-petit-mire_21315/
Sno,sno-chalet-petit-mire,Chalet Petit Mire,Le Ski,Val d'Isère,no,https://www.sno.co.uk/ski-holidays/chalet-petit-mire_21315/
Ski Line,sno-chalet-quebec,Chalet Quebec,Ski Vertigo,Val d'Isère,no,https://www.sno.co.uk/ski-holidays/chalet-quebec_19117/
Sno,sno-chalet-quebec,Chalet Quebec,Ski Vertigo,Val d'Isère,no,https://www.sno.co.uk/ski-holidays/chalet-quebec_19117/
Ski Line,sno-chalet-roc-merlet,Chalet Roc Merlet,Le Ski,Val d'Isère,no,https://www.sno.co.uk/ski-holidays/chalet-roc-merlet_13387/
Sno,sno-chalet-roc-merlet,Chalet Roc Merlet,Le Ski,Val d'Isère,no,https://www.sno.co.uk/ski-holidays/chalet-roc-merlet_13387/
Sno,sno-chalet-snowy-breeze,Chalet Snowy Breeze,unknown (sold via Sno),Val d'Isère,no,https://www.sno.co.uk/ski-holidays/chalet-snowy-breeze_22736/
Val d'Isère Réservation,ingenie-valdisere-chalet-sylvie-10-people,Chalet Sylvie - 10 people,,Val d'Isère,no,https://booking.valdisere.com/chalet-sylvie-10-people.html
Ski Line,sno-chalet-tasna,Chalet Tasna,unknown (sold via Sno),Val d'Isère,no,https://www.sno.co.uk/ski-holidays/chalet-tasna_22471/
Sno,sno-chalet-tasna,Chalet Tasna,unknown (sold via Sno),Val d'Isère,no,https://www.sno.co.uk/ski-holidays/chalet-tasna_22471/
Val d'Isère Réservation,sno-chalet-tasna,Chalet Tasna,unknown (sold via Sno),Val d'Isère,no,https://www.sno.co.uk/ski-holidays/chalet-tasna_22471/
Ski Line,sno-chalet-tenzing,Chalet Tenzing,Ski World,Val d'Isère,no,https://www.sno.co.uk/ski-holidays/chalet-tenzing_22929/
Sno,sno-chalet-tenzing,Chalet Tenzing,Ski World,Val d'Isère,no,https://www.sno.co.uk/ski-holidays/chalet-tenzing_22929/
allChalets,sno-chalet-tenzing,Chalet Tenzing,Ski World,Val d'Isère,no,https://www.sno.co.uk/ski-holidays/chalet-tenzing_22929/
Ski Line,sno-chalet-thovex,Chalet Thovex,unknown (sold via Sno),Val d'Isère,no,https://www.sno.co.uk/ski-holidays/chalet-chalet-thovex_22289/
Sno,sno-chalet-thovex,Chalet Thovex,unknown (sold via Sno),Val d'Isère,no,https://www.sno.co.uk/ski-holidays/chalet-chalet-thovex_22289/
Val d'Isère Réservation,sno-chalet-thovex,Chalet Thovex,unknown (sold via Sno),Val d'Isère,no,https://www.sno.co.uk/ski-holidays/chalet-chalet-thovex_22289/
Ski Line,sno-chalet-tolima,Chalet Tolima,Ski World,Val d'Isère,no,https://www.sno.co.uk/ski-holidays/chalet-tolima_11311/
Sno,sno-chalet-tolima,Chalet Tolima,Ski World,Val d'Isère,no,https://www.sno.co.uk/ski-holidays/chalet-tolima_11311/
Ski Line,sno-chalet-val-rogoney,Chalet Val Rogoney,Ski France,Val d'Isère,no,https://www.sno.co.uk/ski-holidays/chalet-val-rogoney_19080/
Sno,sno-chalet-val-rogoney,Chalet Val Rogoney,Ski France,Val d'Isère,no,https://www.sno.co.uk/ski-holidays/chalet-val-rogoney_19080/
allChalets,sno-chalet-val-rogoney,Chalet Val Rogoney,Ski France,Val d'Isère,no,https://www.sno.co.uk/ski-holidays/chalet-val-rogoney_19080/
Val d'Isère Réservation,ingenie-valdisere-chalet-vallon-8-rooms-14-people,Chalet Vallon 8 rooms 14 people,,Val d'Isère,no,https://booking.valdisere.com/chalet-vallon-8-rooms-14-people.html
Sno,sno-chalet-whistler-val-d-isere,Chalet Whistler,unknown (sold via Sno),Val d'Isère,no,https://www.sno.co.uk/ski-holidays/chalet-whistler_19118/
Sno,sno-chalet-yeti,Chalet Yeti,unknown (sold via Sno),Val d'Isère,no,https://www.sno.co.uk/ski-holidays/chalet-yeti_19798/
Ski Line,sno-chalet-yukon,Chalet Yukon,Ski Vertigo,Val d'Isère,no,https://www.sno.co.uk/ski-holidays/chalet-yukon_19124/
Sno,sno-chalet-yukon,Chalet Yukon,Ski Vertigo,Val d'Isère,no,https://www.sno.co.uk/ski-holidays/chalet-yukon_19124/
Val d'Isère Réservation,ingenie-valdisere-chalet-d-elena-6-bedrooms-apartment-150-sqm-12-people,"Chalet d'Elena, 6 bedrooms apartment, 150 sqm, 12 people",,Val d'Isère,no,https://booking.valdisere.com/chalet-d-elena-6-bedrooms-apartment-150-sqm-12-people.html
Simply Val d'Isère,yse-chalet-de-pierre,Chalet de Pierre,YSE,Val d'Isère,no,https://www.simplyvaldisere.com/accom/le-fornet-laisinant/chalet-de-pierre-10
Val d'Isère Réservation,ingenie-valdisere-chalet-skadi-apartment-4-bedrooms-8-people-150sqm-with-firepla,"Chalet skadi - Apartment 4 bedrooms 8 people, 150sqm, with fireplace or wood stove",,Val d'Isère,no,https://booking.valdisere.com/chalet-skadi-apartment-4-bedrooms-8-people-150sqm-with-fireplace-or-wood-stove.html
Val d'Isère Réservation,ingenie-valdisere-chalet-skadi-apartment-5-bedrooms-10-people-160sqm-with-firepl,"Chalet skadi - Apartment 5 bedrooms 10 people, 160sqm, with fireplace or wood stove",,Val d'Isère,no,https://booking.valdisere.com/chalet-skadi-apartment-5-bedrooms-10-people-160sqm-with-fireplace-or-wood-stove.html
Val d'Isère Réservation,ingenie-valdisere-chaletrose-4,ChaletRose-4,,Val d'Isère,no,https://booking.valdisere.com/chaletrose-4.html
Val d'Isère Réservation,ingenie-valdisere-duplex-8-people-3-bedrooms-1-coin-montagne-village-center,Duplex 8 people - 3 bedrooms + 1 “coin montagne“ - Village center,,Val d'Isère,no,https://booking.valdisere.com/duplex-8-people-3-bedrooms-1-coin-montagne-village-center.html
Sno,sno-etoile-du-nord-east-wing,Etoile du Nord - East Wing,unknown (sold via Sno),Val d'Isère,no,https://www.sno.co.uk/ski-holidays/etoile-du-nord---east-wing_19807/
Sno,sno-etoile-du-nord-west-wing,Etoile du Nord - West Wing,unknown (sold via Sno),Val d'Isère,no,https://www.sno.co.uk/ski-holidays/etoile-du-nord---west-wing_19806/
Ski Line,sno-grand-pre-2,Grand Pré 2,Bramble Ski,Val d'Isère,no,https://www.sno.co.uk/ski-holidays/grand-pr-2_18890/
Sno,sno-grand-pre-2,Grand Pré 2,Bramble Ski,Val d'Isère,no,https://www.sno.co.uk/ski-holidays/grand-pr-2_18890/
Ski Line,sno-grand-pre-4,Grand Pré 4,Bramble Ski,Val d'Isère,no,https://www.sno.co.uk/ski-holidays/grand-pr-4_18891/
Sno,sno-grand-pre-4,Grand Pré 4,Bramble Ski,Val d'Isère,no,https://www.sno.co.uk/ski-holidays/grand-pr-4_18891/
Simply Val d'Isère,yse-la-maison-du-rocher,La Maison du Rocher,YSE,Val d'Isère,no,https://www.simplyvaldisere.com/accom/la-daille-le-cret/la-maison-du-rocher-8-10
Val d'Isère Réservation,ingenie-valdisere-le-bosset-2-nice-apartment-4-rooms-8-people,"Le Bosset 2 : nice apartment 4 rooms, 8 people",,Val d'Isère,no,https://booking.valdisere.com/le-bosset-2-nice-apartment-4-rooms-8-people.html
Val d'Isère Réservation,ingenie-valdisere-le-bosset-3-4-rooms-8-people,"Le Bosset 3 : 4 rooms, 8 people",,Val d'Isère,no,https://booking.valdisere.com/le-bosset-3-4-rooms-8-people.html
Val d'Isère Réservation,ingenie-valdisere-le-plante-de-baton-4-rooms-100-sqm-up-to-8-people,"Le Planté de Bâton : 4-rooms, 100 sqm, up to 8 people",,Val d'Isère,no,https://booking.valdisere.com/le-plante-de-baton-4-rooms-100-sqm-up-to-8-people.html
Simply Val d'Isère,simplyvaldisere-les-bosses-monro,Les Bosses Monro,unknown (sold via Simply Val d'Isère),Val d'Isère,no,https://www.simplyvaldisere.com/accom/la-daille-le-cret/les-bosses-monro-6-2
Ski Line,sno-no-1-aspen-house,No. 1 Aspen House,VIP,Val d'Isère,no,https://www.sno.co.uk/ski-holidays/no-1-aspen-house_18310/
Sno,sno-no-1-aspen-house,No. 1 Aspen House,VIP,Val d'Isère,no,https://www.sno.co.uk/ski-holidays/no-1-aspen-house_18310/
Ski Line,sno-no-1-bellevarde,No. 1 Bellevarde,VIP,Val d'Isère,no,https://www.sno.co.uk/ski-holidays/no-1-bellevarde_15505/
Sno,sno-no-1-bellevarde,No. 1 Bellevarde,VIP,Val d'Isère,no,https://www.sno.co.uk/ski-holidays/no-1-bellevarde_15505/
Ski Line,sno-no-2-aspen-house,No. 2 Aspen House,VIP,Val d'Isère,no,https://www.sno.co.uk/ski-holidays/no-2-aspen-house_18311/
Sno,sno-no-2-aspen-house,No. 2 Aspen House,VIP,Val d'Isère,no,https://www.sno.co.uk/ski-holidays/no-2-aspen-house_18311/
Ski Line,sno-no-2-bellevarde,No. 2 Bellevarde,VIP,Val d'Isère,no,https://www.sno.co.uk/ski-holidays/no-2-bellevarde_15506/
Sno,sno-no-2-bellevarde,No. 2 Bellevarde,VIP,Val d'Isère,no,https://www.sno.co.uk/ski-holidays/no-2-bellevarde_15506/
Ski Line,sno-no-3-aspen-house,No. 3 Aspen House,VIP,Val d'Isère,no,https://www.sno.co.uk/ski-holidays/no-3-aspen-house_18312/
Sno,sno-no-3-aspen-house,No. 3 Aspen House,VIP,Val d'Isère,no,https://www.sno.co.uk/ski-holidays/no-3-aspen-house_18312/
Sno,sno-no-3-4-club-bellevarde,No. 3&4 CLUB Bellevarde,unknown (sold via Sno),Val d'Isère,no,https://www.sno.co.uk/ski-holidays/no-3-4-club-bellevarde_12567/
Ski Line,sno-no-4-aspen-house,No. 4 Aspen House,VIP,Val d'Isère,no,https://www.sno.co.uk/ski-holidays/no-4-aspen-house_18313/
Sno,sno-no-4-aspen-house,No. 4 Aspen House,VIP,Val d'Isère,no,https://www.sno.co.uk/ski-holidays/no-4-aspen-house_18313/
Ski Line,sno-no-5-aspen-house,No. 5 Aspen House,VIP,Val d'Isère,no,https://www.sno.co.uk/ski-holidays/no-5-aspen-house_18314/
Sno,sno-no-5-aspen-house,No. 5 Aspen House,VIP,Val d'Isère,no,https://www.sno.co.uk/ski-holidays/no-5-aspen-house_18314/
Ski Line,sno-no-5-bellevarde,No. 5 Bellevarde,VIP,Val d'Isère,no,https://www.sno.co.uk/ski-holidays/no-5-bellevarde_15503/
Sno,sno-no-5-bellevarde,No. 5 Bellevarde,VIP,Val d'Isère,no,https://www.sno.co.uk/ski-holidays/no-5-bellevarde_15503/
Ski Line,sno-no-6-bellevarde,No. 6 Bellevarde,VIP,Val d'Isère,no,https://www.sno.co.uk/ski-holidays/no-6-bellevarde_15504/
Sno,sno-no-6-bellevarde,No. 6 Bellevarde,VIP,Val d'Isère,no,https://www.sno.co.uk/ski-holidays/no-6-bellevarde_15504/
Ski Line,sno-no-7-club-bellevarde,No. 7 CLUB Bellevarde,VIP,Val d'Isère,no,https://www.sno.co.uk/ski-holidays/no-7-club-bellevarde_18815/
Sno,sno-no-7-club-bellevarde,No. 7 CLUB Bellevarde,VIP,Val d'Isère,no,https://www.sno.co.uk/ski-holidays/no-7-club-bellevarde_18815/
Ski Line,sno-no-8-club-bellevarde,No. 8 CLUB Bellevarde,VIP,Val d'Isère,no,https://www.sno.co.uk/ski-holidays/no-8-club-bellevarde_18816/
Sno,sno-no-8-club-bellevarde,No. 8 CLUB Bellevarde,VIP,Val d'Isère,no,https://www.sno.co.uk/ski-holidays/no-8-club-bellevarde_18816/
Val d'Isère Réservation,ingenie-valdisere-saint-roch-three-room-mezzanine-apartment-70-sqm-8-people-slop,"Saint Roch: three-room mezzanine apartment, 70 sqm, 8 people / slopes side",,Val d'Isère,no,https://booking.valdisere.com/saint-roch-three-room-mezzanine-apartment-70-sqm-8-people-slopes-side.html
Val d'Isère Réservation,ingenie-valdisere-silverstone-5-double-rooms-et-1-child-room-269-sqm-12-people,Silverstone - 5 double rooms et 1 child room - 269 sqm - 12 people,,Val d'Isère,no,https://booking.valdisere.com/silverstone-5-double-rooms-et-1-child-room-269-sqm-12-people.html
Val d'Isère Réservation,ingenie-valdisere-silverstone-duplex-4-double-rooms-et-1-child-room-227-sqm-10-p,Silverstone - Duplex 4 double rooms et 1 child room - 227 sqm - 10 people,,Val d'Isère,no,https://booking.valdisere.com/silverstone-duplex-4-double-rooms-et-1-child-room-227-sqm-10-people.html
Ski Line,sno-the-farmhouse,The Farmhouse,VIP,Val d'Isère,no,https://www.sno.co.uk/ski-holidays/the-farmhouse_12573/
Sno,sno-the-farmhouse,The Farmhouse,VIP,Val d'Isère,no,https://www.sno.co.uk/ski-holidays/the-farmhouse_12573/
Val d'Isère Réservation,ingenie-valdisere-vail-lodge-apartment-3-rooms-1-cabin-116sqm-8-people,"Vail Lodge - Apartment 3 rooms + 1 cabin, 116sqm, 8 people",,Val d'Isère,no,https://booking.valdisere.com/vail-lodge-apartment-3-rooms-1-cabin-116sqm-8-people.html
Val d'Isère Réservation,ingenie-valdisere-vail-lodge-a11-apartment-3-rooms-1-cabin-125m2-8-people,Vail Lodge A11 - Apartment 3 rooms + 1 cabin - 125m2 - 8 people,,Val d'Isère,no,https://booking.valdisere.com/vail-lodge-a11-apartment-3-rooms-1-cabin-125m2-8-people.html
Val d'Isère Réservation,ingenie-valdisere-vail-lodge-a12-apartment-5-rooms-179sqm-12-people,Vail Lodge A12 - Apartment 5 rooms - 179sqm - 12 people,,Val d'Isère,no,https://booking.valdisere.com/vail-lodge-a12-apartment-5-rooms-179sqm-12-people.html
Val d'Isère Réservation,ingenie-valdisere-vail-lodge-a32-penthouse-4-rooms-184sqm-10-people,Vail Lodge A32 - Penthouse 4 rooms - 184sqm - 10 people,,Val d'Isère,no,https://booking.valdisere.com/vail-lodge-a32-penthouse-4-rooms-184sqm-10-people.html
Val d'Isère Réservation,ingenie-valdisere-vail-lodge-b12-apartment-4-rooms-1-cabin-151sqm-10-people,Vail Lodge B12 - Apartment 4 rooms + 1 cabin - 151sqm - 10 people,,Val d'Isère,no,https://booking.valdisere.com/vail-lodge-b12-apartment-4-rooms-1-cabin-151sqm-10-people.html
Val d'Isère Réservation,ingenie-valdisere-vail-lodge-b31-apartment-5-rooms-225sqm-10-people,Vail Lodge B31 - Apartment 5 rooms - 225sqm - 10 people,,Val d'Isère,no,https://booking.valdisere.com/vail-lodge-b31-apartment-5-rooms-225sqm-10-people.html
Val d'Isère Réservation,ingenie-valdisere-vail-lodge-b32-apartment-3-rooms-1-cabin-152sqm-8-people,Vail Lodge B32 - Apartment 3 rooms + 1 cabin - 152sqm - 8 people,,Val d'Isère,no,https://booking.valdisere.com/vail-lodge-b32-apartment-3-rooms-1-cabin-152sqm-8-people.html
Val d'Isère Réservation,ingenie-valdisere-vail-lodge-b32bis-apartment-3-rooms-1-cabin-152sqm-8-people,Vail Lodge B32bis - Apartment 3 rooms + 1 cabin - 152sqm - 8 people,,Val d'Isère,no,https://booking.valdisere.com/vail-lodge-b32bis-apartment-3-rooms-1-cabin-152sqm-8-people.html
Val d'Isère Réservation,ingenie-valdisere-vail-lodge-b41-penthouse-5-rooms-384sqm-11-people,Vail Lodge B41 - Penthouse 5 rooms - 384sqm - 11 people,,Val d'Isère,no,https://booking.valdisere.com/vail-lodge-b41-penthouse-5-rooms-384sqm-11-people.html
Simply Val d'Isère,allchalets-chalet-sylvain,Chalet Sylvain,Buildmyskitrip,Le Fornet,no,https://www.allchalets.com/holiday-rentals/63014-chalet-in-val-d-isere-france
Ski Line,allchalets-chalet-sylvain,Chalet Sylvain,Buildmyskitrip,Le Fornet,no,https://www.allchalets.com/holiday-rentals/63014-chalet-in-val-d-isere-france
allChalets,allchalets-chalet-sylvain,Chalet Sylvain,Buildmyskitrip,Le Fornet,no,https://www.allchalets.com/holiday-rentals/63014-chalet-in-val-d-isere-france
Ski Line,travel-ski-apartment-le-hameau-du-borsat,Apartment Le Hameau du Borsat,Travel Ski,Tignes,no,https://www.skiline.co.uk/ski-holidays/france/tignes/apartment-le-hameau-du-borsat
Ski Line,travel-ski-apartments-bec-rouge,Apartments Bec Rouge,Travel Ski,Tignes,no,https://www.skiline.co.uk/ski-holidays/france/tignes/apartments-bec-rouge
Ski Line,travel-ski-apartments-pramecou,Apartments Pramecou,Travel Ski,Tignes,no,https://www.skiline.co.uk/ski-holidays/france/tignes/apartments-pramecou
Ski Line,travel-ski-apartments-rosset,Apartments Rosset,Travel Ski,Tignes,no,https://www.skiline.co.uk/ski-holidays/france/tignes/apartments-rosset
Ski Line,buildmyskitrip-chalet-armoise,Chalet Armoise,Buildmyskitrip,Tignes,no,https://www.skiline.co.uk/ski-holidays/france/tignes/chalet-armoise
Ski Line,buildmyskitrip-chalet-arolla,Chalet Arolla,Buildmyskitrip,Tignes,no,https://www.skiline.co.uk/ski-holidays/france/tignes/chalet-arolla-2
Ski Line,buildmyskitrip-chalet-artayma,Chalet Artayma,Buildmyskitrip,Tignes,no,https://www.skiline.co.uk/ski-holidays/france/tignes/chalet-artayma
Ski Line,buildmyskitrip-chalet-chardonnet,Chalet Chardonnet,Buildmyskitrip,Tignes,no,https://www.skiline.co.uk/ski-holidays/france/tignes/chalet-chardonnet
Ski Line,mark-warner-chalet-hotel-lecrin,Chalet Hotel L’Ecrin,Mark Warner,Tignes,no,https://www.skiline.co.uk/ski-holidays/france/tignes/chalet-hotel-lecrin
Ski Line,inghams-chalet-les-arolles,Chalet Les Arolles,Inghams,Tignes,no,https://www.skiline.co.uk/ski-holidays/france/tignes/chalet-les-arolles
Ski Line,club-med-club-med-tignes,Club Med Tignes,Club Med,Tignes,no,https://www.skiline.co.uk/ski-holidays/france/tignes/club-med-tignes
Ski Line,inghams-hameau-du-borsat-apartments,Hameau du Borsat Apartments,Inghams,Tignes,no,https://www.skiline.co.uk/ski-holidays/france/tignes/hameau-du-borsat-apartments
Ski Line,inghams-hotel-campanules,Hotel Campanules,Inghams,Tignes,no,https://www.skiline.co.uk/ski-holidays/france/tignes/hotel-campanules
Ski Line,inghams-hotel-club-les-brevieres,Hotel Club Les Brevieres,Inghams,Tignes,no,https://www.skiline.co.uk/ski-holidays/france/tignes/hotel-club-les-brevieres
Ski Line,mmv-hotels-hotel-club-les-brevieres,Hotel Club Les Brevieres,MMV Hotels,Tignes,no,https://www.skiline.co.uk/ski-holidays/france/tignes/hotel-club-mmv-les-brevieres
Ski Line,travel-ski-hotel-club-mmv-tignes-les-brevieres,Hotel Club MMV Tignes Les Brevieres,Travel Ski,Tignes,no,https://www.skiline.co.uk/ski-holidays/france/tignes/hotel-club-mmv-tignes-les-brevieres-71-package
Ski Line,crystal-hotel-diva,Hotel Diva,Crystal,Tignes,no,https://www.skiline.co.uk/ski-holidays/france/tignes/hotel-diva
Ski Line,inghams-hotel-le-paquis,Hotel Le Paquis,Inghams,Tignes,no,https://www.skiline.co.uk/ski-holidays/france/tignes/hotel-le-paquis
Ski Line,crystal-hotel-le-taos,Hotel Le Taos,Crystal,Tignes,no,https://www.skiline.co.uk/ski-holidays/france/tignes/hotel-le-taos-4
Ski Line,travel-ski-hotel-les-campanules,Hotel Les Campanules,Travel Ski,Tignes,yes,https://www.skiline.co.uk/ski-holidays/france/tignes/hotel-les-campanules-2
Ski Line,inghams-hotel-levanna,Hotel Levanna,Inghams,Tignes,no,https://www.skiline.co.uk/ski-holidays/france/tignes/hotel-levanna
Ski Line,crystal-hotel-tignes-2100,Hotel Tignes 2100,Crystal,Tignes,no,https://www.skiline.co.uk/ski-holidays/france/tignes/hotel-tignes-2100
Ski Line,inghams-hotel-val-claret,Hotel Val Claret,Inghams,Tignes,no,https://www.skiline.co.uk/ski-holidays/france/tignes/hotel-val-claret
Ski Line,inghams-hotel-voulez-vous,Hotel Voulez Vous,Inghams,Tignes,no,https://www.skiline.co.uk/ski-holidays/france/tignes/hotel-voulez-vous
Ski Line,travel-ski-hotel-voulezvous,Hotel Voulezvous,Travel Ski,Tignes,no,https://www.skiline.co.uk/ski-holidays/france/tignes/hotel-voulezvous
Ski Line,inghams-hotel-laigle-du-montana,Hotel l’Aigle du Montana,Inghams,Tignes,no,https://www.skiline.co.uk/ski-holidays/france/tignes/hotel-laigle-du-montana
Ski Line,inghams-hotel-laiguille-percee,Hotel l’Aiguille Percee,Inghams,Tignes,no,https://www.skiline.co.uk/ski-holidays/france/tignes/hotel-laiguille-percee
Ski Line,crystal-la-ferme-du-val-claret-apartments,La Ferme du Val Claret Apartments,Crystal,Tignes,no,https://www.skiline.co.uk/ski-holidays/france/tignes/la-ferme-du-val-claret-apartments-2
Ski Line,crystal-le-jhana-apartments,Le Jhana Apartments,Crystal,Tignes,no,https://www.skiline.co.uk/ski-holidays/france/tignes/le-jhana-apartments
Ski Line,crystal-le-kalinda-apartments,Le Kalinda Apartments,Crystal,Tignes,no,https://www.skiline.co.uk/ski-holidays/france/tignes/le-kalinda-apartments
Ski Line,crystal-le-taos-apartments,Le Taos Apartments,Crystal,Tignes,no,https://www.skiline.co.uk/ski-holidays/france/tignes/le-taos-apartments
Ski Line,inghams-le-taos-hotel,Le Taos Hotel,Inghams,Tignes,no,https://www.skiline.co.uk/ski-holidays/france/tignes/le-taos-hotel
Ski Line,crystal-laltaviva-apartments,L’Altaviva Apartments,Crystal,Tignes,no,https://www.skiline.co.uk/ski-holidays/france/tignes/laltaviva-apartments
Ski Line,inghams-residence-boutique-lodge-des-neiges,Residence Boutique Lodge des Neiges,Inghams,Tignes,no,https://www.skiline.co.uk/ski-holidays/france/tignes/residence-boutique-lodge-des-neiges
Ski Line,mmv-hotels-residence-club-laltaviva,Residence Club L’Altaviva,MMV Hotels,Tignes,no,https://www.skiline.co.uk/ski-holidays/france/tignes/residence-club-laltaviva
Ski Line,inghams-residence-club-mmv-altaviva,Residence Club MMV Altaviva,Inghams,Tignes,no,https://www.skiline.co.uk/ski-holidays/france/tignes/residence-club-mmv-altaviva
Ski Line,travel-ski-residence-club-mmv-laltaviva,Residence Club MMV L’Altaviva,Travel Ski,Tignes,no,https://www.skiline.co.uk/ski-holidays/france/tignes/residence-club-mmv-laltaviva
Ski Line,inghams-residence-la-ferme-du-val-claret,Residence La Ferme du Val Claret,Inghams,Tignes,no,https://www.skiline.co.uk/ski-holidays/france/tignes/residence-la-ferme-du-val-claret
allChalets,inghams-residence-la-ferme-du-val-claret,Residence La Ferme du Val Claret,Inghams,Tignes,no,https://www.skiline.co.uk/ski-holidays/france/tignes/residence-la-ferme-du-val-claret
Ski Line,crystal-residence-le-nevada-apartments,Residence Le Nevada Apartments,Crystal,Tignes,no,https://www.skiline.co.uk/ski-holidays/france/tignes/residence-le-nevada-apartments
Ski Line,inghams-residence-le-taos,Residence Le Taos,Inghams,Tignes,no,https://www.skiline.co.uk/ski-holidays/france/tignes/residence-le-taos
Ski Line,inghams-residence-le-telemark-apartments,Residence Le Telemark Apartments,Inghams,Tignes,no,https://www.skiline.co.uk/ski-holidays/france/tignes/residence-le-telemark-apartments
Ski Line,inghams-residence-ynycio,Residence YNYCIO,Inghams,Tignes,no,https://www.skiline.co.uk/ski-holidays/france/tignes/residence-ynycio
Ski Line,crystal-residence-ynycio,Residence Ynycio,Crystal,Tignes,no,https://www.skiline.co.uk/ski-holidays/france/tignes/residence-ynycio-2
Ski Line,odalys-residence-le-hameau-du-borsat,Residence le Hameau du Borsat,Odalys,Tignes,no,https://www.skiline.co.uk/ski-holidays/france/tignes/residence-le-hameau-du-borsat
Ski Line,crystal-santa-terra-residence,Santa Terra Residence,Crystal,Tignes,no,https://www.skiline.co.uk/ski-holidays/france/tignes/santa-terra-residence
Ski Line,inghams-village-montana-apartments,Village Montana Apartments,Inghams,Tignes,no,https://www.skiline.co.uk/ski-holidays/france/tignes/village-montana-apartments
Ski Line,inghams-village-montana-hotel,Village Montana Hotel,Inghams,Tignes,no,https://www.skiline.co.uk/ski-holidays/france/tignes/village-montana-hotel
Ski Line,allchalets-chalet-cairn,Chalet Cairn,Crystal,Tignes Le Lac,no,https://www.allchalets.com/holiday-rentals/39433-chalet-in-tignes-le-lac-france
allChalets,allchalets-chalet-cairn,Chalet Cairn,Crystal,Tignes Le Lac,no,https://www.allchalets.com/holiday-rentals/39433-chalet-in-tignes-le-lac-france
Ski Line,crystal-alpina-lodge-apartments,Alpina Lodge Apartments,Crystal,Val d'Isère,no,https://www.skiline.co.uk/ski-holidays/france/val-disere/alpina-lodge-apartments
Ski Line,travel-ski-apartements-rond-point-des-pistes3,Apartements Rond Point Des Pistes3,Travel Ski,Val d'Isère,no,https://www.skiline.co.uk/ski-holidays/france/val-disere/apartements-rond-point-des-pistes3
Ski Line,consensio-apartment-aurora,Apartment Aurora,Consensio,Val d'Isère,no,https://www.skiline.co.uk/ski-holidays/france/val-disere/apartment-aurora
Ski Line,consensio-apartment-ceres,Apartment Ceres,Consensio,Val d'Isère,no,https://www.skiline.co.uk/ski-holidays/france/val-disere/apartment-ceres
Ski Line,consensio-apartment-etoile-filante,Apartment Etoile Filante,Consensio,Val d'Isère,no,https://www.skiline.co.uk/ski-holidays/france/val-disere/apartment-etoile-filante
Ski Line,consensio-apartment-flora,Apartment Flora,Consensio,Val d'Isère,no,https://www.skiline.co.uk/ski-holidays/france/val-disere/apartment-flora
Ski Line,consensio-apartment-les-sorbiers,Apartment Les Sorbiers,Consensio,Val d'Isère,no,https://www.skiline.co.uk/ski-holidays/france/val-disere/apartment-les-sorbiers
Ski Line,consensio-apartment-lorenzo,Apartment Lorenzo,Consensio,Val d'Isère,no,https://www.skiline.co.uk/ski-holidays/france/val-disere/apartment-lorenzo
Ski Line,consensio-apartment-luna,Apartment Luna,Consensio,Val d'Isère,no,https://www.skiline.co.uk/ski-holidays/france/val-disere/apartment-luna
Ski Line,consensio-apartment-tournesol,Apartment Tournesol,Consensio,Val d'Isère,no,https://www.skiline.co.uk/ski-holidays/france/val-disere/apartment-tournesol
Ski Line,travel-ski-apartments-les-jardins-de-val,Apartments Les Jardins De Val,Travel Ski,Val d'Isère,no,https://www.skiline.co.uk/ski-holidays/france/val-disere/apartments-les-jardins-de-val
Ski Line,crystal-avenue-lodge-hotel,Avenue Lodge Hotel,Crystal,Val d'Isère,no,https://www.skiline.co.uk/ski-holidays/france/val-disere/avenue-lodge-hotel
Ski Line,crystal-balcons-de-bellevarde-apartments,Balcons de Bellevarde Apartments,Crystal,Val d'Isère,no,https://www.skiline.co.uk/ski-holidays/france/val-disere/balcons-de-bellevarde-apartments
Ski Line,ski-france-chalet-andes,Chalet Andes,Ski France,Val d'Isère,no,https://www.skiline.co.uk/ski-holidays/france/val-disere/chalet-andes
allChalets,ski-france-chalet-andes,Chalet Andes,Ski France,Val d'Isère,no,https://www.skiline.co.uk/ski-holidays/france/val-disere/chalet-andes
Ski Line,vip-chalet-bel-sol,Chalet Bel Sol,VIP,Val d'Isère,no,https://www.skiline.co.uk/ski-holidays/france/val-disere/chalet-bel-sol
Ski Line,buildmyskitrip-chalet-bivouac,Chalet Bivouac,Buildmyskitrip,Val d'Isère,no,https://www.skiline.co.uk/ski-holidays/france/val-disere/chalet-bivouac
Ski Line,buildmyskitrip-chalet-cabri,Chalet Cabri,Buildmyskitrip,Val d'Isère,no,https://www.skiline.co.uk/ski-holidays/france/val-disere/chalet-cabri
allChalets,buildmyskitrip-chalet-cabri,Chalet Cabri,Buildmyskitrip,Val d'Isère,no,https://www.skiline.co.uk/ski-holidays/france/val-disere/chalet-cabri
Ski Line,purple-ski-chalet-cervinia,Chalet Cervinia,Purple Ski,Val d'Isère,no,https://www.skiline.co.uk/ski-holidays/france/val-disere/chalet-cervinia
Ski Line,ski-beat-chalet-cristal-1,Chalet Cristal 1,Ski Beat,Val d'Isère,no,https://www.skiline.co.uk/ski-holidays/france/val-disere/chalet-cristal-1
Ski Line,ski-beat-chalet-cristal-2,Chalet Cristal 2,Ski Beat,Val d'Isère,no,https://www.skiline.co.uk/ski-holidays/france/val-disere/chalet-cristal-2
Ski Line,ski-beat-chalet-cristal-3,Chalet Cristal 3,Ski Beat,Val d'Isère,no,https://www.skiline.co.uk/ski-holidays/france/val-disere/chalet-cristal-3
Ski Line,ski-beat-chalet-cristal-4,Chalet Cristal 4,Ski Beat,Val d'Isère,no,https://www.skiline.co.uk/ski-holidays/france/val-disere/chalet-cristal-4
Ski Line,ski-beat-chalet-cristal-5,Chalet Cristal 5,Ski Beat,Val d'Isère,no,https://www.skiline.co.uk/ski-holidays/france/val-disere/chalet-cristal-5
Ski Line,bel-val-chalet-cristal-a,Chalet Cristal A,Bel Val,Val d'Isère,no,https://www.skiline.co.uk/ski-holidays/france/val-disere/chalet-cristal-a
Ski Line,bel-val-chalet-cristal-b,Chalet Cristal B,Bel Val,Val d'Isère,no,https://www.skiline.co.uk/ski-holidays/france/val-disere/chalet-cristal-b
Ski Line,ski-france-chalet-falaise,Chalet Falaise,Ski France,Val d'Isère,no,https://www.skiline.co.uk/ski-holidays/france/val-disere/chalet-falaise
allChalets,ski-france-chalet-falaise,Chalet Falaise,Ski France,Val d'Isère,no,https://www.skiline.co.uk/ski-holidays/france/val-disere/chalet-falaise
Ski Line,purple-ski-chalet-inoko,Chalet Inoko,Purple Ski,Val d'Isère,no,https://www.skiline.co.uk/ski-holidays/france/val-disere/chalet-inoko-2
Ski Line,buildmyskitrip-chalet-isara,Chalet Isara,Buildmyskitrip,Val d'Isère,no,https://www.skiline.co.uk/ski-holidays/france/val-disere/chalet-isara
Ski Line,consensio-chalet-juno,Chalet Juno,Consensio,Val d'Isère,no,https://www.skiline.co.uk/ski-holidays/france/val-disere/chalet-juno
Ski Line,ski-france-chalet-les-sources-de-lisere,Chalet Les Sources de l’Isere,Ski France,Val d'Isère,no,https://www.skiline.co.uk/ski-holidays/france/val-disere/chalet-les-sources-de-lisere-contactless-chalet-catering
Ski Line,buildmyskitrip-chalet-madeleine,Chalet Madeleine,Buildmyskitrip,Val d'Isère,no,https://www.skiline.co.uk/ski-holidays/france/val-disere/chalet-madeleine
allChalets,buildmyskitrip-chalet-madeleine,Chalet Madeleine,Buildmyskitrip,Val d'Isère,no,https://www.skiline.co.uk/ski-holidays/france/val-disere/chalet-madeleine
Ski Line,buildmyskitrip-chalet-mowgli,Chalet Mowgli,Buildmyskitrip,Val d'Isère,no,https://www.skiline.co.uk/ski-holidays/france/val-disere/chalet-mowgli-2
allChalets,buildmyskitrip-chalet-mowgli,Chalet Mowgli,Buildmyskitrip,Val d'Isère,no,https://www.skiline.co.uk/ski-holidays/france/val-disere/chalet-mowgli-2
Ski Line,buildmyskitrip-chalet-vanoise,Chalet Vanoise,Buildmyskitrip,Val d'Isère,no,https://www.skiline.co.uk/ski-holidays/france/val-disere/chalet-vanoise
Ski Line,ski-vertigo-chalet-whistler,Chalet Whistler,Ski Vertigo,Val d'Isère,no,https://www.skiline.co.uk/ski-holidays/france/val-disere/chalet-whistler-2
Ski Line,club-med-club-med-val-disere,Club Med Val-d’Isere,Club Med,Val d'Isère,no,https://www.skiline.co.uk/ski-holidays/france/val-disere/club-med-val-disere
Ski Line,crystal-hotel-le-val-disere,Hotel Le Val d’Isere,Crystal,Val d'Isère,no,https://www.skiline.co.uk/ski-holidays/france/val-disere/hotel-le-val-disere-3
Ski Line,crystal-hotel-les-cretes-blanches,Hotel Les Cretes Blanches,Crystal,Val d'Isère,no,https://www.skiline.co.uk/ski-holidays/france/val-disere/hotel-les-cretes-blanches
Ski Line,crystal-hotel-ormelune,Hotel Ormelune,Crystal,Val d'Isère,no,https://www.skiline.co.uk/ski-holidays/france/val-disere/hotel-ormelune-2
Ski Line,crystal-hotel-ski-lodge-val-disere,Hotel Ski Lodge – Val d’Isere,Crystal,Val d'Isère,no,https://www.skiline.co.uk/ski-holidays/france/val-disere/hotel-ski-lodge-2
Ski Line,crystal-hotel-victoria-lodge,Hotel Victoria Lodge,Crystal,Val d'Isère,no,https://www.skiline.co.uk/ski-holidays/france/val-disere/hotel-victoria-lodge
Ski Line,vip-loft-1-aspen-house,Loft 1 Aspen House,VIP,Val d'Isère,no,https://www.skiline.co.uk/ski-holidays/france/val-disere/loft-1-aspen-house
Ski Line,vip-loft-2-aspen-house,Loft 2 Aspen House,VIP,Val d'Isère,no,https://www.skiline.co.uk/ski-holidays/france/val-disere/loft-2-aspen-house
Ski Line,vip-loft-3-aspen-house,Loft 3 Aspen House,VIP,Val d'Isère,no,https://www.skiline.co.uk/ski-holidays/france/val-disere/loft-3-aspen-house
Ski Line,vip-no-3-club-bellevarde,No 3 Club Bellevarde,VIP,Val d'Isère,no,https://www.skiline.co.uk/ski-holidays/france/val-disere/no-3-club-bellevarde
Ski Line,travel-ski-pierre-vacances-residence-les-balcons-de-bellevarde,Pierre & Vacances Residence Les Balcons de Bellevarde,Travel Ski,Val d'Isère,no,https://www.skiline.co.uk/ski-holidays/france/val-disere/apartments-le-bellevarde
Ski Line,travel-ski-residence-chalet-izia,Residence Chalet Izia,Travel Ski,Val d'Isère,no,https://www.skiline.co.uk/ski-holidays/france/val-disere/residence-chalet-izia-2
Ski Line,travel-ski-residence-chalet-skadi,Residence Chalet Skadi,Travel Ski,Val d'Isère,no,https://www.skiline.co.uk/ski-holidays/france/val-disere/residence-chalet-skadi-3
Ski Line,crystal-residence-chalet-skadi,Residence Chalet Skadi,Crystal,Val d'Isère,no,https://www.skiline.co.uk/ski-holidays/france/val-disere/residence-chalet-skadi-4
Ski Line,crystal-residence-la-daille,Residence La Daille,Crystal,Val d'Isère,no,https://www.skiline.co.uk/ski-holidays/france/val-disere/residence-la-daille-2
Ski Line,odalys-residence-les-hauts-du-rogoney,Residence Les Hauts du Rogoney,Odalys,Val d'Isère,no,https://www.skiline.co.uk/ski-holidays/france/val-disere/residence-les-hauts-du-rogoney
Ski Line,odalys-residence-les-jardins-de-val-les-verdets,Residence Les Jardins de Val – Les Verdets,Odalys,Val d'Isère,no,https://www.skiline.co.uk/ski-holidays/france/val-disere/residence-les-jardins-de-val-les-verdets
Les 2 Alpes Réservation,ingenie-les2alpes-chalet-alpaga-n1-chalet-8-people,CHALET ALPAGA n°1 Chalet 8 people -,,Les 2 Alpes,no,https://booking.les2alpes.com/chalet-alpaga-n1-chalet-8-people-les-2-alpes.html
Les 2 Alpes Réservation,ingenie-les2alpes-chalet-badinguet-b-chalet-12-people,CHALET BADINGUET B Chalet 12 people -,,Les 2 Alpes,no,https://booking.les2alpes.com/chalet-badinguet-b-chalet-12-people-les-2-alpes.html
Les 2 Alpes Réservation,ingenie-les2alpes-chalet-badinguet-chalet-12-people,CHALET BADINGUET Chalet 12 people -,,Les 2 Alpes,no,https://booking.les2alpes.com/chalet-badinguet-chalet-12-people-les-2-alpes.html
Les 2 Alpes Réservation,ingenie-les2alpes-chalet-bellecombe-chalet-6-people,CHALET BELLECOMBE Chalet 6 people -,,Les 2 Alpes,no,https://booking.les2alpes.com/chalet-bellecombe-chalet-6-people-les-2-alpes.html
Les 2 Alpes Réservation,ingenie-les2alpes-chalet-bouton-d-or-chalet-12-people,CHALET BOUTON D'OR Chalet 12 people -,,Les 2 Alpes,no,https://booking.les2alpes.com/chalet-bouton-d-or-chalet-12-people-les-2-alpes.html
Les 2 Alpes Réservation,ingenie-les2alpes-chalet-chartreuse-2-chalet-15-people,CHALET CHARTREUSE 2 Chalet 15 people -,,Les 2 Alpes,no,https://booking.les2alpes.com/chalet-chartreuse-2-chalet-15-people-les-2-alpes.html
Les 2 Alpes Réservation,ingenie-les2alpes-chalet-chloelie-appartment-10-people,CHALET CHLOELIE Appartment 10 people,,Les 2 Alpes,no,https://booking.les2alpes.com/chalet-chloelie-appartment-10-people-les-2-alpes.html
Les 2 Alpes Réservation,ingenie-les2alpes-chalet-claparelle-apartment-4-people,CHALET CLAPARELLE Apartment 4 people,,Les 2 Alpes,no,https://booking.les2alpes.com/chalet-claparelle-apartment-4-people-les-2-alpes.html
Les 2 Alpes Réservation,ingenie-les2alpes-chalet-de-marie-n1-chalet-12-people,CHALET DE MARIE N°1 Chalet 12 people,,Les 2 Alpes,no,https://booking.les2alpes.com/chalet-de-marie-n1-chalet-12-people-les-2-alpes.html
Les 2 Alpes Réservation,ingenie-les2alpes-chalet-de-marie-n2-chalet-12-people,CHALET DE MARIE N°2 Chalet 12 people,,Les 2 Alpes,no,https://booking.les2alpes.com/chalet-de-marie-n2-chalet-12-people-les-2-alpes.html
Les 2 Alpes Réservation,ingenie-les2alpes-chalet-erika-chalet-16-people,CHALET ERIKA Chalet 16 people -,,Les 2 Alpes,no,https://booking.les2alpes.com/chalet-erika-chalet-16-people-les-2-alpes.html
Les 2 Alpes Réservation (booking.les2alpes.com),ingenie-les2alpes-chalet-erika-chalet-16-people,CHALET ERIKA Chalet 16 people -,,Les 2 Alpes,no,https://booking.les2alpes.com/chalet-erika-chalet-16-people-les-2-alpes.html
Les 2 Alpes Réservation,ingenie-les2alpes-chalet-faverot-n1-chalet-12-14-people,CHALET FAVEROT N°1 Chalet 12-14 people -,,Les 2 Alpes,no,https://booking.les2alpes.com/chalet-faverot-n1-chalet-12-14-people-les-2-alpes-1.html
Les 2 Alpes Réservation,ingenie-les2alpes-chalet-faverot-n2-chalet-10-people,CHALET FAVEROT N°2 Chalet 10 people -,,Les 2 Alpes,no,https://booking.les2alpes.com/chalet-faverot-n2-chalet-10-people-les-2-alpes-1.html
Les 2 Alpes Réservation,ingenie-les2alpes-chalet-gilda-chalet-12-people,CHALET GILDA Chalet 12 people,,Les 2 Alpes,no,https://booking.les2alpes.com/chalet-gilda-chalet-12-people-les-2-alpes.html
Les 2 Alpes Réservation (booking.les2alpes.com),ingenie-les2alpes-chalet-gilda-chalet-12-people,CHALET GILDA Chalet 12 people,,Les 2 Alpes,no,https://booking.les2alpes.com/chalet-gilda-chalet-12-people-les-2-alpes.html
Les 2 Alpes Réservation,ingenie-les2alpes-chalet-happy-chalet-12-people,CHALET HAPPY Chalet 12 people -,,Les 2 Alpes,no,https://booking.les2alpes.com/chalet-happy-chalet-12-people-les-2-alpes.html
Les 2 Alpes Réservation,ingenie-les2alpes-chalet-husky-chalet-12-people,CHALET HUSKY Chalet 12 people,,Les 2 Alpes,no,https://booking.les2alpes.com/chalet-husky-chalet-12-people-les-2-alpes-1.html
Les 2 Alpes Réservation,ingenie-les2alpes-chalet-l-atelier-chalet-12-people,CHALET L'ATELIER Chalet 12 people -,,Les 2 Alpes,no,https://booking.les2alpes.com/chalet-l-atelier-chalet-12-people-les-2-alpes.html
Les 2 Alpes Réservation (booking.les2alpes.com),ingenie-les2alpes-chalet-l-atelier-chalet-12-people,CHALET L'ATELIER Chalet 12 people -,,Les 2 Alpes,no,https://booking.les2alpes.com/chalet-l-atelier-chalet-12-people-les-2-alpes.html
Les 2 Alpes Réservation,ingenie-les2alpes-chalet-l-olan-chalet-15-people,CHALET L'OLAN Chalet 15 people -,,Les 2 Alpes,no,https://booking.les2alpes.com/chalet-l-olan-chalet-15-people-les-2-alpes.html
Les 2 Alpes Réservation,ingenie-les2alpes-chalet-l-olivier-chalet-12-people,CHALET L'OLIVIER Chalet 12 people -,,Les 2 Alpes,no,https://booking.les2alpes.com/chalet-l-olivier-chalet-12-people-les-2-alpes.html
Les 2 Alpes Réservation (booking.les2alpes.com),ingenie-les2alpes-chalet-l-olivier-chalet-12-people,CHALET L'OLIVIER Chalet 12 people -,,Les 2 Alpes,no,https://booking.les2alpes.com/chalet-l-olivier-chalet-12-people-les-2-alpes.html
Les 2 Alpes Réservation,ingenie-les2alpes-chalet-l-ours-brun-chalet-14-personnes,CHALET L'OURS BRUN Chalet 14 personnes,,Les 2 Alpes,no,https://booking.les2alpes.com/chalet-l-ours-brun-chalet-14-personnes-les-2-alpes.html
Les 2 Alpes Réservation (booking.les2alpes.com),ingenie-les2alpes-chalet-l-ours-brun-chalet-14-personnes,CHALET L'OURS BRUN Chalet 14 personnes,,Les 2 Alpes,no,https://booking.les2alpes.com/chalet-l-ours-brun-chalet-14-personnes-les-2-alpes.html
Les 2 Alpes Réservation,ingenie-les2alpes-chalet-l-ours-des-glaces-chalet-14-people,CHALET L'OURS DES GLACES Chalet 14 people -,,Les 2 Alpes,no,https://booking.les2alpes.com/chalet-l-ours-des-glaces-chalet-14-people-les-2-alpes-1.html
Les 2 Alpes Réservation,ingenie-les2alpes-chalet-l-ours-polaire14-persons-chalet,CHALET L'OURS POLAIRE14 persons chalet,,Les 2 Alpes,no,https://booking.les2alpes.com/chalet-l-ours-polaire14-persons-chalet-les-2-alpes-1.html
Les 2 Alpes Réservation (booking.les2alpes.com),ingenie-les2alpes-chalet-l-ours-polaire14-persons-chalet,CHALET L'OURS POLAIRE14 persons chalet,,Les 2 Alpes,no,https://booking.les2alpes.com/chalet-l-ours-polaire14-persons-chalet-les-2-alpes-1.html
Les 2 Alpes Réservation,ingenie-les2alpes-chalet-l-ours-polaire14-persons-chalet-g-3800-40777,CHALET L'OURS POLAIRE14 persons chalet,,Les 2 Alpes,no,https://booking.les2alpes.com/chalet-l-ours-polaire14-persons-chalet-les-2-alpes-1-1.html
Les 2 Alpes Réservation,ingenie-les2alpes-chalet-l-ours-polaire14-persons-chalet-g-3798-40775,CHALET L'OURS POLAIRE14 persons chalet,,Les 2 Alpes,no,https://booking.les2alpes.com/chalet-l-ours-polaire14-persons-chalet-les-2-alpes.html
Les 2 Alpes Réservation,ingenie-les2alpes-chalet-la-dibona-l-edelweiss-apartment-8-people,CHALET LA DIBONA - L'EDELWEISS Apartment 8 people,,Les 2 Alpes,no,https://booking.les2alpes.com/chalet-la-dibona-l-edelweiss-apartment-8-people-les-2-alpes.html
Les 2 Alpes Réservation,ingenie-les2alpes-chalet-la-dibona-l-ours-apartment-8-people,CHALET LA DIBONA - L'OURS Apartment 8 people,,Les 2 Alpes,no,https://booking.les2alpes.com/chalet-la-dibona-l-ours-apartment-8-people-les-2-alpes.html
Les 2 Alpes Réservation,ingenie-les2alpes-chalet-la-gardette-chalet-10-people,CHALET LA GARDETTE Chalet 10 people,,Les 2 Alpes,no,https://booking.les2alpes.com/chalet-la-gardette-chalet-10-people-les-2-alpes.html
Les 2 Alpes Réservation,ingenie-les2alpes-chalet-la-levanna-occidentale-chalet-14-people,CHALET LA LEVANNA OCCIDENTALE Chalet 14 people,,Les 2 Alpes,no,https://booking.les2alpes.com/chalet-la-levanna-occidentale-chalet-14-people-les-2-alpes.html
Les 2 Alpes Réservation,ingenie-les2alpes-chalet-la-levanna-orientale-chalet-12-people,CHALET LA LEVANNA ORIENTALE - Chalet 12 people,,Les 2 Alpes,no,https://booking.les2alpes.com/chalet-la-levanna-orientale-chalet-12-people-les-2-alpes.html
Les 2 Alpes Réservation,ingenie-les2alpes-chalet-la-muzelle-chalet-15-people,CHALET LA MUZELLE - Chalet 15 people,,Les 2 Alpes,no,https://booking.les2alpes.com/chalet-la-muzelle-chalet-16-18-people-les-2-alpes.html
Les 2 Alpes Réservation (booking.les2alpes.com),ingenie-les2alpes-chalet-la-muzelle-chalet-15-people,CHALET LA MUZELLE - Chalet 15 people,,Les 2 Alpes,no,https://booking.les2alpes.com/chalet-la-muzelle-chalet-16-18-people-les-2-alpes.html
Les 2 Alpes Réservation,ingenie-les2alpes-chalet-la-panthere-des-neiges-chalet-14-people,CHALET LA PANTHERE DES NEIGES Chalet 14 people,,Les 2 Alpes,no,https://booking.les2alpes.com/chalet-la-panthere-des-neiges-chalet-14-people-les-2-alpes.html
Les 2 Alpes Réservation (booking.les2alpes.com),ingenie-les2alpes-chalet-la-panthere-des-neiges-chalet-14-people,CHALET LA PANTHERE DES NEIGES Chalet 14 people,,Les 2 Alpes,no,https://booking.les2alpes.com/chalet-la-panthere-des-neiges-chalet-14-people-les-2-alpes.html
Les 2 Alpes Réservation,ingenie-les2alpes-chalet-la-petite-mariande-chalet-8-people,CHALET LA PETITE MARIANDE Chalet 8 people -,,Les 2 Alpes,no,https://booking.les2alpes.com/chalet-la-petite-mariande-chalet-8-people-les-2-alpes.html
Les 2 Alpes Réservation,ingenie-les2alpes-chalet-le-bouquetin-des-alpes-chalet-10-people,CHALET LE BOUQUETIN DES ALPES Chalet 10 people -,,Les 2 Alpes,no,https://booking.les2alpes.com/chalet-le-bouquetin-des-alpes-chalet-10-people-les-2-alpes.html
Les 2 Alpes Réservation,ingenie-les2alpes-chalet-le-chabichou-15-persons-chalet,CHALET LE CHABICHOU 15 persons Chalet,,Les 2 Alpes,no,https://booking.les2alpes.com/chalet-le-chabichou-15-persons-chalet-les-2-alpes.html
Les 2 Alpes Réservation (booking.les2alpes.com),ingenie-les2alpes-chalet-le-chabichou-15-persons-chalet,CHALET LE CHABICHOU 15 persons Chalet,,Les 2 Alpes,no,https://booking.les2alpes.com/chalet-le-chabichou-15-persons-chalet-les-2-alpes.html
Les 2 Alpes Réservation,ingenie-les2alpes-chalet-le-chablis-chalet-10-people,CHALET LE CHABLIS Chalet 10 people -,,Les 2 Alpes,no,https://booking.les2alpes.com/chalet-le-chablis-chalet-10-people-les-2-alpes.html
Les 2 Alpes Réservation,ingenie-les2alpes-chalet-le-challenge-chalet-14-people,CHALET LE CHALLENGE Chalet 14 people,,Les 2 Alpes,no,https://booking.les2alpes.com/chalet-le-challenge-chalet-14-people-les-2-alpes.html
Les 2 Alpes Réservation,ingenie-les2alpes-chalet-le-chantelouve-n1-apartment-6-people,CHALET LE CHANTELOUVE N°1 Apartment 6 people -,,Les 2 Alpes,no,https://booking.les2alpes.com/chalet-le-chantelouve-n1-apartment-6-people-les-2-alpes.html
Les 2 Alpes Réservation,ingenie-les2alpes-chalet-le-chantelouve-n18-apartment-6-people,CHALET LE CHANTELOUVE N°18 Apartment 6 people,,Les 2 Alpes,no,https://booking.les2alpes.com/chalet-le-chantelouve-n18-apartment-6-people-les-2-alpes.html
Les 2 Alpes Réservation,ingenie-les2alpes-chalet-le-hibou-chalet-14-people,CHALET LE HIBOU Chalet 14 people -,,Les 2 Alpes,no,https://booking.les2alpes.com/chalet-le-hibou-chalet-14-people-les-2-alpes.html
Les 2 Alpes Réservation,ingenie-les2alpes-chalet-le-kodiak-14-persons-chalet,CHALET LE KODIAK 14 persons chalet,,Les 2 Alpes,no,https://booking.les2alpes.com/chalet-le-kodiak-14-persons-chalet-les-2-alpes.html
Les 2 Alpes Réservation,ingenie-les2alpes-chalet-le-lauzet-chalet-14-people,CHALET LE LAUZET Chalet 14 people -,,Les 2 Alpes,no,https://booking.les2alpes.com/chalet-le-lauzet-chalet-14-people-les-2-alpes.html
Les 2 Alpes Réservation,ingenie-les2alpes-chalet-le-lievre-blanc-chalet-14-people,CHALET LE LIEVRE BLANC Chalet 14 people -,,Les 2 Alpes,no,https://booking.les2alpes.com/chalet-le-lievre-blanc-chalet-14-people-les-2-alpes.html
Les 2 Alpes Réservation,ingenie-les2alpes-chalet-le-loup-blanc-chalet-12-people,CHALET LE LOUP BLANC Chalet 12 people -,,Les 2 Alpes,no,https://booking.les2alpes.com/chalet-le-loup-blanc-chalet-12-people-les-2-alpes-1.html
Les 2 Alpes Réservation,ingenie-les2alpes-chalet-le-loup-lodge-chalet-14-people,CHALET LE LOUP LODGE - Chalet 14 people,,Les 2 Alpes,no,https://booking.les2alpes.com/chalet-le-loup-lodge-chalet-14-people-les-2-alpes.html
Les 2 Alpes Réservation,ingenie-les2alpes-chalet-le-lynx-14-persons-chalet,CHALET LE LYNX 14 persons chalet,,Les 2 Alpes,no,https://booking.les2alpes.com/chalet-le-lynx-14-persons-chalet-les-2-alpes.html
Les 2 Alpes Réservation (booking.les2alpes.com),ingenie-les2alpes-chalet-le-lynx-14-persons-chalet,CHALET LE LYNX 14 persons chalet,,Les 2 Alpes,no,https://booking.les2alpes.com/chalet-le-lynx-14-persons-chalet-les-2-alpes.html
Les 2 Alpes Réservation,ingenie-les2alpes-chalet-le-lys-chalet-14-people,CHALET LE LYS - Chalet 14 people -,,Les 2 Alpes,no,https://booking.les2alpes.com/chalet-le-lys-chalet-14-people-les-2-alpes.html
Les 2 Alpes Réservation,ingenie-les2alpes-chalet-le-marmotton-apartment-8-people,CHALET LE MARMOTTON - Apartment 8 people,,Les 2 Alpes,no,https://booking.les2alpes.com/chalet-le-marmotton-apartment-8-people-les-2-alpes.html
Les 2 Alpes Réservation,ingenie-les2alpes-chalet-le-panorama-chalet-12-people,CHALET LE PANORAMA Chalet 12 people -,,Les 2 Alpes,no,https://booking.les2alpes.com/chalet-le-panorama-chalet-12-people-les-2-alpes.html
Les 2 Alpes Réservation (booking.les2alpes.com),ingenie-les2alpes-chalet-le-panorama-chalet-12-people,CHALET LE PANORAMA Chalet 12 people -,,Les 2 Alpes,no,https://booking.les2alpes.com/chalet-le-panorama-chalet-12-people-les-2-alpes.html
Les 2 Alpes Réservation,ingenie-les2alpes-chalet-le-poucet-chalet-7-people,CHALET LE POUCET Chalet 7 people -,,Les 2 Alpes,no,https://booking.les2alpes.com/chalet-le-poucet-chalet-7-people-les-2-alpes.html
Les 2 Alpes Réservation,ingenie-les2alpes-chalet-le-sabot-de-venus-15-persons-chalet,CHALET LE SABOT DE VENUS - 15 persons chalet,,Les 2 Alpes,no,https://booking.les2alpes.com/chalet-le-sabot-de-venus-15-persons-chalet-les-2-alpes.html
Les 2 Alpes Réservation,ingenie-les2alpes-chalet-le-saje-chalet-14-people,CHALET LE SAJE Chalet 14 people,,Les 2 Alpes,no,https://booking.les2alpes.com/chalet-le-saje-chalet-14-people-les-2-alpes.html
Les 2 Alpes Réservation,ingenie-les2alpes-chalet-le-sno-lodge-12-persons-chalet,CHALET LE SNO LODGE 12 persons chalet,,Les 2 Alpes,no,https://booking.les2alpes.com/chalet-le-sno-lodge-12-persons-chalet-les-2-alpes.html
Les 2 Alpes Réservation,ingenie-les2alpes-chalet-le-solaret-apartment-le-solaret-8-people,CHALET LE SOLARET Apartment le Solaret 8 people,,Les 2 Alpes,no,https://booking.les2alpes.com/chalet-le-solaret-apartment-le-solaret-8-people-les-2-alpes-1.html
Les 2 Alpes Réservation,ingenie-les2alpes-chalet-le-telemark-14-persons-chalet,CHALET LE TELEMARK 14 persons chalet,,Les 2 Alpes,no,https://booking.les2alpes.com/chalet-le-telemark-14-persons-chalet-les-2-alpes.html
Les 2 Alpes Réservation,ingenie-les2alpes-chalet-le-vertical-chalet-14-people,CHALET LE VERTICAL Chalet 14 people -,,Les 2 Alpes,no,https://booking.les2alpes.com/chalet-le-vertical-chalet-14-people-les-2-alpes.html
Les 2 Alpes Réservation,ingenie-les2alpes-chalet-les-2-cimes-chalet-15-people,CHALET LES 2 CIMES Chalet 15 people -,,Les 2 Alpes,no,https://booking.les2alpes.com/chalet-les-2-cimes-chalet-15-people-les-2-alpes.html
Les 2 Alpes Réservation,ingenie-les2alpes-chalet-les-alpages-chalet-8-people,CHALET LES ALPAGES Chalet 8 people -,,Les 2 Alpes,no,https://booking.les2alpes.com/chalet-les-alpages-chalet-8-people-les-2-alpes.html
Les 2 Alpes Réservation (booking.les2alpes.com),ingenie-les2alpes-chalet-les-alpages-chalet-8-people,CHALET LES ALPAGES Chalet 8 people -,,Les 2 Alpes,no,https://booking.les2alpes.com/chalet-les-alpages-chalet-8-people-les-2-alpes.html
Les 2 Alpes Réservation,ingenie-les2alpes-chalet-les-clots-chalet-for-8-people,CHALET LES CLOTS Chalet for 8 people -,,Les 2 Alpes,no,https://booking.les2alpes.com/chalet-les-clots-chalet-for-8-people-les-2-alpes.html
Les 2 Alpes Réservation,ingenie-les2alpes-chalet-les-jonquilles-chalet-13-people,CHALET LES JONQUILLES Chalet 13 people,,Les 2 Alpes,no,https://booking.les2alpes.com/chalet-les-jonquilles-chalet-13-people-les-2-alpes-1-1.html
Les 2 Alpes Réservation,ingenie-les2alpes-chalet-les-lauzieres-chalet-15-people,CHALET LES LAUZIERES Chalet 15 people -,,Les 2 Alpes,no,https://booking.les2alpes.com/chalet-les-lauzieres-chalet-15-people-les-2-alpes.html
Les 2 Alpes Réservation,ingenie-les2alpes-chalet-les-lupins-apartement-4-people,CHALET LES LUPINS Apartement 4 people -,,Les 2 Alpes,no,https://booking.les2alpes.com/chalet-les-lupins-apartement-4-people-les-2-alpes.html
Les 2 Alpes Réservation,ingenie-les2alpes-chalet-leslie-alpen-n2-chalet-12-people,CHALET LESLIE ALPEN N°2 Chalet 12 people -,,Les 2 Alpes,no,https://booking.les2alpes.com/chalet-leslie-alpen-n2-chalet-12-people.html
Les 2 Alpes Réservation,ingenie-les2alpes-chalet-loune-chalet-14-people,CHALET LOUNE Chalet 14 people,,Les 2 Alpes,no,https://booking.les2alpes.com/chalet-loune-chalet-14-people-les-2-alpes.html
Les 2 Alpes Réservation,ingenie-les2alpes-chalet-lous-menouts-chalet-10-people,CHALET LOUS MENOUTS Chalet 10 people,,Les 2 Alpes,no,https://booking.les2alpes.com/chalet-lous-menouts-chalet-10-people-les-2-alpes.html
Les 2 Alpes Réservation,ingenie-les2alpes-chalet-mountain-lodge-chalet-12-people,CHALET MOUNTAIN LODGE Chalet 12 people,,Les 2 Alpes,no,https://booking.les2alpes.com/chalet-mountain-lodge-chalet-12-people-les-2-alpes.html
Les 2 Alpes Réservation (booking.les2alpes.com),ingenie-les2alpes-chalet-mountain-lodge-chalet-12-people,CHALET MOUNTAIN LODGE Chalet 12 people,,Les 2 Alpes,no,https://booking.les2alpes.com/chalet-mountain-lodge-chalet-12-people-les-2-alpes.html
Les 2 Alpes Réservation,ingenie-les2alpes-chalet-neige-de-printemps-chalet-13-people,CHALET NEIGE DE PRINTEMPS Chalet 13 people,,Les 2 Alpes,no,https://booking.les2alpes.com/chalet-neige-de-printemps-chalet-13-people-les-2-alpes.html
Les 2 Alpes Réservation,ingenie-les2alpes-chalet-neuf-du-pape-chalet-12-people,CHALET NEUF DU PAPE - Chalet 12 people -,,Les 2 Alpes,no,https://booking.les2alpes.com/chalet-neuf-du-pape-chalet-12-people-les-2-alpes.html
Les 2 Alpes Réservation,ingenie-les2alpes-chalet-neve-chalet-8-people,CHALET NEVE Chalet 8 people -,,Les 2 Alpes,no,https://booking.les2alpes.com/chalet-neve-chalet-8-people-les-2-alpes-1.html
Les 2 Alpes Réservation,ingenie-les2alpes-chalet-nivose-apartment-6-people,CHALET NIVOSE Apartment 6 people -,,Les 2 Alpes,no,https://booking.les2alpes.com/chalet-nivose-apartment-6-people-les-2-alpes.html
Les 2 Alpes Réservation,ingenie-les2alpes-chalet-norma-chalet-12-people,CHALET NORMA Chalet 12 people,,Les 2 Alpes,no,https://booking.les2alpes.com/chalet-norma-chalet-12-people-les-2-alpes.html
Les 2 Alpes Réservation (booking.les2alpes.com),ingenie-les2alpes-chalet-norma-chalet-12-people,CHALET NORMA Chalet 12 people,,Les 2 Alpes,no,https://booking.les2alpes.com/chalet-norma-chalet-12-people-les-2-alpes.html
Les 2 Alpes Réservation,ingenie-les2alpes-chalet-ours-brun-chalet-12-people,CHALET OURS BRUN Chalet 12 people,,Les 2 Alpes,no,https://booking.les2alpes.com/chalet-ours-brun-chalet-12-people-les-2-alpes.html
Les 2 Alpes Réservation,ingenie-les2alpes-chalet-prestige-lodge-chalet-14-people,CHALET PRESTIGE LODGE - Chalet 14 people,,Les 2 Alpes,no,https://booking.les2alpes.com/chalet-prestige-lodge-chalet-14-people-les-2-alpes.html
Les 2 Alpes Réservation,ingenie-les2alpes-chalet-renard-lodge-chalet-14-people,CHALET RENARD LODGE - Chalet 14 people,,Les 2 Alpes,no,https://booking.les2alpes.com/chalet-renard-lodge-chalet-14-people-les-2-alpes.html
Les 2 Alpes Réservation,ingenie-les2alpes-chalet-soleil-d-hiver-chalet-12-people,CHALET SOLEIL D'HIVER Chalet 12 people,,Les 2 Alpes,no,https://booking.les2alpes.com/chalet-soleil-d-hiver-chalet-12-people-les-2-alpes.html
Les 2 Alpes Réservation,ingenie-les2alpes-chalet-solongo-chalet-10-people,CHALET SOLONGO Chalet 10 people -,,Les 2 Alpes,no,https://booking.les2alpes.com/chalet-solongo-chalet-10-people-les-2-alpes.html
Les 2 Alpes Réservation,ingenie-les2alpes-chalet-targuy-chalet-9-people,CHALET TARGUY Chalet 9 people -,,Les 2 Alpes,no,https://booking.les2alpes.com/chalet-targuy-chalet-9-people-les-2-alpes.html
Les 2 Alpes Réservation,ingenie-les2alpes-chalet-tete-moute-chalet-10-people,CHALET TETE MOUTE Chalet 10 people,,Les 2 Alpes,no,https://booking.les2alpes.com/chalet-tete-moute-chalet-10-people-les-2-alpes.html
Les 2 Alpes Réservation,ingenie-les2alpes-chalet-tiplan-chalet-14-people,CHALET TIPLAN Chalet 14 people -,,Les 2 Alpes,no,https://booking.les2alpes.com/chalet-tiplan-chalet-14-people-les-2-alpes.html
Les 2 Alpes Réservation,ingenie-les2alpes-chalet-treluyer-chalet-14-people,CHALET TRELUYER Chalet 14 people,,Les 2 Alpes,no,https://booking.les2alpes.com/chalet-treluyer-chalet-14-people-les-2-alpes.html
Les 2 Alpes Réservation,ingenie-les2alpes-chalet-treluyer-le-diable-apartment-6-people,CHALET TRELUYER LE DIABLE Apartment 6 people,,Les 2 Alpes,no,https://booking.les2alpes.com/chalet-treluyer-le-diable-apartment-6-people-les-2-alpes.html
Les 2 Alpes Réservation,ingenie-les2alpes-chalet-treluyer-le-glacier-apartment-8-people,CHALET TRELUYER LE GLACIER Apartment 8 people,,Les 2 Alpes,no,https://booking.les2alpes.com/chalet-treluyer-le-glacier-apartment-8-people-les-2-alpes.html
Les 2 Alpes Réservation,ingenie-les2alpes-chalet-twin-top-apartment-12-people,CHALET TWIN TOP Apartment 12 people -,,Les 2 Alpes,no,https://booking.les2alpes.com/chalet-twin-top-apartment-12-people-les-2-alpes-1.html
Les 2 Alpes Réservation,ingenie-les2alpes-chambertin-lodge-chalet-12-personnes,CHAMBERTIN LODGE Chalet 12 personnes,,Les 2 Alpes,no,https://booking.les2alpes.com/chambertin-lodge-chalet-12-personnes-les-2-alpes.html
Les 2 Alpes Réservation (booking.les2alpes.com),ingenie-les2alpes-chambertin-lodge-chalet-12-personnes,CHAMBERTIN LODGE Chalet 12 personnes,,Les 2 Alpes,no,https://booking.les2alpes.com/chambertin-lodge-chalet-12-personnes-les-2-alpes.html
Sno,sno-chalet-chamois-volant,Chalet Chamois Volant,unknown (sold via Sno),Les 2 Alpes,no,https://www.sno.co.uk/ski-holidays/chalet-chamois-volant_11273/
Sno,sno-chalet-gorges,Chalet Gorges,unknown (sold via Sno),Les 2 Alpes,no,https://www.sno.co.uk/ski-holidays/chalet-gorges_13075/
allChalets,sno-chalet-gorges,Chalet Gorges,unknown (sold via Sno),Les 2 Alpes,no,https://www.sno.co.uk/ski-holidays/chalet-gorges_13075/
Sno,sno-chalet-les-anemones,Chalet Les Anemones,unknown (sold via Sno),Les 2 Alpes,no,https://www.sno.co.uk/ski-holidays/chalet-les-anemones_21118/
allChalets,sno-chalet-les-anemones,Chalet Les Anemones,unknown (sold via Sno),Les 2 Alpes,no,https://www.sno.co.uk/ski-holidays/chalet-les-anemones_21118/
Altitude Holidays,altitude-holidays-chalet-les-jonquilles,Chalet Les Jonquilles,,Les 2 Alpes,no,https://altitudeholidays.co.uk/resorts/france/les-deux-alpes/accommodation/property/chalet-les-jonquilles
Sno,sno-chalet-les-rouses,Chalet Les Rouses,unknown (sold via Sno),Les 2 Alpes,no,https://www.sno.co.uk/ski-holidays/chalet-les-rouses_11275/
allChalets,sno-chalet-les-rouses,Chalet Les Rouses,unknown (sold via Sno),Les 2 Alpes,no,https://www.sno.co.uk/ski-holidays/chalet-les-rouses_11275/
Les 2 Alpes Réservation,ingenie-les2alpes-house-alice-apartment-ancolie-10-people,HOUSE ALICE Apartment Ancolie 10 people -,,Les 2 Alpes,no,https://booking.les2alpes.com/house-alice-apartment-ancolie-10-people-les-2-alpes.html
Les 2 Alpes Réservation,ingenie-les2alpes-house-alice-apartment-anemone-14-people,HOUSE ALICE Apartment Anémone 14 people -,,Les 2 Alpes,no,https://booking.les2alpes.com/house-alice-apartment-anemone-14-people-les-2-alpes.html
Les 2 Alpes Réservation,ingenie-les2alpes-l-ecrin-blanc-chalet-8-personnes,L'ECRIN BLANC Chalet 8 personnes,,Les 2 Alpes,no,https://booking.les2alpes.com/l-ecrin-blanc-chalet-8-personnes-les-2-alpes.html
Les 2 Alpes Réservation,ingenie-les2alpes-la-levanna-apartment-5-people,LA LEVANNA Apartment 5 people -,,Les 2 Alpes,no,https://booking.les2alpes.com/la-levanna-apartment-5-people-les-2-alpes.html
Les 2 Alpes Réservation,ingenie-les2alpes-le-chalet-aigle-royal-chalet-8-people,LE CHALET AIGLE ROYAL Chalet 8 people -,,Les 2 Alpes,no,https://booking.les2alpes.com/le-chalet-aigle-royal-chalet-8-people-les-2-alpes.html
Les 2 Alpes Réservation,ingenie-les2alpes-le-chalet-balalaika-chalet-11-people,LE CHALET BALALAIKA Chalet 11 people -,,Les 2 Alpes,no,https://booking.les2alpes.com/le-chalet-balalaika-chalet-11-people-les-2-alpes.html
Les 2 Alpes Réservation,ingenie-les2alpes-le-chalet-bellachom-1657-chalet-14-people,LE CHALET BELLACHOM 1657 Chalet 14 people -,,Les 2 Alpes,no,https://booking.les2alpes.com/le-chalet-bellachom-1657-chalet-14-people-les-2-alpes.html
Les 2 Alpes Réservation,ingenie-les2alpes-le-chalet-cimeo-chalet-12-people,LE CHALET CIMEO Chalet 12 people,,Les 2 Alpes,no,https://booking.les2alpes.com/le-chalet-cimeo-chalet-12-people-les-2-alpes.html
Les 2 Alpes Réservation,ingenie-les2alpes-le-chalet-clos-chalance-apartment-10-people,LE CHALET CLOS CHALANCE Apartment 10 people,,Les 2 Alpes,no,https://booking.les2alpes.com/le-chalet-clos-chalance-apartment-10-people-les-2-alpes.html
Les 2 Alpes Réservation,ingenie-les2alpes-le-chalet-clos-chalance-apartment-6-people,LE CHALET CLOS CHALANCE Apartment 6 people,,Les 2 Alpes,no,https://booking.les2alpes.com/le-chalet-clos-chalance-apartment-6-people-les-2-alpes.html
Les 2 Alpes Réservation,ingenie-les2alpes-le-chalet-d-isa-apartment-6-people,LE CHALET D'ISA Apartment 6 people -,,Les 2 Alpes,no,https://booking.les2alpes.com/le-chalet-d-isa-apartment-6-people-les-2-alpes.html
Les 2 Alpes Réservation,ingenie-les2alpes-le-chalet-d-orion-chalet-15-people,LE CHALET D'ORION Chalet 15 people,,Les 2 Alpes,no,https://booking.les2alpes.com/le-chalet-d-orion-chalet-15-people-les-2-alpes.html
Les 2 Alpes Réservation,ingenie-les2alpes-le-chalet-des-trois-ours-deva-n1-apartment-9-people,LE CHALET DES TROIS OURS - DEVA N°1 Apartment 9 people,,Les 2 Alpes,no,https://booking.les2alpes.com/le-chalet-des-trois-ours-deva-n1-apartment-9-people-les-2-alpes.html
Les 2 Alpes Réservation,ingenie-les2alpes-le-chalet-des-trois-ours-deva-n2-apartment-11-people,LE CHALET DES TROIS OURS - DEVA N°2 Apartment 11 people,,Les 2 Alpes,no,https://booking.les2alpes.com/le-chalet-des-trois-ours-deva-n2-apartment-11-people-les-2-alpes.html
Les 2 Alpes Réservation,ingenie-les2alpes-le-chalet-des-trois-ours-deva-n3-apartment-11-people,LE CHALET DES TROIS OURS - DEVA N°3 Apartment 11 people,,Les 2 Alpes,no,https://booking.les2alpes.com/le-chalet-des-trois-ours-deva-n3-apartment-11-people-les-2-alpes.html
Les 2 Alpes Réservation,ingenie-les2alpes-le-chalet-lauranoure-diable-apartment-8-people,LE CHALET LAURANOURE DIABLE Apartment 8 people,,Les 2 Alpes,no,https://booking.les2alpes.com/le-chalet-lauranoure-diable-apartment-8-people-les-2-alpes.html
Les 2 Alpes Réservation,ingenie-les2alpes-le-chalet-panoramik-chalet-14-people,LE CHALET PANORAMIK Chalet 14 people -,,Les 2 Alpes,no,https://booking.les2alpes.com/le-chalet-panoramik-chalet-14-people-les-2-alpes.html
Les 2 Alpes Réservation,ingenie-les2alpes-le-chalet-premiere-loge-chalet-12-people,LE CHALET PREMIERE LOGE Chalet 12 people -,,Les 2 Alpes,no,https://booking.les2alpes.com/le-chalet-premiere-loge-chalet-12-people-les-2-alpes.html
Les 2 Alpes Réservation,ingenie-les2alpes-le-chalet-ruby-chalet-15-people,LE CHALET RUBY Chalet 15 people -,,Les 2 Alpes,no,https://booking.les2alpes.com/le-chalet-ruby-chalet-15-people-les-2-alpes.html
Les 2 Alpes Réservation,ingenie-les2alpes-le-chalet-solski-cote-belle-apartment-10-people,LE CHALET SOLSKI COTE BELLE Apartment 10 people,,Les 2 Alpes,no,https://booking.les2alpes.com/le-chalet-solski-cote-belle-apartment-10-people-les-2-alpes.html
Les 2 Alpes Réservation,ingenie-les2alpes-le-chalet-tout-schuss-chalet-14-people,LE CHALET TOUT SCHUSS Chalet 14 people -,,Les 2 Alpes,no,https://booking.les2alpes.com/le-chalet-tout-schuss-chalet-14-people-les-2-alpes.html
Les 2 Alpes Réservation,ingenie-les2alpes-le-chalet-valentine-chalet-12-people,LE CHALET VALENTINE Chalet 12 people -,,Les 2 Alpes,no,https://booking.les2alpes.com/le-chalet-valentine-chalet-12-people-les-2-alpes.html
Les 2 Alpes Réservation,ingenie-les2alpes-le-p-tit-chalet-chalet-6-people,LE P'TIT CHALET Chalet 6 people -,,Les 2 Alpes,no,https://booking.les2alpes.com/le-p-tit-chalet-chalet-6-people-les-2-alpes.html
Les 2 Alpes Réservation,ingenie-les2alpes-le-sapinou-apartment-10-people,LE SAPINOU Apartment 10 people -,,Les 2 Alpes,no,https://booking.les2alpes.com/le-sapinou-apartment-10-people-les-2-alpes.html
Les 2 Alpes Réservation,ingenie-les2alpes-le-sapinou-apartment-6-people,LE SAPINOU apartment 6 people -,,Les 2 Alpes,no,https://booking.les2alpes.com/le-sapinou-apartment-6-people-les-2-alpes.html
Les 2 Alpes Réservation,ingenie-les2alpes-les-clochettes-n1-apartment-10-people,LES CLOCHETTES N°1 Apartment 10 people -,,Les 2 Alpes,no,https://booking.les2alpes.com/les-clochettes-n1-apartment-10-people-les-2-alpes.html
Les 2 Alpes Réservation,ingenie-les2alpes-les-marronniers-rdc-apartment-6-people,LES MARRONNIERS RDC Apartment 6 people -,,Les 2 Alpes,no,https://booking.les2alpes.com/les-marronniers-rdc-apartment-6-people.html
Les 2 Alpes Réservation,ingenie-les2alpes-les-myrtilles-apartment-10-people,LES MYRTILLES Apartment 10 people -,,Les 2 Alpes,no,https://booking.les2alpes.com/les-myrtilles-apartment-10-people-les-2-alpes.html
Les 2 Alpes Réservation,ingenie-les2alpes-les-sequoias-chalet-10-n103-apartment-4-people,LES SEQUOIAS Chalet 10 N°103 Apartment 4 people,,Les 2 Alpes,no,https://booking.les2alpes.com/les-sequoias-chalet-10-n103-apartment-4-people-les-2-alpes.html
Altitude Holidays,altitude-holidays-les-2-alpes-116,Les 2 Alpes 116,,Les 2 Alpes,no,https://altitudeholidays.co.uk/resorts/france/les-deux-alpes/accommodation/property/les-2-alpes-116
Altitude Holidays,altitude-holidays-les-2-alpes-117,Les 2 Alpes 117,,Les 2 Alpes,no,https://altitudeholidays.co.uk/resorts/france/les-deux-alpes/accommodation/property/les-2-alpes-117
Les 2 Alpes Réservation,ingenie-les2alpes-snowy-chalet-apartment-8-people-6-adults-2-children,SNOWY CHALET Apartment 8 people (6 adults + 2 children),,Les 2 Alpes,no,https://booking.les2alpes.com/snowy-chalet-apartment-8-people-6-adults-2-children-les-2-alpes.html
Les 2 Alpes Réservation,ingenie-les2alpes-chalet-le-petit-bes-chalet-14-people-mont-de-lans-village,Chalet LE PETIT BES Chalet 14 people (Mont de Lans village) -,,Mont-de-Lans,no,https://booking.les2alpes.com/chalet-le-petit-bes-chalet-14-people-mont-de-lans-village-mont-de-lans-village.html
Les 2 Alpes Réservation,ingenie-les2alpes-le-chalet-zoeva-chalet-12-people-mont-de-lans-village,LE CHALET ZOEVA Chalet 12 people (Mont de Lans Village),,Mont-de-Lans,no,https://booking.les2alpes.com/le-chalet-zoeva-chalet-12-people-mont-de-lans-village-mont-de-lans-village.html
Les 2 Alpes Réservation,ingenie-les2alpes-chalet-la-sagnette-venosc-village-chalet-10-people,CHALET LA SAGNETTE (Venosc Village) Chalet 10 people -,,Vénosc,no,https://booking.les2alpes.com/chalet-la-sagnette-venosc-village-chalet-10-people-venosc-village.html
Les 2 Alpes Réservation,ingenie-les2alpes-chalet-meleze-venosc-village-chalet-11-people,CHALET MELEZE (Venosc village) Chalet 11 people,,Vénosc,no,https://booking.les2alpes.com/chalet-meleze-venosc-village-chalet-11-people-venosc-village.html
Les 2 Alpes Réservation,ingenie-les2alpes-l-asphodele-venosc-village-chalet-12-people,L' ASPHODELE (Venosc Village) Chalet 12 people -,,Vénosc,no,https://booking.les2alpes.com/l-asphodele-venosc-village-chalet-12-people-venosc-village.html
Les 2 Alpes Réservation,ingenie-les2alpes-l-aigle-venosc-village-chalet-10-people,L'AIGLE (Venosc Village) Chalet 10 people -,,Vénosc,no,https://booking.les2alpes.com/l-aigle-venosc-village-chalet-10-people-venosc-village.html
Les 2 Alpes Réservation,ingenie-les2alpes-la-terrasse-du-replat-venosc-village-chalet-12-people,LA TERRASSE DU REPLAT (Venosc Village) Chalet 12 people -,,Vénosc,no,https://booking.les2alpes.com/la-terrasse-du-replat-venosc-village-chalet-12-people-venosc-village.html
Les 2 Alpes Réservation,ingenie-les2alpes-le-chalet-de-pascale-venosc-village-chalet-14-people,LE CHALET DE PASCALE (Venosc Village) Chalet 14 people -,,Vénosc,no,https://booking.les2alpes.com/le-chalet-de-pascale-venosc-village-chalet-14-people-venosc-village.html
Les 2 Alpes Réservation,ingenie-les2alpes-le-chalet-des-amis-venosc-village-chalet-12-people,LE CHALET DES AMIS (Venosc Village) Chalet 12 people -,,Vénosc,no,https://booking.les2alpes.com/le-chalet-des-amis-venosc-village-chalet-12-people-venosc-village.html
Les 2 Alpes Réservation,ingenie-les2alpes-le-foyer-venosc-village-chalet-12-people,LE FOYER (Venosc Village) Chalet 12 people -,,Vénosc,no,https://booking.les2alpes.com/le-foyer-venosc-village-chalet-12-people-venosc-village.html
Les 2 Alpes Réservation,ingenie-les2alpes-le-grill-venosc-village-chalet-14-people,LE GRILL (Venosc Village) Chalet 14 people,,Vénosc,no,https://booking.les2alpes.com/le-grill-venosc-village-chalet-14-people-venosc-village.html
Les 2 Alpes Réservation,ingenie-les2alpes-le-kerl-venosc-village-chalet-8-people,LE KERL (Venosc village) - Chalet 8 people -,,Vénosc,no,https://booking.les2alpes.com/le-kerl-venosc-village-chalet-8-people-venosc-village.html
Les 2 Alpes Réservation,ingenie-les2alpes-le-lodge-venosc-village-chalet-14-people,LE LODGE (Venosc Village) Chalet 14 people -,,Vénosc,no,https://booking.les2alpes.com/le-lodge-venosc-village-chalet-14-people-venosc-village.html
Les 2 Alpes Réservation,ingenie-les2alpes-le-pic-venosc-village-chalet-14-people,LE PIC (Venosc Village) Chalet 14 people -,,Vénosc,no,https://booking.les2alpes.com/le-pic-venosc-village-chalet-14-people-venosc-village.html
Les 2 Alpes Réservation,ingenie-les2alpes-le-snug-venosc-village-chalet-6-people,LE SNUG (Venosc Village) Chalet 6 people -,,Vénosc,no,https://booking.les2alpes.com/le-snug-venosc-village-chalet-6-people-venosc-village.html
Ski Line,crystal-grand-chalet-brides-les-bains,Grand Chalet Brides-Les-Bains,Crystal,Brides-les-Bains,no,https://www.skiline.co.uk/ski-holidays/france/brides-les-bains/le-grand-chalet-studios
Ski Line,crystal-hotel-amelie,Hotel Amelie,Crystal,Brides-les-Bains,yes,https://www.skiline.co.uk/ski-holidays/france/brides-les-bains/hotel-amelie
Ski Line,crystal-hotel-la-vanoise-1825,Hotel La Vanoise 1825,Crystal,Brides-les-Bains,yes,https://www.skiline.co.uk/ski-holidays/france/brides-les-bains/hotel-la-vanoise-1825
Ski Line,consensio-apartment-penthouse-b,Apartment Penthouse B,Consensio,Courchevel,no,https://www.skiline.co.uk/ski-holidays/france/courchevel/apartment-penthouse-b
Sno,sno-chalet-aigle-blanc,Chalet Aigle Blanc,unknown (sold via Sno),Courchevel,no,https://www.sno.co.uk/ski-holidays/chalet-aigle-blanc_22008/
Ski Line,consensio-chalet-bacchus,Chalet Bacchus,Consensio,Courchevel,no,https://www.skiline.co.uk/ski-holidays/france/courchevel/chalet-bacchus
Ski Line,consensio-chalet-carat,Chalet Carat,Consensio,Courchevel,no,https://www.skiline.co.uk/ski-holidays/france/courchevel/chalet-carat
Ski Line,le-ski-chalet-caribou,Chalet Caribou,Le Ski,Courchevel,no,https://www.skiline.co.uk/ski-holidays/france/courchevel/chalet-caribou
Ski Line,the-alpine-generation-chalet-darbeilo,Chalet Darbeilo,The Alpine Generation,Courchevel,no,https://www.skiline.co.uk/ski-holidays/france/courchevel/chalet-darbeilo
Ski Line,alpine-escape-chalet-dulcis-casu,Chalet Dulcis Casu,Alpine Escape,Courchevel,no,https://www.skiline.co.uk/ski-holidays/france/courchevel/chalet-dulcis-casu
Sno,sno-chalet-eagle-s-nest,Chalet Eagle's Nest,unknown (sold via Sno),Courchevel,no,https://www.sno.co.uk/ski-holidays/chalet-eagle-s-nest_18483/
Ski Line,le-ski-chalet-ecureuil,Chalet Ecureuil,Le Ski,Courchevel,no,https://www.skiline.co.uk/ski-holidays/france/courchevel/chalet-ecureuil
Sno,sno-chalet-ecureuil-courchevel,Chalet Ecureuil,unknown (sold via Sno),Courchevel,no,https://www.sno.co.uk/ski-holidays/chalet-ecureuil_22971/
Sno,sno-chalet-elixir,Chalet Elixir,unknown (sold via Sno),Courchevel,no,https://www.sno.co.uk/ski-holidays/chalet-elixir_22804/
Sno,sno-chalet-eterlou,Chalet Eterlou,unknown (sold via Sno),Courchevel,no,https://www.sno.co.uk/ski-holidays/chalet-eterlou_13367/
Sno,sno-chalet-face-nord,Chalet Face Nord,unknown (sold via Sno),Courchevel,no,https://www.sno.co.uk/ski-holidays/chalet-face-nord_22674/
Ski Line,sno-chalet-golden-eagle,Chalet Golden Eagle,Le Ski,Courchevel,no,https://www.sno.co.uk/ski-holidays/chalet-golden-eagle_18465/
Sno,sno-chalet-golden-eagle,Chalet Golden Eagle,Le Ski,Courchevel,no,https://www.sno.co.uk/ski-holidays/chalet-golden-eagle_18465/
Ski Line,sno-chalet-le-bisolet,Chalet Le Bisolet,Le Ski,Courchevel,no,https://www.sno.co.uk/ski-holidays/chalet-le-bisolet_13372/
Sno,sno-chalet-le-bisolet,Chalet Le Bisolet,Le Ski,Courchevel,no,https://www.sno.co.uk/ski-holidays/chalet-le-bisolet_13372/
Ski Line,le-ski-chalet-le-blanchot,Chalet Le Blanchot,Le Ski,Courchevel,no,https://www.skiline.co.uk/ski-holidays/france/courchevel/chalet-le-blanchot
Ski Line,sno-chalet-le-bouquetin,Chalet Le Bouquetin,Le Ski,Courchevel,no,https://www.sno.co.uk/ski-holidays/chalet-le-bouquetin_13368/
Sno,sno-chalet-le-bouquetin,Chalet Le Bouquetin,Le Ski,Courchevel,no,https://www.sno.co.uk/ski-holidays/chalet-le-bouquetin_13368/
Ski Line,sno-chalet-le-notus,Chalet Le Notus,Le Ski,Courchevel,no,https://www.sno.co.uk/ski-holidays/chalet-le-notus_13377/
Sno,sno-chalet-le-notus,Chalet Le Notus,Le Ski,Courchevel,no,https://www.sno.co.uk/ski-holidays/chalet-le-notus_13377/
Ski Line,le-ski-chalet-les-marmottes,Chalet Les Marmottes,Le Ski,Courchevel,no,https://www.skiline.co.uk/ski-holidays/france/courchevel/chalet-les-marmottes
Sno,sno-chalet-les-marmottes,Chalet Les Marmottes,unknown (sold via Sno),Courchevel,no,https://www.sno.co.uk/ski-holidays/chalet-les-marmottes_13364/
Ski Line,le-ski-chalet-leterlou,Chalet L’Eterlou,Le Ski,Courchevel,no,https://www.skiline.co.uk/ski-holidays/france/courchevel/chalet-leterlou
Ski Line,purple-ski-chalet-margaux,Chalet Margaux,Purple Ski,Courchevel,no,https://www.skiline.co.uk/ski-holidays/france/courchevel/chalet-margaux-3
Ski Line,sno-chalet-mistral,Chalet Mistral,Le Ski,Courchevel,no,https://www.sno.co.uk/ski-holidays/chalet-mistral_18435/
Sno,sno-chalet-mistral,Chalet Mistral,Le Ski,Courchevel,no,https://www.sno.co.uk/ski-holidays/chalet-mistral_18435/
Sno,sno-chalet-perce-neige,Chalet Perce Neige,unknown (sold via Sno),Courchevel,no,https://www.sno.co.uk/ski-holidays/chalet-perce-neige_22590/
Ski Line,sno-chalet-premier-de-cordee,Chalet Premier de Cordee,Le Ski,Courchevel,no,https://www.sno.co.uk/ski-holidays/chalet-premier-de-cordee_13379/
Sno,sno-chalet-premier-de-cordee,Chalet Premier de Cordee,Le Ski,Courchevel,no,https://www.sno.co.uk/ski-holidays/chalet-premier-de-cordee_13379/
Ski Line,sno-chalet-rikiki,Chalet Rikiki,Le Ski,Courchevel,no,https://www.sno.co.uk/ski-holidays/chalet-rikiki_13381/
Sno,sno-chalet-rikiki,Chalet Rikiki,Le Ski,Courchevel,no,https://www.sno.co.uk/ski-holidays/chalet-rikiki_13381/
Ski Line,consensio-chalet-st-christophe,Chalet St. Christophe,Consensio,Courchevel,no,https://www.skiline.co.uk/ski-holidays/france/courchevel/chalet-st-christophe
Ski Line,le-ski-eagles-nest,Eagle’s Nest,Le Ski,Courchevel,no,https://www.skiline.co.uk/ski-holidays/france/courchevel/eagles-nest
Ski Line,inghams-fahrenheit-seven,Fahrenheit Seven,Inghams,Courchevel,no,https://www.skiline.co.uk/ski-holidays/france/courchevel/fahrenheit-seven
Ski Line,crystal-fahrenheit-seven-courchevel-hotel,Fahrenheit Seven Courchevel Hotel,Crystal,Courchevel,no,https://www.skiline.co.uk/ski-holidays/france/courchevel/fahrenheit-seven-courchevel-hotel
Ski Line,inghams-hotel-les-flocons-courchevel,Hotel Les Flocons – Courchevel,Inghams,Courchevel,no,https://www.skiline.co.uk/ski-holidays/france/courchevel/hotel-les-flocons-courchevel
Ski Line,inghams-hotel-les-sherpas,Hotel Les Sherpas,Inghams,Courchevel,no,https://www.skiline.co.uk/ski-holidays/france/courchevel/hotel-les-sherpas-2
Ski Line,crystal-hotel-olympic,Hotel Olympic,Crystal,Courchevel,no,https://www.skiline.co.uk/ski-holidays/france/courchevel/hotel-olympic-2
Ski Line,inghams-hotel-olympic,Hotel Olympic,Inghams,Courchevel,no,https://www.skiline.co.uk/ski-holidays/france/courchevel/hotel-olympic
Ski Line,inghams-residence-britania,Residence Britania,Inghams,Courchevel,no,https://www.skiline.co.uk/ski-holidays/france/courchevel/residence-britania
Sno,sno-chalet-alpamayor-maia,Chalet Alpamayor Maia,unknown (sold via Sno),Courchevel 1550 (Village),no,https://www.sno.co.uk/ski-holidays/chalet-alpamayor-maia_21966/
Sno,sno-chalet-alpinum,Chalet Alpinum,unknown (sold via Sno),Courchevel 1550 (Village),no,https://www.sno.co.uk/ski-holidays/chalet-alpinum_21854/
Sno,sno-chalet-ancolie,Chalet Ancolie,unknown (sold via Sno),Courchevel 1550 (Village),no,https://www.sno.co.uk/ski-holidays/chalet-ancolie_22476/
Ski Line,sno-chalet-benjamin,Chalet Benjamin,Ski World,Courchevel 1550 (Village),no,https://www.sno.co.uk/ski-holidays/chalet-benjamin_15588/
Sno,sno-chalet-benjamin,Chalet Benjamin,Ski World,Courchevel 1550 (Village),no,https://www.sno.co.uk/ski-holidays/chalet-benjamin_15588/
Sno,sno-chalet-ciuk,Chalet Ciuk,unknown (sold via Sno),Courchevel 1550 (Village),no,https://www.sno.co.uk/ski-holidays/chalet-ciuk_22811/
Ski Line,sno-chalet-jacques,Chalet Jacques,Ski World,Courchevel 1550 (Village),no,https://www.sno.co.uk/ski-holidays/chalet-jacques_15541/
Sno,sno-chalet-jacques,Chalet Jacques,Ski World,Courchevel 1550 (Village),no,https://www.sno.co.uk/ski-holidays/chalet-jacques_15541/
Sno,sno-chalet-kibo,Chalet Kibo,unknown (sold via Sno),Courchevel 1550 (Village),no,https://www.sno.co.uk/ski-holidays/chalet-kibo_21843/
Sno,sno-chalet-la-poudreuse,Chalet LA POUDREUSE,unknown (sold via Sno),Courchevel 1550 (Village),no,https://www.sno.co.uk/ski-holidays/chalet-la-poudreuse_21968/
Sno,sno-chalet-les-petits-grebiers,Chalet Les Petits Grébiers,unknown (sold via Sno),Courchevel 1550 (Village),no,https://www.sno.co.uk/ski-holidays/chalet-les-petits-gr-biers_22467/
Sno,sno-chalet-prosper,Chalet Prosper,unknown (sold via Sno),Courchevel 1550 (Village),no,https://www.sno.co.uk/ski-holidays/chalet-prosper_22642/
Ski Line,sno-chalet-samuel,Chalet Samuel,Ski World,Courchevel 1550 (Village),no,https://www.sno.co.uk/ski-holidays/chalet-samuel_15589/
Sno,sno-chalet-samuel,Chalet Samuel,Ski World,Courchevel 1550 (Village),no,https://www.sno.co.uk/ski-holidays/chalet-samuel_15589/
Sno,sno-chalet-san-pietro,Chalet San Pietro,unknown (sold via Sno),Courchevel 1550 (Village),no,https://www.sno.co.uk/ski-holidays/chalet-san-pietro_22710/
Sno,sno-chalet-white-sand,Chalet White Sand,unknown (sold via Sno),Courchevel 1550 (Village),no,https://www.sno.co.uk/ski-holidays/chalet-white-sand_22801/
Sno,sno-sasha-apartment-3,Sasha Apartment 3,unknown (sold via Sno),Courchevel 1550 (Village),no,https://www.sno.co.uk/ski-holidays/sasha-apartment-3_21490/
Sno,sno-sasha-apartment-4,Sasha Apartment 4,unknown (sold via Sno),Courchevel 1550 (Village),no,https://www.sno.co.uk/ski-holidays/sasha-apartment-4_21479/
Les 3 Vallées Réservation,les3vallees-ariondaz-fritillaire-243-apartment-5-rooms-8-persons,ARIONDAZ FRITILLAIRE 243 - Apartment 5 rooms 8 persons,,Courchevel 1650 (Moriond),no,https://reservation.les3vallees.com/en/product-30456-ariondaz-fritillaire-243-apartment-5-rooms-8-persons
Les 3 Vallées Réservation,les3vallees-ariondaz-hellebore-223-apartment-4-rooms-8-persons,ARIONDAZ HELLEBORE 223 - Apartment 4 rooms 8 persons,,Courchevel 1650 (Moriond),no,https://reservation.les3vallees.com/en/product-30458-ariondaz-hellebore-223-apartment-4-rooms-8-persons
Les 3 Vallées Réservation,les3vallees-ariondaz-501-apartment-5-rooms-10-persons,Ariondaz 501 - Apartment 5 rooms 10 persons,,Courchevel 1650 (Moriond),no,https://reservation.les3vallees.com/en/product-9944-ariondaz-501-apartment-5-rooms-10-persons
Les 3 Vallées Réservation,les3vallees-canyon-lodge-chalet-centenary-12-persons,CANYON LODGE - Chalet Centenary 12 persons,,Courchevel 1650 (Moriond),no,https://reservation.les3vallees.com/en/product-30468-canyon-lodge-chalet-centenary-12-persons
Les 3 Vallées Réservation,les3vallees-chasseforet-chalet-7-rooms-12-persons,CHASSEFORET - Chalet 7 rooms 12 persons,,Courchevel 1650 (Moriond),no,https://reservation.les3vallees.com/en/product-30467-chasseforet-chalet-7-rooms-12-persons
Les 3 Vallées Réservation,les3vallees-cortina-chalet-5-rooms-10-persons,CORTINA - Chalet 5 rooms 10 persons,,Courchevel 1650 (Moriond),no,https://reservation.les3vallees.com/en/product-79-cortina-chalet-5-rooms-10-persons
Sno,sno-chalet-agathe-blanche,Chalet Agathe Blanche,unknown (sold via Sno),Courchevel 1650 (Moriond),no,https://www.sno.co.uk/ski-holidays/chalet-agathe-blanche_22599/
Sno,sno-chalet-arpont,Chalet Arpont,unknown (sold via Sno),Courchevel 1650 (Moriond),no,https://www.sno.co.uk/ski-holidays/chalet-arpont_22411/
Sno,sno-chalet-ascension,Chalet Ascension,unknown (sold via Sno),Courchevel 1650 (Moriond),no,https://www.sno.co.uk/ski-holidays/chalet-ascension_21362/
Sno,sno-chalet-belle-place-2,Chalet Belle Place 2,unknown (sold via Sno),Courchevel 1650 (Moriond),no,https://www.sno.co.uk/ski-holidays/chalet-belle-place-2_22660/
Ski Line,sno-chalet-bellevue,Chalet Bellevue,Le Ski,Courchevel 1650 (Moriond),no,https://www.sno.co.uk/ski-holidays/chalet-bellevue_13366/
Sno,sno-chalet-bellevue,Chalet Bellevue,Le Ski,Courchevel 1650 (Moriond),no,https://www.sno.co.uk/ski-holidays/chalet-bellevue_13366/
Sno,sno-chalet-caribou-courchevel-1650,Chalet Caribou,unknown (sold via Sno),Courchevel 1650 (Moriond),no,https://www.sno.co.uk/ski-holidays/chalet-caribou_13370/
Sno,sno-chalet-cortina,Chalet Cortina,unknown (sold via Sno),Courchevel 1650 (Moriond),no,https://www.sno.co.uk/ski-holidays/chalet-cortina_22551/
Ski Line,sno-chalet-estrella,Chalet Estrella,Ski World,Courchevel 1650 (Moriond),no,https://www.sno.co.uk/ski-holidays/chalet-estrella_11243/
Sno,sno-chalet-estrella,Chalet Estrella,Ski World,Courchevel 1650 (Moriond),no,https://www.sno.co.uk/ski-holidays/chalet-estrella_11243/
allChalets,sno-chalet-estrella,Chalet Estrella,Ski World,Courchevel 1650 (Moriond),no,https://www.sno.co.uk/ski-holidays/chalet-estrella_11243/
Sno,sno-chalet-goyard,Chalet Goyard,unknown (sold via Sno),Courchevel 1650 (Moriond),no,https://www.sno.co.uk/ski-holidays/chalet-goyard_22460/
Ski Line,sno-chalet-irma,Chalet Irma,Le Ski,Courchevel 1650 (Moriond),no,https://www.sno.co.uk/ski-holidays/chalet-irma_16374/
Sno,sno-chalet-irma,Chalet Irma,Le Ski,Courchevel 1650 (Moriond),no,https://www.sno.co.uk/ski-holidays/chalet-irma_16374/
Sno,sno-chalet-la-grande-casse-courchevel-1650,Chalet La Grande Casse,unknown (sold via Sno),Courchevel 1650 (Moriond),no,https://www.sno.co.uk/ski-holidays/chalet-la-grande-casse_22172/
Ski Line,sno-chalet-la-terrasse,Chalet La Terrasse,Le Ski,Courchevel 1650 (Moriond),no,https://www.sno.co.uk/ski-holidays/chalet-la-terrasse_16373/
Sno,sno-chalet-la-terrasse,Chalet La Terrasse,Le Ski,Courchevel 1650 (Moriond),no,https://www.sno.co.uk/ski-holidays/chalet-la-terrasse_16373/
Sno,sno-chalet-le-blanchot,Chalet Le Blanchot,unknown (sold via Sno),Courchevel 1650 (Moriond),no,https://www.sno.co.uk/ski-holidays/chalet-le-blanchot_13365/
Ski Line,sno-chalet-le-mollard,Chalet Le Mollard,Le Ski,Courchevel 1650 (Moriond),no,https://www.sno.co.uk/ski-holidays/chalet-le-mollard_19664/
Sno,sno-chalet-le-mollard,Chalet Le Mollard,Le Ski,Courchevel 1650 (Moriond),no,https://www.sno.co.uk/ski-holidays/chalet-le-mollard_19664/
Sno,sno-chalet-les-mures,Chalet Les Mûres,unknown (sold via Sno),Courchevel 1650 (Moriond),no,https://www.sno.co.uk/ski-holidays/chalet-les-m-res_22221/
Sno,sno-chalet-libellule,Chalet Libellule,unknown (sold via Sno),Courchevel 1650 (Moriond),no,https://www.sno.co.uk/ski-holidays/chalet-libellule_22679/
Sno,sno-chalet-overview,Chalet Overview,unknown (sold via Sno),Courchevel 1650 (Moriond),no,https://www.sno.co.uk/ski-holidays/chalet-overview_22164/
Les 3 Vallées Réservation,les3vallees-l-ourse-bleue-1002-apartment-5-rooms-10-persons,L'OURSE BLEUE 1002 - Apartment 5 rooms 10 persons,,Courchevel 1650 (Moriond),no,https://reservation.les3vallees.com/en/product-30465-lourse-bleue-1002-apartment-5-rooms-10-persons
Les 3 Vallées Réservation,les3vallees-les-glaciers-a03-5-rooms-apartment-8-personnes-114-m2,LES GLACIERS A03 - 5 rooms apartment 8 personnes - 114 m²,,Courchevel 1650 (Moriond),no,https://reservation.les3vallees.com/en/product-30460-les-glaciers-a03-5-rooms-apartment-8-personnes-114-m2
Les 3 Vallées Réservation,les3vallees-libellule-chalet-6-rooms-10-persons,LIBELLULE - Chalet 6 rooms 10 persons,,Courchevel 1650 (Moriond),no,https://reservation.les3vallees.com/en/product-7698-libellule-chalet-6-rooms-10-persons
Les 3 Vallées Réservation,les3vallees-licorne-chalet-7-rooms-14-persons,LICORNE - chalet 7 rooms 14 persons,,Courchevel 1650 (Moriond),no,https://reservation.les3vallees.com/en/product-30469-licorne-chalet-7-rooms-14-persons
Les 3 Vallées Réservation,les3vallees-licorne-des-neiges-chalet-10-persons,LICORNE DES NEIGES - Chalet 10 persons,,Courchevel 1650 (Moriond),no,https://reservation.les3vallees.com/en/product-30462-licorne-des-neiges-chalet-10-persons
Les 3 Vallées Réservation,les3vallees-quartier-les-mures-adjoining-chalet-le-cepe-10-persons,QUARTIER LES MÛRES - adjoining Chalet Le Cèpe - 10 persons,,Courchevel 1650 (Moriond),no,https://reservation.les3vallees.com/en/product-30466-quartier-les-mures-adjoining-chalet-le-cepe-10-persons
Les 3 Vallées Réservation,les3vallees-quartier-les-mures-c2-chalet-4-rooms-3-bedrooms-10-persons,QUARTIER LES MÛRES C2 - chalet 4 rooms (3 bedrooms) 10 persons,,Courchevel 1650 (Moriond),no,https://reservation.les3vallees.com/en/product-35130-quartier-les-mures-c2-chalet-4-rooms-3-bedrooms-10-persons
Sno,sno-chalet-ajacour,Chalet Ajacour,unknown (sold via Sno),Courchevel 1850,no,https://www.sno.co.uk/ski-holidays/chalet-ajacour_22278/
Sno,sno-chalet-alpin,Chalet Alpin,unknown (sold via Sno),Courchevel 1850,no,https://www.sno.co.uk/ski-holidays/chalet-alpin_22090/
Sno,sno-chalet-bellarossa,Chalet Bellarossa,unknown (sold via Sno),Courchevel 1850,no,https://www.sno.co.uk/ski-holidays/chalet-bellarossa_22147/
Sno,sno-chalet-chanterelles-courchevel-1850,Chalet CHANTERELLES,unknown (sold via Sno),Courchevel 1850,no,https://www.sno.co.uk/ski-holidays/chalet-chanterelles_21844/
Sno,sno-chalet-continental,Chalet Continental,unknown (sold via Sno),Courchevel 1850,no,https://www.sno.co.uk/ski-holidays/chalet-continental_22705/
Sno,sno-chalet-cryst-aile,Chalet Cryst'Aile,unknown (sold via Sno),Courchevel 1850,no,https://www.sno.co.uk/ski-holidays/chalet-cryst-aile_22584/
Sno,sno-chalet-edelstone,Chalet Edelstone,unknown (sold via Sno),Courchevel 1850,no,https://www.sno.co.uk/ski-holidays/chalet-edelstone_22347/
Sno,sno-chalet-eden,Chalet Eden,unknown (sold via Sno),Courchevel 1850,no,https://www.sno.co.uk/ski-holidays/chalet-eden_22653/
Sno,sno-chalet-everest,Chalet Everest,unknown (sold via Sno),Courchevel 1850,no,https://www.sno.co.uk/ski-holidays/chalet-everest_21806/
Sno,sno-chalet-grace-dieu,Chalet Grâce Dieu,unknown (sold via Sno),Courchevel 1850,no,https://www.sno.co.uk/ski-holidays/chalet-gr-ce-dieu_22036/
Sno,sno-chalet-jade,Chalet Jade,unknown (sold via Sno),Courchevel 1850,no,https://www.sno.co.uk/ski-holidays/chalet-jade_22173/
Sno,sno-chalet-l-ecureuil-sur-le-toit,Chalet L'Ecureuil sur le toit,unknown (sold via Sno),Courchevel 1850,no,https://www.sno.co.uk/ski-holidays/chalet-l-ecureuil-sur-le-toit_22778/
Sno,sno-chalet-la-feniere,Chalet La Fenière,unknown (sold via Sno),Courchevel 1850,no,https://www.sno.co.uk/ski-holidays/chalet-la-feni-re_22790/
Sno,sno-chalet-la-grande-roche,Chalet La Grande Roche,unknown (sold via Sno),Courchevel 1850,no,https://www.sno.co.uk/ski-holidays/chalet-la-grande-roche_22230/
Sno,sno-chalet-le-blanchot-courchevel-1850,Chalet Le Blanchot,unknown (sold via Sno),Courchevel 1850,no,https://www.sno.co.uk/ski-holidays/chalet-le-blanchot_22691/
Sno,sno-chalet-les-3-soeurs,Chalet Les 3 Soeurs,unknown (sold via Sno),Courchevel 1850,no,https://www.sno.co.uk/ski-holidays/chalet-les-3-soeurs_22669/
Sno,sno-chalet-les-bastidons,Chalet Les Bastidons,unknown (sold via Sno),Courchevel 1850,no,https://www.sno.co.uk/ski-holidays/chalet-les-bastidons_22385/
Sno,sno-chalet-les-bruxellois,Chalet Les Bruxellois,unknown (sold via Sno),Courchevel 1850,no,https://www.sno.co.uk/ski-holidays/chalet-les-bruxellois_22744/
Sno,sno-chalet-larctique,Chalet L’Arctique,unknown (sold via Sno),Courchevel 1850,no,https://www.sno.co.uk/ski-holidays/chalet-l-arctique_21727/
Sno,sno-chalet-madeleine,Chalet Madeleine,unknown (sold via Sno),Courchevel 1850,no,https://www.sno.co.uk/ski-holidays/chalet-madeleine_22751/
Sno,sno-chalet-margaux,Chalet Margaux,unknown (sold via Sno),Courchevel 1850,no,https://www.sno.co.uk/ski-holidays/chalet-margaux_18988/
Sno,sno-chalet-mazot-les-bichettes,Chalet Mazot Les Bichettes,unknown (sold via Sno),Courchevel 1850,no,https://www.sno.co.uk/ski-holidays/chalet-mazot-les-bichettes_22649/
Sno,sno-chalet-nanuq,Chalet Nanuq,unknown (sold via Sno),Courchevel 1850,no,https://www.sno.co.uk/ski-holidays/chalet-nanuq_21894/
Sno,sno-manej-apartment-4,Manej Apartment 4,unknown (sold via Sno),Courchevel 1850,no,https://www.sno.co.uk/ski-holidays/manej-apartment-4_21487/
Sno,sno-chalet-beloukha,Chalet Beloukha,unknown (sold via Sno),Courchevel Le Praz (1300),no,https://www.sno.co.uk/ski-holidays/chalet-beloukha_22182/
Sno,sno-chalet-bois-de-l-abbaye,Chalet Bois de L'Abbaye,unknown (sold via Sno),Courchevel Le Praz (1300),no,https://www.sno.co.uk/ski-holidays/chalet-bois-de-l-abbaye_22620/
Sno,sno-chalet-bois-des-barmes,Chalet Bois des Barmes,unknown (sold via Sno),Courchevel Le Praz (1300),no,https://www.sno.co.uk/ski-holidays/chalet-bois-des-barmes_22808/
Sno,sno-chalet-bois-du-ban,Chalet Bois du Ban,unknown (sold via Sno),Courchevel Le Praz (1300),no,https://www.sno.co.uk/ski-holidays/chalet-bois-du-ban_22195/
Sno,sno-chalet-bois-du-fontanil,Chalet Bois du Fontanil,unknown (sold via Sno),Courchevel Le Praz (1300),no,https://www.sno.co.uk/ski-holidays/chalet-bois-du-fontanil_21887/
Sno,sno-chalet-dandrina,Chalet Dandrina,unknown (sold via Sno),Courchevel Le Praz (1300),no,https://www.sno.co.uk/ski-holidays/chalet-dandrina_22141/
Sno,sno-chalet-etagne,Chalet Etagne,unknown (sold via Sno),Courchevel Le Praz (1300),no,https://www.sno.co.uk/ski-holidays/chalet-etagne_22153/
Sno,sno-chalet-gros-caillou,Chalet Gros Caillou,unknown (sold via Sno),Courchevel Le Praz (1300),no,https://www.sno.co.uk/ski-holidays/chalet-gros-caillou_22586/
Sno,sno-chalet-irbis,Chalet Irbis,unknown (sold via Sno),Courchevel Le Praz (1300),no,https://www.sno.co.uk/ski-holidays/chalet-irbis_22611/
Sno,sno-chalet-khoton,Chalet Khoton,unknown (sold via Sno),Courchevel Le Praz (1300),no,https://www.sno.co.uk/ski-holidays/chalet-khoton_22119/
Sno,sno-chalet-l-hermetiere,Chalet L'Hermetiere,unknown (sold via Sno),Courchevel Le Praz (1300),no,https://www.sno.co.uk/ski-holidays/chalet-l-hermetiere_21846/
Sno,sno-chalet-lavenchere,Chalet Lavenchère,unknown (sold via Sno),Courchevel Le Praz (1300),no,https://www.sno.co.uk/ski-holidays/chalet-lavench-re_22615/
Sno,sno-chalet-le-grand-tetras,Chalet Le Grand Tetras,unknown (sold via Sno),Courchevel Le Praz (1300),no,https://www.sno.co.uk/ski-holidays/chalet-le-grand-tetras_21933/
Ski Line,alpine-escape-chalet-3sixty,Chalet 3SIXTY,Alpine Escape,La Tania,no,https://www.skiline.co.uk/ski-holidays/france/la-tania/chalet-3sixty
Ski Line,alpine-escape-chalet-becca,Chalet Becca,Alpine Escape,La Tania,no,https://www.skiline.co.uk/ski-holidays/france/la-tania/chalet-becca
Ski Line,alpine-escape-chalet-belvedere,Chalet Belvedere,Alpine Escape,La Tania,no,https://www.skiline.co.uk/ski-holidays/france/la-tania/chalet-belvedere
Ski Line,sno-chalet-christine,Chalet Christine,The Alpine Generation,La Tania,no,https://www.sno.co.uk/ski-holidays/chalet-christine_19056/
Sno,sno-chalet-christine,Chalet Christine,The Alpine Generation,La Tania,no,https://www.sno.co.uk/ski-holidays/chalet-christine_19056/
Sno,sno-chalet-darbeilo,Chalet Darbeilo,unknown (sold via Sno),La Tania,no,https://www.sno.co.uk/ski-holidays/chalet-darbeilo_19205/
Ski Line,alpine-escape-chalet-ecritoire,Chalet Ecritoire,Alpine Escape,La Tania,no,https://www.skiline.co.uk/ski-holidays/france/la-tania/chalet-ecritoire
Ski Line,alpine-escape-chalet-elangeni,Chalet Elangeni,Alpine Escape,La Tania,no,https://www.skiline.co.uk/ski-holidays/france/la-tania/chalet-elangeni
Ski Line,sno-chalet-elliot-east,Chalet Elliot East,Ski France,La Tania,no,https://www.sno.co.uk/ski-holidays/chalet-elliot-east_18643/
Sno,sno-chalet-elliot-east,Chalet Elliot East,Ski France,La Tania,no,https://www.sno.co.uk/ski-holidays/chalet-elliot-east_18643/
Ski Line,sno-chalet-elliot-west,Chalet Elliot West,Ski France,La Tania,no,https://www.sno.co.uk/ski-holidays/chalet-elliot-west_18644/
Sno,sno-chalet-elliot-west,Chalet Elliot West,Ski France,La Tania,no,https://www.sno.co.uk/ski-holidays/chalet-elliot-west_18644/
Ski Line,alpine-escape-chalet-herisson,Chalet Herisson,Alpine Escape,La Tania,no,https://www.skiline.co.uk/ski-holidays/france/la-tania/chalet-herisson
Ski Line,ski-beat-chalet-idylle,Chalet Idylle,Ski Beat,La Tania,no,https://www.skiline.co.uk/ski-holidays/france/la-tania/chalet-idylle
Ski Line,sno-chalet-jardin-alpin,Chalet Jardin Alpin,Inghams,La Tania,no,https://www.sno.co.uk/ski-holidays/chalet-jardin-alpin_21570/
Sno,sno-chalet-jardin-alpin,Chalet Jardin Alpin,Inghams,La Tania,no,https://www.sno.co.uk/ski-holidays/chalet-jardin-alpin_21570/
Ski Line,sno-chalet-le-corty,Chalet Le Corty,Le Ski,La Tania,no,https://www.sno.co.uk/ski-holidays/chalet-le-corty_22903/
Sno,sno-chalet-le-corty,Chalet Le Corty,Le Ski,La Tania,no,https://www.sno.co.uk/ski-holidays/chalet-le-corty_22903/
Sno,sno-chalet-le-maci,Chalet Le Maci,unknown (sold via Sno),La Tania,no,https://www.sno.co.uk/ski-holidays/chalet-le-maci_22234/
Ski Line,sno-chalet-le-rabel,Chalet Le Rabel,Le Ski,La Tania,no,https://www.sno.co.uk/ski-holidays/chalet-le-rabel_13392/
Sno,sno-chalet-le-rabel,Chalet Le Rabel,Le Ski,La Tania,no,https://www.sno.co.uk/ski-holidays/chalet-le-rabel_13392/
Ski Line,sno-chalet-lea,Chalet Lea,Ski France,La Tania,no,https://www.sno.co.uk/ski-holidays/chalet-lea_18646/
Sno,sno-chalet-lea,Chalet Lea,Ski France,La Tania,no,https://www.sno.co.uk/ski-holidays/chalet-lea_18646/
Ski Line,sno-chalet-michele,Chalet Michèle,Le Ski,La Tania,no,https://www.sno.co.uk/ski-holidays/chalet-mich-le_13391/
Sno,sno-chalet-michele,Chalet Michèle,Le Ski,La Tania,no,https://www.sno.co.uk/ski-holidays/chalet-mich-le_13391/
Ski Line,sno-chalet-morgane,Chalet Morgane,Ski France,La Tania,no,https://www.sno.co.uk/ski-holidays/chalet-morgane_18645/
Sno,sno-chalet-morgane,Chalet Morgane,Ski France,La Tania,no,https://www.sno.co.uk/ski-holidays/chalet-morgane_18645/
Ski Line,alpine-escape-chalet-ours-des-montagnes,Chalet Ours des Montagnes,Alpine Escape,La Tania,no,https://www.skiline.co.uk/ski-holidays/france/la-tania/chalet-ours-des-montagnes
Ski Line,sno-chalet-oursons,Chalet Oursons,The Alpine Generation,La Tania,no,https://www.sno.co.uk/ski-holidays/chalet-oursons_18698/
Sno,sno-chalet-oursons,Chalet Oursons,The Alpine Generation,La Tania,no,https://www.sno.co.uk/ski-holidays/chalet-oursons_18698/
Ski Line,alpine-escape-chalet-peppa,Chalet Peppa,Alpine Escape,La Tania,no,https://www.skiline.co.uk/ski-holidays/france/la-tania/chalet-peppa
Ski Line,sno-chalet-petit-marmau,Chalet Petit Marmau,Le Ski,La Tania,no,https://www.sno.co.uk/ski-holidays/chalet-petit-marmau_15593/
Sno,sno-chalet-petit-marmau,Chalet Petit Marmau,Le Ski,La Tania,no,https://www.sno.co.uk/ski-holidays/chalet-petit-marmau_15593/
Ski Line,alpine-escape-chalet-pleroma,Chalet Pleroma,Alpine Escape,La Tania,no,https://www.skiline.co.uk/ski-holidays/france/la-tania/chalet-pleroma
Ski Line,sno-chalet-serenia,Chalet Serenia,Le Ski,La Tania,no,https://www.sno.co.uk/ski-holidays/chalet-serenia_22904/
Sno,sno-chalet-serenia,Chalet Serenia,Le Ski,La Tania,no,https://www.sno.co.uk/ski-holidays/chalet-serenia_22904/
Sno,sno-chalet-toubkal-1,Chalet Toubkal 1,unknown (sold via Sno),La Tania,no,https://www.sno.co.uk/ski-holidays/chalet-toubkal-1_19054/
Sno,sno-chalet-toubkal-2,Chalet Toubkal 2,unknown (sold via Sno),La Tania,yes,https://www.sno.co.uk/ski-holidays/chalet-toubkal-2_19055/
Ski Line,the-alpine-generation-chalet-toubkal-one,Chalet Toubkal One,The Alpine Generation,La Tania,no,https://www.skiline.co.uk/ski-holidays/france/la-tania/chalet-toubkal-one
Ski Line,the-alpine-generation-chalet-toubkal-two,Chalet Toubkal Two,The Alpine Generation,La Tania,no,https://www.skiline.co.uk/ski-holidays/france/la-tania/chalet-toubkal-two
Ski Line,ski-beat-chalet-vallon-blanc,Chalet Vallon Blanc,Ski Beat,La Tania,no,https://www.skiline.co.uk/ski-holidays/france/la-tania/ski-chalet-vallon-blanc
Ski Line,alpine-escape-chalet-de-mon-pere,Chalet de Mon Pere,Alpine Escape,La Tania,no,https://www.skiline.co.uk/ski-holidays/france/la-tania/chalet-de-mon-pere
Ski Line,sno-chalet-de-mon-grand-pere,Chalet de mon Grand-Père,Crystal,La Tania,no,https://www.sno.co.uk/ski-holidays/chalet-de-mon-grand-p-re_22953/
Sno,sno-chalet-de-mon-grand-pere,Chalet de mon Grand-Père,Crystal,La Tania,no,https://www.sno.co.uk/ski-holidays/chalet-de-mon-grand-p-re_22953/
Ski Line,crystal-hotel-le-montana,Hotel Le Montana,Crystal,La Tania,no,https://www.skiline.co.uk/ski-holidays/france/la-tania/hotel-le-montana
Ski Line,crystal-residence-le-britania,Residence Le Britania,Crystal,La Tania,no,https://www.skiline.co.uk/ski-holidays/france/la-tania/residence-le-britania-2
Ski Line,sno-chalet-bergeronnette,Chalet Bergeronnette,Ski Armadillo,Les Allues,no,https://www.sno.co.uk/ski-holidays/chalet-bergeronnette_19820/
Sno,sno-chalet-bergeronnette,Chalet Bergeronnette,Ski Armadillo,Les Allues,no,https://www.sno.co.uk/ski-holidays/chalet-bergeronnette_19820/
Sno,sno-chalet-caribou,Chalet Caribou,unknown (sold via Sno),Les Allues,no,https://www.sno.co.uk/ski-holidays/chalet-caribou_21481/
Sno,sno-chalet-dzintila,Chalet Dzintila,unknown (sold via Sno),Les Allues,no,https://www.sno.co.uk/ski-holidays/chalet-dzintila_22006/
Sno,sno-chalet-edel,Chalet Edel,unknown (sold via Sno),Les Allues,no,https://www.sno.co.uk/ski-holidays/chalet-edel_21721/
Sno,sno-chalet-hors-piste,Chalet Hors Piste,unknown (sold via Sno),Les Allues,no,https://www.sno.co.uk/ski-holidays/chalet-hors-piste_22807/
Sno,sno-chalet-hygge,Chalet Hygge,unknown (sold via Sno),Les Allues,no,https://www.sno.co.uk/ski-holidays/chalet-hygge_22132/
Sno,sno-chalet-les-sorbiers,Chalet Les Sorbiers,unknown (sold via Sno),Les Allues,no,https://www.sno.co.uk/ski-holidays/chalet-les-sorbiers_22175/
Sno,sno-chalet-les-voutes,Chalet Les Voutes,unknown (sold via Sno),Les Allues,no,https://www.sno.co.uk/ski-holidays/chalet-les-voutes_22766/
Ski Line,sno-chalet-lorchidee,Chalet L’Orchidée,Bramble Ski,Les Allues,no,https://www.sno.co.uk/ski-holidays/chalet-l-orchid-e_21729/
Sno,sno-chalet-lorchidee,Chalet L’Orchidée,Bramble Ski,Les Allues,no,https://www.sno.co.uk/ski-holidays/chalet-l-orchid-e_21729/
Sno,sno-chalet-pulsa,Chalet Pulsa,unknown (sold via Sno),Les Allues,no,https://www.sno.co.uk/ski-holidays/chalet-pulsa_22498/
Sno,sno-chalet-rhodo,Chalet Rhodo,unknown (sold via Sno),Les Allues,no,https://www.sno.co.uk/ski-holidays/chalet-rhodo_22084/
Sno,sno-chalet-tanniere-des-ours,Chalet Tannière des Ours,unknown (sold via Sno),Les Allues,no,https://www.sno.co.uk/ski-holidays/chalet-tanni-re-des-ours_22572/
Les Menuires Réservation,lesmenuires-aravis-av0220,3 pièces - ARAVIS (AV0220),Agence des Belleville,Les Menuires,no,https://fr.locationlesmenuires.com/appartement-chalet-residence/la-croisette/3-pieces-aravis-av0220.html
Les Menuires Réservation (locationlesmenuires.com),lesmenuires-aravis-av0220,3 pièces - ARAVIS (AV0220),Agence des Belleville,Les Menuires,no,https://fr.locationlesmenuires.com/appartement-chalet-residence/la-croisette/3-pieces-aravis-av0220.html
Les Menuires Réservation (locationlesmenuires.com),lesmenuires-biellaz-mnbz0071,3 pièces cabine - BIELLAZ (MNBZ0071),Agence des Belleville,Les Menuires,no,https://fr.locationlesmenuires.com/appartement-chalet-residence/les-bouquetins/3-pieces-cabine-biellaz-mnbz0071.html
Les Menuires Réservation,lesmenuires-doron-26,4 pièces - DORON (26),Freeloc,Les Menuires,no,https://fr.locationlesmenuires.com/appartement-chalet-residence/la-croisette/4-pieces-doron-26.html
Les Menuires Réservation (locationlesmenuires.com),lesmenuires-doron-26,4 pièces - DORON (26),Freeloc,Les Menuires,no,https://fr.locationlesmenuires.com/appartement-chalet-residence/la-croisette/4-pieces-doron-26.html
Les Menuires Réservation,lesmenuires-hameau-des-airelles-mnha0a22,4 pièces - HAMEAU DES AIRELLES (MNHA0A22),Agence des Belleville,Les Menuires,no,https://fr.locationlesmenuires.com/appartement-chalet-residence/preyerand-hameau-des-airelles/4-pieces-hameau-des-airelles-mnha0a22.html
Les Menuires Réservation (locationlesmenuires.com),lesmenuires-hameau-des-airelles-mnha0a22,4 pièces - HAMEAU DES AIRELLES (MNHA0A22),Agence des Belleville,Les Menuires,no,https://fr.locationlesmenuires.com/appartement-chalet-residence/preyerand-hameau-des-airelles/4-pieces-hameau-des-airelles-mnha0a22.html
Les Menuires Réservation,lesmenuires-hameau-des-airelles-mnha0e15,4 pièces - HAMEAU DES AIRELLES (MNHA0E15),Agence des Belleville,Les Menuires,no,https://fr.locationlesmenuires.com/appartement-chalet-residence/preyerand-hameau-des-airelles/4-pieces-hameau-des-airelles-mnha0e15.html
Les Menuires Réservation (locationlesmenuires.com),lesmenuires-hameau-des-airelles-mnha0e15,4 pièces - HAMEAU DES AIRELLES (MNHA0E15),Agence des Belleville,Les Menuires,no,https://fr.locationlesmenuires.com/appartement-chalet-residence/preyerand-hameau-des-airelles/4-pieces-hameau-des-airelles-mnha0e15.html
Les Menuires Réservation,lesmenuires-hameau-des-airelles-mnha0v18,4 pièces - HAMEAU DES AIRELLES (MNHA0V18),Agence des Belleville,Les Menuires,no,https://fr.locationlesmenuires.com/appartement-chalet-residence/preyerand-hameau-des-airelles/4-pieces-hameau-des-airelles-mnha0v18.html
Les Menuires Réservation (locationlesmenuires.com),lesmenuires-hameau-des-airelles-mnha0v18,4 pièces - HAMEAU DES AIRELLES (MNHA0V18),Agence des Belleville,Les Menuires,no,https://fr.locationlesmenuires.com/appartement-chalet-residence/preyerand-hameau-des-airelles/4-pieces-hameau-des-airelles-mnha0v18.html
Les Menuires Réservation,lesmenuires-hameau-des-airelles-mnha0v20,4 pièces - HAMEAU DES AIRELLES (MNHA0V20),Agence des Belleville,Les Menuires,no,https://fr.locationlesmenuires.com/appartement-chalet-residence/preyerand-hameau-des-airelles/4-pieces-hameau-des-airelles-mnha0v20.html
Les Menuires Réservation (locationlesmenuires.com),lesmenuires-hameau-des-airelles-mnha0v20,4 pièces - HAMEAU DES AIRELLES (MNHA0V20),Agence des Belleville,Les Menuires,no,https://fr.locationlesmenuires.com/appartement-chalet-residence/preyerand-hameau-des-airelles/4-pieces-hameau-des-airelles-mnha0v20.html
Les Menuires Réservation (locationlesmenuires.com),lesmenuires-les-chalets-du-doron-chdora3,4 pièces - LES CHALETS DU DORON (CHDORA3),Agence des Alpes,Les Menuires,no,https://fr.locationlesmenuires.com/appartement-chalet-residence/village-le-bettaix-situe-a-4-km-des-menuires/4-pieces-les-chalets-du-doron-chdora3.html
Les Menuires Réservation (locationlesmenuires.com),lesmenuires-naos-ecrindespistes,5 pièces - NAOS (ECRINDESPISTES),Cimalpes,Les Menuires,no,https://fr.locationlesmenuires.com/appartement-chalet-residence/village-le-bettaix-situe-a-4-km-des-menuires/5-pieces-naos-ecrindespistes.html
Les Menuires Réservation (locationlesmenuires.com),lesmenuires-rupicapra-lavaline,5 pièces - RUPICAPRA (LAVALINE),Cimalpes,Les Menuires,no,https://fr.locationlesmenuires.com/appartement-chalet-residence/village-le-bettaix-situe-a-4-km-des-menuires/5-pieces-rupicapra-lavaline.html
Les Menuires Réservation (locationlesmenuires.com),lesmenuires-5-pieces-8-personnes-sauna-superieur-5pss,5 pièces 8 personnes sauna supérieur (5PSS),Les Montagnettes,Les Menuires,no,https://fr.locationlesmenuires.com/appartement-chalet-residence/hameau-de-la-sapiniere/5-pieces-8-personnes-sauna-superieur-5pss.html
Les Menuires Réservation (locationlesmenuires.com),lesmenuires-eterlou-cimecaron,5 pièces mezzanine - ETERLOU (CIMECARON),Cimalpes,Les Menuires,no,https://fr.locationlesmenuires.com/appartement-chalet-residence/village-le-bettaix-situe-a-4-km-des-menuires/5-pieces-mezzanine-eterlou-cimecaron.html
Les Menuires Réservation (locationlesmenuires.com),lesmenuires-rocsmb-rocsmb,6 pièces mezzanine - ROCSMB (ROCSMB),Cimalpes,Les Menuires,no,https://fr.locationlesmenuires.com/appartement-chalet-residence/village-le-bettaix-situe-a-4-km-des-menuires/6-pieces-mezzanine-rocsmb-rocsmb.html
Les Menuires Réservation (locationlesmenuires.com),lesmenuires-ydilia-brightraven,7 pièces - YDILIA (BRIGHTRAVEN),Cimalpes,Les Menuires,no,https://fr.locationlesmenuires.com/appartement-chalet-residence/village-le-bettaix-situe-a-4-km-des-menuires/7-pieces-ydilia-brightraven.html
allChalets,allchalets-27273-hameau-des-marmottes,"7-bedroom chalet, Hameau des Marmottes (allChalets 27273)",,Les Menuires,no,https://www.allchalets.com/holiday-rentals/27273-chalet-in-les-menuires-france
Ski Line,travel-ski-apartments-les-charmettes,Apartments Les Charmettes,Travel Ski,Les Menuires,no,https://www.skiline.co.uk/ski-holidays/france/les-menuires/apartments-les-charmettes
Les Menuires Réservation (locationlesmenuires.com),lesmenuires-caron-rit002,Appartement CARON - Caron (RIT002),Chalet Iselime,Les Menuires,no,https://fr.locationlesmenuires.com/appartement-chalet-residence/hameau-des-marmottes/appartement-caron-caron-rit002.html
Les Menuires Réservation (locationlesmenuires.com),lesmenuires-le-peclet-rit004,Appartement PECLET - Le Péclet (RIT004),Chalet Iselime,Les Menuires,no,https://fr.locationlesmenuires.com/appartement-chalet-residence/hameau-des-marmottes/appartement-peclet-le-peclet-rit004.html
Les 3 Vallées Réservation,les3vallees-balcons-d-olympie-532,BALCONS D'OLYMPIE 532 - Apartment duplex 3 rooms 8 persons,,Les Menuires,no,https://reservation.les3vallees.com/en/product-4481-balcons-dolympie-532-apartment-duplex-3-rooms-8-persons
Les Menuires Réservation,les3vallees-balcons-d-olympie-532,BALCONS D'OLYMPIE 532 - Apartment duplex 3 rooms 8 persons,,Les Menuires,no,https://reservation.les3vallees.com/en/product-4481-balcons-dolympie-532-apartment-duplex-3-rooms-8-persons
Les Menuires Réservation (locationlesmenuires.com),les3vallees-balcons-d-olympie-532,BALCONS D'OLYMPIE 532 - Apartment duplex 3 rooms 8 persons,,Les Menuires,no,https://reservation.les3vallees.com/en/product-4481-balcons-dolympie-532-apartment-duplex-3-rooms-8-persons
Les 3 Vallées Réservation,les3vallees-beaufortain-20,BEAUFORTAIN 20 - Apartment 3 rooms 8 persons,,Les Menuires,no,https://reservation.les3vallees.com/en/product-29935-beaufortain-20-apartment-3-rooms-8-persons
Les Menuires Réservation,les3vallees-beaufortain-20,BEAUFORTAIN 20 - Apartment 3 rooms 8 persons,,Les Menuires,no,https://reservation.les3vallees.com/en/product-29935-beaufortain-20-apartment-3-rooms-8-persons
Les Menuires Réservation (locationlesmenuires.com),les3vallees-beaufortain-20,BEAUFORTAIN 20 - Apartment 3 rooms 8 persons,,Les Menuires,no,https://reservation.les3vallees.com/en/product-29935-beaufortain-20-apartment-3-rooms-8-persons
Les 3 Vallées Réservation,les3vallees-biellaz-45,BIELLAZ 45 - Apartment 4 rooms 8 persons,,Les Menuires,no,https://reservation.les3vallees.com/en/product-30091-biellaz-45-apartment-4-rooms-8-persons
Les Menuires Réservation (locationlesmenuires.com),les3vallees-biellaz-45,BIELLAZ 45 - Apartment 4 rooms 8 persons,,Les Menuires,no,https://reservation.les3vallees.com/en/product-30091-biellaz-45-apartment-4-rooms-8-persons
Les 3 Vallées Réservation,les3vallees-biellaz-61,BIELLAZ 61 - Apartment 3 rooms 8 persons,,Les Menuires,no,https://reservation.les3vallees.com/en/product-30086-biellaz-61-apartment-3-rooms-8-persons
Les Menuires Réservation (locationlesmenuires.com),les3vallees-biellaz-61,BIELLAZ 61 - Apartment 3 rooms 8 persons,,Les Menuires,no,https://reservation.les3vallees.com/en/product-30086-biellaz-61-apartment-3-rooms-8-persons
Ski Line,crystal-belambra-hotel-les-bruyeres,Belambra Hotel Les Bruyeres,Crystal,Les Menuires,no,https://www.skiline.co.uk/ski-holidays/france/les-menuires/hotel-les-bruyeres-2
Les Menuires Réservation,lesmenuires-1213-4-pieces-fr73586105,Belleville Caron 1 - 1213 (4 pièces) (FR73586105),,Les Menuires,no,https://fr.locationlesmenuires.com/appartement-chalet-residence/preyerand/belleville-caron-1-1213-fr73586105.html
Les Menuires Réservation (locationlesmenuires.com),lesmenuires-1213-4-pieces-fr73586105,Belleville Caron 1 - 1213 (4 pièces) (FR73586105),,Les Menuires,no,https://fr.locationlesmenuires.com/appartement-chalet-residence/preyerand/belleville-caron-1-1213-fr73586105.html
Les 3 Vallées Réservation,les3vallees-caron-1518,CARON 1518 - Apartment duplex 4 rooms 8 persons,,Les Menuires,no,https://reservation.les3vallees.com/en/product-4492-caron-1518-apartment-duplex-4-rooms-8-persons
Les Menuires Réservation,les3vallees-caron-1518,CARON 1518 - Apartment duplex 4 rooms 8 persons,,Les Menuires,no,https://reservation.les3vallees.com/en/product-4492-caron-1518-apartment-duplex-4-rooms-8-persons
Les Menuires Réservation (locationlesmenuires.com),les3vallees-caron-1518,CARON 1518 - Apartment duplex 4 rooms 8 persons,,Les Menuires,no,https://reservation.les3vallees.com/en/product-4492-caron-1518-apartment-duplex-4-rooms-8-persons
Les 3 Vallées Réservation,les3vallees-courmayeur-311,COURMAYEUR 311 - Apartment 4 rooms 8 persons,,Les Menuires,no,https://reservation.les3vallees.com/en/product-4562-courmayeur-311-apartment-4-rooms-8-persons
Les Menuires Réservation,les3vallees-courmayeur-311,COURMAYEUR 311 - Apartment 4 rooms 8 persons,,Les Menuires,no,https://reservation.les3vallees.com/en/product-4562-courmayeur-311-apartment-4-rooms-8-persons
Les Menuires Réservation (locationlesmenuires.com),les3vallees-courmayeur-311,COURMAYEUR 311 - Apartment 4 rooms 8 persons,,Les Menuires,no,https://reservation.les3vallees.com/en/product-4562-courmayeur-311-apartment-4-rooms-8-persons
Les 3 Vallées Réservation,les3vallees-courmayeur-323,COURMAYEUR 323 - Apartment 4 rooms 8 persons,,Les Menuires,no,https://reservation.les3vallees.com/en/product-4566-courmayeur-323-apartment-4-rooms-8-persons
Les Menuires Réservation (locationlesmenuires.com),lesmenuires-le-bettex-edelweiss,Chalet - LE BETTEX (EDELWEISS),Agence des Belleville,Les Menuires,no,https://fr.locationlesmenuires.com/appartement-chalet-residence/village-le-bettaix-situe-a-4-km-des-menuires/chalet-le-bettex-edelweiss.html
Les Menuires Réservation (locationlesmenuires.com),lesmenuires-le-bettex-rocher,Chalet - LE BETTEX (ROCHER),Agence des Belleville,Les Menuires,no,https://fr.locationlesmenuires.com/appartement-chalet-residence/village-le-bettaix-situe-a-4-km-des-menuires/chalet-le-bettex-rocher.html
allChalets,allchalets-24443,"Chalet 24443 (unnamed, allChalets)",private advertiser on allChalets (enquiry contact: Scott Allen),Les Menuires,yes,https://www.allchalets.com/holiday-rentals/24443-chalet-in-les-menuires-france
Ski Line,allchalets-blanchot,Chalet Blanchot,Ski Chalets.nl,Les Menuires,no,https://www.allchalets.com/holiday-rentals/6771-chalet-in-les-menuires-france
allChalets,allchalets-blanchot,Chalet Blanchot,Ski Chalets.nl,Les Menuires,no,https://www.allchalets.com/holiday-rentals/6771-chalet-in-les-menuires-france
Ski Line,allchalets-chalet-de-marie,Chalet De Marie,Odalys,Les Menuires,no,https://www.allchalets.com/holiday-rentals/22241-chalet-in-les-menuires-france
allChalets,allchalets-chalet-de-marie,Chalet De Marie,Odalys,Les Menuires,no,https://www.allchalets.com/holiday-rentals/22241-chalet-in-les-menuires-france
allChalets,allchalets-chalet-de-sophie,Chalet De Sophie,,Les Menuires,no,https://www.allchalets.com/holiday-rentals/14155-chalet-in-les-menuires-france
allChalets,allchalets-chalet-friande,Chalet Friande (apartment),,Les Menuires,no,https://www.allchalets.com/holiday-rentals/23956-apartment-in-les-menuires-france
Ski Line,wens-le-panicaut,Chalet Le Panicaut,Wens Chalets,Les Menuires,no,https://www.wenschalets.co.uk/catered-chalets/details/chalet-le-panicaut-les-menuires-france
Sno,wens-le-panicaut,Chalet Le Panicaut,Wens Chalets,Les Menuires,no,https://www.wenschalets.co.uk/catered-chalets/details/chalet-le-panicaut-les-menuires-france
Wens Chalets,wens-le-panicaut,Chalet Le Panicaut,Wens Chalets,Les Menuires,no,https://www.wenschalets.co.uk/catered-chalets/details/chalet-le-panicaut-les-menuires-france
allChalets,wens-le-panicaut,Chalet Le Panicaut,Wens Chalets,Les Menuires,no,https://www.wenschalets.co.uk/catered-chalets/details/chalet-le-panicaut-les-menuires-france
allChalets,allchalets-chalet-pierre,Chalet Pierre (apartment),"private advertiser on allChalets (enquiry contact: Martin Bright) - same contact as allChalets Tignes listings Chalet Eagle, Chalet Tignes V, Chalet des Neiges V",Les Menuires,yes,https://www.allchalets.com/holiday-rentals/28430-apartment-in-les-menuires-france
allChalets,allchalets-chalet-d-alice,Chalet d'Alice,,Les Menuires,no,https://www.allchalets.com/holiday-rentals/29160-chalet-in-les-menuires-france
Les 3 Vallées Réservation,les3vallees-crintallia,Crintallia - Chalet 6 rooms 10 persons,,Les Menuires,no,https://reservation.les3vallees.com/en/product-24721-crintallia-chalet-6-rooms-10-persons
Les 3 Vallées Réservation,les3vallees-danchet-828,DANCHET 828 - Apartment 3 rooms 8 persons,,Les Menuires,no,https://reservation.les3vallees.com/en/product-30088-danchet-828-apartment-3-rooms-8-persons
Les Menuires Réservation (locationlesmenuires.com),les3vallees-danchet-828,DANCHET 828 - Apartment 3 rooms 8 persons,,Les Menuires,no,https://reservation.les3vallees.com/en/product-30088-danchet-828-apartment-3-rooms-8-persons
Les 3 Vallées Réservation,les3vallees-grande-masse-806,GRANDE MASSE 806 - Apartment 4 rooms 8 persons,,Les Menuires,no,https://reservation.les3vallees.com/en/product-30096-grande-masse-806-apartment-4-rooms-8-persons
Les Menuires Réservation,les3vallees-grande-masse-806,GRANDE MASSE 806 - Apartment 4 rooms 8 persons,,Les Menuires,no,https://reservation.les3vallees.com/en/product-30096-grande-masse-806-apartment-4-rooms-8-persons
Les Menuires Réservation (locationlesmenuires.com),les3vallees-grande-masse-806,GRANDE MASSE 806 - Apartment 4 rooms 8 persons,,Les Menuires,no,https://reservation.les3vallees.com/en/product-30096-grande-masse-806-apartment-4-rooms-8-persons
Ski Line,crystal-hameau-de-la-sapiniere-apartments,Hameau de la Sapiniere Apartments,Crystal,Les Menuires,no,https://www.skiline.co.uk/ski-holidays/france/les-menuires/hameau-de-la-sapiniere
Ski Line,crystal-higalik-hotel,Higalik Hotel,Crystal,Les Menuires,no,https://www.skiline.co.uk/ski-holidays/france/les-menuires/higalik-hotel-2
Ski Line,inghams-hotel-le-kaya,Hotel Le Kaya,Inghams,Les Menuires,no,https://www.skiline.co.uk/ski-holidays/france/les-menuires/hotel-le-kaya
Ski Line,inghams-le-coeur-des-loges,Le Coeur des Loges,Inghams,Les Menuires,no,https://www.skiline.co.uk/ski-holidays/france/les-menuires/le-coeur-des-loges
Ski Line,crystal-le-coeur-des-loges,Le Coeur des Loges,Crystal,Les Menuires,no,https://www.skiline.co.uk/ski-holidays/france/les-menuires/le-coeur-des-loges-2
Ski Line,inghams-les-bruyeres-hotel,Les Bruyeres Hotel,Inghams,Les Menuires,no,https://www.skiline.co.uk/ski-holidays/france/les-menuires/les-bruyeres-hotel
Les 3 Vallées Réservation,les3vallees-les-chalets-du-soleil-754,Les Chalets du Soleil 754 - Apartment 5 rooms 10 persons,,Les Menuires,no,https://reservation.les3vallees.com/en/product-5629-les-chalets-du-soleil-754-apartment-5-rooms-10-persons
Les 3 Vallées Réservation,les3vallees-marmotte,Marmotte - Chalet 7 rooms 10 persons,,Les Menuires,no,https://reservation.les3vallees.com/en/product-9753-marmotte-chalet-7-rooms-10-persons
Les 3 Vallées Réservation,les3vallees-nant-benoit-416,NANT BENOIT 416 - Apartment 3 rooms 8 persons,,Les Menuires,no,https://reservation.les3vallees.com/en/product-29854-nant-benoit-416-apartment-3-rooms-8-persons
Les Menuires Réservation (locationlesmenuires.com),les3vallees-nant-benoit-416,NANT BENOIT 416 - Apartment 3 rooms 8 persons,,Les Menuires,no,https://reservation.les3vallees.com/en/product-29854-nant-benoit-416-apartment-3-rooms-8-persons
Les 3 Vallées Réservation,les3vallees-nant-benoit-418,NANT BENOIT 418 - Apartment 3 rooms 8 persons,,Les Menuires,no,https://reservation.les3vallees.com/en/product-29855-nant-benoit-418-apartment-3-rooms-8-persons
Les Menuires Réservation (locationlesmenuires.com),les3vallees-nant-benoit-418,NANT BENOIT 418 - Apartment 3 rooms 8 persons,,Les Menuires,no,https://reservation.les3vallees.com/en/product-29855-nant-benoit-418-apartment-3-rooms-8-persons
Neilson,neilson-hotel-le-menuire-spa,Neilson Hotel Le Menuire & Spa,Neilson,Les Menuires,no,https://www.neilson.co.uk/ski/france/les-menuires/neilson-hotel-le-menuire-spa
Les 3 Vallées Réservation,les3vallees-oisans-25,Oisans 25 - Apartment 3 rooms 8 persons,,Les Menuires,no,https://reservation.les3vallees.com/en/product-4647-oisans-25-apartment-3-rooms-8-persons
Les Menuires Réservation,les3vallees-oisans-25,Oisans 25 - Apartment 3 rooms 8 persons,,Les Menuires,no,https://reservation.les3vallees.com/en/product-4647-oisans-25-apartment-3-rooms-8-persons
Les Menuires Réservation (locationlesmenuires.com),les3vallees-oisans-25,Oisans 25 - Apartment 3 rooms 8 persons,,Les Menuires,no,https://reservation.les3vallees.com/en/product-4647-oisans-25-apartment-3-rooms-8-persons
Ski Line,crystal-ours-blanc-hotel,Ours Blanc Hotel,Crystal,Les Menuires,no,https://www.skiline.co.uk/ski-holidays/france/les-menuires/ours-blanc-hotel
Ski Line,inghams-ours-blanc-hotel-and-spa,Ours Blanc Hotel and Spa,Inghams,Les Menuires,no,https://www.skiline.co.uk/ski-holidays/france/les-menuires/ours-blanc-hotel-and-spa
Les 3 Vallées Réservation,les3vallees-pelvoux-86,PELVOUX 86 - Apartment 3 rooms 8 persons,,Les Menuires,no,https://reservation.les3vallees.com/en/product-29810-pelvoux-86-apartment-3-rooms-8-persons
Les Menuires Réservation,les3vallees-pelvoux-86,PELVOUX 86 - Apartment 3 rooms 8 persons,,Les Menuires,no,https://reservation.les3vallees.com/en/product-29810-pelvoux-86-apartment-3-rooms-8-persons
Les Menuires Réservation (locationlesmenuires.com),les3vallees-pelvoux-86,PELVOUX 86 - Apartment 3 rooms 8 persons,,Les Menuires,no,https://reservation.les3vallees.com/en/product-29810-pelvoux-86-apartment-3-rooms-8-persons
Ski Line,crystal-premium-residence-les-alpages-de-reberty,Premium Residence Les Alpages de Reberty,Crystal,Les Menuires,no,https://www.skiline.co.uk/ski-holidays/france/les-menuires/premium-residence-les-alpages-de-reberty
Ski Line,mmv-hotels-residence-club-le-coeur-des-loges,Residence Club Le Coeur des Loges,MMV Hotels,Les Menuires,no,https://www.skiline.co.uk/ski-holidays/france/les-menuires/residence-club-le-coeur-des-loges
Ski Line,inghams-residence-les-clarines,Residence Les Clarines,Inghams,Les Menuires,no,https://www.skiline.co.uk/ski-holidays/france/les-menuires/residence-les-clarines-2
Les 3 Vallées Réservation,les3vallees-sapiniere-9,SAPINIERE 9 - Apartment 4 rooms 8 persons,,Les Menuires,no,https://reservation.les3vallees.com/en/product-22926-sapiniere-9-apartment-4-rooms-8-persons
Ski Line,odalys-ski-chalet-de-sophie,Ski Chalet De Sophie,Odalys,Les Menuires,no,https://www.skiline.co.uk/ski-holidays/france/les-menuires/ski-chalet-de-sophie
Les 3 Vallées Réservation,les3vallees-ydilia-pomme-blanche,YDILIA 'Pomme Blanche' - Apartment 5 rooms 8 persons,,Les Menuires,no,https://reservation.les3vallees.com/en/product-22895-ydilia-pomme-blanche-apartment-5-rooms-8-persons
Les Menuires Réservation (locationlesmenuires.com),les3vallees-ydilia-pomme-blanche,YDILIA 'Pomme Blanche' - Apartment 5 rooms 8 persons,,Les Menuires,no,https://reservation.les3vallees.com/en/product-22895-ydilia-pomme-blanche-apartment-5-rooms-8-persons
Les Menuires Réservation,lesmenuires-les-chalets-de-l-adonis-mnad0501,3 pièces - LES CHALETS DE L'ADONIS (MNAD0501),Agence des Belleville,Les Menuires: Les Bruyères,no,https://fr.locationlesmenuires.com/appartement-chalet-residence/les-bruyeres-balcons-des-bruyeres/3-pieces-les-chalets-de-l-adonis-mnad0501.html
Les Menuires Réservation (locationlesmenuires.com),lesmenuires-les-chalets-de-l-adonis-mnad0501,3 pièces - LES CHALETS DE L'ADONIS (MNAD0501),Agence des Belleville,Les Menuires: Les Bruyères,no,https://fr.locationlesmenuires.com/appartement-chalet-residence/les-bruyeres-balcons-des-bruyeres/3-pieces-les-chalets-de-l-adonis-mnad0501.html
Les Menuires Réservation,lesmenuires-les-chalets-de-l-adonis-mnad0201,4 pièces - LES CHALETS DE L'ADONIS (MNAD0201),Agence des Belleville,Les Menuires: Les Bruyères,no,https://fr.locationlesmenuires.com/appartement-chalet-residence/les-bruyeres-balcons-des-bruyeres/4-pieces-les-chalets-de-l-adonis-mnad0201.html
Les Menuires Réservation (locationlesmenuires.com),lesmenuires-les-chalets-de-l-adonis-mnad0201,4 pièces - LES CHALETS DE L'ADONIS (MNAD0201),Agence des Belleville,Les Menuires: Les Bruyères,no,https://fr.locationlesmenuires.com/appartement-chalet-residence/les-bruyeres-balcons-des-bruyeres/4-pieces-les-chalets-de-l-adonis-mnad0201.html
Les Menuires Réservation,lesmenuires-les-chalets-de-l-adonis-mnad0204,4 pièces - LES CHALETS DE L'ADONIS (MNAD0204),Agence des Belleville,Les Menuires: Les Bruyères,no,https://fr.locationlesmenuires.com/appartement-chalet-residence/les-bruyeres-balcons-des-bruyeres/4-pieces-les-chalets-de-l-adonis-mnad0204.html
Les Menuires Réservation (locationlesmenuires.com),lesmenuires-les-chalets-de-l-adonis-mnad0204,4 pièces - LES CHALETS DE L'ADONIS (MNAD0204),Agence des Belleville,Les Menuires: Les Bruyères,no,https://fr.locationlesmenuires.com/appartement-chalet-residence/les-bruyeres-balcons-des-bruyeres/4-pieces-les-chalets-de-l-adonis-mnad0204.html
Les Menuires Réservation,lesmenuires-les-chalets-de-l-adonis-mnad00b1,4 pièces - Les Chalets de l'Adonis (MNAD00B1),Agence des Belleville,Les Menuires: Les Bruyères,no,https://fr.locationlesmenuires.com/appartement-chalet-residence/les-bruyeres-balcons-des-bruyeres/4-pieces-les-chalets-de-l-adonis-mnad00b1.html
Les Menuires Réservation (locationlesmenuires.com),lesmenuires-les-chalets-de-l-adonis-mnad00b1,4 pièces - Les Chalets de l'Adonis (MNAD00B1),Agence des Belleville,Les Menuires: Les Bruyères,no,https://fr.locationlesmenuires.com/appartement-chalet-residence/les-bruyeres-balcons-des-bruyeres/4-pieces-les-chalets-de-l-adonis-mnad00b1.html
Les Menuires Réservation,lesmenuires-valmont-val915,4 pièces - Valmont (VAL915),Agence des Alpes,Les Menuires: Les Bruyères,no,https://fr.locationlesmenuires.com/appartement-chalet-residence/les-bruyeres-balcons-des-bruyeres/4-pieces-valmont-val915.html
Les Menuires Réservation (locationlesmenuires.com),lesmenuires-valmont-val915,4 pièces - Valmont (VAL915),Agence des Alpes,Les Menuires: Les Bruyères,no,https://fr.locationlesmenuires.com/appartement-chalet-residence/les-bruyeres-balcons-des-bruyeres/4-pieces-valmont-val915.html
Les Menuires Réservation,lesmenuires-valmonts-a-vm1217,4 pièces mezzanine - VALMONTS A (VM1217),Agence des Belleville,Les Menuires: Les Bruyères,no,https://fr.locationlesmenuires.com/appartement-chalet-residence/les-bruyeres-balcons-des-bruyeres/4-pieces-mezzanine-valmonts-a-vm1217.html
Les Menuires Réservation (locationlesmenuires.com),lesmenuires-valmonts-a-vm1217,4 pièces mezzanine - VALMONTS A (VM1217),Agence des Belleville,Les Menuires: Les Bruyères,no,https://fr.locationlesmenuires.com/appartement-chalet-residence/les-bruyeres-balcons-des-bruyeres/4-pieces-mezzanine-valmonts-a-vm1217.html
Les Menuires Réservation,lesmenuires-les-chalets-de-l-adonis-mnad0206,5 pièces mezzanine - LES CHALETS DE L'ADONIS (MNAD0206),Agence des Belleville,Les Menuires: Les Bruyères,no,https://fr.locationlesmenuires.com/appartement-chalet-residence/les-bruyeres-balcons-des-bruyeres/5-pieces-mezzanine-les-chalets-de-l-adonis-mnad0206.html
Les Menuires Réservation (locationlesmenuires.com),lesmenuires-les-chalets-de-l-adonis-mnad0206,5 pièces mezzanine - LES CHALETS DE L'ADONIS (MNAD0206),Agence des Belleville,Les Menuires: Les Bruyères,no,https://fr.locationlesmenuires.com/appartement-chalet-residence/les-bruyeres-balcons-des-bruyeres/5-pieces-mezzanine-les-chalets-de-l-adonis-mnad0206.html
Les 3 Vallées Réservation,les3vallees-aconit-124,ACONIT 124 - Apartment 3 rooms 8 persons,Agence des Belleville,Les Menuires: Les Bruyères,no,https://reservation.les3vallees.com/en/product-22845-aconit-124-apartment-3-rooms-8-persons
Les Menuires Réservation,les3vallees-aconit-124,ACONIT 124 - Apartment 3 rooms 8 persons,Agence des Belleville,Les Menuires: Les Bruyères,no,https://reservation.les3vallees.com/en/product-22845-aconit-124-apartment-3-rooms-8-persons
Les Menuires Réservation (locationlesmenuires.com),les3vallees-aconit-124,ACONIT 124 - Apartment 3 rooms 8 persons,Agence des Belleville,Les Menuires: Les Bruyères,no,https://reservation.les3vallees.com/en/product-22845-aconit-124-apartment-3-rooms-8-persons
Les Menuires Réservation,pierre-vacances-aconit-3p9-acon304p709stan,Aconit Pierre et Vacances - 3 pièces 9 pers,Pierre & Vacances,Les Menuires: Les Bruyères,no,https://fr.locationlesmenuires.com/appartement-chalet-residence/les-bruyeres/3-pieces-9-pers-skis-aux-pieds-aconit-pierre-et-vacances-acon304p709stan.html
Les Menuires Réservation (locationlesmenuires.com),pierre-vacances-aconit-3p9-acon304p709stan,Aconit Pierre et Vacances - 3 pièces 9 pers,Pierre & Vacances,Les Menuires: Les Bruyères,no,https://fr.locationlesmenuires.com/appartement-chalet-residence/les-bruyeres/3-pieces-9-pers-skis-aux-pieds-aconit-pierre-et-vacances-acon304p709stan.html
Les Menuires Réservation,barnes-gironimo,Appartement chalet Gironimo,Barnes,Les Menuires: Les Bruyères,no,https://fr.locationlesmenuires.com/appartement-chalet-residence/les-bruyeres/appartement-chalet-gironimo-3746.html
Les Menuires Réservation (locationlesmenuires.com),barnes-gironimo,Appartement chalet Gironimo,Barnes,Les Menuires: Les Bruyères,no,https://fr.locationlesmenuires.com/appartement-chalet-residence/les-bruyeres/appartement-chalet-gironimo-3746.html
Les Menuires Réservation,barnes-le-ferret,Appartement chalet Le Ferret,Barnes,Les Menuires: Les Bruyères,no,https://fr.locationlesmenuires.com/appartement-chalet-residence/les-bruyeres/appartement-chalet-le-ferret-3733.html
Les Menuires Réservation (locationlesmenuires.com),barnes-le-ferret,Appartement chalet Le Ferret,Barnes,Les Menuires: Les Bruyères,no,https://fr.locationlesmenuires.com/appartement-chalet-residence/les-bruyeres/appartement-chalet-le-ferret-3733.html
Les 3 Vallées Réservation,les3vallees-chalets-de-l-adonis-101,CHALETS DE L'ADONIS 101 - Apartment 4 rooms 8 persons,Agence des Belleville,Les Menuires: Les Bruyères,no,https://reservation.les3vallees.com/en/product-55010-chalets-de-ladonis-101-apartment-4-rooms-8-persons
Les Menuires Réservation (locationlesmenuires.com),les3vallees-chalets-de-l-adonis-101,CHALETS DE L'ADONIS 101 - Apartment 4 rooms 8 persons,Agence des Belleville,Les Menuires: Les Bruyères,no,https://reservation.les3vallees.com/en/product-55010-chalets-de-ladonis-101-apartment-4-rooms-8-persons
Les 3 Vallées Réservation,les3vallees-chalets-de-l-adonis-104,CHALETS DE L'ADONIS 104 - Apartment 4 rooms 8 persons,Agence des Belleville,Les Menuires: Les Bruyères,no,https://reservation.les3vallees.com/en/product-55015-chalets-de-ladonis-104-apartment-4-rooms-8-persons
Les Menuires Réservation (locationlesmenuires.com),les3vallees-chalets-de-l-adonis-104,CHALETS DE L'ADONIS 104 - Apartment 4 rooms 8 persons,Agence des Belleville,Les Menuires: Les Bruyères,no,https://reservation.les3vallees.com/en/product-55015-chalets-de-ladonis-104-apartment-4-rooms-8-persons
Les 3 Vallées Réservation,les3vallees-chalets-de-l-adonis-300,CHALETS DE L'ADONIS 300 - Apartment 4 rooms 8 persons,Agence des Belleville,Les Menuires: Les Bruyères,no,https://reservation.les3vallees.com/en/product-55007-chalets-de-ladonis-300-apartment-4-rooms-8-persons
Les Menuires Réservation,les3vallees-chalets-de-l-adonis-300,CHALETS DE L'ADONIS 300 - Apartment 4 rooms 8 persons,Agence des Belleville,Les Menuires: Les Bruyères,no,https://reservation.les3vallees.com/en/product-55007-chalets-de-ladonis-300-apartment-4-rooms-8-persons
Les Menuires Réservation (locationlesmenuires.com),les3vallees-chalets-de-l-adonis-300,CHALETS DE L'ADONIS 300 - Apartment 4 rooms 8 persons,Agence des Belleville,Les Menuires: Les Bruyères,no,https://reservation.les3vallees.com/en/product-55007-chalets-de-ladonis-300-apartment-4-rooms-8-persons
Les 3 Vallées Réservation,les3vallees-chalets-de-l-adonis-301,CHALETS DE L'ADONIS 301 - Apartment 4 rooms 8 persons,Agence des Belleville,Les Menuires: Les Bruyères,no,https://reservation.les3vallees.com/en/product-55006-chalets-de-ladonis-301-apartment-4-rooms-8-persons
Les Menuires Réservation,les3vallees-chalets-de-l-adonis-301,CHALETS DE L'ADONIS 301 - Apartment 4 rooms 8 persons,Agence des Belleville,Les Menuires: Les Bruyères,no,https://reservation.les3vallees.com/en/product-55006-chalets-de-ladonis-301-apartment-4-rooms-8-persons
Les Menuires Réservation (locationlesmenuires.com),les3vallees-chalets-de-l-adonis-301,CHALETS DE L'ADONIS 301 - Apartment 4 rooms 8 persons,Agence des Belleville,Les Menuires: Les Bruyères,no,https://reservation.les3vallees.com/en/product-55006-chalets-de-ladonis-301-apartment-4-rooms-8-persons
Les 3 Vallées Réservation,les3vallees-chalets-de-l-adonis-304,CHALETS DE L'ADONIS 304 - Apartment 4 rooms 8 persons,Agence des Belleville,Les Menuires: Les Bruyères,no,https://reservation.les3vallees.com/en/product-55008-chalets-de-ladonis-304-apartment-4-rooms-8-persons
Les Menuires Réservation,les3vallees-chalets-de-l-adonis-304,CHALETS DE L'ADONIS 304 - Apartment 4 rooms 8 persons,Agence des Belleville,Les Menuires: Les Bruyères,no,https://reservation.les3vallees.com/en/product-55008-chalets-de-ladonis-304-apartment-4-rooms-8-persons
Les Menuires Réservation (locationlesmenuires.com),les3vallees-chalets-de-l-adonis-304,CHALETS DE L'ADONIS 304 - Apartment 4 rooms 8 persons,Agence des Belleville,Les Menuires: Les Bruyères,no,https://reservation.les3vallees.com/en/product-55008-chalets-de-ladonis-304-apartment-4-rooms-8-persons
Les 3 Vallées Réservation,les3vallees-chalets-de-l-adonis-400,CHALETS DE L'ADONIS 400 - Apartment 4 rooms 8 persons,Agence des Belleville,Les Menuires: Les Bruyères,no,https://reservation.les3vallees.com/en/product-55018-chalets-de-ladonis-400-apartment-4-rooms-8-persons
Les Menuires Réservation (locationlesmenuires.com),les3vallees-chalets-de-l-adonis-400,CHALETS DE L'ADONIS 400 - Apartment 4 rooms 8 persons,Agence des Belleville,Les Menuires: Les Bruyères,no,https://reservation.les3vallees.com/en/product-55018-chalets-de-ladonis-400-apartment-4-rooms-8-persons
Les 3 Vallées Réservation,les3vallees-chalets-de-l-adonis-401,CHALETS DE L'ADONIS 401 - Apartment 4 rooms 8 persons,Agence des Belleville,Les Menuires: Les Bruyères,no,https://reservation.les3vallees.com/en/product-55011-chalets-de-ladonis-401-apartment-4-rooms-8-persons
Les Menuires Réservation,les3vallees-chalets-de-l-adonis-401,CHALETS DE L'ADONIS 401 - Apartment 4 rooms 8 persons,Agence des Belleville,Les Menuires: Les Bruyères,no,https://reservation.les3vallees.com/en/product-55011-chalets-de-ladonis-401-apartment-4-rooms-8-persons
Les Menuires Réservation (locationlesmenuires.com),les3vallees-chalets-de-l-adonis-401,CHALETS DE L'ADONIS 401 - Apartment 4 rooms 8 persons,Agence des Belleville,Les Menuires: Les Bruyères,no,https://reservation.les3vallees.com/en/product-55011-chalets-de-ladonis-401-apartment-4-rooms-8-persons
Les 3 Vallées Réservation,les3vallees-chalets-de-l-adonis-404,CHALETS DE L'ADONIS 404 - Apartment 4 rooms 8 persons,Agence des Belleville,Les Menuires: Les Bruyères,no,https://reservation.les3vallees.com/en/product-55012-chalets-de-ladonis-404-apartment-4-rooms-8-persons
Les Menuires Réservation,les3vallees-chalets-de-l-adonis-404,CHALETS DE L'ADONIS 404 - Apartment 4 rooms 8 persons,Agence des Belleville,Les Menuires: Les Bruyères,no,https://reservation.les3vallees.com/en/product-55012-chalets-de-ladonis-404-apartment-4-rooms-8-persons
Les Menuires Réservation (locationlesmenuires.com),les3vallees-chalets-de-l-adonis-404,CHALETS DE L'ADONIS 404 - Apartment 4 rooms 8 persons,Agence des Belleville,Les Menuires: Les Bruyères,no,https://reservation.les3vallees.com/en/product-55012-chalets-de-ladonis-404-apartment-4-rooms-8-persons
Les 3 Vallées Réservation,les3vallees-chalets-de-l-adonis-500,CHALETS DE L'ADONIS 500 - Apartment 4 rooms 10 persons,Agence des Belleville,Les Menuires: Les Bruyères,no,https://reservation.les3vallees.com/en/product-55020-chalets-de-ladonis-500-apartment-4-rooms-10-persons
Les Menuires Réservation,les3vallees-chalets-de-l-adonis-500,CHALETS DE L'ADONIS 500 - Apartment 4 rooms 10 persons,Agence des Belleville,Les Menuires: Les Bruyères,no,https://reservation.les3vallees.com/en/product-55020-chalets-de-ladonis-500-apartment-4-rooms-10-persons
Les Menuires Réservation (locationlesmenuires.com),les3vallees-chalets-de-l-adonis-500,CHALETS DE L'ADONIS 500 - Apartment 4 rooms 10 persons,Agence des Belleville,Les Menuires: Les Bruyères,no,https://reservation.les3vallees.com/en/product-55020-chalets-de-ladonis-500-apartment-4-rooms-10-persons
Les 3 Vallées Réservation,les3vallees-chalets-de-l-adonis-b4,CHALETS DE L'ADONIS B4 - Apartment 4 rooms 8 persons,Agence des Belleville,Les Menuires: Les Bruyères,no,https://reservation.les3vallees.com/en/product-55017-chalets-de-ladonis-b4-apartment-4-rooms-8-persons
Les Menuires Réservation (locationlesmenuires.com),les3vallees-chalets-de-l-adonis-b4,CHALETS DE L'ADONIS B4 - Apartment 4 rooms 8 persons,Agence des Belleville,Les Menuires: Les Bruyères,no,https://reservation.les3vallees.com/en/product-55017-chalets-de-ladonis-b4-apartment-4-rooms-8-persons
Ski Line,sno-chalet-aigle,Chalet Aigle,Ski Famille,Les Menuires: Les Bruyères,no,https://www.sno.co.uk/ski-holidays/chalet-aigle_16826/
Sno,sno-chalet-aigle,Chalet Aigle,Ski Famille,Les Menuires: Les Bruyères,no,https://www.sno.co.uk/ski-holidays/chalet-aigle_16826/
Ski Line,sno-chalet-aigrette,Chalet Aigrette,Ski Famille,Les Menuires: Les Bruyères,no,https://www.sno.co.uk/ski-holidays/chalet-aigrette_16379/
Sno,sno-chalet-aigrette,Chalet Aigrette,Ski Famille,Les Menuires: Les Bruyères,no,https://www.sno.co.uk/ski-holidays/chalet-aigrette_16379/
Les Menuires Réservation,lesmenuires-chalet-delphine-mnchdelphine,Chalet Delphine (Chalet Vithos),Agence des Belleville,Les Menuires: Les Bruyères,no,https://fr.locationlesmenuires.com/appartement-chalet-residence/les-bruyeres/8-pieces-chalet-vithos-mnchdelphine.html
Les Menuires Réservation (locationlesmenuires.com),lesmenuires-chalet-delphine-mnchdelphine,Chalet Delphine (Chalet Vithos),Agence des Belleville,Les Menuires: Les Bruyères,no,https://fr.locationlesmenuires.com/appartement-chalet-residence/les-bruyeres/8-pieces-chalet-vithos-mnchdelphine.html
Ski Line,sno-chalet-faucon,Chalet Faucon,Ski Famille,Les Menuires: Les Bruyères,no,https://www.sno.co.uk/ski-holidays/chalet-faucon_16825/
Sno,sno-chalet-faucon,Chalet Faucon,Ski Famille,Les Menuires: Les Bruyères,no,https://www.sno.co.uk/ski-holidays/chalet-faucon_16825/
Airbnb,lesmenuires-chalet-gabrielle-mnchgabrielle,Chalet Gabrielle (Chalet Vithos),"Chalet Vithos (Scott & Sophie, chaletvithos.com); also let via Agence des Belleville (tourist office) and Holidu (Airbnb)",Les Menuires: Les Bruyères,no,https://fr.locationlesmenuires.com/appartement-chalet-residence/les-bruyeres/7-pieces-chalet-vithos-mnchgabrielle.html
Chalet Vithos (own site),lesmenuires-chalet-gabrielle-mnchgabrielle,Chalet Gabrielle (Chalet Vithos),"Chalet Vithos (Scott & Sophie, chaletvithos.com); also let via Agence des Belleville (tourist office) and Holidu (Airbnb)",Les Menuires: Les Bruyères,no,https://fr.locationlesmenuires.com/appartement-chalet-residence/les-bruyeres/7-pieces-chalet-vithos-mnchgabrielle.html
Les Menuires Réservation,lesmenuires-chalet-gabrielle-mnchgabrielle,Chalet Gabrielle (Chalet Vithos),"Chalet Vithos (Scott & Sophie, chaletvithos.com); also let via Agence des Belleville (tourist office) and Holidu (Airbnb)",Les Menuires: Les Bruyères,no,https://fr.locationlesmenuires.com/appartement-chalet-residence/les-bruyeres/7-pieces-chalet-vithos-mnchgabrielle.html
Les Menuires Réservation (locationlesmenuires.com),lesmenuires-chalet-gabrielle-mnchgabrielle,Chalet Gabrielle (Chalet Vithos),"Chalet Vithos (Scott & Sophie, chaletvithos.com); also let via Agence des Belleville (tourist office) and Holidu (Airbnb)",Les Menuires: Les Bruyères,no,https://fr.locationlesmenuires.com/appartement-chalet-residence/les-bruyeres/7-pieces-chalet-vithos-mnchgabrielle.html
Ski Line,sno-chalet-hotel-cocon-des-neiges,Chalet Hotel Cocon des Neiges,Ski Famille,Les Menuires: Les Bruyères,no,https://www.sno.co.uk/ski-holidays/chalet-hotel-cocon-des-neiges_19650/
Sno,sno-chalet-hotel-cocon-des-neiges,Chalet Hotel Cocon des Neiges,Ski Famille,Les Menuires: Les Bruyères,no,https://www.sno.co.uk/ski-holidays/chalet-hotel-cocon-des-neiges_19650/
Ski Line,sno-chalet-le-corbeau,Chalet Le Corbeau,Ski Famille,Les Menuires: Les Bruyères,no,https://www.sno.co.uk/ski-holidays/chalet-le-corbeau_16378/
Sno,sno-chalet-le-corbeau,Chalet Le Corbeau,Ski Famille,Les Menuires: Les Bruyères,no,https://www.sno.co.uk/ski-holidays/chalet-le-corbeau_16378/
Les Menuires Réservation,lesmenuires-chalet-vithos-mnchvithos,Chalet Vithos,Agence des Belleville,Les Menuires: Les Bruyères,no,https://fr.locationlesmenuires.com/appartement-chalet-residence/les-bruyeres/7-pieces-chalet-vithos-mnchvithos.html
Les Menuires Réservation (locationlesmenuires.com),lesmenuires-chalet-vithos-mnchvithos,Chalet Vithos,Agence des Belleville,Les Menuires: Les Bruyères,no,https://fr.locationlesmenuires.com/appartement-chalet-residence/les-bruyeres/7-pieces-chalet-vithos-mnchvithos.html
Les Menuires Réservation,lesmenuires-dame-blanche-01,Le Chalet de la Dame Blanche 01 (5 pièces 8 personnes),Le Chalet de la Dame Blanche,Les Menuires: Les Bruyères,no,https://fr.locationlesmenuires.com/appartement-chalet-residence/les-bruyeres/5-pieces-8-pers-skis-aux-pieds-le-chalet-de-la-dame-blanche-01-dameblan01.html
Les Menuires Réservation (locationlesmenuires.com),lesmenuires-dame-blanche-01,Le Chalet de la Dame Blanche 01 (5 pièces 8 personnes),Le Chalet de la Dame Blanche,Les Menuires: Les Bruyères,no,https://fr.locationlesmenuires.com/appartement-chalet-residence/les-bruyeres/5-pieces-8-pers-skis-aux-pieds-le-chalet-de-la-dame-blanche-01-dameblan01.html
Les Menuires Réservation,lesmenuires-dame-blanche-02,Le Chalet de la Dame Blanche 02 (5 pièces cabine 10 personnes),Le Chalet de la Dame Blanche,Les Menuires: Les Bruyères,no,https://fr.locationlesmenuires.com/appartement-chalet-residence/les-bruyeres/5-pieces-cabine-10-pers-skis-aux-pieds-le-chalet-de-la-dame-blanche-02-dameblan02.html
Les Menuires Réservation (locationlesmenuires.com),lesmenuires-dame-blanche-02,Le Chalet de la Dame Blanche 02 (5 pièces cabine 10 personnes),Le Chalet de la Dame Blanche,Les Menuires: Les Bruyères,no,https://fr.locationlesmenuires.com/appartement-chalet-residence/les-bruyeres/5-pieces-cabine-10-pers-skis-aux-pieds-le-chalet-de-la-dame-blanche-02-dameblan02.html
Les Menuires Réservation,lesmenuires-dame-blanche-11,Le Chalet de la Dame Blanche 11 (5 pièces 8 personnes),Le Chalet de la Dame Blanche,Les Menuires: Les Bruyères,no,https://fr.locationlesmenuires.com/appartement-chalet-residence/les-bruyeres/5-pieces-8-pers-skis-aux-pieds-le-chalet-de-la-dame-blanche-11-dameblan11.html
Les Menuires Réservation (locationlesmenuires.com),lesmenuires-dame-blanche-11,Le Chalet de la Dame Blanche 11 (5 pièces 8 personnes),Le Chalet de la Dame Blanche,Les Menuires: Les Bruyères,no,https://fr.locationlesmenuires.com/appartement-chalet-residence/les-bruyeres/5-pieces-8-pers-skis-aux-pieds-le-chalet-de-la-dame-blanche-11-dameblan11.html
Les Menuires Réservation,lesmenuires-dame-blanche-12,Le Chalet de la Dame Blanche 12 (5 pièces 8 personnes),Le Chalet de la Dame Blanche,Les Menuires: Les Bruyères,no,https://fr.locationlesmenuires.com/appartement-chalet-residence/les-bruyeres/5-pieces-8-pers-skis-aux-pieds-le-chalet-de-la-dame-blanche-12-dameblan12.html
Les Menuires Réservation (locationlesmenuires.com),lesmenuires-dame-blanche-12,Le Chalet de la Dame Blanche 12 (5 pièces 8 personnes),Le Chalet de la Dame Blanche,Les Menuires: Les Bruyères,no,https://fr.locationlesmenuires.com/appartement-chalet-residence/les-bruyeres/5-pieces-8-pers-skis-aux-pieds-le-chalet-de-la-dame-blanche-12-dameblan12.html
Les Menuires Réservation,lesmenuires-dame-blanche-13,Le Chalet de la Dame Blanche 13 (5 pièces 8 personnes),Le Chalet de la Dame Blanche,Les Menuires: Les Bruyères,no,https://fr.locationlesmenuires.com/appartement-chalet-residence/les-bruyeres/5-pieces-8-pers-skis-aux-pieds-le-chalet-de-la-dame-blanche-13-dameblan13.html
Les Menuires Réservation (locationlesmenuires.com),lesmenuires-dame-blanche-13,Le Chalet de la Dame Blanche 13 (5 pièces 8 personnes),Le Chalet de la Dame Blanche,Les Menuires: Les Bruyères,no,https://fr.locationlesmenuires.com/appartement-chalet-residence/les-bruyeres/5-pieces-8-pers-skis-aux-pieds-le-chalet-de-la-dame-blanche-13-dameblan13.html
Les Menuires Réservation,lesmenuires-dame-blanche-21,Le Chalet de la Dame Blanche 21 (7 pièces duplex 14 personnes),Le Chalet de la Dame Blanche,Les Menuires: Les Bruyères,no,https://fr.locationlesmenuires.com/appartement-chalet-residence/les-bruyeres/7-pieces-duplex-14-pers-skis-aux-pieds-le-chalet-de-la-dame-blanche-21-dameblan21.html
Les Menuires Réservation (locationlesmenuires.com),lesmenuires-dame-blanche-21,Le Chalet de la Dame Blanche 21 (7 pièces duplex 14 personnes),Le Chalet de la Dame Blanche,Les Menuires: Les Bruyères,no,https://fr.locationlesmenuires.com/appartement-chalet-residence/les-bruyeres/7-pieces-duplex-14-pers-skis-aux-pieds-le-chalet-de-la-dame-blanche-21-dameblan21.html
Les Menuires Réservation,lesmenuires-dame-blanche-22,Le Chalet de la Dame Blanche 22 (5 pièces 8 personnes),Le Chalet de la Dame Blanche,Les Menuires: Les Bruyères,no,https://fr.locationlesmenuires.com/appartement-chalet-residence/les-bruyeres/5-pieces-8-pers-skis-aux-pieds-le-chalet-de-la-dame-blanche-22-dameblan22.html
Les Menuires Réservation (locationlesmenuires.com),lesmenuires-dame-blanche-22,Le Chalet de la Dame Blanche 22 (5 pièces 8 personnes),Le Chalet de la Dame Blanche,Les Menuires: Les Bruyères,no,https://fr.locationlesmenuires.com/appartement-chalet-residence/les-bruyeres/5-pieces-8-pers-skis-aux-pieds-le-chalet-de-la-dame-blanche-22-dameblan22.html
Les Menuires Réservation,lesmenuires-dame-blanche-23,Le Chalet de la Dame Blanche 23 (7 pièces duplex 14 personnes),Le Chalet de la Dame Blanche,Les Menuires: Les Bruyères,no,https://fr.locationlesmenuires.com/appartement-chalet-residence/les-bruyeres/7-pieces-duplex-14-pers-skis-aux-pieds-le-chalet-de-la-dame-blanche-23-dameblan23.html
Les Menuires Réservation (locationlesmenuires.com),lesmenuires-dame-blanche-23,Le Chalet de la Dame Blanche 23 (7 pièces duplex 14 personnes),Le Chalet de la Dame Blanche,Les Menuires: Les Bruyères,no,https://fr.locationlesmenuires.com/appartement-chalet-residence/les-bruyeres/7-pieces-duplex-14-pers-skis-aux-pieds-le-chalet-de-la-dame-blanche-23-dameblan23.html
Les Menuires Réservation,lesmenuires-dame-blanche-31,Le Chalet de la Dame Blanche 31 (4 pièces cabine 8 personnes),Le Chalet de la Dame Blanche,Les Menuires: Les Bruyères,no,https://fr.locationlesmenuires.com/appartement-chalet-residence/les-bruyeres/4-pieces-cabine-8-pers-skis-aux-pieds-le-chalet-de-la-dame-blanche-31-dameblan31.html
Les Menuires Réservation (locationlesmenuires.com),lesmenuires-dame-blanche-31,Le Chalet de la Dame Blanche 31 (4 pièces cabine 8 personnes),Le Chalet de la Dame Blanche,Les Menuires: Les Bruyères,no,https://fr.locationlesmenuires.com/appartement-chalet-residence/les-bruyeres/4-pieces-cabine-8-pers-skis-aux-pieds-le-chalet-de-la-dame-blanche-31-dameblan31.html
Les Menuires Réservation,lesmenuires-dame-blanche-32,Le Chalet de la Dame Blanche 32 (4 pièces cabine 8 personnes),Le Chalet de la Dame Blanche,Les Menuires: Les Bruyères,no,https://fr.locationlesmenuires.com/appartement-chalet-residence/les-bruyeres/4-pieces-cabine-8-pers-skis-aux-pieds-le-chalet-de-la-dame-blanche-32-dameblan32.html
Les Menuires Réservation (locationlesmenuires.com),lesmenuires-dame-blanche-32,Le Chalet de la Dame Blanche 32 (4 pièces cabine 8 personnes),Le Chalet de la Dame Blanche,Les Menuires: Les Bruyères,no,https://fr.locationlesmenuires.com/appartement-chalet-residence/les-bruyeres/4-pieces-cabine-8-pers-skis-aux-pieds-le-chalet-de-la-dame-blanche-32-dameblan32.html
Les Menuires Réservation,lesmenuires-dame-blanche-41,Le Chalet de la Dame Blanche 41 (6 pièces cabine 12 personnes),Le Chalet de la Dame Blanche,Les Menuires: Les Bruyères,no,https://fr.locationlesmenuires.com/appartement-chalet-residence/les-bruyeres/6-pieces-cabine-duplex-12-pers-skis-aux-pieds-le-chalet-de-la-dame-blanche-41-dameblan41.html
Les Menuires Réservation (locationlesmenuires.com),lesmenuires-dame-blanche-41,Le Chalet de la Dame Blanche 41 (6 pièces cabine 12 personnes),Le Chalet de la Dame Blanche,Les Menuires: Les Bruyères,no,https://fr.locationlesmenuires.com/appartement-chalet-residence/les-bruyeres/6-pieces-cabine-duplex-12-pers-skis-aux-pieds-le-chalet-de-la-dame-blanche-41-dameblan41.html
Les Menuires Réservation,lesmenuires-dame-blanche-42,Le Chalet de la Dame Blanche 42 (6 pièces cabine 12 personnes),Le Chalet de la Dame Blanche,Les Menuires: Les Bruyères,no,https://fr.locationlesmenuires.com/appartement-chalet-residence/les-bruyeres/6-pieces-cabine-duplex-12-pers-skis-aux-pieds-le-chalet-de-la-dame-blanche-42-dameblan42.html
Les Menuires Réservation (locationlesmenuires.com),lesmenuires-dame-blanche-42,Le Chalet de la Dame Blanche 42 (6 pièces cabine 12 personnes),Le Chalet de la Dame Blanche,Les Menuires: Les Bruyères,no,https://fr.locationlesmenuires.com/appartement-chalet-residence/les-bruyeres/6-pieces-cabine-duplex-12-pers-skis-aux-pieds-le-chalet-de-la-dame-blanche-42-dameblan42.html
Les Menuires Réservation,pierre-vacances-valmonts-4p8-valm4p708,Pierre et Vacances Les Valmonts - 4 pièces 8 pers,Pierre & Vacances,Les Menuires: Les Bruyères,no,https://fr.locationlesmenuires.com/appartement-chalet-residence/les-bruyeres/4-pieces-8-pers-skis-aux-pieds-pierre-et-vacances-les-valmonts-valm4p708.html
Les Menuires Réservation (locationlesmenuires.com),pierre-vacances-valmonts-4p8-valm4p708,Pierre et Vacances Les Valmonts - 4 pièces 8 pers,Pierre & Vacances,Les Menuires: Les Bruyères,no,https://fr.locationlesmenuires.com/appartement-chalet-residence/les-bruyeres/4-pieces-8-pers-skis-aux-pieds-pierre-et-vacances-les-valmonts-valm4p708.html
Les 3 Vallées Réservation,les3vallees-valmonts-b-32,VALMONTS B 32 - Apartment 4 rooms 8 persons,Agence des Belleville,Les Menuires: Les Bruyères,no,https://reservation.les3vallees.com/en/product-37664-valmonts-b-32-apartment-4-rooms-8-persons
Les Menuires Réservation,les3vallees-valmonts-b-32,VALMONTS B 32 - Apartment 4 rooms 8 persons,Agence des Belleville,Les Menuires: Les Bruyères,no,https://reservation.les3vallees.com/en/product-37664-valmonts-b-32-apartment-4-rooms-8-persons
Les Menuires Réservation (locationlesmenuires.com),les3vallees-valmonts-b-32,VALMONTS B 32 - Apartment 4 rooms 8 persons,Agence des Belleville,Les Menuires: Les Bruyères,no,https://reservation.les3vallees.com/en/product-37664-valmonts-b-32-apartment-4-rooms-8-persons
Les Menuires Réservation,lesmenuires-les-chalets-du-soleil-a2p6,2 Pièces 6 Personnes Authentique (A2P6),CGH Résidences & Spas,Les Menuires: Reberty 2000,no,https://fr.locationlesmenuires.com/appartement-chalet-residence/reberty-2000/2-pieces-6-personnes-authentique-a2p6.html
Les Menuires Réservation (locationlesmenuires.com),lesmenuires-les-chalets-du-soleil-a2p6,2 Pièces 6 Personnes Authentique (A2P6),CGH Résidences & Spas,Les Menuires: Reberty 2000,no,https://fr.locationlesmenuires.com/appartement-chalet-residence/reberty-2000/2-pieces-6-personnes-authentique-a2p6.html
Les Menuires Réservation,lesmenuires-alpages-de-reberty-rb004b,2 pièces - ALPAGES DE REBERTY (RB004B),Agence des Belleville,Les Menuires: Reberty 2000,no,https://fr.locationlesmenuires.com/appartement-chalet-residence/reberty-2000/2-pieces-alpages-de-reberty-rb004b.html
Les Menuires Réservation (locationlesmenuires.com),lesmenuires-alpages-de-reberty-rb004b,2 pièces - ALPAGES DE REBERTY (RB004B),Agence des Belleville,Les Menuires: Reberty 2000,no,https://fr.locationlesmenuires.com/appartement-chalet-residence/reberty-2000/2-pieces-alpages-de-reberty-rb004b.html
Les Menuires Réservation,lesmenuires-les-alpages-de-reberty-anco11,2 pièces - LES ALPAGES DE REBERTY (ANCO11),Agence des Alpes,Les Menuires: Reberty 2000,no,https://fr.locationlesmenuires.com/appartement-chalet-residence/reberty-2000/2-pieces-les-alpages-de-reberty-anco11.html
Les Menuires Réservation (locationlesmenuires.com),lesmenuires-les-alpages-de-reberty-anco11,2 pièces - LES ALPAGES DE REBERTY (ANCO11),Agence des Alpes,Les Menuires: Reberty 2000,no,https://fr.locationlesmenuires.com/appartement-chalet-residence/reberty-2000/2-pieces-les-alpages-de-reberty-anco11.html
Les Menuires Réservation,lesmenuires-necou-ne0415,2 pièces - NECOU (NE0415),Agence des Belleville,Les Menuires: Reberty 2000,no,https://fr.locationlesmenuires.com/appartement-chalet-residence/reberty-2000/2-pieces-necou-ne0415.html
Les Menuires Réservation (locationlesmenuires.com),lesmenuires-necou-ne0415,2 pièces - NECOU (NE0415),Agence des Belleville,Les Menuires: Reberty 2000,no,https://fr.locationlesmenuires.com/appartement-chalet-residence/reberty-2000/2-pieces-necou-ne0415.html
Les Menuires Réservation,lesmenuires-necou-ne0622,2 pièces - NECOU (NE0622),Agence des Belleville,Les Menuires: Reberty 2000,no,https://fr.locationlesmenuires.com/appartement-chalet-residence/reberty-2000/2-pieces-necou-ne0622.html
Les Menuires Réservation (locationlesmenuires.com),lesmenuires-necou-ne0622,2 pièces - NECOU (NE0622),Agence des Belleville,Les Menuires: Reberty 2000,no,https://fr.locationlesmenuires.com/appartement-chalet-residence/reberty-2000/2-pieces-necou-ne0622.html
Les Menuires Réservation,lesmenuires-necou-ne0624,2 pièces - NECOU (NE0624),Agence des Belleville,Les Menuires: Reberty 2000,no,https://fr.locationlesmenuires.com/appartement-chalet-residence/reberty-2000/2-pieces-necou-ne0624.html
Les Menuires Réservation (locationlesmenuires.com),lesmenuires-necou-ne0624,2 pièces - NECOU (NE0624),Agence des Belleville,Les Menuires: Reberty 2000,no,https://fr.locationlesmenuires.com/appartement-chalet-residence/reberty-2000/2-pieces-necou-ne0624.html
Les Menuires Réservation,lesmenuires-necou-ne0715,2 pièces - NECOU (NE0715),Agence des Belleville,Les Menuires: Reberty 2000,no,https://fr.locationlesmenuires.com/appartement-chalet-residence/reberty-2000/2-pieces-necou-ne0715.html
Les Menuires Réservation (locationlesmenuires.com),lesmenuires-necou-ne0715,2 pièces - NECOU (NE0715),Agence des Belleville,Les Menuires: Reberty 2000,no,https://fr.locationlesmenuires.com/appartement-chalet-residence/reberty-2000/2-pieces-necou-ne0715.html
Les Menuires Réservation,lesmenuires-necou-ne0723,2 pièces - NECOU (NE0723),Agence des Belleville,Les Menuires: Reberty 2000,no,https://fr.locationlesmenuires.com/appartement-chalet-residence/reberty-2000/2-pieces-necou-ne0723.html
Les Menuires Réservation (locationlesmenuires.com),lesmenuires-necou-ne0723,2 pièces - NECOU (NE0723),Agence des Belleville,Les Menuires: Reberty 2000,no,https://fr.locationlesmenuires.com/appartement-chalet-residence/reberty-2000/2-pieces-necou-ne0723.html
Les Menuires Réservation,lesmenuires-necou-nec611,2 pièces - NECOU (NEC611),Agence des Alpes,Les Menuires: Reberty 2000,no,https://fr.locationlesmenuires.com/appartement-chalet-residence/reberty-2000/2-pieces-necou-nec611.html
Les Menuires Réservation (locationlesmenuires.com),lesmenuires-necou-nec611,2 pièces - NECOU (NEC611),Agence des Alpes,Les Menuires: Reberty 2000,no,https://fr.locationlesmenuires.com/appartement-chalet-residence/reberty-2000/2-pieces-necou-nec611.html
Les Menuires Réservation,lesmenuires-necou-nec713,2 pièces - NECOU (NEC713),Agence des Alpes,Les Menuires: Reberty 2000,no,https://fr.locationlesmenuires.com/appartement-chalet-residence/reberty-2000/2-pieces-necou-nec713.html
Les Menuires Réservation (locationlesmenuires.com),lesmenuires-necou-nec713,2 pièces - NECOU (NEC713),Agence des Alpes,Les Menuires: Reberty 2000,no,https://fr.locationlesmenuires.com/appartement-chalet-residence/reberty-2000/2-pieces-necou-nec713.html
Les Menuires Réservation,lesmenuires-les-alpages-de-reberty-alp2p4stan,2 pièces 4 pers skis aux pieds / LES ALPAGES DE REBERTY Pierre et Vacances (ALP2P4STAN),Pierre & Vacances,Les Menuires: Reberty 2000,no,https://fr.locationlesmenuires.com/appartement-chalet-residence/reberty-2000/2-pieces-4-pers-skis-aux-pieds-les-alpages-de-reberty-pierre-et-vacances-alp2p4stan.html
Les Menuires Réservation (locationlesmenuires.com),lesmenuires-les-alpages-de-reberty-alp2p4stan,2 pièces 4 pers skis aux pieds / LES ALPAGES DE REBERTY Pierre et Vacances (ALP2P4STAN),Pierre & Vacances,Les Menuires: Reberty 2000,no,https://fr.locationlesmenuires.com/appartement-chalet-residence/reberty-2000/2-pieces-4-pers-skis-aux-pieds-les-alpages-de-reberty-pierre-et-vacances-alp2p4stan.html
Les Menuires Réservation,lesmenuires-alpages-de-reberty-rb014b,2 pièces cabine - ALPAGES DE REBERTY (RB014B),Agence des Belleville,Les Menuires: Reberty 2000,no,https://fr.locationlesmenuires.com/appartement-chalet-residence/reberty-2000/2-pieces-cabine-alpages-de-reberty-rb014b.html
Les Menuires Réservation (locationlesmenuires.com),lesmenuires-alpages-de-reberty-rb014b,2 pièces cabine - ALPAGES DE REBERTY (RB014B),Agence des Belleville,Les Menuires: Reberty 2000,no,https://fr.locationlesmenuires.com/appartement-chalet-residence/reberty-2000/2-pieces-cabine-alpages-de-reberty-rb014b.html
Les Menuires Réservation,lesmenuires-necou-nec616,2 pièces cabine - NECOU (NEC616),Agence des Alpes,Les Menuires: Reberty 2000,no,https://fr.locationlesmenuires.com/appartement-chalet-residence/reberty-2000/2-pieces-cabine-necou-nec616.html
Les Menuires Réservation (locationlesmenuires.com),lesmenuires-necou-nec616,2 pièces cabine - NECOU (NEC616),Agence des Alpes,Les Menuires: Reberty 2000,no,https://fr.locationlesmenuires.com/appartement-chalet-residence/reberty-2000/2-pieces-cabine-necou-nec616.html
Les Menuires Réservation,lesmenuires-tetras-lyre-te0008,2 pièces cabine - TETRAS LYRE (TE0008),Agence des Belleville,Les Menuires: Reberty 2000,no,https://fr.locationlesmenuires.com/appartement-chalet-residence/reberty-2000/2-pieces-cabine-tetras-lyre-te0008.html
Les Menuires Réservation (locationlesmenuires.com),lesmenuires-tetras-lyre-te0008,2 pièces cabine - TETRAS LYRE (TE0008),Agence des Belleville,Les Menuires: Reberty 2000,no,https://fr.locationlesmenuires.com/appartement-chalet-residence/reberty-2000/2-pieces-cabine-tetras-lyre-te0008.html
Les Menuires Réservation,lesmenuires-les-chalets-du-soleil-c3p5,3 Pièces 5 Personnes Contemporain (C3P5),CGH Résidences & Spas,Les Menuires: Reberty 2000,no,https://fr.locationlesmenuires.com/appartement-chalet-residence/reberty-2000/3-pieces-5-personnes-contemporain-n-c3p5.html
Les Menuires Réservation (locationlesmenuires.com),lesmenuires-les-chalets-du-soleil-c3p5,3 Pièces 5 Personnes Contemporain (C3P5),CGH Résidences & Spas,Les Menuires: Reberty 2000,no,https://fr.locationlesmenuires.com/appartement-chalet-residence/reberty-2000/3-pieces-5-personnes-contemporain-n-c3p5.html
Les Menuires Réservation,lesmenuires-les-chalets-du-soleil-c3p6,3 Pièces 6 Personnes Contemporain (C3P6),CGH Résidences & Spas,Les Menuires: Reberty 2000,no,https://fr.locationlesmenuires.com/appartement-chalet-residence/reberty-2000/3-pieces-6-personnes-contemporain-j-c3p6.html
Les Menuires Réservation (locationlesmenuires.com),lesmenuires-les-chalets-du-soleil-c3p6,3 Pièces 6 Personnes Contemporain (C3P6),CGH Résidences & Spas,Les Menuires: Reberty 2000,no,https://fr.locationlesmenuires.com/appartement-chalet-residence/reberty-2000/3-pieces-6-personnes-contemporain-j-c3p6.html
Les Menuires Réservation,lesmenuires-alpages-de-reberty-mnrb021e,3 pièces - ALPAGES DE REBERTY (MNRB021E),Agence des Belleville,Les Menuires: Reberty 2000,no,https://fr.locationlesmenuires.com/appartement-chalet-residence/reberty-2000/3-pieces-alpages-de-reberty-mnrb021e.html
Les Menuires Réservation (locationlesmenuires.com),lesmenuires-alpages-de-reberty-mnrb021e,3 pièces - ALPAGES DE REBERTY (MNRB021E),Agence des Belleville,Les Menuires: Reberty 2000,no,https://fr.locationlesmenuires.com/appartement-chalet-residence/reberty-2000/3-pieces-alpages-de-reberty-mnrb021e.html
Les Menuires Réservation,lesmenuires-alpages-de-reberty-rb002d,3 pièces - ALPAGES DE REBERTY (RB002D),Agence des Belleville,Les Menuires: Reberty 2000,no,https://fr.locationlesmenuires.com/appartement-chalet-residence/reberty-2000/3-pieces-alpages-de-reberty-rb002d.html
Les Menuires Réservation (locationlesmenuires.com),lesmenuires-alpages-de-reberty-rb002d,3 pièces - ALPAGES DE REBERTY (RB002D),Agence des Belleville,Les Menuires: Reberty 2000,no,https://fr.locationlesmenuires.com/appartement-chalet-residence/reberty-2000/3-pieces-alpages-de-reberty-rb002d.html
Les Menuires Réservation,lesmenuires-alpages-de-reberty-rb006b,3 pièces - ALPAGES DE REBERTY (RB006B),Agence des Belleville,Les Menuires: Reberty 2000,no,https://fr.locationlesmenuires.com/appartement-chalet-residence/reberty-2000/3-pieces-alpages-de-reberty-rb006b.html
Les Menuires Réservation (locationlesmenuires.com),lesmenuires-alpages-de-reberty-rb006b,3 pièces - ALPAGES DE REBERTY (RB006B),Agence des Belleville,Les Menuires: Reberty 2000,no,https://fr.locationlesmenuires.com/appartement-chalet-residence/reberty-2000/3-pieces-alpages-de-reberty-rb006b.html
Les Menuires Réservation,lesmenuires-alpages-de-reberty-rb011d,3 pièces - ALPAGES DE REBERTY (RB011D),Agence des Belleville,Les Menuires: Reberty 2000,no,https://fr.locationlesmenuires.com/appartement-chalet-residence/reberty-2000/3-pieces-alpages-de-reberty-rb011d.html
Les Menuires Réservation (locationlesmenuires.com),lesmenuires-alpages-de-reberty-rb011d,3 pièces - ALPAGES DE REBERTY (RB011D),Agence des Belleville,Les Menuires: Reberty 2000,no,https://fr.locationlesmenuires.com/appartement-chalet-residence/reberty-2000/3-pieces-alpages-de-reberty-rb011d.html
Les Menuires Réservation,lesmenuires-alpages-de-reberty-rb020e,3 pièces - ALPAGES DE REBERTY (RB020E),Agence des Belleville,Les Menuires: Reberty 2000,no,https://fr.locationlesmenuires.com/appartement-chalet-residence/reberty-2000/3-pieces-alpages-de-reberty-rb020e.html
Les Menuires Réservation (locationlesmenuires.com),lesmenuires-alpages-de-reberty-rb020e,3 pièces - ALPAGES DE REBERTY (RB020E),Agence des Belleville,Les Menuires: Reberty 2000,no,https://fr.locationlesmenuires.com/appartement-chalet-residence/reberty-2000/3-pieces-alpages-de-reberty-rb020e.html
Les Menuires Réservation,lesmenuires-alpages-de-reberty-rb021b,3 pièces - ALPAGES DE REBERTY (RB021B),Agence des Belleville,Les Menuires: Reberty 2000,no,https://fr.locationlesmenuires.com/appartement-chalet-residence/reberty-2000/3-pieces-alpages-de-reberty-rb021b.html
Les Menuires Réservation (locationlesmenuires.com),lesmenuires-alpages-de-reberty-rb021b,3 pièces - ALPAGES DE REBERTY (RB021B),Agence des Belleville,Les Menuires: Reberty 2000,no,https://fr.locationlesmenuires.com/appartement-chalet-residence/reberty-2000/3-pieces-alpages-de-reberty-rb021b.html
Les Menuires Réservation,lesmenuires-ancolie-an0002,3 pièces - ANCOLIE (AN0002),Agence des Belleville,Les Menuires: Reberty 2000,no,https://fr.locationlesmenuires.com/appartement-chalet-residence/reberty-2000/3-pieces-ancolie-an0002.html
Les Menuires Réservation (locationlesmenuires.com),lesmenuires-ancolie-an0002,3 pièces - ANCOLIE (AN0002),Agence des Belleville,Les Menuires: Reberty 2000,no,https://fr.locationlesmenuires.com/appartement-chalet-residence/reberty-2000/3-pieces-ancolie-an0002.html
Les Menuires Réservation,lesmenuires-ancolie-ancolie4,3 pièces - ANCOLIE (ANCOLIE4),Agence Les Menuires Immobilier,Les Menuires: Reberty 2000,no,https://fr.locationlesmenuires.com/appartement-chalet-residence/reberty-2000/3-pieces-ancolie-ancolie4.html
Les Menuires Réservation (locationlesmenuires.com),lesmenuires-ancolie-ancolie4,3 pièces - ANCOLIE (ANCOLIE4),Agence Les Menuires Immobilier,Les Menuires: Reberty 2000,no,https://fr.locationlesmenuires.com/appartement-chalet-residence/reberty-2000/3-pieces-ancolie-ancolie4.html
Les Menuires Réservation,lesmenuires-ancolie-mnan0012,3 pièces - ANCOLIE (MNAN0012),Agence des Belleville,Les Menuires: Reberty 2000,no,https://fr.locationlesmenuires.com/appartement-chalet-residence/reberty-2000/3-pieces-ancolie-mnan0012.html
Les Menuires Réservation (locationlesmenuires.com),lesmenuires-ancolie-mnan0012,3 pièces - ANCOLIE (MNAN0012),Agence des Belleville,Les Menuires: Reberty 2000,no,https://fr.locationlesmenuires.com/appartement-chalet-residence/reberty-2000/3-pieces-ancolie-mnan0012.html
Les Menuires Réservation,lesmenuires-les-alpages-de-reberty-bleuet1,3 pièces - LES ALPAGES DE REBERTY (BLEUET1),Agence des Alpes,Les Menuires: Reberty 2000,no,https://fr.locationlesmenuires.com/appartement-chalet-residence/reberty-2000/3-pieces-les-alpages-de-reberty-bleuet1.html
Les Menuires Réservation (locationlesmenuires.com),lesmenuires-les-alpages-de-reberty-bleuet1,3 pièces - LES ALPAGES DE REBERTY (BLEUET1),Agence des Alpes,Les Menuires: Reberty 2000,no,https://fr.locationlesmenuires.com/appartement-chalet-residence/reberty-2000/3-pieces-les-alpages-de-reberty-bleuet1.html
Les Menuires Réservation,lesmenuires-les-alpages-de-reberty-danai3,3 pièces - LES ALPAGES DE REBERTY (DANAI3),Agence Les Menuires Immobilier,Les Menuires: Reberty 2000,no,https://fr.locationlesmenuires.com/appartement-chalet-residence/reberty-2000/3-pieces-les-alpages-de-reberty-danai3.html
Les Menuires Réservation (locationlesmenuires.com),lesmenuires-les-alpages-de-reberty-danai3,3 pièces - LES ALPAGES DE REBERTY (DANAI3),Agence Les Menuires Immobilier,Les Menuires: Reberty 2000,no,https://fr.locationlesmenuires.com/appartement-chalet-residence/reberty-2000/3-pieces-les-alpages-de-reberty-danai3.html
Les Menuires Réservation,lesmenuires-necou-ne0712,3 pièces - NECOU (NE0712),Agence des Belleville,Les Menuires: Reberty 2000,no,https://fr.locationlesmenuires.com/appartement-chalet-residence/reberty-2000/3-pieces-necou-ne0712.html
Les Menuires Réservation (locationlesmenuires.com),lesmenuires-necou-ne0712,3 pièces - NECOU (NE0712),Agence des Belleville,Les Menuires: Reberty 2000,no,https://fr.locationlesmenuires.com/appartement-chalet-residence/reberty-2000/3-pieces-necou-ne0712.html
Les Menuires Réservation,lesmenuires-necou-nec814,3 pièces - NECOU (NEC814),Agence des Alpes,Les Menuires: Reberty 2000,no,https://fr.locationlesmenuires.com/appartement-chalet-residence/reberty-2000/3-pieces-necou-nec814.html
Les Menuires Réservation (locationlesmenuires.com),lesmenuires-necou-nec814,3 pièces - NECOU (NEC814),Agence des Alpes,Les Menuires: Reberty 2000,no,https://fr.locationlesmenuires.com/appartement-chalet-residence/reberty-2000/3-pieces-necou-nec814.html
Les Menuires Réservation,lesmenuires-necou-nec817,3 pièces - NECOU (NEC817),Agence des Alpes,Les Menuires: Reberty 2000,no,https://fr.locationlesmenuires.com/appartement-chalet-residence/reberty-2000/3-pieces-necou-nec817.html
Les Menuires Réservation (locationlesmenuires.com),lesmenuires-necou-nec817,3 pièces - NECOU (NEC817),Agence des Alpes,Les Menuires: Reberty 2000,no,https://fr.locationlesmenuires.com/appartement-chalet-residence/reberty-2000/3-pieces-necou-nec817.html
Les Menuires Réservation,lesmenuires-necou-nec822,3 pièces - NECOU (NEC822),Agence des Alpes,Les Menuires: Reberty 2000,no,https://fr.locationlesmenuires.com/appartement-chalet-residence/reberty-2000/3-pieces-necou-nec822.html
Les Menuires Réservation (locationlesmenuires.com),lesmenuires-necou-nec822,3 pièces - NECOU (NEC822),Agence des Alpes,Les Menuires: Reberty 2000,no,https://fr.locationlesmenuires.com/appartement-chalet-residence/reberty-2000/3-pieces-necou-nec822.html
Les Menuires Réservation,lesmenuires-necou-necou416,3 pièces - NECOU (NECOU416),Agence Les Menuires Immobilier,Les Menuires: Reberty 2000,no,https://fr.locationlesmenuires.com/appartement-chalet-residence/reberty-2000/3-pieces-necou-necou416.html
Les Menuires Réservation (locationlesmenuires.com),lesmenuires-necou-necou416,3 pièces - NECOU (NECOU416),Agence Les Menuires Immobilier,Les Menuires: Reberty 2000,no,https://fr.locationlesmenuires.com/appartement-chalet-residence/reberty-2000/3-pieces-necou-necou416.html
Les Menuires Réservation,lesmenuires-necou-necou423,3 pièces - NECOU (NECOU423),Agence Les Menuires Immobilier,Les Menuires: Reberty 2000,no,https://fr.locationlesmenuires.com/appartement-chalet-residence/reberty-2000/3-pieces-necou-necou423.html
Les Menuires Réservation (locationlesmenuires.com),lesmenuires-necou-necou423,3 pièces - NECOU (NECOU423),Agence Les Menuires Immobilier,Les Menuires: Reberty 2000,no,https://fr.locationlesmenuires.com/appartement-chalet-residence/reberty-2000/3-pieces-necou-necou423.html
Les Menuires Réservation,lesmenuires-necou-necn0,3 pièces cabine - NECOU (NECN0),Agence des Alpes,Les Menuires: Reberty 2000,no,https://fr.locationlesmenuires.com/appartement-chalet-residence/reberty-2000/3-pieces-cabine-necou-necn0.html
Les Menuires Réservation (locationlesmenuires.com),lesmenuires-necou-necn0,3 pièces cabine - NECOU (NECN0),Agence des Alpes,Les Menuires: Reberty 2000,no,https://fr.locationlesmenuires.com/appartement-chalet-residence/reberty-2000/3-pieces-cabine-necou-necn0.html
Les Menuires Réservation,lesmenuires-les-chalets-du-soleil-c4p7,4 Pièces 7 Personnes Contemporain (C4P7),CGH Résidences & Spas,Les Menuires: Reberty 2000,no,https://fr.locationlesmenuires.com/appartement-chalet-residence/reberty-2000/4-pieces-7-personnes-contemporain-n-c4p7.html
Les Menuires Réservation (locationlesmenuires.com),lesmenuires-les-chalets-du-soleil-c4p7,4 Pièces 7 Personnes Contemporain (C4P7),CGH Résidences & Spas,Les Menuires: Reberty 2000,no,https://fr.locationlesmenuires.com/appartement-chalet-residence/reberty-2000/4-pieces-7-personnes-contemporain-n-c4p7.html
Les Menuires Réservation,lesmenuires-les-chalets-du-soleil-a4p8,4 Pièces 8 Personnes Authentique (A4P8),CGH Résidences & Spas,Les Menuires: Reberty 2000,no,https://fr.locationlesmenuires.com/appartement-chalet-residence/reberty-2000/4-pieces-8-personnes-authentique-a4p8.html
Les Menuires Réservation (locationlesmenuires.com),lesmenuires-les-chalets-du-soleil-a4p8,4 Pièces 8 Personnes Authentique (A4P8),CGH Résidences & Spas,Les Menuires: Reberty 2000,no,https://fr.locationlesmenuires.com/appartement-chalet-residence/reberty-2000/4-pieces-8-personnes-authentique-a4p8.html
Les Menuires Réservation,lesmenuires-bosson-bos403,4 pièces - BOSSON (BOS403),Agence des Alpes,Les Menuires: Reberty 2000,no,https://fr.locationlesmenuires.com/appartement-chalet-residence/reberty-1850/4-pieces-bosson-bos403.html
Les Menuires Réservation (locationlesmenuires.com),lesmenuires-bosson-bos403,4 pièces - BOSSON (BOS403),Agence des Alpes,Les Menuires: Reberty 2000,no,https://fr.locationlesmenuires.com/appartement-chalet-residence/reberty-1850/4-pieces-bosson-bos403.html
Les Menuires Réservation,lesmenuires-chalet-2000-mi0101,4 pièces - CHALET 2000 (MI0101),Agence des Belleville,Les Menuires: Reberty 2000,no,https://fr.locationlesmenuires.com/appartement-chalet-residence/reberty-2000/4-pieces-chalet-2000-mi0101.html
Les Menuires Réservation (locationlesmenuires.com),lesmenuires-chalet-2000-mi0101,4 pièces - CHALET 2000 (MI0101),Agence des Belleville,Les Menuires: Reberty 2000,no,https://fr.locationlesmenuires.com/appartement-chalet-residence/reberty-2000/4-pieces-chalet-2000-mi0101.html
Les Menuires Réservation,lesmenuires-chalet-2000-mi0102,4 pièces - CHALET 2000 (MI0102),Agence des Belleville,Les Menuires: Reberty 2000,no,https://fr.locationlesmenuires.com/appartement-chalet-residence/reberty-2000/4-pieces-chalet-2000-mi0102.html
Les Menuires Réservation (locationlesmenuires.com),lesmenuires-chalet-2000-mi0102,4 pièces - CHALET 2000 (MI0102),Agence des Belleville,Les Menuires: Reberty 2000,no,https://fr.locationlesmenuires.com/appartement-chalet-residence/reberty-2000/4-pieces-chalet-2000-mi0102.html
Les Menuires Réservation,lesmenuires-chalet-2000-mi0202,4 pièces - CHALET 2000 (MI0202),Agence des Belleville,Les Menuires: Reberty 2000,no,https://fr.locationlesmenuires.com/appartement-chalet-residence/reberty-2000/4-pieces-chalet-2000-mi0202.html
Les Menuires Réservation (locationlesmenuires.com),lesmenuires-chalet-2000-mi0202,4 pièces - CHALET 2000 (MI0202),Agence des Belleville,Les Menuires: Reberty 2000,no,https://fr.locationlesmenuires.com/appartement-chalet-residence/reberty-2000/4-pieces-chalet-2000-mi0202.html
Les Menuires Réservation,lesmenuires-chalet-du-soleil-mnkarina04,4 pièces - CHALET DU SOLEIL (MNKARINA04),Agence des Belleville,Les Menuires: Reberty 2000,no,https://fr.locationlesmenuires.com/appartement-chalet-residence/reberty-2000/4-pieces-chalet-du-soleil-mnkarina04.html
Les Menuires Réservation (locationlesmenuires.com),lesmenuires-chalet-du-soleil-mnkarina04,4 pièces - CHALET DU SOLEIL (MNKARINA04),Agence des Belleville,Les Menuires: Reberty 2000,no,https://fr.locationlesmenuires.com/appartement-chalet-residence/reberty-2000/4-pieces-chalet-du-soleil-mnkarina04.html
Les Menuires Réservation,lesmenuires-courmayeur-cour321,4 pièces - COURMAYEUR (COUR321),Agence des Alpes,Les Menuires: Reberty 2000,no,https://fr.locationlesmenuires.com/appartement-chalet-residence/reberty-1850/4-pieces-courmayeur-cour321.html
Les Menuires Réservation (locationlesmenuires.com),lesmenuires-courmayeur-cour321,4 pièces - COURMAYEUR (COUR321),Agence des Alpes,Les Menuires: Reberty 2000,no,https://fr.locationlesmenuires.com/appartement-chalet-residence/reberty-1850/4-pieces-courmayeur-cour321.html
Les Menuires Réservation,lesmenuires-necou-nec711,4 pièces - NECOU (NEC711),Agence des Alpes,Les Menuires: Reberty 2000,no,https://fr.locationlesmenuires.com/appartement-chalet-residence/reberty-2000/4-pieces-necou-nec711.html
Les Menuires Réservation (locationlesmenuires.com),lesmenuires-necou-nec711,4 pièces - NECOU (NEC711),Agence des Alpes,Les Menuires: Reberty 2000,no,https://fr.locationlesmenuires.com/appartement-chalet-residence/reberty-2000/4-pieces-necou-nec711.html
Les Menuires Réservation,lesmenuires-chalet-2000-mi0302,4 pièces mezzanine - CHALET 2000 (MI0302),Agence des Belleville,Les Menuires: Reberty 2000,no,https://fr.locationlesmenuires.com/appartement-chalet-residence/reberty-2000/4-pieces-mezzanine-chalet-2000-mi0302.html
Les Menuires Réservation (locationlesmenuires.com),lesmenuires-chalet-2000-mi0302,4 pièces mezzanine - CHALET 2000 (MI0302),Agence des Belleville,Les Menuires: Reberty 2000,no,https://fr.locationlesmenuires.com/appartement-chalet-residence/reberty-2000/4-pieces-mezzanine-chalet-2000-mi0302.html
Les Menuires Réservation,lesmenuires-tetras-lyre-te0007,4 pièces mezzanine - TETRAS LYRE (TE0007),Agence des Belleville,Les Menuires: Reberty 2000,no,https://fr.locationlesmenuires.com/appartement-chalet-residence/reberty-2000/4-pieces-mezzanine-tetras-lyre-te0007.html
Les Menuires Réservation (locationlesmenuires.com),lesmenuires-tetras-lyre-te0007,4 pièces mezzanine - TETRAS LYRE (TE0007),Agence des Belleville,Les Menuires: Reberty 2000,no,https://fr.locationlesmenuires.com/appartement-chalet-residence/reberty-2000/4-pieces-mezzanine-tetras-lyre-te0007.html
Les Menuires Réservation,lesmenuires-alpages-de-reberty-rb023b,5 pièces - ALPAGES DE REBERTY (RB023B),Agence des Belleville,Les Menuires: Reberty 2000,no,https://fr.locationlesmenuires.com/appartement-chalet-residence/reberty-2000/5-pieces-alpages-de-reberty-rb023b.html
Les Menuires Réservation (locationlesmenuires.com),lesmenuires-alpages-de-reberty-rb023b,5 pièces - ALPAGES DE REBERTY (RB023B),Agence des Belleville,Les Menuires: Reberty 2000,no,https://fr.locationlesmenuires.com/appartement-chalet-residence/reberty-2000/5-pieces-alpages-de-reberty-rb023b.html
Les Menuires Réservation,lesmenuires-chalet-du-soleil-mncarla04,5 pièces - CHALET DU SOLEIL (MNCARLA04),Agence des Belleville,Les Menuires: Reberty 2000,no,https://fr.locationlesmenuires.com/appartement-chalet-residence/reberty-2000/5-pieces-chalet-du-soleil-mncarla04.html
Les Menuires Réservation (locationlesmenuires.com),lesmenuires-chalet-du-soleil-mncarla04,5 pièces - CHALET DU SOLEIL (MNCARLA04),Agence des Belleville,Les Menuires: Reberty 2000,no,https://fr.locationlesmenuires.com/appartement-chalet-residence/reberty-2000/5-pieces-chalet-du-soleil-mncarla04.html
Les Menuires Réservation,lesmenuires-les-alpages-de-reberty-alp5p10stan,5 pièces 10 pers skis aux pieds / LES ALPAGES DE REBERTY Pierre et Vacances (ALP5P10STAN),Pierre & Vacances,Les Menuires: Reberty 2000,no,https://fr.locationlesmenuires.com/appartement-chalet-residence/reberty-2000/5-pieces-10-pers-skis-aux-pieds-les-alpages-de-reberty-pierre-et-vacances-alp5p10stan.html
Les Menuires Réservation (locationlesmenuires.com),lesmenuires-les-alpages-de-reberty-alp5p10stan,5 pièces 10 pers skis aux pieds / LES ALPAGES DE REBERTY Pierre et Vacances (ALP5P10STAN),Pierre & Vacances,Les Menuires: Reberty 2000,no,https://fr.locationlesmenuires.com/appartement-chalet-residence/reberty-2000/5-pieces-10-pers-skis-aux-pieds-les-alpages-de-reberty-pierre-et-vacances-alp5p10stan.html
Les Menuires Réservation,lesmenuires-les-chalets-du-soleil-a510,5 pièces 10 personnes Authentique (A510),CGH Résidences & Spas,Les Menuires: Reberty 2000,no,https://fr.locationlesmenuires.com/appartement-chalet-residence/reberty-2000/5-pieces-10-personnes-authentique-a510.html
Les Menuires Réservation (locationlesmenuires.com),lesmenuires-les-chalets-du-soleil-a510,5 pièces 10 personnes Authentique (A510),CGH Résidences & Spas,Les Menuires: Reberty 2000,no,https://fr.locationlesmenuires.com/appartement-chalet-residence/reberty-2000/5-pieces-10-personnes-authentique-a510.html
Les Menuires Réservation,lesmenuires-necou-fr73583305,503 Nécou (FR73583305),Interhome,Les Menuires: Reberty 2000,no,https://fr.locationlesmenuires.com/appartement-chalet-residence/reberty-2000/503-necou-fr73583305.html
Les Menuires Réservation (locationlesmenuires.com),lesmenuires-necou-fr73583305,503 Nécou (FR73583305),Interhome,Les Menuires: Reberty 2000,no,https://fr.locationlesmenuires.com/appartement-chalet-residence/reberty-2000/503-necou-fr73583305.html
Les Menuires Réservation,lesmenuires-chalet-du-soleil-mnkarina01,6 pièces - CHALET DU SOLEIL (MNKARINA01),Agence des Belleville,Les Menuires: Reberty 2000,no,https://fr.locationlesmenuires.com/appartement-chalet-residence/reberty-2000/6-pieces-chalet-du-soleil-mnkarina01.html
Les Menuires Réservation (locationlesmenuires.com),lesmenuires-chalet-du-soleil-mnkarina01,6 pièces - CHALET DU SOLEIL (MNKARINA01),Agence des Belleville,Les Menuires: Reberty 2000,no,https://fr.locationlesmenuires.com/appartement-chalet-residence/reberty-2000/6-pieces-chalet-du-soleil-mnkarina01.html
Les Menuires Réservation,lesmenuires-chalet-du-soleil-mnsophia05,6 pièces - CHALET DU SOLEIL (MNSOPHIA05),Agence des Belleville,Les Menuires: Reberty 2000,no,https://fr.locationlesmenuires.com/appartement-chalet-residence/reberty-2000/6-pieces-chalet-du-soleil-mnsophia05.html
Les Menuires Réservation (locationlesmenuires.com),lesmenuires-chalet-du-soleil-mnsophia05,6 pièces - CHALET DU SOLEIL (MNSOPHIA05),Agence des Belleville,Les Menuires: Reberty 2000,no,https://fr.locationlesmenuires.com/appartement-chalet-residence/reberty-2000/6-pieces-chalet-du-soleil-mnsophia05.html
allChalets,allchalets-antony,Chalet Antony,,Les Menuires: Reberty 2000,no,https://www.allchalets.com/holiday-rentals/62092-chalet-in-les-menuires-france
allChalets,allchalets-antony-cleopatra,Chalet Antony & Cleopatra,,Les Menuires: Reberty 2000,no,https://www.allchalets.com/holiday-rentals/62094-chalet-in-les-menuires-france
Ski Famille,sno-chalet-bramble,Chalet Bramble,Ski Famille,Les Menuires: Reberty 2000,no,https://www.sno.co.uk/ski-holidays/chalet-bramble_18738/
Ski Line,sno-chalet-bramble,Chalet Bramble,Ski Famille,Les Menuires: Reberty 2000,no,https://www.sno.co.uk/ski-holidays/chalet-bramble_18738/
Sno,sno-chalet-bramble,Chalet Bramble,Ski Famille,Les Menuires: Reberty 2000,no,https://www.sno.co.uk/ski-holidays/chalet-bramble_18738/
allChalets,allchalets-chalet-camille,Chalet Camille,,Les Menuires: Reberty 2000,no,https://www.allchalets.com/holiday-rentals/35829-chalet-in-les-menuires-france
Ski Famille,sno-chalet-chamois,Chalet Chamois,Ski Famille,Les Menuires: Reberty 2000,no,https://www.sno.co.uk/ski-holidays/chalet-chamois_18739/
Ski Line,sno-chalet-chamois,Chalet Chamois,Ski Famille,Les Menuires: Reberty 2000,no,https://www.sno.co.uk/ski-holidays/chalet-chamois_18739/
Sno,sno-chalet-chamois,Chalet Chamois,Ski Famille,Les Menuires: Reberty 2000,no,https://www.sno.co.uk/ski-holidays/chalet-chamois_18739/
allChalets,allchalets-cleopatra,Chalet Cleopatra,,Les Menuires: Reberty 2000,no,https://www.allchalets.com/holiday-rentals/62093-chalet-in-les-menuires-france
Ski Famille,sno-chalet-eva,Chalet Eva,Ski Famille,Les Menuires: Reberty 2000,no,https://www.sno.co.uk/ski-holidays/chalet-eva_15583/
Ski Line,sno-chalet-eva,Chalet Eva,Ski Famille,Les Menuires: Reberty 2000,no,https://www.sno.co.uk/ski-holidays/chalet-eva_15583/
Sno,sno-chalet-eva,Chalet Eva,Ski Famille,Les Menuires: Reberty 2000,no,https://www.sno.co.uk/ski-holidays/chalet-eva_15583/
allChalets,allchalets-flocons-de-neige,Chalet Flocons de Neige,,Les Menuires: Reberty 2000,no,https://www.allchalets.com/holiday-rentals/62095-chalet-in-les-menuires-france
Ski Line,wens-in-the-clouds,Chalet In the Clouds,Wens Chalets,Les Menuires: Reberty 2000,no,https://www.wenschalets.co.uk/catered-chalets/details/chalet-in-the-clouds-les-menuires-france
Sno,wens-in-the-clouds,Chalet In the Clouds,Wens Chalets,Les Menuires: Reberty 2000,no,https://www.wenschalets.co.uk/catered-chalets/details/chalet-in-the-clouds-les-menuires-france
Wens Chalets,wens-in-the-clouds,Chalet In the Clouds,Wens Chalets,Les Menuires: Reberty 2000,no,https://www.wenschalets.co.uk/catered-chalets/details/chalet-in-the-clouds-les-menuires-france
allChalets,wens-in-the-clouds,Chalet In the Clouds,Wens Chalets,Les Menuires: Reberty 2000,no,https://www.wenschalets.co.uk/catered-chalets/details/chalet-in-the-clouds-les-menuires-france
Ski Famille,sno-chalet-katie-1,Chalet Katie 1,Ski Famille,Les Menuires: Reberty 2000,no,https://www.sno.co.uk/ski-holidays/chalet-katie-1_15584/
Ski Line,sno-chalet-katie-1,Chalet Katie 1,Ski Famille,Les Menuires: Reberty 2000,no,https://www.sno.co.uk/ski-holidays/chalet-katie-1_15584/
Sno,sno-chalet-katie-1,Chalet Katie 1,Ski Famille,Les Menuires: Reberty 2000,no,https://www.sno.co.uk/ski-holidays/chalet-katie-1_15584/
Ski Famille,sno-chalet-katie-2,Chalet Katie 2,Ski Famille,Les Menuires: Reberty 2000,no,https://www.sno.co.uk/ski-holidays/chalet-katie-2_15585/
Ski Line,sno-chalet-katie-2,Chalet Katie 2,Ski Famille,Les Menuires: Reberty 2000,no,https://www.sno.co.uk/ski-holidays/chalet-katie-2_15585/
Sno,sno-chalet-katie-2,Chalet Katie 2,Ski Famille,Les Menuires: Reberty 2000,no,https://www.sno.co.uk/ski-holidays/chalet-katie-2_15585/
Ski Line,sno-chalet-neve-reberty-2000,Chalet Névé,Ski Vertigo,Les Menuires: Reberty 2000,no,https://www.sno.co.uk/ski-holidays/chalet-n-v_18973/
Sno,sno-chalet-neve-reberty-2000,Chalet Névé,Ski Vertigo,Les Menuires: Reberty 2000,no,https://www.sno.co.uk/ski-holidays/chalet-n-v_18973/
Ski Line,sno-chalet-sapin,Chalet Sapin,Ski Vertigo,Les Menuires: Reberty 2000,no,https://www.sno.co.uk/ski-holidays/chalet-sapin_18974/
Sno,sno-chalet-sapin,Chalet Sapin,Ski Vertigo,Les Menuires: Reberty 2000,no,https://www.sno.co.uk/ski-holidays/chalet-sapin_18974/
allChalets,allchalets-chalet-sophie-reberty,"Chalet Sophie (apartment, Reberty)",,Les Menuires: Reberty 2000,no,https://www.allchalets.com/holiday-rentals/62920-apartment-in-les-menuires-france
Les Menuires Réservation,pierre-vacances-alpages-de-reberty-1br-alcove-6,Les Alpages de Reberty - 1-bedroom + alcove apartment for 6,Pierre & Vacances,Les Menuires: Reberty 2000,no,https://www.allchalets.com/holiday-rentals/40701-apartment-in-les-menuires-france
Les Menuires Réservation (locationlesmenuires.com),pierre-vacances-alpages-de-reberty-1br-alcove-6,Les Alpages de Reberty - 1-bedroom + alcove apartment for 6,Pierre & Vacances,Les Menuires: Reberty 2000,no,https://www.allchalets.com/holiday-rentals/40701-apartment-in-les-menuires-france
allChalets,pierre-vacances-alpages-de-reberty-1br-alcove-6,Les Alpages de Reberty - 1-bedroom + alcove apartment for 6,Pierre & Vacances,Les Menuires: Reberty 2000,no,https://www.allchalets.com/holiday-rentals/40701-apartment-in-les-menuires-france
Les Menuires Réservation,pierre-vacances-alpages-de-reberty-2br-mezz-8,Les Alpages de Reberty - 2-bedroom + mezzanine apartment for 8,Pierre & Vacances,Les Menuires: Reberty 2000,no,https://www.allchalets.com/holiday-rentals/40702-apartment-in-les-menuires-france
Les Menuires Réservation (locationlesmenuires.com),pierre-vacances-alpages-de-reberty-2br-mezz-8,Les Alpages de Reberty - 2-bedroom + mezzanine apartment for 8,Pierre & Vacances,Les Menuires: Reberty 2000,no,https://www.allchalets.com/holiday-rentals/40702-apartment-in-les-menuires-france
allChalets,pierre-vacances-alpages-de-reberty-2br-mezz-8,Les Alpages de Reberty - 2-bedroom + mezzanine apartment for 8,Pierre & Vacances,Les Menuires: Reberty 2000,no,https://www.allchalets.com/holiday-rentals/40702-apartment-in-les-menuires-france
Les Menuires Réservation,pierre-vacances-alpages-de-reberty-2br-6,Les Alpages de Reberty - 2-bedroom apartment for 6,Pierre & Vacances,Les Menuires: Reberty 2000,no,https://www.allchalets.com/holiday-rentals/28288-apartment-in-les-menuires-france
Les Menuires Réservation (locationlesmenuires.com),pierre-vacances-alpages-de-reberty-2br-6,Les Alpages de Reberty - 2-bedroom apartment for 6,Pierre & Vacances,Les Menuires: Reberty 2000,no,https://www.allchalets.com/holiday-rentals/28288-apartment-in-les-menuires-france
allChalets,pierre-vacances-alpages-de-reberty-2br-6,Les Alpages de Reberty - 2-bedroom apartment for 6,Pierre & Vacances,Les Menuires: Reberty 2000,no,https://www.allchalets.com/holiday-rentals/28288-apartment-in-les-menuires-france
Les 3 Vallées Réservation,les3vallees-necou,Necou - Chalet 9 rooms 15 persons,Agence des Alpes,Les Menuires: Reberty 2000,no,https://reservation.les3vallees.com/en/product-4545-necou-chalet-9-rooms-15-persons
Les Menuires Réservation,les3vallees-necou,Necou - Chalet 9 rooms 15 persons,Agence des Alpes,Les Menuires: Reberty 2000,no,https://reservation.les3vallees.com/en/product-4545-necou-chalet-9-rooms-15-persons
Les Menuires Réservation (locationlesmenuires.com),les3vallees-necou,Necou - Chalet 9 rooms 15 persons,Agence des Alpes,Les Menuires: Reberty 2000,no,https://reservation.les3vallees.com/en/product-4545-necou-chalet-9-rooms-15-persons
Les Menuires Réservation,lesmenuires-necou-fr73583303,Nécou 505 (FR73583303),Interhome,Les Menuires: Reberty 2000,no,https://fr.locationlesmenuires.com/appartement-chalet-residence/reberty-2000/necou-505-fr73583303.html
Les Menuires Réservation (locationlesmenuires.com),lesmenuires-necou-fr73583303,Nécou 505 (FR73583303),Interhome,Les Menuires: Reberty 2000,no,https://fr.locationlesmenuires.com/appartement-chalet-residence/reberty-2000/necou-505-fr73583303.html
Les Menuires Réservation,lesmenuires-necou-ne0704,Studio - NECOU (NE0704),Agence des Belleville,Les Menuires: Reberty 2000,no,https://fr.locationlesmenuires.com/appartement-chalet-residence/reberty-2000/studio-necou-ne0704.html
Les Menuires Réservation (locationlesmenuires.com),lesmenuires-necou-ne0704,Studio - NECOU (NE0704),Agence des Belleville,Les Menuires: Reberty 2000,no,https://fr.locationlesmenuires.com/appartement-chalet-residence/reberty-2000/studio-necou-ne0704.html
Les Menuires Réservation,lesmenuires-necou-nec106,Studio cabine - NECOU (NEC106),Agence des Alpes,Les Menuires: Reberty 2000,no,https://fr.locationlesmenuires.com/appartement-chalet-residence/reberty-2000/studio-cabine-necou-nec106.html
Les Menuires Réservation (locationlesmenuires.com),lesmenuires-necou-nec106,Studio cabine - NECOU (NEC106),Agence des Alpes,Les Menuires: Reberty 2000,no,https://fr.locationlesmenuires.com/appartement-chalet-residence/reberty-2000/studio-cabine-necou-nec106.html
Les Menuires Réservation,lesmenuires-necou-nec701,Studio cabine - NECOU (NEC701),Agence des Alpes,Les Menuires: Reberty 2000,no,https://fr.locationlesmenuires.com/appartement-chalet-residence/reberty-2000/studio-cabine-necou-nec701.html
Les Menuires Réservation (locationlesmenuires.com),lesmenuires-necou-nec701,Studio cabine - NECOU (NEC701),Agence des Alpes,Les Menuires: Reberty 2000,no,https://fr.locationlesmenuires.com/appartement-chalet-residence/reberty-2000/studio-cabine-necou-nec701.html
Les Menuires Réservation,lesmenuires-necou-ne0519,Studio coin montagne - NECOU (NE0519),Agence des Belleville,Les Menuires: Reberty 2000,no,https://fr.locationlesmenuires.com/appartement-chalet-residence/reberty-2000/studio-coin-montagne-necou-ne0519.html
Les Menuires Réservation (locationlesmenuires.com),lesmenuires-necou-ne0519,Studio coin montagne - NECOU (NE0519),Agence des Belleville,Les Menuires: Reberty 2000,no,https://fr.locationlesmenuires.com/appartement-chalet-residence/reberty-2000/studio-coin-montagne-necou-ne0519.html
Les Menuires Réservation,lesmenuires-necou-ne0520,Studio coin montagne - NECOU (NE0520),Agence des Belleville,Les Menuires: Reberty 2000,no,https://fr.locationlesmenuires.com/appartement-chalet-residence/reberty-2000/studio-coin-montagne-necou-ne0520.html
Les Menuires Réservation (locationlesmenuires.com),lesmenuires-necou-ne0520,Studio coin montagne - NECOU (NE0520),Agence des Belleville,Les Menuires: Reberty 2000,no,https://fr.locationlesmenuires.com/appartement-chalet-residence/reberty-2000/studio-coin-montagne-necou-ne0520.html
Les Menuires Réservation,lesmenuires-necou-nec717,Studio coin montagne - NECOU (NEC717),Agence des Alpes,Les Menuires: Reberty 2000,no,https://fr.locationlesmenuires.com/appartement-chalet-residence/reberty-2000/studio-coin-montagne-necou-nec717.html
Les Menuires Réservation (locationlesmenuires.com),lesmenuires-necou-nec717,Studio coin montagne - NECOU (NEC717),Agence des Alpes,Les Menuires: Reberty 2000,no,https://fr.locationlesmenuires.com/appartement-chalet-residence/reberty-2000/studio-coin-montagne-necou-nec717.html
Les Menuires Réservation,lesmenuires-necou-nec718,Studio coin montagne - NECOU (NEC718),Agence des Alpes,Les Menuires: Reberty 2000,no,https://fr.locationlesmenuires.com/appartement-chalet-residence/reberty-2000/studio-coin-montagne-necou-nec718.html
Les Menuires Réservation (locationlesmenuires.com),lesmenuires-necou-nec718,Studio coin montagne - NECOU (NEC718),Agence des Alpes,Les Menuires: Reberty 2000,no,https://fr.locationlesmenuires.com/appartement-chalet-residence/reberty-2000/studio-coin-montagne-necou-nec718.html
Ski Line,consensio-apartment-champlain,Apartment Champlain,Consensio,Méribel,no,https://www.skiline.co.uk/ski-holidays/france/meribel/apartment-champlain
Ski Line,consensio-apartment-jossane,Apartment Jossane,Consensio,Méribel,no,https://www.skiline.co.uk/ski-holidays/france/meribel/apartment-jossane
Ski Line,alpine-escape-apartment-la-neva,Apartment La Neva,Alpine Escape,Méribel,no,https://www.skiline.co.uk/ski-holidays/france/meribel/apartment-la-neva
Ski Line,consensio-apartment-petit-chamois,Apartment Petit Chamois,Consensio,Méribel,no,https://www.skiline.co.uk/ski-holidays/france/meribel/apartment-petit-chamois
Ski Line,alpine-escape-bellacima-lodge,Bellacima Lodge,Alpine Escape,Méribel,no,https://www.skiline.co.uk/ski-holidays/france/meribel/bellacima-lodge
The Chalet Company,the-chalet-company-chalet-bruyere,Chalet Bruyere,The Chalet Company,Méribel,no,https://www.thechaletcompany.com/chalet-bruyere
The Chalet Company,the-chalet-company-chalet-evergreen,Chalet Evergreen,The Chalet Company,Méribel,no,https://www.thechaletcompany.com/chalet-evergreen
Ski Line,ski-armadillo-chalet-himalaya-catered,Chalet Himalaya (Catered),Ski Armadillo,Méribel,no,https://www.skiline.co.uk/ski-holidays/france/meribel/chalet-himalaya-2
Ski Line,alpine-escape-chalet-indiana,Chalet Indiana,Alpine Escape,Méribel,no,https://www.skiline.co.uk/ski-holidays/france/meribel/chalet-indiana
Ski Line,purple-ski-chalet-iona,Chalet Iona,Purple Ski,Méribel,no,https://www.skiline.co.uk/ski-holidays/france/meribel/chalet-iona
Ski Line,purple-ski-summer-chalet-iona-summer,Chalet Iona – Summer,Purple Ski - Summer,Méribel,no,https://www.skiline.co.uk/ski-holidays/france/meribel/chalet-iona-summer
Ski Line,consensio-chalet-le-grenier,Chalet Le Grenier,Consensio,Méribel,no,https://www.skiline.co.uk/ski-holidays/france/meribel/chalet-le-grenier
The Chalet Company,the-chalet-company-chalet-lys-blanc,Chalet Lys Blanc,The Chalet Company,Méribel,no,https://www.thechaletcompany.com/chalet-lys-blanc
Ski Line,inghams-chalet-lancolie,Chalet L’Ancolie,Inghams,Méribel,no,https://www.skiline.co.uk/ski-holidays/france/meribel/chalet-lancolie-2
Ski Line,consensio-chalet-montclair,Chalet Montclair,Consensio,Méribel,no,https://www.skiline.co.uk/ski-holidays/france/meribel/chalet-montclair
Ski Line,ski-world-chalet-pierre,Chalet Pierre,Ski World,Méribel,no,https://www.skiline.co.uk/ski-holidays/france/meribel/chalet-pierre
Ski Line,purple-ski-chalet-pierre,Chalet Pierre,Purple Ski,Méribel,no,https://www.skiline.co.uk/ski-holidays/france/meribel/chalet-pierre-2
Ski Line,ski-france-chalet-larclusaz,Chalet l’Arclusaz,Ski France,Méribel,no,https://www.skiline.co.uk/ski-holidays/france/meribel/chalet-larclusaz-2
Ski Line,ski-armadillo-cheval-blanc-catered,Cheval Blanc (Catered),Ski Armadillo,Méribel,no,https://www.skiline.co.uk/ski-holidays/france/meribel/cheval-blanc
Ski Line,ski-armadillo-cheval-blanc-self-catered,Cheval Blanc (Self-Catered),Ski Armadillo,Méribel,no,https://www.skiline.co.uk/ski-holidays/france/meribel/cheval-blanc-self-catered
Ski Line,haute-montagne-domaine-de-lorme,Domaine de l’Orme,Haute Montagne,Méribel,no,https://www.skiline.co.uk/ski-holidays/france/meribel/domaine-de-lorme
Ski Line,crystal-grangettes-hotel,Grangettes Hotel,Crystal,Méribel,no,https://www.skiline.co.uk/ski-holidays/france/meribel/grangettes-hotel
Ski Line,crystal-hotel-chaudanne,Hotel Chaudanne,Crystal,Méribel,no,https://www.skiline.co.uk/ski-holidays/france/meribel/hotel-chaudanne
Ski Line,inghams-hotel-la-chaudanne,Hotel La Chaudanne,Inghams,Méribel,no,https://www.skiline.co.uk/ski-holidays/france/meribel/hotel-la-chaudanne
Ski Line,inghams-hotel-le-mottaret,Hotel Le Mottaret,Inghams,Méribel,no,https://www.skiline.co.uk/ski-holidays/france/meribel/hotel-le-mottaret
Ski Line,inghams-hotel-leterlou,Hotel L’Eterlou,Inghams,Méribel,no,https://www.skiline.co.uk/ski-holidays/france/meribel/hotel-leterlou
Ski Line,crystal-hotel-leterlou,Hotel L’Eterlou,Crystal,Méribel,no,https://www.skiline.co.uk/ski-holidays/france/meribel/hotel-leterlou-2
The Chalet Company,the-chalet-company-impala-lodge,Impala Lodge,The Chalet Company,Méribel,no,https://www.thechaletcompany.com/chalet-impala
Ski Line,crystal-premium-residence-les-fermes-de-meribel,Premium Residence Les Fermes de Meribel,Crystal,Méribel,no,https://www.skiline.co.uk/ski-holidays/france/meribel/premium-residence-les-fermes-de-meribel-2
Ski Line,crystal-premium-residence-lhevana,Premium Residence L’Hevana,Crystal,Méribel,no,https://www.skiline.co.uk/ski-holidays/france/meribel/premium-residence-lhevana-3
Ski Line,inghams-residence-lhevana,Residence L’Hevana,Inghams,Méribel,no,https://www.skiline.co.uk/ski-holidays/france/meribel/residence-lhevana
Ski Line,sno-apartment-nanuq,Apartment Nanuq,unknown (sold via Sno),Méribel (centre),no,https://www.sno.co.uk/ski-holidays/apartment-nanuq_21495/
Sno,sno-apartment-nanuq,Apartment Nanuq,unknown (sold via Sno),Méribel (centre),no,https://www.sno.co.uk/ski-holidays/apartment-nanuq_21495/
Sno,sno-apartment-serene,Apartment Serene,unknown (sold via Sno),Méribel (centre),no,https://www.sno.co.uk/ski-holidays/apartment-serene_21730/
Ski Line,sno-chalet-aline,Chalet Aline,Ski World,Méribel (centre),no,https://www.sno.co.uk/ski-holidays/chalet-aline_18074/
Sno,sno-chalet-aline,Chalet Aline,Ski World,Méribel (centre),no,https://www.sno.co.uk/ski-holidays/chalet-aline_18074/
Ski Line,sno-chalet-altius,Chalet Altius,Bramble Ski,Méribel (centre),no,https://www.sno.co.uk/ski-holidays/chalet-altius_19797/
Sno,sno-chalet-altius,Chalet Altius,Bramble Ski,Méribel (centre),no,https://www.sno.co.uk/ski-holidays/chalet-altius_19797/
Ski Line,sno-chalet-alysson,Chalet Alysson,Ski World,Méribel (centre),no,https://www.sno.co.uk/ski-holidays/chalet-alysson_21165/
Sno,sno-chalet-alysson,Chalet Alysson,Ski World,Méribel (centre),no,https://www.sno.co.uk/ski-holidays/chalet-alysson_21165/
Ski Line,sno-chalet-brioche,Chalet Brioche,Ski World,Méribel (centre),no,https://www.sno.co.uk/ski-holidays/chalet-brioche_21572/
Sno,sno-chalet-brioche,Chalet Brioche,Ski World,Méribel (centre),no,https://www.sno.co.uk/ski-holidays/chalet-brioche_21572/
Ski Line,sno-chalet-caro,Chalet Caro,Ski Armadillo,Méribel (centre),no,https://www.sno.co.uk/ski-holidays/chalet-caro_20988/
Sno,sno-chalet-caro,Chalet Caro,Ski Armadillo,Méribel (centre),no,https://www.sno.co.uk/ski-holidays/chalet-caro_20988/
Sno,sno-chalet-casse-noisette,Chalet Casse Noisette,unknown (sold via Sno),Méribel (centre),no,https://www.sno.co.uk/ski-holidays/chalet-casse-noisette_22776/
Sno,sno-chalet-chergui,Chalet Chergui,unknown (sold via Sno),Méribel (centre),no,https://www.sno.co.uk/ski-holidays/chalet-chergui_21718/
Sno,sno-chalet-colorado,Chalet Colorado,unknown (sold via Sno),Méribel (centre),no,https://www.sno.co.uk/ski-holidays/chalet-colorado_21715/
Sno,sno-chalet-cret-voland,Chalet Cret Voland,unknown (sold via Sno),Méribel (centre),no,https://www.sno.co.uk/ski-holidays/chalet-cret-voland_21716/
The Chalet Company,the-chalet-company-chalet-croquette,Chalet Croquette,The Chalet Company,Méribel (centre),no,https://www.thechaletcompany.com/chalet-croquette
The Chalet Company,the-chalet-company-chalet-daurel,Chalet Daurel,The Chalet Company,Méribel (centre),no,https://www.thechaletcompany.com/chalet-daurel
Ski Line,sno-chalet-eleanor,Chalet Eleanor,Ski World,Méribel (centre),no,https://www.sno.co.uk/ski-holidays/chalet-eleanor_21164/
Sno,sno-chalet-eleanor,Chalet Eleanor,Ski World,Méribel (centre),no,https://www.sno.co.uk/ski-holidays/chalet-eleanor_21164/
Ski Line,sno-chalet-elegie,Chalet Elegie,Ski Armadillo,Méribel (centre),no,https://www.sno.co.uk/ski-holidays/chalet-elegie_21504/
Sno,sno-chalet-elegie,Chalet Elegie,Ski Armadillo,Méribel (centre),no,https://www.sno.co.uk/ski-holidays/chalet-elegie_21504/
Sno,sno-chalet-eric,Chalet Eric,unknown (sold via Sno),Méribel (centre),no,https://www.sno.co.uk/ski-holidays/chalet-eric_22096/
Ski Line,sno-chalet-etoile-des-neiges,Chalet Etoile des Neiges,Ski Armadillo,Méribel (centre),no,https://www.sno.co.uk/ski-holidays/chalet-etoile-des-neiges_21509/
Sno,sno-chalet-etoile-des-neiges,Chalet Etoile des Neiges,Ski Armadillo,Méribel (centre),no,https://www.sno.co.uk/ski-holidays/chalet-etoile-des-neiges_21509/
Sno,sno-chalet-ferme-de-mon-grand-pere,Chalet Ferme de mon Grand-Père,unknown (sold via Sno),Méribel (centre),no,https://www.sno.co.uk/ski-holidays/chalet-ferme-de-mon-grand-p-re_22450/
Ski Line,sno-chalet-foinsbois,Chalet Foinsbois,Purple Ski,Méribel (centre),no,https://www.sno.co.uk/ski-holidays/chalet-foinsbois_15725/
Sno,sno-chalet-foinsbois,Chalet Foinsbois,Purple Ski,Méribel (centre),no,https://www.sno.co.uk/ski-holidays/chalet-foinsbois_15725/
Ski Line,sno-chalet-haapiti,Chalet Haapiti,unknown (sold via Sno),Méribel (centre),no,https://www.sno.co.uk/ski-holidays/chalet-haapiti_19184/
Sno,sno-chalet-haapiti,Chalet Haapiti,unknown (sold via Sno),Méribel (centre),no,https://www.sno.co.uk/ski-holidays/chalet-haapiti_19184/
Sno,sno-chalet-hadrianou,Chalet Hadrianou,unknown (sold via Sno),Méribel (centre),no,https://www.sno.co.uk/ski-holidays/chalet-hadrianou_21992/
Sno,sno-chalet-hadrien,Chalet Hadrien,unknown (sold via Sno),Méribel (centre),no,https://www.sno.co.uk/ski-holidays/chalet-hadrien_22625/
Ski Line,sno-chalet-harmony,Chalet Harmony,Purple Ski,Méribel (centre),no,https://www.sno.co.uk/ski-holidays/chalet-harmony_19829/
Sno,sno-chalet-harmony,Chalet Harmony,Purple Ski,Méribel (centre),no,https://www.sno.co.uk/ski-holidays/chalet-harmony_19829/
Sno,sno-chalet-kalinka,Chalet Kalinka,unknown (sold via Sno),Méribel (centre),no,https://www.sno.co.uk/ski-holidays/chalet-kalinka_22329/
Sno,sno-chalet-l-ancolie,Chalet L'Ancolie,unknown (sold via Sno),Méribel (centre),no,https://www.sno.co.uk/ski-holidays/chalet-l-ancolie_18619/
Ski Line,sno-chalet-la-varappe,Chalet La Varappe,Purple Ski,Méribel (centre),no,https://www.sno.co.uk/ski-holidays/chalet-la-varappe_15728/
Sno,sno-chalet-la-varappe,Chalet La Varappe,Purple Ski,Méribel (centre),no,https://www.sno.co.uk/ski-holidays/chalet-la-varappe_15728/
Ski Line,sno-chalet-laetitia,Chalet Laetitia,Ski World,Méribel (centre),no,https://www.sno.co.uk/ski-holidays/chalet-laetitia_11280/
Sno,sno-chalet-laetitia,Chalet Laetitia,Ski World,Méribel (centre),no,https://www.sno.co.uk/ski-holidays/chalet-laetitia_11280/
Ski Line,sno-chalet-lapin-blanc,Chalet Lapin Blanc,Purple Ski,Méribel (centre),no,https://www.sno.co.uk/ski-holidays/chalet-lapin-blanc_15726/
Sno,sno-chalet-lapin-blanc,Chalet Lapin Blanc,Purple Ski,Méribel (centre),no,https://www.sno.co.uk/ski-holidays/chalet-lapin-blanc_15726/
Ski Line,sno-chalet-le-cedre-blanc,Chalet Le Cedre Blanc,Inghams,Méribel (centre),no,https://www.sno.co.uk/ski-holidays/chalet-le-cedre-blanc_18740/
Sno,sno-chalet-le-cedre-blanc,Chalet Le Cedre Blanc,Inghams,Méribel (centre),no,https://www.sno.co.uk/ski-holidays/chalet-le-cedre-blanc_18740/
The Chalet Company,the-chalet-company-chalet-le-chardon,Chalet Le Chardon,The Chalet Company,Méribel (centre),no,https://www.thechaletcompany.com/chalet-lechardon
Sno,sno-chalet-manara,Chalet Manara,unknown (sold via Sno),Méribel (centre),no,https://www.sno.co.uk/ski-holidays/chalet-manara_21879/
Ski Line,sno-chalet-mariefleur,Chalet Mariefleur,Ski World,Méribel (centre),no,https://www.sno.co.uk/ski-holidays/chalet-mariefleur_21571/
Sno,sno-chalet-mariefleur,Chalet Mariefleur,Ski World,Méribel (centre),no,https://www.sno.co.uk/ski-holidays/chalet-mariefleur_21571/
Ski Line,sno-chalet-marilaine,Chalet Marilaine,Ski World,Méribel (centre),no,https://www.sno.co.uk/ski-holidays/chalet-marilaine_21402/
Sno,sno-chalet-marilaine,Chalet Marilaine,Ski World,Méribel (centre),no,https://www.sno.co.uk/ski-holidays/chalet-marilaine_21402/
Ski Line,sno-chalet-oxalys,Chalet Oxalys,Inghams,Méribel (centre),no,https://www.sno.co.uk/ski-holidays/chalet-oxalys_21425/
Sno,sno-chalet-oxalys,Chalet Oxalys,Inghams,Méribel (centre),no,https://www.sno.co.uk/ski-holidays/chalet-oxalys_21425/
Sno,sno-chalet-palou,Chalet Palou,unknown (sold via Sno),Méribel (centre),no,https://www.sno.co.uk/ski-holidays/chalet-palou_21714/
Sno,sno-chalet-pierre-meribel,Chalet Pierre,unknown (sold via Sno),Méribel (centre),no,https://www.sno.co.uk/ski-holidays/chalet-pierre_22954/
Sno,sno-chalet-ruisseau-renarde,Chalet Ruisseau Renarde,unknown (sold via Sno),Méribel (centre),no,https://www.sno.co.uk/ski-holidays/chalet-ruisseau-renarde_22190/
Sno,sno-chalet-saint-joseph-meribel,Chalet Saint Joseph,unknown (sold via Sno),Méribel (centre),no,https://www.sno.co.uk/ski-holidays/chalet-saint-joseph_21893/
Sno,sno-chalet-des-amis,Chalet des Amis,unknown (sold via Sno),Méribel (centre),no,https://www.sno.co.uk/ski-holidays/chalet-des-amis_21981/
Sno,sno-domaine-de-l-orme,Domaine de l'Orme,unknown (sold via Sno),Méribel (centre),no,https://www.sno.co.uk/ski-holidays/domaine-de-l-orme_19805/
Ski Line,sno-mont-tremblant,Mont Tremblant,Haute Montagne,Méribel (centre),no,https://www.sno.co.uk/ski-holidays/mont-tremblant_18905/
Sno,sno-mont-tremblant,Mont Tremblant,Haute Montagne,Méribel (centre),no,https://www.sno.co.uk/ski-holidays/mont-tremblant_18905/
The Chalet Company,the-chalet-company-panda-lodge,Panda Lodge,The Chalet Company,Méribel (centre),no,https://www.thechaletcompany.com/chalet-panda-lodge
Sno,sno-chalet-almeri,Chalet Almeri,unknown (sold via Sno),Méribel Village,no,https://www.sno.co.uk/ski-holidays/chalet-almeri_22264/
Sno,sno-chalet-arbe,Chalet Arbe,unknown (sold via Sno),Méribel Village,no,https://www.sno.co.uk/ski-holidays/chalet-arbe_22692/
Sno,sno-chalet-fontany,Chalet Fontany,unknown (sold via Sno),Méribel Village,no,https://www.sno.co.uk/ski-holidays/chalet-fontany_22343/
Sno,sno-chalet-gebroulaz,Chalet Gebroulaz,unknown (sold via Sno),Méribel Village,no,https://www.sno.co.uk/ski-holidays/chalet-gebroulaz_23014/
Sno,sno-chalet-la-grange-a-gege,Chalet La Grange à Gégé,unknown (sold via Sno),Méribel Village,no,https://www.sno.co.uk/ski-holidays/chalet-la-grange-g-g_21976/
Sno,sno-chalet-la-loze,Chalet La Loze,unknown (sold via Sno),Méribel Village,no,https://www.sno.co.uk/ski-holidays/chalet-la-loze_18880/
Sno,sno-chalet-lady-mijane,Chalet Lady Mijane,unknown (sold via Sno),Méribel Village,no,https://www.sno.co.uk/ski-holidays/chalet-lady-mijane_22019/
Sno,sno-chalet-le-refuge,Chalet Le Refuge,unknown (sold via Sno),Méribel Village,no,https://www.sno.co.uk/ski-holidays/chalet-le-refuge_22060/
Sno,sno-chalet-les-flocons-1,Chalet Les Flocons 1,unknown (sold via Sno),Méribel Village,no,https://www.sno.co.uk/ski-holidays/chalet-les-flocons-1_22637/
Sno,sno-chalet-les-morilles,Chalet Les Morilles,unknown (sold via Sno),Méribel Village,no,https://www.sno.co.uk/ski-holidays/chalet-les-morilles_22065/
Sno,sno-chalet-marmottes,Chalet Marmottes,unknown (sold via Sno),Méribel Village,no,https://www.sno.co.uk/ski-holidays/chalet-marmottes_22763/
Sno,sno-chalet-queen-mijane,Chalet Queen Mijane,unknown (sold via Sno),Méribel Village,no,https://www.sno.co.uk/ski-holidays/chalet-queen-mijane_22658/
Sno,sno-chalet-reve-de-marmottes,Chalet Rêve de Marmottes,unknown (sold via Sno),Méribel Village,no,https://www.sno.co.uk/ski-holidays/chalet-r-ve-de-marmottes_22581/
Ski Line,sno-chalet-tourterelle,Chalet Tourterelle,Ski France,Méribel Village,no,https://www.sno.co.uk/ski-holidays/chalet-tourterelle_22938/
Sno,sno-chalet-tourterelle,Chalet Tourterelle,Ski France,Méribel Village,no,https://www.sno.co.uk/ski-holidays/chalet-tourterelle_22938/
Sno,sno-chalet-victoire-mijane,Chalet Victoire Mijane,unknown (sold via Sno),Méribel Village,no,https://www.sno.co.uk/ski-holidays/chalet-victoire-mijane_22148/
The Chalet Company,the-chalet-company-le-refuge,Chalet le Refuge,The Chalet Company,Méribel Village,yes,https://thechaletcompany.mychaletbooking.com/chalets/
Ski Line,sno-chalet-andre,Chalet Andre,Ski World,Méribel-Mottaret,no,https://www.sno.co.uk/ski-holidays/chalet-andre_11336/
Sno,sno-chalet-andre,Chalet Andre,Ski World,Méribel-Mottaret,no,https://www.sno.co.uk/ski-holidays/chalet-andre_11336/
Ski Line,sno-chalet-aster,Chalet Aster,unknown (sold via Sno),Méribel-Mottaret,no,https://www.sno.co.uk/ski-holidays/chalet-aster_22592/
Sno,sno-chalet-aster,Chalet Aster,unknown (sold via Sno),Méribel-Mottaret,no,https://www.sno.co.uk/ski-holidays/chalet-aster_22592/
Sno,sno-chalet-clementine,Chalet Clémentine,unknown (sold via Sno),Méribel-Mottaret,no,https://www.sno.co.uk/ski-holidays/chalet-cl-mentine_21910/
Ski Line,sno-chalet-elodie,Chalet Elodie,Ski World,Méribel-Mottaret,no,https://www.sno.co.uk/ski-holidays/chalet-elodie_11278/
Sno,sno-chalet-elodie,Chalet Elodie,Ski World,Méribel-Mottaret,no,https://www.sno.co.uk/ski-holidays/chalet-elodie_11278/
Ski Line,sno-chalet-germaine,Chalet Germaine,Ski World,Méribel-Mottaret,no,https://www.sno.co.uk/ski-holidays/chalet-germaine_18379/
Sno,sno-chalet-germaine,Chalet Germaine,Ski World,Méribel-Mottaret,no,https://www.sno.co.uk/ski-holidays/chalet-germaine_18379/
Sno,sno-chalet-jeth,Chalet Jeth,unknown (sold via Sno),Méribel-Mottaret,no,https://www.sno.co.uk/ski-holidays/chalet-jeth_23013/
Sno,sno-chalet-marmotte,Chalet Marmotte,unknown (sold via Sno),Méribel-Mottaret,no,https://www.sno.co.uk/ski-holidays/chalet-marmotte_22088/
Ski Line,sno-chalet-natalette-i,Chalet Natalette I,Ski World,Méribel-Mottaret,no,https://www.sno.co.uk/ski-holidays/chalet-natalette-i_18605/
Sno,sno-chalet-natalette-i,Chalet Natalette I,Ski World,Méribel-Mottaret,no,https://www.sno.co.uk/ski-holidays/chalet-natalette-i_18605/
Ski Line,sno-chalet-natalette-ii,Chalet Natalette II,Ski World,Méribel-Mottaret,no,https://www.sno.co.uk/ski-holidays/chalet-natalette-ii_18608/
Sno,sno-chalet-natalette-ii,Chalet Natalette II,Ski World,Méribel-Mottaret,no,https://www.sno.co.uk/ski-holidays/chalet-natalette-ii_18608/
Ski Line,sno-chalet-nico,Chalet Nico,Ski World,Méribel-Mottaret,no,https://www.sno.co.uk/ski-holidays/chalet-nico_18606/
Sno,sno-chalet-nico,Chalet Nico,Ski World,Méribel-Mottaret,no,https://www.sno.co.uk/ski-holidays/chalet-nico_18606/
Sno,sno-chalet-pierre,Chalet Pierre,unknown (sold via Sno),Méribel-Mottaret,no,https://www.sno.co.uk/ski-holidays/chalet-pierre_18607/
Ski Line,sno-chalet-l-arclusaz,Chalet l'Arclusaz,unknown (sold via Sno),Méribel-Mottaret,no,https://www.sno.co.uk/ski-holidays/chalet-l-arclusaz_18654/
Sno,sno-chalet-l-arclusaz,Chalet l'Arclusaz,unknown (sold via Sno),Méribel-Mottaret,no,https://www.sno.co.uk/ski-holidays/chalet-l-arclusaz_18654/
Ski Line,crystal-le-hameau-du-mottaret-apartments,Le Hameau du Mottaret Apartments,Crystal,Méribel-Mottaret,no,https://www.skiline.co.uk/ski-holidays/france/mottaret/le-hameau-du-mottaret-apartments
Ski Line,crystal-le-mottaret-hotel,Le Mottaret Hotel,Crystal,Méribel-Mottaret,no,https://www.skiline.co.uk/ski-holidays/france/mottaret/le-mottaret-hotel-2
Ski Line,crystal-les-crets-apartments,Les Crets Apartments,Crystal,Méribel-Mottaret,no,https://www.skiline.co.uk/ski-holidays/france/mottaret/les-crets-apartments
Ski Line,odalys-residence-le-hameau-du-mottaret,Residence Le Hameau du Mottaret,Odalys,Méribel-Mottaret,no,https://www.skiline.co.uk/ski-holidays/france/mottaret/residence-le-hameau-du-mottaret
Les 3 Vallées Réservation,les3vallees-aiglon,Aiglon - Chalet 5 rooms 8 persons,,St-Martin-de-Belleville,no,https://reservation.les3vallees.com/en/product-22846-aiglon-chalet-5-rooms-8-persons
Les 3 Vallées Réservation,les3vallees-blom,Blom - Chalet 12 persons,,St-Martin-de-Belleville,no,https://reservation.les3vallees.com/en/product-22875-blom-chalet-12-persons
Ski Line,mercury-alpine-chalets-chalet-aphylla-catered,Chalet Aphylla (Catered),Mercury Alpine Chalets,St-Martin-de-Belleville,yes,https://www.skiline.co.uk/ski-holidays/france/st-martin-de-belleville/chalet-aphylla-catered
Ski Line,mercury-alpine-chalets-chalet-aphylla-self-catered,Chalet Aphylla (Self-Catered),Mercury Alpine Chalets,St-Martin-de-Belleville,no,https://www.skiline.co.uk/ski-holidays/france/st-martin-de-belleville/chalet-aphylla-self-catered
Ski Line,mercury-alpine-chalets-chalet-aralia-catered,Chalet Aralia (Catered),Mercury Alpine Chalets,St-Martin-de-Belleville,no,https://www.skiline.co.uk/ski-holidays/france/st-martin-de-belleville/chalet-aralia-catered
Ski Line,mercury-alpine-chalets-chalet-aralia-self-catered,Chalet Aralia (Self-Catered),Mercury Alpine Chalets,St-Martin-de-Belleville,no,https://www.skiline.co.uk/ski-holidays/france/st-martin-de-belleville/chalet-aralia-self-catered
Les 3 Vallées Réservation,les3vallees-chalet-ardent,Chalet Ardent - 12 persons,,St-Martin-de-Belleville,no,https://reservation.les3vallees.com/en/product-37445-chalet-ardent-12-persons
Ski Line,mercury-alpine-chalets-chalet-chez-bugi-catered,Chalet Chez Bugi (Catered),Mercury Alpine Chalets,St-Martin-de-Belleville,no,https://www.skiline.co.uk/ski-holidays/france/st-martin-de-belleville/chalet-chez-bugi-catered
Ski Line,mercury-alpine-chalets-chalet-chez-bugi-self-catered,Chalet Chez Bugi (Self-Catered),Mercury Alpine Chalets,St-Martin-de-Belleville,no,https://www.skiline.co.uk/ski-holidays/france/st-martin-de-belleville/chalet-chez-bugi-self-catered
Ski Line,mercury-alpine-chalets-chalet-constantia-catered,Chalet Constantia (Catered),Mercury Alpine Chalets,St-Martin-de-Belleville,no,https://www.skiline.co.uk/ski-holidays/france/st-martin-de-belleville/chalet-constantia-catered
Ski Line,mercury-alpine-chalets-chalet-constantia-self-catered,Chalet Constantia (Self-Catered),Mercury Alpine Chalets,St-Martin-de-Belleville,no,https://www.skiline.co.uk/ski-holidays/france/st-martin-de-belleville/chalet-constantia-self-catered
Ski Line,odalys-chalet-le-duc-blanc,Chalet Le Duc Blanc,Odalys,St-Martin-de-Belleville,no,https://www.skiline.co.uk/ski-holidays/france/st-martin-de-belleville/chalet-le-duc-blanc
Ski Line,le-chalet-st-martin-le-chalet-st-martin,Le Chalet St Martin,Le Chalet St Martin,St-Martin-de-Belleville,no,https://www.skiline.co.uk/ski-holidays/france/st-martin-de-belleville/le-chalet-st-martin
Les 3 Vallées Réservation,les3vallees-alaska-5-apartment-4-rooms-8-persons,ALASKA 5 - Apartment 4 rooms 8 persons,,Val Thorens,no,https://reservation.les3vallees.com/en/product-33889-alaska-5-apartment-4-rooms-8-persons
Les 3 Vallées Réservation,les3vallees-arcelle-518-apartment-4-rooms-8-people,Arcelle 518 - Apartment 4 rooms 8 people,,Val Thorens,no,https://reservation.les3vallees.com/en/product-16445-arcelle-518-apartment-4-rooms-8-people
Les 3 Vallées Réservation,les3vallees-arcelle-706-apartment-4-rooms-10-persons,Arcelle 706 - Apartment 4 rooms 10 persons,,Val Thorens,no,https://reservation.les3vallees.com/en/product-4346-arcelle-706-apartment-4-rooms-10-persons
Les 3 Vallées Réservation,les3vallees-beau-soleil-16-apartment-5-rooms-10-persons,Beau Soleil 16 - Apartment 5 rooms 10 persons,,Val Thorens,no,https://reservation.les3vallees.com/en/product-20284-beau-soleil-16-apartment-5-rooms-10-persons
Les 3 Vallées Réservation,les3vallees-beau-soleil-21-apartment-duplex-4-rooms-8-persons,Beau Soleil 21 - Apartment duplex 4 rooms 8 persons,,Val Thorens,no,https://reservation.les3vallees.com/en/product-20327-beau-soleil-21-apartment-duplex-4-rooms-8-persons
Les 3 Vallées Réservation,les3vallees-chalet-chamois-3-apartment-5-rooms-8-persons,CHALET CHAMOIS 3 - Apartment 5 rooms 8 persons,,Val Thorens,no,https://reservation.les3vallees.com/en/product-31030-chalet-chamois-3-apartment-5-rooms-8-persons
Les 3 Vallées Réservation,les3vallees-chalet-chamois-4-apartment-5-rooms-8-persons,CHALET CHAMOIS 4 - Apartment 5 rooms 8 persons,,Val Thorens,no,https://reservation.les3vallees.com/en/product-31031-chalet-chamois-4-apartment-5-rooms-8-persons
Les 3 Vallées Réservation,les3vallees-chalet-chamois-5-apartment-7-rooms-14-persons,CHALET CHAMOIS 5 - Apartment 7 rooms 14 persons,,Val Thorens,no,https://reservation.les3vallees.com/en/product-31032-chalet-chamois-5-apartment-7-rooms-14-persons
Les 3 Vallées Réservation,les3vallees-chalet-mouflon-301-apartment-6-rooms-cabin-12-persons,CHALET MOUFLON 301 - Apartment 6 rooms cabin 12 persons,,Val Thorens,no,https://reservation.les3vallees.com/en/product-29488-chalet-mouflon-301-apartment-6-rooms-cabin-12-persons
Les 3 Vallées Réservation,les3vallees-chalet-mouflon-302-apartment-5-rooms-cabin-8-persons,CHALET MOUFLON 302 - Apartment 5 rooms cabin 8 persons,,Val Thorens,no,https://reservation.les3vallees.com/en/product-29486-chalet-mouflon-302-apartment-5-rooms-cabin-8-persons
Les 3 Vallées Réservation,les3vallees-chalet-mouflon-303-apartment-5-rooms-cabin-8-persons,CHALET MOUFLON 303 - Apartment 5 rooms cabin 8 persons,,Val Thorens,no,https://reservation.les3vallees.com/en/product-29483-chalet-mouflon-303-apartment-5-rooms-cabin-8-persons
Les 3 Vallées Réservation,les3vallees-chalet-selaou-32-apartment-6-rooms-cabin-10-persons,CHALET SELAOU 32 - Apartment 6 rooms cabin 10 persons,,Val Thorens,no,https://reservation.les3vallees.com/en/product-31085-chalet-selaou-32-apartment-6-rooms-cabin-10-persons
Les 3 Vallées Réservation,les3vallees-chalet-sequoia-3-apartment-4-rooms-8-persons,CHALET SEQUOIA 3 - Apartment 4 rooms 8 persons,,Val Thorens,no,https://reservation.les3vallees.com/en/product-54553-chalet-sequoia-3-apartment-4-rooms-8-persons
Ski Line,buildmyskitrip-chalet-bonhomme,Chalet Bonhomme,Buildmyskitrip,Val Thorens,no,https://www.skiline.co.uk/ski-holidays/france/val-thorens/chalet-bonhomme
Ski Line,sno-chalet-capricorne,Chalet Capricorne,Ski World,Val Thorens,no,https://www.sno.co.uk/ski-holidays/chalet-capricorne_11314/
Sno,sno-chalet-capricorne,Chalet Capricorne,Ski World,Val Thorens,no,https://www.sno.co.uk/ski-holidays/chalet-capricorne_11314/
allChalets,sno-chalet-capricorne,Chalet Capricorne,Ski World,Val Thorens,no,https://www.sno.co.uk/ski-holidays/chalet-capricorne_11314/
Ski Line,sno-chalet-chloe,Chalet Chloe,Inghams,Val Thorens,no,https://www.sno.co.uk/ski-holidays/chalet-chloe_18616/
Sno,sno-chalet-chloe,Chalet Chloe,Inghams,Val Thorens,no,https://www.sno.co.uk/ski-holidays/chalet-chloe_18616/
allChalets,sno-chalet-chloe,Chalet Chloe,Inghams,Val Thorens,no,https://www.sno.co.uk/ski-holidays/chalet-chloe_18616/
Ski Line,ski-beat-chalet-ibex,Chalet Ibex,Ski Beat,Val Thorens,no,https://www.skiline.co.uk/ski-holidays/france/val-thorens/chalet-ibex
Les 3 Vallées Réservation,les3vallees-chalet-la-lizum-2-apartment-duplex-5-rooms-8-persons,Chalet La Lizum 2 - Apartment Duplex 5 rooms 8 persons,,Val Thorens,no,https://reservation.les3vallees.com/en/product-3722-chalet-la-lizum-2-apartment-duplex-5-rooms-8-persons
Ski Line,sno-chalet-libra,Chalet Libra,Ski World,Val Thorens,no,https://www.sno.co.uk/ski-holidays/chalet-libra_15465/
Sno,sno-chalet-libra,Chalet Libra,Ski World,Val Thorens,no,https://www.sno.co.uk/ski-holidays/chalet-libra_15465/
allChalets,sno-chalet-libra,Chalet Libra,Ski World,Val Thorens,no,https://www.sno.co.uk/ski-holidays/chalet-libra_15465/
Ski Line,ski-beat-chalet-loup-blanc,Chalet Loup Blanc,Ski Beat,Val Thorens,no,https://www.skiline.co.uk/ski-holidays/france/val-thorens/chalet-loup-blanc
Ski Line,sno-chalet-mathilde,Chalet Mathilde,Inghams,Val Thorens,no,https://www.sno.co.uk/ski-holidays/chalet-mathilde_18615/
Sno,sno-chalet-mathilde,Chalet Mathilde,Inghams,Val Thorens,no,https://www.sno.co.uk/ski-holidays/chalet-mathilde_18615/
Ski Line,sno-chalet-noella,Chalet Noella,Inghams,Val Thorens,no,https://www.sno.co.uk/ski-holidays/chalet-noella_18617/
Sno,sno-chalet-noella,Chalet Noella,Inghams,Val Thorens,no,https://www.sno.co.uk/ski-holidays/chalet-noella_18617/
Ski Line,sno-chalet-orion,Chalet Orion,Ski Vertigo,Val Thorens,no,https://www.sno.co.uk/ski-holidays/chalet-orion_19696/
Sno,sno-chalet-orion,Chalet Orion,Ski Vertigo,Val Thorens,no,https://www.sno.co.uk/ski-holidays/chalet-orion_19696/
Ski Line,sno-chalet-pegase,Chalet Pégase,Ski Vertigo,Val Thorens,no,https://www.sno.co.uk/ski-holidays/chalet-p-gase_19568/
Sno,sno-chalet-pegase,Chalet Pégase,Ski Vertigo,Val Thorens,no,https://www.sno.co.uk/ski-holidays/chalet-p-gase_19568/
Ski Line,ski-beat-chalet-renard,Chalet Renard,Ski Beat,Val Thorens,no,https://www.skiline.co.uk/ski-holidays/france/val-thorens/chalet-renard
Ski Line,buildmyskitrip-chalet-sabot,Chalet Sabot,Buildmyskitrip,Val Thorens,no,https://www.skiline.co.uk/ski-holidays/france/val-thorens/chalet-sabot
Ski Line,buildmyskitrip-chalet-sabot-1,Chalet Sabot 1,Buildmyskitrip,Val Thorens,no,https://www.skiline.co.uk/ski-holidays/france/val-thorens/chalet-sabot-1
Ski Line,sno-chalet-sagittaire,Chalet Sagittaire,Ski World,Val Thorens,no,https://www.sno.co.uk/ski-holidays/chalet-sagittaire_11344/
Sno,sno-chalet-sagittaire,Chalet Sagittaire,Ski World,Val Thorens,no,https://www.sno.co.uk/ski-holidays/chalet-sagittaire_11344/
allChalets,sno-chalet-sagittaire,Chalet Sagittaire,Ski World,Val Thorens,no,https://www.sno.co.uk/ski-holidays/chalet-sagittaire_11344/
Les 3 Vallées Réservation,les3vallees-chalet-selaou-36-apartment-7-rooms-12-persons,Chalet Selaou 36 - Apartment 7 rooms 12 persons,,Val Thorens,no,https://reservation.les3vallees.com/en/product-4364-chalet-selaou-36-apartment-7-rooms-12-persons
Ski Line,sno-chalet-verseau,Chalet Verseau,Ski World,Val Thorens,no,https://www.sno.co.uk/ski-holidays/chalet-verseau_11328/
Sno,sno-chalet-verseau,Chalet Verseau,Ski World,Val Thorens,no,https://www.sno.co.uk/ski-holidays/chalet-verseau_11328/
allChalets,sno-chalet-verseau,Chalet Verseau,Ski World,Val Thorens,no,https://www.sno.co.uk/ski-holidays/chalet-verseau_11328/
Les 3 Vallées Réservation,les3vallees-chalet-le-cristallo-3-apartment-4-rooms-8-persons,Chalet le Cristallo 3 - Apartment 4 rooms 8 persons,,Val Thorens,no,https://reservation.les3vallees.com/en/product-3655-chalet-le-cristallo-3-apartment-4-rooms-8-persons
Ski Line,club-med-club-med-val-thorens-sensations,Club Med Val Thorens Sensations,Club Med,Val Thorens,no,https://www.skiline.co.uk/ski-holidays/france/val-thorens/club-med-val-thorens-sensations
Les 3 Vallées Réservation,les3vallees-daphnes-4-apartment-4-rooms-8-persons,DAPHNES 4 - Apartment 4 rooms 8 persons,,Val Thorens,no,https://reservation.les3vallees.com/en/product-55373-daphnes-4-apartment-4-rooms-8-persons
Les 3 Vallées Réservation,les3vallees-diamant-apartment-4-rooms-8-persons,Diamant - Apartment 4 rooms 8 persons,,Val Thorens,no,https://reservation.les3vallees.com/en/product-19164-diamant-apartment-4-rooms-8-persons
Les 3 Vallées Réservation,les3vallees-hauts-de-chaviere-a4-apartment-4-rooms-8-persons,Hauts de Chaviere A4 - Apartment 4 rooms 8 persons,,Val Thorens,no,https://reservation.les3vallees.com/en/product-3701-hauts-de-chaviere-a4-apartment-4-rooms-8-persons
Les 3 Vallées Réservation,les3vallees-hauts-de-chaviere-29-apartment-3-rooms-cabin-8-persons,Hauts de Chavière 29 - Apartment 3 rooms cabin 8 persons,,Val Thorens,no,https://reservation.les3vallees.com/en/product-4254-hauts-de-chaviere-29-apartment-3-rooms-cabin-8-persons
Ski Line,crystal-hermine-residence,Hermine Residence,Crystal,Val Thorens,no,https://www.skiline.co.uk/ski-holidays/france/val-thorens/hermine-residence
Ski Line,inghams-hotel-altapura,Hotel Altapura,Inghams,Val Thorens,no,https://www.skiline.co.uk/ski-holidays/france/val-thorens/hotel-altapura
Ski Line,inghams-hotel-club-les-arolles,Hotel Club Les Arolles,Inghams,Val Thorens,no,https://www.skiline.co.uk/ski-holidays/france/val-thorens/hotel-club-les-arolles
Ski Line,mmv-hotels-hotel-club-les-arolles,Hotel Club Les Arolles,MMV Hotels,Val Thorens,no,https://www.skiline.co.uk/ski-holidays/france/val-thorens/club-hotel-les-arolles-mmv
Ski Line,inghams-hotel-fahrenheit-seven,Hotel Fahrenheit Seven,Inghams,Val Thorens,no,https://www.skiline.co.uk/ski-holidays/france/val-thorens/hotel-fahrenheit-seven
Ski Line,crystal-hotel-fahrenheit-seven,Hotel Fahrenheit Seven,Crystal,Val Thorens,no,https://www.skiline.co.uk/ski-holidays/france/val-thorens/hotel-fahrenheit-seven-2
Ski Line,inghams-hotel-hameau-de-kashmir,Hotel Hameau de Kashmir,Inghams,Val Thorens,no,https://www.skiline.co.uk/ski-holidays/france/val-thorens/hotel-hameau-de-kashmir
Ski Line,crystal-hotel-hameau-du-kashmir,Hotel Hameau du Kashmir,Crystal,Val Thorens,no,https://www.skiline.co.uk/ski-holidays/france/val-thorens/hotel-hameau-du-kashmir
Ski Line,inghams-hotel-koh-i-nor,Hotel Koh-I Nor,Inghams,Val Thorens,no,https://www.skiline.co.uk/ski-holidays/france/val-thorens/hotel-koh-i-nor-3
Ski Line,inghams-hotel-le-fitz-roy,Hotel Le Fitz Roy,Inghams,Val Thorens,no,https://www.skiline.co.uk/ski-holidays/france/val-thorens/hotel-le-fitz-roy-3
Ski Line,crystal-hotel-le-fitz-roy,Hotel Le Fitz Roy,Crystal,Val Thorens,no,https://www.skiline.co.uk/ski-holidays/france/val-thorens/hotel-le-fitz-roy
Ski Line,crystal-hotel-le-sherpa,Hotel Le Sherpa,Crystal,Val Thorens,no,https://www.skiline.co.uk/ski-holidays/france/val-thorens/hotel-le-sherpa-2
Ski Line,inghams-hotel-le-val-chaviere,Hotel Le Val Chaviere,Inghams,Val Thorens,no,https://www.skiline.co.uk/ski-holidays/france/val-thorens/hotel-le-val-chaviere
Ski Line,crystal-hotel-le-val-thorens,Hotel Le Val Thorens,Crystal,Val Thorens,no,https://www.skiline.co.uk/ski-holidays/france/val-thorens/hotel-le-val-thorens-2
Ski Line,inghams-hotel-le-val-thorens,Hotel Le Val Thorens,Inghams,Val Thorens,no,https://www.skiline.co.uk/ski-holidays/france/val-thorens/hotel-le-val-thorens-3
Ski Line,crystal-hotel-les-arolles,Hotel Les Arolles,Crystal,Val Thorens,no,https://www.skiline.co.uk/ski-holidays/france/val-thorens/hotel-les-arolles-2
Ski Line,inghams-hotel-les-trois-vallees,Hotel Les Trois Vallees,Inghams,Val Thorens,no,https://www.skiline.co.uk/ski-holidays/france/val-thorens/hotel-les-trois-vallees
Ski Line,crystal-hotel-marielle,Hotel Marielle,Crystal,Val Thorens,no,https://www.skiline.co.uk/ski-holidays/france/val-thorens/hotel-marielle
Ski Line,crystal-hotel-pashmina,Hotel Pashmina,Crystal,Val Thorens,no,https://www.skiline.co.uk/ski-holidays/france/val-thorens/hotel-pashmina-le-refuge
Ski Line,crystal-hotel-tango,Hotel Tango,Crystal,Val Thorens,no,https://www.skiline.co.uk/ski-holidays/france/val-thorens/hotel-tango
Ski Line,crystal-hotel-val-chaviere,Hotel Val Chaviere,Crystal,Val Thorens,no,https://www.skiline.co.uk/ski-holidays/france/val-thorens/hotel-val-chaviere
Ski Line,crystal-hotel-des-3-vallees,Hotel des 3 Vallees,Crystal,Val Thorens,no,https://www.skiline.co.uk/ski-holidays/france/val-thorens/hotel-des-3-vallees
Les 3 Vallées Réservation,les3vallees-joker-43-apartment-duplex-5-rooms-8-persons,Joker 43 - Apartment duplex 5 rooms 8 persons,,Val Thorens,no,https://reservation.les3vallees.com/en/product-3925-joker-43-apartment-duplex-5-rooms-8-persons
Ski Line,crystal-le-chamois-dor-apartments,Le Chamois d’Or Apartments,Crystal,Val Thorens,no,https://www.skiline.co.uk/ski-holidays/france/val-thorens/le-chamois-dor-apartments
Ski Line,crystal-le-cheval-blanc-apartments,Le Cheval Blanc Apartments,Crystal,Val Thorens,no,https://www.skiline.co.uk/ski-holidays/france/val-thorens/le-cheval-blanc-apartments-2
Ski Line,crystal-le-hameau-du-kashmir-residence,Le Hameau du Kashmir Residence,Crystal,Val Thorens,no,https://www.skiline.co.uk/ski-holidays/france/val-thorens/le-hameau-du-kashmir-residence
Les 3 Vallées Réservation,les3vallees-le-peclet-12-apartment-4-rooms-duplex-8-persons,Le Peclet 12 - Apartment 4 rooms duplex 8 persons,,Val Thorens,no,https://reservation.les3vallees.com/en/product-3777-le-peclet-12-apartment-4-rooms-duplex-8-persons
Les 3 Vallées Réservation,les3vallees-le-peclet-13-apartment-5-rooms-duplex-10-persons,Le Peclet 13 - Apartment 5 rooms duplex 10 persons,,Val Thorens,no,https://reservation.les3vallees.com/en/product-3778-le-peclet-13-apartment-5-rooms-duplex-10-persons
Ski Line,inghams-le-sherpa-hotel,Le Sherpa Hotel,Inghams,Val Thorens,no,https://www.skiline.co.uk/ski-holidays/france/val-thorens/le-sherpa-hotel
Les 3 Vallées Réservation,les3vallees-les-eterlous-20-21-apartment-5-rooms-8-persons,Les Eterlous 20/21 - Apartment 5 rooms 8 persons,,Val Thorens,no,https://reservation.les3vallees.com/en/product-19646-les-eterlous-20-21-apartment-5-rooms-8-persons
Ski Line,crystal-montana-plein-sud-apartments,Montana Plein Sud Apartments,Crystal,Val Thorens,no,https://www.skiline.co.uk/ski-holidays/france/val-thorens/montana-plein-sud-apartments
Les 3 Vallées Réservation,les3vallees-olympiade-apartment-3-rooms-9-persons,Olympiade - Apartment 3 rooms 9 persons,,Val Thorens,no,https://reservation.les3vallees.com/en/product-38704-olympiade-apartment-3-rooms-9-persons
Les 3 Vallées Réservation,les3vallees-olympiades-apartment-2-rooms-mezzanine-8-persons,Olympiades - Apartment 2 rooms mezzanine 8 persons,,Val Thorens,no,https://reservation.les3vallees.com/en/product-44589-olympiades-apartment-2-rooms-mezzanine-8-persons
Ski Line,buildmyskitrip-petit-sabot,Petit Sabot,Buildmyskitrip,Val Thorens,no,https://www.skiline.co.uk/ski-holidays/france/val-thorens/petit-sabot
Les 3 Vallées Réservation,les3vallees-peclet-11-apartment-5-rooms-12-persons,Péclet 11 - Apartment 5 rooms 12 persons,,Val Thorens,no,https://reservation.les3vallees.com/en/product-4253-peclet-11-apartment-5-rooms-12-persons
Les 3 Vallées Réservation,les3vallees-residence-eterlous,Residence Eterlous,,Val Thorens,no,https://reservation.les3vallees.com/en/product-14807-residence-eterlous
Ski Line,inghams-residence-hameau-de-kashmir,Residence Hameau de Kashmir,Inghams,Val Thorens,no,https://www.skiline.co.uk/ski-holidays/france/val-thorens/residence-hameau-de-kashmir
Ski Line,inghams-residence-hermine,Residence Hermine,Inghams,Val Thorens,no,https://www.skiline.co.uk/ski-holidays/france/val-thorens/residence-hermine-3
Ski Line,inghams-residence-koh-i-nor,Residence Koh-I Nor,Inghams,Val Thorens,no,https://www.skiline.co.uk/ski-holidays/france/val-thorens/residence-koh-i-nor-3
Ski Line,inghams-residence-le-cheval-blanc-apartments,Residence Le Cheval Blanc Apartments,Inghams,Val Thorens,no,https://www.skiline.co.uk/ski-holidays/france/val-thorens/residence-le-cheval-blanc-apartments
Ski Line,inghams-residence-le-tikal,Residence Le Tikal,Inghams,Val Thorens,no,https://www.skiline.co.uk/ski-holidays/france/val-thorens/residence-le-tikal
Ski Line,crystal-residence-le-tikal,Residence Le Tikal,Crystal,Val Thorens,no,https://www.skiline.co.uk/ski-holidays/france/val-thorens/residence-le-tikal-2
Ski Line,inghams-residence-montana-plein-sud,Residence Montana Plein Sud,Inghams,Val Thorens,no,https://www.skiline.co.uk/ski-holidays/france/val-thorens/residence-montana-plein-sud-2
Ski Line,crystal-residence-montana-premier,Residence Montana Premier,Crystal,Val Thorens,no,https://www.skiline.co.uk/ski-holidays/france/val-thorens/residence-montana-premier
Ski Line,crystal-residence-montana-soleil,Residence Montana Soleil,Crystal,Val Thorens,no,https://www.skiline.co.uk/ski-holidays/france/val-thorens/residence-montana-soleil
Ski Line,crystal-residence-montana-valbel,Residence Montana Valbel,Crystal,Val Thorens,no,https://www.skiline.co.uk/ski-holidays/france/val-thorens/residence-montana-valbel
Ski Line,crystal-residence-odalys-tourotel,Residence Odalys Tourotel,Crystal,Val Thorens,no,https://www.skiline.co.uk/ski-holidays/france/val-thorens/residence-odalys-tourotel-2
Ski Line,inghams-residence-village-montana-apartments,Residence Village Montana Apartments,Inghams,Val Thorens,no,https://www.skiline.co.uk/ski-holidays/france/val-thorens/residence-village-montana-apartments
Ski Line,inghams-residence-les-balcons,Residence les Balcons,Inghams,Val Thorens,no,https://www.skiline.co.uk/ski-holidays/france/val-thorens/residence-les-balcons
allChalets,inghams-residence-les-balcons,Residence les Balcons,Inghams,Val Thorens,no,https://www.skiline.co.uk/ski-holidays/france/val-thorens/residence-les-balcons
Les 3 Vallées Réservation,les3vallees-sabot-de-venus-9-apartment-6-rooms-10-persons,SABOT DE VENUS 9 - Apartment 6 rooms 10 persons,,Val Thorens,no,https://reservation.les3vallees.com/en/product-52054-sabot-de-venus-9-apartment-6-rooms-10-persons
Les 3 Vallées Réservation,les3vallees-silveralp-212-apartment-4-rooms-cabin-8-persons,SILVERALP 212 - Apartment 4 rooms cabin 8 persons,,Val Thorens,no,https://reservation.les3vallees.com/en/product-44470-silveralp-212-apartment-4-rooms-cabin-8-persons
Ski Line,buildmyskitrip-sabot-penthouse,Sabot Penthouse,Buildmyskitrip,Val Thorens,no,https://www.skiline.co.uk/ski-holidays/france/val-thorens/sabot-penthouse
Les 3 Vallées Réservation,les3vallees-sabot-de-venus-04-apartment-4-rooms-8-persons,Sabot de Venus 04 - Apartment 4 rooms 8 persons,,Val Thorens,no,https://reservation.les3vallees.com/en/product-3938-sabot-de-venus-04-apartment-4-rooms-8-persons
Les 3 Vallées Réservation,les3vallees-sabot-de-venus-05-apartment-5-rooms-10-persons,Sabot de Venus 05 - Apartment 5 rooms 10 persons,,Val Thorens,no,https://reservation.les3vallees.com/en/product-3937-sabot-de-venus-05-apartment-5-rooms-10-persons
Les 3 Vallées Réservation,les3vallees-sabot-de-venus-06-apartment-6-rooms-12-persons,Sabot de Venus 06 - Apartment 6 rooms - 12 persons,,Val Thorens,no,https://reservation.les3vallees.com/en/product-3936-sabot-de-venus-06-apartment-6-rooms-12-persons
Les 3 Vallées Réservation,les3vallees-selaou-35-apartment-duplex-6-rooms-11-persons,Selaou 35 - Apartment duplex 6 rooms 11 persons,,Val Thorens,no,https://reservation.les3vallees.com/en/product-3941-selaou-35-apartment-duplex-6-rooms-11-persons
Les 3 Vallées Réservation,les3vallees-silveralp-219-220-apartment-5-rooms-10-persons,Silveralp 219-220 - Apartment 5 rooms 10 persons,,Val Thorens,no,https://reservation.les3vallees.com/en/product-4261-silveralp-219-220-apartment-5-rooms-10-persons
Les 3 Vallées Réservation,les3vallees-valset-1302-apartment-5-rooms-9-persons,VALSET 1302 - Apartment 5 rooms 9 persons,,Val Thorens,no,https://reservation.les3vallees.com/en/product-25009-valset-1302-apartment-5-rooms-9-persons
Les 3 Vallées Réservation,les3vallees-vanoise-462-apartment-7-rooms-12-persons,VANOISE 462 - Apartment 7 rooms 12 persons,,Val Thorens,no,https://reservation.les3vallees.com/en/product-25010-vanoise-462-apartment-7-rooms-12-persons
allChalets,allchalets-apartment-59765,Apartment 59765,,St-Jean-d'Arves,no,https://www.allchalets.com/holiday-rentals/59765-apartment-in-saint-jean-d-arves-france
allChalets,allchalets-apartment-59796,Apartment 59796,,St-Jean-d'Arves,no,https://www.allchalets.com/holiday-rentals/59796-apartment-in-saint-jean-d-arves-france
allChalets,allchalets-apartment-63093,Apartment 63093,,St-Jean-d'Arves,no,https://www.allchalets.com/holiday-rentals/63093-apartment-in-saint-jean-d-arves-france
Saint Jean d'Arves Réservation,ingenie-sja73-appartement-de-charme-pied-des-pistes,Appartement de charme pied des pistes,,St-Jean-d'Arves,no,https://www.sja73.com/appartement-de-charme-pied-des-pistes.html
Saint Jean d'Arves Réservation,ingenie-sja73-appartement-du-choucas-g102,Appartement du Choucas G102,,St-Jean-d'Arves,no,https://www.sja73.com/appartement-du-choucas-g102.html
Saint Jean d'Arves Réservation,ingenie-sja73-balcon-de-l-alpe-b-29,Balcon de l'Alpe B 29,,St-Jean-d'Arves,no,https://www.sja73.com/balcon-de-l-alpe-b-29.html
Saint Jean d'Arves Réservation,ingenie-sja73-balcon-de-l-alpe-b-n2,Balcon de l'Alpe B n°2,,St-Jean-d'Arves,no,https://www.sja73.com/balcon-de-l-alpe-b-n2.html
Saint Jean d'Arves Réservation,ingenie-sja73-chalet-ourson-n71,CHALET OURSON n°71,,St-Jean-d'Arves,no,https://www.sja73.com/chalet-ourson-n71.html
Saint Jean d'Arves Réservation,ingenie-sja73-chalet-mirette-app-53,"Chalet ""Mirette"" App 53",,St-Jean-d'Arves,no,https://www.sja73.com/chalet-mirette-app-53.html
Saint Jean d'Arves Réservation,ingenie-sja73-chalet-arvina-l-escargot,Chalet Arvina - L'Escargot,,St-Jean-d'Arves,no,https://www.sja73.com/chalet-arvina-l-escargot.html
Saint Jean d'Arves Réservation,ingenie-sja73-chalet-arvina-la-grande-vadrouille,Chalet Arvina - La Grande Vadrouille,,St-Jean-d'Arves,no,https://www.sja73.com/chalet-arvina-la-grande-vadrouille.html
Saint Jean d'Arves Réservation,ingenie-sja73-chalet-arvina-la-pirouette,Chalet Arvina - La Pirouette,,St-Jean-d'Arves,no,https://www.sja73.com/chalet-arvina-la-pirouette.html
Saint Jean d'Arves Réservation,ingenie-sja73-chalet-arvina-le-dahu,Chalet Arvina - Le Dahu,,St-Jean-d'Arves,no,https://www.sja73.com/chalet-arvina-le-dahu.html
Saint Jean d'Arves Réservation,ingenie-sja73-chalet-arvina-le-lievre,Chalet Arvina - Le Lièvre,,St-Jean-d'Arves,no,https://www.sja73.com/chalet-arvina-le-lievre.html
Saint Jean d'Arves Réservation,ingenie-sja73-chalet-arvina-pralud,Chalet Arvina - Pralud,,St-Jean-d'Arves,no,https://www.sja73.com/chalet-arvina-pralud.html
Saint Jean d'Arves Réservation,ingenie-sja73-chalet-l-etendard-n-11,Chalet L'Etendard n° 11,,St-Jean-d'Arves,no,https://www.sja73.com/chalet-l-etendard-n-11.html
Saint Jean d'Arves Réservation,ingenie-sja73-chalet-l-oule-rouge-15-pers,Chalet L'Oule Rouge - 15 pers,,St-Jean-d'Arves,no,https://www.sja73.com/chalet-l-oule-rouge-15-pers.html
Saint Jean d'Arves Réservation,scb-christiania-chalet-l-oule-des-praz,Chalet L'Oule des Praz,SCB Christiania (association),St-Jean-d'Arves,yes,https://www.sja73.com/chalet-l-oule-des-praz-scb-christiania-1.html
Saint Jean d'Arves Réservation,ingenie-sja73-chalet-le-bourrier-i,Chalet Le Bourrier I,,St-Jean-d'Arves,no,https://www.sja73.com/chalet-le-bourrier-i.html
Saint Jean d'Arves Réservation,ingenie-sja73-chalet-le-collet,Chalet Le Collet,,St-Jean-d'Arves,no,https://www.sja73.com/chalet-le-collet.html
Saint Jean d'Arves Réservation,ingenie-sja73-chalet-de-la-fleur,Chalet de La Fleur,,St-Jean-d'Arves,no,https://www.sja73.com/chalet-de-la-fleur.html
Saint Jean d'Arves Réservation,ingenie-sja73-chalet-face-aux-glaciers,Chalet face aux glaciers,,St-Jean-d'Arves,no,https://www.sja73.com/chalet-face-aux-glaciers.html
Saint Jean d'Arves Réservation,ingenie-sja73-chalet-l-arcosse-n3,Chalet l'Arcosse n°3,,St-Jean-d'Arves,no,https://www.sja73.com/chalet-l-arcosse-n3.html
Saint Jean d'Arves Réservation,ingenie-sja73-chalet-l-etendard-n14,Chalet l'Etendard n°14,,St-Jean-d'Arves,no,https://www.sja73.com/chalet-l-etendard-n14.html
allChalets,allchalets-chalet-les-buffettes,Chalet les Buffettes,,St-Jean-d'Arves,no,https://www.allchalets.com/holiday-rentals/59686-chalet-in-saint-jean-d-arves-france
Saint Jean d'Arves Réservation,ingenie-sja73-chalet-sous-le-collet,Chalet sous le Collet,,St-Jean-d'Arves,no,https://www.sja73.com/chalet-sous-le-collet.html
Saint Jean d'Arves Réservation,ingenie-sja73-chez-paulette,Chez Paulette,,St-Jean-d'Arves,no,https://www.sja73.com/chez-paulette.html
Saint Jean d'Arves Réservation,ingenie-sja73-fontaine-du-roi-1-h95,Fontaine du ROI 1 - H95,,St-Jean-d'Arves,no,https://www.sja73.com/fontaine-du-roi-1-h95.html
Saint Jean d'Arves Réservation,ingenie-sja73-l-alpage,L'Alpage,,St-Jean-d'Arves,no,https://www.sja73.com/l-alpage.html
Saint Jean d'Arves Réservation,ingenie-sja73-l-ornon,L'Ornon,,St-Jean-d'Arves,no,https://www.sja73.com/l-ornon.html
Saint Jean d'Arves Réservation,ingenie-sja73-la-bergere,La Bergère,,St-Jean-d'Arves,no,https://www.sja73.com/la-bergere.html
Saint Jean d'Arves Réservation,ingenie-sja73-la-cle-des-champs,La Clé des champs,,St-Jean-d'Arves,no,https://www.sja73.com/la-cle-des-champs-1.html
Saint Jean d'Arves Réservation,ingenie-sja73-la-frechette,La Fréchette,,St-Jean-d'Arves,no,https://www.sja73.com/la-frechette.html
Saint Jean d'Arves Réservation,ingenie-sja73-la-grenouillere-n3,La Grenouillère n°3,,St-Jean-d'Arves,no,https://www.sja73.com/la-grenouillere-n3.html
Saint Jean d'Arves Réservation,ingenie-sja73-la-grenouillere-n6,La Grenouillère n°6,,St-Jean-d'Arves,no,https://www.sja73.com/la-grenouillere-n6.html
Saint Jean d'Arves Réservation,ingenie-sja73-la-grenouillere-n8,La Grenouillère n°8,,St-Jean-d'Arves,no,https://www.sja73.com/la-grenouillere-n8.html
Saint Jean d'Arves Réservation,ingenie-sja73-la-maison-d-augustin-edelweiss,La Maison d'Augustin - Edelweiss,,St-Jean-d'Arves,no,https://www.sja73.com/la-maison-d-augustin-edelweiss.html
Saint Jean d'Arves Réservation,ingenie-sja73-la-maison-d-augustin-gentiane,La Maison d'Augustin - Gentiane,,St-Jean-d'Arves,no,https://www.sja73.com/la-maison-d-augustin-gentiane.html
Saint Jean d'Arves Réservation,ingenie-sja73-la-parenthese,La Parenthèse,,St-Jean-d'Arves,no,https://www.sja73.com/la-parenthese.html
Saint Jean d'Arves Réservation,ingenie-sja73-le-balcon-des-aiguilles,Le Balcon des Aiguilles,,St-Jean-d'Arves,no,https://www.sja73.com/le-balcon-des-aiguilles.html
Saint Jean d'Arves Réservation,ingenie-sja73-le-balcon-des-arves,Le Balcon des Arves,,St-Jean-d'Arves,no,https://www.sja73.com/le-balcon-des-arves.html
Saint Jean d'Arves Réservation,ingenie-sja73-le-bourrier-ii,Le Bourrier II,,St-Jean-d'Arves,no,https://www.sja73.com/le-bourrier-ii.html
Saint Jean d'Arves Réservation,ingenie-sja73-le-chalet-des-bollons,Le Chalet des Bollons,,St-Jean-d'Arves,no,https://www.sja73.com/le-chalet-des-bollons.html
Saint Jean d'Arves Réservation,ingenie-sja73-le-charvin,Le Charvin,,St-Jean-d'Arves,no,https://www.sja73.com/le-charvin.html
Saint Jean d'Arves Réservation,ingenie-sja73-le-cret-de-la-brune,Le Crêt de la Brune,,St-Jean-d'Arves,no,https://www.sja73.com/le-cret-de-la-brune.html
Saint Jean d'Arves Réservation,ingenie-sja73-le-darineli,Le Darineli,,St-Jean-d'Arves,no,https://www.sja73.com/le-darineli.html
Saint Jean d'Arves Réservation,ingenie-sja73-le-genepy-12,Le Génépy 12,,St-Jean-d'Arves,no,https://www.sja73.com/le-genepy-12.html
Saint Jean d'Arves Réservation,ingenie-sja73-le-genepy-6,Le Génépy 6,,St-Jean-d'Arves,no,https://www.sja73.com/le-genepy-6.html
Saint Jean d'Arves Réservation,ingenie-sja73-le-mazot-des-ecourts,Le Mazot des Ecourts,,St-Jean-d'Arves,no,https://www.sja73.com/le-mazot-des-ecourts.html
Saint Jean d'Arves Réservation,ingenie-sja73-le-petit-charvin,Le Petit Charvin,,St-Jean-d'Arves,no,https://www.sja73.com/le-petit-charvin.html
Saint Jean d'Arves Réservation,ingenie-sja73-le-ramoneur,Le Ramoneur,,St-Jean-d'Arves,no,https://www.sja73.com/le-ramoneur.html
Saint Jean d'Arves Réservation,ingenie-sja73-le-chalet-du-berger,Le chalet du Berger,,St-Jean-d'Arves,no,https://www.sja73.com/le-chalet-du-berger.html
Saint Jean d'Arves Réservation,ingenie-sja73-le-p-tit-chalet,Le p'tit chalet,,St-Jean-d'Arves,no,https://www.sja73.com/le-p-tit-chalet.html
Saint Jean d'Arves Réservation,ingenie-sja73-le-petit-chalet-les-choucas,Le petit chalet - Les Choucas,,St-Jean-d'Arves,no,https://www.sja73.com/le-petit-chalet-les-choucas.html
Saint Jean d'Arves Réservation,ingenie-sja73-le-petit-chalet-les-mesanges,Le petit chalet - Les Mésanges,,St-Jean-d'Arves,no,https://www.sja73.com/le-petit-chalet-les-mesanges.html
Saint Jean d'Arves Réservation,ingenie-sja73-le-refuge-des-aiguilles,Le refuge des Aiguilles,,St-Jean-d'Arves,no,https://www.sja73.com/le-refuge-des-aiguilles.html
Saint Jean d'Arves Réservation,ingenie-sja73-les-aiguilles,Les Aiguilles,,St-Jean-d'Arves,no,https://www.sja73.com/les-aiguilles.html
Saint Jean d'Arves Réservation,ingenie-sja73-les-bouquetins-d-arves,Les Bouquetins d'Arves,,St-Jean-d'Arves,no,https://www.sja73.com/les-bouquetins-d-arves.html
Saint Jean d'Arves Réservation,ingenie-sja73-les-petites-marmottes,Les Petites Marmottes,,St-Jean-d'Arves,no,https://www.sja73.com/les-petites-marmottes.html
Saint Jean d'Arves Réservation,ingenie-sja73-maison-du-poingt,Maison du Poingt,,St-Jean-d'Arves,no,https://www.sja73.com/maison-du-poingt-1.html
Saint Jean d'Arves Réservation,ingenie-sja73-mazot-face-aux-glaciers,Mazot face aux glaciers,,St-Jean-d'Arves,no,https://www.sja73.com/mazot-face-aux-glaciers.html
Saint Jean d'Arves Réservation,ingenie-sja73-mountain-air,Mountain Air,,St-Jean-d'Arves,no,https://www.sja73.com/mountain-air.html
Saint Jean d'Arves Réservation,ingenie-sja73-val-d-arvan-n9,Val d'Arvan n°9,,St-Jean-d'Arves,no,https://www.sja73.com/val-d-arvan-n9.html
allChalets,allchalets-apartment-59779,Apartment 59779,,St-Sorlin-d'Arves,no,https://www.allchalets.com/holiday-rentals/59779-apartment-in-saint-jean-d-arves-france
allChalets,allchalets-apartment-59784,Apartment 59784,,St-Sorlin-d'Arves,no,https://www.allchalets.com/holiday-rentals/59784-apartment-in-saint-jean-d-arves-france
allChalets,allchalets-apartment-59799,Apartment 59799,,St-Sorlin-d'Arves,no,https://www.allchalets.com/holiday-rentals/59799-apartment-in-saint-jean-d-arves-france
allChalets,allchalets-apartment-62219,Apartment 62219,,St-Sorlin-d'Arves,no,https://www.allchalets.com/holiday-rentals/62219-apartment-in-saint-jean-d-arves-france
allChalets,allchalets-apartment-62220,Apartment 62220,,St-Sorlin-d'Arves,no,https://www.allchalets.com/holiday-rentals/62220-apartment-in-saint-jean-d-arves-france
allChalets,allchalets-chalet-59689,Chalet 59689,,St-Sorlin-d'Arves,no,https://www.allchalets.com/holiday-rentals/59689-chalet-in-saint-jean-d-arves-france
allChalets,allchalets-chalet-magui,Chalet Magui,,St-Sorlin-d'Arves,no,https://www.allchalets.com/holiday-rentals/62221-chalet-in-saint-jean-d-arves-france
Sno,sno-chalet-bela-vya-1-ski-spa,Chalet Bela Vya 1 Ski & Spa,unknown (sold via Sno),Arc 1600,no,https://www.sno.co.uk/ski-holidays/chalet-bela-vya-1-ski-spa_22406/
Sno,sno-chalet-saint-barth,Chalet Saint Barth,unknown (sold via Sno),Arc 1600,no,https://www.sno.co.uk/ski-holidays/chalet-saint-barth_22436/
Sno,sno-chalet-anne,Chalet Anne,unknown (sold via Sno),Arc 1800,no,https://www.sno.co.uk/ski-holidays/chalet-anne_18834/
Sno,sno-chalet-arc-1838-mille-8,Chalet Arc 1838-Mille 8,unknown (sold via Sno),Arc 1800,no,https://www.sno.co.uk/ski-holidays/chalet-arc-1838-mille-8_22522/
Sno,sno-chalet-arnaud,Chalet Arnaud,unknown (sold via Sno),Arc 1800,no,https://www.sno.co.uk/ski-holidays/chalet-arnaud_16493/
Sno,sno-chalet-arpoza-mille-8,Chalet Arpozâ-Mille 8,unknown (sold via Sno),Arc 1800,no,https://www.sno.co.uk/ski-holidays/chalet-arpoz--mille-8_22393/
Sno,sno-chalet-eden-mille-8,Chalet Eden-Mille 8,unknown (sold via Sno),Arc 1800,no,https://www.sno.co.uk/ski-holidays/chalet-eden-mille-8_21918/
Sno,sno-chalet-osarcs-mille-8,Chalet Osarcs-Mille 8,unknown (sold via Sno),Arc 1800,no,https://www.sno.co.uk/ski-holidays/chalet-osarcs-mille-8_21907/
Sno,sno-bear-lodge,Bear Lodge,unknown (sold via Sno),Arc 1950,no,https://www.sno.co.uk/ski-holidays/bear-lodge_18829/
Sno,sno-penthouse-misha,Penthouse Misha,unknown (sold via Sno),Arc 1950,no,https://www.sno.co.uk/ski-holidays/penthouse-misha_18828/
Sno,sno-penthouse-umka,Penthouse Umka,unknown (sold via Sno),Arc 1950,no,https://www.sno.co.uk/ski-holidays/penthouse-umka_18827/
Sno,sno-suite-baloo,Suite Baloo,unknown (sold via Sno),Arc 1950,no,https://www.sno.co.uk/ski-holidays/suite-baloo_18817/
Sno,sno-suite-choko,Suite Choko,unknown (sold via Sno),Arc 1950,no,https://www.sno.co.uk/ski-holidays/suite-choko_18818/
Sno,sno-suite-grizzly,Suite Grizzly,unknown (sold via Sno),Arc 1950,no,https://www.sno.co.uk/ski-holidays/suite-grizzly_18823/
Sno,sno-suite-koda,Suite Koda,unknown (sold via Sno),Arc 1950,no,https://www.sno.co.uk/ski-holidays/suite-koda_18819/
Sno,sno-suite-luk,Suite Luk,unknown (sold via Sno),Arc 1950,no,https://www.sno.co.uk/ski-holidays/suite-luk_18824/
Sno,sno-suite-mouk,Suite Mouk,unknown (sold via Sno),Arc 1950,no,https://www.sno.co.uk/ski-holidays/suite-mouk_18826/
Sno,sno-suite-natsu,Suite Natsu,unknown (sold via Sno),Arc 1950,no,https://www.sno.co.uk/ski-holidays/suite-natsu_18822/
Sno,sno-suite-oso,Suite Oso,unknown (sold via Sno),Arc 1950,no,https://www.sno.co.uk/ski-holidays/suite-oso_18821/
Sno,sno-suite-yogi,Suite Yogi,unknown (sold via Sno),Arc 1950,no,https://www.sno.co.uk/ski-holidays/suite-yogi_18825/
Sno,sno-suite-zozi,Suite Zozi,unknown (sold via Sno),Arc 1950,no,https://www.sno.co.uk/ski-holidays/suite-zozi_18820/
Sno,sno-club-21forty,CLUB 21Forty,unknown (sold via Sno),Arc 2000,no,https://www.sno.co.uk/ski-holidays/club-21forty_21019/
Sno,sno-chalet-nadyia,Chalet Nadyia,unknown (sold via Sno),Arc 2000,no,https://www.sno.co.uk/ski-holidays/chalet-nadyia_19574/
Sno,sno-chalet-oksana,Chalet Oksana,unknown (sold via Sno),Arc 2000,no,https://www.sno.co.uk/ski-holidays/chalet-oksana_19109/
Sno,sno-chalet-solomia,Chalet Solomia,unknown (sold via Sno),Arc 2000,no,https://www.sno.co.uk/ski-holidays/chalet-solomia_19110/
Ski Line,crystal-base-camp-lodge,Base Camp Lodge,Crystal,Bourg-St-Maurice,no,https://www.skiline.co.uk/ski-holidays/france/bourg-saint-maurice/base-camp-lodge-2
Les Arcs Réservation (official),lesarcsresa-chalet-cumin-studio-4-personnes,Chalet Cumin - Studio 4 personnes,,Bourg-St-Maurice,no,https://www.lesarcs-reservation.com/chalet-cumin-studio-4-personnes?package=1367
Les Arcs Réservation (official),lesarcsresa-chalet-darentasia-soldanelles-appartement-4-pieces-10-personnes,Chalet Darentasia  Soldanelles  - Appartement 4 pièces 10 personnes,,Bourg-St-Maurice,no,https://www.lesarcs-reservation.com/chalet-darentasia-soldanelles-appartement-4-pieces-10-personnes?package=1063
Les Arcs Réservation (official),lesarcsresa-chalet-darentasia-edelweiss-appartement-6-pieces-12-personnes,Chalet Darentasia Edelweiss - Appartement 6 pièces 12 personnes,,Bourg-St-Maurice,no,https://www.lesarcs-reservation.com/chalet-darentasia-edelweiss-appartement-6-pieces-12-personnes?package=1063
Les Arcs Réservation (official),lesarcsresa-chalet-darentasia-gentianes-appartement-3-pieces-8-personnes,Chalet Darentasia Gentianes - Appartement 3 pièces 8 personnes,,Bourg-St-Maurice,no,https://www.lesarcs-reservation.com/chalet-darentasia-gentianes-appartement-3-pieces-8-personnes?package=1063
Les Arcs Réservation (official),lesarcsresa-hotel-base-camp-lodge-1-lit-dans-un-dortoir-de-10-personnes,Hôtel Base Camp Lodge - 1 lit dans un dortoir de 10 personnes,,Bourg-St-Maurice,no,https://www.lesarcs-reservation.com/hotel-base-camp-lodge-1-lit-dans-un-dortoir-de-10-personnes?package=2006
Les Arcs Réservation (official),lesarcsresa-hotel-base-camp-lodge-chambre-capsule-pour-1-personne,Hôtel Base Camp Lodge - Chambre capsule pour 1 personne,,Bourg-St-Maurice,no,https://www.lesarcs-reservation.com/hotel-base-camp-lodge-chambre-capsule-pour-1-personne?package=2006
Les Arcs Réservation (official),lesarcsresa-hotel-base-camp-lodge-chambre-double-versant-nord,Hôtel Base Camp Lodge - Chambre double Versant nord,,Bourg-St-Maurice,no,https://www.lesarcs-reservation.com/hotel-base-camp-lodge-chambre-double-versant-nord?package=2006
Les Arcs Réservation (official),lesarcsresa-hotel-base-camp-lodge-chambre-double-versant-sud,Hôtel Base Camp Lodge - Chambre double Versant sud,,Bourg-St-Maurice,no,https://www.lesarcs-reservation.com/hotel-base-camp-lodge-chambre-double-versant-sud?package=2006
Les Arcs Réservation (official),lesarcsresa-hotel-base-camp-lodge-suite-iseran-4-personnes,Hôtel Base Camp Lodge - Suite Iseran 4 personnes,,Bourg-St-Maurice,no,https://www.lesarcs-reservation.com/hotel-base-camp-lodge-suite-iseran-4-personnes?package=2006
Les Arcs Réservation (official),lesarcsresa-la-petite-maison-chalet-2-pieces-2-personnes,La Petite Maison - Chalet 2 pièces 2 personnes,,Bourg-St-Maurice,no,https://www.lesarcs-reservation.com/la-petite-maison-chalet-2-pieces-2-personnes?package=3382
Les Arcs Réservation (official),lesarcsresa-residence-horizon-appartement-3-pieces-cabine-6-personnes,Résidence Horizon - Appartement 3 pièces cabine 6 personnes,,Bourg-St-Maurice,no,https://www.lesarcs-reservation.com/residence-horizon-appartement-3-pieces-cabine-6-personnes?package=1166
Les Arcs Réservation (official),lesarcsresa-residence-le-grand-coeur-appartement-2-pieces-5-personnes-ndeg-005,Résidence Le Grand Coeur - Appartement 2 pièces 5 personnes n° 005,,Bourg-St-Maurice,no,https://www.lesarcs-reservation.com/residence-le-grand-coeur-appartement-2-pieces-5-personnes-ndeg-005?package=3004
Les Arcs Réservation (official),lesarcsresa-residence-le-grand-coeur-appartement-4-pieces-6-personnes-ndeg-016,Résidence Le Grand Coeur - Appartement 4 pièces 6 personnes n° 016,,Bourg-St-Maurice,no,https://www.lesarcs-reservation.com/residence-le-grand-coeur-appartement-4-pieces-6-personnes-ndeg-016?package=3004
Les Arcs Réservation (official),lesarcsresa-residence-le-rochefort-appartement-2-pieces-cabine-4-personnes-ndeg309,Résidence Le Rochefort - appartement 2 pièces cabine 4 personnes n°309,,Bourg-St-Maurice,no,https://www.lesarcs-reservation.com/residence-le-rochefort-appartement-2-pieces-cabine-4-personnes-ndeg309?package=3605
Les Arcs Réservation (official),lesarcsresa-residence-le-ruitor-studio-4-personnes-ndeg317,Résidence Le Ruitor - Studio 4 personnes n°317,,Bourg-St-Maurice,no,https://www.lesarcs-reservation.com/residence-le-ruitor-studio-4-personnes-ndeg317?package=2946
Les Arcs Réservation (official),lesarcsresa-residence-les-campanules-appartement-3-pieces-4-personnes-ndeg-3c02,Résidence Les Campanules - Appartement 3 pièces 4 personnes n° 3C02,,Bourg-St-Maurice,no,https://www.lesarcs-reservation.com/residence-les-campanules-appartement-3-pieces-4-personnes-ndeg-3c02?package=1375
Les Arcs Réservation (official),lesarcsresa-residence-les-jardins-du-nantet-appartement-2-pieces-4-personnes-ndeg-13,Résidence Les Jardins du Nantet - Appartement 2 pièces 4 personnes n° 13,,Bourg-St-Maurice,no,https://www.lesarcs-reservation.com/residence-les-jardins-du-nantet-appartement-2-pieces-4-personnes-ndeg-13?package=1164
Les Arcs Réservation (official),lesarcsresa-residence-les-jardins-du-nantet-studio-4-personnes-ndeg-6,Résidence Les Jardins du Nantet - Studio 4 personnes n° 6,,Bourg-St-Maurice,no,https://www.lesarcs-reservation.com/residence-les-jardins-du-nantet-studio-4-personnes-ndeg-6?package=1164
Ski Line,vip-annapurna-suite,Annapurna Suite,VIP,La Plagne,no,https://www.skiline.co.uk/ski-holidays/france/la-plagne/annapurna-suite
Ski Line,inghams-apartments-des-balcons,Apartments des Balcons,Inghams,La Plagne,no,https://www.skiline.co.uk/ski-holidays/france/la-plagne/apartments-des-balcons
Ski Line,crystal-araucaria-hotel-spa,Araucaria Hotel & Spa,Crystal,La Plagne,no,https://www.skiline.co.uk/ski-holidays/france/la-plagne/araucaria-hotel-spa-2
Ski Line,crystal-belle-plagne-2100-leden-des-cimes,Belle Plagne 2100 L’Eden des Cimes,Crystal,La Plagne,no,https://www.skiline.co.uk/ski-holidays/france/la-plagne/belle-plagne-2100-leden-des-cimes
Ski Line,vip-bellecote-suite,Bellecote Suite,VIP,La Plagne,no,https://www.skiline.co.uk/ski-holidays/france/la-plagne/bellecote-suite
Ski Line,crystal-cgh-residence-white-pearl-lodge-spa,CGH Residence White Pearl Lodge & Spa,Crystal,La Plagne,no,https://www.skiline.co.uk/ski-holidays/france/la-plagne/cgh-residence-white-pearl-lodge-spa
Ski Line,inghams-cgh-white-pearl-lodge-spa,CGH White Pearl Lodge & Spa,Inghams,La Plagne,no,https://www.skiline.co.uk/ski-holidays/france/la-plagne/residence-white-pearl
Ski Line,inghams-carlina-hotel,Carlina Hotel,Inghams,La Plagne,no,https://www.skiline.co.uk/ski-holidays/france/la-plagne/carlina-hotel
Ski Line,will-i-ski-chalet-ammonite,Chalet Ammonite,Will I Ski,La Plagne,no,https://www.skiline.co.uk/ski-holidays/france/la-plagne/chalet-ammonite
Ski Line,chalet-beyond-chalet-anna,Chalet Anna,Chalet Beyond,La Plagne,no,https://www.skiline.co.uk/ski-holidays/france/la-plagne/chalet-anna
Ski Line,ski-world-chalet-benoite,Chalet Benoite,Ski World,La Plagne,no,https://www.skiline.co.uk/ski-holidays/france/la-plagne/chalet-benoite
Ski Line,will-i-ski-chalet-boudu,Chalet Boudu,Will I Ski,La Plagne,no,https://www.skiline.co.uk/ski-holidays/france/la-plagne/chalet-boudu-3
Ski Line,ski-world-chalet-campanula,Chalet Campanula,Ski World,La Plagne,no,https://www.skiline.co.uk/ski-holidays/france/la-plagne/chalet-campanula
Ski Line,the-alpine-generation-chalet-chanterelles,Chalet Chanterelles,The Alpine Generation,La Plagne,no,https://www.skiline.co.uk/ski-holidays/france/la-plagne/chalet-chanterelles
Ski Line,will-i-ski-chalet-choucas,Chalet Choucas,Will I Ski,La Plagne,yes,https://www.skiline.co.uk/ski-holidays/france/la-plagne/chalet-choucas-2
Ski Line,ski-world-chalet-crocus-blanc,Chalet Crocus Blanc,Ski World,La Plagne,no,https://www.skiline.co.uk/ski-holidays/france/la-plagne/chalet-crocus-blanc
Ski Line,ski-famille-chalet-delphine-family,Chalet Delphine (Family),Ski Famille,La Plagne,no,https://www.skiline.co.uk/ski-holidays/france/la-plagne/chalet-delphine-family
Ski Line,ski-beat-chalet-florence,Chalet Florence,Ski Beat,La Plagne,no,https://www.skiline.co.uk/ski-holidays/france/la-plagne/chalet-florence
Ski Line,ski-vertigo-chalet-grand-chardon,Chalet Grand Chardon,Ski Vertigo,La Plagne,no,https://www.skiline.co.uk/ski-holidays/france/la-plagne/chalet-grand-chardon-2
Ski Line,ski-world-chalet-hellebore,Chalet Hellebore,Ski World,La Plagne,no,https://www.skiline.co.uk/ski-holidays/france/la-plagne/chalet-hellebore
Ski Line,ski-world-chalet-hepatica,Chalet Hepatica,Ski World,La Plagne,no,https://www.skiline.co.uk/ski-holidays/france/la-plagne/chalet-hepatica
Ski Line,ski-world-chalet-iris-bleu,Chalet Iris Bleu,Ski World,La Plagne,no,https://www.skiline.co.uk/ski-holidays/france/la-plagne/chalet-iris-bleu
Ski Line,ski-world-chalet-klosters,Chalet Klosters,Ski World,La Plagne,no,https://www.skiline.co.uk/ski-holidays/france/la-plagne/chalet-klosters
Ski Line,sno-chalet-la-vieille-maison,Chalet La Vieille Maison,Wens Chalets,La Plagne,no,https://www.sno.co.uk/ski-holidays/chalet-la-vieille-maison_21039/
Sno,sno-chalet-la-vieille-maison,Chalet La Vieille Maison,Wens Chalets,La Plagne,no,https://www.sno.co.uk/ski-holidays/chalet-la-vieille-maison_21039/
Ski Line,ski-world-chalet-little-riva,Chalet Little Riva,Ski World,La Plagne,no,https://www.skiline.co.uk/ski-holidays/france/la-plagne/chalet-little-riva
Ski Line,ski-beat-chalet-lupin,Chalet Lupin,Ski Beat,La Plagne,no,https://www.skiline.co.uk/ski-holidays/france/la-plagne/chalet-lupin
Ski Line,ski-world-chalet-neige-et-soleil,Chalet Neige Et Soleil,Ski World,La Plagne,no,https://www.skiline.co.uk/ski-holidays/france/la-plagne/chalet-neige-et-soleil
Ski Line,sno-chalet-nicole,Chalet Nicole,Ski Famille,La Plagne,no,https://www.sno.co.uk/ski-holidays/chalet-nicole_15567/
Sno,sno-chalet-nicole,Chalet Nicole,Ski Famille,La Plagne,no,https://www.sno.co.uk/ski-holidays/chalet-nicole_15567/
Ski Line,ski-world-chalet-patrique,Chalet Patrique,Ski World,La Plagne,no,https://www.skiline.co.uk/ski-holidays/france/la-plagne/chalet-patrique
Ski Line,chalet-beyond-chalet-penaroya,Chalet Penaroya,Chalet Beyond,La Plagne,no,https://www.skiline.co.uk/ski-holidays/france/la-plagne/chalet-penaroya
Ski Line,ski-vertigo-chalet-petit-chardon,Chalet Petit Chardon,Ski Vertigo,La Plagne,no,https://www.skiline.co.uk/ski-holidays/france/la-plagne/chalet-petit-chardon
Ski Line,will-i-ski-chalet-plume,Chalet Plume,Will I Ski,La Plagne,no,https://www.skiline.co.uk/ski-holidays/france/la-plagne/chalet-plume
Ski Line,will-i-ski-chalet-plume-2,Chalet Plume 2,Will I Ski,La Plagne,no,https://www.skiline.co.uk/ski-holidays/france/la-plagne/chalet-plume-2
Ski Line,ski-world-chalet-riva,Chalet Riva,Ski World,La Plagne,no,https://www.skiline.co.uk/ski-holidays/france/la-plagne/chalet-riva
Ski Line,ski-world-chalet-silene,Chalet Silene,Ski World,La Plagne,no,https://www.skiline.co.uk/ski-holidays/france/la-plagne/chalet-silene
Ski Line,ski-beat-chalet-sorbier,Chalet Sorbier,Ski Beat,La Plagne,no,https://www.skiline.co.uk/ski-holidays/france/la-plagne/chalet-sorbier
Ski Line,ski-beat-chalet-sorbier-2,Chalet Sorbier 2,Ski Beat,La Plagne,no,https://www.skiline.co.uk/ski-holidays/france/la-plagne/chalet-sorbier-2-2
Ski Line,ski-world-chalet-st-moritz,Chalet St Moritz,Ski World,La Plagne,no,https://www.skiline.co.uk/ski-holidays/france/la-plagne/chalet-st-moritz
Ski Line,will-i-ski-chalet-zibeline,Chalet Zibeline,Will I Ski,La Plagne,yes,https://www.skiline.co.uk/ski-holidays/france/la-plagne/chalet-zibeline
Ski Line,the-alpine-generation-chalet-apartment-bonlieu,Chalet-Apartment Bonlieu,The Alpine Generation,La Plagne,yes,https://www.skiline.co.uk/ski-holidays/france/la-plagne/chalet-bonlieu
Ski Line,the-alpine-generation-chalet-apartment-cretier,Chalet-Apartment Cretier,The Alpine Generation,La Plagne,yes,https://www.skiline.co.uk/ski-holidays/france/la-plagne/chalet-cretier
Ski Line,the-alpine-generation-chalet-apartment-deneriaz,Chalet-Apartment Deneriaz,The Alpine Generation,La Plagne,yes,https://www.skiline.co.uk/ski-holidays/france/la-plagne/chalet-deneriaz
Ski Line,the-alpine-generation-chalet-apartment-montillet,Chalet-Apartment Montillet,The Alpine Generation,La Plagne,yes,https://www.skiline.co.uk/ski-holidays/france/la-plagne/chalet-montillet
Ski Line,the-alpine-generation-chalet-apartment-piccard,Chalet-Apartment Piccard,The Alpine Generation,La Plagne,yes,https://www.skiline.co.uk/ski-holidays/france/la-plagne/chalet-piccard
Ski Line,the-alpine-generation-chalet-apartment-vidal,Chalet-Apartment Vidal,The Alpine Generation,La Plagne,no,https://www.skiline.co.uk/ski-holidays/france/la-plagne/chalet-vidal
Ski Line,club-med-club-med-la-plagne-2100,Club Med La Plagne 2100,Club Med,La Plagne,no,https://www.skiline.co.uk/ski-holidays/france/la-plagne/club-med-la-plagne-2100
Ski Line,vip-combin-suite,Combin Suite,VIP,La Plagne,no,https://www.skiline.co.uk/ski-holidays/france/la-plagne/combin-suite
Ski Line,crystal-constellations-apartments,Constellations Apartments,Crystal,La Plagne,no,https://www.skiline.co.uk/ski-holidays/france/la-plagne/constellations-apartments
Ski Line,vip-eiger-suite,Eiger Suite,VIP,La Plagne,no,https://www.skiline.co.uk/ski-holidays/france/la-plagne/eiger-suite
Ski Line,inghams-front-de-neige,Front de Neige,Inghams,La Plagne,no,https://www.skiline.co.uk/ski-holidays/france/la-plagne/front-de-neige
Ski Line,odalys-front-de-neige-residence,Front de Neige Residence,Odalys,La Plagne,no,https://www.skiline.co.uk/ski-holidays/france/la-plagne/front-de-neige-residence
Ski Line,crystal-hauts-bois-apartments,Hauts Bois Apartments,Crystal,La Plagne,no,https://www.skiline.co.uk/ski-holidays/france/la-plagne/hauts-bois-apartments
Ski Line,inghams-hotel-araucaria,Hotel Araucaria,Inghams,La Plagne,no,https://www.skiline.co.uk/ski-holidays/france/la-plagne/hotel-araucaria
Ski Line,mmv-hotels-hotel-club-aime-2000,Hotel Club Aime 2000,MMV Hotels,La Plagne,no,https://www.skiline.co.uk/ski-holidays/france/la-plagne/hotel-aime-2000
Ski Line,mmv-hotels-hotel-club-les-deux-domaines,Hotel Club Les Deux Domaines,MMV Hotels,La Plagne,no,https://www.skiline.co.uk/ski-holidays/france/la-plagne/hotel-club-mmv-les-deux-domaines
Ski Line,inghams-hotel-le-terra-nova,Hotel Le Terra Nova,Inghams,La Plagne,no,https://www.skiline.co.uk/ski-holidays/france/la-plagne/hotel-le-terra-nova
Ski Line,inghams-hotel-popalp,Hotel PopAlp,Inghams,La Plagne,no,https://www.skiline.co.uk/ski-holidays/france/la-plagne/hotel-popalp
Ski Line,crystal-hotel-terra-nova,Hotel Terra Nova,Crystal,La Plagne,no,https://www.skiline.co.uk/ski-holidays/france/la-plagne/hotel-terra-nova
Ski Line,inghams-hotel-des-deux-domaines,Hotel des Deux Domaines,Inghams,La Plagne,no,https://www.skiline.co.uk/ski-holidays/france/la-plagne/hotel-des-deux-domaines-2
Ski Line,crystal-hotel-des-deux-domaines-belle-plagne,"Hotel des Deux Domaines, Belle Plagne",Crystal,La Plagne,no,https://www.skiline.co.uk/ski-holidays/france/la-plagne/hotel-des-deux-domaines
Ski Line,vip-jungfrau-suite,Jungfrau Suite,VIP,La Plagne,no,https://www.skiline.co.uk/ski-holidays/france/la-plagne/jungfrau-suite
Ski Line,crystal-le-mont-soleil-apartments,Le Mont Soleil Apartments,Crystal,La Plagne,no,https://www.skiline.co.uk/ski-holidays/france/la-plagne/le-mont-soleil-apartments
Ski Line,inghams-les-constellations-apartments,Les Constellations Apartments,Inghams,La Plagne,no,https://www.skiline.co.uk/ski-holidays/france/la-plagne/les-constellations-apartments
Ski Line,inghams-les-granges-du-soleil-apartments,Les Granges du Soleil Apartments,Inghams,La Plagne,no,https://www.skiline.co.uk/ski-holidays/france/la-plagne/les-granges-du-soleil-apartments
Ski Line,crystal-les-granges-du-soleil-apartments,Les Granges du Soleil Apartments,Crystal,La Plagne,no,https://www.skiline.co.uk/ski-holidays/france/la-plagne/les-granges-du-soleil-apartments-2
Ski Line,vip-lhotse-suite,Lhotse Suite,VIP,La Plagne,no,https://www.skiline.co.uk/ski-holidays/france/la-plagne/lhotse-suite
Ski Line,crystal-mmv-hotel-plagne-2000,MMV Hotel Plagne 2000,Crystal,La Plagne,no,https://www.skiline.co.uk/ski-holidays/france/la-plagne/hotel-plagne-2000
Ski Line,vip-makalu-suite,Makalu Suite,VIP,La Plagne,no,https://www.skiline.co.uk/ski-holidays/france/la-plagne/makalu-suite
Ski Line,vip-matterhorn-suite,Matterhorn Suite,VIP,La Plagne,no,https://www.skiline.co.uk/ski-holidays/france/la-plagne/matterhorn-suite
Ski Line,vip-mio-suite,Mio Suite,VIP,La Plagne,no,https://www.skiline.co.uk/ski-holidays/france/la-plagne/mio-suite
Ski Line,vip-mont-blanc-suite,Mont Blanc Suite,VIP,La Plagne,no,https://www.skiline.co.uk/ski-holidays/france/la-plagne/mont-blanc-suite
Ski Line,vip-monte-rosa-suite,Monte Rosa Suite,VIP,La Plagne,no,https://www.skiline.co.uk/ski-holidays/france/la-plagne/monte-rosa-suite
Ski Line,crystal-nereides-apartments,Nereides Apartments,Crystal,La Plagne,no,https://www.skiline.co.uk/ski-holidays/france/la-plagne/nereides-apartments
Ski Line,crystal-odalys-prestige-residence-front-de-neige,Odalys Prestige Residence Front de Neige,Crystal,La Plagne,no,https://www.skiline.co.uk/ski-holidays/france/la-plagne/odalys-prestige-residence-front-de-neige
Ski Line,vip-paradiso-suite,Paradiso Suite,VIP,La Plagne,no,https://www.skiline.co.uk/ski-holidays/france/la-plagne/paradiso-suite
Ski Line,crystal-popalp-hotel,PopAlp Hotel,Crystal,La Plagne,no,https://www.skiline.co.uk/ski-holidays/france/la-plagne/popalp-hotel
Ski Line,odalys-residence-le-pelvoux,Residence Le Pelvoux,Odalys,La Plagne,no,https://www.skiline.co.uk/ski-holidays/france/la-plagne/residence-le-pelvoux
Ski Line,crystal-residence-le-quartz,Residence Le Quartz,Crystal,La Plagne,no,https://www.skiline.co.uk/ski-holidays/france/la-plagne/residence-le-quartz-3
Ski Line,crystal-residence-le-snoroc,Residence Le Snoroc,Crystal,La Plagne,no,https://www.skiline.co.uk/ski-holidays/france/la-plagne/residence-le-snoroc
Ski Line,crystal-residence-les-chalets-edelweiss,Residence Les Chalets Edelweiss,Crystal,La Plagne,no,https://www.skiline.co.uk/ski-holidays/france/la-plagne/residence-les-chalets-edelweiss
Ski Line,inghams-residence-manaka,Residence Manaka,Inghams,La Plagne,no,https://www.skiline.co.uk/ski-holidays/france/la-plagne/residence-manaka
Ski Line,crystal-residence-manaka,Residence Manaka,Crystal,La Plagne,no,https://www.skiline.co.uk/ski-holidays/france/la-plagne/residence-manaka-2
Ski Line,crystal-residence-pelvoux,Residence Pelvoux,Crystal,La Plagne,no,https://www.skiline.co.uk/ski-holidays/france/la-plagne/residence-pelvoux
Ski Line,vip-rochette-suite,Rochette Suite,VIP,La Plagne,no,https://www.skiline.co.uk/ski-holidays/france/la-plagne/rochette-suite
Ski Line,crystal-sowell-family-la-lauziere,SOWELL Family La Lauziere,Crystal,La Plagne,no,https://www.skiline.co.uk/ski-holidays/france/la-plagne/sowell-family-la-lauziere
Ski Line,vip-sagarmatha-penthouse,Sagarmatha Penthouse,VIP,La Plagne,no,https://www.skiline.co.uk/ski-holidays/france/la-plagne/sagarmatha-penthouse
Ski Line,vip-verdons-suite,Verdons Suite,VIP,La Plagne,no,https://www.skiline.co.uk/ski-holidays/france/la-plagne/verdons-suite
Ski Line,vip-k2-suite,k2 Suite,VIP,La Plagne,no,https://www.skiline.co.uk/ski-holidays/france/la-plagne/k2-suite
ChaletFinder,icebreaker-lisiere-du-bois,Chalet Lisière du Bois,Icebreaker Chalets,La Roche,no,https://icebreakerchalets.com/chalet-lisiere-du-bois
Icebreaker Chalets,icebreaker-lisiere-du-bois,Chalet Lisière du Bois,Icebreaker Chalets,La Roche,no,https://icebreakerchalets.com/chalet-lisiere-du-bois
Ski Line,inghams-alpages-de-chantel-apartments,Alpages de Chantel Apartments,Inghams,Les Arcs,no,https://www.skiline.co.uk/ski-holidays/france/les-arcs/alpages-de-chantel-apartments
Ski Line,travel-ski-apartment-belles-challes,Apartment Belles Challes,Travel Ski,Les Arcs,no,https://www.skiline.co.uk/ski-holidays/france/les-arcs/apartment-belles-challes
Ski Line,travel-ski-apartments-aiguille-grive-1,Apartments Aiguille Grive 1,Travel Ski,Les Arcs,no,https://www.skiline.co.uk/ski-holidays/france/les-arcs/apartments-aiguille-grive-1
Ski Line,travel-ski-apartments-aiguille-grive-2,Apartments Aiguille Grive 2,Travel Ski,Les Arcs,no,https://www.skiline.co.uk/ski-holidays/france/les-arcs/apartments-aiguille-grive-2
Ski Line,travel-ski-apartments-aiguille-grive-3,Apartments Aiguille Grive 3,Travel Ski,Les Arcs,no,https://www.skiline.co.uk/ski-holidays/france/les-arcs/apartments-aiguille-grive-3
Ski Line,travel-ski-apartments-arandelieres,Apartments Arandelieres,Travel Ski,Les Arcs,no,https://www.skiline.co.uk/ski-holidays/france/les-arcs/apartements-arandelieres
Ski Line,travel-ski-apartments-archeboc,Apartments Archeboc,Travel Ski,Les Arcs,no,https://www.skiline.co.uk/ski-holidays/france/les-arcs/apartments-archeboc
Ski Line,travel-ski-apartments-armoise,Apartments Armoise,Travel Ski,Les Arcs,no,https://www.skiline.co.uk/ski-holidays/france/les-arcs/apartements-armoise
Ski Line,travel-ski-apartments-lauzieres,Apartments Lauzieres,Travel Ski,Les Arcs,no,https://www.skiline.co.uk/ski-holidays/france/les-arcs/apartements-lauzieres
Ski Line,travel-ski-apartments-miravidi,Apartments Miravidi,Travel Ski,Les Arcs,no,https://www.skiline.co.uk/ski-holidays/france/les-arcs/apartements-miravidi
Ski Line,travel-ski-apartments-pierra-menta,Apartments Pierra Menta,Travel Ski,Les Arcs,no,https://www.skiline.co.uk/ski-holidays/france/les-arcs/apartments-pierra-menta
Ski Line,travel-ski-apartments-presles,Apartments Presles,Travel Ski,Les Arcs,no,https://www.skiline.co.uk/ski-holidays/france/les-arcs/apartments-presles
Ski Line,travel-ski-apartments-ruitor-arc-1800,Apartments Ruitor Arc 1800,Travel Ski,Les Arcs,no,https://www.skiline.co.uk/ski-holidays/france/les-arcs/apartments-ruitor-arc-1800
Ski Line,inghams-arc-1950-le-village-apartments,Arc 1950 Le Village Apartments,Inghams,Les Arcs,no,https://www.skiline.co.uk/ski-holidays/france/les-arcs/le-village-apartments
Ski Line,vip-bear-lodge,Bear Lodge,VIP,Les Arcs,no,https://www.skiline.co.uk/ski-holidays/france/les-arcs/bear-lodge
Ski Line,vip-club-21forty,CLUB 21Forty,VIP,Les Arcs,no,https://www.skiline.co.uk/ski-holidays/france/les-arcs/club-21forty
Ski Line,ski-france-chalet-aiguille-rouge,Chalet Aiguille Rouge,Ski France,Les Arcs,no,https://www.skiline.co.uk/ski-holidays/france/les-arcs/chalet-aiguille-rouge-peisey-nancroix
Ski Line,ski-beat-chalet-alouette,Chalet Alouette,Ski Beat,Les Arcs,no,https://www.skiline.co.uk/ski-holidays/france/les-arcs/chalet-alouette
Ski Line,ski-beat-chalet-alpaca,Chalet Alpaca,Ski Beat,Les Arcs,no,https://www.skiline.co.uk/ski-holidays/france/les-arcs/chalet-alpaca
Ski Line,inghams-chalet-altitude-apartments,Chalet Altitude Apartments,Inghams,Les Arcs,no,https://www.skiline.co.uk/ski-holidays/france/les-arcs/chalet-altitude-apartments-3
Ski Line,ski-world-chalet-anne,Chalet Anne,Ski World,Les Arcs,no,https://www.skiline.co.uk/ski-holidays/france/les-arcs/chalet-anne
Ski Line,ski-world-chalet-arnaud,Chalet Arnaud,Ski World,Les Arcs,no,https://www.skiline.co.uk/ski-holidays/france/les-arcs/chalet-arnaud
Ski Line,ski-beat-chalet-bayona,Chalet Bayona,Ski Beat,Les Arcs,no,https://www.skiline.co.uk/ski-holidays/france/les-arcs/chalet-bayona
Ski Line,ski-beat-chalet-blanchot,Chalet Blanchot,Ski Beat,Les Arcs,no,https://www.skiline.co.uk/ski-holidays/france/les-arcs/chalet-blanchot
Ski Line,ski-beat-chalet-coulicou,Chalet Coulicou,Ski Beat,Les Arcs,no,https://www.skiline.co.uk/ski-holidays/france/les-arcs/chalet-coulicou
Ski Line,ski-beat-chalet-dahu,Chalet Dahu,Ski Beat,Les Arcs,no,https://www.skiline.co.uk/ski-holidays/france/les-arcs/chalet-dahu
Ski Line,ski-beat-chalet-fleur-de-neige,Chalet Fleur de Neige,Ski Beat,Les Arcs,no,https://www.skiline.co.uk/ski-holidays/france/les-arcs/chalet-fleur-de-neige
Ski Line,ski-beat-chalet-gentiane,Chalet Gentiane,Ski Beat,Les Arcs,no,https://www.skiline.co.uk/ski-holidays/france/les-arcs/chalet-gentiane
Ski Line,ski-france-chalet-grand-renard,Chalet Grand Renard,Ski France,Les Arcs,no,https://www.skiline.co.uk/ski-holidays/france/les-arcs/chalet-grand-renard-peisey-nancroix
Ski Line,ski-beat-chalet-herrison,Chalet Herrison,Ski Beat,Les Arcs,no,https://www.skiline.co.uk/ski-holidays/france/les-arcs/chalet-herrison
Ski Line,ski-beat-chalet-hibou-des-neiges,Chalet Hibou des Neiges,Ski Beat,Les Arcs,no,https://www.skiline.co.uk/ski-holidays/france/les-arcs/chalet-hibou-de-neiges
Ski Line,your-mountain-life-chalet-le-grand-chazalet,Chalet Le Grand Chazalet,Your Mountain Life,Les Arcs,no,https://www.skiline.co.uk/ski-holidays/france/les-arcs/chalet-le-grand-chazalet
Ski Line,your-mountain-life-chalet-michka,Chalet Michka,Your Mountain Life,Les Arcs,no,https://www.skiline.co.uk/ski-holidays/france/les-arcs/chalet-michka
Ski Line,ski-france-chalet-montchavin,Chalet Montchavin,Ski France,Les Arcs,no,https://www.skiline.co.uk/ski-holidays/france/les-arcs/chalet-montchavin-peisey-nancroix
Ski Line,ski-world-chalet-nadyia,Chalet Nadyia,Ski World,Les Arcs,no,https://www.skiline.co.uk/ski-holidays/france/les-arcs/chalet-nadyia
Ski Line,ski-france-chalet-nancroix,Chalet Nancroix,Ski France,Les Arcs,no,https://www.skiline.co.uk/ski-holidays/france/les-arcs/chalet-nancroix-peisey-nancroix
Ski Line,ski-world-chalet-oksana,Chalet Oksana,Ski World,Les Arcs,no,https://www.skiline.co.uk/ski-holidays/france/les-arcs/chalet-oksana
Ski Line,ski-beat-chalet-petit-mont-blanc,Chalet Petit Mont Blanc,Ski Beat,Les Arcs,no,https://www.skiline.co.uk/ski-holidays/france/les-arcs/chalet-petit-mont-blanc
Ski Line,ski-france-chalet-ponturin,Chalet Ponturin,Ski France,Les Arcs,no,https://www.skiline.co.uk/ski-holidays/france/les-arcs/chalet-ponturin-peisey-nancroix
Ski Line,ski-world-chalet-solomia,Chalet Solomia,Ski World,Les Arcs,no,https://www.skiline.co.uk/ski-holidays/france/les-arcs/chalet-solomia
Ski Line,ski-beat-chalet-tetras-lyre,Chalet Tetras Lyre,Ski Beat,Les Arcs,no,https://www.skiline.co.uk/ski-holidays/france/les-arcs/chalet-tetras-lyre
Ski Line,ski-france-chalet-vanoise,Chalet Vanoise,Ski France,Les Arcs,no,https://www.skiline.co.uk/ski-holidays/france/les-arcs/chalet-vanoise-peisey-nancroix
Ski Line,crystal-cime-des-arcs-apartments,Cime des Arcs Apartments,Crystal,Les Arcs,no,https://www.skiline.co.uk/ski-holidays/france/les-arcs/la-cime-des-arcs-apartments
Ski Line,inghams-club-mmv-les-melezes,Club MMV Les Melezes,Inghams,Les Arcs,no,https://www.skiline.co.uk/ski-holidays/france/les-arcs/club-mmv-les-melezes
Ski Line,club-med-club-med-les-arcs-panorama,Club Med Les Arcs Panorama,Club Med,Les Arcs,no,https://www.skiline.co.uk/ski-holidays/france/les-arcs/club-med-les-arcs-panorama
Ski Line,club-med-club-med-peisey-vallandry,Club Med Peisey-Vallandry,Club Med,Les Arcs,no,https://www.skiline.co.uk/ski-holidays/france/les-arcs/club-med-peisey-vallandry
Ski Line,inghams-edenarc-apartments,Edenarc Apartments,Inghams,Les Arcs,no,https://www.skiline.co.uk/ski-holidays/france/les-arcs/edenarc-apartments
Ski Line,inghams-hotel-aiguille-rouge,Hotel Aiguille Rouge,Inghams,Les Arcs,yes,https://www.skiline.co.uk/ski-holidays/france/les-arcs/hotel-aiguille-rouge
Ski Line,crystal-hotel-altitude,Hotel Altitude,Crystal,Les Arcs,yes,https://www.skiline.co.uk/ski-holidays/france/les-arcs/hotel-altitude
Ski Line,mmv-hotels-hotel-club-arc-2000-altitude,Hotel Club Arc 2000 Altitude,MMV Hotels,Les Arcs,no,https://www.skiline.co.uk/ski-holidays/france/les-arcs/hotel-club-mmv-arc-2000-altitude
Ski Line,crystal-hotel-club-les-melezes,Hotel Club Les Melezes,Crystal,Les Arcs,no,https://www.skiline.co.uk/ski-holidays/france/les-arcs/hotel-club-les-melezes
Ski Line,mmv-hotels-hotel-club-les-melezes,Hotel Club Les Melezes,MMV Hotels,Les Arcs,no,https://www.skiline.co.uk/ski-holidays/france/les-arcs/hotel-club-mmv-les-melezes
Ski Line,travel-ski-hotel-club-mmv-arc-2000-altitude-4,Hotel Club MMV Arc 2000 Altitude 4*,Travel Ski,Les Arcs,yes,https://www.skiline.co.uk/ski-holidays/france/les-arcs/hotel-club-mmv-arc-2000-altitude-4
Ski Line,travel-ski-hotel-club-mmv-les-melezes-4,Hotel Club MMV Les Melezes 4*,Travel Ski,Les Arcs,yes,https://www.skiline.co.uk/ski-holidays/france/les-arcs/hotel-club-mmv-les-melezes-4
Ski Line,inghams-hotel-eden,Hotel Eden,Inghams,Les Arcs,no,https://www.skiline.co.uk/ski-holidays/france/les-arcs/hotel-eden-3
Ski Line,inghams-hotel-la-cachette,Hotel La Cachette,Inghams,Les Arcs,no,https://www.skiline.co.uk/ski-holidays/france/les-arcs/hotel-la-cachette-2
Ski Line,crystal-hotel-la-cachette,Hotel La Cachette,Crystal,Les Arcs,no,https://www.skiline.co.uk/ski-holidays/france/les-arcs/hotel-la-cachette
Ski Line,travel-ski-hotel-la-cachette-4,Hotel La Cachette 4*,Travel Ski,Les Arcs,yes,https://www.skiline.co.uk/ski-holidays/france/les-arcs/hotel-la-cachette-4
Ski Line,travel-ski-hotel-taj-i-mah,Hotel Taj-I Mah,Travel Ski,Les Arcs,yes,https://www.skiline.co.uk/ski-holidays/france/les-arcs/hotel-taj-i-mah-5
Ski Line,inghams-hotel-taj-i-mah,Hotel Taj-i Mah,Inghams,Les Arcs,no,https://www.skiline.co.uk/ski-holidays/france/les-arcs/hotel-taj-i-mah
Ski Line,crystal-hotel-du-golf,Hotel du Golf,Crystal,Les Arcs,no,https://www.skiline.co.uk/ski-holidays/france/les-arcs/hotel-du-golf
Ski Line,inghams-hotel-du-golf-les-arcs-1800,Hotel du Golf (Les Arcs 1800),Inghams,Les Arcs,no,https://www.skiline.co.uk/ski-holidays/france/les-arcs/hotel-du-golf-les-arcs-1800
Ski Line,inghams-la-cime-des-arcs,La Cime des Arcs,Inghams,Les Arcs,no,https://www.skiline.co.uk/ski-holidays/france/les-arcs/la-cime-des-arcs-2
Ski Line,crystal-la-source-des-arcs,La Source des Arcs,Crystal,Les Arcs,no,https://www.skiline.co.uk/ski-holidays/france/les-arcs/la-source-des-arcs-2
Ski Line,crystal-le-belmont-apartments,Le Belmont Apartments,Crystal,Les Arcs,no,https://www.skiline.co.uk/ski-holidays/france/les-arcs/le-belmont-apartments-2
Ski Line,crystal-odalys-prestige-aparthotel-eden,Odalys Prestige Aparthotel Eden,Crystal,Les Arcs,no,https://www.skiline.co.uk/ski-holidays/france/les-arcs/odalys-prestige-aparthotel-eden
Ski Line,crystal-odalys-prestige-residence-edenarc,Odalys Prestige Residence Edenarc,Crystal,Les Arcs,no,https://www.skiline.co.uk/ski-holidays/france/les-arcs/odalys-prestige-residence-edenarc
Ski Line,vip-penthouse-misha,Penthouse Misha,VIP,Les Arcs,no,https://www.skiline.co.uk/ski-holidays/france/les-arcs/penthouse-misha
Ski Line,vip-penthouse-umka,Penthouse Umka,VIP,Les Arcs,no,https://www.skiline.co.uk/ski-holidays/france/les-arcs/penthouse-umka
Ski Line,travel-ski-pierre-vacances-residence-le-belmont,Pierre & Vacances Residence Le Belmont,Travel Ski,Les Arcs,no,https://www.skiline.co.uk/ski-holidays/france/les-arcs/residence-le-belmont-3
Ski Line,crystal-premium-residence-arc-1950-le-village,Premium Residence Arc 1950 Le Village,Crystal,Les Arcs,no,https://www.skiline.co.uk/ski-holidays/france/les-arcs/arc-1950-le-village-apartments
Ski Line,crystal-premium-residence-le-roselend,Premium Residence Le Roselend,Crystal,Les Arcs,no,https://www.skiline.co.uk/ski-holidays/france/les-arcs/premium-residence-le-roselend-2
Ski Line,crystal-premium-residence-les-alpages-de-chantel,Premium Residence Les Alpages de Chantel,Crystal,Les Arcs,no,https://www.skiline.co.uk/ski-holidays/france/les-arcs/premium-residence-les-alpages-de-chantel-2
Ski Line,travel-ski-premium-residence-edenarc-5,Premium – Residence Edenarc 5*,Travel Ski,Les Arcs,no,https://www.skiline.co.uk/ski-holidays/france/les-arcs/residence-prestige-odalys-edenarc
Ski Line,odalys-prestige-residence-edenarc,Prestige Residence Edenarc,Odalys,Les Arcs,no,https://www.skiline.co.uk/ski-holidays/france/les-arcs/prestige-residence-edenarc
Ski Line,travel-ski-residence-chalet-altitude,Residence Chalet Altitude,Travel Ski,Les Arcs,no,https://www.skiline.co.uk/ski-holidays/france/les-arcs/residence-chalet-altitude
Ski Line,travel-ski-residence-chalet-de-lours,Residence Chalet de L’Ours,Travel Ski,Les Arcs,no,https://www.skiline.co.uk/ski-holidays/france/les-arcs/residence-chalet-de-lours
Ski Line,inghams-residence-la-source-des-arcs,Residence La Source des Arcs,Inghams,Les Arcs,no,https://www.skiline.co.uk/ski-holidays/france/les-arcs/hotel-residence-la-source-des-arcs
Ski Line,travel-ski-residence-lagrange-vacances-le-roc-belle-face,Residence Lagrange Vacances Le Roc Belle Face,Travel Ski,Les Arcs,no,https://www.skiline.co.uk/ski-holidays/france/les-arcs/residence-lagrange-vacances-le-roc-belle-face
Ski Line,travel-ski-residence-le-roselend-maeva-home,Residence Le Roselend – Maeva Home,Travel Ski,Les Arcs,no,https://www.skiline.co.uk/ski-holidays/france/les-arcs/residence-le-roselend-maeva-home
Ski Line,travel-ski-residence-les-alpages-de-chantel,Residence Les Alpages de Chantel,Travel Ski,Les Arcs,no,https://www.skiline.co.uk/ski-holidays/france/les-arcs/residence-les-alpages-de-chantel
Ski Line,travel-ski-residence-les-arcs-1950-the-village,Residence Les Arcs 1950 The Village,Travel Ski,Les Arcs,no,https://www.skiline.co.uk/ski-holidays/france/les-arcs/residence-arc-1950-le-village
Ski Line,travel-ski-residence-les-arolles,Residence Les Arolles,Travel Ski,Les Arcs,no,https://www.skiline.co.uk/ski-holidays/france/les-arcs/residence-les-arolles-6
Ski Line,inghams-residence-les-arolles,Residence Les Arolles,Inghams,Les Arcs,no,https://www.skiline.co.uk/ski-holidays/france/les-arcs/residence-les-arolles
Ski Line,travel-ski-residence-larollaie,Residence L’Arollaie,Travel Ski,Les Arcs,no,https://www.skiline.co.uk/ski-holidays/france/les-arcs/residence-larollaie-2
Ski Line,inghams-residence-roseland,Residence Roseland,Inghams,Les Arcs,no,https://www.skiline.co.uk/ski-holidays/france/les-arcs/residence-roseland
Ski Line,travel-ski-residence-varet,Residence Varet,Travel Ski,Les Arcs,no,https://www.skiline.co.uk/ski-holidays/france/les-arcs/residence-varet
Ski Line,vip-suite-baloo,Suite Baloo,VIP,Les Arcs,no,https://www.skiline.co.uk/ski-holidays/france/les-arcs/suite-baloo
Ski Line,vip-suite-choko,Suite Choko,VIP,Les Arcs,no,https://www.skiline.co.uk/ski-holidays/france/les-arcs/suite-choko
Ski Line,vip-suite-grizzly,Suite Grizzly,VIP,Les Arcs,no,https://www.skiline.co.uk/ski-holidays/france/les-arcs/suite-grizzly
Ski Line,vip-suite-koda,Suite Koda,VIP,Les Arcs,no,https://www.skiline.co.uk/ski-holidays/france/les-arcs/suite-koda
Ski Line,vip-suite-luk,Suite Luk,VIP,Les Arcs,no,https://www.skiline.co.uk/ski-holidays/france/les-arcs/suite-luk
Ski Line,vip-suite-mouk,Suite Mouk,VIP,Les Arcs,no,https://www.skiline.co.uk/ski-holidays/france/les-arcs/suite-mouk
Ski Line,vip-suite-natsu,Suite Natsu,VIP,Les Arcs,no,https://www.skiline.co.uk/ski-holidays/france/les-arcs/suite-natsu
Ski Line,vip-suite-oso,Suite Oso,VIP,Les Arcs,no,https://www.skiline.co.uk/ski-holidays/france/les-arcs/suite-oso
Ski Line,vip-suite-yogi,Suite Yogi,VIP,Les Arcs,no,https://www.skiline.co.uk/ski-holidays/france/les-arcs/suite-yogi
Ski Line,vip-suite-zozi,Suite Zozi,VIP,Les Arcs,no,https://www.skiline.co.uk/ski-holidays/france/les-arcs/suite-zozi
allChalets,allchalets-apartment-alouette,Apartment Alouette,,Les Coches,no,https://www.allchalets.com/holiday-rentals/39933-apartment-in-les-coches-france
ChaletFinder,icebreaker-arolles,Apartment Arolles,Icebreaker Apartments (Icebreaker Chalets),Les Coches,no,https://icebreakerapartments.com/arolles-14-person
Chalets Direct,icebreaker-arolles,Apartment Arolles,Icebreaker Apartments (Icebreaker Chalets),Les Coches,no,https://icebreakerapartments.com/arolles-14-person
Icebreaker Apartments,icebreaker-arolles,Apartment Arolles,Icebreaker Apartments (Icebreaker Chalets),Les Coches,no,https://icebreakerapartments.com/arolles-14-person
Icebreaker Chalets,icebreaker-arolles,Apartment Arolles,Icebreaker Apartments (Icebreaker Chalets),Les Coches,no,https://icebreakerapartments.com/arolles-14-person
allChalets,icebreaker-arolles,Apartment Arolles,Icebreaker Apartments (Icebreaker Chalets),Les Coches,no,https://icebreakerapartments.com/arolles-14-person
Chalets Direct,icebreaker-ciel-etoile,Apartment Ciel Étoilé,Icebreaker Apartments (Icebreaker Chalets),Les Coches,no,https://icebreakerapartments.com/ciel-%C3%A9toil%C3%A9-8-person
Icebreaker Apartments,icebreaker-ciel-etoile,Apartment Ciel Étoilé,Icebreaker Apartments (Icebreaker Chalets),Les Coches,no,https://icebreakerapartments.com/ciel-%C3%A9toil%C3%A9-8-person
Icebreaker Chalets,icebreaker-ciel-etoile,Apartment Ciel Étoilé,Icebreaker Apartments (Icebreaker Chalets),Les Coches,no,https://icebreakerapartments.com/ciel-%C3%A9toil%C3%A9-8-person
Chalets Direct,icebreaker-petit-refuge,Apartment Petit Refuge,Icebreaker Apartments (Icebreaker Chalets),Les Coches,no,https://icebreakerapartments.com/petit-refuge-6-person
Icebreaker Apartments,icebreaker-petit-refuge,Apartment Petit Refuge,Icebreaker Apartments (Icebreaker Chalets),Les Coches,no,https://icebreakerapartments.com/petit-refuge-6-person
Icebreaker Chalets,icebreaker-petit-refuge,Apartment Petit Refuge,Icebreaker Apartments (Icebreaker Chalets),Les Coches,no,https://icebreakerapartments.com/petit-refuge-6-person
allChalets,icebreaker-petit-refuge,Apartment Petit Refuge,Icebreaker Apartments (Icebreaker Chalets),Les Coches,no,https://icebreakerapartments.com/petit-refuge-6-person
Chalets Direct,icebreaker-belle-vue,Chalet Apartment Belle Vue,Icebreaker Chalets,Les Coches,no,https://icebreakerchalets.com/chalet-belle-vue
Icebreaker Chalets,icebreaker-belle-vue,Chalet Apartment Belle Vue,Icebreaker Chalets,Les Coches,no,https://icebreakerchalets.com/chalet-belle-vue
allChalets,icebreaker-belle-vue,Chalet Apartment Belle Vue,Icebreaker Chalets,Les Coches,no,https://icebreakerchalets.com/chalet-belle-vue
Chalets Direct,icebreaker-castor,Chalet Castor,Icebreaker Chalets,Les Coches,no,https://icebreakerchalets.com/chalet-castor
Icebreaker Chalets,icebreaker-castor,Chalet Castor,Icebreaker Chalets,Les Coches,no,https://icebreakerchalets.com/chalet-castor
Ski Line,icebreaker-castor,Chalet Castor,Icebreaker Chalets,Les Coches,no,https://icebreakerchalets.com/chalet-castor
allChalets,icebreaker-castor,Chalet Castor,Icebreaker Chalets,Les Coches,no,https://icebreakerchalets.com/chalet-castor
allChalets,alpine365-chalet-chamois,Chalet Chamois,Alpine365 (formerly),Les Coches,yes,https://www.allchalets.com/holiday-rentals/9609-chalet-in-les-coches-france
ChaletFinder,iceandfire-chalet-edelweiss,Chalet Edelweiss,Ice and Fire,Les Coches,no,https://www.ice-fire.co.uk/catered-ski-holiday-chalets-france/chalet-edelweiss-les-coches/
Chalets Direct,iceandfire-chalet-edelweiss,Chalet Edelweiss,Ice and Fire,Les Coches,no,https://www.ice-fire.co.uk/catered-ski-holiday-chalets-france/chalet-edelweiss-les-coches/
Ice and Fire,iceandfire-chalet-edelweiss,Chalet Edelweiss,Ice and Fire,Les Coches,no,https://www.ice-fire.co.uk/catered-ski-holiday-chalets-france/chalet-edelweiss-les-coches/
allChalets,iceandfire-chalet-edelweiss,Chalet Edelweiss,Ice and Fire,Les Coches,no,https://www.ice-fire.co.uk/catered-ski-holiday-chalets-france/chalet-edelweiss-les-coches/
ChaletFinder,iceandfire-chalet-flocon,Chalet Flocon,Ice and Fire,Les Coches,no,https://www.ice-fire.co.uk/catered-ski-holiday-chalets-france/chalet-flocon-les-coches/
Chalets Direct,iceandfire-chalet-flocon,Chalet Flocon,Ice and Fire,Les Coches,no,https://www.ice-fire.co.uk/catered-ski-holiday-chalets-france/chalet-flocon-les-coches/
Ice and Fire,iceandfire-chalet-flocon,Chalet Flocon,Ice and Fire,Les Coches,no,https://www.ice-fire.co.uk/catered-ski-holiday-chalets-france/chalet-flocon-les-coches/
allChalets,iceandfire-chalet-flocon,Chalet Flocon,Ice and Fire,Les Coches,no,https://www.ice-fire.co.uk/catered-ski-holiday-chalets-france/chalet-flocon-les-coches/
SkiAffinity,skiaffinity-chalet-jessica,Chalet Jessica,SkiAffinity,Les Coches,no,https://www.skiaffinity.com/chalet-jessica-paradiski
Chalets Direct,icebreaker-la-vieille-grange,Chalet La Vieille Grange,Icebreaker Chalets,Les Coches,no,https://icebreakerchalets.com/chalet-la-vieille-grange
Icebreaker Chalets,icebreaker-la-vieille-grange,Chalet La Vieille Grange,Icebreaker Chalets,Les Coches,no,https://icebreakerchalets.com/chalet-la-vieille-grange
allChalets,icebreaker-la-vieille-grange,Chalet La Vieille Grange,Icebreaker Chalets,Les Coches,no,https://icebreakerchalets.com/chalet-la-vieille-grange
ChaletFinder,icebreaker-jardin-alpin-1,Chalet Le Jardin Alpin 1,Icebreaker Chalets,Les Coches,no,https://icebreakerchalets.com/chalets-jardin-alpin
Chalets Direct,icebreaker-jardin-alpin-1,Chalet Le Jardin Alpin 1,Icebreaker Chalets,Les Coches,no,https://icebreakerchalets.com/chalets-jardin-alpin
Icebreaker Chalets,icebreaker-jardin-alpin-1,Chalet Le Jardin Alpin 1,Icebreaker Chalets,Les Coches,no,https://icebreakerchalets.com/chalets-jardin-alpin
allChalets,icebreaker-jardin-alpin-1,Chalet Le Jardin Alpin 1,Icebreaker Chalets,Les Coches,no,https://icebreakerchalets.com/chalets-jardin-alpin
Chalets Direct,icebreaker-jardin-alpin-2,Chalet Le Jardin Alpin 2,Icebreaker Chalets,Les Coches,no,https://icebreakerchalets.com/chalets-jardin-alpin
Icebreaker Chalets,icebreaker-jardin-alpin-2,Chalet Le Jardin Alpin 2,Icebreaker Chalets,Les Coches,no,https://icebreakerchalets.com/chalets-jardin-alpin
allChalets,icebreaker-jardin-alpin-2,Chalet Le Jardin Alpin 2,Icebreaker Chalets,Les Coches,no,https://icebreakerchalets.com/chalets-jardin-alpin
Chalets Direct,lasource-chalet-mathilde,Chalet Mathilde,Ski La Source,Les Coches,no,https://www.ski-lasource.com/chalet-mathilde
Ski La Source,lasource-chalet-mathilde,Chalet Mathilde,Ski La Source,Les Coches,no,https://www.ski-lasource.com/chalet-mathilde
allChalets,lasource-chalet-mathilde,Chalet Mathilde,Ski La Source,Les Coches,no,https://www.ski-lasource.com/chalet-mathilde
ChaletFinder,icebreaker-mont-rose,Chalet Mont Rose,Icebreaker Chalets,Les Coches,no,https://icebreakerchalets.com/chalet-mont-rose
Chalets Direct,icebreaker-mont-rose,Chalet Mont Rose,Icebreaker Chalets,Les Coches,no,https://icebreakerchalets.com/chalet-mont-rose
Icebreaker Chalets,icebreaker-mont-rose,Chalet Mont Rose,Icebreaker Chalets,Les Coches,no,https://icebreakerchalets.com/chalet-mont-rose
allChalets,icebreaker-mont-rose,Chalet Mont Rose,Icebreaker Chalets,Les Coches,no,https://icebreakerchalets.com/chalet-mont-rose
Chalets Direct,icebreaker-mont-rosset,Chalet Mont Rosset,Icebreaker Chalets,Les Coches,no,https://icebreakerchalets.com/chalet-mont-rosset
Icebreaker Chalets,icebreaker-mont-rosset,Chalet Mont Rosset,Icebreaker Chalets,Les Coches,no,https://icebreakerchalets.com/chalet-mont-rosset
allChalets,icebreaker-mont-rosset,Chalet Mont Rosset,Icebreaker Chalets,Les Coches,no,https://icebreakerchalets.com/chalet-mont-rosset
Alpine365,alpine365-chalet-pisteside,Chalet Pisteside,Alpine365,Les Coches,no,https://alpine365.co.uk/our-chalets/chalet-pisteside/
Chalets Direct,alpine365-chalet-pisteside,Chalet Pisteside,Alpine365,Les Coches,no,https://alpine365.co.uk/our-chalets/chalet-pisteside/
allChalets,alpine365-chalet-pisteside,Chalet Pisteside,Alpine365,Les Coches,no,https://alpine365.co.uk/our-chalets/chalet-pisteside/
ChaletFinder,icebreaker-renard,Chalet Renard,Icebreaker Chalets,Les Coches,no,https://icebreakerchalets.com/chalet-renard
Chalets Direct,icebreaker-renard,Chalet Renard,Icebreaker Chalets,Les Coches,no,https://icebreakerchalets.com/chalet-renard
Icebreaker Chalets,icebreaker-renard,Chalet Renard,Icebreaker Chalets,Les Coches,no,https://icebreakerchalets.com/chalet-renard
allChalets,icebreaker-renard,Chalet Renard,Icebreaker Chalets,Les Coches,no,https://icebreakerchalets.com/chalet-renard
allChalets,allchalets-le-boulier-la-chamois,La Chamois (Le Boulier),,Les Coches,no,https://www.allchalets.com/holiday-rentals/24970-apartment-in-les-coches-france
allChalets,allchalets-le-boulier-les-arpalles,Les Arpalles (Le Boulier),,Les Coches,no,https://www.allchalets.com/holiday-rentals/24975-apartment-in-les-coches-france
allChalets,allchalets-le-boulier-les-askas,Les Askas (Le Boulier),,Les Coches,no,https://www.allchalets.com/holiday-rentals/24973-apartment-in-les-coches-france
allChalets,allchalets-les-coches-v,Les Coches V,,Les Coches,no,https://www.allchalets.com/holiday-rentals/27211-chalet-in-les-coches-france
Alpine365,alpine365-chalet-bluebird,Chalet Bluebird,Alpine365,Montchavin,no,https://alpine365.co.uk/our-chalets/chalet-bluebird/
Chalets Direct,alpine365-chalet-bluebird,Chalet Bluebird,Alpine365,Montchavin,no,https://alpine365.co.uk/our-chalets/chalet-bluebird/
allChalets,alpine365-chalet-bluebird,Chalet Bluebird,Alpine365,Montchavin,no,https://alpine365.co.uk/our-chalets/chalet-bluebird/
ChaletFinder,clubalpine-chalet-caribou,Chalet Caribou,Club Alpine,Montchavin,no,https://club-alpine.com/properties/chalet-caribou/
Chalets Direct,clubalpine-chalet-caribou,Chalet Caribou,Club Alpine,Montchavin,no,https://club-alpine.com/properties/chalet-caribou/
Club Alpine,clubalpine-chalet-caribou,Chalet Caribou,Club Alpine,Montchavin,no,https://club-alpine.com/properties/chalet-caribou/
allChalets,clubalpine-chalet-caribou,Chalet Caribou,Club Alpine,Montchavin,no,https://club-alpine.com/properties/chalet-caribou/
ChaletFinder,clubalpine-chalet-caribou-and-snowflake,Chalet Caribou and Snowflake,Club Alpine,Montchavin,no,https://club-alpine.com/properties/chalet-caribou-and-snowflake/
Chalets Direct,clubalpine-chalet-caribou-and-snowflake,Chalet Caribou and Snowflake,Club Alpine,Montchavin,no,https://club-alpine.com/properties/chalet-caribou-and-snowflake/
Club Alpine,clubalpine-chalet-caribou-and-snowflake,Chalet Caribou and Snowflake,Club Alpine,Montchavin,no,https://club-alpine.com/properties/chalet-caribou-and-snowflake/
allChalets,clubalpine-chalet-caribou-and-snowflake,Chalet Caribou and Snowflake,Club Alpine,Montchavin,no,https://club-alpine.com/properties/chalet-caribou-and-snowflake/
Alpine365,alpine365-chalet-chocolat,Chalet Chocolat,Alpine365,Montchavin,no,https://alpine365.co.uk/our-chalets/chalet-chocolat/
Chalets Direct,alpine365-chalet-chocolat,Chalet Chocolat,Alpine365,Montchavin,no,https://alpine365.co.uk/our-chalets/chalet-chocolat/
allChalets,alpine365-chalet-chocolat,Chalet Chocolat,Alpine365,Montchavin,no,https://alpine365.co.uk/our-chalets/chalet-chocolat/
ChaletFinder,clubalpine-chalet-edelweiss,Chalet Edelweiss (Montchavin),Club Alpine,Montchavin,no,https://club-alpine.com/properties/chalet-edelweiss/
Chalets Direct,clubalpine-chalet-edelweiss,Chalet Edelweiss (Montchavin),Club Alpine,Montchavin,no,https://club-alpine.com/properties/chalet-edelweiss/
Club Alpine,clubalpine-chalet-edelweiss,Chalet Edelweiss (Montchavin),Club Alpine,Montchavin,no,https://club-alpine.com/properties/chalet-edelweiss/
allChalets,clubalpine-chalet-edelweiss,Chalet Edelweiss (Montchavin),Club Alpine,Montchavin,no,https://club-alpine.com/properties/chalet-edelweiss/
Alpine365,alpine365-chalet-grizzli,Chalet Grizzli,Alpine365,Montchavin,no,https://alpine365.co.uk/our-chalets/chalet-grizzli/
Chalets Direct,alpine365-chalet-grizzli,Chalet Grizzli,Alpine365,Montchavin,no,https://alpine365.co.uk/our-chalets/chalet-grizzli/
allChalets,alpine365-chalet-grizzli,Chalet Grizzli,Alpine365,Montchavin,no,https://alpine365.co.uk/our-chalets/chalet-grizzli/
Club Alpine,clubalpine-chalet-hermine,Chalet Hermine,Club Alpine,Montchavin,no,https://club-alpine.com/properties/chalet-hermine/
allChalets,clubalpine-chalet-hermine,Chalet Hermine,Club Alpine,Montchavin,no,https://club-alpine.com/properties/chalet-hermine/
Chalets Direct,clubalpine-chalet-hermine-blanc,Chalet Hermine Blanc,Club Alpine,Montchavin,no,https://club-alpine.com/properties/chalet-hermine-blanc/
Club Alpine,clubalpine-chalet-hermine-blanc,Chalet Hermine Blanc,Club Alpine,Montchavin,no,https://club-alpine.com/properties/chalet-hermine-blanc/
allChalets,clubalpine-chalet-hermine-blanc,Chalet Hermine Blanc,Club Alpine,Montchavin,no,https://club-alpine.com/properties/chalet-hermine-blanc/
Alpine365,alpine365-chalet-husky,Chalet Husky,Alpine365,Montchavin,no,https://alpine365.co.uk/our-chalets/chalet-husky/
Chalets Direct,alpine365-chalet-husky,Chalet Husky,Alpine365,Montchavin,no,https://alpine365.co.uk/our-chalets/chalet-husky/
allChalets,alpine365-chalet-husky,Chalet Husky,Alpine365,Montchavin,no,https://alpine365.co.uk/our-chalets/chalet-husky/
allChalets,allchalets-chalet-jaune,Chalet Jaune,,Montchavin,no,https://www.allchalets.com/holiday-rentals/23649-chalet-in-montchavin-france
Chalets Direct,clubalpine-chalet-lievre-blanc,Chalet Lievre Blanc,Club Alpine,Montchavin,no,https://club-alpine.com/properties/chalet-lievre-blanc/
Club Alpine,clubalpine-chalet-lievre-blanc,Chalet Lievre Blanc,Club Alpine,Montchavin,no,https://club-alpine.com/properties/chalet-lievre-blanc/
allChalets,clubalpine-chalet-lievre-blanc,Chalet Lievre Blanc,Club Alpine,Montchavin,no,https://club-alpine.com/properties/chalet-lievre-blanc/
ChaletFinder,lollilavie-chalet-montorlin,Chalet Montorlin,Lollilavie,Montchavin,no,https://www.chaletfinder.co.uk/property/35365
Chalets Direct,lollilavie-chalet-montorlin,Chalet Montorlin,Lollilavie,Montchavin,no,https://www.chaletfinder.co.uk/property/35365
Club Alpine,clubalpine-chalet-myrtille,Chalet Myrtille,Club Alpine,Montchavin,no,https://club-alpine.com/properties/chalet-myrtille/
allChalets,clubalpine-chalet-myrtille,Chalet Myrtille,Club Alpine,Montchavin,no,https://club-alpine.com/properties/chalet-myrtille/
ChaletFinder,lollilavie-chalet-santel,Chalet Santel,Lollilavie,Montchavin,no,https://www.allchalets.com/holiday-rentals/35871-chalet-in-montchavin-france
Chalets Direct,lollilavie-chalet-santel,Chalet Santel,Lollilavie,Montchavin,no,https://www.allchalets.com/holiday-rentals/35871-chalet-in-montchavin-france
allChalets,lollilavie-chalet-santel,Chalet Santel,Lollilavie,Montchavin,no,https://www.allchalets.com/holiday-rentals/35871-chalet-in-montchavin-france
ChaletFinder,clubalpine-chalet-snowflake,Chalet Snowflake,Club Alpine,Montchavin,no,https://club-alpine.com/properties/chalet-snowflake/
Chalets Direct,clubalpine-chalet-snowflake,Chalet Snowflake,Club Alpine,Montchavin,no,https://club-alpine.com/properties/chalet-snowflake/
Club Alpine,clubalpine-chalet-snowflake,Chalet Snowflake,Club Alpine,Montchavin,no,https://club-alpine.com/properties/chalet-snowflake/
allChalets,clubalpine-chalet-snowflake,Chalet Snowflake,Club Alpine,Montchavin,no,https://club-alpine.com/properties/chalet-snowflake/
allChalets,lollilavie-chalet-tsanteleina,Chalet Tsanteleina,Lollilavie,Montchavin,no,https://www.allchalets.com/holiday-rentals/38879-chalet-in-montchavin-france
ChaletFinder,lasource-chalet-versoye,Chalet Versoye,Ski La Source,Montchavin,no,https://www.ski-lasource.com/chalet-versoye
Chalets Direct,lasource-chalet-versoye,Chalet Versoye,Ski La Source,Montchavin,no,https://www.ski-lasource.com/chalet-versoye
Ski La Source,lasource-chalet-versoye,Chalet Versoye,Ski La Source,Montchavin,no,https://www.ski-lasource.com/chalet-versoye
allChalets,lasource-chalet-versoye,Chalet Versoye,Ski La Source,Montchavin,no,https://www.ski-lasource.com/chalet-versoye
allChalets,allchalets-chalet-de-la-vanoise,Chalet de la Vanoise,,Montchavin,no,https://www.allchalets.com/holiday-rentals/17062-chalet-in-montchavin-france
Chalets Direct,laportette-chalet-la-portette,La Portette,"La Portette (Andy & Liza, owner-run)",Montchavin,no,https://www.allchalets.com/holiday-rentals/2131-chalet-in-montchavin-france
allChalets,laportette-chalet-la-portette,La Portette,"La Portette (Andy & Liza, owner-run)",Montchavin,no,https://www.allchalets.com/holiday-rentals/2131-chalet-in-montchavin-france
Ski Line,sno-chalet-ponturin,Chalet Ponturin,unknown (sold via Sno),Peisey (village),no,https://www.sno.co.uk/ski-holidays/chalet-ponturin_21364/
Sno,sno-chalet-ponturin,Chalet Ponturin,unknown (sold via Sno),Peisey (village),no,https://www.sno.co.uk/ski-holidays/chalet-ponturin_21364/
Sno,sno-chalet-bonlieu,Chalet Bonlieu,unknown (sold via Sno),Plagne 1800,yes,https://www.sno.co.uk/ski-holidays/chalet-bonlieu_18706/
Sno,sno-chalet-chanterelles,Chalet Chanterelles,unknown (sold via Sno),Plagne 1800,no,https://www.sno.co.uk/ski-holidays/chalet-chanterelles_19549/
Sno,sno-chalet-cretier,Chalet Cretier,unknown (sold via Sno),Plagne 1800,yes,https://www.sno.co.uk/ski-holidays/chalet-cretier_18709/
Sno,sno-chalet-delphine,Chalet Delphine,unknown (sold via Sno),Plagne 1800,no,https://www.sno.co.uk/ski-holidays/chalet-delphine_15568/
Sno,sno-chalet-deneriaz,Chalet Deneriaz,unknown (sold via Sno),Plagne 1800,yes,https://www.sno.co.uk/ski-holidays/chalet-deneriaz_18708/
Sno,sno-chalet-grand-chardon,Chalet Grand Chardon,unknown (sold via Sno),Plagne 1800,no,https://www.sno.co.uk/ski-holidays/chalet-grand-chardon_22849/
Sno,sno-chalet-klosters,Chalet Klosters,unknown (sold via Sno),Plagne 1800,no,https://www.sno.co.uk/ski-holidays/chalet-klosters_11386/
Sno,sno-chalet-montillet,Chalet Montillet,unknown (sold via Sno),Plagne 1800,yes,https://www.sno.co.uk/ski-holidays/chalet-montillet_18707/
Sno,sno-chalet-neige-et-soleil,Chalet Neige Et Soleil,unknown (sold via Sno),Plagne 1800,no,https://www.sno.co.uk/ski-holidays/chalet-neige-et-soleil_21517/
Sno,sno-chalet-petit-chardon,Chalet Petit Chardon,unknown (sold via Sno),Plagne 1800,no,https://www.sno.co.uk/ski-holidays/chalet-petit-chardon_21434/
Sno,sno-chalet-piccard,Chalet Piccard,unknown (sold via Sno),Plagne 1800,yes,https://www.sno.co.uk/ski-holidays/chalet-piccard_18705/
Sno,sno-chalet-st-moritz,Chalet St Moritz,unknown (sold via Sno),Plagne 1800,no,https://www.sno.co.uk/ski-holidays/chalet-st-moritz_11259/
Sno,sno-chalet-vidal,Chalet Vidal,unknown (sold via Sno),Plagne 1800,no,https://www.sno.co.uk/ski-holidays/chalet-vidal_18710/
Sno,sno-annapurna-suite,Annapurna Suite,unknown (sold via Sno),Plagne Centre,no,https://www.sno.co.uk/ski-holidays/annapurna-suite_21346/
Sno,sno-bellecote-suite,Bellecote Suite,unknown (sold via Sno),Plagne Centre,no,https://www.sno.co.uk/ski-holidays/bellecote-suite_21356/
Sno,sno-club-sagarmatha-penthouse,CLUB Sagarmatha Penthouse,unknown (sold via Sno),Plagne Centre,no,https://www.sno.co.uk/ski-holidays/club-sagarmatha-penthouse_21341/
Sno,sno-combin-suite,Combin Suite,unknown (sold via Sno),Plagne Centre,no,https://www.sno.co.uk/ski-holidays/combin-suite_21351/
Sno,sno-eiger-suite,Eiger Suite,unknown (sold via Sno),Plagne Centre,no,https://www.sno.co.uk/ski-holidays/eiger-suite_21353/
Sno,sno-jungfrau-suite,Jungfrau Suite,unknown (sold via Sno),Plagne Centre,no,https://www.sno.co.uk/ski-holidays/jungfrau-suite_21348/
Sno,sno-lhotse-suite,Lhotse Suite,unknown (sold via Sno),Plagne Centre,no,https://www.sno.co.uk/ski-holidays/lhotse-suite_21350/
Sno,sno-makalu-suite,Makalu Suite,unknown (sold via Sno),Plagne Centre,no,https://www.sno.co.uk/ski-holidays/makalu-suite_21355/
Sno,sno-matterhorn-suite,Matterhorn Suite,unknown (sold via Sno),Plagne Centre,no,https://www.sno.co.uk/ski-holidays/matterhorn-suite_21345/
Sno,sno-mio-suite,Mio Suite,unknown (sold via Sno),Plagne Centre,no,https://www.sno.co.uk/ski-holidays/mio-suite_21343/
Sno,sno-mont-blanc-suite,Mont Blanc Suite,unknown (sold via Sno),Plagne Centre,no,https://www.sno.co.uk/ski-holidays/mont-blanc-suite_21349/
Sno,sno-monte-rosa-suite,Monte Rosa Suite,unknown (sold via Sno),Plagne Centre,no,https://www.sno.co.uk/ski-holidays/monterosa-suite_21354/
Sno,sno-paradiso-suite,Paradiso Suite,unknown (sold via Sno),Plagne Centre,no,https://www.sno.co.uk/ski-holidays/paradiso-suite_21344/
Sno,sno-rochette-suite,Rochette Suite,unknown (sold via Sno),Plagne Centre,no,https://www.sno.co.uk/ski-holidays/rochette-suite_21352/
Sno,sno-verdons-suite,Verdons Suite,unknown (sold via Sno),Plagne Centre,no,https://www.sno.co.uk/ski-holidays/verdons-suite_21357/
Sno,sno-k2-suite,k2 Suite,unknown (sold via Sno),Plagne Centre,no,https://www.sno.co.uk/ski-holidays/k2-suite_21347/
Sno,sno-chalet-benoite,Chalet Benoite,unknown (sold via Sno),Plagne Soleil,no,https://www.sno.co.uk/ski-holidays/chalet-benoite_16115/
Sno,sno-chalet-campanula,Chalet Campanula,unknown (sold via Sno),Plagne Soleil,no,https://www.sno.co.uk/ski-holidays/chalet-campanula_16109/
Sno,sno-chalet-crocus-blanc,Chalet Crocus Blanc,unknown (sold via Sno),Plagne Soleil,no,https://www.sno.co.uk/ski-holidays/chalet-crocus-blanc_16113/
Sno,sno-chalet-hellebore,Chalet Hellebore,unknown (sold via Sno),Plagne Soleil,no,https://www.sno.co.uk/ski-holidays/chalet-hellebore_16116/
Sno,sno-chalet-hepatica,Chalet Hepatica,unknown (sold via Sno),Plagne Soleil,no,https://www.sno.co.uk/ski-holidays/chalet-hepatica_16117/
Sno,sno-chalet-iris-bleu,Chalet Iris Bleu,unknown (sold via Sno),Plagne Soleil,no,https://www.sno.co.uk/ski-holidays/chalet-iris-bleu_16114/
Sno,sno-chalet-patrique,Chalet Patrique,unknown (sold via Sno),Plagne Soleil,no,https://www.sno.co.uk/ski-holidays/chalet-patrique_23003/
Sno,sno-chalet-silene,Chalet Silene,unknown (sold via Sno),Plagne Soleil,no,https://www.sno.co.uk/ski-holidays/chalet-silene_16118/
Sno,sno-chalet-little-riva,Chalet Little Riva,unknown (sold via Sno),Plagne Villages,no,https://www.sno.co.uk/ski-holidays/chalet-little-riva_22833/
Sno,sno-chalet-riva,Chalet Riva,unknown (sold via Sno),Plagne Villages,no,https://www.sno.co.uk/ski-holidays/chalet-riva_22832/
Sno,sno-chalet-beluga,Chalet Beluga,unknown (sold via Sno),Avoriaz,no,https://www.sno.co.uk/ski-holidays/chalet-beluga_16844/
Sno,sno-chalet-ipaka,Chalet Ipaka,unknown (sold via Sno),Avoriaz,no,https://www.sno.co.uk/ski-holidays/chalet-ipaka_18303/
Sno,sno-chalet-kakisa,Chalet Kakisa,unknown (sold via Sno),Avoriaz,no,https://www.sno.co.uk/ski-holidays/chalet-kakisa_16843/
Sno,sno-chalet-kipnuk,Chalet Kipnuk,unknown (sold via Sno),Avoriaz,no,https://www.sno.co.uk/ski-holidays/chalet-kipnuk_18302/
Sno,sno-chalet-kobuk,Chalet Kobuk,unknown (sold via Sno),Avoriaz,no,https://www.sno.co.uk/ski-holidays/chalet-kobuk_16842/
Sno,sno-chalet-marie,Chalet Marie,unknown (sold via Sno),Avoriaz,no,https://www.sno.co.uk/ski-holidays/chalet-marie_18611/
Sno,sno-chalet-ossetra,Chalet Ossetra,unknown (sold via Sno),Avoriaz,no,https://www.sno.co.uk/ski-holidays/chalet-ossetra_16845/
Sno,sno-chalet-sakami,Chalet Sakami,unknown (sold via Sno),Avoriaz,no,https://www.sno.co.uk/ski-holidays/chalet-sakami_18301/
Sno,sno-chalet-alpaka,Chalet Alpaka,unknown (sold via Sno),Châtel,no,https://www.sno.co.uk/ski-holidays/chalet-alpaka_18908/
Sno,sno-chalet-pom-de-pin,Chalet Pom de Pin,unknown (sold via Sno),Châtel,yes,https://www.sno.co.uk/ski-holidays/chalet-pom-de-pin_18909/
Leman Mountains Explore (OT),leman-alpresort-portes-du-soleil-france-comfort-residences-de-vacances,Alpresort Portes du Soleil - France Comfort résidences de vacances,France Comfort,La Chapelle d'Abondance,no,https://www.leman-mountains-explore.com/offres/alpresort-portes-du-soleil-france-comfort-residences-de-vacances-la-chapelle-dabondance-fr-4793513/
Leman Mountains Explore (tourist office),leman-alpresort-portes-du-soleil-france-comfort-residences-de-vacances,Alpresort Portes du Soleil - France Comfort résidences de vacances,France Comfort,La Chapelle d'Abondance,no,https://www.leman-mountains-explore.com/offres/alpresort-portes-du-soleil-france-comfort-residences-de-vacances-la-chapelle-dabondance-fr-4793513/
Leman Mountains Explore (OT),leman-appartement-cannelle-dans-chalet-90m-3-chambres-renot-christine,Appartement Cannelle dans chalet - 90m² - 3 chambres - Renot Christine,Renot Christine,La Chapelle d'Abondance,no,https://www.leman-mountains-explore.com/offres/appartement-cannelle-dans-chalet-90m%c2%b2-3-chambres-renot-christine-la-chapelle-dabondance-fr-4716559/
Leman Mountains Explore (OT),leman-appartement-mont-de-grange-dans-chalet-62m-2-chambres-david-cruz-franc,Appartement Mont de Grange dans chalet - 62m² - 2 chambres - David-Cruz Françoise Appartement Mont d,David-Cruz Françoise Appartement Mont d,La Chapelle d'Abondance,no,https://www.leman-mountains-explore.com/offres/appartement-mont-de-grange-dans-chalet-62m%c2%b2-2-chambres-david-cruz-francoise-la-chapelle-dabondance-fr-6231047/
Leman Mountains Explore (OT),leman-appartement-ourson-dans-chalet-80m-3-chambres-schorle-estelle,Appartement Ourson dans chalet - 80m² - 3 chambres - Schorlé Estelle,Schorlé Estelle,La Chapelle d'Abondance,no,https://www.leman-mountains-explore.com/offres/appartement-ourson-dans-chalet-80m%c2%b2-3-chambres-schorle-estelle-la-chapelle-dabondance-fr-4716865/
Leman Mountains Explore (OT),leman-appartement-pollen-dans-chalet-57m-2-chambres-renot-christine,Appartement Pollen dans chalet - 57m² - 2 chambres - Renot Christine,Renot Christine,La Chapelle d'Abondance,no,https://www.leman-mountains-explore.com/offres/appartement-pollen-dans-chalet-57m%c2%b2-2-chambres-renot-christine-la-chapelle-dabondance-fr-4716699/
Leman Mountains Explore (OT),leman-appartement-dans-chalet-la-sapiniere-35m-1-chambre-vuarand-valerie,"Appartement dans chalet ""La Sapinière"" - 35m² - 1 chambre - Vuarand Valérie",Vuarand Valérie,La Chapelle d'Abondance,no,https://www.leman-mountains-explore.com/offres/appartement-dans-chalet-la-sapiniere-35m%c2%b2-1-chambre-vuarand-valerie-la-chapelle-dabondance-fr-4718262/
Leman Mountains Explore (OT),leman-appartement-dans-chalet-l-oree-des-pistes-45m-2-chambres-pignier-franc,"Appartement dans chalet ""l'Orée des Pistes"" - 45m² - 2 chambres - Pignier Françoise",Pignier Françoise,La Chapelle d'Abondance,no,https://www.leman-mountains-explore.com/offres/appartement-dans-chalet-loree-des-pistes-45m%c2%b2-2-chambres-pignier-francoise-la-chapelle-dabondance-fr-4719740/
Leman Mountains Explore (OT),leman-appartement-dans-chalet-l-oree-des-pistes-47m-2-chambres-pignier-franc,"Appartement dans chalet ""l'Orée des Pistes"" - 47m² - 2 chambres - Pignier Françoise",Pignier Françoise,La Chapelle d'Abondance,no,https://www.leman-mountains-explore.com/offres/appartement-dans-chalet-loree-des-pistes-47m%c2%b2-2-chambres-pignier-francoise-la-chapelle-dabondance-fr-4717747/
Leman Mountains Explore (OT),leman-appartement-dans-chalet-107m-3-chambres-trosset-bernard,Appartement dans chalet - 107m² - 3 chambres - Trosset Bernard,Trosset Bernard,La Chapelle d'Abondance,no,https://www.leman-mountains-explore.com/offres/appartement-dans-chalet-107m%c2%b2-3-chambres-trosset-bernard-la-chapelle-dabondance-fr-4716861/
Leman Mountains Explore (OT),leman-appartement-dans-chalet-110m-3-chambres-condevaux-janine,Appartement dans chalet - 110m² - 3 chambres - Condevaux Janine,Condevaux Janine,La Chapelle d'Abondance,no,https://www.leman-mountains-explore.com/offres/appartement-dans-chalet-110m%c2%b2-3-chambres-condevaux-janine-la-chapelle-dabondance-fr-4719535/
Leman Mountains Explore (OT),leman-appartement-dans-chalet-35m-1-chambre-bovard-michel,Appartement dans chalet - 35m² - 1 chambre - Bovard Michel,Bovard Michel,La Chapelle d'Abondance,no,https://www.leman-mountains-explore.com/offres/appartement-dans-chalet-35m%c2%b2-1-chambre-bovard-michel-la-chapelle-dabondance-fr-4720245/
Leman Mountains Explore (OT),leman-appartement-dans-chalet-41m-2-chambres-bovard-michel,Appartement dans chalet - 41m² - 2 chambres - Bovard Michel,Bovard Michel,La Chapelle d'Abondance,no,https://www.leman-mountains-explore.com/offres/appartement-dans-chalet-41m%c2%b2-2-chambres-bovard-michel-la-chapelle-dabondance-fr-4719561/
Leman Mountains Explore (OT),leman-appartement-dans-chalet-47m-2-chambres-labarre-gisele,Appartement dans chalet - 47m² - 2 chambres - Labarre Gisèle,Labarre Gisèle,La Chapelle d'Abondance,no,https://www.leman-mountains-explore.com/offres/appartement-dans-chalet-47m%c2%b2-2-chambres-labarre-gisele-la-chapelle-dabondance-fr-4718858/
Leman Mountains Explore (OT),leman-appartement-dans-chalet-l-echo-de-la-corne-n-2-77m-3-chambres-cruz-lio,Appartement dans chalet L'Echo de la Corne n°2 - 77m² - 3 chambres - Cruz Lionel,Cruz Lionel,La Chapelle d'Abondance,no,https://www.leman-mountains-explore.com/offres/appartement-dans-chalet-lecho-de-la-corne-n2-77m%c2%b2-3-chambres-cruz-lionel-la-chapelle-dabondance-fr-4720005/
Leman Mountains Explore (OT),leman-appartement-dans-chalet-l-echo-de-la-corne-n-4-32m-1-chambre-cruz-lion,Appartement dans chalet L'Echo de la Corne n°4 - 32m² - 1 chambre - Cruz Lionel,Cruz Lionel,La Chapelle d'Abondance,no,https://www.leman-mountains-explore.com/offres/appartement-dans-chalet-lecho-de-la-corne-n4-32m%c2%b2-1-chambre-cruz-lionel-la-chapelle-dabondance-fr-4718532/
Leman Mountains Explore (OT),leman-appartement-dans-chalet-l-echo-de-la-corne-n-5-43m-2-chambres-cruz-lio,Appartement dans chalet L'Echo de la Corne n°5 - 43m² - 2 chambres - Cruz Lionel,Cruz Lionel,La Chapelle d'Abondance,no,https://www.leman-mountains-explore.com/offres/appartement-dans-chalet-lecho-de-la-corne-n5-43m%c2%b2-2-chambres-cruz-lionel-la-chapelle-dabondance-fr-4716490/
Leman Mountains Explore (OT),leman-appartement-dans-chalet-l-echo-de-la-corne-n-6-61m-2-chambres-cruz-lio,Appartement dans chalet L'Echo de la Corne n°6 - 61m² - 2 chambres - Cruz Lionel,Cruz Lionel,La Chapelle d'Abondance,no,https://www.leman-mountains-explore.com/offres/appartement-dans-chalet-lecho-de-la-corne-n6-61m%c2%b2-2-chambres-cruz-lionel-la-chapelle-dabondance-fr-4716933/
Leman Mountains Explore (OT),leman-appartement-dans-chalet-l-echo-de-la-corne-n-7-74m-3-chambres-cruz-lio,Appartement dans chalet L'Echo de la Corne n°7 - 74m² - 3 chambres - Cruz Lionel,Cruz Lionel,La Chapelle d'Abondance,no,https://www.leman-mountains-explore.com/offres/appartement-dans-chalet-lecho-de-la-corne-n7-74m%c2%b2-3-chambres-cruz-lionel-la-chapelle-dabondance-fr-4717722/
Leman Mountains Explore (OT),leman-appartement-dans-chalet-l-echo-de-la-corne-n-8-36m-1-chambre-cruz-lion,Appartement dans chalet L'Echo de la Corne n°8 - 36m² - 1 chambre - Cruz Lionel,Cruz Lionel,La Chapelle d'Abondance,no,https://www.leman-mountains-explore.com/offres/appartement-dans-chalet-lecho-de-la-corne-n8-36m%c2%b2-1-chambre-cruz-lionel-la-chapelle-dabondance-fr-4717809/
Leman Mountains Explore (OT),leman-appartement-dans-chalet-les-bossons-n-g11-53m-3-chambres-mme-command,Appartement dans chalet Les Bossons n°G11 - 53m² - 3 chambres - Mme Command,Mme Command,La Chapelle d'Abondance,no,https://www.leman-mountains-explore.com/offres/appartement-dans-chalet-les-bossons-ng11-53m%c2%b2-3-chambres-mme-command-la-chapelle-dabondance-fr-4716610/
Leman Mountains Explore (OT),leman-appartement-dans-chalet-les-bossons-n-m1-2-55m-3-chambres-mme-command,Appartement dans chalet Les Bossons n°M1.2 - 55m² - 3 chambres - Mme Command,Mme Command,La Chapelle d'Abondance,no,https://www.leman-mountains-explore.com/offres/appartement-dans-chalet-les-bossons-nm1-2-55m%c2%b2-3-chambres-mme-command-la-chapelle-dabondance-fr-4717821/
Leman Mountains Explore (OT),leman-appartement-dans-chalet-les-bossons-n-m2-5-51m-2-chambres-mme-command,Appartement dans chalet Les Bossons n°M2.5 - 51m² - 2 chambres - Mme Command,Mme Command,La Chapelle d'Abondance,no,https://www.leman-mountains-explore.com/offres/appartement-dans-chalet-les-bossons-nm2-5-51m%c2%b2-2-chambres-mme-command-la-chapelle-dabondance-fr-4717764/
Leman Mountains Explore (OT),leman-appartement-dans-chalet-les-bossons-n-p2-4-35m-1-chambre-mme-command,Appartement dans chalet Les Bossons n°P2.4 - 35m² - 1 chambre - Mme Command,Mme Command,La Chapelle d'Abondance,no,https://www.leman-mountains-explore.com/offres/appartement-dans-chalet-les-bossons-np2-4-35m%c2%b2-1-chambre-mme-command-la-chapelle-dabondance-fr-4718404/
Leman Mountains Explore (OT),leman-appartement-dans-chalet-les-bossons-n-r7-35m-1-chambre-mme-command,Appartement dans chalet Les Bossons n°R7 - 35m² - 1 chambre - Mme Command,Mme Command,La Chapelle d'Abondance,no,https://www.leman-mountains-explore.com/offres/appartement-dans-chalet-les-bossons-nr7-35m%c2%b2-1-chambre-mme-command-la-chapelle-dabondance-fr-4718520/
Leman Mountains Explore (OT),leman-appartement-dans-chalet-les-bossons-n-r8-28m-1-chambre-mme-command,Appartement dans chalet Les Bossons n°R8 - 28m² - 1 chambre - Mme Command,Mme Command,La Chapelle d'Abondance,no,https://www.leman-mountains-explore.com/offres/appartement-dans-chalet-les-bossons-nr8-28m%c2%b2-1-chambre-mme-command-la-chapelle-dabondance-fr-4716463/
Leman Mountains Explore (OT),leman-appartement-dans-chalet-les-boutons-d-or-n-3-40m-1-chambre-benand-mari,Appartement dans chalet Les Boutons d'Or n°3 - 40m² - 1 chambre - Benand Marie-Josèphe,Benand Marie-Josèphe,La Chapelle d'Abondance,no,https://www.leman-mountains-explore.com/offres/appartement-dans-chalet-les-boutons-dor-n3-40m%c2%b2-1-chambre-benand-marie-josephe-la-chapelle-dabondance-fr-4717174/
Leman Mountains Explore (OT),leman-appartement-dans-chalet-individuel-135-m-3-chambres-vidal-christine,Appartement dans chalet individuel - 135 m² - 3 chambres - Vidal Christine,Vidal Christine,La Chapelle d'Abondance,no,https://www.leman-mountains-explore.com/offres/appartement-dans-chalet-individuel-135-m%c2%b2-3-chambres-vidal-christine-la-chapelle-dabondance-fr-4718604/
Leman Mountains Explore (OT),leman-appartement-dans-maison-le-montfleury-n-1-35-m-1-chambre-brelaz-gerard,Appartement dans maison Le MontFleury n°1 - 35 m² - 1 chambre - Brélaz Gérard,Brélaz Gérard,La Chapelle d'Abondance,no,https://www.leman-mountains-explore.com/offres/appartement-dans-maison-le-montfleury-n1-35-m%c2%b2-1-chambre-brelaz-gerard-la-chapelle-dabondance-fr-4717311/
Leman Mountains Explore (OT),leman-appartement-dans-maison-le-montfleury-n-2-60m-3-chambres-brelaz-gerard,Appartement dans maison Le Montfleury n°2 - 60m² - 3 chambres - Brélaz Gérard,Brélaz Gérard,La Chapelle d'Abondance,no,https://www.leman-mountains-explore.com/offres/appartement-dans-maison-le-montfleury-n2-60m%c2%b2-3-chambres-brelaz-gerard-la-chapelle-dabondance-fr-4720298/
Leman Mountains Explore (OT),leman-appartement-dans-residence-le-coq-de-bruyere-44m-1-chambre-soler-norbe,"Appartement dans résidence ""Le Coq de Bruyère"" - 44m² - 1 chambre - Soler Norbert",Soler Norbert,La Chapelle d'Abondance,no,https://www.leman-mountains-explore.com/offres/appartement-dans-residence-le-coq-de-bruyere-44m%c2%b2-1-chambre-soler-norbert-la-chapelle-dabondance-fr-4718367/
Leman Mountains Explore (OT),leman-appartement-dans-residence-34m-1-chambre-goerger-mathias,Appartement dans résidence - 34m² - 1 chambre - Goerger Mathias,Goerger Mathias,La Chapelle d'Abondance,no,https://www.leman-mountains-explore.com/offres/appartement-dans-residence-34m%c2%b2-1-chambre-goerger-mathias-la-chapelle-dabondance-fr-4719829/
Leman Mountains Explore (OT),leman-appartement-dans-residence-51m-2-chambres-schiavo-gerard,Appartement dans résidence - 51m² - 2 chambres - Schiavo Gérard,Schiavo Gérard,La Chapelle d'Abondance,no,https://www.leman-mountains-explore.com/offres/appartement-dans-residence-51m%c2%b2-2-chambres-schiavo-gerard-la-chapelle-dabondance-fr-4719863/
Leman Mountains Explore (OT),leman-appartement-dans-residence-57-m-2-chambres-thurel-catherine,Appartement dans résidence - 57 m² - 2 chambres - Thurel Catherine,Thurel Catherine,La Chapelle d'Abondance,no,https://www.leman-mountains-explore.com/offres/appartement-dans-residence-57-m%c2%b2-2-chambres-thurel-catherine-la-chapelle-dabondance-fr-4716995/
Leman Mountains Explore (OT),leman-appartement-dans-residence-62-m-2-chambres-mont-blanc-alpine-estate,Appartement dans résidence - 62 m² - 2 chambres - Mont-Blanc Alpine Estate,Mont-Blanc Alpine Estate,La Chapelle d'Abondance,no,https://www.leman-mountains-explore.com/offres/appartement-dans-residence-62-m%c2%b2-2-chambres-mont-blanc-alpine-estate-la-chapelle-dabondance-fr-4716800/
Leman Mountains Explore (OT),leman-appartement-dans-residence-les-petits-lutins-n-10-40m-2-chambres-comma,Appartement dans résidence Les Petits Lutins n°10 - 40m² - 2 chambres - Command Fabrice,Command Fabrice,La Chapelle d'Abondance,no,https://www.leman-mountains-explore.com/offres/appartement-dans-residence-les-petits-lutins-n10-40m%c2%b2-2-chambres-command-fabrice-la-chapelle-dabondance-fr-4718503/
Leman Mountains Explore (OT),leman-appartement-dans-residence-les-petits-lutins-n-12-30m-1-chambre-comman,Appartement dans résidence Les Petits Lutins n°12 - 30m² - 1 chambre - Command Fabrice,Command Fabrice,La Chapelle d'Abondance,no,https://www.leman-mountains-explore.com/offres/appartement-dans-residence-les-petits-lutins-n12-30m%c2%b2-1-chambre-command-fabrice-la-chapelle-dabondance-fr-4717440/
Leman Mountains Explore (OT),leman-appartement-dans-residence-les-petits-lutins-n-14-29m-1-chambre-comman,Appartement dans résidence Les Petits Lutins n°14 - 29m² - 1 chambre - Command Fabrice,Command Fabrice,La Chapelle d'Abondance,no,https://www.leman-mountains-explore.com/offres/appartement-dans-residence-les-petits-lutins-n14-29m%c2%b2-1-chambre-command-fabrice-la-chapelle-dabondance-fr-4716486/
Leman Mountains Explore (OT),leman-appartement-dans-residence-les-petits-lutins-n-2-82m-3-chambres-comman,Appartement dans résidence Les Petits Lutins n°2 - 82m² - 3 chambres - Command Fabrice,Command Fabrice,La Chapelle d'Abondance,no,https://www.leman-mountains-explore.com/offres/appartement-dans-residence-les-petits-lutins-n2-82m%c2%b2-3-chambres-command-fabrice-la-chapelle-dabondance-fr-4718562/
Leman Mountains Explore (OT),leman-appartement-dans-residence-les-petits-lutins-n-4-58m-2-chambres-comman,Appartement dans résidence Les Petits Lutins n°4 - 58m² - 2 chambres - Command Fabrice,Command Fabrice,La Chapelle d'Abondance,no,https://www.leman-mountains-explore.com/offres/appartement-dans-residence-les-petits-lutins-n4-58m%c2%b2-2-chambres-command-fabrice-la-chapelle-dabondance-fr-4719267/
Leman Mountains Explore (OT),leman-appartement-dans-residence-les-petits-lutins-n-6-69m-3-chambres-comman,Appartement dans résidence Les Petits Lutins n°6 - 69m² - 3 chambres - Command Fabrice,Command Fabrice,La Chapelle d'Abondance,no,https://www.leman-mountains-explore.com/offres/appartement-dans-residence-les-petits-lutins-n6-69m%c2%b2-3-chambres-command-fabrice-la-chapelle-dabondance-fr-4716958/
Leman Mountains Explore (OT),leman-appartement-dans-residence-les-petits-lutins-n-8-50m-2-chambres-comman,Appartement dans résidence Les Petits Lutins n°8 - 50m² - 2 chambres - Command Fabrice,Command Fabrice,La Chapelle d'Abondance,no,https://www.leman-mountains-explore.com/offres/appartement-dans-residence-les-petits-lutins-n8-50m%c2%b2-2-chambres-command-fabrice-la-chapelle-dabondance-fr-4718346/
Leman Mountains Explore (OT),leman-appartement-dans-residence-perle-des-neiges-n-2-60m-2-chambres-command,Appartement dans résidence Perle des Neiges n°2 - 60m² - 2 chambres - Command Jean Marc,Command Jean Marc,La Chapelle d'Abondance,no,https://www.leman-mountains-explore.com/offres/appartement-dans-residence-perle-des-neiges-n2-60m%c2%b2-2-chambres-command-jean-marc-la-chapelle-dabondance-fr-4716615/
Leman Mountains Explore (OT),leman-appartement-dans-residence-perle-des-neiges-n-3-70m-3-chambres-command,Appartement dans résidence Perle des Neiges n°3 - 70m² - 3 chambres - Command Jean Marc,Command Jean Marc,La Chapelle d'Abondance,no,https://www.leman-mountains-explore.com/offres/appartement-dans-residence-perle-des-neiges-n3-70m%c2%b2-3-chambres-command-jean-marc-la-chapelle-dabondance-fr-4719221/
Leman Mountains Explore (OT),leman-appartement-duplex-dans-residence-150-m2-eden-view,Appartement duplex dans résidence - 150 m2 - Eden view,Eden view,La Chapelle d'Abondance,no,https://www.leman-mountains-explore.com/offres/appartement-duplex-dans-residence-150-m2-eden-view-la-chapelle-dabondance-fr-4716962/
Leman Mountains Explore (OT),leman-appartement-le-triolet-44m-1-chambre-alp-in-conciergerie,Appartement le Triolet - 44m² - 1 chambre - Alp'in Conciergerie,Alp'in Conciergerie,La Chapelle d'Abondance,no,https://www.leman-mountains-explore.com/offres/appartement-le-triolet-44m%c2%b2-1-chambre-alpin-conciergerie-la-chapelle-dabondance-fr-6265813/
Leman Mountains Explore (OT),leman-appartement-n-1-dans-chalet-1-chambre-32m-yap-brenda,Appartement n°1 dans chalet - 1 chambre - 32m² - Yap Brenda,Yap Brenda,La Chapelle d'Abondance,no,https://www.leman-mountains-explore.com/offres/appartement-n1-dans-chalet-1-chambre-32m%c2%b2-yap-brenda-la-chapelle-dabondance-fr-5448018/
Leman Mountains Explore (OT),leman-appartement-n-1-dans-chalet-91m-3-chambres-david-vonne-jean-luc,Appartement n°1 dans chalet - 91m² - 3 chambres - David-Vonne Jean-Luc,David-Vonne Jean-Luc,La Chapelle d'Abondance,no,https://www.leman-mountains-explore.com/offres/appartement-n1-dans-chalet-91m%c2%b2-3-chambres-david-vonne-jean-luc-la-chapelle-dabondance-fr-4717716/
Leman Mountains Explore (OT),leman-appartement-n-1-dans-maison-le-gai-soleil-47m-3-chambres-milliet-denis,"Appartement n°1 dans maison ""Le Gai Soleil"" - 47m² - 3 chambres - Milliet Denis",Milliet Denis,La Chapelle d'Abondance,no,https://www.leman-mountains-explore.com/offres/appartement-n1-dans-maison-le-gai-soleil-47m%c2%b2-3-chambres-milliet-denis-la-chapelle-dabondance-fr-4718482/
Leman Mountains Explore (OT),leman-appartement-n-2-dans-chalet-1-chambre-32m-yap-brenda,Appartement n°2 dans chalet - 1 chambre - 32m² - Yap Brenda,Yap Brenda,La Chapelle d'Abondance,no,https://www.leman-mountains-explore.com/offres/appartement-n2-dans-chalet-1-chambre-32m%c2%b2-yap-brenda-la-chapelle-dabondance-fr-5448053/
Leman Mountains Explore (OT),leman-appartement-n-2-dans-chalet-77m-3-chambres-david-vonne-jean-luc,Appartement n°2 dans chalet - 77m² - 3 chambres - David-Vonne Jean-Luc,David-Vonne Jean-Luc,La Chapelle d'Abondance,no,https://www.leman-mountains-explore.com/offres/appartement-n2-dans-chalet-77m%c2%b2-3-chambres-david-vonne-jean-luc-la-chapelle-dabondance-fr-4720166/
Leman Mountains Explore (OT),leman-appartement-n-2-dans-maison-le-gai-soleil-88m-4-chambres-milliet-denis,"Appartement n°2 dans maison ""Le Gai Soleil"" - 88m² - 4 chambres - Milliet Denis",Milliet Denis,La Chapelle d'Abondance,no,https://www.leman-mountains-explore.com/offres/appartement-n2-dans-maison-le-gai-soleil-88m%c2%b2-4-chambres-milliet-denis-la-chapelle-dabondance-fr-4718877/
Leman Mountains Explore (OT),leman-appartement-n-4-dans-chalet-2-chambres-45m-yap-brenda,Appartement n°4 dans chalet - 2 chambres -45m² - Yap Brenda,Yap Brenda,La Chapelle d'Abondance,no,https://www.leman-mountains-explore.com/offres/appartement-n4-dans-chalet-2-chambres-45m%c2%b2-yap-brenda-la-chapelle-dabondance-fr-5448033/
Leman Mountains Explore (OT),leman-appartement-n-5-dans-chalet-2-chambres-45m-yap-brenda,Appartement n°5 dans chalet - 2 chambres -45m² - Yap Brenda,Yap Brenda,La Chapelle d'Abondance,no,https://www.leman-mountains-explore.com/offres/appartement-n5-dans-chalet-2-chambres-45m%c2%b2-yap-brenda-la-chapelle-dabondance-fr-5447977/
Leman Mountains Explore (OT),leman-chalet-d-alice-chalet-independant-160-m-3-chambres-bovard-clarisse,"Chalet d'Alice, chalet indépendant - 160 m² - 3 chambres - Bovard Clarisse",Bovard Clarisse,La Chapelle d'Abondance,no,https://www.leman-mountains-explore.com/offres/chalet-dalice-chalet-independant-160-m%c2%b2-3-chambres-bovard-clarisse-la-chapelle-dabondance-fr-4718292/
Leman Mountains Explore (OT),leman-chalet-du-saix-68m-3-chambres-guffroy-bertrand,Chalet du Saix - 68m² - 3 chambres - Guffroy Bertrand,Guffroy Bertrand,La Chapelle d'Abondance,no,https://www.leman-mountains-explore.com/offres/chalet-du-saix-68m%c2%b2-3-chambres-guffroy-bertrand-la-chapelle-dabondance-fr-4717247/
Leman Mountains Explore (OT),leman-chalet-individuel-chavanette-312-m-7-chambres-ovo-network,Chalet individuel Chavanette - 312 m² - 7 chambres - OVO Network,OVO Network,La Chapelle d'Abondance,no,https://www.leman-mountains-explore.com/offres/chalet-individuel-chavanette-312-m%c2%b2-7-chambres-ovo-network-la-chapelle-dabondance-fr-5724966/
Leman Mountains Explore (OT),leman-chalet-individuel-cret-beni-300-m2-5-chambres-mme-buttner-veronique,Chalet individuel Crêt Béni - 300 m2 - 5 chambres - Mme Buttner Véronique,Mme Buttner Véronique,La Chapelle d'Abondance,no,https://www.leman-mountains-explore.com/offres/chalet-individuel-cret-beni-300-m2-5-chambres-mme-buttner-veronique-la-chapelle-dabondance-fr-4718809/
Leman Mountains Explore (OT),leman-chalet-individuel-les-vardafes-155-m-4-chambres-ovo-network,Chalet individuel Les Vardafes - 155 m² - 4 chambres - OVO Network,OVO Network,La Chapelle d'Abondance,no,https://www.leman-mountains-explore.com/offres/chalet-individuel-les-vardafes-155-m%c2%b2-4-chambres-ovo-network-la-chapelle-dabondance-fr-4718898/
Leman Mountains Explore (OT),leman-chalet-independant-edelweiss-220m-6-chambres-maxit-carole,"Chalet indépendant ""Edelweiss"" - 220m² - 6 chambres - Maxit Carole",Maxit Carole,La Chapelle d'Abondance,no,https://www.leman-mountains-explore.com/offres/chalet-independant-edelweiss-220m%c2%b2-6-chambres-maxit-carole-la-chapelle-dabondance-fr-4718116/
Leman Mountains Explore (OT),leman-chalet-independant-le-bellevue-260m-8-chambres-grillet-aubert-roselyne,"Chalet indépendant ""Le Bellevue"" - 260m² - 8 chambres - Grillet-Aubert Roselyne",Grillet-Aubert Roselyne,La Chapelle d'Abondance,no,https://www.leman-mountains-explore.com/offres/chalet-independant-le-bellevue-260m%c2%b2-8-chambres-grillet-aubert-roselyne-la-chapelle-dabondance-fr-4719429/
Leman Mountains Explore (OT),leman-chalet-independant-le-grenier-67m-2-chambres-vuarand-marcel,"Chalet indépendant ""Le Grenier"" - 67m² - 2 chambres - Vuarand Marcel",Vuarand Marcel,La Chapelle d'Abondance,no,https://www.leman-mountains-explore.com/offres/chalet-independant-le-grenier-67m%c2%b2-2-chambres-vuarand-marcel-la-chapelle-dabondance-fr-4719437/
Leman Mountains Explore (OT),leman-chalet-independant-168m-6-chambres-david-vonne-jean-luc,Chalet indépendant - 168m² - 6 chambres - David-Vonne Jean-Luc,David-Vonne Jean-Luc,La Chapelle d'Abondance,no,https://www.leman-mountains-explore.com/offres/chalet-independant-168m%c2%b2-6-chambres-david-vonne-jean-luc-la-chapelle-dabondance-fr-4716883/
Leman Mountains Explore (OT),leman-chalet-independant-arthur-91m-3-chambres-anderson-richard,Chalet indépendant Arthur - 91m² - 3 chambres - Anderson Richard,Anderson Richard,La Chapelle d'Abondance,no,https://www.leman-mountains-explore.com/offres/chalet-independant-arthur-91m%c2%b2-3-chambres-anderson-richard-la-chapelle-dabondance-fr-4719524/
Leman Mountains Explore (OT),leman-chalet-independant-latitude-47-95m-4-chambres-cerciat-nicole,Chalet indépendant Latitude 47 - 95m² - 4 chambres - Cerciat Nicole,Cerciat Nicole,La Chapelle d'Abondance,no,https://www.leman-mountains-explore.com/offres/chalet-independant-latitude-47-95m%c2%b2-4-chambres-cerciat-nicole-la-chapelle-dabondance-fr-4717694/
Leman Mountains Explore (OT),leman-chalet-independant-le-grenier-120m-4-chambres-cruz-douard-nicole,Chalet indépendant Le Grenier - 120m² - 4 chambres - Cruz Douard Nicole,Cruz Douard Nicole,La Chapelle d'Abondance,no,https://www.leman-mountains-explore.com/offres/chalet-independant-le-grenier-120m%c2%b2-4-chambres-cruz-douard-nicole-la-chapelle-dabondance-fr-4717222/
Leman Mountains Explore (OT),leman-chambre-d-hotes-chalet-cannelle,Chambre d'hôtes Chalet Cannelle,,La Chapelle d'Abondance,no,https://www.leman-mountains-explore.com/offres/chambre-dhotes-chalet-cannelle-la-chapelle-dabondance-fr-4720046/
Leman Mountains Explore (OT),leman-chambre-d-hotes-la-belle-etoile-du-gai-soleil,Chambre d'hôtes La Belle Etoile du Gai Soleil,,La Chapelle d'Abondance,no,https://www.leman-mountains-explore.com/offres/chambre-dhotes-la-belle-etoile-du-gai-soleil-la-chapelle-dabondance-fr-4716784/
Leman Mountains Explore (OT),leman-chambre-d-hotes-le-feto,Chambre d'hôtes Le Féto,,La Chapelle d'Abondance,no,https://www.leman-mountains-explore.com/offres/chambre-dhotes-le-feto-la-chapelle-dabondance-fr-4720110/
Leman Mountains Explore (OT),leman-chambre-d-hotes-le-marie-lydie,Chambre d'hôtes Le Marie-Lydie,,La Chapelle d'Abondance,no,https://www.leman-mountains-explore.com/offres/chambre-dhotes-le-marie-lydie-la-chapelle-dabondance-fr-4716611/
Leman Mountains Explore (OT),leman-chambre-d-hotes-le-retro,Chambre d'hôtes Le Rétro,,La Chapelle d'Abondance,no,https://www.leman-mountains-explore.com/offres/chambre-dhotes-le-retro-la-chapelle-dabondance-fr-4793516/
Leman Mountains Explore (OT),leman-chambre-d-hotes-les-carlines,Chambre d'hôtes Les Carlines,,La Chapelle d'Abondance,no,https://www.leman-mountains-explore.com/offres/chambre-dhotes-les-carlines-la-chapelle-dabondance-fr-4718588/
Leman Mountains Explore (OT),leman-foyer-4-saisons-foyer-4-saisons-services-services-pratiques-salle-hors,Foyer 4 Saisons Foyer 4 Saisons Services Services pratiques Salle hors-sac Foyer 4 Saisons de La Pan,,La Chapelle d'Abondance,yes,https://www.leman-mountains-explore.com/offres/foyer-4-saisons-la-chapelle-dabondance-fr-4718556/
Leman Mountains Explore (OT),leman-hotel-esprit-montagne,Hôtel Esprit Montagne,,La Chapelle d'Abondance,yes,https://www.leman-mountains-explore.com/offres/hotel-esprit-montagne-la-chapelle-dabondance-fr-4716820/
Leman Mountains Explore (OT),leman-hotel-les-cornettes,Hôtel Les Cornettes,,La Chapelle d'Abondance,yes,https://www.leman-mountains-explore.com/offres/hotel-les-cornettes-la-chapelle-dabondance-fr-4720059/
Leman Mountains Explore (OT),leman-hotel-les-gentianettes,Hôtel Les Gentianettes,,La Chapelle d'Abondance,yes,https://www.leman-mountains-explore.com/offres/hotel-les-gentianettes-la-chapelle-dabondance-fr-4718103/
Leman Mountains Explore (OT),leman-hotel-l-ensoleille,Hôtel l'Ensoleillé,,La Chapelle d'Abondance,yes,https://www.leman-mountains-explore.com/offres/hotel-lensoleille-la-chapelle-dabondance-fr-4719333/
Leman Mountains Explore (OT),leman-le-bazot,Le Bazot,,La Chapelle d'Abondance,no,https://www.leman-mountains-explore.com/offres/le-bazot-la-chapelle-dabondance-fr-4717048/
Leman Mountains Explore (OT),leman-le-p-tit-bazot,Le P'tit Bazot,,La Chapelle d'Abondance,no,https://www.leman-mountains-explore.com/offres/le-ptit-bazot-la-chapelle-dabondance-fr-4718381/
Leman Mountains Explore (OT),leman-refuge-de-bise,Refuge de Bise,,La Chapelle d'Abondance,yes,https://www.leman-mountains-explore.com/offres/refuge-de-bise-la-chapelle-dabondance-fr-5253926/
Leman Mountains Explore (OT),leman-refuge-de-trebentaz,Refuge de Trébentaz,,La Chapelle d'Abondance,yes,https://www.leman-mountains-explore.com/offres/refuge-de-trebentaz-la-chapelle-dabondance-fr-5253920/
Leman Mountains Explore (OT),leman-studio-dans-chalet-l-echo-de-la-corne-n-3-24m-cruz-lionel,Studio dans chalet L'Echo de la Corne n°3 - 24m² - Cruz Lionel,Cruz Lionel,La Chapelle d'Abondance,no,https://www.leman-mountains-explore.com/offres/studio-dans-chalet-lecho-de-la-corne-n3-24m%c2%b2-cruz-lionel-la-chapelle-dabondance-fr-4717802/
Leman Mountains Explore (OT),leman-studio-dans-chalet-les-bossons-n-p1-3-32m-mme-command,Studio dans chalet Les Bossons n°P1.3 - 32m² - Mme Command,Mme Command,La Chapelle d'Abondance,no,https://www.leman-mountains-explore.com/offres/studio-dans-chalet-les-bossons-np1-3-32m%c2%b2-mme-command-la-chapelle-dabondance-fr-4718493/
Leman Mountains Explore (OT),leman-studio-dans-chalet-les-boutons-d-or-n-2-40m-benand-marie-josephe,Studio dans chalet Les Boutons d'Or n°2 - 40m² - Benand Marie Josèphe,Benand Marie Josèphe,La Chapelle d'Abondance,no,https://www.leman-mountains-explore.com/offres/studio-dans-chalet-les-boutons-dor-n2-40m%c2%b2-benand-marie-josephe-la-chapelle-dabondance-fr-4719822/
Leman Mountains Explore (OT),msem-terra-beka-lodge,Terra-Beka Lodge,TERRA-BEKA LODGE,La Chapelle d'Abondance,yes,https://www.leman-mountains-explore.com/reserver/sejour-hebergements/?slug=terra-beka-lodge
Leman Mountains Explore OT (MSEM widget),msem-terra-beka-lodge,Terra-Beka Lodge,TERRA-BEKA LODGE,La Chapelle d'Abondance,yes,https://www.leman-mountains-explore.com/reserver/sejour-hebergements/?slug=terra-beka-lodge
Sno,sno-chalet-le-vieux,Chalet Le Vieux,unknown (sold via Sno),Les Gets,no,https://www.sno.co.uk/ski-holidays/chalet-le-vieux_18912/
AliKats,alikats-chalet-bizet,Chalet Bizet,AliKats,Montriond,no,https://alikats.eu/chalet/chalet-bizet/
Sno,sno-chalet-copains,Chalet Copains,unknown (sold via Sno),Montriond,no,https://www.sno.co.uk/ski-holidays/chalet-copains_22703/
AliKats,alikats-chalet-debussy,Chalet Debussy,AliKats,Montriond,no,https://alikats.eu/chalet/chalet-debussy/
Alptitude,alptitude-chalet-flocon-de-neige,Chalet Flocon de Neige,Alptitude Chalets,Montriond,no,https://alptitude.com/properties/chalet-flocon-de-neige/
See Morzine,alptitude-chalet-flocon-de-neige,Chalet Flocon de Neige,Alptitude Chalets,Montriond,no,https://alptitude.com/properties/chalet-flocon-de-neige/
Host Savoie,hostsavoie-chalet-le-vionnet,Chalet Le Vionnet,Host Savoie,Montriond,no,https://www.hostsavoie.co.uk/catered-ski-chalet/selfCatered-chalet-le-vionnet.htm
Host Savoie,hostsavoie-chalet-les-noisettes,Chalet Les Noisettes,Host Savoie,Montriond,no,https://www.hostsavoie.co.uk/catered-ski-chalet/selfCatered-chalet-noisettes.htm
AliKats,alikats-chalet-riviere,Chalet Rivière,AliKats,Montriond,no,https://alikats.eu/chalet/chalet-riviere/
AliKats,alikats-chalet-soleil-dor,Chalet Soleil d'Or,AliKats,Montriond,no,https://alikats.eu/chalet/chalet-soleil-dor/
Morzine Réservation (resa-morzine.com),resa-morzine-chalet-x,Chalet X,,Montriond,no,https://www.resa-morzine.com/meuble-chalet-x-15-personnes-montriond-802608.html
AliKats,alikats-ferme-a-jules,Ferme à Jules,AliKats,Montriond,no,https://alikats.eu/chalet/ferme-a-jules/
Morzine Réservation (resa-morzine.com),resa-morzine-k-terra-4,K-Terra 4,,Montriond,no,https://www.resa-morzine.com/meuble-k-terra-4-chalet-moderne-pour-8-avec-jacuzzi-220.html
Alptitude,alptitude-mazot-greffiers,Mazot Greffiers,Alptitude Chalets,Montriond,no,https://alptitude.com/properties/mazot-greffiers/
Sno,sno-chalet-as-de-coeur,Chalet As de Coeur,unknown (sold via Sno),Morzine,no,https://www.sno.co.uk/ski-holidays/chalet-as-de-coeur_22413/
Sno,sno-chalet-beaufaire,Chalet Beaufaire,unknown (sold via Sno),Morzine,no,https://www.sno.co.uk/ski-holidays/chalet-beaufaire_21977/
Sno,sno-chalet-bonbon,Chalet Bonbon,unknown (sold via Sno),Morzine,no,https://www.sno.co.uk/ski-holidays/chalet-bonbon_19047/
Sno,sno-chalet-bonheur,Chalet Bonheur,unknown (sold via Sno),Morzine,no,https://www.sno.co.uk/ski-holidays/chalet-bonheur_22502/
Sno,sno-chalet-catherine-morzine,Chalet Catherine,unknown (sold via Sno),Morzine,no,https://www.sno.co.uk/ski-holidays/chalet-catherine_19026/
Sno,sno-chalet-chelmer,Chalet Chelmer,unknown (sold via Sno),Morzine,yes,https://www.sno.co.uk/ski-holidays/chalet-chelmer_19699/
Sno,sno-chalet-chez-nous,Chalet Chez Nous,unknown (sold via Sno),Morzine,no,https://www.sno.co.uk/ski-holidays/chalet-chez-nous_18690/
Sno,sno-chalet-constantine,Chalet Constantine,unknown (sold via Sno),Morzine,no,https://www.sno.co.uk/ski-holidays/chalet-constantine_22728/
Sno,sno-chalet-crystal,Chalet Crystal,unknown (sold via Sno),Morzine,no,https://www.sno.co.uk/ski-holidays/chalet-crystal_22597/
Sno,sno-chalet-le-blizzard,Chalet Le Blizzard,unknown (sold via Sno),Morzine,no,https://www.sno.co.uk/ski-holidays/chalet-le-blizzard_22013/
Sno,sno-chalet-romy,Chalet Romy,unknown (sold via Sno),Morzine,no,https://www.sno.co.uk/ski-holidays/chalet-romy_19052/
Sno,sno-chalet-suzanne,Chalet Suzanne,unknown (sold via Sno),Morzine,no,https://www.sno.co.uk/ski-holidays/chalet-suzanne_18693/
Sno,sno-grand-belvedere,Grand Belvedere,unknown (sold via Sno),Morzine,no,https://www.sno.co.uk/ski-holidays/grand-belvedere_18692/
Sno,sno-chalet-mazot-bambi,Chalet Mazot Bambi,unknown (sold via Sno),Prodains,no,https://www.sno.co.uk/ski-holidays/chalet-mazot-bambi_22496/
Sno,sno-chalet-des-ardoisiers,Chalet des Ardoisiers,unknown (sold via Sno),Prodains,no,https://www.sno.co.uk/ski-holidays/chalet-des-ardoisiers_19233/
Serre Chevalier Réservation,serrechevalier-reservation-3-rooms-arolles-a-bri740-a001,3 ROOMS AROLLES A (BRI740-A001),,Briançon,no,https://booking.serre-chevalier.com/briancon/3-rooms-arolles-a-bri740-a001.html
Serre Chevalier Réservation,serrechevalier-reservation-3-rooms-domaine-des-grands-chalets-viggo-bri640-v011,3 ROOMS DOMAINE DES GRANDS CHALETS VIGGO (BRI640-V011),,Briançon,no,https://booking.serre-chevalier.com/briancon/3-rooms-domaine-des-grands-chalets-viggo-bri640-v011.html
Serre Chevalier Réservation,serrechevalier-reservation-3-rooms-rue-mercerie-bri900-0004,3 ROOMS RUE MERCERIE (BRI900-0004),,Briançon,no,https://booking.serre-chevalier.com/briancon/3-rooms-rue-mercerie-bri900-0004.html
Serre Chevalier Réservation,serrechevalier-reservation-studio-cabin-cadran-solaire-gs22001,STUDIO CABIN CADRAN SOLAIRE (GS22001),,Briançon,no,https://booking.serre-chevalier.com/briancon/studio-cabin-cadran-solaire-gs22001.html
Serre Chevalier Réservation,serrechevalier-reservation-studio-cabin-les-jardins-du-marechal-bri680-0206,STUDIO CABIN LES JARDINS DU MARÉCHAL (BRI680-0206),,Briançon,no,https://booking.serre-chevalier.com/briancon/studio-cabin-les-jardins-du-marechal-bri680-0206.html
Serre Chevalier Réservation,serrechevalier-reservation-studio-cite-vauban-bri900-0018,STUDIO CITE VAUBAN (BRI900-0018),,Briançon,no,https://booking.serre-chevalier.com/briancon/studio-cite-vauban-bri900-0018.html
Snowed Inn Chalets,snowedinn-chalet-briancon,email : snowedinnchalets@gmail.com call : +44161-706-0688 < Back Chalet Briancon,Snowed Inn Chalets,Briançon,no,https://www.snowedinnchalets.com/properties/chalet-briancon
Snowed Inn Chalets,snowedinn-chalet-flocon,email : snowedinnchalets@gmail.com call : +44161-706-0688 < Back Chalet Flocon,Snowed Inn Chalets,Briançon,no,https://www.snowedinnchalets.com/properties/chalet-flocon
Snowed Inn Chalets,snowedinn-chalet-genepi-10,email : snowedinnchalets@gmail.com call : +44161-706-0688 < Back Chalet Genepi 10,Snowed Inn Chalets,Briançon,yes,https://www.snowedinnchalets.com/properties/chalet-genepi-10
Snowed Inn Chalets,snowedinn-chalet-genepi-12,email : snowedinnchalets@gmail.com call : +44161-706-0688 < Back Chalet Genepi 12,Snowed Inn Chalets,Briançon,no,https://www.snowedinnchalets.com/properties/chalet-genepi-12
Snowed Inn Chalets,snowedinn-chalet-pearl,email : snowedinnchalets@gmail.com call : +44161-706-0688 < Back Chalet Pearl,Snowed Inn Chalets,Briançon,no,https://www.snowedinnchalets.com/properties/chalet-pearl
Serre Chevalier Réservation,serrechevalier-reservation-2-rooms-dumonc,2 ROOMS (DUMONC),,Serre Chevalier: Briançon (1200),no,https://booking.serre-chevalier.com/briancon/2-rooms-dumonc.html
Serre Chevalier Réservation,serrechevalier-reservation-2-rooms-cabin-signal-du-prorel-sp3012p6,2 ROOMS + CABIN SIGNAL DU PROREL (SP3012P6),,Serre Chevalier: Briançon (1200),no,https://booking.serre-chevalier.com/briancon/2-rooms-cabin-signal-du-prorel-sp3012p6.html
Serre Chevalier Réservation,serrechevalier-reservation-2-rooms-4-people-serre-paix-musc,2 ROOMS 4 PEOPLE SERRE PAIX (MUSC),,Serre Chevalier: Briançon (1200),no,https://booking.serre-chevalier.com/briancon/2-rooms-4-people-serre-paix-musc.html
Serre Chevalier Réservation,serrechevalier-reservation-2-rooms-accessible-daffy-mmv,2 ROOMS ACCESSIBLE DAFFY MMV,,Serre Chevalier: Briançon (1200),no,https://booking.serre-chevalier.com/briancon/2-rooms-accessible-daffy-mmv.html
Serre Chevalier Réservation,serrechevalier-reservation-2-rooms-cabin-central-parc-2-bri200-2202,2 ROOMS CABIN CENTRAL PARC 2 (BRI200-2202),,Serre Chevalier: Briançon (1200),no,https://booking.serre-chevalier.com/briancon/2-rooms-cabin-central-parc-2-bri200-2202.html
Serre Chevalier Réservation,serrechevalier-reservation-2-rooms-cabin-grande-torino-skyway-mars,2 ROOMS CABIN GRANDE TORINO SKYWAY (MARS),,Serre Chevalier: Briançon (1200),no,https://booking.serre-chevalier.com/briancon/2-rooms-cabin-grande-torino-skyway-mars.html
Serre Chevalier Réservation,serrechevalier-reservation-2-rooms-cabin-guisane-ii-bri100-2314,2 ROOMS CABIN GUISANE II (BRI100-2314),,Serre Chevalier: Briançon (1200),no,https://booking.serre-chevalier.com/briancon/2-rooms-cabin-guisane-ii-bri100-2314.html
Serre Chevalier Réservation,serrechevalier-reservation-2-rooms-cabin-pre-du-moulin-f-bri220-f102,2 ROOMS CABIN PRE DU MOULIN F (BRI220-F102),,Serre Chevalier: Briançon (1200),no,https://booking.serre-chevalier.com/briancon/2-rooms-cabin-pre-du-moulin-f-bri220-f102.html
Serre Chevalier Réservation,serrechevalier-reservation-2-rooms-cabin-relais-de-la-guisane-a-bri100-a301,2 ROOMS CABIN RELAIS DE LA GUISANE A (BRI100-A301),,Serre Chevalier: Briançon (1200),no,https://booking.serre-chevalier.com/briancon/2-rooms-cabin-relais-de-la-guisane-a-bri100-a301.html
Serre Chevalier Réservation,serrechevalier-reservation-2-rooms-cabin-relais-de-la-guisane-a-bri100-a405,2 ROOMS CABIN RELAIS DE LA GUISANE A (BRI100-A405),,Serre Chevalier: Briançon (1200),no,https://booking.serre-chevalier.com/briancon/2-rooms-cabin-relais-de-la-guisane-a-bri100-a405.html
Serre Chevalier Réservation,serrechevalier-reservation-2-rooms-cabin-relais-de-la-guisane-a-bri100-a406,2 ROOMS CABIN RELAIS DE LA GUISANE A (BRI100-A406),,Serre Chevalier: Briançon (1200),no,https://booking.serre-chevalier.com/briancon/2-rooms-cabin-relais-de-la-guisane-a-bri100-a406.html
Serre Chevalier Réservation,serrechevalier-reservation-2-rooms-cabin-relais-de-la-guisane-i-rg2032p4,2 ROOMS CABIN RELAIS DE LA GUISANE I (RG2032P4),,Serre Chevalier: Briançon (1200),no,https://booking.serre-chevalier.com/briancon/2-rooms-cabin-relais-de-la-guisane-i-rg2032p4.html
Serre Chevalier Réservation,serrechevalier-reservation-2-rooms-cabin-relais-de-la-guisane-i-rg2072p5,2 ROOMS CABIN RELAIS DE LA GUISANE I (RG2072P5),,Serre Chevalier: Briançon (1200),no,https://booking.serre-chevalier.com/briancon/2-rooms-cabin-relais-de-la-guisane-i-rg2072p5.html
Serre Chevalier Réservation,serrechevalier-reservation-2-rooms-cabin-relais-de-la-guisane-ii-bri100-2101,2 ROOMS CABIN RELAIS DE LA GUISANE II (BRI100-2101),,Serre Chevalier: Briançon (1200),no,https://booking.serre-chevalier.com/briancon/2-rooms-cabin-relais-de-la-guisane-ii-bri100-2101.html
Serre Chevalier Réservation,serrechevalier-reservation-2-rooms-cabin-relais-de-la-guisane-ii-bri100-2214,2 ROOMS CABIN RELAIS DE LA GUISANE II (BRI100-2214),,Serre Chevalier: Briançon (1200),no,https://booking.serre-chevalier.com/briancon/2-rooms-cabin-relais-de-la-guisane-ii-bri100-2214.html
Serre Chevalier Réservation,serrechevalier-reservation-2-rooms-cabin-relais-de-la-guisane-ii-bri100-2302,2 ROOMS CABIN RELAIS DE LA GUISANE II (BRI100-2302),,Serre Chevalier: Briançon (1200),no,https://booking.serre-chevalier.com/briancon/2-rooms-cabin-relais-de-la-guisane-ii-bri100-2302.html
Serre Chevalier Réservation,serrechevalier-reservation-2-rooms-cabin-relais-de-la-guisane-ii-bri100-2304,2 ROOMS CABIN RELAIS DE LA GUISANE II (BRI100-2304),,Serre Chevalier: Briançon (1200),no,https://booking.serre-chevalier.com/briancon/2-rooms-cabin-relais-de-la-guisane-ii-bri100-2304.html
Serre Chevalier Réservation,serrechevalier-reservation-2-rooms-cabin-relais-de-la-guisane-ii-bri100-2308,2 ROOMS CABIN RELAIS DE LA GUISANE II (BRI100-2308),,Serre Chevalier: Briançon (1200),no,https://booking.serre-chevalier.com/briancon/2-rooms-cabin-relais-de-la-guisane-ii-bri100-2308.html
Serre Chevalier Réservation,serrechevalier-reservation-2-rooms-cabin-relais-de-la-guisane-ii-bri100-2510,2 ROOMS CABIN RELAIS DE LA GUISANE II (BRI100-2510),,Serre Chevalier: Briançon (1200),no,https://booking.serre-chevalier.com/briancon/2-rooms-cabin-relais-de-la-guisane-ii-bri100-2510.html
Serre Chevalier Réservation,serrechevalier-reservation-2-rooms-cabin-relais-de-la-guisane-ii-rg3122p5,2 ROOMS CABIN RELAIS DE LA GUISANE II (RG3122P5),,Serre Chevalier: Briançon (1200),no,https://booking.serre-chevalier.com/briancon/2-rooms-cabin-relais-de-la-guisane-ii-rg3122p5.html
Serre Chevalier Réservation,serrechevalier-reservation-2-rooms-cabin-relais-de-la-guisane-ii-rg4082p5,2 ROOMS CABIN RELAIS DE LA GUISANE II (RG4082P5),,Serre Chevalier: Briançon (1200),no,https://booking.serre-chevalier.com/briancon/2-rooms-cabin-relais-de-la-guisane-ii-rg4082p5.html
Serre Chevalier Réservation,serrechevalier-reservation-2-rooms-cabin-relais-de-la-guisane-ii-sc-rg1022p5,2 ROOMS CABIN RELAIS DE LA GUISANE II (SC-RG1022P5),,Serre Chevalier: Briançon (1200),no,https://booking.serre-chevalier.com/briancon/2-rooms-cabin-relais-de-la-guisane-ii-sc-rg1022p5.html
Serre Chevalier Réservation,serrechevalier-reservation-2-rooms-cabin-relais-de-la-guisane-ii-sc-rg2062p5,2 ROOMS CABIN RELAIS DE LA GUISANE II (SC-RG2062P5),,Serre Chevalier: Briançon (1200),no,https://booking.serre-chevalier.com/briancon/2-rooms-cabin-relais-de-la-guisane-ii-sc-rg2062p5.html
Serre Chevalier Réservation,serrechevalier-reservation-2-rooms-cabin-relais-de-la-guisane-ii-sc-rg2092p5,2 ROOMS CABIN RELAIS DE LA GUISANE II (SC-RG2092P5),,Serre Chevalier: Briançon (1200),no,https://booking.serre-chevalier.com/briancon/2-rooms-cabin-relais-de-la-guisane-ii-sc-rg2092p5.html
Serre Chevalier Réservation,serrechevalier-reservation-2-rooms-cabin-relais-de-la-guisane-ii-sc-rg3012p5,2 ROOMS CABIN RELAIS DE LA GUISANE II (SC-RG3012P5),,Serre Chevalier: Briançon (1200),no,https://booking.serre-chevalier.com/briancon/2-rooms-cabin-relais-de-la-guisane-ii-sc-rg3012p5.html
Serre Chevalier Réservation,serrechevalier-reservation-2-rooms-cabin-sainte-catherine-bri230-0110,2 ROOMS CABIN SAINTE CATHERINE (BRI230-0110),,Serre Chevalier: Briançon (1200),no,https://booking.serre-chevalier.com/briancon/2-rooms-cabin-sainte-catherine-bri230-0110.html
Serre Chevalier Réservation,serrechevalier-reservation-2-rooms-cabin-signal-du-prorel-sp1072p6,2 ROOMS CABIN SIGNAL DU PROREL (SP1072P6),,Serre Chevalier: Briançon (1200),no,https://booking.serre-chevalier.com/briancon/2-rooms-cabin-signal-du-prorel-sp1072p6.html
Serre Chevalier Réservation,serrechevalier-reservation-2-rooms-cabin-signal-du-prorel-sp1132p6,2 ROOMS CABIN SIGNAL DU PROREL (SP1132P6),,Serre Chevalier: Briançon (1200),no,https://booking.serre-chevalier.com/briancon/2-rooms-cabin-signal-du-prorel-sp1132p6.html
Serre Chevalier Réservation,serrechevalier-reservation-2-rooms-cabin-signal-du-prorel-sp2012p6,2 ROOMS CABIN SIGNAL DU PROREL (SP2012P6),,Serre Chevalier: Briançon (1200),no,https://booking.serre-chevalier.com/briancon/2-rooms-cabin-signal-du-prorel-sp2012p6.html
Serre Chevalier Réservation,serrechevalier-reservation-2-rooms-cabin-signal-du-prorel-sp2072p6,2 ROOMS CABIN SIGNAL DU PROREL (SP2072P6),,Serre Chevalier: Briançon (1200),no,https://booking.serre-chevalier.com/briancon/2-rooms-cabin-signal-du-prorel-sp2072p6.html
Serre Chevalier Réservation,serrechevalier-reservation-2-rooms-cabin-signal-du-prorel-sp3072p6,2 ROOMS CABIN SIGNAL DU PROREL (SP3072P6),,Serre Chevalier: Briançon (1200),no,https://booking.serre-chevalier.com/briancon/2-rooms-cabin-signal-du-prorel-sp3072p6.html
Serre Chevalier Réservation,serrechevalier-reservation-2-rooms-cabin-signal-du-prorel-sp3092p6,2 ROOMS CABIN SIGNAL DU PROREL (SP3092P6),,Serre Chevalier: Briançon (1200),no,https://booking.serre-chevalier.com/briancon/2-rooms-cabin-signal-du-prorel-sp3092p6.html
Serre Chevalier Réservation,serrechevalier-reservation-2-rooms-cabin-signal-du-prorel-sp4012p6,2 ROOMS CABIN SIGNAL DU PROREL (SP4012P6),,Serre Chevalier: Briançon (1200),no,https://booking.serre-chevalier.com/briancon/2-rooms-cabin-signal-du-prorel-sp4012p6.html
Serre Chevalier Réservation,serrechevalier-reservation-2-rooms-cabin-signal-du-prorel-sp5072p6,2 ROOMS CABIN SIGNAL DU PROREL (SP5072P6),,Serre Chevalier: Briançon (1200),no,https://booking.serre-chevalier.com/briancon/2-rooms-cabin-signal-du-prorel-sp5072p6.html
Serre Chevalier Réservation,serrechevalier-reservation-2-rooms-cabin-signal-du-prorel-sp5082p6,2 ROOMS CABIN SIGNAL DU PROREL (SP5082P6),,Serre Chevalier: Briançon (1200),no,https://booking.serre-chevalier.com/briancon/2-rooms-cabin-signal-du-prorel-sp5082p6.html
Serre Chevalier Réservation,serrechevalier-reservation-2-rooms-cabin-signal-du-prorel-sp6012p6,2 ROOMS CABIN SIGNAL DU PROREL (SP6012P6),,Serre Chevalier: Briançon (1200),no,https://booking.serre-chevalier.com/briancon/2-rooms-cabin-signal-du-prorel-sp6012p6.html
Serre Chevalier Réservation,serrechevalier-reservation-2-rooms-cabin-skud-ii-sc-skudii202,2 ROOMS CABIN SKUD II (SC-SKUDII202),,Serre Chevalier: Briançon (1200),no,https://booking.serre-chevalier.com/briancon/2-rooms-cabin-skud-ii-sc-skudii202.html
Serre Chevalier Réservation,serrechevalier-reservation-2-rooms-cadran-solaire-bri670-2621,2 ROOMS CADRAN SOLAIRE (BRI670-2621),,Serre Chevalier: Briançon (1200),no,https://booking.serre-chevalier.com/briancon/2-rooms-cadran-solaire-bri670-2621.html
Serre Chevalier Réservation,serrechevalier-reservation-2-rooms-central-parc-2-bri200-2602,2 ROOMS CENTRAL PARC 2 (BRI200-2602),,Serre Chevalier: Briançon (1200),no,https://booking.serre-chevalier.com/briancon/2-rooms-central-parc-2-bri200-2602.html
Serre Chevalier Réservation,serrechevalier-reservation-2-rooms-central-parc-neige-a-bri210-a022,2 ROOMS CENTRAL PARC NEIGE A (BRI210-A022),,Serre Chevalier: Briançon (1200),no,https://booking.serre-chevalier.com/briancon/2-rooms-central-parc-neige-a-bri210-a022.html
Serre Chevalier Réservation,serrechevalier-reservation-2-rooms-central-parc-neige-b-bri210-b021,2 ROOMS CENTRAL PARC NEIGE B (BRI210-B021),,Serre Chevalier: Briançon (1200),no,https://booking.serre-chevalier.com/briancon/2-rooms-central-parc-neige-b-bri210-b021.html
Serre Chevalier Réservation,serrechevalier-reservation-2-rooms-daffy-mmv-2p4,2 ROOMS DAFFY MMV (2P4),,Serre Chevalier: Briançon (1200),no,https://booking.serre-chevalier.com/briancon/2-rooms-daffy-mmv-2p4.html
Serre Chevalier Réservation,serrechevalier-reservation-2-rooms-daffy-mmv-2p6,2 ROOMS DAFFY MMV (2P6),,Serre Chevalier: Briançon (1200),no,https://booking.serre-chevalier.com/briancon/2-rooms-daffy-mmv-2p6.html
Serre Chevalier Réservation,serrechevalier-reservation-2-rooms-eglantines-bri500-0003,2 ROOMS EGLANTINES (BRI500-0003),,Serre Chevalier: Briançon (1200),no,https://booking.serre-chevalier.com/briancon/2-rooms-eglantines-bri500-0003.html
Serre Chevalier Réservation,serrechevalier-reservation-2-rooms-guisanel-bri110-0516,2 ROOMS GUISANEL (BRI110-0516),,Serre Chevalier: Briançon (1200),no,https://booking.serre-chevalier.com/briancon/2-rooms-guisanel-bri110-0516.html
Serre Chevalier Réservation,serrechevalier-reservation-2-rooms-mas-de-blais-faurg,2 ROOMS MAS DE BLAIS (FAURG),,Serre Chevalier: Briançon (1200),no,https://booking.serre-chevalier.com/briancon/2-rooms-mas-de-blais-faurg.html
Serre Chevalier Réservation,serrechevalier-reservation-2-rooms-mezzanine-les-hauts-de-briancon-a-bri620-a302,2 ROOMS MEZZANINE LES HAUTS DE BRIANCON A (BRI620-A302),,Serre Chevalier: Briançon (1200),no,https://booking.serre-chevalier.com/briancon/2-rooms-mezzanine-les-hauts-de-briancon-a-bri620-a302.html
Serre Chevalier Réservation,serrechevalier-reservation-2-rooms-parc-chancel-b-bri340-b423,2 ROOMS PARC CHANCEL B (BRI340-B423),,Serre Chevalier: Briançon (1200),no,https://booking.serre-chevalier.com/briancon/2-rooms-parc-chancel-b-bri340-b423.html
Serre Chevalier Réservation,serrechevalier-reservation-2-rooms-pre-du-moulin-d-bri220-d102,2 ROOMS PRE DU MOULIN D (BRI220-D102),,Serre Chevalier: Briançon (1200),no,https://booking.serre-chevalier.com/briancon/2-rooms-pre-du-moulin-d-bri220-d102.html
Serre Chevalier Réservation,serrechevalier-reservation-2-rooms-pre-du-moulin-f-bri220-f306,2 ROOMS PRE DU MOULIN F (BRI220-F306),,Serre Chevalier: Briançon (1200),no,https://booking.serre-chevalier.com/briancon/2-rooms-pre-du-moulin-f-bri220-f306.html
Serre Chevalier Réservation,serrechevalier-reservation-2-rooms-relais-de-la-guisane-a-bri100-a409,2 ROOMS RELAIS DE LA GUISANE A (BRI100-A409),,Serre Chevalier: Briançon (1200),no,https://booking.serre-chevalier.com/briancon/2-rooms-relais-de-la-guisane-a-bri100-a409.html
Serre Chevalier Réservation,serrechevalier-reservation-2-rooms-relais-de-la-guisane-ii-bri100-2307,2 ROOMS RELAIS DE LA GUISANE II (BRI100-2307),,Serre Chevalier: Briançon (1200),no,https://booking.serre-chevalier.com/briancon/2-rooms-relais-de-la-guisane-ii-bri100-2307.html
Serre Chevalier Réservation,serrechevalier-reservation-2-rooms-relais-de-la-guisane-ii-sc-rg4042p4,2 ROOMS RELAIS DE LA GUISANE II (SC-RG4042P4),,Serre Chevalier: Briançon (1200),no,https://booking.serre-chevalier.com/briancon/2-rooms-relais-de-la-guisane-ii-sc-rg4042p4.html
Serre Chevalier Réservation,serrechevalier-reservation-2-rooms-terrasses-du-lautaret-bri730-0a03,2 ROOMS TERRASSES DU LAUTARET (BRI730-0A03),,Serre Chevalier: Briançon (1200),no,https://booking.serre-chevalier.com/briancon/2-rooms-terrasses-du-lautaret-bri730-0a03.html
Serre Chevalier Réservation,serrechevalier-reservation-3-pieces-residence-de-l-etoile-clem,3 PIECES RESIDENCE DE L'ETOILE (CLEM),,Serre Chevalier: Briançon (1200),no,https://booking.serre-chevalier.com/briancon/3-pieces-residence-de-l-etoile-clem.html
Serre Chevalier Réservation,serrechevalier-reservation-3-room-cabin-duplex-pre-du-moulin-a-bri220-a003,3 ROOM CABIN DUPLEX PRE DU MOULIN A (BRI220-A003),,Serre Chevalier: Briançon (1200),no,https://booking.serre-chevalier.com/briancon/3-room-cabin-duplex-pre-du-moulin-a-bri220-a003.html
Serre Chevalier Réservation,serrechevalier-reservation-3-rooms-gs19024,3 ROOMS (GS19024),,Serre Chevalier: Briançon (1200),no,https://booking.serre-chevalier.com/briancon/3-rooms-gs19024.html
Serre Chevalier Réservation,serrechevalier-reservation-3-rooms-tour-telm,3 ROOMS (TOUR/TELM),,Serre Chevalier: Briançon (1200),no,https://booking.serre-chevalier.com/briancon/3-rooms-tour-telm.html
Serre Chevalier Réservation,serrechevalier-reservation-3-rooms-aigle-bleu,3 ROOMS AIGLE BLEU,,Serre Chevalier: Briançon (1200),no,https://booking.serre-chevalier.com/briancon/3-rooms-aigle-bleu.html
Serre Chevalier Réservation,serrechevalier-reservation-3-rooms-arolles-a-bri740-a101,3 ROOMS AROLLES A (BRI740-A101),,Serre Chevalier: Briançon (1200),no,https://booking.serre-chevalier.com/briancon/3-rooms-arolles-a-bri740-a101.html
Serre Chevalier Réservation,serrechevalier-reservation-3-rooms-balcons-de-l-izoard-bri765-2024,3 ROOMS BALCONS DE L'IZOARD (BRI765-2024),,Serre Chevalier: Briançon (1200),no,https://booking.serre-chevalier.com/briancon/3-rooms-balcons-de-l-izoard-bri765-2024.html
Serre Chevalier Réservation,serrechevalier-reservation-3-rooms-cabin-cimes-b-bri370-b404,3 ROOMS CABIN CIMES B (BRI370-B404),,Serre Chevalier: Briançon (1200),no,https://booking.serre-chevalier.com/briancon/3-rooms-cabin-cimes-b-bri370-b404.html
Serre Chevalier Réservation,serrechevalier-reservation-3-rooms-cabin-domaine-des-grands-chalets-malone-bri64,3 ROOMS CABIN DOMAINE DES GRANDS CHALETS MALONE (BRI640-M031),,Serre Chevalier: Briançon (1200),no,https://booking.serre-chevalier.com/briancon/3-rooms-cabin-domaine-des-grands-chalets-malone-bri640-m031.html
Serre Chevalier Réservation,serrechevalier-reservation-3-rooms-cabin-l-oree-des-pistes-a-bri150-a001,3 ROOMS CABIN L'OREE DES PISTES A (BRI150-A001),,Serre Chevalier: Briançon (1200),no,https://booking.serre-chevalier.com/briancon/3-rooms-cabin-l-oree-des-pistes-a-bri150-a001.html
Serre Chevalier Réservation,serrechevalier-reservation-3-rooms-cabin-signal-du-prorel-sp023p8,3 ROOMS CABIN SIGNAL DU PROREL (SP023P8),,Serre Chevalier: Briançon (1200),no,https://booking.serre-chevalier.com/briancon/3-rooms-cabin-signal-du-prorel-sp023p8.html
Serre Chevalier Réservation,serrechevalier-reservation-3-rooms-cabin-signal-du-prorel-sp033p8,3 ROOMS CABIN SIGNAL DU PROREL (SP033P8),,Serre Chevalier: Briançon (1200),no,https://booking.serre-chevalier.com/briancon/3-rooms-cabin-signal-du-prorel-sp033p8.html
Serre Chevalier Réservation,serrechevalier-reservation-3-rooms-cimes-a-bri370-a105,3 ROOMS CIMES A (BRI370-A105),,Serre Chevalier: Briançon (1200),no,https://booking.serre-chevalier.com/briancon/3-rooms-cimes-a-bri370-a105.html
Serre Chevalier Réservation,serrechevalier-reservation-3-rooms-cimes-a-bri370-a205,3 ROOMS CIMES A (BRI370-A205),,Serre Chevalier: Briançon (1200),no,https://booking.serre-chevalier.com/briancon/3-rooms-cimes-a-bri370-a205.html
Serre Chevalier Réservation,serrechevalier-reservation-3-rooms-coralines-2b-bri600-2b15,3 ROOMS CORALINES 2B (BRI600-2B15),,Serre Chevalier: Briançon (1200),no,https://booking.serre-chevalier.com/briancon/3-rooms-coralines-2b-bri600-2b15.html
Serre Chevalier Réservation,serrechevalier-reservation-3-rooms-eden-parc-gs25004,3 ROOMS EDEN PARC (GS25004),,Serre Chevalier: Briançon (1200),no,https://booking.serre-chevalier.com/briancon/3-rooms-eden-parc-gs25004.html
Serre Chevalier Réservation,serrechevalier-reservation-3-rooms-eden-parc-a-bri360-a507,3 ROOMS EDEN PARC A (BRI360-A507),,Serre Chevalier: Briançon (1200),no,https://booking.serre-chevalier.com/briancon/3-rooms-eden-parc-a-bri360-a507.html
Serre Chevalier Réservation,serrechevalier-reservation-3-rooms-guisanel-bri110-0114,3 ROOMS GUISANEL (BRI110-0114),,Serre Chevalier: Briançon (1200),no,https://booking.serre-chevalier.com/briancon/3-rooms-guisanel-bri110-0114.html
Serre Chevalier Réservation,serrechevalier-reservation-3-rooms-les-hauts-de-briancon-bri620-b301,3 ROOMS LES HAUTS DE BRIANCON (BRI620-B301),,Serre Chevalier: Briançon (1200),no,https://booking.serre-chevalier.com/briancon/3-rooms-les-hauts-de-briancon-bri620-b301.html
Serre Chevalier Réservation,serrechevalier-reservation-3-rooms-oree-des-pistes-huo,3 ROOMS OREE DES PISTES (HUO),,Serre Chevalier: Briançon (1200),no,https://booking.serre-chevalier.com/briancon/3-rooms-oree-des-pistes-huo.html
Serre Chevalier Réservation,serrechevalier-reservation-3-rooms-parc-chancel-e-bri340-e029,3 ROOMS PARC CHANCEL E (BRI340-E029),,Serre Chevalier: Briançon (1200),no,https://booking.serre-chevalier.com/briancon/3-rooms-parc-chancel-e-bri340-e029.html
Serre Chevalier Réservation,serrechevalier-reservation-3-rooms-plein-soleil-gs15005,3 ROOMS PLEIN SOLEIL (GS15005),,Serre Chevalier: Briançon (1200),no,https://booking.serre-chevalier.com/briancon/3-rooms-plein-soleil-gs15005.html
Serre Chevalier Réservation,serrechevalier-reservation-3-rooms-pre-du-moulin-g-bri220-g101,3 ROOMS PRE DU MOULIN G (BRI220-G101),,Serre Chevalier: Briançon (1200),no,https://booking.serre-chevalier.com/briancon/3-rooms-pre-du-moulin-g-bri220-g101.html
Serre Chevalier Réservation,serrechevalier-reservation-3-rooms-residence-mounieres-b-bri800-b001,3 ROOMS RESIDENCE MOUNIERES B (BRI800-B001),,Serre Chevalier: Briançon (1200),no,https://booking.serre-chevalier.com/briancon/3-rooms-residence-mounieres-b-bri800-b001.html
Serre Chevalier Réservation,serrechevalier-reservation-3-rooms-rue-morand-bri260-0003,3 ROOMS RUE MORAND (BRI260-0003),,Serre Chevalier: Briançon (1200),no,https://booking.serre-chevalier.com/briancon/3-rooms-rue-morand-bri260-0003.html
Serre Chevalier Réservation,serrechevalier-reservation-3-rooms-signal-du-prorel-bri120-0608,3 ROOMS SIGNAL DU PROREL (BRI120-0608),,Serre Chevalier: Briançon (1200),no,https://booking.serre-chevalier.com/briancon/3-rooms-signal-du-prorel-bri120-0608.html
Serre Chevalier Réservation,serrechevalier-reservation-4-rooms-marsnath,4 ROOMS (MARSNATH),,Serre Chevalier: Briançon (1200),no,https://booking.serre-chevalier.com/briancon/4-rooms-marsnath.html
Serre Chevalier Réservation,serrechevalier-reservation-4-rooms-aigle-bleu,4 ROOMS AIGLE BLEU,,Serre Chevalier: Briançon (1200),no,https://booking.serre-chevalier.com/briancon/4-rooms-aigle-bleu.html
Serre Chevalier Réservation,serrechevalier-reservation-4-rooms-avenue-col-de-l-izoard-bri880-0031,4 ROOMS AVENUE COL DE L'IZOARD (BRI880-0031),,Serre Chevalier: Briançon (1200),no,https://booking.serre-chevalier.com/briancon/4-rooms-avenue-col-de-l-izoard-bri880-0031.html
Serre Chevalier Réservation,serrechevalier-reservation-4-rooms-cabin-signal-du-prorel-sc-sp014p10,4 ROOMS CABIN SIGNAL DU PROREL (SC-SP014P10),,Serre Chevalier: Briançon (1200),no,https://booking.serre-chevalier.com/briancon/4-rooms-cabin-signal-du-prorel-sc-sp014p10.html
Serre Chevalier Réservation,serrechevalier-reservation-4-rooms-l-altizoard-carod,4 ROOMS L'ALTIZOARD (CAROD),,Serre Chevalier: Briançon (1200),no,https://booking.serre-chevalier.com/briancon/4-rooms-l-altizoard-carod.html
Serre Chevalier Réservation,serrechevalier-reservation-4-rooms-les-coteaux-du-galibier-bri760-0044,4 ROOMS LES COTEAUX DU GALIBIER (BRI760-0044),,Serre Chevalier: Briançon (1200),no,https://booking.serre-chevalier.com/briancon/4-rooms-les-coteaux-du-galibier-bri760-0044.html
Serre Chevalier Réservation,serrechevalier-reservation-4-rooms-les-muandes-bri710-0043,4 ROOMS LES MUANDES (BRI710-0043),,Serre Chevalier: Briançon (1200),no,https://booking.serre-chevalier.com/briancon/4-rooms-les-muandes-bri710-0043.html
Serre Chevalier Réservation,serrechevalier-reservation-4-rooms-mezzanine-briancelle-a-bri160-a013,4 ROOMS MEZZANINE BRIANCELLE A (BRI160-A013),,Serre Chevalier: Briançon (1200),no,https://booking.serre-chevalier.com/briancon/4-rooms-mezzanine-briancelle-a-bri160-a013.html
Serre Chevalier Réservation,serrechevalier-reservation-4-rooms-pre-du-moulin-b-bri220-b003,4 ROOMS PRE DU MOULIN B (BRI220-B003),,Serre Chevalier: Briançon (1200),no,https://booking.serre-chevalier.com/briancon/4-rooms-pre-du-moulin-b-bri220-b003.html
Serre Chevalier Réservation,serrechevalier-reservation-4-rooms-pre-du-moulin-c-bri220-c003,4 ROOMS PRE DU MOULIN C (BRI220-C003),,Serre Chevalier: Briançon (1200),no,https://booking.serre-chevalier.com/briancon/4-rooms-pre-du-moulin-c-bri220-c003.html
Serre Chevalier Réservation,serrechevalier-reservation-5-rooms-coralines-2b-bri600-2b32,5 ROOMS CORALINES 2B (BRI600-2B32),,Serre Chevalier: Briançon (1200),no,https://booking.serre-chevalier.com/briancon/5-rooms-coralines-2b-bri600-2b32.html
Serre Chevalier Réservation,serrechevalier-reservation-6-rooms-luxury-mezzanine-le-fontus-haut-scifon,6 ROOMS LUXURY MEZZANINE LE FONTUS HAUT (SCIFON),,Serre Chevalier: Briançon (1200),no,https://booking.serre-chevalier.com/briancon/6-rooms-luxury-mezzanine-le-fontus-haut-scifon.html
Serre Chevalier Réservation,serrechevalier-reservation-chalet-le-mont-milo-ambr,CHALET LE MONT MILO (AMBR),,Serre Chevalier: Briançon (1200),no,https://booking.serre-chevalier.com/briancon/chalet-le-mont-milo-ambr.html
Serre Chevalier Réservation,serrechevalier-reservation-chalet-romari-bri850-043d,CHALET ROMARI (BRI850-043D),,Serre Chevalier: Briançon (1200),no,https://booking.serre-chevalier.com/puy-st-pierre/chalet-romari-bri850-043d.html
Serre Chevalier Réservation,serrechevalier-reservation-house-gs23006,HOUSE (GS23006),,Serre Chevalier: Briançon (1200),no,https://booking.serre-chevalier.com/puy-saint-pierre/house-gs23006.html
Serre Chevalier Réservation,serrechevalier-reservation-house-hameau-des-preys-bri860-0004,HOUSE HAMEAU DES PREYS (BRI860-0004),,Serre Chevalier: Briançon (1200),no,https://booking.serre-chevalier.com/briancon/house-hameau-des-preys-bri860-0004.html
Serre Chevalier Réservation,serrechevalier-reservation-house-pont-de-cervieres-bri850-0007,HOUSE PONT DE CERVIERES (BRI850-0007),,Serre Chevalier: Briançon (1200),no,https://booking.serre-chevalier.com/briancon/house-pont-de-cervieres-bri850-0007.html
Serre Chevalier Réservation,serrechevalier-reservation-studio-area-delm,STUDIO AREA (DELM),,Serre Chevalier: Briançon (1200),no,https://booking.serre-chevalier.com/briancon/studio-area-delm.html
Serre Chevalier Réservation,serrechevalier-reservation-studio-cabin-balcons-de-briancon-b-bri400-b227,STUDIO CABIN BALCONS DE BRIANCON B (BRI400-B227),,Serre Chevalier: Briançon (1200),no,https://booking.serre-chevalier.com/briancon/studio-cabin-balcons-de-briancon-b-bri400-b227.html
Serre Chevalier Réservation,serrechevalier-reservation-studio-cabin-balcons-de-briancon-c-bri400-c132,STUDIO CABIN BALCONS DE BRIANCON C (BRI400-C132),,Serre Chevalier: Briançon (1200),no,https://booking.serre-chevalier.com/briancon/studio-cabin-balcons-de-briancon-c-bri400-c132.html
Serre Chevalier Réservation,serrechevalier-reservation-studio-cabin-central-parc-1b-bri200-b210,STUDIO CABIN CENTRAL PARC 1B (BRI200-B210),,Serre Chevalier: Briançon (1200),no,https://booking.serre-chevalier.com/briancon/studio-cabin-central-parc-1b-bri200-b210.html
Serre Chevalier Réservation,serrechevalier-reservation-studio-cabin-central-park-1a-bri200-a103,STUDIO CABIN CENTRAL PARK 1A (BRI200-A103),,Serre Chevalier: Briançon (1200),no,https://booking.serre-chevalier.com/briancon/studio-cabin-central-park-1a-bri200-a103.html
Serre Chevalier Réservation,serrechevalier-reservation-studio-cabin-mas-des-cimes-bri540-a122,STUDIO CABIN MAS DES CIMES (BRI540-A122),,Serre Chevalier: Briançon (1200),no,https://booking.serre-chevalier.com/briancon/studio-cabin-mas-des-cimes-bri540-a122.html
Serre Chevalier Réservation,serrechevalier-reservation-studio-cabin-plein-soleil-gs25010,STUDIO CABIN PLEIN SOLEIL (GS25010),,Serre Chevalier: Briançon (1200),no,https://booking.serre-chevalier.com/briancon/studio-cabin-plein-soleil-gs25010.html
Serre Chevalier Réservation,serrechevalier-reservation-studio-cabin-relais-de-la-guisane-a-bri100-a503,STUDIO CABIN RELAIS DE LA GUISANE A (BRI100-A503),,Serre Chevalier: Briançon (1200),no,https://booking.serre-chevalier.com/briancon/studio-cabin-relais-de-la-guisane-a-bri100-a503.html
Serre Chevalier Réservation,serrechevalier-reservation-studio-cabin-relais-de-la-guisane-ii-bri100-2113,STUDIO CABIN RELAIS DE LA GUISANE II (BRI100-2113),,Serre Chevalier: Briançon (1200),no,https://booking.serre-chevalier.com/briancon/studio-cabin-relais-de-la-guisane-ii-bri100-2113.html
Serre Chevalier Réservation,serrechevalier-reservation-studio-cabin-relais-de-la-guisane-ii-bri100-2403,STUDIO CABIN RELAIS DE LA GUISANE II (BRI100-2403),,Serre Chevalier: Briançon (1200),no,https://booking.serre-chevalier.com/briancon/studio-cabin-relais-de-la-guisane-ii-bri100-2403.html
Serre Chevalier Réservation,serrechevalier-reservation-studio-cabin-sainte-catherine-bri230-0003,STUDIO CABIN SAINTE CATHERINE (BRI230-0003),,Serre Chevalier: Briançon (1200),no,https://booking.serre-chevalier.com/briancon/studio-cabin-sainte-catherine-bri230-0003.html
Serre Chevalier Réservation,serrechevalier-reservation-studio-cabin-sainte-catherine-bri230-0103,STUDIO CABIN SAINTE CATHERINE (BRI230-0103),,Serre Chevalier: Briançon (1200),no,https://booking.serre-chevalier.com/briancon/studio-cabin-sainte-catherine-bri230-0103.html
Serre Chevalier Réservation,serrechevalier-reservation-studio-cabin-signal-du-prorel-bri120-0312,STUDIO CABIN SIGNAL DU PROREL (BRI120-0312),,Serre Chevalier: Briançon (1200),no,https://booking.serre-chevalier.com/briancon/studio-cabin-signal-du-prorel-bri120-0312.html
Serre Chevalier Réservation,serrechevalier-reservation-studio-cabin-signal-du-prorel-bri120-0504,STUDIO CABIN SIGNAL DU PROREL (BRI120-0504),,Serre Chevalier: Briançon (1200),no,https://booking.serre-chevalier.com/briancon/studio-cabin-signal-du-prorel-bri120-0504.html
Serre Chevalier Réservation,serrechevalier-reservation-studio-cabin-signal-du-prorel-sc-sp110st4,STUDIO CABIN SIGNAL DU PROREL (SC-SP110ST4),,Serre Chevalier: Briançon (1200),no,https://booking.serre-chevalier.com/briancon/studio-cabin-signal-du-prorel-sc-sp110st4.html
Serre Chevalier Réservation,serrechevalier-reservation-studio-cabin-signal-du-prorel-sc-sp209st4,STUDIO CABIN SIGNAL DU PROREL (SC-SP209ST4),,Serre Chevalier: Briançon (1200),no,https://booking.serre-chevalier.com/briancon/studio-cabin-signal-du-prorel-sc-sp209st4.html
Serre Chevalier Réservation,serrechevalier-reservation-studio-cabin-signal-du-prorel-sc-sp311st4,STUDIO CABIN SIGNAL DU PROREL (SC-SP311ST4),,Serre Chevalier: Briançon (1200),no,https://booking.serre-chevalier.com/briancon/studio-cabin-signal-du-prorel-sc-sp311st4.html
Serre Chevalier Réservation,serrechevalier-reservation-studio-cabin-signal-du-prorel-sc-sp405st4,STUDIO CABIN SIGNAL DU PROREL (SC-SP405ST4),,Serre Chevalier: Briançon (1200),no,https://booking.serre-chevalier.com/briancon/studio-cabin-signal-du-prorel-sc-sp405st4.html
Serre Chevalier Réservation,serrechevalier-reservation-studio-cabin-signal-du-prorel-sc-sp410st4,STUDIO CABIN SIGNAL DU PROREL (SC-SP410ST4),,Serre Chevalier: Briançon (1200),no,https://booking.serre-chevalier.com/briancon/studio-cabin-signal-du-prorel-sc-sp410st4.html
Serre Chevalier Réservation,serrechevalier-reservation-studio-cabin-signal-du-prorel-sc-sp503st4,STUDIO CABIN SIGNAL DU PROREL (SC-SP503ST4),,Serre Chevalier: Briançon (1200),no,https://booking.serre-chevalier.com/briancon/studio-cabin-signal-du-prorel-sc-sp503st4.html
Serre Chevalier Réservation,serrechevalier-reservation-studio-cabin-signal-du-prorel-sc-sp505st4,STUDIO CABIN SIGNAL DU PROREL (SC-SP505ST4),,Serre Chevalier: Briançon (1200),no,https://booking.serre-chevalier.com/briancon/studio-cabin-signal-du-prorel-sc-sp505st4.html
Serre Chevalier Réservation,serrechevalier-reservation-studio-cabin-signal-du-prorel-sc-sp506st4,STUDIO CABIN SIGNAL DU PROREL (SC-SP506ST4),,Serre Chevalier: Briançon (1200),no,https://booking.serre-chevalier.com/briancon/studio-cabin-signal-du-prorel-sc-sp506st4.html
Serre Chevalier Réservation,serrechevalier-reservation-studio-cabin-signal-du-prorel-sc-sp510st4,STUDIO CABIN SIGNAL DU PROREL (SC-SP510ST4),,Serre Chevalier: Briançon (1200),no,https://booking.serre-chevalier.com/briancon/studio-cabin-signal-du-prorel-sc-sp510st4.html
Serre Chevalier Réservation,serrechevalier-reservation-studio-cabin-signal-du-prorel-sp105st4,STUDIO CABIN SIGNAL DU PROREL (SP105ST4),,Serre Chevalier: Briançon (1200),no,https://booking.serre-chevalier.com/briancon/studio-cabin-signal-du-prorel-sp105st4.html
Serre Chevalier Réservation,serrechevalier-reservation-studio-cabin-signal-du-prorel-sp106st4,STUDIO CABIN SIGNAL DU PROREL (SP106ST4),,Serre Chevalier: Briançon (1200),no,https://booking.serre-chevalier.com/briancon/studio-cabin-signal-du-prorel-sp106st4.html
Serre Chevalier Réservation,serrechevalier-reservation-studio-cabin-signal-du-prorel-sp109st4,STUDIO CABIN SIGNAL DU PROREL (SP109ST4),,Serre Chevalier: Briançon (1200),no,https://booking.serre-chevalier.com/briancon/studio-cabin-signal-du-prorel-sp109st4.html
Serre Chevalier Réservation,serrechevalier-reservation-studio-cabin-signal-du-prorel-sp111st4,STUDIO CABIN SIGNAL DU PROREL (SP111ST4),,Serre Chevalier: Briançon (1200),no,https://booking.serre-chevalier.com/briancon/studio-cabin-signal-du-prorel-sp111st4.html
Serre Chevalier Réservation,serrechevalier-reservation-studio-cabin-signal-du-prorel-sp112st4,STUDIO CABIN SIGNAL DU PROREL (SP112ST4),,Serre Chevalier: Briançon (1200),no,https://booking.serre-chevalier.com/briancon/studio-cabin-signal-du-prorel-sp112st4.html
Serre Chevalier Réservation,serrechevalier-reservation-studio-cabin-signal-du-prorel-sp202st4,STUDIO CABIN SIGNAL DU PROREL (SP202ST4),,Serre Chevalier: Briançon (1200),no,https://booking.serre-chevalier.com/briancon/studio-cabin-signal-du-prorel-sp202st4.html
Serre Chevalier Réservation,serrechevalier-reservation-studio-cabin-signal-du-prorel-sp205st4,STUDIO CABIN SIGNAL DU PROREL (SP205ST4),,Serre Chevalier: Briançon (1200),no,https://booking.serre-chevalier.com/briancon/studio-cabin-signal-du-prorel-sp205st4.html
Serre Chevalier Réservation,serrechevalier-reservation-studio-cabin-signal-du-prorel-sp206st4,STUDIO CABIN SIGNAL DU PROREL (SP206ST4),,Serre Chevalier: Briançon (1200),no,https://booking.serre-chevalier.com/briancon/studio-cabin-signal-du-prorel-sp206st4.html
Serre Chevalier Réservation,serrechevalier-reservation-studio-cabin-signal-du-prorel-sp208st4,STUDIO CABIN SIGNAL DU PROREL (SP208ST4),,Serre Chevalier: Briançon (1200),no,https://booking.serre-chevalier.com/briancon/studio-cabin-signal-du-prorel-sp208st4.html
Serre Chevalier Réservation,serrechevalier-reservation-studio-cabin-signal-du-prorel-sp210st4,STUDIO CABIN SIGNAL DU PROREL (SP210ST4),,Serre Chevalier: Briançon (1200),no,https://booking.serre-chevalier.com/briancon/studio-cabin-signal-du-prorel-sp210st4.html
Serre Chevalier Réservation,serrechevalier-reservation-studio-cabin-signal-du-prorel-sp302st4,STUDIO CABIN SIGNAL DU PROREL (SP302ST4),,Serre Chevalier: Briançon (1200),no,https://booking.serre-chevalier.com/briancon/studio-cabin-signal-du-prorel-sp302st4.html
Serre Chevalier Réservation,serrechevalier-reservation-studio-cabin-signal-du-prorel-sp303st4,STUDIO CABIN SIGNAL DU PROREL (SP303ST4),,Serre Chevalier: Briançon (1200),no,https://booking.serre-chevalier.com/briancon/studio-cabin-signal-du-prorel-sp303st4.html
Serre Chevalier Réservation,serrechevalier-reservation-studio-cabin-signal-du-prorel-sp305st4,STUDIO CABIN SIGNAL DU PROREL (SP305ST4),,Serre Chevalier: Briançon (1200),no,https://booking.serre-chevalier.com/briancon/studio-cabin-signal-du-prorel-sp305st4.html
Serre Chevalier Réservation,serrechevalier-reservation-studio-cabin-signal-du-prorel-sp306st4,STUDIO CABIN SIGNAL DU PROREL (SP306ST4),,Serre Chevalier: Briançon (1200),no,https://booking.serre-chevalier.com/briancon/studio-cabin-signal-du-prorel-sp306st4.html
Serre Chevalier Réservation,serrechevalier-reservation-studio-cabin-signal-du-prorel-sp512st4,STUDIO CABIN SIGNAL DU PROREL (SP512ST4),,Serre Chevalier: Briançon (1200),no,https://booking.serre-chevalier.com/briancon/studio-cabin-signal-du-prorel-sp512st4.html
Serre Chevalier Réservation,serrechevalier-reservation-studio-cabin-signal-du-prorel-sp602st4,STUDIO CABIN SIGNAL DU PROREL (SP602ST4),,Serre Chevalier: Briançon (1200),no,https://booking.serre-chevalier.com/briancon/studio-cabin-signal-du-prorel-sp602st4.html
Serre Chevalier Réservation,serrechevalier-reservation-studio-cabin-signal-du-prorel-sp603st4,STUDIO CABIN SIGNAL DU PROREL (SP603ST4),,Serre Chevalier: Briançon (1200),no,https://booking.serre-chevalier.com/briancon/studio-cabin-signal-du-prorel-sp603st4.html
Serre Chevalier Réservation,serrechevalier-reservation-studio-cabin-signal-du-prorel-sp605st4,STUDIO CABIN SIGNAL DU PROREL (SP605ST4),,Serre Chevalier: Briançon (1200),no,https://booking.serre-chevalier.com/briancon/studio-cabin-signal-du-prorel-sp605st4.html
Serre Chevalier Réservation,serrechevalier-reservation-studio-cabin-signal-du-prorel-sp612st4,STUDIO CABIN SIGNAL DU PROREL (SP612ST4),,Serre Chevalier: Briançon (1200),no,https://booking.serre-chevalier.com/briancon/studio-cabin-signal-du-prorel-sp612st4.html
Serre Chevalier Réservation,serrechevalier-reservation-studio-central-parc-1a-bri200-a302,STUDIO CENTRAL PARC 1A (BRI200-A302),,Serre Chevalier: Briançon (1200),no,https://booking.serre-chevalier.com/briancon/studio-central-parc-1a-bri200-a302.html
Serre Chevalier Réservation,serrechevalier-reservation-studio-relais-de-la-guisane-b-bri100-b314,STUDIO RELAIS DE LA GUISANE B (BRI100-B314),,Serre Chevalier: Briançon (1200),no,https://booking.serre-chevalier.com/briancon/studio-relais-de-la-guisane-b-bri100-b314.html
Serre Chevalier Réservation,serrechevalier-reservation-studio-signal-du-prorel-bri120-0610,STUDIO SIGNAL DU PROREL (BRI120-0610),,Serre Chevalier: Briançon (1200),no,https://booking.serre-chevalier.com/briancon/studio-signal-du-prorel-bri120-0610.html
Serre Chevalier Réservation,serrechevalier-reservation-studio-signal-du-prorel-sc-sp104st2,STUDIO SIGNAL DU PROREL (SC-SP104ST2),,Serre Chevalier: Briançon (1200),no,https://booking.serre-chevalier.com/briancon/studio-signal-du-prorel-sc-sp104st2.html
Serre Chevalier Réservation,serrechevalier-reservation-studio-signal-du-prorel-sc-sp204st3,STUDIO SIGNAL DU PROREL (SC-SP204ST3),,Serre Chevalier: Briançon (1200),no,https://booking.serre-chevalier.com/briancon/studio-signal-du-prorel-sc-sp204st3.html
Serre Chevalier Réservation,serrechevalier-reservation-studio-signal-du-prorel-sc-sp304st3,STUDIO SIGNAL DU PROREL (SC-SP304ST3),,Serre Chevalier: Briançon (1200),no,https://booking.serre-chevalier.com/briancon/studio-signal-du-prorel-sc-sp304st3.html
Serre Chevalier Réservation,serrechevalier-reservation-studio-signal-du-prorel-sc-sp404st2,STUDIO SIGNAL DU PROREL (SC-SP404ST2),,Serre Chevalier: Briançon (1200),no,https://booking.serre-chevalier.com/briancon/studio-signal-du-prorel-sc-sp404st2.html
Serre Chevalier Réservation,serrechevalier-reservation-studio-signal-du-prorel-sp102st4,STUDIO SIGNAL DU PROREL (SP102ST4),,Serre Chevalier: Briançon (1200),no,https://booking.serre-chevalier.com/briancon/studio-signal-du-prorel-sp102st4.html
Serre Chevalier Réservation,serrechevalier-reservation-studio-signal-du-prorel-sp103st4,STUDIO SIGNAL DU PROREL (SP103ST4),,Serre Chevalier: Briançon (1200),no,https://booking.serre-chevalier.com/briancon/studio-signal-du-prorel-sp103st4.html
Serre Chevalier Réservation,serrechevalier-reservation-studio-signal-du-prorel-sp108st4,STUDIO SIGNAL DU PROREL (SP108ST4),,Serre Chevalier: Briançon (1200),no,https://booking.serre-chevalier.com/briancon/studio-signal-du-prorel-sp108st4.html
Serre Chevalier Réservation,serrechevalier-reservation-studio-signal-du-prorel-sp203st4,STUDIO SIGNAL DU PROREL (SP203ST4),,Serre Chevalier: Briançon (1200),no,https://booking.serre-chevalier.com/briancon/studio-signal-du-prorel-sp203st4.html
"Combloux Réservation (official, Orchestra)",combloux-2-pieces-residence-chalets-autrichiens-r-107799,2 pièces - Résidence CHALETS AUTRICHIENS - ref CB913,,Combloux,no,https://reservation.combloux.com/product?lang=fr_FR&s_pid=107799
"Combloux Réservation (official, Orchestra)",combloux-2-pieces-residence-cret-du-loup-ref-cb92-107811,2 pièces - Résidence CRET DU LOUP - ref CB929,,Combloux,no,https://reservation.combloux.com/product?lang=fr_FR&s_pid=107811
"Combloux Réservation (official, Orchestra)",combloux-2-pieces-residence-l-ecrin-des-glaciers--107808,2 pièces - Résidence L'ECRIN DES GLACIERS ISARD - ref CB754,,Combloux,no,https://reservation.combloux.com/product?lang=fr_FR&s_pid=107808
"Combloux Réservation (official, Orchestra)",combloux-2-pieces-residence-le-royal-ref-cb277-107803,2 pièces - Résidence LE ROYAL - ref CB277,,Combloux,no,https://reservation.combloux.com/product?lang=fr_FR&s_pid=107803
"Combloux Réservation (official, Orchestra)",combloux-2-pieces-residence-le-royal-ref-cb711-107794,2 pièces - Résidence LE ROYAL - ref CB711,,Combloux,no,https://reservation.combloux.com/product?lang=fr_FR&s_pid=107794
"Combloux Réservation (official, Orchestra)",combloux-2-pieces-residence-les-cristaux-du-haut--107810,2 pièces - Résidence LES CRISTAUX DU HAUT - ref CB736,,Combloux,no,https://reservation.combloux.com/product?lang=fr_FR&s_pid=107810
"Combloux Réservation (official, Orchestra)",combloux-2-pieces-residence-les-granges-d-ormaret-107802,2 pièces - Résidence LES GRANGES D'ORMARET - ref CB275,,Combloux,no,https://reservation.combloux.com/product?lang=fr_FR&s_pid=107802
"Combloux Réservation (official, Orchestra)",combloux-2-pieces-residence-les-granges-de-colomb-107775,2 pièces - Résidence LES GRANGES DE COLOMB - ref CB269,,Combloux,no,https://reservation.combloux.com/product?lang=fr_FR&s_pid=107775
"Combloux Réservation (official, Orchestra)",combloux-2-pieces-residence-perle-des-neiges-ref--107800,2 pièces - Résidence PERLE DES NEIGES - ref CB718,,Combloux,no,https://reservation.combloux.com/product?lang=fr_FR&s_pid=107800
"Combloux Réservation (official, Orchestra)",combloux-2-pieces-residence-princesse-en-etraz-na-107809,2 pièces - Résidence PRINCESSE EN ETRAZ NARCISSE - ref CB274,,Combloux,no,https://reservation.combloux.com/product?lang=fr_FR&s_pid=107809
"Combloux Réservation (official, Orchestra)",combloux-3-pieces-residence-chalet-flore-ref-cb92-107793,3 pièces - Résidence CHALET FLORE - ref CB921,,Combloux,no,https://reservation.combloux.com/product?lang=fr_FR&s_pid=107793
"Combloux Réservation (official, Orchestra)",combloux-3-pieces-residence-ecrin-des-glaciers-da-107804,3 pièces - Résidence ECRIN DES GLACIERS DAIM - ref CB291,,Combloux,no,https://reservation.combloux.com/product?lang=fr_FR&s_pid=107804
"Combloux Réservation (official, Orchestra)",combloux-3-pieces-residence-la-cry-ref-cb912-107807,3 pièces - Résidence LA CRY - ref CB912,,Combloux,no,https://reservation.combloux.com/product?lang=fr_FR&s_pid=107807
"Combloux Réservation (official, Orchestra)",combloux-3-pieces-residence-le-royal-ref-cb916-107805,3 pièces - Résidence LE ROYAL - ref CB916,,Combloux,no,https://reservation.combloux.com/product?lang=fr_FR&s_pid=107805
"Combloux Réservation (official, Orchestra)",combloux-3-pieces-residence-les-terrasses-du-mont-107812,3 pièces - Résidence LES TERRASSES DU MONT BLANC - ref CB931,,Combloux,no,https://reservation.combloux.com/product?lang=fr_FR&s_pid=107812
"Combloux Réservation (official, Orchestra)",combloux-3-pieces-residence-princesse-en-etraz-na-107806,3 pièces - Résidence PRINCESSE EN ETRAZ NARCISSE - ref CB844,,Combloux,no,https://reservation.combloux.com/product?lang=fr_FR&s_pid=107806
"Combloux Réservation (official, Orchestra)",combloux-appartement-3-pieces-mezzanine-7-couchag-40027,"Appartement 3 Pièces + Mezzanine, 7 couchages, COMBLOUX - ref COM200-OD1G",,Combloux,no,https://reservation.combloux.com/product?lang=fr_FR&s_pid=40027
"Combloux Réservation (official, Orchestra)",combloux-appartement-3-pieces-4-6-couchages-combl-40029,"Appartement 3 Pièces, 4/6 couchages, COMBLOUX - ref COM100-A402",,Combloux,no,https://reservation.combloux.com/product?lang=fr_FR&s_pid=40029
"Combloux Réservation (official, Orchestra)",combloux-appartement-3-pieces-4-6-couchages-combl-40026,"Appartement 3 Pièces, 4/6 couchages, COMBLOUX - ref COM101-B001",,Combloux,no,https://reservation.combloux.com/product?lang=fr_FR&s_pid=40026
"Combloux Réservation (official, Orchestra)",combloux-appartement-3-pieces-4-6-couchages-combl-40028,"Appartement 3 Pièces, 4/6 couchages, COMBLOUX - ref COM101-B302",,Combloux,no,https://reservation.combloux.com/product?lang=fr_FR&s_pid=40028
Le Chalet Club,lechaletclub-chalet-180,Chalet 180,Le Chalet Club,Combloux,no,https://www.lechalet.club/chalets/chalet-180
"Combloux Réservation (official, Orchestra)",combloux-chalet-alpayak-35088,Chalet Alpayak,,Combloux,no,https://reservation.combloux.com/product?lang=fr_FR&s_pid=35088
"Combloux Réservation (official, Orchestra)",combloux-chalet-bellevue-2et-14363,Chalet Bellevue - 2ET,,Combloux,no,https://reservation.combloux.com/product?lang=fr_FR&s_pid=14363
"Combloux Réservation (official, Orchestra)",combloux-chalet-bellevue-rc-14362,Chalet Bellevue - RC,,Combloux,no,https://reservation.combloux.com/product?lang=fr_FR&s_pid=14362
"Combloux Réservation (official, Orchestra)",combloux-chalet-bichette-107909,Chalet Bichette,,Combloux,no,https://reservation.combloux.com/product?lang=fr_FR&s_pid=107909
"Combloux Réservation (official, Orchestra)",combloux-chalet-buttoud-12826,Chalet Buttoud,,Combloux,no,https://reservation.combloux.com/product?lang=fr_FR&s_pid=12826
Le Chalet Club,lechaletclub-chalet-diane,Chalet Diane,Le Chalet Club,Combloux,no,https://www.lechalet.club/chalets/chalet-diane
Le Chalet Club,lechaletclub-chalet-double-m,Chalet Double M,Le Chalet Club,Combloux,no,https://www.lechalet.club/chalets/chalet-double-m
"Combloux Réservation (official, Orchestra)",combloux-chalet-gouter-vision-14p-13342,Chalet Gouter Vision 14p,,Combloux,no,https://reservation.combloux.com/product?lang=fr_FR&s_pid=13342
"Combloux Réservation (official, Orchestra)",combloux-chalet-gouter-vision-4p-13242,Chalet Gouter Vision 4p,,Combloux,no,https://reservation.combloux.com/product?lang=fr_FR&s_pid=13242
"Combloux Réservation (official, Orchestra)",combloux-chalet-julbert-37848,Chalet Julbert,,Combloux,no,https://reservation.combloux.com/product?lang=fr_FR&s_pid=37848
"Combloux Réservation (official, Orchestra)",combloux-chalet-l-ourson-32910,Chalet L'Ourson,,Combloux,no,https://reservation.combloux.com/product?lang=fr_FR&s_pid=32910
"Combloux Réservation (official, Orchestra)",combloux-chalet-le-chailloux-13022,Chalet Le Chailloux,,Combloux,no,https://reservation.combloux.com/product?lang=fr_FR&s_pid=13022
"Combloux Réservation (official, Orchestra)",combloux-chalet-le-rouet-99189,Chalet Le Rouet,,Combloux,no,https://reservation.combloux.com/product?lang=fr_FR&s_pid=99189
Le Chalet Club,lechaletclub-chalet-les-granges,Chalet Les Granges,Le Chalet Club,Combloux,no,https://www.lechalet.club/chalets/chalet-les-granges
Ski Line,lechaletclub-chalet-les-granges,Chalet Les Granges,Le Chalet Club,Combloux,no,https://www.lechalet.club/chalets/chalet-les-granges
Le Chalet Club,lechaletclub-chalet-marianna,Chalet Marianna,Le Chalet Club,Combloux,no,https://www.lechalet.club/chalets/chalet-marianna
"Combloux Réservation (official, Orchestra)",combloux-chalet-mont-blanc-appartement-4-5p-1er-e-12966,Chalet Mont-Blanc - Appartement 4/5p - 1er étage,,Combloux,no,https://reservation.combloux.com/product?lang=fr_FR&s_pid=12966
"Combloux Réservation (official, Orchestra)",combloux-chalet-mont-blanc-appartement-6-7p-rez-d-12965,Chalet Mont-Blanc - Appartement 6/7p Rez de jardin,,Combloux,no,https://reservation.combloux.com/product?lang=fr_FR&s_pid=12965
"Combloux Réservation (official, Orchestra)",combloux-chalet-paget-13102,Chalet Paget,,Combloux,no,https://reservation.combloux.com/product?lang=fr_FR&s_pid=13102
"Combloux Réservation (official, Orchestra)",combloux-chalet-saint-jean-13031,Chalet Saint-Jean,,Combloux,no,https://reservation.combloux.com/product?lang=fr_FR&s_pid=13031
"Combloux Réservation (official, Orchestra)",combloux-chalet-solveig-12743,Chalet Solveig,,Combloux,no,https://reservation.combloux.com/product?lang=fr_FR&s_pid=12743
"Combloux Réservation (official, Orchestra)",combloux-chalet-subli-cimes-16362,Chalet Subli'Cimes,,Combloux,no,https://reservation.combloux.com/product?lang=fr_FR&s_pid=16362
Le Chalet Club,lechaletclub-chalet-velvet,Chalet Velvet,Le Chalet Club,Combloux,no,https://www.lechalet.club/chalets/chalet-velvet
Le Chalet Club,lechaletclub-chalet-victory,Chalet Victory,Le Chalet Club,Combloux,no,https://www.lechalet.club/chalets/chalet-victory
"Combloux Réservation (official, Orchestra)",combloux-chalet-de-basseville-14404,Chalet de Basseville,,Combloux,no,https://reservation.combloux.com/product?lang=fr_FR&s_pid=14404
"Combloux Réservation (official, Orchestra)",combloux-chalet-de-mouille-noire-105289,Chalet de Mouille Noire,,Combloux,no,https://reservation.combloux.com/product?lang=fr_FR&s_pid=105289
"Combloux Réservation (official, Orchestra)",combloux-chalet-de-la-promenade-13183,Chalet de la Promenade,,Combloux,no,https://reservation.combloux.com/product?lang=fr_FR&s_pid=13183
"Combloux Réservation (official, Orchestra)",combloux-l-achouta-n14-13362,L'Achouta N°14,,Combloux,no,https://reservation.combloux.com/product?lang=fr_FR&s_pid=13362
"Combloux Réservation (official, Orchestra)",combloux-l-achouta-n20-13163,L'Achouta N°20,,Combloux,no,https://reservation.combloux.com/product?lang=fr_FR&s_pid=13163
"Combloux Réservation (official, Orchestra)",combloux-l-achouta-n31-30642,L'Achouta N°31,,Combloux,no,https://reservation.combloux.com/product?lang=fr_FR&s_pid=30642
"Combloux Réservation (official, Orchestra)",combloux-l-achouta-n30-39945,L'Achouta n°30,,Combloux,no,https://reservation.combloux.com/product?lang=fr_FR&s_pid=39945
"Combloux Réservation (official, Orchestra)",combloux-l-alpage-de-combloux-b201-104909,L'Alpage de Combloux B201,,Combloux,no,https://reservation.combloux.com/product?lang=fr_FR&s_pid=104909
"Combloux Réservation (official, Orchestra)",combloux-l-ecrin-des-glaciers-la-biche-n98-32941,L'Ecrin des Glaciers - La Biche n°98,,Combloux,no,https://reservation.combloux.com/product?lang=fr_FR&s_pid=32941
"Combloux Réservation (official, Orchestra)",combloux-l-oree-du-bois-l-aigle-13885,L'Orée du Bois - L'Aigle,,Combloux,no,https://reservation.combloux.com/product?lang=fr_FR&s_pid=13885
"Combloux Réservation (official, Orchestra)",combloux-l-oree-du-bois-la-grive-13887,L'Orée du Bois - La Grive,,Combloux,no,https://reservation.combloux.com/product?lang=fr_FR&s_pid=13887
"Combloux Réservation (official, Orchestra)",combloux-l-oree-du-bois-le-geai-13886,L'Orée du Bois - Le Geai,,Combloux,no,https://reservation.combloux.com/product?lang=fr_FR&s_pid=13886
"Combloux Réservation (official, Orchestra)",combloux-l-oree-du-bois-le-merle-13888,L'Orée du Bois - Le Merle,,Combloux,no,https://reservation.combloux.com/product?lang=fr_FR&s_pid=13888
"Combloux Réservation (official, Orchestra)",combloux-l-oree-du-bois-le-pinson-13889,L'Orée du Bois - Le Pinson,,Combloux,no,https://reservation.combloux.com/product?lang=fr_FR&s_pid=13889
"Combloux Réservation (official, Orchestra)",combloux-la-barotiere-12843,La Barotière,,Combloux,no,https://reservation.combloux.com/product?lang=fr_FR&s_pid=12843
"Combloux Réservation (official, Orchestra)",combloux-la-barotiere-n9-12983,La Barotière N°9,,Combloux,no,https://reservation.combloux.com/product?lang=fr_FR&s_pid=12983
"Combloux Réservation (official, Orchestra)",combloux-la-cabane-de-leon-42910,La Cabane de Léon,,Combloux,no,https://reservation.combloux.com/product?lang=fr_FR&s_pid=42910
"Combloux Réservation (official, Orchestra)",combloux-la-cordee-13202,La Cordée,,Combloux,no,https://reservation.combloux.com/product?lang=fr_FR&s_pid=13202
"Combloux Réservation (official, Orchestra)",combloux-la-ferme-du-mont-blanc-12902,La Ferme du Mont-Blanc,,Combloux,no,https://reservation.combloux.com/product?lang=fr_FR&s_pid=12902
"Combloux Réservation (official, Orchestra)",combloux-la-pevote-13882,La Pevote,,Combloux,no,https://reservation.combloux.com/product?lang=fr_FR&s_pid=13882
"Combloux Réservation (official, Orchestra)",combloux-la-tour-14405,La Tour,,Combloux,no,https://reservation.combloux.com/product?lang=fr_FR&s_pid=14405
"Combloux Réservation (official, Orchestra)",combloux-la-transhumance-12862,La Transhumance,,Combloux,no,https://reservation.combloux.com/product?lang=fr_FR&s_pid=12862
"Combloux Réservation (official, Orchestra)",combloux-le-balcon-des-alpes-14082,Le Balcon des Alpes,,Combloux,no,https://reservation.combloux.com/product?lang=fr_FR&s_pid=14082
"Combloux Réservation (official, Orchestra)",combloux-le-cret-du-loup-n13-12829,Le Crêt du Loup N°13,,Combloux,no,https://reservation.combloux.com/product?lang=fr_FR&s_pid=12829
"Combloux Réservation (official, Orchestra)",combloux-le-granit-13032,Le Granit,,Combloux,no,https://reservation.combloux.com/product?lang=fr_FR&s_pid=13032
"Combloux Réservation (official, Orchestra)",combloux-le-gros-caillou-granit-13186,Le Gros Caillou - Granit,,Combloux,no,https://reservation.combloux.com/product?lang=fr_FR&s_pid=13186
"Combloux Réservation (official, Orchestra)",combloux-le-mazot-de-janton-39568,Le Mazot de Janton,,Combloux,no,https://reservation.combloux.com/product?lang=fr_FR&s_pid=39568
"Combloux Réservation (official, Orchestra)",combloux-le-mowgli-n15-12825,Le Mowgli - N°15,,Combloux,no,https://reservation.combloux.com/product?lang=fr_FR&s_pid=12825
"Combloux Réservation (official, Orchestra)",combloux-le-panoramic-n-1-13902,Le Panoramic N° 1,,Combloux,no,https://reservation.combloux.com/product?lang=fr_FR&s_pid=13902
"Combloux Réservation (official, Orchestra)",combloux-le-panoramic-n-10-13982,Le Panoramic N° 10,,Combloux,no,https://reservation.combloux.com/product?lang=fr_FR&s_pid=13982
"Combloux Réservation (official, Orchestra)",combloux-le-panoramic-n-11-13983,Le Panoramic N° 11,,Combloux,no,https://reservation.combloux.com/product?lang=fr_FR&s_pid=13983
"Combloux Réservation (official, Orchestra)",combloux-le-panoramic-n-14-13984,Le Panoramic N° 14,,Combloux,no,https://reservation.combloux.com/product?lang=fr_FR&s_pid=13984
"Combloux Réservation (official, Orchestra)",combloux-le-panoramic-n-15-13985,Le Panoramic N° 15,,Combloux,no,https://reservation.combloux.com/product?lang=fr_FR&s_pid=13985
"Combloux Réservation (official, Orchestra)",combloux-le-panoramic-n-16-13986,Le Panoramic N° 16,,Combloux,no,https://reservation.combloux.com/product?lang=fr_FR&s_pid=13986
"Combloux Réservation (official, Orchestra)",combloux-le-panoramic-n-4-13903,Le Panoramic N° 4,,Combloux,no,https://reservation.combloux.com/product?lang=fr_FR&s_pid=13903
"Combloux Réservation (official, Orchestra)",combloux-le-panoramic-n-5-13904,Le Panoramic N° 5,,Combloux,no,https://reservation.combloux.com/product?lang=fr_FR&s_pid=13904
"Combloux Réservation (official, Orchestra)",combloux-le-panoramic-n-6-13962,Le Panoramic N° 6,,Combloux,no,https://reservation.combloux.com/product?lang=fr_FR&s_pid=13962
"Combloux Réservation (official, Orchestra)",combloux-le-panoramic-n-9-13965,Le Panoramic N° 9,,Combloux,no,https://reservation.combloux.com/product?lang=fr_FR&s_pid=13965
"Combloux Réservation (official, Orchestra)",combloux-le-pormonet-14382,Le Pormonet,,Combloux,no,https://reservation.combloux.com/product?lang=fr_FR&s_pid=14382
"Combloux Réservation (official, Orchestra)",combloux-le-pre-vert-105149,Le Pré Vert,,Combloux,no,https://reservation.combloux.com/product?lang=fr_FR&s_pid=105149
"Combloux Réservation (official, Orchestra)",combloux-le-sabot-de-venus-217529,Le Sabot de Vénus,,Combloux,no,https://reservation.combloux.com/product?lang=fr_FR&s_pid=217529
"Combloux Réservation (official, Orchestra)",combloux-le-tatou-13123,Le Tatou,,Combloux,no,https://reservation.combloux.com/product?lang=fr_FR&s_pid=13123
"Combloux Réservation (official, Orchestra)",combloux-les-begonias-13423,Les Begonias,,Combloux,no,https://reservation.combloux.com/product?lang=fr_FR&s_pid=13423
"Combloux Réservation (official, Orchestra)",combloux-les-bruyeres-1et-12823,Les Bruyères - 1ET,,Combloux,no,https://reservation.combloux.com/product?lang=fr_FR&s_pid=12823
"Combloux Réservation (official, Orchestra)",combloux-les-bruyeres-rdc-12822,Les Bruyères - RDC,,Combloux,no,https://reservation.combloux.com/product?lang=fr_FR&s_pid=12822
"Combloux Réservation (official, Orchestra)",combloux-les-carlines-28983,Les Carlines,,Combloux,no,https://reservation.combloux.com/product?lang=fr_FR&s_pid=28983
"Combloux Réservation (official, Orchestra)",combloux-les-cristaux-217509,Les Cristaux,,Combloux,no,https://reservation.combloux.com/product?lang=fr_FR&s_pid=217509
"Combloux Réservation (official, Orchestra)",combloux-les-cristaux-n-42-12964,Les Cristaux - N° 42,,Combloux,no,https://reservation.combloux.com/product?lang=fr_FR&s_pid=12964
"Combloux Réservation (official, Orchestra)",combloux-les-cristaux-n-25-13462,Les Cristaux N° 25,,Combloux,no,https://reservation.combloux.com/product?lang=fr_FR&s_pid=13462
"Combloux Réservation (official, Orchestra)",combloux-les-cristaux-n-4-13444,Les Cristaux N° 4,,Combloux,no,https://reservation.combloux.com/product?lang=fr_FR&s_pid=13444
"Combloux Réservation (official, Orchestra)",combloux-les-terrasses-de-combloux-a-n-24-103709,Les Terrasses de Combloux A n° 24,,Combloux,no,https://reservation.combloux.com/product?lang=fr_FR&s_pid=103709
"Combloux Réservation (official, Orchestra)",combloux-les-touristes-13422,Les Touristes,,Combloux,no,https://reservation.combloux.com/product?lang=fr_FR&s_pid=13422
"Combloux Réservation (official, Orchestra)",combloux-oree-des-pistes-noisetiers-13027,Orée des Pistes - NOISETIERS,,Combloux,no,https://reservation.combloux.com/product?lang=fr_FR&s_pid=13027
"Combloux Réservation (official, Orchestra)",combloux-oree-des-pistes-sorbiers-n102-12782,Orée des Pistes - SORBIERS N°102,,Combloux,no,https://reservation.combloux.com/product?lang=fr_FR&s_pid=12782
"Combloux Réservation (official, Orchestra)",combloux-oree-des-pistes-bouleaux-4p-12963,Orée des pistes - BOULEAUX (4p),,Combloux,no,https://reservation.combloux.com/product?lang=fr_FR&s_pid=12963
"Combloux Réservation (official, Orchestra)",combloux-oree-des-pistes-les-bouleaux-26342,Orée des pistes - Les Bouleaux,,Combloux,no,https://reservation.combloux.com/product?lang=fr_FR&s_pid=26342
"Combloux Réservation (official, Orchestra)",combloux-oree-des-pistes-sorbiers-n101-13162,Orée des pistes - SORBIERS N°101,,Combloux,no,https://reservation.combloux.com/product?lang=fr_FR&s_pid=13162
"Combloux Réservation (official, Orchestra)",combloux-riant-chalet-13884,Riant-Chalet,,Combloux,no,https://reservation.combloux.com/product?lang=fr_FR&s_pid=13884
"Combloux Réservation (official, Orchestra)",combloux-residence-cristal-de-neige-219129,Résidence Cristal de Neige,,Combloux,no,https://reservation.combloux.com/product?lang=fr_FR&s_pid=219129
"Combloux Réservation (official, Orchestra)",combloux-residence-l-alpage-heaven-of-woods-a304-98829,Résidence L'Alpage - Heaven of Woods A304,,Combloux,no,https://reservation.combloux.com/product?lang=fr_FR&s_pid=98829
"Combloux Réservation (official, Orchestra)",combloux-residence-mont-blanc-13122,Résidence Mont-Blanc,,Combloux,no,https://reservation.combloux.com/product?lang=fr_FR&s_pid=13122
"Combloux Réservation (official, Orchestra)",combloux-residence-plein-soleil-cosy-mont-blanc-106310,Résidence Plein Soleil - Cosy Mont Blanc,,Combloux,no,https://reservation.combloux.com/product?lang=fr_FR&s_pid=106310
"Combloux Réservation (official, Orchestra)",combloux-residence-du-mont-blanc-n-59-13424,Résidence du Mont-Blanc - N° 59,,Combloux,no,https://reservation.combloux.com/product?lang=fr_FR&s_pid=13424
"Combloux Réservation (official, Orchestra)",combloux-residence-du-mont-blanc-n5-bis-14426,Résidence du Mont-Blanc N°5 Bis,,Combloux,no,https://reservation.combloux.com/product?lang=fr_FR&s_pid=14426
"Combloux Réservation (official, Orchestra)",combloux-residence-l-alpage-saba-37450,Résidence l'Alpage - Saba,,Combloux,no,https://reservation.combloux.com/product?lang=fr_FR&s_pid=37450
"Combloux Réservation (official, Orchestra)",combloux-studio-residence-ecrin-des-glaciers-daim-107789,Studio - Résidence ECRIN DES GLACIERS DAIM - ref CB907,,Combloux,no,https://reservation.combloux.com/product?lang=fr_FR&s_pid=107789
"Combloux Réservation (official, Orchestra)",combloux-studio-residence-ecrin-des-glaciers-ecur-107790,Studio - Résidence ECRIN DES GLACIERS ECUREUIL - ref CB919,,Combloux,no,https://reservation.combloux.com/product?lang=fr_FR&s_pid=107790
"Combloux Réservation (official, Orchestra)",combloux-studio-residence-gros-cailloux-amethyste-107796,Studio - Résidence GROS CAILLOUX AMETHYSTE - ref CB735,,Combloux,no,https://reservation.combloux.com/product?lang=fr_FR&s_pid=107796
"Combloux Réservation (official, Orchestra)",combloux-studio-residence-les-cristaux-du-bas-ref-107798,Studio - Résidence LES CRISTAUX DU BAS - ref CB902,,Combloux,no,https://reservation.combloux.com/product?lang=fr_FR&s_pid=107798
"Combloux Réservation (official, Orchestra)",combloux-studio-residence-les-oreades-ref-cb738-107797,Studio - Résidence LES ORÉADES - ref CB738,,Combloux,no,https://reservation.combloux.com/product?lang=fr_FR&s_pid=107797
"Combloux Réservation (official, Orchestra)",combloux-ecrin-des-glaciers-biche-n108-13024,Écrin Des Glaciers - Biche N°108,,Combloux,no,https://reservation.combloux.com/product?lang=fr_FR&s_pid=13024
allChalets,allchalets-apartment-34887,Apartment 34887,,St-Gervais Le Bettex,no,https://www.allchalets.com/holiday-rentals/34887-apartment-in-st-gervais-france
Saint-Gervais tourist office booking (MSEM widget),allchalets-apartment-46955,Apartment 46955,Cimalpes,St-Gervais Le Bettex,no,https://www.allchalets.com/holiday-rentals/46955-apartment-in-st-gervais-france
allChalets,allchalets-apartment-46955,Apartment 46955,Cimalpes,St-Gervais Le Bettex,no,https://www.allchalets.com/holiday-rentals/46955-apartment-in-st-gervais-france
allChalets,allchalets-apartment-47031,Apartment 47031,,St-Gervais Le Bettex,no,https://www.allchalets.com/holiday-rentals/47031-apartment-in-st-gervais-france
Saint-Gervais tourist office booking (MSEM widget),allchalets-apartment-47377,Apartment 47377,Cimalpes,St-Gervais Le Bettex,no,https://www.allchalets.com/holiday-rentals/47377-apartment-in-st-gervais-france
allChalets,allchalets-apartment-47377,Apartment 47377,Cimalpes,St-Gervais Le Bettex,no,https://www.allchalets.com/holiday-rentals/47377-apartment-in-st-gervais-france
allChalets,allchalets-apartment-47382,Apartment 47382,,St-Gervais Le Bettex,no,https://www.allchalets.com/holiday-rentals/47382-apartment-in-st-gervais-france
allChalets,allchalets-apartment-48125,Apartment 48125,private advertiser on allChalets (enquiry contact: Yvonne allChalets),St-Gervais Le Bettex,no,https://www.allchalets.com/holiday-rentals/48125-apartment-in-st-gervais-france
Saint-Gervais tourist office booking (MSEM widget),msemstg-appartement-le-chatlune-206773,Appartement Le ChatLune,Private owner,St-Gervais Le Bettex,no,https://www.saintgervais.com/reserver-mon-sejour/hebergement/
Saint-Gervais tourist office booking (MSEM widget),cimalpes-appartement-the-view-211278,Appartement The View,Cimalpes,St-Gervais Le Bettex,no,https://www.saintgervais.com/reserver-mon-sejour/hebergement/
Saint-Gervais tourist office booking (MSEM widget),allchalets-chalet-39089,Chalet 39089,Cimalpes,St-Gervais Le Bettex,no,https://www.allchalets.com/holiday-rentals/39089-chalet-in-st-gervais-france
allChalets,allchalets-chalet-39089,Chalet 39089,Cimalpes,St-Gervais Le Bettex,no,https://www.allchalets.com/holiday-rentals/39089-chalet-in-st-gervais-france
allChalets,allchalets-chalet-46911,Chalet 46911,,St-Gervais Le Bettex,no,https://www.allchalets.com/holiday-rentals/46911-chalet-in-st-gervais-france
allChalets,allchalets-chalet-46957,Chalet 46957,,St-Gervais Le Bettex,no,https://www.allchalets.com/holiday-rentals/46957-chalet-in-st-gervais-france
allChalets,allchalets-chalet-46959,Chalet 46959,,St-Gervais Le Bettex,no,https://www.allchalets.com/holiday-rentals/46959-chalet-in-st-gervais-france
Saint-Gervais tourist office booking (MSEM widget),allchalets-chalet-47005,Chalet 47005,Cimalpes,St-Gervais Le Bettex,no,https://www.allchalets.com/holiday-rentals/47005-chalet-in-st-gervais-france
allChalets,allchalets-chalet-47005,Chalet 47005,Cimalpes,St-Gervais Le Bettex,no,https://www.allchalets.com/holiday-rentals/47005-chalet-in-st-gervais-france
Saint-Gervais tourist office booking (MSEM widget),msemstg-chalet-ebo-206260,Chalet EBO,SNC MONTBLANC,St-Gervais Le Bettex,no,https://www.saintgervais.com/reserver-mon-sejour/hebergement/
Cimalpes,cimalpes-le-chalet-noir,Chalet Le Chalet Noir,Cimalpes,St-Gervais Le Bettex,no,https://cimalpes.com/fr/location-saint-gervais-mont-blanc/chalet-le-chalet-noir/
Saint-Gervais tourist office booking (MSEM widget),cimalpes-chalet-le-grey-fox-211273,Chalet Le Grey Fox,Cimalpes,St-Gervais Le Bettex,no,https://www.saintgervais.com/reserver-mon-sejour/hebergement/
Saint-Gervais tourist office booking (MSEM widget),cimalpes-chalet-le-red-fox-211272,Chalet Le Red Fox,Cimalpes,St-Gervais Le Bettex,no,https://www.saintgervais.com/reserver-mon-sejour/hebergement/
Saint-Gervais tourist office booking (MSEM widget),msemstg-chalet-sage-12370,Chalet Sage,Private owner,St-Gervais Le Bettex,no,https://www.saintgervais.com/reserver-mon-sejour/hebergement/
Saint-Gervais tourist office booking (MSEM widget),msemstg-la-christaz-les-cepes-12398,La Christaz - Les Cèpes,Private owner,St-Gervais Le Bettex,no,https://www.saintgervais.com/reserver-mon-sejour/hebergement/?slug=la-christaz-les-cepes
Saint-Gervais tourist office booking (MSEM widget),cimalpes-le-chalet-paradis-211255,Le Chalet Paradis,Cimalpes,St-Gervais Le Bettex,no,https://www.saintgervais.com/reserver-mon-sejour/hebergement/
Saint-Gervais tourist office booking (MSEM widget),msemstg-le-panorama-du-mont-blanc-12375,Le Panorama du Mont-Blanc,Private owner,St-Gervais Le Bettex,no,https://www.saintgervais.com/reserver-mon-sejour/hebergement/
Saint-Gervais tourist office booking (MSEM widget),msemstg-refuge-chez-la-tante-mont-d-arbois-206775,Refuge Chez la Tante - Mont d'Arbois,CHEZ LA TANTE,St-Gervais Le Bettex,no,https://www.saintgervais.com/reserver-mon-sejour/hebergement/
Saint-Gervais tourist office booking (MSEM widget),msemstg-appartement-a-la-montagne-proche-piste-12353,APPARTEMENT A LA MONTAGNE PROCHE PISTE,Private owner,St-Gervais-les-Bains,no,https://www.saintgervais.com/reserver-mon-sejour/hebergement/
Saint-Gervais tourist office booking (MSEM widget),msemstg-alpenrose-12408,Alpenrose,Private owner,St-Gervais-les-Bains,no,https://www.saintgervais.com/reserver-mon-sejour/hebergement/
Saint-Gervais tourist office booking (MSEM widget),msemstg-alpenrose-112-12380,Alpenrose 112,Private owner,St-Gervais-les-Bains,no,https://www.saintgervais.com/reserver-mon-sejour/hebergement/
Saint-Gervais tourist office booking (MSEM widget),msemstg-alpenrose-303-12385,Alpenrose 303,Private owner,St-Gervais-les-Bains,no,https://www.saintgervais.com/reserver-mon-sejour/hebergement/
allChalets,allchalets-apartment-15496,Apartment 15496,,St-Gervais-les-Bains,no,https://www.allchalets.com/holiday-rentals/15496-apartment-in-st-gervais-france
allChalets,allchalets-apartment-15536,Apartment 15536,private advertiser on allChalets (enquiry contact: Simon Booth),St-Gervais-les-Bains,no,https://www.allchalets.com/holiday-rentals/15536-apartment-in-st-gervais-france
allChalets,allchalets-apartment-19669,Apartment 19669,private advertiser on allChalets (enquiry contact: Julien Chbib),St-Gervais-les-Bains,no,https://www.allchalets.com/holiday-rentals/19669-apartment-in-st-gervais-france
Saint-Gervais tourist office booking (MSEM widget),allchalets-apartment-35257,Apartment 35257,Cimalpes,St-Gervais-les-Bains,no,https://www.allchalets.com/holiday-rentals/35257-apartment-in-st-gervais-france
allChalets,allchalets-apartment-35257,Apartment 35257,Cimalpes,St-Gervais-les-Bains,no,https://www.allchalets.com/holiday-rentals/35257-apartment-in-st-gervais-france
Saint-Gervais tourist office booking (MSEM widget),allchalets-apartment-35357,Apartment 35357,Cimalpes,St-Gervais-les-Bains,no,https://www.allchalets.com/holiday-rentals/35357-apartment-in-st-gervais-france
allChalets,allchalets-apartment-35357,Apartment 35357,Cimalpes,St-Gervais-les-Bains,no,https://www.allchalets.com/holiday-rentals/35357-apartment-in-st-gervais-france
allChalets,allchalets-apartment-38530,Apartment 38530,,St-Gervais-les-Bains,no,https://www.allchalets.com/holiday-rentals/38530-apartment-in-st-gervais-france
allChalets,allchalets-apartment-38563,Apartment 38563,,St-Gervais-les-Bains,no,https://www.allchalets.com/holiday-rentals/38563-apartment-in-st-gervais-france
allChalets,allchalets-apartment-38566,Apartment 38566,,St-Gervais-les-Bains,no,https://www.allchalets.com/holiday-rentals/38566-apartment-in-st-gervais-france
allChalets,allchalets-apartment-40778,Apartment 40778,,St-Gervais-les-Bains,no,https://www.allchalets.com/holiday-rentals/40778-apartment-in-st-gervais-france
allChalets,allchalets-apartment-41112,Apartment 41112,,St-Gervais-les-Bains,no,https://www.allchalets.com/holiday-rentals/41112-apartment-in-st-gervais-france
allChalets,allchalets-apartment-46905,Apartment 46905,private advertiser on allChalets (enquiry contact: Yvonne allChalets),St-Gervais-les-Bains,no,https://www.allchalets.com/holiday-rentals/46905-apartment-in-st-gervais-france
Saint-Gervais tourist office booking (MSEM widget),allchalets-apartment-46906,Apartment 46906,Cimalpes,St-Gervais-les-Bains,no,https://www.allchalets.com/holiday-rentals/46906-apartment-in-st-gervais-france
allChalets,allchalets-apartment-46906,Apartment 46906,Cimalpes,St-Gervais-les-Bains,no,https://www.allchalets.com/holiday-rentals/46906-apartment-in-st-gervais-france
allChalets,allchalets-apartment-46907,Apartment 46907,,St-Gervais-les-Bains,no,https://www.allchalets.com/holiday-rentals/46907-apartment-in-st-gervais-france
allChalets,allchalets-apartment-47132,Apartment 47132,,St-Gervais-les-Bains,no,https://www.allchalets.com/holiday-rentals/47132-apartment-in-st-gervais-france
Saint-Gervais tourist office booking (MSEM widget),allchalets-apartment-47214,Apartment 47214,Cimalpes,St-Gervais-les-Bains,no,https://www.allchalets.com/holiday-rentals/47214-apartment-in-st-gervais-france
allChalets,allchalets-apartment-47214,Apartment 47214,Cimalpes,St-Gervais-les-Bains,no,https://www.allchalets.com/holiday-rentals/47214-apartment-in-st-gervais-france
Saint-Gervais tourist office booking (MSEM widget),allchalets-apartment-47221,Apartment 47221,Cimalpes,St-Gervais-les-Bains,no,https://www.allchalets.com/holiday-rentals/47221-apartment-in-st-gervais-france
allChalets,allchalets-apartment-47221,Apartment 47221,Cimalpes,St-Gervais-les-Bains,no,https://www.allchalets.com/holiday-rentals/47221-apartment-in-st-gervais-france
allChalets,allchalets-apartment-48206,Apartment 48206,,St-Gervais-les-Bains,no,https://www.allchalets.com/holiday-rentals/48206-apartment-in-st-gervais-france
allChalets,allchalets-apartment-48230,Apartment 48230,,St-Gervais-les-Bains,no,https://www.allchalets.com/holiday-rentals/48230-apartment-in-st-gervais-france
allChalets,allchalets-apartment-5343,Apartment 5343,,St-Gervais-les-Bains,no,https://www.allchalets.com/holiday-rentals/5343-apartment-in-st-gervais-france
allChalets,allchalets-apartment-jardin-alpin,Apartment Jardin Alpin,,St-Gervais-les-Bains,no,https://www.allchalets.com/holiday-rentals/15534-apartment-in-st-gervais-france
allChalets,allchalets-apartment-mozart,Apartment Mozart,,St-Gervais-les-Bains,no,https://www.allchalets.com/holiday-rentals/15497-apartment-in-st-gervais-france
Saint-Gervais tourist office booking (MSEM widget),msemstg-au-soleil-levant-12486,Au Soleil Levant,Private owner,St-Gervais-les-Bains,no,https://www.saintgervais.com/reserver-mon-sejour/hebergement/
Saint-Gervais tourist office booking (MSEM widget),msemstg-bel-alp-12410,Bel'Alp,Private owner,St-Gervais-les-Bains,no,https://www.saintgervais.com/reserver-mon-sejour/hebergement/
Saint-Gervais tourist office booking (MSEM widget),msemstg-chalet-du-vernay-179819,CHALET DU VERNAY,SAS SANTORIN,St-Gervais-les-Bains,no,https://www.saintgervais.com/reserver-mon-sejour/hebergement/
Saint-Gervais tourist office booking (MSEM widget),cimalpes-chalet-cimalpes-251-chemin-du-poirier-211289,"Chalet (Cimalpes, 251 chemin du Poirier)",Cimalpes,St-Gervais-les-Bains,no,https://www.saintgervais.com/reserver-mon-sejour/hebergement/
allChalets,allchalets-chalet-12653,Chalet 12653,private advertiser on allChalets (enquiry contact: Mark Cook),St-Gervais-les-Bains,no,https://www.allchalets.com/holiday-rentals/12653-chalet-in-st-gervais-france
allChalets,allchalets-chalet-14844,Chalet 14844,private owner on allChalets (enquiry contact: Laure Brisson),St-Gervais-les-Bains,yes,https://www.allchalets.com/holiday-rentals/14844-chalet-in-st-gervais-france
allChalets,allchalets-chalet-16818,Chalet 16818,private advertiser on allChalets (enquiry contact: Sophie Marrel),St-Gervais-les-Bains,no,https://www.allchalets.com/holiday-rentals/16818-chalet-in-st-gervais-france
allChalets,allchalets-chalet-20750,Chalet 20750,,St-Gervais-les-Bains,no,https://www.allchalets.com/holiday-rentals/20750-chalet-in-st-gervais-france
allChalets,allchalets-chalet-34651,Chalet 34651,,St-Gervais-les-Bains,no,https://www.allchalets.com/holiday-rentals/34651-chalet-in-st-gervais-france
allChalets,allchalets-chalet-38529,Chalet 38529,,St-Gervais-les-Bains,no,https://www.allchalets.com/holiday-rentals/38529-chalet-in-st-gervais-france
Saint-Gervais tourist office booking (MSEM widget),allchalets-chalet-44828,Chalet 44828,Cimalpes,St-Gervais-les-Bains,no,https://www.allchalets.com/holiday-rentals/44828-chalet-in-st-gervais-france
allChalets,allchalets-chalet-44828,Chalet 44828,Cimalpes,St-Gervais-les-Bains,no,https://www.allchalets.com/holiday-rentals/44828-chalet-in-st-gervais-france
Saint-Gervais tourist office booking (MSEM widget),allchalets-chalet-47215,Chalet 47215,Cimalpes,St-Gervais-les-Bains,no,https://www.allchalets.com/holiday-rentals/47215-chalet-in-st-gervais-france
allChalets,allchalets-chalet-47215,Chalet 47215,Cimalpes,St-Gervais-les-Bains,no,https://www.allchalets.com/holiday-rentals/47215-chalet-in-st-gervais-france
allChalets,allchalets-chalet-49236,Chalet 49236,,St-Gervais-les-Bains,no,https://www.allchalets.com/holiday-rentals/49236-chalet-in-st-gervais-france
allChalets,allchalets-chalet-5339,Chalet 5339,,St-Gervais-les-Bains,no,https://www.allchalets.com/holiday-rentals/5339-chalet-in-st-gervais-france
Chalet Arkle (own site),allchalets-chalet-arkle,Chalet Arkle,private advertiser on allChalets (enquiry contact: Victoria Chalet Arkle),St-Gervais-les-Bains,no,https://www.allchalets.com/holiday-rentals/2372-chalet-in-st-gervais-france
allChalets,allchalets-chalet-arkle,Chalet Arkle,private advertiser on allChalets (enquiry contact: Victoria Chalet Arkle),St-Gervais-les-Bains,no,https://www.allchalets.com/holiday-rentals/2372-chalet-in-st-gervais-france
allChalets,allchalets-chalet-big-bear,Chalet Big Bear,private advertiser on allChalets (enquiry contact: Simon Booth),St-Gervais-les-Bains,no,https://www.allchalets.com/holiday-rentals/16259-chalet-in-st-gervais-france
Hôtel des 2 Gares (own site),msemstg-chalet-hotel-des-2-gares-12394,Chalet Hôtel des 2 Gares,SAS LES 2 GARES,St-Gervais-les-Bains,no,https://www.saintgervais.com/reserver-mon-sejour/hebergement/
Saint-Gervais tourist office booking (MSEM widget),msemstg-chalet-hotel-des-2-gares-12394,Chalet Hôtel des 2 Gares,SAS LES 2 GARES,St-Gervais-les-Bains,no,https://www.saintgervais.com/reserver-mon-sejour/hebergement/
Saint-Gervais tourist office booking (MSEM widget),msemstg-chalet-lumea-208041,Chalet LUMÉA,FAMCO Chalet LUMÉA,St-Gervais-les-Bains,no,https://www.saintgervais.com/reserver-mon-sejour/hebergement/
allChalets,allchalets-chalet-la-vieille-ferme,Chalet La Vieille Ferme,private advertiser on allChalets (enquiry contact: Jeremy Ransom),St-Gervais-les-Bains,yes,https://www.allchalets.com/holiday-rentals/2213-chalet-in-st-gervais-france
Saint-Gervais tourist office booking (MSEM widget),msemstg-chalet-laya-206331,Chalet Laya,Private owner,St-Gervais-les-Bains,no,https://www.saintgervais.com/reserver-mon-sejour/hebergement/
Saint-Gervais tourist office booking (MSEM widget),allchalets-chalet-le-rosay,Chalet Le Rosay,private advertiser on allChalets (enquiry contact: Simon Booth),St-Gervais-les-Bains,no,https://www.allchalets.com/holiday-rentals/15465-chalet-in-st-gervais-france
allChalets,allchalets-chalet-le-rosay,Chalet Le Rosay,private advertiser on allChalets (enquiry contact: Simon Booth),St-Gervais-les-Bains,no,https://www.allchalets.com/holiday-rentals/15465-chalet-in-st-gervais-france
allChalets,allchalets-chalet-mendiaux,Chalet Mendiaux,,St-Gervais-les-Bains,no,https://www.allchalets.com/holiday-rentals/5341-chalet-in-st-gervais-france
allChalets,allchalets-chalet-pascaud,Chalet Pascaud,private advertiser on allChalets (enquiry contact: Simon Booth),St-Gervais-les-Bains,no,https://www.allchalets.com/holiday-rentals/15530-chalet-in-st-gervais-france
Saint-Gervais tourist office booking (MSEM widget),msemstg-chalet-scandinave-193896,Chalet Scandinave,Private owner,St-Gervais-les-Bains,no,https://www.saintgervais.com/reserver-mon-sejour/hebergement/
Saint-Gervais tourist office booking (MSEM widget),msemstg-chalet-des-gremiloups-206262,Chalet des Grémiloups,ML IMMO,St-Gervais-les-Bains,no,https://www.saintgervais.com/reserver-mon-sejour/hebergement/
Saint-Gervais tourist office booking (MSEM widget),msemstg-chalet-des-morets-12272,Chalet des Morets,Private owner,St-Gervais-les-Bains,no,https://www.saintgervais.com/reserver-mon-sejour/hebergement/
allChalets,allchalets-chalet-du-rosay,Chalet du Rosay,,St-Gervais-les-Bains,no,https://www.allchalets.com/holiday-rentals/40534-apartment-in-st-gervais-france
Saint-Gervais tourist office booking (MSEM widget),msemstg-chalet-l-aiglon-230737,Chalet l'Aiglon,Private owner,St-Gervais-les-Bains,no,https://www.saintgervais.com/reserver-mon-sejour/hebergement/
Saint-Gervais tourist office booking (MSEM widget),msemstg-chalet-la-cordee-192306,Chalet la Cordée,Private owner,St-Gervais-les-Bains,no,https://www.saintgervais.com/reserver-mon-sejour/hebergement/?slug=locavadam-sarl
Saint-Gervais tourist office booking (MSEM widget),cimalpes-clos-du-savoy-b31-la-cheminee-211262,Clos du Savoy B31 La Cheminée,Cimalpes,St-Gervais-les-Bains,no,https://www.saintgervais.com/reserver-mon-sejour/hebergement/
Saint-Gervais tourist office booking (MSEM widget),msemstg-duplex-cure-sport-12391,Duplex Cure & Sport,Private owner,St-Gervais-les-Bains,no,https://www.saintgervais.com/reserver-mon-sejour/hebergement/
Saint-Gervais tourist office booking (MSEM widget),msemstg-duplex-grand-panorama-93087,Duplex Grand Panorama,Private owner,St-Gervais-les-Bains,no,https://www.saintgervais.com/reserver-mon-sejour/hebergement/
Saint-Gervais tourist office booking (MSEM widget),msemstg-fleurs-des-alpes-12362,Fleurs des Alpes,Private owner,St-Gervais-les-Bains,no,https://www.saintgervais.com/reserver-mon-sejour/hebergement/
Saint-Gervais tourist office booking (MSEM widget),msemstg-fleurs-des-alpes-22-210919,Fleurs des Alpes 22,Private owner,St-Gervais-les-Bains,no,https://www.saintgervais.com/reserver-mon-sejour/hebergement/?slug=fleurs-des-alpes-22
Saint-Gervais tourist office booking (MSEM widget),msemstg-fleurs-des-alpes-b1-12367,Fleurs des Alpes B1,Private owner,St-Gervais-les-Bains,no,https://www.saintgervais.com/reserver-mon-sejour/hebergement/
Saint-Gervais tourist office booking (MSEM widget),msemstg-fleurs-des-alpes-finck-12368,Fleurs des Alpes-Finck,Private owner,St-Gervais-les-Bains,no,https://www.saintgervais.com/reserver-mon-sejour/hebergement/
Saint-Gervais tourist office booking (MSEM widget),cimalpes-gallery-mont-blanc-403-211261,Gallery Mont-Blanc 403,Cimalpes,St-Gervais-les-Bains,no,https://www.saintgervais.com/reserver-mon-sejour/hebergement/
Hôtel Le Cœur des Neiges (own site),msemstg-hotel-cur-des-neiges-17513,Hôtel Cœur des Neiges,HOTEL COEUR DES NEIGES,St-Gervais-les-Bains,no,https://hotelcoeurdesneiges.com/fr/
Saint-Gervais tourist office booking (MSEM widget),msemstg-hotel-cur-des-neiges-17513,Hôtel Cœur des Neiges,HOTEL COEUR DES NEIGES,St-Gervais-les-Bains,no,https://hotelcoeurdesneiges.com/fr/
Saint-Gervais tourist office booking (MSEM widget),msemstg-l-horizon-blanc-hameau-de-coterat-193351,L'Horizon Blanc - Hameau de Coterat,Private owner,St-Gervais-les-Bains,no,https://www.saintgervais.com/reserver-mon-sejour/hebergement/
Saint-Gervais tourist office booking (MSEM widget),msemstg-le-chatelain-12271,LE CHATELAIN,Private owner,St-Gervais-les-Bains,no,https://www.saintgervais.com/reserver-mon-sejour/hebergement/
Saint-Gervais tourist office booking (MSEM widget),msemstg-le-ruisseau-191974,LE RUISSEAU,SCI JEG,St-Gervais-les-Bains,no,https://www.saintgervais.com/reserver-mon-sejour/hebergement/?slug=le-ruisseau
Saint-Gervais tourist office booking (MSEM widget),msemstg-la-berangere-206033,La Bérangère,Private owner,St-Gervais-les-Bains,no,https://www.saintgervais.com/reserver-mon-sejour/hebergement/
Saint-Gervais tourist office booking (MSEM widget),msemstg-la-coupe-de-cristal-b49-12379,La Coupe de Cristal - B49,Private owner,St-Gervais-les-Bains,no,https://www.saintgervais.com/reserver-mon-sejour/hebergement/
La Féline Blanche (own site),msemstg-la-feline-blanche-7038,La Féline Blanche,SARL Chaliette,St-Gervais-les-Bains,no,https://www.lafelineblanche.com/
Saint-Gervais tourist office booking (MSEM widget),msemstg-la-feline-blanche-7038,La Féline Blanche,SARL Chaliette,St-Gervais-les-Bains,no,https://www.lafelineblanche.com/
Saint-Gervais tourist office booking (MSEM widget),cimalpes-le-crespin-village-211263,Le Crespin Village,Cimalpes,St-Gervais-les-Bains,no,https://www.saintgervais.com/reserver-mon-sejour/hebergement/
Saint-Gervais tourist office booking (MSEM widget),msemstg-le-grand-panorama-12282,Le Grand Panorama,SCI 5D,St-Gervais-les-Bains,no,https://www.saintgervais.com/reserver-mon-sejour/hebergement/
Saint-Gervais tourist office booking (MSEM widget),cimalpes-le-grand-panorama-210-211287,Le Grand Panorama 210,Cimalpes,St-Gervais-les-Bains,no,https://www.saintgervais.com/reserver-mon-sejour/hebergement/
Saint-Gervais tourist office booking (MSEM widget),msemstg-le-mont-joly-i-12274,Le Mont Joly I,Private owner,St-Gervais-les-Bains,no,https://www.saintgervais.com/reserver-mon-sejour/hebergement/
Saint-Gervais tourist office booking (MSEM widget),msemstg-le-regency-12388,Le Régency,Private owner,St-Gervais-les-Bains,no,https://www.saintgervais.com/reserver-mon-sejour/hebergement/
Saint-Gervais tourist office booking (MSEM widget),cimalpes-le-chalet-l-authentique-211259,Le chalet l'Authentique,Cimalpes,St-Gervais-les-Bains,no,https://www.saintgervais.com/reserver-mon-sejour/hebergement/
Saint-Gervais tourist office booking (MSEM widget),msemstg-le-jardin-des-fees-192111,Le jardin des Fées,Private owner,St-Gervais-les-Bains,no,https://www.saintgervais.com/reserver-mon-sejour/hebergement/
Saint-Gervais tourist office booking (MSEM widget),msemstg-les-charmottes-210940,Les Charmottes,Private owner,St-Gervais-les-Bains,no,https://www.saintgervais.com/reserver-mon-sejour/hebergement/
Saint-Gervais tourist office booking (MSEM widget),cimalpes-les-charmottes-211282,Les Charmottes,Cimalpes,St-Gervais-les-Bains,no,https://www.saintgervais.com/reserver-mon-sejour/hebergement/
Saint-Gervais tourist office booking (MSEM widget),cimalpes-les-hauts-de-st-gervais-77-coeur-du-mont-blan-211275,Les Hauts de St Gervais 77 Coeur du Mont-Blanc,Cimalpes,St-Gervais-les-Bains,no,https://www.saintgervais.com/reserver-mon-sejour/hebergement/
Saint-Gervais tourist office booking (MSEM widget),msemstg-les-huskies-193344,Les Huskies,Private owner,St-Gervais-les-Bains,no,https://www.saintgervais.com/reserver-mon-sejour/hebergement/
Saint-Gervais tourist office booking (MSEM widget),msemstg-les-huskies-12288,Les Huskies,Private owner,St-Gervais-les-Bains,no,https://www.saintgervais.com/reserver-mon-sejour/hebergement/
Saint-Gervais tourist office booking (MSEM widget),msemstg-les-phalenes-12478,Les Phalènes,Private owner,St-Gervais-les-Bains,no,https://www.saintgervais.com/reserver-mon-sejour/hebergement/?slug=les-phalenes
Saint-Gervais tourist office booking (MSEM widget),cimalpes-les-perriades-16-la-foret-211450,Les Pérriades 16 La Foret,Cimalpes,St-Gervais-les-Bains,no,https://www.saintgervais.com/reserver-mon-sejour/hebergement/
Saint-Gervais tourist office booking (MSEM widget),cimalpes-les-sources-de-la-canopee-b402-211274,Les Sources de la Canopée B402,Cimalpes,St-Gervais-les-Bains,no,https://www.saintgervais.com/reserver-mon-sejour/hebergement/
Saint-Gervais tourist office booking (MSEM widget),msemstg-meuble-ancien-hotel-le-mont-joly-210138,Meublé -Ancien hôtel le Mont Joly,Private owner,St-Gervais-les-Bains,no,https://www.saintgervais.com/reserver-mon-sejour/hebergement/
Saint-Gervais tourist office booking (MSEM widget),msemstg-planb-living-saint-gervais-205838,PlanB - Living Saint-Gervais,PlanB Living Saint Gervais,St-Gervais-les-Bains,yes,https://www.saintgervais.com/reserver-mon-sejour/hebergement/
Saint-Gervais tourist office booking (MSEM widget),msemstg-residence-calou-12339,Résidence Calou,Private owner,St-Gervais-les-Bains,no,https://www.saintgervais.com/reserver-mon-sejour/hebergement/?slug=appartement-satonay
Saint-Gervais tourist office booking (MSEM widget),msemstg-residence-le-chatelain-appartement-le-flocon-193318,Résidence le Châtelain - Appartement le flocon,Private owner,St-Gervais-les-Bains,no,https://www.saintgervais.com/reserver-mon-sejour/hebergement/
Saint-Gervais tourist office booking (MSEM widget),msemstg-studio-laya-206332,Studio Laya,Private owner,St-Gervais-les-Bains,no,https://www.saintgervais.com/reserver-mon-sejour/hebergement/
Locations Meublées St-Nicolas (owners association),locstnicolas-agapanthe,Agapanthe,Private owner (Ass. Locations Meublées St-Nicolas),St-Nicolas-de-Véroce,no,https://locations-saint-nicolas.com/liste.location.96.agapanthe.html
Locations Meublées St-Nicolas (owners association),locstnicolas-appartement-faucheux-les-plans-3-pieces,Appartement Faucheux Les Plans 3 pièces,Private owner (Ass. Locations Meublées St-Nicolas),St-Nicolas-de-Véroce,no,https://locations-saint-nicolas.com/liste.location.4.appartement_faucheux_les_plans_3_pi__ces.html
Locations Meublées St-Nicolas (owners association),allchalets-48138,Appartement L'Anier 1,Cimalpes,St-Nicolas-de-Véroce,no,https://www.allchalets.com/holiday-rentals/48138-apartment-in-st-gervais-france
Saint-Gervais tourist office booking (MSEM widget),allchalets-48138,Appartement L'Anier 1,Cimalpes,St-Nicolas-de-Véroce,no,https://www.allchalets.com/holiday-rentals/48138-apartment-in-st-gervais-france
allChalets,allchalets-48138,Appartement L'Anier 1,Cimalpes,St-Nicolas-de-Véroce,no,https://www.allchalets.com/holiday-rentals/48138-apartment-in-st-gervais-france
Locations Meublées St-Nicolas (owners association),allchalets-48140,Appartement L'Anier Rdj,Cimalpes,St-Nicolas-de-Véroce,no,https://www.allchalets.com/holiday-rentals/48140-apartment-in-st-gervais-france
Saint-Gervais tourist office booking (MSEM widget),allchalets-48140,Appartement L'Anier Rdj,Cimalpes,St-Nicolas-de-Véroce,no,https://www.allchalets.com/holiday-rentals/48140-apartment-in-st-gervais-france
allChalets,allchalets-48140,Appartement L'Anier Rdj,Cimalpes,St-Nicolas-de-Véroce,no,https://www.allchalets.com/holiday-rentals/48140-apartment-in-st-gervais-france
Cimalpes,allchalets-34713,Appartement La Cordée 7,Cimalpes,St-Nicolas-de-Véroce,no,https://www.allchalets.com/holiday-rentals/34713-apartment-in-st-gervais-france
Saint-Gervais tourist office booking (MSEM widget),allchalets-34713,Appartement La Cordée 7,Cimalpes,St-Nicolas-de-Véroce,no,https://www.allchalets.com/holiday-rentals/34713-apartment-in-st-gervais-france
allChalets,allchalets-34713,Appartement La Cordée 7,Cimalpes,St-Nicolas-de-Véroce,no,https://www.allchalets.com/holiday-rentals/34713-apartment-in-st-gervais-france
Locations Meublées St-Nicolas (owners association),locstnicolas-appartement-dans-ancienne-ferme-renovee,Appartement dans Ancienne Ferme Rénovée,Private owner (Ass. Locations Meublées St-Nicolas),St-Nicolas-de-Véroce,no,https://locations-saint-nicolas.com/liste.location.47.appartement_dans_ancienne_ferme_r__nov__e.html
Locations Meublées St-Nicolas (owners association),locstnicolas-brigitte-et-gilles-grandjacques,Brigitte et Gilles GRANDJACQUES,Private owner (Ass. Locations Meublées St-Nicolas),St-Nicolas-de-Véroce,no,https://locations-saint-nicolas.com/liste.location.91.brigitte_et_gilles_grandjacques.html
Locations Meublées St-Nicolas (owners association),locstnicolas-chalet-la-montagne-aux-plans,CHALET LA MONTAGNE AUX PLANS,Private owner (Ass. Locations Meublées St-Nicolas),St-Nicolas-de-Véroce,no,https://locations-saint-nicolas.com/liste.location.98.chalet_la_montagne_aux_plans.html
Locations Meublées St-Nicolas (owners association),locstnicolas-cadran-solaire-est-6-pers,Cadran Solaire Est - 6 pers,Private owner (Ass. Locations Meublées St-Nicolas),St-Nicolas-de-Véroce,no,https://locations-saint-nicolas.com/liste.location.70.cadran_solaire_est___6_pers.html
Locations Meublées St-Nicolas (owners association),locstnicolas-chalet-chez-michel,"Chalet ""Chez Michel",Private owner (Ass. Locations Meublées St-Nicolas),St-Nicolas-de-Véroce,no,https://locations-saint-nicolas.com/liste.location.71.chalet__quot_chez_michel_quot_.html
Locations Meublées St-Nicolas (owners association),locstnicolas-chalet-les-biolles,"Chalet ""Les Biolles",Private owner (Ass. Locations Meublées St-Nicolas),St-Nicolas-de-Véroce,no,https://locations-saint-nicolas.com/liste.location.8.chalet__quot_les_biolles_quot_.html
Locations Meublées St-Nicolas (owners association),locstnicolas-chalet-3-chambres-a-saint-nicolas-de-veroce,Chalet 3 chambres à Saint-Nicolas-de-Véroce,Private owner (Ass. Locations Meublées St-Nicolas),St-Nicolas-de-Véroce,no,https://locations-saint-nicolas.com/liste.location.105.chalet_3_chambres____saint_nicolas_de_v__roce.html
Hip Chalets,almae-armancette-chalet-aster,Chalet Aster et Spa (Hôtel Armancette),Almae Collection (Hôtel Armancette),St-Nicolas-de-Véroce,no,https://almae-collection.com/armancette/
Saint-Gervais tourist office booking (MSEM widget),almae-armancette-chalet-aster,Chalet Aster et Spa (Hôtel Armancette),Almae Collection (Hôtel Armancette),St-Nicolas-de-Véroce,no,https://almae-collection.com/armancette/
Hip Chalets,almae-armancette-chalet-carline,Chalet Carline (Hôtel Armancette),Almae Collection (Hôtel Armancette),St-Nicolas-de-Véroce,no,https://almae-collection.com/armancette/
Saint-Gervais tourist office booking (MSEM widget),almae-armancette-chalet-carline,Chalet Carline (Hôtel Armancette),Almae Collection (Hôtel Armancette),St-Nicolas-de-Véroce,no,https://almae-collection.com/armancette/
Saint-Gervais tourist office booking (MSEM widget),allchalets-48204,Chalet L'Anier Duplex,Cimalpes,St-Nicolas-de-Véroce,no,https://www.allchalets.com/holiday-rentals/48204-apartment-in-st-gervais-france
allChalets,allchalets-48204,Chalet L'Anier Duplex,Cimalpes,St-Nicolas-de-Véroce,no,https://www.allchalets.com/holiday-rentals/48204-apartment-in-st-gervais-france
Locations Meublées St-Nicolas (owners association),locstnicolas-chalet-l-armancette,Chalet L'Armancette,Private owner (Ass. Locations Meublées St-Nicolas),St-Nicolas-de-Véroce,no,https://locations-saint-nicolas.com/liste.location.36.chalet_l__039_armancette.html
Saint-Gervais tourist office booking (MSEM widget),locstnicolas-chalet-l-armancette,Chalet L'Armancette,Private owner (Ass. Locations Meublées St-Nicolas),St-Nicolas-de-Véroce,no,https://locations-saint-nicolas.com/liste.location.36.chalet_l__039_armancette.html
Cimalpes,allchalets-55980,Chalet La Nia,Cimalpes,St-Nicolas-de-Véroce,no,https://www.allchalets.com/holiday-rentals/55980-chalet-in-st-gervais-france
Saint-Gervais tourist office booking (MSEM widget),allchalets-55980,Chalet La Nia,Cimalpes,St-Nicolas-de-Véroce,no,https://www.allchalets.com/holiday-rentals/55980-chalet-in-st-gervais-france
allChalets,allchalets-55980,Chalet La Nia,Cimalpes,St-Nicolas-de-Véroce,no,https://www.allchalets.com/holiday-rentals/55980-chalet-in-st-gervais-france
Locations Meublées St-Nicolas (owners association),locstnicolas-le-4810-chalet-le-dome,Chalet Le Dôme (Le 4810),Cimalpes,St-Nicolas-de-Véroce,no,https://locations-saint-nicolas.com/liste.location.88.le_4810___chalet_le_dome.html
Saint-Gervais tourist office booking (MSEM widget),locstnicolas-le-4810-chalet-le-dome,Chalet Le Dôme (Le 4810),Cimalpes,St-Nicolas-de-Véroce,no,https://locations-saint-nicolas.com/liste.location.88.le_4810___chalet_le_dome.html
Locations Meublées St-Nicolas (owners association),locstnicolas-chalet-les-costaz,Chalet Les Costaz,Private owner (Ass. Locations Meublées St-Nicolas),St-Nicolas-de-Véroce,no,https://locations-saint-nicolas.com/liste.location.56.chalet_les_costaz.html
Locations Meublées St-Nicolas (owners association),locstnicolas-chalet-montjoye,Chalet Montjoye,Private owner (Ass. Locations Meublées St-Nicolas),St-Nicolas-de-Véroce,no,https://locations-saint-nicolas.com/liste.location.104.chalet_montjoye.html
Locations Meublées St-Nicolas (owners association),locstnicolas-chalet-rigollot,Chalet Rigollot,Private owner (Ass. Locations Meublées St-Nicolas),St-Nicolas-de-Véroce,no,https://locations-saint-nicolas.com/liste.location.69.chalet_rigollot.html
Hip Chalets,almae-armancette-chalet-silene,Chalet Silene (Hôtel Armancette),Almae Collection (Hôtel Armancette),St-Nicolas-de-Véroce,no,https://almae-collection.com/armancette/
Saint-Gervais tourist office booking (MSEM widget),almae-armancette-chalet-silene,Chalet Silene (Hôtel Armancette),Almae Collection (Hôtel Armancette),St-Nicolas-de-Véroce,no,https://almae-collection.com/armancette/
Locations Meublées St-Nicolas (owners association),locstnicolas-chalet-au-nant-blanchet,Chalet au Nant-Blanchet,Private owner (Ass. Locations Meublées St-Nicolas),St-Nicolas-de-Véroce,no,https://locations-saint-nicolas.com/liste.location.12.chalet_au_nant_blanchet.html
Locations Meublées St-Nicolas (owners association),locstnicolas-chalet-d-architecte-pleine-vue-sur-le-mont-blanc,"Chalet d'architecte, pleine vue sur le Mont blanc",Private owner (Ass. Locations Meublées St-Nicolas),St-Nicolas-de-Véroce,no,https://locations-saint-nicolas.com/liste.location.97.chalet_d__039_architecte__pleine_vue_sur_le_mont_blanc.html
Locations Meublées St-Nicolas (owners association),locstnicolas-chalet-les-ancolies,Chalet les Ancolies,Private owner (Ass. Locations Meublées St-Nicolas),St-Nicolas-de-Véroce,no,https://locations-saint-nicolas.com/liste.location.13.chalet_les_ancolies.html
Locations Meublées St-Nicolas (owners association),locstnicolas-chalet-les-domes,Chalet les Dômes,Private owner (Ass. Locations Meublées St-Nicolas),St-Nicolas-de-Véroce,no,https://locations-saint-nicolas.com/liste.location.103.chalet_les_d__mes.html
Locations Meublées St-Nicolas (owners association),locstnicolas-chattrix-les-plans-d-en-haut-au-pied-des-pistes,"Chattrix ""Les Plans d'en haut"" Au pied des pistes",Private owner (Ass. Locations Meublées St-Nicolas),St-Nicolas-de-Véroce,no,https://locations-saint-nicolas.com/liste.location.63.chattrix__quot_les_plans_d_en_haut_quot__au_pied_des_pistes.html
Locations Meublées St-Nicolas (owners association),locstnicolas-chez-henri,Chez Henri,Private owner (Ass. Locations Meublées St-Nicolas),St-Nicolas-de-Véroce,no,https://locations-saint-nicolas.com/liste.location.33.chez_henri.html
Locations Meublées St-Nicolas (owners association),locstnicolas-foyer-celestin,Foyer Célestin,Private owner (Ass. Locations Meublées St-Nicolas),St-Nicolas-de-Véroce,no,https://locations-saint-nicolas.com/liste.location.99.foyer_c__lestin.html
Locations Meublées St-Nicolas (owners association),locstnicolas-indivision-grandjacques,Indivision Grandjacques,Private owner (Ass. Locations Meublées St-Nicolas),St-Nicolas-de-Véroce,no,https://locations-saint-nicolas.com/liste.location.85.indivision_grandjacques.html
Locations Meublées St-Nicolas (owners association),locstnicolas-joly-chalet,Joly Chalet,Private owner (Ass. Locations Meublées St-Nicolas),St-Nicolas-de-Véroce,no,https://locations-saint-nicolas.com/liste.location.95.joly_chalet.html
Locations Meublées St-Nicolas (owners association),locstnicolas-la-chacuniere,La Chacunière,Private owner (Ass. Locations Meublées St-Nicolas),St-Nicolas-de-Véroce,no,https://locations-saint-nicolas.com/liste.location.79.la_chacuni__re.html
Locations Meublées St-Nicolas (owners association),locstnicolas-la-gliesette,La Gliesette,Private owner (Ass. Locations Meublées St-Nicolas),St-Nicolas-de-Véroce,no,https://locations-saint-nicolas.com/liste.location.30.la_gliesette.html
Locations Meublées St-Nicolas (owners association),locstnicolas-la-grange,La Grange,Private owner (Ass. Locations Meublées St-Nicolas),St-Nicolas-de-Véroce,no,https://locations-saint-nicolas.com/liste.location.75.la_grange.html
Ski Line,locstnicolas-la-grange,La Grange,Private owner (Ass. Locations Meublées St-Nicolas),St-Nicolas-de-Véroce,no,https://locations-saint-nicolas.com/liste.location.75.la_grange.html
Locations Meublées St-Nicolas (owners association),locstnicolas-la-petite-berangere,La Petite Bérangère,Private owner (Ass. Locations Meublées St-Nicolas),St-Nicolas-de-Véroce,no,https://locations-saint-nicolas.com/liste.location.53.la_petite_b__rang__re.html
Saint-Gervais tourist office booking (MSEM widget),msemstg-le-4810-122993,Le 4810,SNV 4810,St-Nicolas-de-Véroce,no,https://www.saintgervais.com/reserver-mon-sejour/hebergement/
Locations Meublées St-Nicolas (owners association),locstnicolas-le-4810-chalet-les-cimes,Le 4810 : Chalet Les Cimes,Private owner (Ass. Locations Meublées St-Nicolas),St-Nicolas-de-Véroce,no,https://locations-saint-nicolas.com/liste.location.89.le_4810___chalet_les_cimes.html
Locations Meublées St-Nicolas (owners association),locstnicolas-le-cadran-solaire-4-6-personnes,Le Cadran solaire - 4/6 personnes,Private owner (Ass. Locations Meublées St-Nicolas),St-Nicolas-de-Véroce,no,https://locations-saint-nicolas.com/liste.location.41.le_cadran_solaire___4_6_personnes.html
Almae Collection,almae-chalet-ancolie,Le Chalet Ancolie,Almae Collection,St-Nicolas-de-Véroce,no,https://almae-collection.com/residences/ancolie/
Locations Meublées St-Nicolas (owners association),almae-chalet-ancolie,Le Chalet Ancolie,Almae Collection,St-Nicolas-de-Véroce,no,https://almae-collection.com/residences/ancolie/
Locations Meublées St-Nicolas (owners association),locstnicolas-le-coq-de-bruyere,Le Coq de Bruyère,Private owner (Ass. Locations Meublées St-Nicolas),St-Nicolas-de-Véroce,no,https://locations-saint-nicolas.com/liste.location.7.le_coq_de_bruy__re.html
Locations Meublées St-Nicolas (owners association),locstnicolas-le-covagnet,Le Covagnet,Private owner (Ass. Locations Meublées St-Nicolas),St-Nicolas-de-Véroce,no,https://locations-saint-nicolas.com/liste.location.20.le_covagnet.html
Locations Meublées St-Nicolas (owners association),locstnicolas-le-covagnet-1,Le Covagnet 1,Private owner (Ass. Locations Meublées St-Nicolas),St-Nicolas-de-Véroce,no,https://locations-saint-nicolas.com/liste.location.93.le_covagnet_1.html
Locations Meublées St-Nicolas (owners association),locstnicolas-le-gouter,Le Gouter,Private owner (Ass. Locations Meublées St-Nicolas),St-Nicolas-de-Véroce,no,https://locations-saint-nicolas.com/liste.location.100.le_gouter.html
Locations Meublées St-Nicolas (owners association),locstnicolas-le-grenier,Le Grenier,Private owner (Ass. Locations Meublées St-Nicolas),St-Nicolas-de-Véroce,no,https://locations-saint-nicolas.com/liste.location.74.le_grenier.html
Locations Meublées St-Nicolas (owners association),locstnicolas-le-lutin,Le Lutin,Private owner (Ass. Locations Meublées St-Nicolas),St-Nicolas-de-Véroce,no,https://locations-saint-nicolas.com/liste.location.48.le_lutin.html
Locations Meublées St-Nicolas (owners association),locstnicolas-le-telemark,Le Télémark,Private owner (Ass. Locations Meublées St-Nicolas),St-Nicolas-de-Véroce,no,https://locations-saint-nicolas.com/liste.location.26.le_t__l__mark.html
Locations Meublées St-Nicolas (owners association),locstnicolas-le-vorassey,Le Vorassey,Private owner (Ass. Locations Meublées St-Nicolas),St-Nicolas-de-Véroce,no,https://locations-saint-nicolas.com/liste.location.40.le_vorassey.html
Locations Meublées St-Nicolas (owners association),locstnicolas-les-bouquetins-les-nids-alpins,Les Bouquetins - Les Nids Alpins,Private owner (Ass. Locations Meublées St-Nicolas),St-Nicolas-de-Véroce,no,https://locations-saint-nicolas.com/liste.location.55.les_bouquetins___les_nids_alpins.html
Locations Meublées St-Nicolas (owners association),locstnicolas-les-bouquetins-appart-1,Les Bouquetins appart 1,Private owner (Ass. Locations Meublées St-Nicolas),St-Nicolas-de-Véroce,no,https://locations-saint-nicolas.com/liste.location.77.les_bouquetins_appart_1.html
Locations Meublées St-Nicolas (owners association),locstnicolas-les-campanules,Les Campanules,Private owner (Ass. Locations Meublées St-Nicolas),St-Nicolas-de-Véroce,no,https://locations-saint-nicolas.com/liste.location.58.les_campanules.html
Locations Meublées St-Nicolas (owners association),locstnicolas-les-chalets-de-tete-rousse,Les Chalets de Tête Rousse,Private owner (Ass. Locations Meublées St-Nicolas),St-Nicolas-de-Véroce,no,https://locations-saint-nicolas.com/liste.location.50.les_chalets_de_t__te_rousse.html
Locations Meublées St-Nicolas (owners association),locstnicolas-les-eterlous,Les Eterlous,Private owner (Ass. Locations Meublées St-Nicolas),St-Nicolas-de-Véroce,no,https://locations-saint-nicolas.com/liste.location.67.les_eterlous.html
allChalets,allchalets-33598,Les Farfadets (Les Chalets de La Combe),,St-Nicolas-de-Véroce,no,https://www.allchalets.com/holiday-rentals/33598-chalet-in-st-gervais-france
Locations Meublées St-Nicolas (owners association),locstnicolas-les-fauvettes-chalet-independant-pour-8-personnes,Les Fauvettes - Chalet indépendant pour 8 personnes,Private owner (Ass. Locations Meublées St-Nicolas),St-Nicolas-de-Véroce,no,https://locations-saint-nicolas.com/liste.location.90.les_fauvettes___chalet_ind__pendant_pour_8_personnes.html
Locations Meublées St-Nicolas (owners association),locstnicolas-les-nids-alpins,Les Nids Alpins,Private owner (Ass. Locations Meublées St-Nicolas),St-Nicolas-de-Véroce,no,https://locations-saint-nicolas.com/liste.location.9.les_nids_alpins.html
Locations Meublées St-Nicolas (owners association),locstnicolas-les-nids-alpins-11,Les Nids Alpins,Private owner (Ass. Locations Meublées St-Nicolas),St-Nicolas-de-Véroce,no,https://locations-saint-nicolas.com/liste.location.11.les_nids_alpins.html
Locations Meublées St-Nicolas (owners association),locstnicolas-les-nids-alpins-3,Les Nids Alpins,Private owner (Ass. Locations Meublées St-Nicolas),St-Nicolas-de-Véroce,no,https://locations-saint-nicolas.com/liste.location.3.les_nids_alpins.html
Locations Meublées St-Nicolas (owners association),locstnicolas-les-nids-alpins-pupier,Les Nids Alpins - Pupier,Private owner (Ass. Locations Meublées St-Nicolas),St-Nicolas-de-Véroce,no,https://locations-saint-nicolas.com/liste.location.16.les_nids_alpins___pupier.html
Locations Meublées St-Nicolas (owners association),locstnicolas-les-nids-alpins-appartement-3-pieces,"Les Nids Alpins, appartement 3 pièces",Private owner (Ass. Locations Meublées St-Nicolas),St-Nicolas-de-Véroce,no,https://locations-saint-nicolas.com/liste.location.21.les_nids_alpins__appartement_3_pi__ces.html
Locations Meublées St-Nicolas (owners association),locstnicolas-les-passereaux-nord,Les Passereaux Nord,Private owner (Ass. Locations Meublées St-Nicolas),St-Nicolas-de-Véroce,no,https://locations-saint-nicolas.com/liste.location.2.les_passereaux_nord.html
Locations Meublées St-Nicolas (owners association),locstnicolas-les-passereaux-sud,Les Passereaux Sud,Private owner (Ass. Locations Meublées St-Nicolas),St-Nicolas-de-Véroce,no,https://locations-saint-nicolas.com/liste.location.1.les_passereaux_sud.html
Locations Meublées St-Nicolas (owners association),locstnicolas-les-pierres-blanches,Les Pierres Blanches,Private owner (Ass. Locations Meublées St-Nicolas),St-Nicolas-de-Véroce,no,https://locations-saint-nicolas.com/liste.location.84.les_pierres_blanches.html
Locations Meublées St-Nicolas (owners association),locstnicolas-les-rocailles-appartement-6-personnes,Les Rocailles - Appartement 6 personnes,Private owner (Ass. Locations Meublées St-Nicolas),St-Nicolas-de-Véroce,no,https://locations-saint-nicolas.com/liste.location.65.les_rocailles___appartement_6_personnes.html
Locations Meublées St-Nicolas (owners association),locstnicolas-les-rois-miages,Les Rois Miages,Private owner (Ass. Locations Meublées St-Nicolas),St-Nicolas-de-Véroce,no,https://locations-saint-nicolas.com/liste.location.32.les_rois_miages.html
Locations Meublées St-Nicolas (owners association),locstnicolas-montjoly,MontJoly,Private owner (Ass. Locations Meublées St-Nicolas),St-Nicolas-de-Véroce,no,https://locations-saint-nicolas.com/liste.location.25._quot_montjoly_quot_.html
Locations Meublées St-Nicolas (owners association),locstnicolas-nidsalpinsbach,NidsAlpinsBACH,Private owner (Ass. Locations Meublées St-Nicolas),St-Nicolas-de-Véroce,no,https://locations-saint-nicolas.com/liste.location.101.nidsalpinsbach.html
Locations Meublées St-Nicolas (owners association),locstnicolas-studio-le-gouter,Studio Le Gouter,Private owner (Ass. Locations Meublées St-Nicolas),St-Nicolas-de-Véroce,no,https://locations-saint-nicolas.com/liste.location.51.studio_le_gouter.html
Locations Meublées St-Nicolas (owners association),locstnicolas-studio-les-domes,Studio les Dômes,Private owner (Ass. Locations Meublées St-Nicolas),St-Nicolas-de-Véroce,no,https://locations-saint-nicolas.com/liste.location.27.studio_les_d__mes.html
Locations Meublées St-Nicolas (owners association),locstnicolas-la-ferme-de-nant-blanchet,la Ferme de Nant Blanchet,Private owner (Ass. Locations Meublées St-Nicolas),St-Nicolas-de-Véroce,no,https://locations-saint-nicolas.com/liste.location.73.la_ferme_de_nant_blanchet.html
Luxury Chalet Book,luxury-chalet-book-chalet-sotciastel,Chalet Sotciastel,Luxury Chalet Book,Badia,no,https://www.luxurychaletbook.com/italy/alta-badia/chalet-sotciastel
Luxury Chalet Book,luxury-chalet-book-chalet-ronn,Chalet Ronn,Luxury Chalet Book,Colfosco,no,https://www.luxurychaletbook.com/italy/alta-badia/chalet-ronn
Alpine Answers,hotel-col-alto-corvara,Hotel Col Alto,Hotel Col Alto,Corvara,no,https://www.alpineanswers.co.uk/ski-hotels/italy/corvara/hotel-col-alto
Booking.com,hotel-col-alto-corvara,Hotel Col Alto,Hotel Col Alto,Corvara,no,https://www.alpineanswers.co.uk/ski-hotels/italy/corvara/hotel-col-alto
Alpine Answers,hotel-la-perla-corvara,Hotel La Perla,Hotel La Perla (Costa family),Corvara,no,https://www.alpineanswers.co.uk/ski-hotels/italy/corvara/hotel-la-perla
Booking.com,hotel-la-perla-corvara,Hotel La Perla,Hotel La Perla (Costa family),Corvara,no,https://www.alpineanswers.co.uk/ski-hotels/italy/corvara/hotel-la-perla
Alpine Answers,hotel-marmolada-corvara,Hotel Marmolada,Hotel Marmolada,Corvara,no,https://www.alpineanswers.co.uk/ski-hotels/italy/corvara/hotel-marmolada
Booking.com,hotel-marmolada-corvara,Hotel Marmolada,Hotel Marmolada,Corvara,no,https://www.alpineanswers.co.uk/ski-hotels/italy/corvara/hotel-marmolada
Alpine Answers,hotel-sassongher-corvara,Hotel Sassongher,Hotel Sassongher (Pescosta family),Corvara,no,https://www.alpineanswers.co.uk/ski-hotels/italy/corvara/hotel-sassongher
Booking.com,hotel-sassongher-corvara,Hotel Sassongher,Hotel Sassongher (Pescosta family),Corvara,no,https://www.alpineanswers.co.uk/ski-hotels/italy/corvara/hotel-sassongher
Alpine Answers,hotel-table-corvara,Hotel Tablé,Hotel Tablé,Corvara,no,https://www.alpineanswers.co.uk/ski-hotels/italy/corvara/hotel-tabl
Booking.com,hotel-table-corvara,Hotel Tablé,Hotel Tablé,Corvara,no,https://www.alpineanswers.co.uk/ski-hotels/italy/corvara/hotel-tabl
Alpine Answers,sporthotel-panorama-corvara,Sporthotel Panorama,Sporthotel Panorama,Corvara,yes,https://www.alpineanswers.co.uk/ski-hotels/italy/corvara/sporthotel-panorama
Booking.com,sporthotel-panorama-corvara,Sporthotel Panorama,Sporthotel Panorama,Corvara,yes,https://www.alpineanswers.co.uk/ski-hotels/italy/corvara/sporthotel-panorama
Luxury Chalet Book,luxury-chalet-book-chalet-mi-amur,Chalet Mi Amur,Luxury Chalet Book,La Villa,no,https://www.luxurychaletbook.com/italy/alta-badia/chalet-mi-amur
Arabba Fodom Turismo (arabba.it),arabbait-appartamenti-al-fever,Appartamenti Al Fever,Appartamenti Al Fever (owner-run),Alfauro (Livinallongo),no,https://www.arabba.it/en/facilities-gastronomy/accommodation/appartamenti-al-fever/38-158.html
Arabba Fodom Turismo (arabba.it),arabbait-appartamenti-marisa,Appartamenti Marisa,Appartamenti Marisa (owner-run),Alfauro (Livinallongo),no,https://www.arabba.it/en/facilities-gastronomy/accommodation/appartamenti-marisa/38-150.html
Arabba Fodom Turismo (arabba.it),arabbait-appartamenti-stella-alpina,Appartamenti Stella Alpina,Appartamenti Stella Alpina (owner-run),Alfauro (Livinallongo),no,https://www.arabba.it/en/facilities-gastronomy/accommodation/appartamenti-stella-alpina/38-49.html
Arabba Fodom Turismo (arabba.it),arabbait-appartamento-crepaz-erica,Appartamento Crepaz Erica,Appartamento Crepaz Erica (owner-run),Alfauro (Livinallongo),no,https://www.arabba.it/en/facilities-gastronomy/accommodation/appartamento-crepaz-erica/38-9.html
Active Hotel Malita (own site),arabbait-active-hotel-malita,Active Hotel Malita (***),Active Hotel Malita (owner-run),Arabba,yes,https://www.arabba.it/en/facilities-gastronomy/accommodation/active-hotel-malita/38-383.html
Arabba Fodom Turismo (arabba.it),arabbait-active-hotel-malita,Active Hotel Malita (***),Active Hotel Malita (owner-run),Arabba,yes,https://www.arabba.it/en/facilities-gastronomy/accommodation/active-hotel-malita/38-383.html
Arabba Fodom Turismo (arabba.it),arabbait-alpeluce-mountain-chalet,Alpeluce Mountain Chalet,Alpeluce Mountain Chalet (owner-run),Arabba,no,https://www.arabba.it/en/facilities-gastronomy/accommodation/alpeluce-mountain-chalet/38-180728.html
Arabba Fodom Turismo (arabba.it),arabbait-alpenrose-s,Alpenrose (***S),Alpenrose S (owner-run),Arabba,no,https://www.arabba.it/en/facilities-gastronomy/accommodation/alpenrose-s/38-97.html
Booking.com,arabbait-alpenrose-s,Alpenrose (***S),Alpenrose S (owner-run),Arabba,no,https://www.arabba.it/en/facilities-gastronomy/accommodation/alpenrose-s/38-97.html
Arabba Fodom Turismo (arabba.it),arabbait-alpenrose-dipendenza,Alpenrose (Dipendenza) (**),Hotel Alpenrose (Delmonego family),Arabba,yes,https://www.arabba.it/en/facilities-gastronomy/accommodation/alpenrose-dipendenza/38-154.html
Hotel Alpenrose (own site),arabbait-alpenrose-dipendenza,Alpenrose (Dipendenza) (**),Hotel Alpenrose (Delmonego family),Arabba,yes,https://www.arabba.it/en/facilities-gastronomy/accommodation/alpenrose-dipendenza/38-154.html
Arabba Fodom Turismo (arabba.it),arabbait-appartamenti-alpenroyal,Appartamenti Alpenroyal,Appartamenti Alpenroyal (owner-run),Arabba,no,https://www.arabba.it/en/facilities-gastronomy/accommodation/appartamenti-alpenroyal/38-170.html
Arabba Fodom Turismo (arabba.it),arabbait-appartamenti-carlotta,Appartamenti Carlotta,Appartamenti Carlotta (owner-run),Arabba,no,https://www.arabba.it/en/facilities-gastronomy/accommodation/appartamenti-carlotta/38-423.html
Arabba Fodom Turismo (arabba.it),arabbait-appartamenti-daberto-fabiola,Appartamenti Daberto Fabiola,Appartamenti Daberto Fabiola (owner-run),Arabba,no,https://www.arabba.it/en/facilities-gastronomy/accommodation/appartamenti-daberto-fabiola/38-401.html
Arabba Fodom Turismo (arabba.it),arabbait-appartamenti-dolomites,Appartamenti Dolomites,Appartamenti Dolomites (owner-run),Arabba,no,https://www.arabba.it/en/facilities-gastronomy/accommodation/appartamenti-dolomites/38-164.html
Arabba Fodom Turismo (arabba.it),arabbait-appartamenti-el-melaster,Appartamenti El Melaster,Appartamenti El Melaster (owner-run),Arabba,no,https://www.arabba.it/en/facilities-gastronomy/accommodation/appartamenti-el-melaster/38-53.html
Arabba Fodom Turismo (arabba.it),arabbait-appartamenti-el-tabia,Appartamenti El Tabià,Appartamenti El Tabià (owner-run),Arabba,no,https://www.arabba.it/en/facilities-gastronomy/accommodation/appartamenti-el-tabià/38-35.html
Arabba Fodom Turismo (arabba.it),arabbait-appartamenti-giglio-rosso,Appartamenti Giglio Rosso,Appartamenti Giglio Rosso (owner-run),Arabba,no,https://www.arabba.it/en/facilities-gastronomy/accommodation/appartamenti-giglio-rosso/38-95.html
Arabba Fodom Turismo (arabba.it),arabbait-appartamenti-home-service,Appartamenti Home Service,Appartamenti Home Service (owner-run),Arabba,no,https://www.arabba.it/en/facilities-gastronomy/accommodation/appartamenti-home-service/38-137597.html
Arabba Fodom Turismo (arabba.it),arabbait-appartamenti-irsara-rosvitta,Appartamenti Irsara Rosvitta,Appartamenti Irsara Rosvitta (owner-run),Arabba,no,https://www.arabba.it/en/facilities-gastronomy/accommodation/appartamenti-irsara-rosvitta/38-391.html
Arabba Fodom Turismo (arabba.it),arabbait-appartamenti-lezuo-iris,Appartamenti Lezuo Iris,Appartamenti Lezuo Iris (owner-run),Arabba,no,https://www.arabba.it/en/facilities-gastronomy/accommodation/appartamenti-lezuo-iris/38-152.html
Arabba Fodom Turismo (arabba.it),arabbait-appartamenti-samont,Appartamenti Samont,Appartamenti Samont (owner-run),Arabba,no,https://www.arabba.it/en/facilities-gastronomy/accommodation/appartamenti-samont/38-403.html
Arabba Fodom Turismo (arabba.it),arabbait-appartamenti-vallazza-antonietta,Appartamenti Vallazza Antonietta,Appartamenti Vallazza Antonietta (owner-run),Arabba,no,https://www.arabba.it/en/facilities-gastronomy/accommodation/appartamenti-vallazza-antonietta/38-387.html
Arabba Fodom Turismo (arabba.it),arabbait-appartamenti-vallazza-moreno,Appartamenti Vallazza Moreno,Appartamenti Vallazza Moreno (owner-run),Arabba,no,https://www.arabba.it/en/facilities-gastronomy/accommodation/appartamenti-vallazza-moreno/38-371.html
Arabba Fodom Turismo (arabba.it),arabbait-appartamenti-vallazza-rosaria,Appartamenti Vallazza Rosaria,Appartamenti Vallazza Rosaria (owner-run),Arabba,no,https://www.arabba.it/en/facilities-gastronomy/accommodation/appartamenti-vallazza-rosaria/38-415.html
Arabba Fodom Turismo (arabba.it),arabbait-appartamento-cesa-ines,Appartamento Cesa Ines,Appartamento Cesa Ines (owner-run),Arabba,no,https://www.arabba.it/en/facilities-gastronomy/accommodation/appartamento-cesa-ines/38-36244.html
Arabba Fodom Turismo (arabba.it),arabbait-appartamento-ciasa-enrico,Appartamento Ciasa Enrico,Appartamento Ciasa Enrico (owner-run),Arabba,no,https://www.arabba.it/en/facilities-gastronomy/accommodation/appartamento-ciasa-enrico/38-124015.html
Arabba Fodom Turismo (arabba.it),arabbait-appartamento-condominio-pordoi,Appartamento Condominio Pordoi,Appartamento Condominio Pordoi (owner-run),Arabba,no,https://www.arabba.it/en/facilities-gastronomy/accommodation/appartamento-condominio-pordoi/38-449.html
Arabba Fodom Turismo (arabba.it),arabbait-appartamento-crepaz-graziella,Appartamento Crepaz Graziella,Appartamento Crepaz Graziella (owner-run),Arabba,no,https://www.arabba.it/en/facilities-gastronomy/accommodation/appartamento-crepaz-graziella/38-59.html
Arabba Fodom Turismo (arabba.it),arabbait-appartamento-mister-x,Appartamento Mister X,Appartamento Mister X (owner-run),Arabba,no,https://www.arabba.it/en/facilities-gastronomy/accommodation/appartamento-mister-x/38-199446.html
Arabba Fodom Turismo (arabba.it),arabbait-appartamento-precumon-16-5,Appartamento Precumon 16/5,Appartamento Precumon 16/5 (owner-run),Arabba,no,https://www.arabba.it/en/facilities-gastronomy/accommodation/appartamento-precumon-16/5/38-83728.html
Arabba Fodom Turismo (arabba.it),arabbait-appartamento-santin,Appartamento Santin,Appartamento Santin (owner-run),Arabba,no,https://www.arabba.it/en/facilities-gastronomy/accommodation/appartamento-santin/38-431.html
Arabba Fodom Turismo (arabba.it),arabbait-appartaments-evaldo,Appartaments Evaldo,Appartaments Evaldo (owner-run),Arabba,no,https://www.arabba.it/en/facilities-gastronomy/accommodation/appartaments-evaldo/38-148.html
Arabba Fodom Turismo (arabba.it),arabbait-bellavista,Bellavista (***),Bellavista (owner-run),Arabba,no,https://www.arabba.it/en/facilities-gastronomy/accommodation/bellavista/38-389.html
Arabba Fodom Turismo (arabba.it),arabbait-blank-apartments,Blank (apartments),Blank (apartments) (owner-run),Arabba,no,https://www.arabba.it/en/facilities-gastronomy/accommodation/blank/38-15573.html
Arabba Fodom Turismo (arabba.it),arabbait-blank-rooms,Blank (rooms),Blank (rooms) (owner-run),Arabba,no,https://www.arabba.it/en/facilities-gastronomy/accommodation/blank/38-26868.html
Arabba Fodom Turismo (arabba.it),arabbait-blizzard-apartments,Blizzard Apartments,Blizzard Apartments (owner-run),Arabba,no,https://www.arabba.it/en/facilities-gastronomy/accommodation/blizzard-apartments/38-189938.html
Arabba Fodom Turismo (arabba.it),arabbait-cesa-rudi,Cesa Rudi (*),Cesa Rudi (owner-run),Arabba,no,https://www.arabba.it/en/facilities-gastronomy/accommodation/cesa-rudi/38-160.html
Arabba Fodom Turismo (arabba.it),arabbait-chalet-aria,Chalet Aria (****),Chalet Aria (owner-run),Arabba,no,https://chaletaria.it/en/
Chalet Aria (own site),arabbait-chalet-aria,Chalet Aria (****),Chalet Aria (owner-run),Arabba,no,https://chaletaria.it/en/
Arabba Fodom Turismo (arabba.it),arabbait-chalet-barbara,Chalet Barbara (*),Chalet Barbara (owner-run),Arabba,no,https://www.arabba.it/en/facilities-gastronomy/accommodation/chalet-barbara/38-435.html
Arabba Fodom Turismo (arabba.it),arabbait-chalet-brigitte,Chalet Brigitte,Chalet Brigitte (owner-run),Arabba,no,https://www.arabba.it/en/facilities-gastronomy/accommodation/chalet-brigitte/38-168.html
Alpine Answers,alpineanswers-chalet-cesa-del-louf,Chalet Cesa Del Louf,Alpine Answers (agent; underlying operator not named),Arabba,no,https://www.alpineanswers.co.uk/ski-chalets/italy/arabba/chalet-cesa-del-louf
Arabba Fodom Turismo (arabba.it),alpineanswers-chalet-cesa-del-louf,Chalet Cesa Del Louf,Alpine Answers (agent; underlying operator not named),Arabba,no,https://www.alpineanswers.co.uk/ski-chalets/italy/arabba/chalet-cesa-del-louf
Chalet Owners,alpineanswers-chalet-cesa-del-louf,Chalet Cesa Del Louf,Alpine Answers (agent; underlying operator not named),Arabba,no,https://www.alpineanswers.co.uk/ski-chalets/italy/arabba/chalet-cesa-del-louf
Luxury Chalet Book,alpineanswers-chalet-cesa-del-louf,Chalet Cesa Del Louf,Alpine Answers (agent; underlying operator not named),Arabba,no,https://www.alpineanswers.co.uk/ski-chalets/italy/arabba/chalet-cesa-del-louf
Arabba Fodom Turismo (arabba.it),arabbait-chalet-heidi,Chalet Heidi,Chalet Heidi (owner-run),Arabba,no,https://www.arabba.it/en/facilities-gastronomy/accommodation/chalet-heidi/38-156.html
Arabba Fodom Turismo (arabba.it),arabbait-chalet-helen,Chalet Helen,Chalet Helen (owner-run),Arabba,no,https://www.arabba.it/en/facilities-gastronomy/accommodation/chalet-helen/38-37.html
Arabba Fodom Turismo (arabba.it),arabbait-chalet-maria-teresa,Chalet Maria Teresa,Chalet Maria Teresa (owner-run),Arabba,no,https://www.arabba.it/en/facilities-gastronomy/accommodation/chalet-maria-teresa/38-81.html
Arabba Fodom Turismo (arabba.it),arabbait-chalet-pradat,Chalet Pradat,Chalet Pradat (owner-run),Arabba,no,https://www.arabba.it/en/facilities-gastronomy/accommodation/chalet-pradat/38-63.html
Arabba Fodom Turismo (arabba.it),arabbait-de-battista-ugo-c-s-n-c,De Battista Ugo & C. S.N.C.,De Battista Ugo & C. S.N.C. (owner-run),Arabba,no,https://www.arabba.it/en/facilities-gastronomy/accommodation/de-battista-ugo-c-s-n-c/38-172.html
Arabba Fodom Turismo (arabba.it),arabbait-emma,Emma (**),Emma (owner-run),Arabba,no,https://www.arabba.it/en/facilities-gastronomy/accommodation/emma/38-75.html
Arabba Fodom Turismo (arabba.it),arabbait-garni-erica,Garni' Erica (**),Garni' Erica (owner-run),Arabba,no,https://www.arabba.it/en/facilities-gastronomy/accommodation/garni-erica/38-25.html
Arabba Fodom Turismo (arabba.it),arabbait-garni-serena,Garni' Serena (***),Garni' Serena (owner-run),Arabba,no,https://www.arabba.it/en/facilities-gastronomy/accommodation/garni-serena/38-367.html
Arabba Fodom Turismo (arabba.it),arabbait-genziana,Genziana (**),Genziana (owner-run),Arabba,no,https://www.arabba.it/en/facilities-gastronomy/accommodation/genziana/38-99.html
Alpine Answers,alpineanswers-hotel-evaldo,Hotel Evaldo,Hotel Evaldo (via Alpine Answers),Arabba,yes,https://www.alpineanswers.co.uk/ski-hotels/italy/arabba/hotel-evaldo
Arabba Fodom Turismo (arabba.it),alpineanswers-hotel-evaldo,Hotel Evaldo,Hotel Evaldo (via Alpine Answers),Arabba,yes,https://www.alpineanswers.co.uk/ski-hotels/italy/arabba/hotel-evaldo
Booking.com,alpineanswers-hotel-evaldo,Hotel Evaldo,Hotel Evaldo (via Alpine Answers),Arabba,yes,https://www.alpineanswers.co.uk/ski-hotels/italy/arabba/hotel-evaldo
Hotel Evaldo (own site),alpineanswers-hotel-evaldo,Hotel Evaldo,Hotel Evaldo (via Alpine Answers),Arabba,yes,https://www.alpineanswers.co.uk/ski-hotels/italy/arabba/hotel-evaldo
Arabba Fodom Turismo (arabba.it),arabbait-hotel-mesdi-s,Hotel Mesdi' (***S),Hotel Mesdi' S (owner-run),Arabba,no,https://www.arabba.it/en/facilities-gastronomy/accommodation/hotel-mesdi-s/38-407.html
Arabba Fodom Turismo (arabba.it),arabbait-marilena,Marilena (***),Marilena (owner-run),Arabba,no,https://www.arabba.it/en/facilities-gastronomy/accommodation/marilena/38-39.html
Arabba Fodom Turismo (arabba.it),arabbait-olympia,Olympia (***),Olympia (owner-run),Arabba,yes,https://www.arabba.it/en/facilities-gastronomy/accommodation/olympia/38-397.html
Booking.com,arabbait-olympia,Olympia (***),Olympia (owner-run),Arabba,yes,https://www.arabba.it/en/facilities-gastronomy/accommodation/olympia/38-397.html
Albergo Pensione Sport (own site),arabbait-pensione-sport,Pensione Sport (**),Pensione Sport (owner-run),Arabba,no,https://albergosportarabba.it/?lang=en
Arabba Fodom Turismo (arabba.it),arabbait-pensione-sport,Pensione Sport (**),Pensione Sport (owner-run),Arabba,no,https://albergosportarabba.it/?lang=en
Booking.com,arabbait-pensione-sport,Pensione Sport (**),Pensione Sport (owner-run),Arabba,no,https://albergosportarabba.it/?lang=en
Arabba Fodom Turismo (arabba.it),arabbait-pordoi,Pordoi (**),Pordoi (owner-run),Arabba,yes,https://www.hotelpordoi.it/en
Hotel Pordoi (own site),arabbait-pordoi,Pordoi (**),Pordoi (owner-run),Arabba,yes,https://www.hotelpordoi.it/en
Arabba Fodom Turismo (arabba.it),arabbait-portavescovo,Portavescovo (***),Portavescovo (owner-run),Arabba,yes,https://www.arabba.it/en/facilities-gastronomy/accommodation/portavescovo/38-445.html
Booking.com,arabbait-portavescovo,Portavescovo (***),Portavescovo (owner-run),Arabba,yes,https://www.arabba.it/en/facilities-gastronomy/accommodation/portavescovo/38-445.html
Arabba Fodom Turismo (arabba.it),arabbait-residence-baita-antlia,Residence Baita Antlia (***),Residence Baita Antlia (owner-run),Arabba,no,https://www.arabba.it/en/facilities-gastronomy/accommodation/residence-baita-antlia/38-443.html
Arabba Fodom Turismo (arabba.it),arabbait-residence-chalet-panorama,Residence Chalet Panorama (***),Residence Chalet Panorama (owner-run),Arabba,no,https://www.arabba.it/en/facilities-gastronomy/accommodation/residence-chalet-panorama/38-79.html
Arabba Fodom Turismo (arabba.it),arabbait-royal,Royal (***),Royal (owner-run),Arabba,no,https://www.arabba.it/en/facilities-gastronomy/accommodation/royal/38-69.html
Alpine Answers,alpineanswers-sporthotel-arabba,Sporthotel Arabba,Sporthotel Arabba (via Alpine Answers),Arabba,yes,https://www.alpineanswers.co.uk/ski-hotels/italy/arabba/sporthotel-arabba
Arabba Fodom Turismo (arabba.it),alpineanswers-sporthotel-arabba,Sporthotel Arabba,Sporthotel Arabba (via Alpine Answers),Arabba,yes,https://www.alpineanswers.co.uk/ski-hotels/italy/arabba/sporthotel-arabba
Booking.com,alpineanswers-sporthotel-arabba,Sporthotel Arabba,Sporthotel Arabba (via Alpine Answers),Arabba,yes,https://www.alpineanswers.co.uk/ski-hotels/italy/arabba/sporthotel-arabba
Sporthotel Arabba (own site),alpineanswers-sporthotel-arabba,Sporthotel Arabba,Sporthotel Arabba (via Alpine Answers),Arabba,yes,https://www.alpineanswers.co.uk/ski-hotels/italy/arabba/sporthotel-arabba
Arabba Fodom Turismo (arabba.it),arabbait-sunny-arabba-apartment,Sunny Arabba Apartment,Sunny Arabba Apartment (owner-run),Arabba,no,https://www.arabba.it/en/facilities-gastronomy/accommodation/sunny-arabba-apartment/38-186230.html
Arabba Fodom Turismo (arabba.it),arabbait-bec-de-roces,Bec De Roces,Bec De Roces (owner-run),"Arabba (Bec de Roces, on-mountain)",no,https://www.arabba.it/en/facilities-gastronomy/accommodation/bec-de-roces/38-427.html
Arabba Fodom Turismo (arabba.it),arabbait-appartamenti-cesa-raggio-di-sole,Appartamenti Cesa Raggio Di Sole,Appartamenti Cesa Raggio Di Sole (owner-run),Cherz (Livinallongo),no,https://www.arabba.it/en/facilities-gastronomy/accommodation/appartamenti-cesa-raggio-di-sole/38-27.html
Arabba Fodom Turismo (arabba.it),arabbait-la-viza,La Viza,Rifugio La Viza (contact Eric Bombasse),"Cherz (Livinallongo, on-mountain)",yes,https://www.arabba.it/en/facilities-gastronomy/accommodation/la-viza/38-51.html
Arabba Fodom Turismo (arabba.it),arabbait-agriturismo-da-berna-di-bernardino-dorigo,Agriturismo Da Berna Di Bernardino Dorigo,Agriturismo Da Berna Di Bernardino Dorigo (owner-run),Corte (Livinallongo),no,https://www.arabba.it/en/facilities-gastronomy/accommodation/agriturismo-da-berna-di-bernardino-dorigo/38-429.html
Arabba Fodom Turismo (arabba.it),arabbait-apartments-mirabell,Apartments Mirabell,Apartments Mirabell (owner-run),Corte (Livinallongo),no,https://www.arabba.it/en/facilities-gastronomy/accommodation/apartments-mirabell/38-17.html
Arabba Fodom Turismo (arabba.it),arabbait-digonera,Digonera (***),Digonera (owner-run),Digonera (Rocca Pietore),no,https://www.arabba.it/en/facilities-gastronomy/accommodation/digonera/38-7518.html
Arabba Fodom Turismo (arabba.it),arabbait-appartamento-l-aier,Appartamento L'Aier,Appartamento L'Aier (owner-run),Federa (Livinallongo),no,https://www.arabba.it/en/facilities-gastronomy/accommodation/appartamento-l-aier/38-36356.html
Albergo Ristoro Lezuo (own site),arabbait-albergo-ristoro-lezuo,Albergo Ristoro Lezuo (**),Albergo Ristoro Lezuo (owner-run),La Pala (Livinallongo),yes,https://www.ristorolezuo.it/en/
Arabba Fodom Turismo (arabba.it),arabbait-albergo-ristoro-lezuo,Albergo Ristoro Lezuo (**),Albergo Ristoro Lezuo (owner-run),La Pala (Livinallongo),yes,https://www.ristorolezuo.it/en/
Arabba Fodom Turismo (arabba.it),arabbait-cesa-padon,Cesa Padon (***),Cesa Padon (owner-run),Livinallongo del Col di Lana,no,https://cesa-padon.it/en
Hotel Cesa Padon (own site),arabbait-cesa-padon,Cesa Padon (***),Cesa Padon (owner-run),Livinallongo del Col di Lana,no,https://cesa-padon.it/en
Arabba Fodom Turismo (arabba.it),arabbait-hotel-garni-elisir,Hotel Garni' Elisir (***),Hotel Garni' Elisir (owner-run),Passo Campolongo (Arabba),no,https://www.arabba.it/en/facilities-gastronomy/accommodation/hotel-garni-elisir/38-41.html
Arabba Fodom Turismo (arabba.it),arabbait-sports-nature-hotel-boe-s,Sports & Nature Hotel Boe' (***S),Sports & Nature Hotel Boe' S (owner-run),Passo Campolongo (Arabba),yes,https://www.arabba.it/en/facilities-gastronomy/accommodation/sports-nature-hotel-boe-s/38-302.html
Booking.com,arabbait-sports-nature-hotel-boe-s,Sports & Nature Hotel Boe' (***S),Sports & Nature Hotel Boe' S (owner-run),Passo Campolongo (Arabba),yes,https://www.arabba.it/en/facilities-gastronomy/accommodation/sports-nature-hotel-boe-s/38-302.html
Arabba Fodom Turismo (arabba.it),arabbait-al-forte-s,Al Forte (***S),Al Forte S (owner-run),Pezzei (Livinallongo),yes,https://www.arabba.it/en/facilities-gastronomy/accommodation/al-forte-s/38-439.html
Booking.com,arabbait-al-forte-s,Al Forte (***S),Al Forte S (owner-run),Pezzei (Livinallongo),yes,https://www.arabba.it/en/facilities-gastronomy/accommodation/al-forte-s/38-439.html
Arabba Fodom Turismo (arabba.it),arabbait-alpino,Alpino (***),Alpino (owner-run),Pieve di Livinallongo,no,https://www.arabba.it/en/facilities-gastronomy/accommodation/alpino/38-399.html
Arabba Fodom Turismo (arabba.it),arabbait-appartamento-monte-civetta,Appartamento Monte Civetta,Appartamento Monte Civetta (owner-run),Pieve di Livinallongo,no,https://www.arabba.it/en/facilities-gastronomy/accommodation/appartamento-monte-civetta/38-180176.html
Chalet Owners,chaletowners-casa-tra-cime,Chalet Casa tra cime,Chalet Owners (owner-direct host),Pieve di Livinallongo (Arabba area),no,https://www.chaletowners.com/chalets/arabba/casa-tra-cime.html
Arabba Fodom Turismo (arabba.it),arabbait-appartamenti-antica-dimora-bosco-verde,Appartamenti Antica Dimora Bosco Verde,Appartamenti Antica Dimora Bosco Verde (owner-run),Renaz (Livinallongo),no,https://www.arabba.it/en/facilities-gastronomy/accommodation/appartamenti-antica-dimora-bosco-verde/38-74101.html
Arabba Fodom Turismo (arabba.it),arabbait-appartamenti-demarch-adelina,Appartamenti Demarch Adelina,Appartamenti Demarch Adelina (owner-run),Renaz (Livinallongo),no,https://www.arabba.it/en/facilities-gastronomy/accommodation/appartamenti-demarch-adelina/38-43.html
Arabba Fodom Turismo (arabba.it),arabbait-appartamento-al-becalen,Appartamento Al Becalen,Appartamento Al Becalen (owner-run),Salesei (Livinallongo),no,https://www.arabba.it/en/facilities-gastronomy/accommodation/appartamento-al-becalen/38-373.html
Arabba Fodom Turismo (arabba.it),arabbait-appartamento-la-majon,Appartamento La Majon,Appartamento La Majon (owner-run),Salesei (Livinallongo),no,https://www.arabba.it/en/facilities-gastronomy/accommodation/appartamento-la-majon/38-36355.html
Arabba Fodom Turismo (arabba.it),arabbait-appartamenti-la-mirandola,Appartamenti La Mirandola,Appartamenti La Mirandola (owner-run),San Giovanni (Livinallongo),no,https://www.arabba.it/en/facilities-gastronomy/accommodation/appartamenti-la-mirandola/38-15.html
allChalets,allchalets-62500,A Cozy Alpine Retreat,,Antey-Saint-André,no,https://www.allchalets.com/holiday-rentals/62500-apartment-in-cervinia-italy
allChalets,allchalets-62497,Alpine Bliss: A Cosy Retreat,,Antey-Saint-André,no,https://www.allchalets.com/holiday-rentals/62497-apartment-in-cervinia-italy
allChalets,allchalets-62501,Apartment in Antey-Saint-André near Ski Lift,,Antey-Saint-André,no,https://www.allchalets.com/holiday-rentals/62501-apartment-in-cervinia-italy
allChalets,allchalets-62496,Apartment in Antey-Saint-André near Ski Lifts,,Antey-Saint-André,no,https://www.allchalets.com/holiday-rentals/62496-apartment-in-cervinia-italy
allChalets,allchalets-62498,Apartment with Fireplace,,Antey-Saint-André,no,https://www.allchalets.com/holiday-rentals/62498-apartment-in-cervinia-italy
allChalets,allchalets-62499,Pet-Friendly Mountain Escape,,Antey-Saint-André,no,https://www.allchalets.com/holiday-rentals/62499-apartment-in-cervinia-italy
Inghams,inghams-base-camp-apartments-cervinia,Base Camp Apartments Cervinia,Inghams,Breuil-Cervinia,no,https://www.inghams.co.uk/ski-holidays/ski-resorts/italy/aosta-valley-ski-area/cervinia/base-camp-apartments-cervinia
Luxury Chalet Co,lcc-bergman-mountain,Bergman Mountain Hotel,Luxury Chalet Co,Breuil-Cervinia,no,https://www.luxurychaletco.com/properties/bergman-mountain/
Casa Camos (cerviniacasavacanze.com),cerviniacasavacanze-casa-camos,Casa Camos Appartamenti,Casa Camos (cerviniacasavacanze.com),Breuil-Cervinia,no,https://www.cerviniacasavacanze.com/appartamenti.html
Luxury Chalet Co,lcc-chalet-blanc,Chalet Blanc,Luxury Chalet Co,Breuil-Cervinia,no,https://www.luxurychaletco.com/properties/chalet-blanc/
Alpine Answers,lcc-chalet-breithorn,Chalet Breithorn,Luxury Chalet Co,Breuil-Cervinia,no,https://www.luxurychaletco.com/properties/chalet-breithorn/
Luxury Chalet Co,lcc-chalet-breithorn,Chalet Breithorn,Luxury Chalet Co,Breuil-Cervinia,no,https://www.luxurychaletco.com/properties/chalet-breithorn/
Alpine Answers,lcc-chalet-il-gufo,Chalet Il Gufo,Luxury Chalet Co,Breuil-Cervinia,no,https://www.luxurychaletco.com/properties/chalet-il-gufo/
Luxury Chalet Co,lcc-chalet-il-gufo,Chalet Il Gufo,Luxury Chalet Co,Breuil-Cervinia,no,https://www.luxurychaletco.com/properties/chalet-il-gufo/
Alpine Answers,lcc-chalet-la-fenice,Chalet La Fenice,Luxury Chalet Co,Breuil-Cervinia,no,https://www.luxurychaletco.com/properties/chalet-la-fenice/
Luxury Chalet Co,lcc-chalet-la-fenice,Chalet La Fenice,Luxury Chalet Co,Breuil-Cervinia,no,https://www.luxurychaletco.com/properties/chalet-la-fenice/
Luxury Chalet Co,lcc-matterhorn-francois,Chalet Matterhorn Francois,Luxury Chalet Co,Breuil-Cervinia,no,https://www.luxurychaletco.com/properties/matterhorn-francois/
Luxury Chalet Co,lcc-diamond-snow,Diamond Snow,Luxury Chalet Co,Breuil-Cervinia,no,https://www.luxurychaletco.com/properties/diamond-snow/
Luxury Chalet Co,lcc-eden-snow,Eden Snow,Luxury Chalet Co,Breuil-Cervinia,no,https://www.luxurychaletco.com/properties/eden-snow/
Chalet Owners,lcc-fairway-lodge,Fairway Lodge,Luxury Chalet Co,Breuil-Cervinia,no,https://www.luxurychaletco.com/properties/fairway-lodge/
Luxury Chalet Co,lcc-fairway-lodge,Fairway Lodge,Luxury Chalet Co,Breuil-Cervinia,no,https://www.luxurychaletco.com/properties/fairway-lodge/
Alpine Answers,alpineanswers-hotel-al-piolet,Hotel Al Piolet,Alpine Answers,Breuil-Cervinia,no,https://www.alpineanswers.co.uk/ski-hotels/italy/cervinia/hotel-al-piolet
Inghams,inghams-hotel-breuil,Hotel Breuil,Inghams,Breuil-Cervinia,no,https://www.inghams.co.uk/ski-holidays/ski-resorts/italy/aosta-valley-ski-area/cervinia/hotel-breuil
Alpine Answers,crystal-hotel-bucaneve,Hotel Bucaneve,Crystal Ski,Breuil-Cervinia,no,https://www.crystalski.co.uk/ski-resorts/italy-ski-holidays/cervinia/hotel-bucaneve/
Crystal Ski,crystal-hotel-bucaneve,Hotel Bucaneve,Crystal Ski,Breuil-Cervinia,no,https://www.crystalski.co.uk/ski-resorts/italy-ski-holidays/cervinia/hotel-bucaneve/
Hotel Bucaneve (own site),crystal-hotel-bucaneve,Hotel Bucaneve,Crystal Ski,Breuil-Cervinia,no,https://www.crystalski.co.uk/ski-resorts/italy-ski-holidays/cervinia/hotel-bucaneve/
Booking.com,crystal-hotel-cervino,Hotel Cervino,Crystal Ski,Breuil-Cervinia,no,https://www.crystalski.co.uk/ski-resorts/italy-ski-holidays/cervinia/hotel-cervino/
Crystal Ski,crystal-hotel-cervino,Hotel Cervino,Crystal Ski,Breuil-Cervinia,no,https://www.crystalski.co.uk/ski-resorts/italy-ski-holidays/cervinia/hotel-cervino/
Inghams,inghams-hotel-dragon,Hotel Dragon,Inghams,Breuil-Cervinia,no,https://www.inghams.co.uk/ski-holidays/ski-resorts/italy/aosta-valley-ski-area/cervinia/hotel-dragon
Booking.com,crystal-hotel-edelweiss,Hotel Edelweiss,Crystal Ski,Breuil-Cervinia,yes,https://www.crystalski.co.uk/ski-resorts/italy-ski-holidays/cervinia/hotel-edelweiss/
Crystal Ski,crystal-hotel-edelweiss,Hotel Edelweiss,Crystal Ski,Breuil-Cervinia,yes,https://www.crystalski.co.uk/ski-resorts/italy-ski-holidays/cervinia/hotel-edelweiss/
Booking.com,crystal-hotel-europa,Hotel Europa,Crystal Ski,Breuil-Cervinia,yes,https://www.crystalski.co.uk/ski-resorts/italy-ski-holidays/cervinia/hotel-europa/
Crystal Ski,crystal-hotel-europa,Hotel Europa,Crystal Ski,Breuil-Cervinia,yes,https://www.crystalski.co.uk/ski-resorts/italy-ski-holidays/cervinia/hotel-europa/
Booking.com,crystal-hotel-excelsior-planet,Hotel Excelsior Planet,Crystal Ski,Breuil-Cervinia,no,https://www.crystalski.co.uk/ski-resorts/italy-ski-holidays/cervinia/hotel-excelsior-planet/
Crystal Ski,crystal-hotel-excelsior-planet,Hotel Excelsior Planet,Crystal Ski,Breuil-Cervinia,no,https://www.crystalski.co.uk/ski-resorts/italy-ski-holidays/cervinia/hotel-excelsior-planet/
Crystal Ski,crystal-hotel-furggen,Hotel Furggen,Crystal Ski,Breuil-Cervinia,no,https://hotelfurggen.com/en/rooms.html
Hotel Furggen (own site),crystal-hotel-furggen,Hotel Furggen,Crystal Ski,Breuil-Cervinia,no,https://hotelfurggen.com/en/rooms.html
Inghams,inghams-hotel-grivola,Hotel Grivola,Inghams,Breuil-Cervinia,no,https://www.inghams.co.uk/ski-holidays/ski-resorts/italy/aosta-valley-ski-area/cervinia/hotel-grivola
Alpine Answers,alpineanswers-hotel-hermitage,Hotel Hermitage,Alpine Answers,Breuil-Cervinia,no,https://www.alpineanswers.co.uk/ski-hotels/italy/cervinia/hotel-hermitage
Booking.com,alpineanswers-hotel-hermitage,Hotel Hermitage,Alpine Answers,Breuil-Cervinia,no,https://www.alpineanswers.co.uk/ski-hotels/italy/cervinia/hotel-hermitage
Booking.com,crystal-hotel-mon-reve,Hotel Mon Reve,Crystal Ski,Breuil-Cervinia,no,https://www.crystalski.co.uk/ski-resorts/italy-ski-holidays/cervinia/hotel-mon-reve/
Crystal Ski,crystal-hotel-mon-reve,Hotel Mon Reve,Crystal Ski,Breuil-Cervinia,no,https://www.crystalski.co.uk/ski-resorts/italy-ski-holidays/cervinia/hotel-mon-reve/
Inghams,inghams-hotel-perruquet,Hotel Perruquet,Inghams,Breuil-Cervinia,no,https://www.inghams.co.uk/ski-holidays/ski-resorts/italy/aosta-valley-ski-area/cervinia/hotel-perruquet
Booking.com,crystal-hotel-petit-palais,Hotel Petit Palais,Crystal Ski,Breuil-Cervinia,yes,https://www.crystalski.co.uk/ski-resorts/italy-ski-holidays/cervinia/hotel-petit-palais/
Crystal Ski,crystal-hotel-petit-palais,Hotel Petit Palais,Crystal Ski,Breuil-Cervinia,yes,https://www.crystalski.co.uk/ski-resorts/italy-ski-holidays/cervinia/hotel-petit-palais/
Alpine Answers,alpineanswers-hotel-principe-delle-nevi,Hotel Principe delle Nevi,Alpine Answers,Breuil-Cervinia,yes,https://www.alpineanswers.co.uk/ski-hotels/italy/cervinia/hotel-principe-delle-nevi
Booking.com,alpineanswers-hotel-principe-delle-nevi,Hotel Principe delle Nevi,Alpine Answers,Breuil-Cervinia,yes,https://www.alpineanswers.co.uk/ski-hotels/italy/cervinia/hotel-principe-delle-nevi
Alpine Answers,inghams-hotel-punta-maquignaz,Hotel Punta Maquignaz,Inghams,Breuil-Cervinia,no,https://www.inghams.co.uk/ski-holidays/ski-resorts/italy/aosta-valley-ski-area/cervinia/hotel-punta-maquignaz
Inghams,inghams-hotel-punta-maquignaz,Hotel Punta Maquignaz,Inghams,Breuil-Cervinia,no,https://www.inghams.co.uk/ski-holidays/ski-resorts/italy/aosta-valley-ski-area/cervinia/hotel-punta-maquignaz
Alpine Answers,inghams-hotel-serenella,Hotel Serenella,Inghams,Breuil-Cervinia,no,https://www.inghams.co.uk/ski-holidays/ski-resorts/italy/aosta-valley-ski-area/cervinia/hotel-serenella
Inghams,inghams-hotel-serenella,Hotel Serenella,Inghams,Breuil-Cervinia,no,https://www.inghams.co.uk/ski-holidays/ski-resorts/italy/aosta-valley-ski-area/cervinia/hotel-serenella
Booking.com,crystal-hotel-white-angel,Hotel White Angel,Crystal Ski,Breuil-Cervinia,no,https://www.crystalski.co.uk/ski-resorts/italy-ski-holidays/cervinia/hotel-white-angel/
Crystal Ski,crystal-hotel-white-angel,Hotel White Angel,Crystal Ski,Breuil-Cervinia,no,https://www.crystalski.co.uk/ski-resorts/italy-ski-holidays/cervinia/hotel-white-angel/
Alpine Answers,lcc-les-neiges-dantan,Les Neiges d'Antan,Luxury Chalet Co,Breuil-Cervinia,no,https://www.luxurychaletco.com/properties/les-neiges-dantan/
Luxury Chalet Co,lcc-les-neiges-dantan,Les Neiges d'Antan,Luxury Chalet Co,Breuil-Cervinia,no,https://www.luxurychaletco.com/properties/les-neiges-dantan/
Alpine Answers,alpineanswers-saint-hubertus,Saint Hubertus Resort,Alpine Answers,Breuil-Cervinia,no,https://www.alpineanswers.co.uk/ski-hotels/italy/cervinia/saint-hubertus
Alpine Answers,crystal-sertorelli-sport-hotel,Sertorelli Sport Hotel,Crystal Ski,Breuil-Cervinia,no,https://www.crystalski.co.uk/ski-resorts/italy-ski-holidays/cervinia/sertorelli-sport-hotel/
Booking.com,crystal-sertorelli-sport-hotel,Sertorelli Sport Hotel,Crystal Ski,Breuil-Cervinia,no,https://www.crystalski.co.uk/ski-resorts/italy-ski-holidays/cervinia/sertorelli-sport-hotel/
Crystal Ski,crystal-sertorelli-sport-hotel,Sertorelli Sport Hotel,Crystal Ski,Breuil-Cervinia,no,https://www.crystalski.co.uk/ski-resorts/italy-ski-holidays/cervinia/sertorelli-sport-hotel/
Luxury Chalet Co,lcc-grand-chalet-blanc,The Grand Chalet Blanc,Luxury Chalet Co,Breuil-Cervinia,no,https://www.luxurychaletco.com/properties/grand-chalet-blanc/
Immobiliare Sangrato,sangrato-a2-trilocale-cretes-blanches-5,Trilocale Centralissimo (Cretes Blanches A2),Immobiliare Sangrato,Breuil-Cervinia,no,https://www.immobiliaresangrato.it/propriet%C3%A0/a2-trilocale-cretes-blanches-5/
Immobiliare Sangrato,sangrato-trilocale-loc-cretaz-a3,Trilocale in stile Alpino (Loc. Cretaz A3),Immobiliare Sangrato,Breuil-Cervinia,no,https://www.immobiliaresangrato.it/propriet%C3%A0/trilocale-loc-cretaz-a3/
Alpine Answers,inghams-vretreats-cervino,VRetreats Cervino,Inghams,Breuil-Cervinia,no,https://www.inghams.co.uk/ski-holidays/ski-resorts/italy/aosta-valley-ski-area/cervinia/vretreats-cervino
Inghams,inghams-vretreats-cervino,VRetreats Cervino,Inghams,Breuil-Cervinia,no,https://www.inghams.co.uk/ski-holidays/ski-resorts/italy/aosta-valley-ski-area/cervinia/vretreats-cervino
Booking.com,crystal-valtur-cervinia-cristallo-ski-resort-4-star,Valtur Cervinia Cristallo Ski Resort 4 Star,Crystal Ski,Breuil-Cervinia,no,https://www.crystalski.co.uk/ski-resorts/italy-ski-holidays/cervinia/valtur-cervinia-cristallo-ski-resort-4-star/
Crystal Ski,crystal-valtur-cervinia-cristallo-ski-resort-4-star,Valtur Cervinia Cristallo Ski Resort 4 Star,Crystal Ski,Breuil-Cervinia,no,https://www.crystalski.co.uk/ski-resorts/italy-ski-holidays/cervinia/valtur-cervinia-cristallo-ski-resort-4-star/
Booking.com,crystal-valtur-cervinia-cristallo-ski-resort-5-star,Valtur Cervinia Cristallo Ski Resort 5 Star,Crystal Ski,Breuil-Cervinia,no,https://www.crystalski.co.uk/ski-resorts/italy-ski-holidays/cervinia/valtur-cervinia-cristallo-ski-resort-5-star/
Crystal Ski,crystal-valtur-cervinia-cristallo-ski-resort-5-star,Valtur Cervinia Cristallo Ski Resort 5 Star,Crystal Ski,Breuil-Cervinia,no,https://www.crystalski.co.uk/ski-resorts/italy-ski-holidays/cervinia/valtur-cervinia-cristallo-ski-resort-5-star/
Villa Blanche,villablanche-apartment-1st-floor,Villa Blanche – Apartment 1st floor,Villa Blanche Apartments (Tersilla Di Nicco Gianluigi e C.),Breuil-Cervinia,no,https://appartamentivillablanche.com/en/apartments
Villa Blanche,villablanche-apartment-2nd-floor,Villa Blanche – Apartment 2nd floor,Villa Blanche Apartments (Tersilla Di Nicco Gianluigi e C.),Breuil-Cervinia,no,https://appartamentivillablanche.com/en/apartments
Villa Blanche,villablanche-apartment-3rd-floor,Villa Blanche – Apartment 3rd floor,Villa Blanche Apartments (Tersilla Di Nicco Gianluigi e C.),Breuil-Cervinia,no,https://appartamentivillablanche.com/en/apartments
Luxury Chalet Co,lcc-chalet-heritage,Chalet Heritage (Héritage Carrel),Luxury Chalet Co,Valtournenche,no,https://www.luxurychaletco.com/properties/chalet-heritage/
Luxury Chalet Co,lcc-chalet-seventy-one,Chalet Seventy One,Luxury Chalet Co,Valtournenche,no,https://www.luxurychaletco.com/properties/chalet-seventy-one/
Alpine Answers,lcc-chalet-snow-storm,Chalet Snow Storm (Snøstorm),Luxury Chalet Co,Valtournenche,no,https://www.luxurychaletco.com/properties/chalet-snow-storm/
Luxury Chalet Co,lcc-chalet-snow-storm,Chalet Snow Storm (Snøstorm),Luxury Chalet Co,Valtournenche,no,https://www.luxurychaletco.com/properties/chalet-snow-storm/
torgon.ch (Meublés de particuliers),torgon-ch-appartement-111-le-cleuset-1,Appartement 111 - Le Cleuset,private owner (Torgon tourist office listing),Torgon,no,https://www.torgon.ch/appartement-111-le-cleuset-1.html
torgon.ch (Meublés de particuliers),torgon-ch-appartement-128-immeuble-les-cretes,Appartement 128 immeuble Les Crêtes,private owner (Torgon tourist office listing),Torgon,no,https://www.torgon.ch/appartement-128-immeuble-les-cretes.html
torgon.ch (Meublés de particuliers),torgon-ch-appartement-2-5-pieces-le-cleuset,"Appartement 2,5 pièces - Le Cleuset",private owner (Torgon tourist office listing),Torgon,no,https://www.torgon.ch/appartement-2-5-pieces-le-cleuset.html
torgon.ch (Meublés de particuliers),torgon-ch-appartement-334-immeuble-les-cretes,Appartement 334 immeuble Les Crêtes,private owner (Torgon tourist office listing),Torgon,no,https://www.torgon.ch/appartement-334-immeuble-les-cretes.html
torgon.ch (Meublés de particuliers),torgon-ch-appartement-35-a-le-panorama,Appartement 35 A Le Panorama,private owner (Torgon tourist office listing),Torgon,no,https://www.torgon.ch/appartement-35-a-le-panorama.html
torgon.ch (Meublés de particuliers),torgon-ch-appartement-59-le-cleuset-1,Appartement 59 - Le Cleuset,private owner (Torgon tourist office listing),Torgon,no,https://www.torgon.ch/appartement-59-le-cleuset-1.html
torgon.ch (Meublés de particuliers),torgon-ch-appartement-6-immeuble-le-chable,Appartement 6 immeuble Le Châble,private owner (Torgon tourist office listing),Torgon,no,https://www.torgon.ch/appartement-6-immeuble-le-chable.html
torgon.ch (Meublés de particuliers),torgon-ch-appartement-a1-immeuble-le-chable,Appartement A1 immeuble Le Chable,private owner (Torgon tourist office listing),Torgon,no,https://www.torgon.ch/appartement-a1-immeuble-le-chable.html
torgon.ch (Meublés de particuliers),torgon-ch-appartement-a17-immeuble-la-jorette,Appartement A17 immeuble La Jorette,private owner (Torgon tourist office listing),Torgon,no,https://www.torgon.ch/appartement-a17-immeuble-la-jorette.html
torgon.ch (Meublés de particuliers),torgon-ch-appartement-a47-immeuble-les-savounettes,Appartement A47 immeuble Les Savounettes,private owner (Torgon tourist office listing),Torgon,no,https://www.torgon.ch/appartement-a47-immeuble-les-savounettes.html
torgon.ch (Meublés de particuliers),torgon-ch-appartement-b107-immeuble-les-savounettes,Appartement B107 immeuble Les Savounettes,private owner (Torgon tourist office listing),Torgon,no,https://www.torgon.ch/appartement-b107-immeuble-les-savounettes.html
torgon.ch (Meublés de particuliers),torgon-ch-appartement-b21-immeuble-la-jorette,Appartement B21 immeuble La Jorette,private owner (Torgon tourist office listing),Torgon,no,https://www.torgon.ch/appartement-b21-immeuble-la-jorette.html
torgon.ch (Meublés de particuliers),torgon-ch-appartement-d64-immeuble-la-jorette,Appartement D64 immeuble La Jorette,private owner (Torgon tourist office listing),Torgon,no,https://www.torgon.ch/appartement-d64-immeuble-la-jorette.html
torgon.ch (Meublés de particuliers),torgon-ch-appartement-e26-duplex-immeuble-la-serve,Appartement E26 Duplex immeuble La Serve,private owner (Torgon tourist office listing),Torgon,no,https://www.torgon.ch/appartement-e26-duplex-immeuble-la-serve.html
torgon.ch (Meublés de particuliers),torgon-ch-appartement-e65-immeuble-la-serve,Appartement E65 immeuble La Serve,private owner (Torgon tourist office listing),Torgon,no,https://www.torgon.ch/appartement-e65-immeuble-la-serve.html
torgon.ch (Meublés de particuliers),torgon-ch-appartement-le-cleuset-58b,Appartement Le Cleuset 58B,private owner (Torgon tourist office listing),Torgon,no,https://www.torgon.ch/appartement-le-cleuset-58b.html
torgon.ch (Meublés de particuliers),torgon-ch-appartement-dans-chalet-route-de-plan-de-croix,Appartement dans Chalet Route de Plan de Croix,private owner (Torgon tourist office listing),Torgon,no,https://www.torgon.ch/appartement-dans-chalet-route-de-plan-de-croix.html
torgon.ch (Meublés de particuliers),torgon-ch-appartement-dans-chalet-rte-de-plan-de-croix,Appartement dans Chalet Rte de Plan de Croix,private owner (Torgon tourist office listing),Torgon,no,https://www.torgon.ch/appartement-dans-chalet-rte-de-plan-de-croix.html
torgon.ch (Meublés de particuliers),torgon-ch-appartement-de-2-pieces-les-savounettes,Appartement de 2 pièces Les Savounettes,private owner (Torgon tourist office listing),Torgon,no,https://www.torgon.ch/appartement-de-2-pieces-les-savounettes.html
torgon.ch (Meublés de particuliers),torgon-ch-appartement-moderne-cosy-a-torgon-4-personnes,Appartement moderne & cosy à Torgon - 4 personnes,private owner (Torgon tourist office listing),Torgon,no,https://www.torgon.ch/appartement-moderne-cosy-a-torgon-4-personnes.html
torgon.ch (Meublés de particuliers),torgon-ch-chalet-route-de-plan-de-croix,Chalet Route de Plan de Croix,private owner (Torgon tourist office listing),Torgon,no,https://www.torgon.ch/chalet-route-de-plan-de-croix.html
torgon.ch (Meublés de particuliers),torgon-ch-chalet-a-revereulaz,Chalet à Revereulaz,private owner (Torgon tourist office listing),Torgon,no,https://www.torgon.ch/chalet-a-revereulaz.html
torgon.ch,hotel-de-torgon-hotel-de-torgon,Hôtel de Torgon,Hôtel de Torgon,Torgon,yes,https://www.hotel-de-torgon.ch/
torgon.ch (Hébergements de groupe),nouvelle-voliere-la-nouvelle-voliere,La Nouvelle Volière,La Nouvelle Volière,Torgon,no,http://www.nouvellevoliere.ch/
torgon.ch (Hébergements de groupe),torgon-alpine-experience-torgon-alpine-experience,Torgon Alpine Experience,Torgon Alpine Experience,Torgon,yes,https://www.torgonalpineexperience.ch/
Région Dents du Midi (openbooking),regiondentsdumidi-chalet-cocoon,Chalet Cocoon,,Val d'Illiez,no,https://www.regiondentsdumidi.ch/en/booking/accommodations/chalets-apartments-26263/#detail/7d7a076c8f2743f0b745473af9ccf90e
Région Dents du Midi (openbooking),regiondentsdumidi-chalet-la-frassonayaz-4-bedrooms-chalet,Chalet La Frassonayaz - 4 Bedrooms Chalet,,Val d'Illiez,no,https://www.regiondentsdumidi.ch/en/booking/accommodations/chalets-apartments-26263/#detail/a04ff09015634542810df902e0de4802
Région Dents du Midi (openbooking),regiondentsdumidi-chalet-la-pala-5-5-rooms-chalet,Chalet La Pala - 5.5-rooms chalet,,Val d'Illiez,no,https://www.regiondentsdumidi.ch/en/booking/accommodations/chalets-apartments-26263/#detail/b7a06e77093347259559ab9f2e21926c
Région Dents du Midi (openbooking),regiondentsdumidi-chalet-les-quatre-saisons-appartment-2-room,Chalet Les Quatre Saisons - Appartment 2 room,,Val d'Illiez,no,https://www.regiondentsdumidi.ch/en/booking/accommodations/chalets-apartments-26263/#detail/4bc532b6dbc0436085dacd39a5a6c570
Région Dents du Midi (openbooking),regiondentsdumidi-chambres-d-hotes-la-rose-des-vents,Chambres d'hôtes la Rose des Vents,,Val d'Illiez,no,https://www.regiondentsdumidi.ch/en/booking/accommodations/chalets-apartments-26263/#detail/ea4d72ab3c0344d2b5c352f0e0e07377
Région Dents du Midi (openbooking),regiondentsdumidi-dents-du-midi-2251-2-rooms-apartment,Dents-du-Midi 2251 - 2-rooms apartment,,Val d'Illiez,no,https://www.regiondentsdumidi.ch/en/booking/accommodations/chalets-apartments-26263/#detail/1bfae4babfd34d61b75e2d4520e1baad
Région Dents du Midi (openbooking),regiondentsdumidi-le-chalet-de-lara-6-rooms-chalet,Le Chalet de Lara - 6 rooms chalet,,Val d'Illiez,no,https://www.regiondentsdumidi.ch/en/booking/accommodations/chalets-apartments-26263/#detail/232f27016dcb49b6ba7ef2583059e072
Région Dents du Midi (openbooking),regiondentsdumidi-mountain-and-river-appart-2-5-room-apartment,Mountain and River Appart - 2.5 room apartment,,Val d'Illiez,no,https://www.regiondentsdumidi.ch/en/booking/accommodations/chalets-apartments-26263/#detail/6c1a45edbebf4fe0af063f3cb9cab2fd
Région Dents du Midi (openbooking),regiondentsdumidi-mountain-and-river-appart-3-5-room-apartment,Mountain and River Appart - 3.5 room apartment,,Val d'Illiez,no,https://www.regiondentsdumidi.ch/en/booking/accommodations/chalets-apartments-26263/#detail/489718e14b5b4b349426f87f5571eb6e
Région Dents du Midi (openbooking),regiondentsdumidi-mountain-and-river-appart-4-5-room-apartment,Mountain and River Appart - 4.5 room apartment,,Val d'Illiez,no,https://www.regiondentsdumidi.ch/en/booking/accommodations/chalets-apartments-26263/#detail/b79065680c03476bb696a571dd4f5ab2
Région Dents du Midi (openbooking),regiondentsdumidi-mountain-and-river-appart-4-5-room-apartment-duplex,Mountain and River Appart - 4.5 room apartment duplex,,Val d'Illiez,no,https://www.regiondentsdumidi.ch/en/booking/accommodations/chalets-apartments-26263/#detail/114d1c729e364ed2859777908dbe768e
Région Dents du Midi (openbooking),regiondentsdumidi-mountain-and-river-appart-studio,Mountain and River Appart - Studio,,Val d'Illiez,no,https://www.regiondentsdumidi.ch/en/booking/accommodations/chalets-apartments-26263/#detail/4a76d35c8b584c13909ad7cca4586376
Région Dents du Midi (openbooking),regiondentsdumidi-pointe-de-l-au-2-5-room-apartment,Pointe de l’Au - 2.5-room apartment,,Val d'Illiez,no,https://www.regiondentsdumidi.ch/en/booking/accommodations/chalets-apartments-26263/#detail/a8910c079dc04fca8b9ae50f6fc2b5f2
Région Dents du Midi (openbooking),regiondentsdumidi-residence-dents-blanches-3-studio-1212,Résidence Dents Blanches 3 - Studio 1212,,Val d'Illiez,no,https://www.regiondentsdumidi.ch/en/booking/accommodations/chalets-apartments-26263/#detail/dd47744e6f9d4631a9ca4059c93b6182
Région Dents du Midi (openbooking),regiondentsdumidi-residence-pointe-de-bellevue-4112-studio-bellevue-4112,Résidence Pointe de Bellevue 4112 - Studio Bellevue 4112,,Val d'Illiez,no,https://www.regiondentsdumidi.ch/en/booking/accommodations/chalets-apartments-26263/#detail/e57293aa1f4d4960acccb27aad8a603d
