chalet_id,chalet_name,operator,village,ski_area,country,sleeps_min,sleeps_max,bedrooms,bathrooms,property_type,board,catering_detail,hot_tub,sauna,other_facilities,distance_to_lift_m,ski_in_out,changeover_day,price_week_20_27_mar_2027,price_basis,price_currency,price_type,price_range_low,price_range_high,price_per_bed,price_includes,available_20_27_mar,combines,same_as,description,url,listed_on,found_via,image_count,image_dir,date_checked,notes,type,missing_fields,has_hot_tub,has_private_hot_tub,has_sauna,is_catered,sleeps_8_to_10,has_exact_week_price,price_pp_gbp_est,price_pp_gbp_accom_est,under_budget
skiline-aiguille-grive-hotel-chalets,Aiguille Grive Hotel & Chalets,,,,,,100,,,hotel,half-board,,none,yes,,,unknown,,,,,quote-needed,,,,,unknown,,,L'Aiguille Grive Hotel & Chalets is a modern hotel with free standing individual chalets connected by a covered walkway. The buildings are only a short walk from Arc 1800’s resort centre and the hotel sits directly on the slopes between ...,https://www.skiline.co.uk/ski-holidays/france/les-arcs/aiguille-grive-hotel-chalets,Ski Line,site-ski-line,5,chalets/images/skiline-aiguille-grive-hotel-chalets/,2026-10-06,no 20/21 Mar 2027 departure in Ski Line price list; operator not named (Ski Line sitemap-only page); sitemap-only (not in Ski Line search),hotel,bedrooms; price_week_20_27_mar_2027; price_range_low; price_currency; available_20_27_mar,no,no,yes,yes,yes,no,,,
skiline-chalet-azalee,Chalet Azalee,,,,,,10,5,,chalet,catered,"A catered ski chalet is a home-style ski holiday accommodation. Packages usually include flights, airport transfers, breakfast, afternoon tea and 3 or 4-course evening meals. Dinner also includes unlimited wine ...",none,no,fireplace,,unknown,,,,,quote-needed,,,,,unknown,,,"Chalet Azalee, is nestled away from the noise of the main road, yet only 5 minutes to the Morel chairlift, and with the ability to ski back to the front door (not total beginners). Situated at the epicentre of the ...",https://www.skiline.co.uk/ski-holidays/france/meribel/chalet-azalee-2,Ski Line,site-ski-line,5,chalets/images/skiline-chalet-azalee/,2026-10-06,no 20/21 Mar 2027 departure in Ski Line price list; operator not named (Ski Line sitemap-only page); sitemap-only (not in Ski Line search),chalet,price_week_20_27_mar_2027; price_range_low; price_currency; available_20_27_mar,no,no,no,yes,yes,no,,,
skiline-chalet-caribou,Chalet Caribou,,,,,,8,4,,chalet,catered,"This operator knows how much extra yummy food can add to your ski chalet holiday, that's why they work hard to make sure all of our chalet hosts are trained ...",shared,yes,pool,,unknown,,,,,quote-needed,,,,,unknown,,sno-chalet-caribou;clubalpine-chalet-caribou,"Sophistication and cosiness go hand in hand at the Chalet Caribou. A stay here means high altitude, high quality and high standards, all topped off with bucketloads of charm. Striking the perfect balance between contemporary and old world, the home ...",https://www.skiline.co.uk/ski-holidays/france/val-thorens/chalet-caribou-2,Ski Line,site-ski-line,5,chalets/images/skiline-chalet-caribou/,2026-10-06,no 20/21 Mar 2027 departure in Ski Line price list; hot tub per Ski Line facility flag; operator not named (Ski Line sitemap-only page); sitemap-only (not in Ski Line search),chalet,price_week_20_27_mar_2027; price_range_low; price_currency; available_20_27_mar,yes,no,yes,yes,yes,no,,,
allchalets-apartment-35461,Apartment 35461,private advertiser on allChalets (enquiry contact: Martin Bright),Alpe d'Huez,,France,,8,4,3,apartment,catered-or-self,,none,no,,,yes,,,,,quote-needed,,,,,,,,"This is a spacious 100m² apartment is very conveniently located in the Cognet district at the foot of the slopes, on Route du Signal, where you'll find all the amenities, as well as numerous bars, shops, restaurants and activities, including ...",https://www.allchalets.com/holiday-rentals/35461-apartment-in-alpe-d-huez-france,allChalets,enrich; enrich-fix-allchalets-alpe-d-huez; rescrape-allchalets; village-france-alpe-d-huez,5,chalets/images/allchalets-apartment-35461/,2026-10-06,allChalets: https://www.allchalets.com/holiday-rentals/35461-apartment-in-alpe-d-huez-france,apartment,price_week_20_27_mar_2027; price_range_low; price_currency; available_20_27_mar,no,no,no,yes,yes,no,,,
allchalets-apartment-36169,Apartment 36169,private advertiser on allChalets (enquiry contact: Martin Bright),Alpe d'Huez,,France,,8,4,3,apartment,catered-or-self,,none,no,"log fire, fireplace",,yes,,,,,quote-needed,,,,,,,,"Enjoy the quality and space of this beautiful 115m2, 3rd floor apartment, conveniently situated in the heart of Alpe d’Huez on. Avenue des Jeux, almost opposite the Spa supermarket. Accommodating up to 8 people in its 4 bedrooms, you’ll have ...",https://www.allchalets.com/holiday-rentals/36169-apartment-in-alpe-d-huez-france,allChalets,enrich; enrich-fix-allchalets-alpe-d-huez; rescrape-allchalets; village-france-alpe-d-huez,5,chalets/images/allchalets-apartment-36169/,2026-10-06,allChalets: https://www.allchalets.com/holiday-rentals/36169-apartment-in-alpe-d-huez-france,apartment,price_week_20_27_mar_2027; price_range_low; price_currency; available_20_27_mar,no,no,no,yes,yes,no,,,
allchalets-chalet-25616,Chalet 25616,private advertiser on allChalets (enquiry contact: Martin Bright),Alpe d'Huez,,France,,8,4,2,chalet,catered-or-self,,none,no,"log fire, fireplace",,,,,,,quote-needed,,,,,,,,"Located in the heart of the French Alps, Alpe d'Huez is an internationally renowned ski resort that attracts visitors in summer and winter alike. 250 kilometers of ski slopes, ideal for skiers of all levels, exceptional sunshine earning it the ...",https://www.allchalets.com/holiday-rentals/25616-chalet-in-alpe-d-huez-france,allChalets,enrich; enrich-fix-allchalets-alpe-d-huez; rescrape-allchalets; village-france-alpe-d-huez,5,chalets/images/allchalets-chalet-25616/,2026-10-06,allChalets: https://www.allchalets.com/holiday-rentals/25616-chalet-in-alpe-d-huez-france,chalet,price_week_20_27_mar_2027; price_range_low; price_currency; available_20_27_mar,no,no,no,yes,yes,no,,,
allchalets-chalet-chloe,Chalet Chloe,private advertiser on allChalets (enquiry contact: Martin Bright),Alpe d'Huez,,France,,8,4,4,apartment,catered,,none,no,"steam room, log fire, boot dryer, gym",,yes,,,,,quote-needed,,,,,,,,"In a luxury residence on Rue de Fontbelle, nestled at the top of the resort and at the bottom of the “Jeux” ski slope, offering a ski in ski out solution, with ski school just 150m away, Chalet Chloe is ...",https://www.allchalets.com/holiday-rentals/36122-apartment-in-alpe-d-huez-france,allChalets,enrich; enrich-fix-allchalets-alpe-d-huez; rescrape-allchalets; village-france-alpe-d-huez,5,chalets/images/allchalets-chalet-chloe/,2026-10-06,allChalets: https://www.allchalets.com/holiday-rentals/36122-apartment-in-alpe-d-huez-france,apartment,price_week_20_27_mar_2027; price_range_low; price_currency; available_20_27_mar,no,no,no,yes,yes,no,,,
allchalets-chalet-ciara,Chalet Ciara,private advertiser on allChalets (enquiry contact: Martin Bright),Alpe d'Huez,,France,,10,5,3,apartment,catered-or-self,,none,no,"fireplace, gym",,,,,,,quote-needed,,,,,,,,"Chalet Ciara is a high quality 4 star second floor apartment, 180m² in size with a lift, in the Christina residence, a snowball’s throw from the slopes. The apartment is spacious, bright and tastefully decorated and nicely furnished. The apartment ...",https://www.allchalets.com/holiday-rentals/28872-apartment-in-alpe-d-huez-france,allChalets,enrich; enrich-fix-allchalets-alpe-d-huez; rescrape-allchalets; village-france-alpe-d-huez,5,chalets/images/allchalets-chalet-ciara/,2026-10-06,allChalets: https://www.allchalets.com/holiday-rentals/28872-apartment-in-alpe-d-huez-france,apartment,price_week_20_27_mar_2027; price_range_low; price_currency; available_20_27_mar,no,no,no,yes,yes,no,,,
allchalets-chalet-cleo,Chalet Cleo,private advertiser on allChalets (enquiry contact: Martin Bright),Alpe d'Huez,,France,,10,5,4,chalet,catered-or-self,,none,yes,"steam room, swimming pool, indoor pool, log fire, fireplace, boot warmer, games room",,yes,,,,,quote-needed,,,,,,,,Chalet Cleo is a quite superb 5 bedroom duplex apartment over 2 floors offering 120m2 of space and is ideally located in the Hameau de Clotaire residence on Route du Signal offering a ski in ski out option as well ...,https://www.allchalets.com/holiday-rentals/34375-chalet-in-alpe-d-huez-france,allChalets,enrich; enrich-fix-allchalets-alpe-d-huez; rescrape-allchalets; village-france-alpe-d-huez,5,chalets/images/allchalets-chalet-cleo/,2026-10-06,allChalets: https://www.allchalets.com/holiday-rentals/34375-chalet-in-alpe-d-huez-france,chalet,price_week_20_27_mar_2027; price_range_low; price_currency; available_20_27_mar,no,no,yes,yes,yes,no,,,
allchalets-chalet-daria,Chalet Daria,private advertiser on allChalets (enquiry contact: Martin Bright),Alpe d'Huez,,France,,10,5,4,apartment,catered,,none,yes,"steam room, swimming pool, indoor pool, gym",,yes,,,,,quote-needed,,,,,,,,Chalet Daria V is a quality and prestigious apartment ideally located in the luxury residence of Daria I Nor in the “Eclose” area in the heart of Alpe d'Huez. It offers guests access to a superb wellness area which includes ...,https://www.allchalets.com/holiday-rentals/34353-apartment-in-alpe-d-huez-france,allChalets,enrich; enrich-fix-allchalets-alpe-d-huez; rescrape-allchalets; village-france-alpe-d-huez,5,chalets/images/allchalets-chalet-daria/,2026-10-06,allChalets: https://www.allchalets.com/holiday-rentals/34353-apartment-in-alpe-d-huez-france,apartment,price_week_20_27_mar_2027; price_range_low; price_currency; available_20_27_mar,no,no,yes,yes,yes,no,,,
allchalets-chalet-lou-iv,Chalet Lou IV,private advertiser on allChalets (enquiry contact: Martin Bright),Alpe d'Huez,,France,,9,4,4,apartment,catered-or-self,,yes-type-unknown,yes,,,yes,,,,,quote-needed,,,,,,,,"Chalet Lou IV is one of 2 apartments in a larger chalet building offering a more unique log cabin atmosphere. It is situated in the 'Les Chalets de l'Altiport' development, so you can relax in a quiet mountain environment and ...",https://www.allchalets.com/holiday-rentals/39056-apartment-in-alpe-d-huez-france,allChalets,enrich; enrich-fix-allchalets-alpe-d-huez; rescrape-allchalets; village-france-alpe-d-huez,5,chalets/images/allchalets-chalet-lou-iv/,2026-10-06,allChalets: https://www.allchalets.com/holiday-rentals/39056-apartment-in-alpe-d-huez-france,apartment,price_week_20_27_mar_2027; price_range_low; price_currency; available_20_27_mar,yes,,yes,yes,yes,no,,,
allchalets-chalet-monica,Chalet Monica,private advertiser on allChalets (enquiry contact: Martin Bright),Alpe d'Huez,,France,,8,4,4,chalet,catered-or-self,,none,no,"log fire, fireplace, boot warmer",,,,,,,quote-needed,,,,,,,,"Chalet Monica a is a high quality 4 star high end chalet in the historic village centre of St Martin de Belleville, less than 500m or a 5 min walk to the slopes, with a wood burning fireplace and complimentary ...",https://www.allchalets.com/holiday-rentals/24124-chalet-in-alpe-d-huez-france,allChalets,enrich; enrich-fix-allchalets-alpe-d-huez; rescrape-allchalets; village-france-alpe-d-huez,5,chalets/images/allchalets-chalet-monica/,2026-10-06,allChalets: https://www.allchalets.com/holiday-rentals/24124-chalet-in-alpe-d-huez-france,chalet,price_week_20_27_mar_2027; price_range_low; price_currency; available_20_27_mar,no,no,no,yes,yes,no,,,
allchalets-chalet-naomi,Chalet Naomi,private advertiser on allChalets (enquiry contact: Martin Bright),Alpe d'Huez,,France,,8,4,4,apartment,catered,,none,yes,"log fire, boot dryer",,,,,,,quote-needed,,,,,,,,"Chalet Naomi would not look out of place in a story book with its timber exterior and aged wood finish. This quaint charm has been paired with 21st century comforts, such as a sauna and heated boot dryers, so you ...",https://www.allchalets.com/holiday-rentals/25751-apartment-in-alpe-d-huez-france,allChalets,enrich; enrich-fix-allchalets-alpe-d-huez; rescrape-allchalets; village-france-alpe-d-huez,1,chalets/images/allchalets-chalet-naomi/,2026-10-06,allChalets: https://www.allchalets.com/holiday-rentals/25751-apartment-in-alpe-d-huez-france,apartment,price_week_20_27_mar_2027; price_range_low; price_currency; available_20_27_mar,no,no,yes,yes,yes,no,,,
allchalets-chalet-ours,Chalet Ours,private advertiser on allChalets (enquiry contact: Martin Bright),Alpe d'Huez,,France,,10,5,4,apartment,catered-or-self,,none,no,"log fire, boot dryer",,yes,,,,,quote-needed,,,,,,,,"Nestled in the neighbourhood of Vieil Alpe, “Chalet Ours"" is an excellent ski in ski out duplex apartment in awesome Alpe d'Huez. This welcoming 106 m² apartment combines generous living spaces, natural light and a refined alpine ambiance. Designed to ...",https://www.allchalets.com/holiday-rentals/63255-apartment-in-alpe-d-huez-france,allChalets,enrich; enrich-fix-allchalets-alpe-d-huez; rescrape-allchalets; village-france-alpe-d-huez,5,chalets/images/allchalets-chalet-ours/,2026-10-06,allChalets: https://www.allchalets.com/holiday-rentals/63255-apartment-in-alpe-d-huez-france,apartment,price_week_20_27_mar_2027; price_range_low; price_currency; available_20_27_mar,no,no,no,yes,yes,no,,,
allchalets-chalet-par,Chalet Par,private advertiser on allChalets (enquiry contact: Martin Bright),Alpe d'Huez,,France,,8,4,3,chalet,catered,,none,no,"log fire, boot warmer",,yes,,,,,quote-needed,,,,,,,,"The Chalet Par 72 is one of the chalets located in the Chalets du Golf area, in the Bergers district, offering a unique location away from the hustle and bustle, yet close to shops, restaurants and boutiques. You'll also enjoy ...",https://www.allchalets.com/holiday-rentals/40129-chalet-in-alpe-d-huez-france,allChalets,enrich; enrich-fix-allchalets-alpe-d-huez; rescrape-allchalets; village-france-alpe-d-huez,5,chalets/images/allchalets-chalet-par/,2026-10-06,allChalets: https://www.allchalets.com/holiday-rentals/40129-chalet-in-alpe-d-huez-france,chalet,price_week_20_27_mar_2027; price_range_low; price_currency; available_20_27_mar,no,no,no,yes,yes,no,,,
allchalets-chalet-de-fonbelle,Chalet de Fonbelle,private advertiser on allChalets (enquiry contact: Martin Bright),Alpe d'Huez,,France,,10,4,3,apartment,catered-or-self,,none,yes,"log fire, fireplace, boot dryer, gym",,yes,,,,,quote-needed,,,,,,,,"Chalet de Fonbelle is ideally located in the heart of Alpe d’Huez, in the Eden Blanc residence on Rue de Fonbelle. Staying at this excellent and large pet friendly apartment, will ensure you have wonderful and convenient holiday. Newly built, ...",https://www.allchalets.com/holiday-rentals/34006-apartment-in-alpe-d-huez-france,allChalets,enrich; enrich-fix-allchalets-alpe-d-huez; rescrape-allchalets; village-france-alpe-d-huez,5,chalets/images/allchalets-chalet-de-fonbelle/,2026-10-06,allChalets: https://www.allchalets.com/holiday-rentals/34006-apartment-in-alpe-d-huez-france,apartment,price_week_20_27_mar_2027; price_range_low; price_currency; available_20_27_mar,no,no,yes,yes,yes,no,,,
allchalets-residence-daria-i-nor,Residence Daria-I Nor,private advertiser on allChalets (enquiry contact: Martin Bright),Alpe d'Huez,,France,,8,4,3,apartment,catered-or-self,,yes-type-unknown,yes,"steam room, swimming pool, indoor pool, fireplace, boot dryer, gym",,yes,,,,,quote-needed,,,,,,,maeva-daria-i-nor-817504;maeva-daria-i-nor-817514;maeva-daria-i-nor-817524;maeva-daria-i-nor-817494,"The 5* Residence Daria-I Nor opened in December 2018, offering discreet luxury and the ultimate in Alpine comfort, built with the extensive use of traditional materials such as stone and wood and ensuring maximum use of natural light throughout and ...",https://www.allchalets.com/holiday-rentals/28844-apartment-in-alpe-d-huez-france,allChalets,enrich; enrich-fix-allchalets-alpe-d-huez; rescrape-allchalets; village-france-alpe-d-huez,5,chalets/images/allchalets-residence-daria-i-nor/,2026-10-06,allChalets: https://www.allchalets.com/holiday-rentals/28844-apartment-in-alpe-d-huez-france,apartment,price_week_20_27_mar_2027; price_range_low; price_currency; available_20_27_mar,yes,,yes,yes,yes,no,,,
allchalets-chalet-40615,Chalet 40615,,Courchevel 1650 (Moriond),,France,,8,4,4,chalet,catered-or-self,,none,yes,"log fire, fireplace",,unknown,,,,,quote-needed,,,,,unknown,,,"Situated in a quiet location just below the centre of 1650 on Route du Mollard, this is your archetypal free-standing Alpine chalet which offers Savoyard warmth and charm. It has a lovely open plan living / dining room with a ...",https://www.allchalets.com/holiday-rentals/40615-chalet-in-courchevel-1650-france,allChalets,village-france-courchevel-1650-moriond,5,chalets/images/allchalets-chalet-40615/,2026-10-06,"hot tub not in facility list/description; calendar shows no bookings all season (probably unmaintained); calendar 20 Mar: Min stay - 7 nights Availability: 8 guests; no rate table on allChalets; unnamed listing; headline: Quaint, traditional 4 bedroom chalet for up to 8 with sauna",chalet,price_week_20_27_mar_2027; price_range_low; price_currency; available_20_27_mar,no,no,yes,yes,yes,no,,,
allchalets-chalet-47447,Chalet 47447,,Courchevel 1650 (Moriond),,France,,10,5,5,chalet,catered,,private-outdoor,no,"log fire, fireplace",,unknown,,,,,quote-needed,,,,,unknown,,,"The quite superb Provères Chalet located in a quiet area of Les Provères, on Impasse Cote Chalets, is a mountain chalet in Courchevel 1550 Village. This traditional 320m2 chalet spread over 4 floors enjoys a privileged location, just 300 metres ...",https://www.allchalets.com/holiday-rentals/47447-chalet-in-courchevel-1650-france,allChalets,village-france-courchevel-1650-moriond,5,chalets/images/allchalets-chalet-47447/,2026-10-06,calendar shows no bookings all season (probably unmaintained); calendar 20 Mar: Min stay - 1 night Availability: 10 guests; no rate table on allChalets; unnamed listing; headline: Stunning 5 bedroom ski in ski out chalet for 10,chalet,price_week_20_27_mar_2027; price_range_low; price_currency; available_20_27_mar,yes,yes,no,yes,yes,no,,,
allchalets-chalet-grand,Chalet Grand,,Courchevel 1650 (Moriond),,France,,10,5,2,apartment,catered-or-self,,none,no,,,unknown,,,,,quote-needed,,,,,unknown,,,"Chalet Grand is ideally located in the heart of Courchevel, Moriond (Courchevel 1650) on Rue de l’Ariondaz, offering prime position just 200 metres from the piste, ski lifts and the ski school, so convenience is assured when staying here. With ...",https://www.allchalets.com/holiday-rentals/33900-apartment-in-courchevel-1650-france,allChalets,village-france-courchevel-1650-moriond,5,chalets/images/allchalets-chalet-grand/,2026-10-06,hot tub not in facility list/description; calendar shows no bookings all season (probably unmaintained); calendar 20 Mar: Min stay - 7 nights Availability: 10 guests; no rate table on allChalets,apartment,price_week_20_27_mar_2027; price_range_low; price_currency; available_20_27_mar,no,no,no,yes,yes,no,,,
allchalets-chalet-gravelles,Chalet Gravelles,,Courchevel 1650 (Moriond),,France,,10,4,3,apartment,catered-or-self,,none,no,"steam room, log fire, fireplace, boot dryer",,yes,,,,,quote-needed,,,,,unknown,,,"Chalet Gravelles is an excellent 4 bedroom chalet apartment, ideally located just 50-100m from the centre and Proveres ski slope and lift and 200m from the ski school meeting point, thus offering a ski in ski out option.The apartment residence ...",https://www.allchalets.com/holiday-rentals/40225-apartment-in-courchevel-1650-france,allChalets,village-france-courchevel-1650-moriond,5,chalets/images/allchalets-chalet-gravelles/,2026-10-06,hot tub not in facility list/description; calendar shows no bookings all season (probably unmaintained); calendar 20 Mar: Min stay - 1 night Availability: 10 guests; no rate table on allChalets,apartment,price_week_20_27_mar_2027; price_range_low; price_currency; available_20_27_mar,no,no,no,yes,yes,no,,,
allchalets-chalet-des-lanches,Chalet des Lanches,,Courchevel 1650 (Moriond),,France,,10,4,4,chalet,catered,,none,no,"steam room, log fire, boot warmer",,unknown,,,,,quote-needed,,,,,unknown,,,"Chalet des Lanches 9, is a superb 147m² apartment in the acclaimed Ferme des Lanches Residence, on Rue de la Madelon in Courchevel Le Praz , a short distance from the slopes, just 450m away, with the centre less than ...",https://www.allchalets.com/holiday-rentals/24001-chalet-in-courchevel-1650-france,allChalets,village-france-courchevel-1650-moriond,5,chalets/images/allchalets-chalet-des-lanches/,2026-10-06,hot tub not in facility list/description; calendar shows no bookings all season (probably unmaintained); calendar 20 Mar: Min stay - 1 night Availability: 10 guests; no rate table on allChalets,chalet,price_week_20_27_mar_2027; price_range_low; price_currency; available_20_27_mar,no,no,no,yes,yes,no,,,
allchalets-chalet-de-bleu,Chalet de Bleu,private advertiser on allChalets (enquiry contact: Martin Bright),Huez (village),,France,,10,5,4,chalet,catered,,private-outdoor,yes,log fire,,yes,,,,,quote-needed,,,,,,,,"Chalet de Bleu is a modern, classy and spacious 160m2 ski chalet, located in the heart of the village of Huez 1500 and at the foot of the ski lift that links with the centre of Alpe d'Huez, thus offering ...",https://www.allchalets.com/holiday-rentals/34304-chalet-in-alpe-d-huez-france,allChalets,enrich; enrich-fix-allchalets-alpe-d-huez; rescrape-allchalets; village-france-alpe-d-huez,5,chalets/images/allchalets-chalet-de-bleu/,2026-10-06,allChalets: https://www.allchalets.com/holiday-rentals/34304-chalet-in-alpe-d-huez-france,chalet,price_week_20_27_mar_2027; price_range_low; price_currency; available_20_27_mar,yes,yes,yes,yes,yes,no,,,
allchalets-chalet-du-gris,Chalet du Gris,private advertiser on allChalets (enquiry contact: Martin Bright),Huez (village),,France,,8,4,4,apartment,catered,,yes-type-unknown,no,,,yes,,,,,quote-needed,,,,,,,,"Chalet du Gris is in the heart of the quiet village of Huez 1500 and could be your perfect chalet rental for your ski holiday this winter! This modern, upmarket chalet sleeping 8 people located at the foot of the ...",https://www.allchalets.com/holiday-rentals/34305-apartment-in-alpe-d-huez-france,allChalets,enrich; enrich-fix-allchalets-alpe-d-huez; rescrape-allchalets; village-france-alpe-d-huez,5,chalets/images/allchalets-chalet-du-gris/,2026-10-06,allChalets: https://www.allchalets.com/holiday-rentals/34305-apartment-in-alpe-d-huez-france,apartment,price_week_20_27_mar_2027; price_range_low; price_currency; available_20_27_mar,yes,,no,yes,yes,no,,,
allchalets-chalet-de-vallon-iv,Chalet de Vallon IV,private advertiser on allChalets (enquiry contact: Martin Bright),Le Fornet,,France,,8,4,4,apartment,catered-or-self,,none,no,"log fire, fireplace, boot dryer",,,,,,,quote-needed,,,,,,,,"Chalet de Vallon IV is an excellent 105m2 4 bedroom triplex apartment, spread over three levels with a wood burning fire place, close to the slopes and lift, 170m away. It lies at the heart of the picturesque “Fornet” village, ...",https://www.allchalets.com/holiday-rentals/34937-apartment-in-val-d-isere-france,allChalets,enrich; enrich-fix-allchalets-val-d-isere; village-france-le-fornet; village-france-val-d-isère,5,chalets/images/allchalets-chalet-de-vallon-iv/,2026-10-06,allChalets: https://www.allchalets.com/holiday-rentals/34937-apartment-in-val-d-isere-france,apartment,price_week_20_27_mar_2027; price_range_low; price_currency; available_20_27_mar,no,no,no,yes,yes,no,,,
allchalets-apartment-34994,Apartment 34994,,Les 2 Alpes,,France,,10,4,2,apartment,catered-or-self,,none,no,,,yes,,,,,quote-needed,,,,,,,,"Les Deux Alpes IV is an apartment with a traditional and modern finish, furnished with all modern conveniences and fittings including a fully equipped kitchen and spacious lounge areas featuring satellite TV and DVD players. Ski Lodge Style and furnished ...",https://www.allchalets.com/holiday-rentals/34994-apartment-in-les-deux-alpes-france,allChalets,enrich-fix-allchalets-les-deux-alpes; village-france-les-2-alpes,5,chalets/images/allchalets-apartment-34994/,2026-10-06,allChalets: https://www.allchalets.com/holiday-rentals/34994-apartment-in-les-deux-alpes-france,apartment,price_week_20_27_mar_2027; price_range_low; price_currency; available_20_27_mar,no,no,no,yes,yes,no,,,
allchalets-chalet-soleil-iv,Chalet Soleil IV,,Les 2 Alpes,,France,,10,4,3,apartment,catered-or-self,,none,yes,"steam room, swimming pool, indoor pool, boot dryer, games room",,yes,,,,,quote-needed,,,,,,,,"Chalet Soleil IV is a 4 bedroom apartment at Résidence Neige et Soleil, which opened in January 2021. It is a luxurious residence consisting of 21 apartments suitable for 4 to 10 persons, of which this is the largest option. ...",https://www.allchalets.com/holiday-rentals/24209-apartment-in-les-deux-alpes-france,allChalets,enrich-fix-allchalets-les-deux-alpes; village-france-les-2-alpes,5,chalets/images/allchalets-chalet-soleil-iv/,2026-10-06,allChalets: https://www.allchalets.com/holiday-rentals/24209-apartment-in-les-deux-alpes-france,apartment,price_week_20_27_mar_2027; price_range_low; price_currency; available_20_27_mar,no,no,yes,yes,yes,no,,,
allchalets-chalet-jardin-aplin-36006,Chalet Jardin Aplin,private advertiser on allChalets (enquiry contact: John Williams),Les Coches,,France,,10,4,4,chalet,catered,,private-outdoor,no,log fire,,yes,,,,,quote-needed,,,,,yes,,,"Chalet Jardin Aplin 2 With views of Mont Blanc located right in the centre of Les Coches 50m from the lift, chalet Jardin Alpin 1 is an ideal location for any skier of any ability wanting to come and enjoy ...",https://www.allchalets.com/holiday-rentals/36006-chalet-in-les-coches-france,allChalets,enrich; enrich-fix-allchalets-les-coches; rescrape-allchalets,5,chalets/images/allchalets-chalet-jardin-aplin-36006/,2026-10-06,allChalets: https://www.allchalets.com/holiday-rentals/36006-chalet-in-les-coches-france; available 20 Mar: yes,chalet,price_week_20_27_mar_2027; price_range_low; price_currency,yes,yes,no,yes,yes,no,,,
allchalets-apartment-26058,Apartment 26058,private advertiser on allChalets (enquiry contact: Martin Bright),Les Menuires,,France,,8,4,4,apartment,catered-or-self,,yes-type-unknown,yes,"steam room, log fire, fireplace",,yes,,,,,quote-needed,,,,,,,,"We are sure you will enjoy staying in this ski in ski out 4 bedroom apartment of 115 m2 with tasteful furnishings,WiFi and great mountain views. Ideally located in the snow sure Sapiniere area of Reberty, Les Menuires, you can ...",https://www.allchalets.com/holiday-rentals/26058-apartment-in-les-menuires-france,allChalets,enrich; enrich-fix-allchalets-les-menuires; rescrape-allchalets,5,chalets/images/allchalets-apartment-26058/,2026-10-06,allChalets: https://www.allchalets.com/holiday-rentals/26058-apartment-in-les-menuires-france,apartment,price_week_20_27_mar_2027; price_range_low; price_currency; available_20_27_mar,yes,,yes,yes,yes,no,,,
allchalets-apartment-34683,Apartment 34683,private advertiser on allChalets (enquiry contact: Martin Bright),Les Menuires,,France,,9,4,4,apartment,catered-or-self,,yes-type-unknown,yes,"steam room, log fire, games room",,yes,,,,,quote-needed,,,,,,,,"The popular chalet village area of Hameau de la Sapinière sits right above the centre of snow sure Les Menuires on Route de Reberty, Reberty 1850, just 500m from the shops, restaurants, ski lifts and ski schools. Situated on top ...",https://www.allchalets.com/holiday-rentals/34683-apartment-in-les-menuires-france,allChalets,enrich; enrich-fix-allchalets-les-menuires; rescrape-allchalets,5,chalets/images/allchalets-apartment-34683/,2026-10-06,allChalets: https://www.allchalets.com/holiday-rentals/34683-apartment-in-les-menuires-france,apartment,price_week_20_27_mar_2027; price_range_low; price_currency; available_20_27_mar,yes,,yes,yes,yes,no,,,
allchalets-apartment-47027,Apartment 47027,private advertiser on allChalets (enquiry contact: Martin Bright),Les Menuires,,France,,8,3,2,apartment,catered-or-self,,none,yes,steam room,,yes,,,,,quote-needed,,,,,,,,"Marmotte IIIB is an excellent and large apartment with 4 Rooms, for 8 persons. It is on the ground floor with a South-West terrace offering a ski in ski out options and classed as a 4 Gold Snowflakes label by ...",https://www.allchalets.com/holiday-rentals/47027-apartment-in-les-menuires-france,allChalets,enrich; enrich-fix-allchalets-les-menuires; rescrape-allchalets,5,chalets/images/allchalets-apartment-47027/,2026-10-06,allChalets: https://www.allchalets.com/holiday-rentals/47027-apartment-in-les-menuires-france,apartment,price_week_20_27_mar_2027; price_range_low; price_currency; available_20_27_mar,no,no,yes,yes,yes,no,,,
allchalets-chalet-adel,Chalet Adel,private advertiser on allChalets (enquiry contact: Martin Bright),Les Menuires,,France,,8,3,3,apartment,catered-or-self,,yes-type-unknown,no,,,yes,,,,,quote-needed,,,,,,,,"Chalet Adel is a quite spacious, quality apartment of 85m2 which can accommodate up 6 people. It is in the attractive district of Reberty 2000, Les Menuires right by the Doron blue slope offering a ski in ski out option ...",https://www.allchalets.com/holiday-rentals/26297-apartment-in-les-menuires-france,allChalets,enrich; enrich-fix-allchalets-les-menuires; rescrape-allchalets,5,chalets/images/allchalets-chalet-adel/,2026-10-06,allChalets: https://www.allchalets.com/holiday-rentals/26297-apartment-in-les-menuires-france,apartment,price_week_20_27_mar_2027; price_range_low; price_currency; available_20_27_mar,yes,,no,yes,yes,no,,,
allchalets-chalet-alexus,Chalet Alexus,private advertiser on allChalets (enquiry contact: Martin Bright),Les Menuires,,France,,10,5,6,chalet,catered-or-self,,private-indoor,yes,"steam room, swimming pool, indoor pool, fireplace, boot dryer",,yes,,,,,quote-needed,,,,,,,,"Staying here in this classy and spacious apartment, ensures you have the quality and location you perhaps want in this huge and snow sure area in the 3 Valleys. Chalet Alexus is a fabulous 5 bedroom chalet apartment and part ...",https://www.allchalets.com/holiday-rentals/26348-chalet-in-les-menuires-france,allChalets,enrich; enrich-fix-allchalets-les-menuires; rescrape-allchalets,5,chalets/images/allchalets-chalet-alexus/,2026-10-06,allChalets: https://www.allchalets.com/holiday-rentals/26348-chalet-in-les-menuires-france,chalet,price_week_20_27_mar_2027; price_range_low; price_currency; available_20_27_mar,yes,yes,yes,yes,yes,no,,,
allchalets-chalet-elise,Chalet Elise,private advertiser on allChalets (enquiry contact: Martin Bright),Les Menuires,,France,,10,5,5,chalet,catered-or-self,,none,yes,"log fire, fireplace",,yes,,,,,quote-needed,,,,,,,,Chalet Elise is one of four luxurious and high quality finished apartments in larger chalet building. This ski in ski out chalet comes equipped with a heated ski storage room with individual ski lockers. Each apartment has a private garage ...,https://www.allchalets.com/holiday-rentals/27225-chalet-in-les-menuires-france,allChalets,enrich; enrich-fix-allchalets-les-menuires; rescrape-allchalets,5,chalets/images/allchalets-chalet-elise/,2026-10-06,allChalets: https://www.allchalets.com/holiday-rentals/27225-chalet-in-les-menuires-france,chalet,price_week_20_27_mar_2027; price_range_low; price_currency; available_20_27_mar,no,no,yes,yes,yes,no,,,
allchalets-chalet-ellie,Chalet Ellie,private advertiser on allChalets (enquiry contact: Martin Bright),Les Menuires,,France,,10,5,5,apartment,catered-or-self,,none,no,"indoor pool, log fire, fireplace, boot dryer",,yes,,,,,quote-needed,,,,,,,,"Chalet Ellie is one of a few conveniently located chalets in a small complex of 6 chalet apartments, just below the centre of Les Menuires and only 25 metres from an easy blue ski slope. From this piste you can ...",https://www.allchalets.com/holiday-rentals/34272-apartment-in-les-menuires-france,allChalets,enrich; enrich-fix-allchalets-les-menuires; rescrape-allchalets,5,chalets/images/allchalets-chalet-ellie/,2026-10-06,allChalets: https://www.allchalets.com/holiday-rentals/34272-apartment-in-les-menuires-france,apartment,price_week_20_27_mar_2027; price_range_low; price_currency; available_20_27_mar,no,no,no,yes,yes,no,,,
allchalets-chalet-ice,Chalet Ice,private advertiser on allChalets (enquiry contact: Martin Bright),Les Menuires,,France,,10,4,2,chalet,catered-or-self,,none,yes,,,yes,,,,,quote-needed,,,,,,,,"Chalet Ice in Les Menuires is a quality 95m2, 4 bedroom, 2 bathroom duplex apartment, on the second and third floors, sleeping up to 10 people and comes with a communal hammam and sauna (in the next building)and is a ...",https://www.allchalets.com/holiday-rentals/35870-chalet-in-les-menuires-france,allChalets,enrich; enrich-fix-allchalets-les-menuires; rescrape-allchalets,5,chalets/images/allchalets-chalet-ice/,2026-10-06,allChalets: https://www.allchalets.com/holiday-rentals/35870-chalet-in-les-menuires-france,chalet,price_week_20_27_mar_2027; price_range_low; price_currency; available_20_27_mar,no,no,yes,yes,yes,no,,,
allchalets-chalet-les-cimes-iv,Chalet Les Cimes IV,private advertiser on allChalets (enquiry contact: Martin Bright),Les Menuires,,France,,10,4,3,apartment,catered-or-self,,none,no,"swimming pool, boot dryer",,yes,,,,,quote-needed,,,,,,,,"Chalet Les Cimes IV is a 120m2 penthouse apartment on the top floor of a larger chalet building in Reberty, Les Menuires and ideal for up to 10 persons. The apartment is located only 50 metres away from the slope, ...",https://www.allchalets.com/holiday-rentals/25617-apartment-in-les-menuires-france,allChalets,enrich; enrich-fix-allchalets-les-menuires; rescrape-allchalets,5,chalets/images/allchalets-chalet-les-cimes-iv/,2026-10-06,allChalets: https://www.allchalets.com/holiday-rentals/25617-apartment-in-les-menuires-france,apartment,price_week_20_27_mar_2027; price_range_low; price_currency; available_20_27_mar,no,no,no,yes,yes,no,,,
allchalets-chalet-lille,Chalet Lille,private advertiser on allChalets (enquiry contact: Martin Bright),Les Menuires,,France,,10,5,6,apartment,catered-or-self,,none,yes,"log fire, fireplace",,yes,,,,,quote-needed,,,,,,,,"Chalet Lille is a superb and luxurious chalet penthouse, being the top floor of three spacious apartments. The 150m2 chalet is conveniently located in the highest part of the 3 Valleys in Les Menuires, in the Reberty 2000 area, ensuring ...",https://www.allchalets.com/holiday-rentals/31145-apartment-in-les-menuires-france,allChalets,enrich; enrich-fix-allchalets-les-menuires; rescrape-allchalets,5,chalets/images/allchalets-chalet-lille/,2026-10-06,allChalets: https://www.allchalets.com/holiday-rentals/31145-apartment-in-les-menuires-france,apartment,price_week_20_27_mar_2027; price_range_low; price_currency; available_20_27_mar,no,no,yes,yes,yes,no,,,
allchalets-chalet-lou-25754,Chalet Lou,private advertiser on allChalets (enquiry contact: Martin Bright),Les Menuires,,France,,9,4,4,apartment,catered-or-self,,none,yes,"log fire, fireplace",,yes,,,,,quote-needed,,,,,,,,"Chalet Lou is a superb 105m2 chalet/apartment in Les Menuires, offering a very convenient location. The easy blue ''Bettex"" slope runs across from the chalet, so you can be on the slopes very quickly in the morning to explore the ...",https://www.allchalets.com/holiday-rentals/25754-apartment-in-les-menuires-france,allChalets,enrich; enrich-fix-allchalets-les-menuires; rescrape-allchalets,5,chalets/images/allchalets-chalet-lou-25754/,2026-10-06,allChalets: https://www.allchalets.com/holiday-rentals/25754-apartment-in-les-menuires-france,apartment,price_week_20_27_mar_2027; price_range_low; price_currency; available_20_27_mar,no,no,yes,yes,yes,no,,,
allchalets-chalet-louis,Chalet Louis,private advertiser on allChalets (enquiry contact: Martin Bright),Les Menuires,,France,,10,5,4,chalet,catered-or-self,,none,no,"swimming pool, boot dryer",,,,,,,quote-needed,,,,,,,,"Chalet Louis is a well designed, well furnished and spacious 135m2 apartment for up to 10 people, on the top two floors of a larger chalet, offering not only a spacious living area with a modern and open plan kitchen, ...",https://www.allchalets.com/holiday-rentals/62075-chalet-in-les-menuires-france,allChalets,enrich; enrich-fix-allchalets-les-menuires; rescrape-allchalets,5,chalets/images/allchalets-chalet-louis/,2026-10-06,allChalets: https://www.allchalets.com/holiday-rentals/62075-chalet-in-les-menuires-france,chalet,price_week_20_27_mar_2027; price_range_low; price_currency; available_20_27_mar,no,no,no,yes,yes,no,,,
allchalets-chalet-louise,Chalet Louise,private advertiser on allChalets (enquiry contact: Martin Bright),Les Menuires,,France,,10,5,4,chalet,catered-or-self,,none,yes,steam room,,yes,,,,,quote-needed,,,,,,,,"Chalet Louise is a great and quite spacious 130m2 2nd floor apartment right by the slopes in snow sure Les Menuires, giving you immediate access to the whole 3 Valleys ski area.This well located chalet apartment is on Rue des ...",https://www.allchalets.com/holiday-rentals/25307-chalet-in-les-menuires-france,allChalets,enrich; enrich-fix-allchalets-les-menuires; rescrape-allchalets,5,chalets/images/allchalets-chalet-louise/,2026-10-06,allChalets: https://www.allchalets.com/holiday-rentals/25307-chalet-in-les-menuires-france,chalet,price_week_20_27_mar_2027; price_range_low; price_currency; available_20_27_mar,no,no,yes,yes,yes,no,,,
allchalets-chalet-marmottes-iii,Chalet Marmottes III,private advertiser on allChalets (enquiry contact: Martin Bright),Les Menuires,,France,,8,3,2,chalet,catered-or-self,,none,yes,steam room,,yes,,,,,quote-needed,,,,,,,,"Chalet Marmottes III is a well located and excellent ski in ski out 85m2 duplex apartment over 2 floors with 4 rooms in duplex, for up to 8 people and unusually fully carpeted throughout. It is on the first floor ...",https://www.allchalets.com/holiday-rentals/27279-chalet-in-les-menuires-france,allChalets,enrich; enrich-fix-allchalets-les-menuires; rescrape-allchalets,5,chalets/images/allchalets-chalet-marmottes-iii/,2026-10-06,allChalets: https://www.allchalets.com/holiday-rentals/27279-chalet-in-les-menuires-france,chalet,price_week_20_27_mar_2027; price_range_low; price_currency; available_20_27_mar,no,no,yes,yes,yes,no,,,
allchalets-chalet-reberty-iv,Chalet Reberty IV,private advertiser on allChalets (enquiry contact: Martin Bright),Les Menuires,,France,,8,4,3,apartment,catered-or-self,,yes-type-unknown,yes,"steam room, log fire",,yes,,,,,quote-needed,,,,,,,,"Chalet Reberty IV is in the popular chalet village area of Hameau de la Sapinière which sits right above the centre of snow sure Les Menuires on Route de Reberty, Reberty 1850, just 500m from the shops, restaurants, ski lifts ...",https://www.allchalets.com/holiday-rentals/41947-apartment-in-les-menuires-france,allChalets,enrich; enrich-fix-allchalets-les-menuires; rescrape-allchalets,3,chalets/images/allchalets-chalet-reberty-iv/,2026-10-06,allChalets: https://www.allchalets.com/holiday-rentals/41947-apartment-in-les-menuires-france,apartment,price_week_20_27_mar_2027; price_range_low; price_currency; available_20_27_mar,yes,,yes,yes,yes,no,,,
allchalets-chalet-des-neiges,Chalet des Neiges,private advertiser on allChalets (enquiry contact: Martin Bright),Oz-en-Oisans,,France,,10,5,5,apartment,catered-or-self,,none,yes,"swimming pool, indoor pool, fireplace",,yes,,,,,quote-needed,,,,,,,,"Chalet des Neiges is located in Oz-en-Oisans, just a cable car ride and at 1650ft, from the Alpes d’Huez Ski Resort, connected by the piste. Guests can relax in the indoor pool and sauna or enjoy a work-out in the ...",https://www.allchalets.com/holiday-rentals/24509-apartment-in-alpe-d-huez-france,allChalets,enrich; enrich-fix-allchalets-alpe-d-huez; rescrape-allchalets; village-france-alpe-d-huez,5,chalets/images/allchalets-chalet-des-neiges/,2026-10-06,allChalets: https://www.allchalets.com/holiday-rentals/24509-apartment-in-alpe-d-huez-france,apartment,price_week_20_27_mar_2027; price_range_low; price_currency; available_20_27_mar,no,no,yes,yes,yes,no,,,
allchalets-apartment-62170,Apartment 62170,private advertiser on allChalets (enquiry contact: Martin Bright),Tignes Le Lac,,France,,8,4,3,apartment,catered-or-self,,none,no,,,,,,,,quote-needed,,,,,,,,"This chalet penthouse enjoys a natural setting, just 200m from the ski slopes and chairlifts of Chaudannes and Paquis. There's easy access to the free bus stop that takes you to the Lac snow front and centre, around 500m away ...",https://www.allchalets.com/holiday-rentals/62170-apartment-in-tignes-le-lac-france,allChalets,enrich; enrich-fix-allchalets-tignes; village-france-tignes-le-lac,5,chalets/images/allchalets-apartment-62170/,2026-10-06,allChalets: https://www.allchalets.com/holiday-rentals/62170-apartment-in-tignes-le-lac-france,apartment,price_week_20_27_mar_2027; price_range_low; price_currency; available_20_27_mar,no,no,no,yes,yes,no,,,
allchalets-apartment-27276,Apartment 27276,,Tignes Les Brevieres,,France,,8,4,2,apartment,catered,,none,no,boot warmer,,,flexible,5600,whole-chalet,EUR,exact-week,3600,8800,,,yes,,,"Chalet Hattiers Apartment 1 is an airy apartment on the top floor of homely Chalet Hattiers, ideal for smaller groups seeking sole occupancy at great value prices. It is perfectly located in the heart of Tignes les Brévières, just a ...",https://www.allchalets.com/holiday-rentals/27276-apartment-in-tignes-les-brevieres-france,allChalets,enrich-fix-allchalets-tignes; rescrape-allchalets,5,chalets/images/allchalets-apartment-27276/,2026-10-06,allChalets: https://www.allchalets.com/holiday-rentals/27276-apartment-in-tignes-les-brevieres-france; 20 Mar EUR 5600 whole-chalet; range EUR 3600-8800 whole-chalet; available 20 Mar: yes,apartment,,no,no,no,yes,yes,yes,602,602,yes
allchalets-apartment-62512,Apartment 62512,,Val Thorens,,France,,8,3,2,apartment,catered-or-self,,yes-type-unknown,yes,"steam room, swimming pool, indoor pool, log fire, gym",,yes,,,,,quote-needed,,,,,unknown,,,"The ski apartments at Les Balcons are situated right at the top of the resort, close to the slopes and 500m from the centre. The chalets are south facing with spectacular panoramic views and are close to the slopes, 200m ...",https://www.allchalets.com/holiday-rentals/62512-apartment-in-val-thorens-france,allChalets,village-france-val-thorens,5,chalets/images/allchalets-apartment-62512/,2026-10-06,hot tub in facility list; calendar shows no bookings all season (probably unmaintained); calendar 20 Mar: Min stay - 7 nights Availability: 8 guests; no rate table on allChalets; unnamed listing; headline: Excellent 2/3 bedroom ski in ski out apartment for up to 8 with full spa,apartment,price_week_20_27_mar_2027; price_range_low; price_currency; available_20_27_mar,yes,,yes,yes,yes,no,,,
allchalets-chalet-40708,Chalet 40708,,Val Thorens,,France,,50,,,chalet-hotel,chalet-hotel,,none,yes,steam room,,yes,,,,,quote-needed,,,,,unknown,,,"Since 1971 it has been one of the the world's highest ski resort and has continued to grow ever since. Today it is a village filled with hotels, restaurants, bars and ski shops. A village bustling with life where the ...",https://www.allchalets.com/holiday-rentals/40708-chalet-in-val-thorens-france,allChalets,village-france-val-thorens,5,chalets/images/allchalets-chalet-40708/,2026-10-06,hot tub not in facility list/description; calendar shows no bookings all season (probably unmaintained); calendar 20 Mar: Min stay - 1 night Availability: 120 guests; no rate table on allChalets; unnamed listing; headline: Superb ski in ski out chalet hotel for 2 to 60,chalet-hotel,bedrooms; price_week_20_27_mar_2027; price_range_low; price_currency; available_20_27_mar,no,no,yes,yes,yes,no,,,
allchalets-chalet-altitude-40090,Chalet Altitude,,Val Thorens,,France,,10,5,4,apartment,catered-or-self,,none,yes,"swimming pool, indoor pool, log fire, fireplace",,yes,,,,,quote-needed,,,,,unknown,,,"Chalet Altitude V is an excellent and pet friendly 5 bedroom 115m2 chalet apartment, 150m from the slopes, well located on the edge of Val Thorens, offering up to 10 guests both a fantastic panoramic view and easy access to ...",https://www.allchalets.com/holiday-rentals/40090-apartment-in-val-thorens-france,allChalets,village-france-val-thorens,5,chalets/images/allchalets-chalet-altitude-40090/,2026-10-06,hot tub not in facility list/description; calendar shows no bookings all season (probably unmaintained); calendar 20 Mar: Min stay - 7 nights Availability: 10 guests; no rate table on allChalets,apartment,price_week_20_27_mar_2027; price_range_low; price_currency; available_20_27_mar,no,no,yes,yes,yes,no,,,
allchalets-chalet-balcons-iii,Chalet Balcons III,,Val Thorens,,France,,8,3,2,apartment,catered-or-self,,yes-type-unknown,yes,"steam room, log fire, open fire, fireplace, boot dryer, gym, pool table",,yes,,,,,quote-needed,,,,,unknown,,,"Chalet Balcons III is located on the heights of Val Thorens, at Les Balcons residence, offering both a true relaxing experience with convenient slope side access in a quality 3 bedroom apartment. With your family or friends of up to ...",https://www.allchalets.com/holiday-rentals/27249-apartment-in-val-thorens-france,allChalets,village-france-val-thorens,5,chalets/images/allchalets-chalet-balcons-iii/,2026-10-06,hot tub in facility list; calendar shows no bookings all season (probably unmaintained); calendar 20 Mar: Min stay - 7 nights Availability: 8 guests; no rate table on allChalets,apartment,price_week_20_27_mar_2027; price_range_low; price_currency; available_20_27_mar,yes,,yes,yes,yes,no,,,
allchalets-chalet-balcons-ivb,Chalet Balcons IVB,,Val Thorens,,France,,10,4,3,apartment,catered-or-self,,yes-type-unknown,yes,"steam room, swimming pool, indoor pool, log fire, open fire, fireplace, boot dryer, gym, pool table",,yes,,,,,quote-needed,,,,,unknown,,,"Chalet Balcons IVB is located on the heights of Val Thorens, at Les Balcons residence, offering both a true relaxing experience with convenient slope side access in a quality 4 bedroom apartment. With your family or friends of up to ...",https://www.allchalets.com/holiday-rentals/40539-apartment-in-val-thorens-france,allChalets,village-france-val-thorens,5,chalets/images/allchalets-chalet-balcons-ivb/,2026-10-06,hot tub in facility list; calendar shows no bookings all season (probably unmaintained); calendar 20 Mar: Min stay - 1 night Availability: 10 guests; no rate table on allChalets,apartment,price_week_20_27_mar_2027; price_range_low; price_currency; available_20_27_mar,yes,,yes,yes,yes,no,,,
allchalets-chalet-hermine-iv,Chalet Hermine IV,,Val Thorens,,France,,8,4,4,apartment,catered-or-self,,none,yes,"swimming pool, indoor pool, log fire, fireplace, boot dryer, gym",,unknown,,,,,quote-needed,,,,,unknown,,,"Chalet Hermine IV is a conveniently located 95m2 chalet apartment in a larger building, in the quieter area of Plein Sud, Val Thorens, built with traditional building materials, with a wood burning fireplace in natural stone (one bag of fire ...",https://www.allchalets.com/holiday-rentals/28930-apartment-in-val-thorens-france,allChalets,village-france-val-thorens,5,chalets/images/allchalets-chalet-hermine-iv/,2026-10-06,hot tub not in facility list/description; calendar shows no bookings all season (probably unmaintained); calendar 20 Mar: Min stay - 7 nights Availability: 8 guests; no rate table on allChalets,apartment,price_week_20_27_mar_2027; price_range_low; price_currency; available_20_27_mar,no,no,yes,yes,yes,no,,,
allchalets-chalet-orlov,Chalet Orlov,,Val Thorens,,France,,10,5,6,chalet,catered,,private (location not stated),yes,"steam room, swimming pool, indoor pool, log fire, fireplace, games room, cinema, gym",,yes,,,,,quote-needed,,,,,unknown,,,Chalet Orlov is a unique and impressive 5 bedroom luxury chalet at one of the highest locations in Europe at 2300 m and managed by the 5* Koh-I Nor hotel in Val Thorens for a snow-sure ski and lively experience. ...,https://www.allchalets.com/holiday-rentals/46882-chalet-in-val-thorens-france,allChalets,village-france-val-thorens,5,chalets/images/allchalets-chalet-orlov/,2026-10-06,hot tub in facility list; calendar shows no bookings all season (probably unmaintained); calendar 20 Mar: Min stay - 7 nights Availability: 10 guests; no rate table on allChalets,chalet,price_week_20_27_mar_2027; price_range_low; price_currency; available_20_27_mar,yes,yes,yes,yes,yes,no,,,
allchalets-chalet-oxalys-iv,Chalet Oxalys IV,,Val Thorens,,France,,8,4,4,apartment,catered-or-self,,yes-type-unknown,yes,"steam room, swimming pool, log fire, fireplace, boot dryer",,yes,,,,,quote-needed,,,,,unknown,,,"Chalet Oxalys IV is one of the the luxury apartments of Résidence Oxalys, ideally located in a quiet area of Val Thorens, on the edge of the slopes and near the ski lift. In total there are 36 spacious apartments, ...",https://www.allchalets.com/holiday-rentals/31059-apartment-in-val-thorens-france,allChalets,village-france-val-thorens,5,chalets/images/allchalets-chalet-oxalys-iv/,2026-10-06,hot tub in facility list; calendar shows no bookings all season (probably unmaintained); calendar 20 Mar: Min stay - 7 nights Availability: 8 guests; no rate table on allChalets,apartment,price_week_20_27_mar_2027; price_range_low; price_currency; available_20_27_mar,yes,,yes,yes,yes,no,,,
allchalets-chalet-ros,Chalet Ros,,Val Thorens,,France,,10,5,4,apartment,catered,,none,yes,"steam room, swimming pool, indoor pool, log fire, fireplace",,yes,,,,,quote-needed,,,,,unknown,,,"Enjoy staying at this magnificent 131 sq.m duplex apartment, just a few minutes' walk from the resort centre and its shops. Chalet Ros V is a 5 bedroom, 4 bathroom chalet we offer on a catered half board basis (as ...",https://www.allchalets.com/holiday-rentals/35951-apartment-in-val-thorens-france,allChalets,village-france-val-thorens,5,chalets/images/allchalets-chalet-ros/,2026-10-06,hot tub not in facility list/description; calendar shows no bookings all season (probably unmaintained); calendar 20 Mar: Min stay - 7 nights Availability: 10 guests; no rate table on allChalets,apartment,price_week_20_27_mar_2027; price_range_low; price_currency; available_20_27_mar,no,no,yes,yes,yes,no,,,
allchalets-chalet-val-28473,Chalet Val,,Val Thorens,,France,,10,5,3,apartment,catered,,none,yes,"steam room, log fire",,yes,,,,,quote-needed,,,,,unknown,,,"Chalet Val V is a 5 bedroom, 120m2 apartment in the Val 2400 building which consists of a total of 27 apartments, well located on the upper edge of Val Thorens. The excellent location means guests can enjoy a wondrous ...",https://www.allchalets.com/holiday-rentals/28473-apartment-in-val-thorens-france,allChalets,village-france-val-thorens,5,chalets/images/allchalets-chalet-val-28473/,2026-10-06,hot tub not in facility list/description; calendar shows no bookings all season (probably unmaintained); calendar 20 Mar: Min stay - 1 night Availability: 10 guests; no rate table on allChalets,apartment,price_week_20_27_mar_2027; price_range_low; price_currency; available_20_27_mar,no,no,yes,yes,yes,no,,,
allchalets-chalet-val-iv,Chalet Val IV,,Val Thorens,,France,,8,4,4,apartment,catered-or-self,,none,no,"log fire, fireplace",,yes,,,,,quote-needed,,,,,unknown,,,"Chalet Val IV offers a great ski in ski out option with 4 bedrooms in a 90 m² duplex apartment for 8 people, on the 2nd and 3rd floors. Offering breathtaking views of the resort and its majestic mountains, this ...",https://www.allchalets.com/holiday-rentals/24517-apartment-in-val-thorens-france,allChalets,village-france-val-thorens,5,chalets/images/allchalets-chalet-val-iv/,2026-10-06,hot tub not in facility list/description; calendar shows no bookings all season (probably unmaintained); calendar 20 Mar: Min stay - 1 night Availability: 8 guests; no rate table on allChalets,apartment,price_week_20_27_mar_2027; price_range_low; price_currency; available_20_27_mar,no,no,no,yes,yes,no,,,
allchalets-apartment-44627,Apartment 44627,private advertiser on allChalets (enquiry contact: Martin Bright),Val d'Isère,,France,,10,5,5,apartment,catered,,none,no,,,,,,,,quote-needed,,,,,,,,"Check out this 6 room chalet for a wonderful family holiday for 8/10 people right in the centre of Val d'Isère. This modern, well equipped 5 bedroom apartment will let you have an unforgettable holiday in one of Europe finest ...",https://www.allchalets.com/holiday-rentals/44627-apartment-in-val-d-isere-france,allChalets,enrich; village-france-val-d-isère,5,chalets/images/allchalets-apartment-44627/,2026-10-06,"enrich: allChalets shows no rates (owner has not provided up-to-date rates / empty price list; enquiry only); enquiry contact Martin Bright.  allChalets calendars are usually unmaintained, so availability not trusted.",apartment,price_week_20_27_mar_2027; price_range_low; price_currency; available_20_27_mar,no,no,no,yes,yes,no,,,
allchalets-apartment-62087,Apartment 62087,private advertiser on allChalets (enquiry contact: Martin Bright),Val d'Isère,,France,,8,4,4,apartment,catered-or-self,,none,no,"fireplace, boot warmer",,yes,,,,,quote-needed,,,,,,,,"This chalet is ideally situated for accessing the slopes, with the main lifts just 500m or a few minutes' walk away. At the end of the day, it is possible to ski back to the front door thus offering a ...",https://www.allchalets.com/holiday-rentals/62087-apartment-in-val-d-isere-france,allChalets,enrich; village-france-val-d-isère,5,chalets/images/allchalets-apartment-62087/,2026-10-06,"enrich: allChalets shows no rates (owner has not provided up-to-date rates / empty price list; enquiry only); enquiry contact Martin Bright.  allChalets calendars are usually unmaintained, so availability not trusted.",apartment,price_week_20_27_mar_2027; price_range_low; price_currency; available_20_27_mar,no,no,no,yes,yes,no,,,
allchalets-chalet-42005,Chalet 42005,private advertiser on allChalets (enquiry contact: Yvonne allChalets),Val d'Isère,,France,,10,5,5,chalet,catered,,private-outdoor,no,"log fire, cinema",,,,,,,quote-needed,,,,,,,,Chalet Details: Sleeps 10 adults Catering: Breakfast Ground floor: Independent toilet: 1 --------------------------- Floor -2: Living area: Enjoy the south-facing terrace with its outdoor hot tub. - Terrace There is a sleeping area comprising three en-suite bedrooms and a garage ...,https://www.allchalets.com/holiday-rentals/42005-chalet-in-val-d-isere-france,allChalets,enrich; village-france-val-d-isère,5,chalets/images/allchalets-chalet-42005/,2026-10-06,"enrich: allChalets shows no rates (owner has not provided up-to-date rates / empty price list; enquiry only); enquiry contact Yvonne allChalets.  allChalets calendars are usually unmaintained, so availability not trusted.",chalet,price_week_20_27_mar_2027; price_range_low; price_currency; available_20_27_mar,yes,yes,no,yes,yes,no,,,
allchalets-chalet-alaska-iv,Chalet Alaska IV,private advertiser on allChalets (enquiry contact: Martin Bright),Val d'Isère,,France,,8,4,4,apartment,catered-or-self,,none,no,fireplace,,,,,,,quote-needed,,,,,,,,"Chalet Alaska IV is ideally situated in a prime location on Route de la Balme in the renowned village of Val-d’Isère. Just 600m from the lifts and centre, it allows a quick access to the ski slopes, but also to ...",https://www.allchalets.com/holiday-rentals/28023-apartment-in-val-d-isere-france,allChalets,enrich; enrich-fix-allchalets-val-d-isere; village-france-val-d-isère,5,chalets/images/allchalets-chalet-alaska-iv/,2026-10-06,allChalets: https://www.allchalets.com/holiday-rentals/28023-apartment-in-val-d-isere-france,apartment,price_week_20_27_mar_2027; price_range_low; price_currency; available_20_27_mar,no,no,no,yes,yes,no,,,
allchalets-chalet-epicea,Chalet Epicéa,private advertiser on allChalets (enquiry contact: Martin Bright),Val d'Isère,,France,,10,4,4,apartment,catered,,none,no,"log fire, fireplace",,,,,,,quote-needed,,,,,,,,"Chalet Epicéa is a warm, spacious 130m2 and authentic apartment in the centre of the old village of Val d’Isère on Rue d’Eglise. It is in a quiet, yet extremely convenient position close to the shops and slopes, both less ...",https://www.allchalets.com/holiday-rentals/39408-apartment-in-val-d-isere-france,allChalets,enrich; village-france-val-d-isère,5,chalets/images/allchalets-chalet-epicea/,2026-10-06,"enrich: allChalets shows no rates (owner has not provided up-to-date rates / empty price list; enquiry only); enquiry contact Martin Bright.  allChalets calendars are usually unmaintained, so availability not trusted.",apartment,price_week_20_27_mar_2027; price_range_low; price_currency; available_20_27_mar,no,no,no,yes,yes,no,,,
allchalets-chalet-felice,Chalet Felice,private advertiser on allChalets (enquiry contact: Martin Bright),Val d'Isère,,France,,10,5,5,apartment,catered-or-self,,none,no,"log fire, fireplace, boot dryer",,,,,,,quote-needed,,,,,,,,"Chalet Felice is a high standing chalet apartment with 5 bedrooms, offering 160 m2 of space over 4 levels for up to 8 adults and 2 children With a North facing balcony and beautiful view onto the mountains, you can ...",https://www.allchalets.com/holiday-rentals/62573-apartment-in-val-d-isere-france,allChalets,enrich; village-france-val-d-isère,5,chalets/images/allchalets-chalet-felice/,2026-10-06,"enrich: allChalets shows no rates (owner has not provided up-to-date rates / empty price list; enquiry only); enquiry contact Martin Bright.  allChalets calendars are usually unmaintained, so availability not trusted.",apartment,price_week_20_27_mar_2027; price_range_low; price_currency; available_20_27_mar,no,no,no,yes,yes,no,,,
allchalets-chalet-foret-iv,Chalet Foret IV,private advertiser on allChalets (enquiry contact: Martin Bright),Val d'Isère,,France,,8,4,4,apartment,catered-or-self,,none,no,"log fire, fireplace, boot dryer",,,,,,,quote-needed,,,,,,,,"CHALET FORÊT IV Chalet Foret IV is a luxurious and spacious 170m2, 4 bedroom apartment for up to 8 people.The chalet offers an interior of character combining contemporary decor with an authentic Savoyard touch and warm architecture, with much use ...",https://www.allchalets.com/holiday-rentals/63129-apartment-in-val-d-isere-france,allChalets,enrich; enrich-fix-allchalets-val-d-isere; village-france-val-d-isère,5,chalets/images/allchalets-chalet-foret-iv/,2026-10-06,allChalets: https://www.allchalets.com/holiday-rentals/63129-apartment-in-val-d-isere-france,apartment,price_week_20_27_mar_2027; price_range_low; price_currency; available_20_27_mar,no,no,no,yes,yes,no,,,
allchalets-chalet-gentianes-iv,Chalet Gentianes IV,private advertiser on allChalets (enquiry contact: Martin Bright),Val d'Isère,,France,,8,4,3,apartment,catered-or-self,,none,no,"log fire, boot dryer",,,,,,,quote-needed,,,,,,,,"Chalet Gentianes IV is a luxurious 4 bedroom duplex apartment offering plenty of space at 150m2 in size and is such a great choice for up to 8 people. This quality and atmospheric 1st floor chalet apartment, with beamed ceilings, ...",https://www.allchalets.com/holiday-rentals/24628-apartment-in-val-d-isere-france,allChalets,enrich; enrich-fix-allchalets-val-d-isere; village-france-val-d-isère,5,chalets/images/allchalets-chalet-gentianes-iv/,2026-10-06,allChalets: https://www.allchalets.com/holiday-rentals/24628-apartment-in-val-d-isere-france,apartment,price_week_20_27_mar_2027; price_range_low; price_currency; available_20_27_mar,no,no,no,yes,yes,no,,,
fresh-tracks-l-etendard,L'Etendard,Fresh Tracks Ski,Oz-en-Oisans,Alpe d'Huez Grand Domaine,France,,10,5,,chalet,catered,"breakfast, afternoon tea/cake, 3-course dinner with house wine on 6 of 7 days; cheeseboards; honesty bar",none,,"boot/kit drying room, fire, balcony with mountain views, bathrobes",50,,,,,,quote-needed,,,,,,,,,https://www.fresh-tracks.co.uk/fresh-tracks-chalet-letendard,Fresh Tracks; Fresh Tracks Ski (own site); SeeAlpedHuez,enrich; village-france-alpe-d-huez,3,chalets/images/fresh-tracks-l-etendard/,2026-10-06,"enrich: Fresh Tracks Ski (42 Route de l'Alpette, Oz-en-Oisans): Chalet L'Etendard sleeps 10 adults in 5 bedrooms (twin/superking; '10 + 2' with extras; split as The Loft 3 bed/2 bath + The Snug 2 bed/shared bath); sister Chalet Le Lauteret sleeps 8 (4 bedrooms). Sole occupancy needs min 8 full-paying guests. Winter prices fully catered 'please enquire' (bookings page still dated 2024/25); no hot tub mentioned; close to Alpette lift.",chalet,price_week_20_27_mar_2027; price_range_low; price_currency; available_20_27_mar,no,no,,yes,yes,no,,,
fresh-tracks-le-lauteret,Le Lauteret,Fresh Tracks Ski,Oz-en-Oisans,Alpe d'Huez Grand Domaine,France,,8,4,,chalet,catered,"breakfast, afternoon tea/cake, 3-course dinner with house wine on 6 of 7 days; honesty bar",none,,,50,,,,,,quote-needed,,,,,,,,,https://www.seealpedhuez.com/chalets/le-lauteret-chalet-711857,Fresh Tracks Ski (own site); See Alpe d'Huez; SeeAlpedHuez,enrich; village-france-alpe-d-huez,,,2026-10-06,"enrich: Fresh Tracks Ski chalets page: 'Chalet Le Lauteret can sleep 8 adults (4 bedrooms)', twin or superking beds; same catering as L'Etendard (both on Route de l'Alpette, Oz). Sole occupancy min 8 full-paying guests; prices on enquiry. No hot tub mentioned.",chalet,price_week_20_27_mar_2027; price_range_low; price_currency; available_20_27_mar; image_count,no,no,,yes,yes,no,,,
allchalets-chalet-des-neiges-v,Chalet des Neiges V,private advertiser on allChalets (enquiry contact: Martin Bright); sibling listings Chalet des Neiges III & IV in same residence,Tignes 1800,Espace Killy,France,,8,4,3,apartment,catered-or-self,,shared,yes,"steam room, swimming pool, indoor pool, open fire, fireplace",,yes,,,,,quote-needed,,,,,,,,"Chalet des Neiges V is a luxurious 4 bedroom duplex apartment, over 2 floors, styled with Savoyard architecture and modern facilities. This excellent 93m2 apartment shares a huge wellness area, complete with an indoor heated swimming pool, hot tub, saunas, ...",https://www.allchalets.com/holiday-rentals/23957-apartment-in-tignes-les-boisses-france,allChalets,enrich; enrich-fix-allchalets-tignes; pilot-tignes-brevieres; rescrape-allchalets,5,chalets/images/allchalets-chalet-des-neiges-v/,2026-10-06,allChalets: https://www.allchalets.com/holiday-rentals/23957-apartment-in-tignes-les-boisses-france,apartment,price_week_20_27_mar_2027; price_range_low; price_currency; available_20_27_mar,yes,no,yes,yes,yes,no,,,
seetignes-annina,Annina Chalet,probably Skiworld (all photos credited '© Skiworld ISL'),Tignes Le Lac,Espace Killy,France,,9,4,,apartment,catered,,,yes,,140,,,,,,,,,,,,,,,https://www.seetignes.com/chalets/annina-chalet-le-lac-lavachet-717138,SeeTignes,enrich; village-france-tignes-le-lac,2,chalets/images/seetignes-annina/,2026-10-06,"enrich: SeeTignes listing photos all credited '© Skiworld ISL' and text says 'Chalet staff live out' -> a Skiworld catered chalet-apartment (4th-floor duplex, 140 m from pistes, lift, ski room, boot dryers, wifi). No price/availability on SeeTignes (enquire). Skiworld site is on the sites lane - not searched here; check Skiworld's Tignes list for 'Annina' to get the 21 Mar 2027 price. Hot tub not mentioned (sauna per earlier notes).",apartment,hot_tub; price_week_20_27_mar_2027; price_range_low; price_currency; available_20_27_mar,,,yes,yes,yes,no,,,
seetignes-escamillo,Escamillo Chalet,probably Skiworld (photo credits),Tignes Le Lac,Espace Killy,France,,9,4,,apartment,catered,,,yes,,140,,,,,,,,,,,,,,,https://www.seetignes.com/chalets/escamillo-chalet-le-lac-lavachet-717137,See Tignes; SeeTignes,enrich; village-france-tignes-le-lac,2,chalets/images/seetignes-escamillo/,2026-10-06,"enrich: See Tignes listing (enquiry only, no calendar/prices): photos credited ""© Skiworld ISL"" (5x). text mentions chalet staff/catering.",apartment,hot_tub; price_week_20_27_mar_2027; price_range_low; price_currency; available_20_27_mar,,,yes,yes,yes,no,,,
independent-ski-links-grande-motte,Grande Motte Chalet,Esprit Ski (sold via Independent Ski Links),Tignes Le Lac,Espace Killy,France,,8,2,,chalet,catered,"6 days: buffet breakfast, afternoon tea/cake, children's high tea 17:30, 4-course adult dinner with canapés, aperitif and wine; host's day off",,,,,,,,,,,,,,,,,,,http://www.ski-links.com/property/989/la-grande-motte.htm,Independent Ski Links; SeeTignes,enrich; village-france-tignes-le-lac,2,chalets/images/independent-ski-links-grande-motte/,2026-10-06,"enrich: Ski-Links page 2: family chalet (sleeps 8, 2 en-suite family rooms, near Aeroski gondola/Palafour) with Esprit-style catering ('supervised by Esprit staff', under-13s not at adult dinner). Prices & availability: 'Please contact us ... for accurate pricing'. Hot tub not mentioned.",chalet,hot_tub; price_week_20_27_mar_2027; price_range_low; price_currency; available_20_27_mar,,,,yes,yes,no,,,
allchalets-chalet-hotel-le-dome,Chalet hotel Le Dome,Chalet-Hotel Le Dôme (owner Christian Chartron),Tignes Les Boisses,Espace Killy,France,,19,10,10,hotel,chalet-hotel,B&B; dinner possible,none,no,log fire,,yes,,,,,quote-needed,,,,,,,,"Le Dome is a classical 2 stars hotel, in a quiet and typical village of Tignes ski in / ski out b&b service. Possible to get the dinner Little bar - log fire place Boardgame library.",https://www.allchalets.com/holiday-rentals/23634-hotel-in-tignes-les-boisses-france,Hotel Le Dôme (own site); allChalets,enrich; enrich-fix-allchalets-tignes; pilot-tignes-brevieres; rescrape-allchalets,5,chalets/images/allchalets-chalet-hotel-le-dome/,2026-10-06,allChalets: https://www.allchalets.com/holiday-rentals/23634-hotel-in-tignes-les-boisses-france,hotel,price_week_20_27_mar_2027; price_range_low; price_currency; available_20_27_mar,no,no,no,yes,yes,no,,,
allchalets-chalet-eagle,Chalet Eagle,private advertiser on allChalets (enquiry contact: Martin Bright) - same contact as Chalet des Neiges V and Chalet Tignes V,Tignes Les Brevieres,Espace Killy,France,,9,5,4,apartment,catered-or-self,half board with chef (optional; self-catered also offered),private-outdoor,no,boot dryer,,no,Saturday,,,,quote-needed,,,,,,,,"Chalet Eagle is a well located classy chalet apartment in the Belvédère complex at the top of the charming village of Tignes-Les-Brévières. From the apartment it is only a 150 metre walk to the passenger elevator, which takes you to ...",https://www.allchalets.com/holiday-rentals/40318-apartment-in-tignes-les-brevieres-france,allChalets,enrich; enrich-fix-allchalets-tignes; pilot-tignes-brevieres; rescrape-allchalets,5,chalets/images/allchalets-chalet-eagle/,2026-10-06,allChalets: https://www.allchalets.com/holiday-rentals/40318-apartment-in-tignes-les-brevieres-france,apartment,price_week_20_27_mar_2027; price_range_low; price_currency; available_20_27_mar,yes,yes,no,yes,yes,no,,,
allchalets-chalet-tignes-v,Chalet Tignes V,private advertiser on allChalets (enquiry contact: Martin Bright) - same contact as Chalet Eagle and Chalet des Neiges V,Tignes Les Brevieres,Espace Killy,France,,10,5,5,chalet,catered-or-self,"catered, part-catered or self-catered options (detail not stated)",private-outdoor,no,"log fire, fireplace",200,no,,,,,quote-needed,,,,"bed linen, towels, slippers, beds made, 20 logs firewood, cot/high chair, wifi, covered parking space",,,,"Chalet Tignes V is a 108m2, higher end ski chalet for up to 10 people. Offering 5 bedrooms each with its own bathroom and an outdoor jacuzzi, it is ideally located just 200 metres from the ski lifts and the ...",https://www.allchalets.com/holiday-rentals/41917-chalet-in-tignes-les-brevieres-france,allChalets,enrich; enrich-fix-allchalets-tignes; pilot-tignes-brevieres; rescrape-allchalets,5,chalets/images/allchalets-chalet-tignes-v/,2026-10-06,allChalets: https://www.allchalets.com/holiday-rentals/41917-chalet-in-tignes-les-brevieres-france,chalet,price_week_20_27_mar_2027; price_range_low; price_currency; available_20_27_mar,yes,yes,no,yes,yes,no,,,
chardons-chalet-coeur-des-brevieres,Chalet Coeur des Brévières,Chalet Chardons,Tignes Les Brévières,Espace Killy,France,,40,15,15,hotel,chalet-hotel,"daily breakfast (hot 5 days), afternoon tea with cake, 6x 5-course dinners (canapés to cheese & port), free-flowing wine, prosecco first & last night",shared,yes,"sun-terrace hot tub & sauna, fireplace lounge, boot warmers, 4 parking",200,no,,849,per-person,EUR,exact-week,699,1499,,"accommodation + catering + wine, linen, daily cleaning; excludes tourist tax, travel, transfers",yes,,,"Shared catered chalet-hotel in the heart of Les Brévières, 200m from lifts; hot tub and sauna on sun terrace; 15 en-suite rooms, sleeps 40, booked by room.",https://www.chaletchardons.com/ski-chalet-france/chalet-coeur-des-brevieres/,Alpine Answers; Chalet Chardons; See Tignes; Ski Line; Sno; allChalets,pilot-tignes-brevieres; site-ski-line,2,chalets/images/chardons-chalet-coeur-des-brevieres/,2026-10-05,"20-27 Mar 2027 €849pp (shared occupancy, rooms available). Booked by room; empty beds incur supplement. Prices from chaletmanager live calendar (JSONP behind JS widget on pricing page); Sat-Sat weeks from Jan, Sun-Sun in Dec.",hotel,,yes,no,yes,yes,yes,yes,730,730,yes
chardons-chalet-hattiers-apartment-1,Chalet Hattiers Apartment 1,Chalet Chardons,Tignes Les Brévières,Espace Killy,France,,8,4,2,,catered,"daily breakfast (hot 5 days), afternoon tea with cake, 6x 5-course dinners (canapés to cheese & port), free-flowing wine, prosecco first & last night",none,no,"private south-facing balcony, kitchenette, boot warmers, sofa bed",,no,Saturday,5600,whole-chalet,EUR,exact-week,3600,7600,,"accommodation + catering + wine, linen, daily cleaning; excludes tourist tax, travel, transfers",yes,,,"Top-floor catered apartment in Chalet Hattiers, central Les Brévières, ~5 min walk to lift; 4 double/twin rooms for 8 (10 with sofa bed), 2 shower rooms, balcony over the slopes.",https://www.chaletchardons.com/ski-chalet-france/chalet-hattiers-apartment-1/,Chalet Chardons; allChalets,enrich; pilot-tignes-brevieres,5,chalets/images/chardons-chalet-hattiers-apartment-1/,2026-10-05,"enrich: meals are served in the ground-floor dining room of Chalet Hattiers itself (the apartments are the top floor of Chalet Hattiers; the long-stay dorm is on its 1st floor) - NOT in Coeur des Brévières, which is a different building (compared exterior photos). No hot tub/sauna mentioned anywhere for Chalet Hattiers (apt pages, long-stay page, old /chalet-hattiers/ URL redirects to long-stay page); allChalets facilities for this apt list only Wi-Fi + cot. Coeur des Brévières (separate chalet-hotel, ~200m to lifts) has hot tub + sauna 'for all guests' of that chalet; no evidence Hattiers guests may use it - ask Chardons.",apartment,,no,no,no,yes,yes,yes,602,602,yes
whitehorizon-chalet-neus,Chalet Neus,White Horizon Chalets,Tignes Les Brévières,Espace Killy,France,,10,5,5,chalet,catered,"7x breakfast & afternoon tea (2 self-service), 5x 4-course dinners with wine, cheeseboard & coffee (hosts off Tue & Thu)",private-outdoor,no,"terrace hot tub, ski lockers with boot dryers at lifts, underground parking",175,,,653,per-person,GBP,exact-week,518,698,,"7 nights accommodation + catering, linen/towels, ski lockers at lifts, local taxes (no travel)",yes,,,"Catered chalet in Les Brévières (1550m) with private outdoor hot tub on terrace and mountain/lake views; 5 en-suite bedrooms for 10, 175m to lift. New for 2026/27.",https://www.whitehorizonchalets.co.uk/accommodation/chalet-neus/,ChaletFinder; White Horizon Chalets; allChalets,enrich-fix-allchalets-tignes; pilot-tignes-brevieres; rescrape-allchalets,5,chalets/images/whitehorizon-chalet-neus/,2026-10-06,allChalets: https://www.allchalets.com/holiday-rentals/63131-chalet-in-tignes-les-brevieres-france; 20 Mar GBP 6525 whole-chalet; range GBP 5175-7425 whole-chalet; available 20 Mar: yes,chalet,,yes,yes,no,yes,yes,yes,653,653,yes
skiline-hotel-les-brevieres,Hotel Les Brevieres,Ski Line (agent; hotel),Tignes Les Brévières,Espace Killy,France,,100,,,hotel,half-board,"buffet breakfast, 4-course buffet dinner with wine, weekly fondue/raclette night; full board/all-inclusive upgrades",shared,yes,"Ahimsa spa (hot tub, sauna, steam; 1 free access pp/week), bar, boot room",,no,,912,per-person,GBP,exact-week,903,1494,,"flights (Gatwick), 7 nights half board in twin room, 2 sharing",yes,,,"Value half-board hotel for ~100 in Les Brévières, 5 min walk to main lifts; buffet meals with wine, spa with hot tub, sauna and steam room; twin/triple/quad rooms.",https://www.skiline.co.uk/ski-holidays/france/tignes/hotel-les-brevieres,Ski Line,enrich; enrich-images; pilot-tignes-brevieres; site-ski-line,5,chalets/images/skiline-hotel-les-brevieres/,2026-10-06,photos backfilled from listing page,hotel,bedrooms,yes,no,yes,yes,yes,yes,912,662,yes
alpineelements-hotel-tetras-lodge,Hotel Tetras Lodge,Alpine Elements,Tignes Les Brévières,Espace Killy,France,,54,23,23,,chalet-hotel,"breakfast, afternoon tea/cake, 3-course à la carte dinner; wine at guest prices",shared,yes,"sundeck hot tub, sauna, steam room, bar, games lounge, boot dryers, parking, EV charging",400,partial,,,,,quote-needed,,,,7 nights + catering + low-cost Geneva transfers (package),,,,"4* boutique hotel run exclusively by Alpine Elements in central Les Brévières; 23 en-suite rooms/suites for 52-54, sundeck hot tub, sauna, steam; 400m to lifts, ski back to 200m.",https://www.alpineelements.co.uk/ski-holidays/france/tignes/hotel-tetras-lodge,Alpine Elements,enrich; pilot-tignes-brevieres,5,chalets/images/alpineelements-hotel-tetras-lodge/,2026-10-06,"enrich: Alpine Elements page: 4* boutique hotel run exclusively by AE in Tignes 1550 (old town), 19 twin/double rooms + 4 suites (triple/quad, up to £200pp saving if all beds filled). Dedicated '-prices' page renders no price table in headless browser (JS widget, search defaults to 2 adults/13 Dec 2026). Not on Booking.com. No price for 20 Mar 2027 obtained.",chalet-hotel,price_week_20_27_mar_2027; price_range_low; price_currency; available_20_27_mar,yes,no,yes,yes,yes,no,,,
seetignes-chalet-les-melezes,Les Melezes Chalet,MountainSun (See Tignes advertiser account; website not found),Tignes Les Brévières,Espace Killy,France,,,,,,,,,,,,,,,,,quote-needed,,,,,,,,Chalet listed in Les Brévières on See Tignes; no details published on the listing page.,https://www.seetignes.com/chalets/les-melezes-chalet-les-brevieres-674590,See Tignes,enrich; pilot-tignes-brevieres,0,chalets/images/seetignes-chalet-les-melezes/,2026-10-05,"enrich: See Tignes listing JSON names advertiser account 'MountainSun' (id_account 15772) and map pin 45.508111,6.920158 (~1.4 km N of Les Brévières centre, towards the Isère valley). It is NOT the same as Heidi/Booking.com 'CHALET AUBERGE - Les Mélèzes' (a hotel/auberge on Chemin des Boisses, Les Boisses, pin 45.495606,6.922968, Booking.com 6.9/276 reviews, restaurant B&B/dinner, no availability 20-27 Mar 2027) - remove Heidi from listed_on match. mountainsun.co.uk/.com/.fr and variants do not resolve. Listing has no capacity, board, photos or prices; likely a dormant/old advert.",chalet,sleeps_max; bedrooms; board; hot_tub; price_week_20_27_mar_2027; price_range_low; price_currency; available_20_27_mar; image_count,,,,,,no,,,
ingenie-valdisere-5-rooms-4-bedrooms-pierra-menta-parking-rdc-n-25,5 rooms (4 bedrooms) - PIERRA MENTA - + PARKING RDC N° 25,,Val d'Isère,Espace Killy,France,,8,4,,apartment,catered,"ll appliances: electric kettle, toaster, raclette machine, soup blender, Master Chef robot, nespresso coffee machine, steamer Living room Large living room area with fireplace Television + DVD player Dining area ...",none,no,,,,,,,,quote-needed,,,,,,,,"Prestigious apartment ideally equipped, spacious and very sunny with fireplace. Luxurious 5 room apartment of 111m2 on two levels for 8 people. Located on the 2nd floor of the residence with South/East facing balcony. On the ground floor American Kitchen ...",https://booking.valdisere.com/5-rooms-4-bedrooms-pierra-menta-parking-rdc-n-25.html,Val d'Isère Réservation,enrich-fix-ingenie-val-d-isere; village-france-val-d-isère,5,chalets/images/ingenie-valdisere-5-rooms-4-bedrooms-pierra-menta-parking-rdc-n-25/,2026-10-06,Val d'Isère Réservation: https://booking.valdisere.com/5-rooms-4-bedrooms-pierra-menta-parking-rdc-n-25.html,apartment,price_week_20_27_mar_2027; price_range_low; price_currency; available_20_27_mar,no,no,no,yes,yes,no,,,
travel-ski-hotel-les-campanules,Hotel Les Campanules,Travel Ski,Tignes,Espace Killy (Tignes – Val d'Isère),France,,200,,,hotel,half-board,,yes-type-unknown,yes,pool,,unknown,,,,,quote-needed,,,,,unknown,,,"The 4* Hotel Les Campanules is a charming and traditional family hotel located 200 metres from the slopes, in the heart of the Rosset district. Close to the first shops. The 29 rooms all have wifi and television in an ...",https://www.skiline.co.uk/ski-holidays/france/tignes/hotel-les-campanules-2,Ski Line,site-ski-line,5,chalets/images/travel-ski-hotel-les-campanules/,2026-10-06,no 20/21 Mar 2027 departure in Ski Line price list; Ski Line hot-tub flag on a residence/hotel: probably shared spa (pass2: hot tub type),hotel,bedrooms; price_week_20_27_mar_2027; price_range_low; price_currency; available_20_27_mar,yes,,yes,yes,yes,no,,,
crystal-hotel-amelie,Hotel Amelie,Crystal,Brides-les-Bains,Les 3 Vallées,France,,80,,,hotel,half-board,,none,no,,,unknown,Saturday,876,per-person,GBP,exact-week,817,1209,,"flights, transfers + board (Ski Line package)",yes,,,"Hotel Amélie is in the centre of the small spa town of Brides-les-Bains, just a few minutes' walk from the main gondola. This popular pick is great value for money, bringing people back year after year. The bedrooms are traditional, ...",https://www.skiline.co.uk/ski-holidays/france/brides-les-bains/hotel-amelie,Ski Line,site-ski-line,5,chalets/images/crystal-hotel-amelie/,2026-10-06,"20 Mar price from Ski Line (London Gatwick, Superior Triple Room - (price pp based on 2 sharing)); Ski Line prices GBP pp; Ski Line resort 'Brides les Bains'",hotel,bedrooms,no,no,no,yes,yes,yes,876,626,yes
crystal-hotel-la-vanoise-1825,Hotel La Vanoise 1825,Crystal,Brides-les-Bains,Les 3 Vallées,France,,40,,,hotel,half-board,,none,no,,,unknown,Saturday,890,per-person,GBP,exact-week,838,1194,,"flights, transfers + board (Ski Line package)",yes,,,"The Hotel La Vanoise 1825 has a vibrant and stylish look throughout. Centrally located in the small town of Brides-les-Bains, the hotel's a short walk from the Olympe gondola, which links up the famous resort of Méribel and the Three ...",https://www.skiline.co.uk/ski-holidays/france/brides-les-bains/hotel-la-vanoise-1825,Ski Line,site-ski-line,5,chalets/images/crystal-hotel-la-vanoise-1825/,2026-10-06,"20 Mar price from Ski Line (London Gatwick, Comfort Twin Room - (price pp based on 2 sharing)); Ski Line prices GBP pp; Ski Line resort 'Brides les Bains'",hotel,bedrooms,no,no,no,yes,yes,yes,890,640,yes
sno-chalet-toubkal-2,Chalet Toubkal 2,unknown (sold via Sno),La Tania,Les 3 Vallées,France,,8,,,chalet,half-board,"Catered bookings; Catered stays include half-board catering. This comprises:; Breakfast; 5 days continental breakfast with hot option; 2 days self-service continental; Daily afternoon tea; including homemade cake or biscuits, fresh baguette and hot drinks; 3-course evening meal on 6 evenings*; House",none,yes,"Sleeps 8, 4 bedrooms, In La Tania 'Chalet Quarter' with piste access, Nearest lift 150m (via piste), Boot room with heated boot-warmers, Sauna Access, Ski-in / ski-out*",,unknown,Sunday,728,per-person,GBP,exact-week,680,885,,"package via Sno: Accommodation, Half Board, Without Flights",yes,,,"Chalet Toubkal 1 is one half of a spacious ski-in, ski-out* chalet located on the edge of the Moretta Blanche piste. Chalet Toubkal 2 is a spacious and modern catered ski chalet, accommodating fup to 8 guests. The chalet occupies",https://www.sno.co.uk/ski-holidays/chalet-toubkal-2_19055/,Sno,site-sno,5,chalets/images/sno-chalet-toubkal-2/,2026-10-06,Sno 20 Mar 2027: £728pp with 8 sharing from no flights (accommodation only); price range = Sno dates priced for 8 sharing from no flights (accommodation only); operator not named on Sno (image code wlc); sauna shared between Toubkal 1 and 2,chalet,bedrooms,no,no,yes,yes,yes,yes,728,728,yes
allchalets-24443,"Chalet 24443 (unnamed, allChalets)",private advertiser on allChalets (enquiry contact: Scott Allen),Les Menuires,Les 3 Vallées,France,,10,5,5,chalet,catered,"breakfast, afternoon tea, canapés, 3-course dinner with paired wine on 6 of 7 nights, optional cheeseboard",private (location not stated),no,log fire,20,yes,Sunday,,,,quote-needed,,,,,yes,,,"Completely ski in ski out location 20m from the main lift in the 3 valleys (largest skiable area in the world). High end in house catering available on 6 of your 7 night stay including breakfast, afternoon tea, canapés and ...",https://www.allchalets.com/holiday-rentals/24443-chalet-in-les-menuires-france,allChalets,enrich; enrich-fix-allchalets-les-menuires; rescrape-allchalets; village-france-les-menuires,5,chalets/images/allchalets-24443/,2026-10-06,allChalets: https://www.allchalets.com/holiday-rentals/24443-chalet-in-les-menuires-france,chalet,price_week_20_27_mar_2027; price_range_low; price_currency,yes,yes,no,yes,yes,no,,,
allchalets-chalet-pierre,Chalet Pierre (apartment),"private advertiser on allChalets (enquiry contact: Martin Bright) - same contact as allChalets Tignes listings Chalet Eagle, Chalet Tignes V, Chalet des Neiges V",Les Menuires,Les 3 Vallées,France,,8,4,5,apartment,catered-or-self,self catered; half board add-on subject to availability,yes-type-unknown,yes,"swimming pool, fireplace, boot dryer",,yes,Saturday,,,,quote-needed,,,,,,,,"Chalet Pierre is one of the fabulous and new ski in ski out apartments, right at the entrance of the village of Les Menuires, completed and ready for the 20/21 ski season, which never really happened. From the accommodation you ...",https://www.allchalets.com/holiday-rentals/28430-apartment-in-les-menuires-france,allChalets,enrich; enrich-fix-allchalets-les-menuires; rescrape-allchalets; village-france-les-menuires,5,chalets/images/allchalets-chalet-pierre/,2026-10-06,allChalets: https://www.allchalets.com/holiday-rentals/28430-apartment-in-les-menuires-france,apartment,price_week_20_27_mar_2027; price_range_low; price_currency; available_20_27_mar,yes,,yes,yes,yes,no,,,
the-chalet-company-le-refuge,Chalet le Refuge,The Chalet Company,Méribel Village,Les 3 Vallées,France,,10,,,chalet,catered,,yes-type-unknown,no,"games room, open fire, boot warmers",,yes,Saturday,,,,,,,,,unknown,,sno-chalet-le-refuge,,https://thechaletcompany.mychaletbooking.com/chalets/,The Chalet Company,village-france-méribel-centre,,,2026-10-06,"Only in the mychaletbooking list (26/27 every week n/a; no longer on the operator website menu, /chalet-refuge 404). Features: doorstep/ski-in-out, hot tub, village centre. Village inferred from Sno Le Refuge (Méribel Village, sleeps 10) - probably same chalet, now self-catered via Sno.",chalet,bedrooms; price_week_20_27_mar_2027; price_range_low; price_currency; available_20_27_mar; image_count,yes,,no,yes,yes,no,,,
mercury-alpine-chalets-chalet-aphylla-catered,Chalet Aphylla (Catered),Mercury Alpine Chalets,St-Martin-de-Belleville,Les 3 Vallées,France,,8,,,chalet,catered,Daily Breakfast with cooked options Afternoon Tea with choice of homemade cake or charcuterie board 5 course dinner served on 5 nights Champagne reception on first evening Complimentary bar - ...,private-outdoor,yes,,,unknown,,,,,quote-needed,,,,,unknown,,,"Chalet Aphylla is a stunning semi-detached property situated in the tranquil hamlet of Villarabout, just above St. Martin de Belleville. This elegant alpine retreat offers an intimate escape for up to eight guests, housed in four beautifully designed en-suite bedrooms. ...",https://www.skiline.co.uk/ski-holidays/france/st-martin-de-belleville/chalet-aphylla-catered,Ski Line,site-ski-line,5,chalets/images/mercury-alpine-chalets-chalet-aphylla-catered/,2026-10-06,no 20/21 Mar 2027 departure in Ski Line price list; hot tub per Ski Line facility flag,chalet,bedrooms; price_week_20_27_mar_2027; price_range_low; price_currency; available_20_27_mar,yes,yes,yes,yes,yes,no,,,
scb-christiania-chalet-l-oule-des-praz,Chalet L'Oule des Praz,SCB Christiania (association),St-Jean-d'Arves,Les Sybelles,France,,78,23,,chalet-hotel,catered,"full board: breakfast buffet, lunch or picnic, afternoon snack, dinner",none,no,fireplace lounge,,,,,,,quote-needed,,,,,,,,"Converted barn run by a volunteer association at 1600 m near the village centre and snow front; dormitory rooms of 2-8, full-board formula, vaulted dining room.",https://www.sja73.com/chalet-l-oule-des-praz-scb-christiania-1.html,Saint Jean d'Arves Réservation,enrich-images; village-france-st-jean-d-arves,3,chalets/images/scb-christiania-chalet-l-oule-des-praz/,2026-10-06,photos backfilled from listing page,chalet-hotel,price_week_20_27_mar_2027; price_range_low; price_currency; available_20_27_mar,no,no,no,yes,yes,no,,,
will-i-ski-chalet-choucas,Chalet Choucas,Will I Ski,La Plagne,Paradiski,France,,10,,,chalet,catered,The catering package includes breakfast everyday with a hot special 5 mornings of the week. Afternoon tea everyday to fill your stomachs after a long days skiing. 3 course evening ...,none,no,fireplace,,unknown,Saturday,600,per-person,GBP,exact-week,600,800,,"accommodation + board, no travel (Ski Line)",yes,,,Chalet Choucas is superbly located in the heart La Plagne 1800. A short walk down to the 1800 chairlift and a stone's throw from the exceedingly popular La Mine bar. The chalet has recently been fully renovated to a wonderfully ...,https://www.skiline.co.uk/ski-holidays/france/la-plagne/chalet-choucas-2,Ski Line,site-ski-line,5,chalets/images/will-i-ski-chalet-choucas/,2026-10-06,20 Mar price from Ski Line (Independent Travel); Ski Line prices GBP pp,chalet,bedrooms,no,no,no,yes,yes,yes,600,600,yes
will-i-ski-chalet-zibeline,Chalet Zibeline,Will I Ski,La Plagne,Paradiski,France,,8,4,,chalet,catered,The catering package includes breakfast everyday with a hot special 5 mornings of the week. Afternoon tea everyday to fill your stomachs after a long days skiing. 3 course evening ...,none,no,fireplace,,unknown,Saturday,625,per-person,GBP,exact-week,625,1250,,"accommodation + board, no travel (Ski Line)",yes,,,Chalet Zibeline is a bright and spacious chalet with its own private garden and set amongst the pine trees overlooking the village below. The chalet boasts an open plan lounge with comfortable seating and a wood burning stove. There are ...,https://www.skiline.co.uk/ski-holidays/france/la-plagne/chalet-zibeline,Ski Line,site-ski-line,5,chalets/images/will-i-ski-chalet-zibeline/,2026-10-06,20 Mar price from Ski Line (Independent Travel); Ski Line prices GBP pp,chalet,,no,no,no,yes,yes,yes,625,625,yes
the-alpine-generation-chalet-apartment-bonlieu,Chalet-Apartment Bonlieu,The Alpine Generation,La Plagne,Paradiski,France,,8,4,,chalet,catered,"'Go Off Piste' Menu Switch Options Back again for the 2024/2025 season, this operator is offering guests the option to go off-piste and ‘swap out’ certain elements of the catering, ...",private-outdoor,yes,,,unknown,Sunday,592,per-person,GBP,exact-week,399,711,,"accommodation + board, no travel (Ski Line)",yes,,,"Chalet Bonlieu is a 4 bedroom chalet-apartment in the Marmottes residence, catering for up to 10 guests. Classic chalet available on a Catered (half-board) basis. The apartment has 3 twin bedrooms with en-suite bathrooms, and 1 quad bedroom with en-suite ...",https://www.skiline.co.uk/ski-holidays/france/la-plagne/chalet-bonlieu,Ski Line,site-ski-line,5,chalets/images/the-alpine-generation-chalet-apartment-bonlieu/,2026-10-06,20 Mar price from Ski Line (Independent Travel); hot tub per Ski Line facility flag; Ski Line prices GBP pp,chalet,,yes,yes,yes,yes,yes,yes,592,592,yes
the-alpine-generation-chalet-apartment-cretier,Chalet-Apartment Cretier,The Alpine Generation,La Plagne,Paradiski,France,,8,4,,chalet,catered,"'Go Off Piste' Menu Switch Options Back again for the 2024/2025 season, this operator is offering guests the option to go off-piste and ‘swap out’ certain elements of the catering, ...",private (location not stated),yes,,200,unknown,Sunday,546,per-person,GBP,exact-week,362,656,,"accommodation + board, no travel (Ski Line)",yes,,,"Chalet Cretier is a 4 bedroom chalet-apartment in the Marmottes residence, centrally located in the heart of Plagne 1800. Classic property available on a Catered (Half Board) basis. This chalet-apartment is laid out over a single storey, and offers 4 ...",https://www.skiline.co.uk/ski-holidays/france/la-plagne/chalet-cretier,Ski Line,site-ski-line,5,chalets/images/the-alpine-generation-chalet-apartment-cretier/,2026-10-06,20 Mar price from Ski Line (Independent Travel); hot tub per Ski Line facility flag; Ski Line prices GBP pp,chalet,,yes,yes,yes,yes,yes,yes,546,546,yes
the-alpine-generation-chalet-apartment-deneriaz,Chalet-Apartment Deneriaz,The Alpine Generation,La Plagne,Paradiski,France,,8,4,,chalet,catered,"'Go Off Piste' Menu Switch Options Back again for the 2024/2025 season, this operator is offering guests the option to go off-piste and ‘swap out’ certain elements of the catering, ...",private (location not stated),yes,,,unknown,Sunday,564,per-person,GBP,exact-week,381,1005,,"accommodation + board, no travel (Ski Line)",yes,,,"Chalet Deneriaz is a 4 bedroom chalet-apartment in the Marmottes residence, located in the heart of the Paradiski area. This single level chalet-apartment is a traditional Alpine property offering 4 en-suite bedrooms (3 twin bedrooms, and one triple), all with ...",https://www.skiline.co.uk/ski-holidays/france/la-plagne/chalet-deneriaz,Ski Line,site-ski-line,5,chalets/images/the-alpine-generation-chalet-apartment-deneriaz/,2026-10-06,20 Mar price from Ski Line (Independent Travel); hot tub per Ski Line facility flag; Ski Line prices GBP pp,chalet,,yes,yes,yes,yes,yes,yes,564,564,yes
the-alpine-generation-chalet-apartment-montillet,Chalet-Apartment Montillet,The Alpine Generation,La Plagne,Paradiski,France,,8,4,,chalet,catered,"'Go Off Piste' Menu Switch Options Back again for the 2024/2025 season, this operator is offering guests the option to go off-piste and ‘swap out’ certain elements of the catering, ...",private (location not stated),yes,,200,unknown,Sunday,564,per-person,GBP,exact-week,381,683,,"accommodation + board, no travel (Ski Line)",yes,,,"Chalet Montillet is a spacious 4 bedroom chalet-apartment in the Marmottes residence, centrally located in the heart of Plagne 1800. Classic property on a Catered (Half-board) basis. Chalet-apartment Montillet is a perfect base for your ski holiday to explore the ...",https://www.skiline.co.uk/ski-holidays/france/la-plagne/chalet-montillet,Ski Line,site-ski-line,5,chalets/images/the-alpine-generation-chalet-apartment-montillet/,2026-10-06,20 Mar price from Ski Line (Independent Travel); hot tub per Ski Line facility flag; Ski Line prices GBP pp,chalet,,yes,yes,yes,yes,yes,yes,564,564,yes
the-alpine-generation-chalet-apartment-piccard,Chalet-Apartment Piccard,The Alpine Generation,La Plagne,Paradiski,France,,10,5,,chalet,catered,"'Go Off Piste' Menu Switch Options Back again for the 2024/2025 season, this operator is offering guests the option to go off-piste and ‘swap out’ certain elements of the catering, ...",private-outdoor,yes,,,unknown,Sunday,564,per-person,GBP,exact-week,546,1005,,"accommodation + board, no travel (Ski Line)",yes,,,"Chalet Piccard is a 5 bedroom chalet-apartment in the Marmottes residence, centrally located in the heart of Plagne 1800. Classic property on a Catered (Half Board) basis. This duplex chalet-apartment has 5 twin bedrooms, with the largest bedroom offering an ...",https://www.skiline.co.uk/ski-holidays/france/la-plagne/chalet-piccard,Ski Line,site-ski-line,5,chalets/images/the-alpine-generation-chalet-apartment-piccard/,2026-10-06,20 Mar price from Ski Line (Independent Travel); hot tub per Ski Line facility flag; Ski Line prices GBP pp,chalet,,yes,yes,yes,yes,yes,yes,564,564,yes
inghams-hotel-aiguille-rouge,Hotel Aiguille Rouge,Inghams,Les Arcs,Paradiski,France,,436,,,hotel,half-board,,none,no,,,yes,Saturday,937,per-person,GBP,exact-week,796,1699,,"flights, transfers + board (Ski Line package)",yes,,,"With the convenience of ski-in, ski-out, the Aiguille Rouge has a central location in Arc 2000. The hotel is at the foot of the slope and has a panoramic restaurant and bar overlooking the pistes and a sun deck which ...",https://www.skiline.co.uk/ski-holidays/france/les-arcs/hotel-aiguille-rouge,Ski Line,site-ski-line,5,chalets/images/inghams-hotel-aiguille-rouge/,2026-10-06,"20 Mar price from Ski Line (Bristol International, Twin or Double,PB, WC, BA); Ski Line prices GBP pp",hotel,bedrooms,no,no,no,yes,yes,yes,937,687,yes
crystal-hotel-altitude,Hotel Altitude,Crystal,Les Arcs,Paradiski,France,,395,,,hotel,half-board,,yes-type-unknown,yes,"pool, steam room, fireplace",,unknown,flexible,929,per-person,GBP,exact-week,874,1636,,"flights, transfers + board (Ski Line package)",yes,,,"The Hotel Altitude’s a quality pick in Arc 2000. You’re just a 6-minute walk from the closest lifts, and it’s 3 minutes to the resort centre, so everything you need is on hand. When you’re not out and about, step ...",https://www.skiline.co.uk/ski-holidays/france/les-arcs/hotel-altitude,Ski Line,site-ski-line,5,chalets/images/crystal-hotel-altitude/,2026-10-06,"20 Mar price from Ski Line (London Gatwick, Twin Room - (price pp based on 2 sharing)); hot tub per Ski Line facility flag; Ski Line prices GBP pp; Ski Line hot-tub flag on a residence/hotel: probably shared spa (pass2: hot tub type)",hotel,bedrooms,yes,,yes,yes,yes,yes,929,679,yes
travel-ski-hotel-club-mmv-arc-2000-altitude-4,Hotel Club MMV Arc 2000 Altitude 4*,Travel Ski,Les Arcs,Paradiski,France,,250,,,,,,none,yes,pool,200,unknown,,,,,quote-needed,,,,,unknown,,,"Located 200 metres from the ski slopes, with its generous living spaces, its terrace/solarium and its large restaurant with a view of Mont Blanc, this hotel club will delight the whole family. Quality services, an indoor heated swimming pool and ...",https://www.skiline.co.uk/ski-holidays/france/les-arcs/hotel-club-mmv-arc-2000-altitude-4,Ski Line,site-ski-line,5,chalets/images/travel-ski-hotel-club-mmv-arc-2000-altitude-4/,2026-10-06,Ski Line board 'Hotel Full Board'; no 20/21 Mar 2027 departure in Ski Line price list,hotel,bedrooms; board; price_week_20_27_mar_2027; price_range_low; price_currency; available_20_27_mar,no,no,yes,,yes,no,,,
travel-ski-hotel-club-mmv-les-melezes-4,Hotel Club MMV Les Melezes 4*,Travel Ski,Les Arcs,Paradiski,France,,284,,,,,,private-outdoor,yes,,100,unknown,,,,,quote-needed,,,,,unknown,,,"Le Village Club MMV Les Melezes 4* is located in the heart of the Arc 2000 resort, facing the ice rink and next to the Tourist Office. Ski access to the slopes is just 70 metres away, depending on snow ...",https://www.skiline.co.uk/ski-holidays/france/les-arcs/hotel-club-mmv-les-melezes-4,Ski Line,site-ski-line,5,chalets/images/travel-ski-hotel-club-mmv-les-melezes-4/,2026-10-06,Ski Line board 'Hotel Full Board'; no 20/21 Mar 2027 departure in Ski Line price list; hot tub per Ski Line facility flag,hotel,bedrooms; board; price_week_20_27_mar_2027; price_range_low; price_currency; available_20_27_mar,yes,yes,yes,,yes,no,,,
travel-ski-hotel-la-cachette-4,Hotel La Cachette 4*,Travel Ski,Les Arcs,Paradiski,France,,100,,,hotel,half-board,,yes-type-unknown,yes,,,partial,,,,,quote-needed,,,,,unknown,,,"The 4* Hotel La Cachette is ideally located at the arrival of the funicular with direct access to the ski slopes. The hotel offers 88 rooms all equipped with private bathroom, TV, free WIFI, electric kettle with coffee and tea, ...",https://www.skiline.co.uk/ski-holidays/france/les-arcs/hotel-la-cachette-4,Ski Line,site-ski-line,5,chalets/images/travel-ski-hotel-la-cachette-4/,2026-10-06,no 20/21 Mar 2027 departure in Ski Line price list; hot tub per Ski Line facility flag; Ski Line hot-tub flag on a residence/hotel: probably shared spa (pass2: hot tub type),hotel,bedrooms; price_week_20_27_mar_2027; price_range_low; price_currency; available_20_27_mar,yes,,yes,yes,yes,no,,,
travel-ski-hotel-taj-i-mah,Hotel Taj-I Mah,Travel Ski,Les Arcs,Paradiski,France,,100,,,hotel,half-board,,yes-type-unknown,yes,"pool, steam room, fireplace",,partial,,,,,quote-needed,,,,,unknown,,,"What's Included Eurostar seat ✔ Transfers ✔ Accommodation ✔ Ski pass ✔ The Taj-I-Mah 5* hotel is the first 5-star hotel not only in Les Arcs but also in the entire Paradiski ski area, which includes Les Arcs, Peisey-Vallandry and ...",https://www.skiline.co.uk/ski-holidays/france/les-arcs/hotel-taj-i-mah-5,Ski Line,site-ski-line,5,chalets/images/travel-ski-hotel-taj-i-mah/,2026-10-06,no 20/21 Mar 2027 departure in Ski Line price list; Ski Line resort 'Les Arcs' but text/url says Peisey-Nancroix - check village; Ski Line hot-tub flag on a residence/hotel: probably shared spa (pass2: hot tub type),hotel,bedrooms; price_week_20_27_mar_2027; price_range_low; price_currency; available_20_27_mar,yes,,yes,yes,yes,no,,,
alpine365-chalet-chamois,Chalet Chamois,Alpine365 (formerly),Les Coches,Paradiski,France,,9,4,4,chalet,catered,,private (location not stated),no,log fire,,yes,,,,,quote-needed,,,,,,,,"SKI SEASONS - ALPINE365 NO LONGER RUNS CHALET CHAMOIS AS A CATERED CHALET. PLEASE GET IN TOUCH WITH US ABOUT OTHER CHALETS THAT MIGHT BE SUITABLE, IN THE SAME AREA YOU CAN FINd THE FOLLOWINFG CHALETS WE OFFER: Chalet Pisteside ...",https://www.allchalets.com/holiday-rentals/9609-chalet-in-les-coches-france,allChalets,enrich; enrich-fix-allchalets-les-coches; pilot-les-coches; rescrape-allchalets,5,chalets/images/alpine365-chalet-chamois/,2026-10-06,allChalets: https://www.allchalets.com/holiday-rentals/9609-chalet-in-les-coches-france; available 20 Mar: no,chalet,price_week_20_27_mar_2027; price_range_low; price_currency; available_20_27_mar,yes,yes,no,yes,yes,no,,,
sno-chalet-bonlieu,Chalet Bonlieu,unknown (sold via Sno),Plagne 1800,Paradiski,France,,8,4,,apartment,catered,"breakfast (5 continental+hot, 2 self-service), afternoon tea, 3-course dinner 6 evenings, house wine, chalet host",shared,yes,"Sleeps 8+2, 4 bedrooms, Central location, Nearest lift 300m, Boot room, Hot tub access, Sauna access, 300m to piste",300,no,Sunday,563,per-person,GBP,exact-week,379,676,,"package via Sno: Accommodation, Half Board, Without Flights",yes,,,"Chalet-Apartment Bonlieu is a 4 bedroom chalet-apartment in the Marmottes residence. The apartment has 3 twin bedrooms with en-suite bathrooms, and 1 quad bedroom with en-suite bath and separate WC. The chalet has a spacious open-plan living and dining area",https://www.sno.co.uk/ski-holidays/chalet-bonlieu_18706/,Sno,site-sno,5,chalets/images/sno-chalet-bonlieu/,2026-10-05,"Sno 20 Mar 2027: £563pp with 8 sharing from AO; price range = Sno dates priced for 8 sharing from AO; operator not named on Sno (image code wlc); chalet-apartment in Marmottes residence, Plagne 1800 centre (300m to slopes); operator says Sleeps 8+2 (Sno lists 8-10); residence shared jacuzzi + sauna; Sno labels board Half Board but it is standard chalet catering; accommodation+catering only, no flights/transfers; priced 8 sharing; Sunday changeover",apartment,,yes,no,yes,yes,yes,yes,563,563,yes
sno-chalet-cretier,Chalet Cretier,unknown (sold via Sno),Plagne 1800,Paradiski,France,,8,4,,apartment,catered,"breakfast (5 continental+hot, 2 self-service), afternoon tea, 3-course dinner 6 evenings, house wine, chalet host",shared,yes,"Sleeps 8, 4 bedrooms, Central location, Nearest lift 300m, Boot room, Hot tub access, Sauna access, 300m to piste",300,no,Sunday,519,per-person,GBP,exact-week,345,624,,"package via Sno: Accommodation, Half Board, Without Flights",yes,,,"Chalet Cretier is a 4 bedroom chalet-apartment in the Marmottes residence, centrally located in the heart of Plagne 1800. This chalet-apartment is laid out over a single storey, and offers 4 twin en-suite bedrooms, sleeping up to 8 people. There",https://www.sno.co.uk/ski-holidays/chalet-cretier_18709/,Sno,site-sno,5,chalets/images/sno-chalet-cretier/,2026-10-05,"Sno 20 Mar 2027: £519pp with 8 sharing from AO; price range = Sno dates priced for 8 sharing from AO; operator not named on Sno (image code wlc); chalet-apartment in Marmottes residence, Plagne 1800 (4 twin en suites); residence shared jacuzzi + sauna; Sno labels Half Board but it is standard chalet catering; no flights/transfers; priced 8 sharing; Sunday changeover",apartment,,yes,no,yes,yes,yes,yes,519,519,yes
sno-chalet-deneriaz,Chalet Deneriaz,unknown (sold via Sno),Plagne 1800,Paradiski,France,,8,4,,apartment,catered,"breakfast (5 continental+hot, 2 self-service), afternoon tea, 3-course dinner 6 evenings, house wine, chalet host",shared,yes,"Sleeps 8+1, 4 bedrooms, Central location, Nearest lift 300m, Boot room, Hot tub access, Sauna access, 300m to piste",300,no,Sunday,536,per-person,GBP,exact-week,362,955,,"package via Sno: Accommodation, Half Board, Without Flights",yes,,,"Chalet Deneriaz is a 4 bedroom chalet-apartment in the Marmottes residence, located in the heart of the Paradiski area. This single level chalet-apartment is a traditional Alpine property offering 4 en-suite bedrooms (3 twin bedrooms, and one triple), all with",https://www.sno.co.uk/ski-holidays/chalet-deneriaz_18708/,Sno,site-sno,5,chalets/images/sno-chalet-deneriaz/,2026-10-06,"Sno 20 Mar 2027: £536pp with 8 sharing from AO; price range = Sno dates priced for 8 sharing from AO; operator not named on Sno (image code wlc); chalet-apartment in Marmottes residence, Plagne 1800; operator says Sleeps 8+1 (Sno 8-9); residence shared jacuzzi + sauna; Sno labels Half Board but it is standard chalet catering; no flights/transfers; priced 8 sharing; Sunday changeover",apartment,,yes,no,yes,yes,yes,yes,536,536,yes
sno-chalet-montillet,Chalet Montillet,unknown (sold via Sno),Plagne 1800,Paradiski,France,,8,4,,apartment,catered,"breakfast (5 continental+hot, 2 self-service), afternoon tea, 3-course dinner 6 evenings, house wine, chalet host",shared,yes,"Sleeps 8+1, 4 bedrooms, Central location, Nearest lift 300m, Boot room, Hot tub access, Sauna access, 300m to piste",300,no,Sunday,536,per-person,GBP,exact-week,362,650,,"package via Sno: Accommodation, Half Board, Without Flights",yes,,,"Chalet Montillet is a spacious 4 bedroom chalet-apartment in the Marmottes residence, centrally located in the heart of Plagne 1800. Chalet-apartment Montillet is a perfect base for your ski holiday to explore the huge Paradiski Ski Area! The property offers",https://www.sno.co.uk/ski-holidays/chalet-montillet_18707/,Sno,site-sno,5,chalets/images/sno-chalet-montillet/,2026-10-06,"Sno 20 Mar 2027: £536pp with 8 sharing from AO; price range = Sno dates priced for 8 sharing from AO; operator not named on Sno (image code wlc); chalet-apartment in Marmottes residence, Plagne 1800; operator says Sleeps 8+1 (Sno 8-9); residence shared jacuzzi + sauna; Sno labels Half Board but it is standard chalet catering; no flights/transfers; priced 8 sharing; Sunday changeover",apartment,,yes,no,yes,yes,yes,yes,536,536,yes
sno-chalet-piccard,Chalet Piccard,unknown (sold via Sno),Plagne 1800,Paradiski,France,,10,5,,apartment,catered,"breakfast (5 continental+hot, 2 self-service), afternoon tea, 3-course dinner 6 evenings, house wine, chalet host",shared,yes,"Sleeps 10+2, 5 bedrooms, Central location, Nearest lift 300m, Boot room, Hot tub access, Sauna access, 300m to piste",300,no,Sunday,536,per-person,GBP,exact-week,362,955,,"package via Sno: Accommodation, Half Board, Without Flights",yes,,,"Chalet Piccard is a 5 bedroom chalet-apartment in the Marmottes residence, centrally located in the heart of Plagne 1800. This duplex chalet-apartment has 5 twin bedrooms, with the largest bedroom offering an additional bunk bed taking the maximum occupancy up",https://www.sno.co.uk/ski-holidays/chalet-piccard_18705/,Sno,site-sno,5,chalets/images/sno-chalet-piccard/,2026-10-06,"Sno 20 Mar 2027: £536pp with 10 sharing from AO; price range = Sno dates priced for 10 sharing from AO; operator not named on Sno (image code wlc); duplex chalet-apartment in Marmottes residence, Plagne 1800; operator says Sleeps 10+2 (extra bunk in largest room; Sno 10-12); residence shared jacuzzi + sauna; Sno labels Half Board but it is standard chalet catering; no flights/transfers; priced 10 sharing; Sunday changeover",apartment,,yes,no,yes,yes,yes,yes,536,536,yes
sno-chalet-pom-de-pin,Chalet Pom de Pin,unknown (sold via Sno),Châtel,Portes du Soleil,France,,8,,,chalet,catered,"In a catered Chalet you are taken care of by professional chalet staff. They make sure you can enjoy an extensive breakfast buffet and a delicious three-course dinner.; The chalet staff is carefully selected. They are evaluated on their cooking qualities, hospitality and professionalism.",none,no,"Up to 8 people, Cozy living / dining room, Ample parking, Balcony around the house",,unknown,Saturday,652,per-person,GBP,exact-week,456,912,,"package via Sno: Accommodation, Catered, Without Flights",yes,,,"Explore Chalet Pom de Pin, a charming and cozy catered chalet located in the picturesque and family-friendly village of Châtel. This accommodation is ideal for smaller groups and is located just a stone's throw away from shops, restaurants, and the",https://www.sno.co.uk/ski-holidays/chalet-pom-de-pin_18909/,Sno,site-sno,5,chalets/images/sno-chalet-pom-de-pin/,2026-10-06,Sno 20 Mar 2027: £652pp with 8 sharing from no flights (accommodation only); price range = Sno dates priced for 8 sharing from no flights (accommodation only); operator not named on Sno (image code wlc),chalet,bedrooms,no,no,no,yes,yes,yes,652,652,yes
leman-foyer-4-saisons-foyer-4-saisons-services-services-pratiques-salle-hors,Foyer 4 Saisons Foyer 4 Saisons Services Services pratiques Salle hors-sac Foyer 4 Saisons de La Pan,,La Chapelle d'Abondance,Portes du Soleil,France,,,,,hotel,,,none,no,,,,,,,,quote-needed,,,,,,,,,https://www.leman-mountains-explore.com/offres/foyer-4-saisons-la-chapelle-dabondance-fr-4718556/,Leman Mountains Explore (OT),enrich-images; village-france-la-chapelle-d-abondance,5,chalets/images/leman-foyer-4-saisons-foyer-4-saisons-services-services-pratiques-salle-hors/,2026-10-06,photos backfilled from listing page,hotel,sleeps_max; bedrooms; board; price_week_20_27_mar_2027; price_range_low; price_currency; available_20_27_mar,no,no,no,,,no,,,
leman-hotel-esprit-montagne,Hôtel Esprit Montagne,,La Chapelle d'Abondance,Portes du Soleil,France,,40,,,hotel,,,none,yes,,,,,,,,quote-needed,,,,,,,,,https://www.leman-mountains-explore.com/offres/hotel-esprit-montagne-la-chapelle-dabondance-fr-4716820/,Leman Mountains Explore (OT),enrich-images; village-france-la-chapelle-d-abondance,5,chalets/images/leman-hotel-esprit-montagne/,2026-10-06,photos backfilled from listing page,hotel,bedrooms; board; price_week_20_27_mar_2027; price_range_low; price_currency; available_20_27_mar,no,no,yes,,yes,no,,,
leman-hotel-les-cornettes,Hôtel Les Cornettes,,La Chapelle d'Abondance,Portes du Soleil,France,,199,,,hotel,,,shared,yes,,,,,,,,quote-needed,,,,,,,,"Depuis 5 générations, la famille Trincaz vous accueille au cœur de son établissement, dans une ambiance conviviale et chaleureuse. Elle vous propose différentes formules afin de convenir à vos attentes. L'hôtel Les Cornettes possè",https://www.leman-mountains-explore.com/offres/hotel-les-cornettes-la-chapelle-dabondance-fr-4720059/,Leman Mountains Explore (OT),enrich-images; village-france-la-chapelle-d-abondance,5,chalets/images/leman-hotel-les-cornettes/,2026-10-06,photos backfilled from listing page,hotel,bedrooms; board; price_week_20_27_mar_2027; price_range_low; price_currency; available_20_27_mar,yes,no,yes,,yes,no,,,
leman-hotel-les-gentianettes,Hôtel Les Gentianettes,,La Chapelle d'Abondance,Portes du Soleil,France,,76,,,hotel,,,shared,yes,,,,,,,,quote-needed,,,,,,,,,https://www.leman-mountains-explore.com/offres/hotel-les-gentianettes-la-chapelle-dabondance-fr-4718103/,Leman Mountains Explore (OT),enrich-images; village-france-la-chapelle-d-abondance,5,chalets/images/leman-hotel-les-gentianettes/,2026-10-06,photos backfilled from listing page,hotel,bedrooms; board; price_week_20_27_mar_2027; price_range_low; price_currency; available_20_27_mar,yes,no,yes,,yes,no,,,
leman-hotel-l-ensoleille,Hôtel l'Ensoleillé,,La Chapelle d'Abondance,Portes du Soleil,France,,113,,,hotel,,,shared,yes,,,,,,,,quote-needed,,,,,,,,,https://www.leman-mountains-explore.com/offres/hotel-lensoleille-la-chapelle-dabondance-fr-4719333/,Leman Mountains Explore (OT),enrich-images; village-france-la-chapelle-d-abondance,5,chalets/images/leman-hotel-l-ensoleille/,2026-10-06,photos backfilled from listing page,hotel,bedrooms; board; price_week_20_27_mar_2027; price_range_low; price_currency; available_20_27_mar,yes,no,yes,,yes,no,,,
leman-refuge-de-bise,Refuge de Bise,,La Chapelle d'Abondance,Portes du Soleil,France,,44,,,hotel,,,none,no,,,,,,,,quote-needed,,,,,,,,"Au pied des Cornettes de Bise, au coeur de l'alpage de Bise, réseau Natura 2000. Accès en voiture par Vacheresse ou en randonnée par le col de Bise (de Saint-Gingolph), par le Pas de la Bosse (de La Chapelle d'Abondance) ou le col",https://www.leman-mountains-explore.com/offres/refuge-de-bise-la-chapelle-dabondance-fr-5253926/,Leman Mountains Explore (OT),enrich-images; village-france-la-chapelle-d-abondance,5,chalets/images/leman-refuge-de-bise/,2026-10-06,photos backfilled from listing page,hotel,bedrooms; board; price_week_20_27_mar_2027; price_range_low; price_currency; available_20_27_mar,no,no,no,,yes,no,,,
leman-refuge-de-trebentaz,Refuge de Trébentaz,,La Chapelle d'Abondance,Portes du Soleil,France,,28,,,hotel,,,none,no,,,,,,,,quote-needed,,,,,,,,"Située à 1900 mètres d'altitude, au cœur de la réserve de chasse du Mont de Grange avec terrasse panoramique, ce refuge est une halte privilégiée, étape du GR5 par le col des Mattes. Restauration de montagne, refuge étape, au sein",https://www.leman-mountains-explore.com/offres/refuge-de-trebentaz-la-chapelle-dabondance-fr-5253920/,Leman Mountains Explore (OT),enrich-images; village-france-la-chapelle-d-abondance,5,chalets/images/leman-refuge-de-trebentaz/,2026-10-06,photos backfilled from listing page,hotel,bedrooms; board; price_week_20_27_mar_2027; price_range_low; price_currency; available_20_27_mar,no,no,no,,yes,no,,,
msem-terra-beka-lodge,Terra-Beka Lodge,TERRA-BEKA LODGE,La Chapelle d'Abondance,Portes du Soleil,France,,92,,,hotel,,,shared,yes,"steam room, spa",,,,642,per-person,EUR,exact-week,,,,accommodation only (tourist tax extra),yes,,,"Un lit douillet, un spa relaxant, un bar-restaurant cosy, un service de haute qualité, dans un décor naturel incomparable, tout est pensé pour que vous y viviez pleinement chaque instant ! Cet hôtel 4 étoiles propose 23 chambres, 3 suites ...",https://www.leman-mountains-explore.com/reserver/sejour-hebergements/?slug=terra-beka-lodge,Leman Mountains Explore (OT); Leman Mountains Explore OT (MSEM widget),village-france-la-chapelle-d-abondance,5,chalets/images/msem-terra-beka-lodge/,2026-10-06,MSEM lodging id 199468 (terra-beka-lodge); hotel: board not stated by the API; sector: Chapelle d'Abondance/Chapelle d'Abondance; offers API 20-27 Mar 2027 for 2 adults: EUR 1285 total (excl. tourist tax); billing/agency: TERRA-BEKA LODGE; address 513 route des Frasses 74360 La Chapelle d'Abondance; price is for 2 adults (one room) not per person or whole property - price_basis set per-person only approximately (EUR 1285 total/2 = 642 pp),hotel,bedrooms; board; price_range_low,yes,no,yes,,yes,yes,552,552,yes
sno-chalet-chelmer,Chalet Chelmer,unknown (sold via Sno),Morzine,Portes du Soleil,France,10,13,,,chalet,catered,In a catered Chalet you are taken care of by professional chalet staff. They make sure you can enjoy an extensive breakfast buffet and a delicious three-course dinner.; 7 x breakfast; 6 x 3-course dinner,private-outdoor,yes,"Up to 13 people, Free WiFi, Heated ski storage room, Spacious sun terrace with sauna and hot tub, Sitting room with a flat-screen TV, Wood-burning stove, Free parking facilities",,unknown,Saturday,738,per-person,GBP,exact-week,521,999,,"package via Sno: Accommodation, Catered, Without Flights",yes,,,"Welcome to catered chalet Chelmer, a welcoming private chalet where our enthusiastic team is ready to greet you warmly. Discover the unforgettable pleasure of staying in our catered chalet, located amidst the enchanting surroundings of Morzine. Enjoy the excellent amenities",https://www.sno.co.uk/ski-holidays/chalet-chelmer_19699/,Sno,site-sno,5,chalets/images/sno-chalet-chelmer/,2026-10-06,"Sno 20 Mar 2027: £738pp with 10 sharing from no flights (accommodation only); price range = Sno dates priced for 10 sharing from no flights (accommodation only); operator not named on Sno (image code wlc); hot tub: Enjoy the excellent amenities this chalet offers and indulge yourself on our unique terrace, complete with a hot tub and",chalet,bedrooms,yes,yes,yes,yes,yes,yes,738,738,yes
snowedinn-chalet-genepi-10,email : snowedinnchalets@gmail.com call : +44161-706-0688 < Back Chalet Genepi 10,Snowed Inn Chalets,Briançon,Serre Chevalier,France,,10,5,4,chalet,catered,catered chalet service 5 days of the 7-night stay (details on request),none,yes,"sauna, balneo bath, valley views",,,,,whole-chalet,GBP,season-from,6999,,,"7 nights + 5 days of Snowed Inn chalet service, sole occupancy",,,,"Sister to Chalet Genepi 12, Chalet Genepi 10 is built with the same style as it's sibling and both sit in their own private drive. Both chalets are South facing and offer stunning views of the city and the valley",https://www.snowedinnchalets.com/properties/chalet-genepi-10,Snowed Inn Chalets,enrich; village-france-briançon,5,chalets/images/snowedinn-chalet-genepi-10/,2026-10-06,"enrich: Snowed Inn page re-checked 6 Oct 2026: ""Pricing & Availability Please contact us directly for pricing & availability for this chalet. Email Us email : snowedinnchalets@gmail.com call : +441617060688 S"" - no week prices or availability calendar online; headline From £6,999.",chalet,price_week_20_27_mar_2027; available_20_27_mar,no,no,yes,yes,yes,no,700,700,yes
allchalets-chalet-14844,Chalet 14844,private owner on allChalets (enquiry contact: Laure Brisson),St-Gervais-les-Bains,Évasion Mont-Blanc,France,,10,4,3,chalet,catered,,none,yes,"log fire, games room",,,Saturday,,,,quote-needed,,,,"end-of-stay cleaning, firewood, heating, tourist taxes (per listing)",,,,"A new and contemporary chalet for 10 people with the view on the Mont-Blanc. 4 bedrooms, 3 bathrooms and a hot-stones' sauna for your friends' or fmily's holidays",https://www.allchalets.com/holiday-rentals/14844-chalet-in-st-gervais-france,allChalets,enrich; enrich-fix-allchalets-st-gervais; village-france-st-gervais-les-bains,5,chalets/images/allchalets-chalet-14844/,2026-10-06,allChalets: https://www.allchalets.com/holiday-rentals/14844-chalet-in-st-gervais-france,chalet,price_week_20_27_mar_2027; price_range_low; price_currency; available_20_27_mar,no,no,yes,yes,yes,no,,,
allchalets-chalet-la-vieille-ferme,Chalet La Vieille Ferme,private advertiser on allChalets (enquiry contact: Jeremy Ransom),St-Gervais-les-Bains,Évasion Mont-Blanc,France,,10,4,4,chalet,catered,,none,no,"log fire, table tennis",,,,,,,quote-needed,,,,,,,,"La Vieille Ferme is an authentic savoyard farmhouse, originally built in 1860, beautifully restored and modernised to add comfort to its' natural charm and warmth. Situated overlooking the spa village of St.Gervais, there is a stunning view of the Mont ...",https://www.allchalets.com/holiday-rentals/2213-chalet-in-st-gervais-france,allChalets,enrich; enrich-fix-allchalets-st-gervais; village-france-st-gervais-les-bains,5,chalets/images/allchalets-chalet-la-vieille-ferme/,2026-10-06,allChalets: https://www.allchalets.com/holiday-rentals/2213-chalet-in-st-gervais-france,chalet,price_week_20_27_mar_2027; price_range_low; price_currency; available_20_27_mar,no,no,no,yes,yes,no,,,
msemstg-planb-living-saint-gervais-205838,PlanB - Living Saint-Gervais,PlanB Living Saint Gervais,St-Gervais-les-Bains,Évasion Mont-Blanc,France,,89,,,hotel,,,none,no,,,,,,,EUR,,,,,,yes,,,"Profitez de notre restaurant, bar, mini-bowling, espace enfant et événements pour enrichir votre séjour. PlanB est votre QG pour se retrouver en famille ou entre amis, avec des espaces modulables et des aménagements pour toutes vos envies. Avec son emplacement ...",https://www.saintgervais.com/reserver-mon-sejour/hebergement/,Saint-Gervais tourist office booking (MSEM widget),enrich; enrich-fix-msem-st-gervais; village-france-st-gervais-les-bains,,,2026-10-06,Saint-Gervais tourist office booking (MSEM widget): https://www.saintgervais.com/reserver-mon-sejour/hebergement/?slug=plan-b-living-saint-gervais; 20 Mar EUR 773 whole-chalet; available 20 Mar: yes,hotel,bedrooms; board; price_week_20_27_mar_2027; price_range_low; image_count,no,no,no,,yes,no,,,
sporthotel-panorama-corvara,Sporthotel Panorama,Sporthotel Panorama,Corvara,Dolomiti Superski (Alta Badia / Sella Ronda),Italy,,,,,hotel,half-board,"buffet breakfast, 4-course dinner with choice, weekly gala dinner",shared,yes,"indoor pool, jacuzzi, steam, gym, massage",,yes,Saturday,,,,quote-needed,,,,,unknown,,,"4* superior hotel at 1660 m above Corvara opposite Arlara chairlift, ski in/out; 52 rooms (Panoramic rooms/suites sleep 4); spa with pool and jacuzzi.",https://www.alpineanswers.co.uk/ski-hotels/italy/corvara/sporthotel-panorama,Alpine Answers; Booking.com,enrich; village-italy-corvara,5,chalets/images/sporthotel-panorama-corvara/,2026-10-06,"enrich: Booking.com 'Sporthotel Panorama', Corvara (8.9/71 reviews; indoor pool, hot tub, several saunas, steam room; review: 5-course dinner ~EUR40 extra on B&B rate). 20-27 Mar 2027: 'no availability on our site' (rates probably not loaded). Capacity not published.",hotel,sleeps_max; bedrooms; price_week_20_27_mar_2027; price_range_low; price_currency; available_20_27_mar,yes,no,yes,yes,,no,,,
arabbait-active-hotel-malita,Active Hotel Malita (***),Active Hotel Malita (owner-run),Arabba,Dolomiti Superski (Sella Ronda / Arabba-Marmolada),Italy,,,,,hotel,half-board,"breakfast buffet, à la carte menu, à la carte restaurant, half board",shared,yes,"tanning booth, aromatic steam sauna, tepidarium",,,,,,EUR,,,,,,unknown,,,"The Hotel includes a Wellness-Area with Sauna, Turkish Bath, Vitarium, Kneipp and Regeneration Shower. On sunny days you can relax on our terrace and enjoy a pleasant view on the Dolomites. In the Bar/Restaurant You can try typical and tasty…",https://www.arabba.it/en/facilities-gastronomy/accommodation/active-hotel-malita/38-383.html,Active Hotel Malita (own site); Arabba Fodom Turismo (arabba.it),enrich; village-italy-arabba,1,chalets/images/arabbait-active-hotel-malita/,2026-10-06,"enrich: own site hotelmalita.it: ~18 room types (economy/standard/deluxe/comfort/superior doubles for 2-4, singles), 'a notte da EUR68 a persona (al massimo EUR288-314)' per person per night. Own booking engine (mtsonline) for 20-27 Mar 2027, 2 adults: 'Fully booked! ... no room for your selected travel period available right now' - may mean winter 2027 not yet on sale; left as unknown. Not in Booking.com Arabba results for 20-27 Mar (10 adults). Price calculator page needs JS input. Room count not published. Per-night rates kept out of price columns (they are not weekly): 7 nights from ~EUR476pp at the lowest season rate.",hotel,sleeps_max; bedrooms; price_week_20_27_mar_2027; price_range_low; available_20_27_mar,yes,no,yes,yes,,no,,,
arabbait-alpenrose-dipendenza,Alpenrose (Dipendenza) (**),Hotel Alpenrose (Delmonego family),Arabba,Dolomiti Superski (Sella Ronda / Arabba-Marmolada),Italy,,,,,hotel,,,none,yes,,,,,,,EUR,,,,,,,,arabbait-alpenrose-s,Request Booking info@alpenrosearabba.it (0039) 0436750076 Go to website Services Accommodation services disabled accessible restaurant car parking lot Position directly at the ski lift / cable car station Sport / Leisure fitness equipment Wellness sauna,https://www.arabba.it/en/facilities-gastronomy/accommodation/alpenrose-dipendenza/38-154.html,Arabba Fodom Turismo (arabba.it); Hotel Alpenrose (own site),enrich; enrich-images; village-italy-arabba,1,chalets/images/arabbait-alpenrose-dipendenza/,2026-10-06,photos backfilled from listing page,hotel,sleeps_max; bedrooms; board; price_week_20_27_mar_2027; price_range_low; available_20_27_mar,no,no,yes,,,no,,,
alpineanswers-hotel-evaldo,Hotel Evaldo,Hotel Evaldo (via Alpine Answers),Arabba,Dolomiti Superski (Sella Ronda / Arabba-Marmolada),Italy,,,,,hotel,half-board,"half board: breakfast, salad bar + choice of mains/desserts",shared,yes,"indoor pool, hot tub, sauna, steam room, bar, lounge, hotel minibus to lifts",,no,flexible,,per-person,GBP,quote-needed,,,,hotel half board; excludes travel,unknown,,,"Family-run 4-star, 40 rooms, 300 m from centre (bottom of village, ~10 min uphill walk to lifts, minibus); half board; spa with indoor pool, hot tub, sauna, steam.",https://www.alpineanswers.co.uk/ski-hotels/italy/arabba/hotel-evaldo,Alpine Answers; Arabba Fodom Turismo (arabba.it); Booking.com; Hotel Evaldo (own site),enrich; village-italy-arabba,5,chalets/images/alpineanswers-hotel-evaldo/,2026-10-06,"enrich: 4-star, Via Mesdì 3, Arabba (hotelevaldo.it) - rooms, suites and apartments, wellness & spa. Booking.com 20-27 Mar 2027: 'no availability on our site' (winter 2027 probably not loaded). Own 'Information & prices' page has winter-price accordion that renders empty in browser (content not in HTML). Room count/capacity not published.",hotel,sleeps_max; bedrooms; price_week_20_27_mar_2027; price_range_low; available_20_27_mar,yes,no,yes,yes,,no,,,
arabbait-olympia,Olympia (***),Olympia (owner-run),Arabba,Dolomiti Superski (Sella Ronda / Arabba-Marmolada),Italy,,,,,hotel,half-board,"breakfast buffet, à la carte menu, traditional cuisine, à la carte restaurant, international cooking, breakfast included, half board",shared,yes,wellness area,,,,,,EUR,,,,,,unknown,,,"The Base Camp for Dolomiti lovers The Dolomites Base Camp Hotel Olympia is located on the sunny side of Arabba, offering a splendid view of the Sella Massif, Sas Ćiapel, Portavescovo, Beć de Mezdí, and Còl de Lana. Thanks to…",https://www.arabba.it/en/facilities-gastronomy/accommodation/olympia/38-397.html,Arabba Fodom Turismo (arabba.it); Booking.com,enrich; village-italy-arabba,1,chalets/images/arabbait-olympia/,2026-10-06,"enrich: on Booking.com as 'Dolomites Base Camp Hotel Olympia' (rooms: double/twin with balcony, superior double, triple, double with mountain view; spa, sauna, steam room, open-air bath; restaurant dinner + buffet breakfast). Booking.com 20-27 Mar 2027: 'no availability on our site' (winter 2027 likely not loaded). Also manages 'Wellness Residence Panorama' apartments (check-in at Olympia): 2 x 2-bed apartments for 10 adults £4,458 self-catered 20-27 Mar 2027 on Booking.com. Room count not published.",hotel,sleeps_max; bedrooms; price_week_20_27_mar_2027; price_range_low; available_20_27_mar,yes,no,yes,yes,,no,,,
arabbait-pordoi,Pordoi (**),Pordoi (owner-run),Arabba,Dolomiti Superski (Sella Ronda / Arabba-Marmolada),Italy,,,,,hotel,half-board,"breakfast buffet, traditional cuisine, à la carte restaurant, with breakfast, half board",none,yes,restaurant-pizzeria; Dependance (3*) has wellness with sauna and Turkish bath; garage/parking,150,,,,,EUR,,,,,,,,,"The hotel is situated in the centre of Arabba, the hotel is charachterised by its typical alpine furniture and the familiar atmosphere.",https://www.hotelpordoi.it/en,Arabba Fodom Turismo (arabba.it); Hotel Pordoi (own site),enrich; village-italy-arabba,1,chalets/images/arabbait-pordoi/,2026-10-06,"enrich: own site hotelpordoi.it: Hotel (2*) with 12 standard rooms with balcony for 2-4 people + Dependance (3*, 10 m away) with superior rooms for 2-3 and wellness (sauna + Turkish bath - no hot tub mentioned); restaurant-pizzeria; 150 m to lifts; breakfast and dinner served (FAQ). 'PREZZI SOLO SU RICHIESTA' (prices on request only). Not on Booking.com.",hotel,sleeps_max; bedrooms; price_week_20_27_mar_2027; price_range_low; available_20_27_mar,no,no,yes,yes,,no,,,
arabbait-portavescovo,Portavescovo (***),Portavescovo (owner-run),Arabba,Dolomiti Superski (Sella Ronda / Arabba-Marmolada),Italy,,,,,hotel,half-board,"breakfast buffet, à la carte menu, traditional cuisine, half board",shared,yes,"indoor pool with hydromassage jets, hot tub, sauna, Turkish bath, gym, ping-pong, garage",,yes,flexible,697,per-person,GBP,exact-week,,,,"half board, Quadruple Room (bunk beds) for 4 = £2,789, 7 nights, taxes incl., partially refundable; 3 quads for 10 = £8,367 (£837pp)",yes,,,"The Hotel Portavescovo is placed in the center of Arabba close to the slopes and lifts of the Sellaronda. The welcoming and comfortable rooms have bathroom with shower or tub, satellite tv, wi-fi, telephone, safe and balcony. The ski equipment…",https://www.arabba.it/en/facilities-gastronomy/accommodation/portavescovo/38-445.html,Arabba Fodom Turismo (arabba.it); Booking.com,enrich; village-italy-arabba,5,chalets/images/arabbait-portavescovo/,2026-10-06,"enrich: Booking.com 'Hotel Portavescovo' (8.7/947 reviews, centre of Arabba, ~150 yd to lift, ski-to-door). 20-27 Mar 2027 (checked 6 Oct 2026): only Quadruple Rooms left ('We have 3 left'; 2 bunk beds + double, or 2 singles + 2 bunks), half board £2,789 per room for 4 (£697pp). 10 adults need 3 rooms = £8,367 (£837pp); 12 people = £697pp. Spa 14:30-20:00 with indoor pool (hydromassage), hot tub, sauna, Turkish bath. Bunk beds for adults is the catch. Booking says 8 three-star hotels in Arabba already unavailable.",hotel,sleeps_max; bedrooms; price_range_low,yes,no,yes,yes,,yes,697,697,yes
alpineanswers-sporthotel-arabba,Sporthotel Arabba,Sporthotel Arabba (via Alpine Answers),Arabba,Dolomiti Superski (Sella Ronda / Arabba-Marmolada),Italy,,,,,hotel,half-board,"breakfast buffet, a la carte dinner; 700-wine cellar",shared,yes,"spa (hot tub, Finnish sauna, treatments), bar, log fire, kids playroom",150,partial,Saturday,,per-person,GBP,quote-needed,,,,hotel half board; excludes travel,unknown,,,"52-room traditional hotel at the foot of the Pordoi pass, 150 m from lifts and ski school; half board, spa with hot tub and sauna.",https://www.alpineanswers.co.uk/ski-hotels/italy/arabba/sporthotel-arabba,Alpine Answers; Arabba Fodom Turismo (arabba.it); Booking.com; Sporthotel Arabba (own site),enrich; village-italy-arabba,5,chalets/images/alpineanswers-sporthotel-arabba/,2026-10-06,"enrich: 4-star, direct access to Sellaronda slopes (sporthotelarabba.com; same owners run AlpeLuce Mountain Chalet, opened Dec 2025). Booking.com 20-27 Mar 2027: 'no availability on our site'. Own prices page (prices-offers/prices/22-0.html) renders no price table in headless browser. Capacity not published.",hotel,sleeps_max; bedrooms; price_week_20_27_mar_2027; price_range_low; available_20_27_mar,yes,no,yes,yes,,no,,,
arabbait-la-viza,La Viza,Rifugio La Viza (contact Eric Bombasse),"Cherz (Livinallongo, on-mountain)",Dolomiti Superski (Sella Ronda / Arabba-Marmolada),Italy,,,,,room,,,,,,,yes,,,,EUR,,,,,,,,,"Rifugio La Viza, open in summer and winter, offers home cooking and overnight accommodation. In summer it can be reached by a pleasant walk from the village of Cherz, while in winter it can be reached on skis.",https://www.arabba.it/en/facilities-gastronomy/accommodation/la-viza/38-51.html,Arabba Fodom Turismo (arabba.it),enrich; village-italy-arabba,1,chalets/images/arabbait-la-viza/,2026-10-06,"enrich: arabba.it: Rifugio La Viza (mountain hut, Mónt de Chièrz) open summer and winter, home cooking + overnight rooms; in winter reachable on skis only. 'FROM 100,00 EUR price per person' (likely per night incl. meals - not stated). Contact bombasseieric@gmail.com / +39 328 062 0315. No own website content, not on Booking.com. Capacity/board/hot tub unknown - enquiry only.",room,sleeps_max; bedrooms; board; hot_tub; price_week_20_27_mar_2027; price_range_low; available_20_27_mar,,,,,,no,,,
arabbait-albergo-ristoro-lezuo,Albergo Ristoro Lezuo (**),Albergo Ristoro Lezuo (owner-run),La Pala (Livinallongo),Dolomiti Superski (Sella Ronda / Arabba-Marmolada),Italy,,,7,,hotel,half-board,"breakfast buffet, traditional cuisine, à la carte restaurant, vegetarian food, home-style cooking, half board",none,,,,,flexible,630,per-person,EUR,exact-week,595,665,,"half board EUR90 pp/day x7 (20-26 Mar 2027 band), room with bathroom; tourist tax EUR1.50 pp/day extra; min 7 days",unknown,,,"Our structure is situated just 7km from Arabba in direction Passo Pordoi (1km) on the famous ss 48 the famous Great Dolomites Road, our structure is allocated on the ski slopes of the famous Sella Ronda, next to the chair-lift…",https://www.ristorolezuo.it/en/,Albergo Ristoro Lezuo (own site); Arabba Fodom Turismo (arabba.it),enrich; village-italy-arabba,1,chalets/images/arabbait-albergo-ristoro-lezuo/,2026-10-06,"enrich: own site (family-run, Ladurner Manuela; at 2,139 m on SR48 between Arabba and Passo Pordoi, La Pala): 7 rooms; winter 2026/27 price list HB only, per person per day, min 7 days: EUR85 (9-15 Jan) to EUR95 (26 Dec-8 Jan); 20.03.27-26.03.27 EUR90 ** (footnote not explained) => EUR630pp/week HB (~GBP545). Single +EUR23. 30% deposit, free cancellation to 90 days. No wellness/hot tub mentioned. Not on Booking.com. Availability by enquiry. A near-fit on price (catered-ish HB, cheap) but no hot tub; 7 rooms may fit 8-10 if all free.",hotel,sleeps_max; available_20_27_mar,no,no,,yes,,yes,542,542,yes
arabbait-sports-nature-hotel-boe-s,Sports & Nature Hotel Boe' (***S),Sports & Nature Hotel Boe' S (owner-run),Passo Campolongo (Arabba),Dolomiti Superski (Sella Ronda / Arabba-Marmolada),Italy,,,,,hotel,half-board,"breakfast buffet, buffet, à la carte menu, packed lunch, traditional cuisine, à la carte restaurant, vegan cooking upon request, vegetarian food, gluten-free meals, international cooking, children's menu, fish and seafood, room only, half board",shared,yes,"indoor swimming pool, biosauna, wellness area, infrared cabin, relaxation room, steambath, aromatic steam sauna",,,,,,EUR,,,,,,unknown,,,"The Hotel Boè was founded in 1913 and is located on the Campolongo Pass, in a quiet and convenient position looking up to the Sella Group. From here you can easily and quickly reach all the major natural, sports and…",https://www.arabba.it/en/facilities-gastronomy/accommodation/sports-nature-hotel-boe-s/38-302.html,Arabba Fodom Turismo (arabba.it); Booking.com,enrich; village-italy-arabba,1,chalets/images/arabbait-sports-nature-hotel-boe-s/,2026-10-06,enrich: on Booking.com as 'Hotel Boè Sport and Nature' (Passo Campolongo). 20-27 Mar 2027: 'no availability on our site' (rates probably not loaded). Own site hotelboe.com not checked further within page budget. Capacity not published.,hotel,sleeps_max; bedrooms; price_week_20_27_mar_2027; price_range_low; available_20_27_mar,yes,no,yes,yes,,no,,,
arabbait-al-forte-s,Al Forte (***S),Al Forte S (owner-run),Pezzei (Livinallongo),Dolomiti Superski (Sella Ronda / Arabba-Marmolada),Italy,,,,,hotel,half-board,"breakfast buffet, buffet, à la carte menu, packed lunch, traditional cuisine, à la carte restaurant, vegetarian food, gluten-free meals, international cooking, children's menu, grilled food, half board",shared,yes,"wellness area, relaxation room, Kneipp's facility, steambath, tanning booth, aromatic steam sauna, tepidarium",,,flexible,748,per-person,GBP,exact-week,,,,"half board (buffet breakfast + dinner, 5-menu choice), double/twin with balcony for 2 = £1,496 (3 sharing £2,170 = £723pp), 7 nights, taxes incl.; hot tub at extra charge",yes,,,Reviews The Festungshotel Al Forte in Arabba is the ideal destination for a wellness holiday in the unspoilt alpine nature of the UNESCO The art of living is to be in the right place at the right time! Are you…,https://www.arabba.it/en/facilities-gastronomy/accommodation/al-forte-s/38-439.html,Arabba Fodom Turismo (arabba.it); Booking.com,enrich; village-italy-arabba,1,chalets/images/arabbait-al-forte-s/,2026-10-06,"enrich: Booking.com 'Hotel Al Forte' (Via Pezzei 66, ~3 km from Arabba, ski shuttle; part ex-WWI fortress; 180 m2 wellness with sauna, hot tub (extra charge), Turkish bath, tepidarium; 200-label cellar). 20-27 Mar 2027: only 'Double or Twin Room with Balcony' (20 m2, 2 bunk beds + sofa bed, max 3) with 'We have 2 left' -> max 6 people via Booking. HB £1,496 per room for 2 (£748pp), £2,170 for 3 (£723pp); B&B £1,383/2. Separate chalets 2 km away also offered by the hotel (not priced). A near-fit on price but not enough rooms for 8-10 on Booking.",hotel,sleeps_max; bedrooms; price_range_low,yes,no,yes,yes,,yes,748,748,yes
crystal-hotel-edelweiss,Hotel Edelweiss,Crystal Ski,Breuil-Cervinia,Matterhorn Ski Paradise,Italy,,,,,hotel,,,shared,yes,"Turkish bath, massage, restaurant with open fire, bar, free morning ski shuttle",300,no,,,,,,,,,,unknown,,,"Family-run 3-star superior hotel in central Breuil-Cervinia, Via Guido Rey 18; wellness area with sauna, Turkish bath and hot tub; lifts 300 m.",https://www.crystalski.co.uk/ski-resorts/italy-ski-holidays/cervinia/hotel-edelweiss/,Booking.com; Crystal Ski,enrich; village-italy-breuil-cervinia,4,chalets/images/crystal-hotel-edelweiss/,2026-10-06,"Enrich via booking.com/hotel/it/edelweiss.html (Crystal page blocked). Booking.com 20-27 Mar 2027: no availability on Booking.com (all room types incl. quad/family) - may just be not loaded/allocated, so availability left unknown. Rooms single to 4-bed family; no group capacity. Restaurant serves breakfast and dinner; Crystal board not confirmed.",hotel,sleeps_max; bedrooms; board; price_week_20_27_mar_2027; price_range_low; price_currency; available_20_27_mar,yes,no,yes,,,no,,,
crystal-hotel-europa,Hotel Europa,Crystal Ski,Breuil-Cervinia,Matterhorn Ski Paradise,Italy,,,,,hotel,,buffet breakfast; on-site restaurant serves à la carte dinner (Crystal board not visible),shared,yes,"indoor swimming pool, spa & wellness centre, sauna, hot tub, small fitness centre, bar, restaurant, private parking, ski-to-door",,,,,,,,,,,,unknown,,,,https://www.crystalski.co.uk/ski-resorts/italy-ski-holidays/cervinia/hotel-europa/,Booking.com; Crystal Ski,enrich; village-italy-breuil-cervinia,5,chalets/images/crystal-hotel-europa/,2026-10-06,"enrich: Booking.com hotel 'Hotel Europa', Via C. Pellissier 2 (8.6/497 reviews): rooms double/twin, superior, triple, economy quadruple, quadruple (with sofa bed), suite, junior suite; buffet breakfast; pool+sauna+hot tub shared. For 20-27 Mar 2027 (10 adults/5 rooms) every room type 'Not available on our site for your dates' - 95% of Cervinia was unavailable on Booking for those dates, likely 2027 rates not loaded yet, so not treated as sold out. Room count not published. Crystal page blocked (Akamai).",hotel,sleeps_max; bedrooms; board; price_week_20_27_mar_2027; price_range_low; price_currency; available_20_27_mar,yes,no,yes,,,no,,,
crystal-hotel-petit-palais,Hotel Petit Palais,Crystal Ski,Breuil-Cervinia,Matterhorn Ski Paradise,Italy,,,,,hotel,,breakfast included on Booking.com; hotel restaurant (Italian/international); Crystal board unknown,none,unknown,"restaurant, bar, fitness centre, sun terrace, outdoor fireplace, family rooms",,,,,,,,,,,,unknown,,,,https://www.crystalski.co.uk/ski-resorts/italy-ski-holidays/cervinia/hotel-petit-palais/,Booking.com; Crystal Ski,enrich; village-italy-breuil-cervinia,3,chalets/images/crystal-hotel-petit-palais/,2026-10-06,"enrich: Booking.com 'Hotel Petit Palais' (8.3/1,219 reviews; 4-min walk to Plateau Rosa cable car, 'right at the ski lift' per review): room types double/twin, superior double/twin, triple, quadruple, single, junior suite; restaurant; facilities list fitness centre, terrace, bar - no hot tub/pool/spa mentioned. 20-27 Mar 2027: 'no availability on our site' (2027 rates likely not loaded). Own website not found (petitpalais domains are a Milan hotel). Room count not published.",hotel,sleeps_max; bedrooms; board; price_week_20_27_mar_2027; price_range_low; price_currency; available_20_27_mar,no,no,,,,no,,,
alpineanswers-hotel-principe-delle-nevi,Hotel Principe delle Nevi,Alpine Answers,Breuil-Cervinia,Matterhorn Ski Paradise,Italy,,,26,,hotel,,breakfast; 2 restaurants (regional cuisine) - board offered not shown,shared,,"outdoor heated pool + indoor pool, spa & wellness centre, suites with private sauna, panoramic terrace, bar, shuttle",,yes,Saturday,,,,quote-needed,,,,,unknown,,,"Boutique 26-room hotel just above Cervinia with ski-in/ski-out location, heated indoor and outdoor pools, jacuzzi, spa, cinema and popular après bar; 15-min walk to town, shuttle.",https://www.alpineanswers.co.uk/ski-hotels/italy/cervinia/hotel-principe-delle-nevi,Alpine Answers; Booking.com,enrich; village-italy-breuil-cervinia,5,chalets/images/alpineanswers-hotel-principe-delle-nevi/,2026-10-06,"enrich: Booking.com 'Hotel Principe delle Nevi' (at the foot of the ski area; 2 pools, spa, 2 restaurants; Suite with Sauna room type). 20-27 Mar 2027: 'no availability on our site' (most of Cervinia shows none - 2027 rates likely not loaded). Capacity/room count not published.",hotel,sleeps_max; board; price_week_20_27_mar_2027; price_range_low; price_currency; available_20_27_mar,yes,no,,,,no,,,
hotel-de-torgon-hotel-de-torgon,Hôtel de Torgon,Hôtel de Torgon,Torgon,Portes du Soleil,Switzerland,,,,,hotel,,,unknown,unknown,,,no,,,,,quote-needed,,,,,unknown,,,"Village-centre chalet-style hotel-restaurant at 1080 m, 10 min by car to pistes.",https://www.hotel-de-torgon.ch/,torgon.ch,village-france-torgon,,,2026-10-06,pass2: rooms/prices,hotel,sleeps_max; bedrooms; board; hot_tub; price_week_20_27_mar_2027; price_range_low; price_currency; available_20_27_mar; image_count,,,,,,no,,,
torgon-alpine-experience-torgon-alpine-experience,Torgon Alpine Experience,Torgon Alpine Experience,Torgon,Portes du Soleil,Switzerland,,150,,,hotel,catered-or-self,restaurant regional cuisine or self-managed kitchen,,,,3000,no,,,,,quote-needed,,,,,,,,"Group accommodation up to 150 people in 3 buildings, 3 km from Torgon pistes; restaurant meals or self-catering.",https://www.torgonalpineexperience.ch/,torgon.ch (Hébergements de groupe),enrich-images; village-france-torgon,3,chalets/images/torgon-alpine-experience-torgon-alpine-experience/,2026-10-06,photos backfilled from listing page,hotel,bedrooms; hot_tub; price_week_20_27_mar_2027; price_range_low; price_currency; available_20_27_mar,,,,yes,yes,no,,,
