order,task_id,phase,type,target,url,detail,status,started,finished,collector_file,rows_written,new_chalets,issues,notes
1,enrich-ingenie-valdisere-5-rooms-4-bedrooms-pierra-menta-parking-rdc-n-25,1,enrich,5 rooms (4 bedrooms) - PIERRA MENTA - + PARKING RDC N° 25,https://booking.valdisere.com/5-rooms-4-bedrooms-pierra-menta-parking-rdc-n-25.html,ingenie-valdisere-5-rooms-4-bedrooms-pierra-menta-parking-rdc-n-25 | Val d'Isère | missing: price_week_20_27_mar_2027; price_range_low; price_currency; available_20_27_mar,pending,,,,,,,
2,enrich-seetignes-annina,1,enrich,Annina Chalet,https://www.seetignes.com/chalets/annina-chalet-le-lac-lavachet-717138,seetignes-annina | Tignes Le Lac | missing: hot_tub; price_week_20_27_mar_2027; price_range_low; price_currency; available_20_27_mar,done,2026-10-06 11:15,2026-10-06 11:16,chalets/raw/enrich-seetignes-annina.csv,1,0,1,"filled: operator probably Skiworld, catered; still unknown: price, availability, hot tub (check Skiworld)"
3,enrich-allchalets-apartment-26058,1,enrich,Apartment 26058,https://www.allchalets.com/holiday-rentals/26058-apartment-in-les-menuires-france,allchalets-apartment-26058 | Les Menuires | missing: price_week_20_27_mar_2027; price_range_low; price_currency; available_20_27_mar,done,2026-10-06 12:03,2026-10-06 12:03,chalets/raw/enrich-allchalets-apartment-26058.csv,1,0,1,"filled: contact [name removed]; still unknown: price, availability (owner gives no rates)"
4,enrich-allchalets-apartment-34683,1,enrich,Apartment 34683,https://www.allchalets.com/holiday-rentals/34683-apartment-in-les-menuires-france,allchalets-apartment-34683 | Les Menuires | missing: price_week_20_27_mar_2027; price_range_low; price_currency; available_20_27_mar,done,2026-10-06 12:03,2026-10-06 12:03,chalets/raw/enrich-allchalets-apartment-34683.csv,1,0,1,"filled: contact [name removed]; still unknown: price, availability (owner gives no rates)"
5,enrich-allchalets-apartment-34994,1,enrich,Apartment 34994,https://www.allchalets.com/holiday-rentals/34994-apartment-in-les-deux-alpes-france,allchalets-apartment-34994 | Les 2 Alpes | missing: price_week_20_27_mar_2027; price_range_low; price_currency; available_20_27_mar,pending,,,,,,,
6,enrich-allchalets-apartment-35461,1,enrich,Apartment 35461,https://www.allchalets.com/holiday-rentals/35461-apartment-in-alpe-d-huez-france,allchalets-apartment-35461 | Alpe d'Huez | missing: price_week_20_27_mar_2027; price_range_low; price_currency; available_20_27_mar,done,2026-10-06 11:02,2026-10-06 11:03,chalets/raw/enrich-allchalets-apartment-35461.csv,1,0,1,"filled: contact [name removed]; still unknown: price, availability (owner gives no rates)"
7,enrich-allchalets-apartment-36169,1,enrich,Apartment 36169,https://www.allchalets.com/holiday-rentals/36169-apartment-in-alpe-d-huez-france,allchalets-apartment-36169 | Alpe d'Huez | missing: price_week_20_27_mar_2027; price_range_low; price_currency; available_20_27_mar,done,2026-10-06 11:03,2026-10-06 11:03,chalets/raw/enrich-allchalets-apartment-36169.csv,1,0,1,"filled: contact [name removed]; still unknown: price, availability (owner gives no rates)"
8,enrich-allchalets-apartment-44627,1,enrich,Apartment 44627,https://www.allchalets.com/holiday-rentals/44627-apartment-in-val-d-isere-france,allchalets-apartment-44627 | Val d'Isère | missing: price_week_20_27_mar_2027; price_range_low; price_currency; available_20_27_mar,done,2026-10-06 12:03,2026-10-06 12:04,chalets/raw/enrich-allchalets-apartment-44627.csv,1,0,1,"filled: contact [name removed]; still unknown: price, availability (owner gives no rates)"
9,enrich-allchalets-apartment-47027,1,enrich,Apartment 47027,https://www.allchalets.com/holiday-rentals/47027-apartment-in-les-menuires-france,allchalets-apartment-47027 | Les Menuires | missing: price_week_20_27_mar_2027; price_range_low; price_currency; available_20_27_mar,done,2026-10-06 12:04,2026-10-06 12:04,chalets/raw/enrich-allchalets-apartment-47027.csv,1,0,1,"filled: contact [name removed]; still unknown: price, availability (owner gives no rates)"
10,enrich-allchalets-apartment-62087,1,enrich,Apartment 62087,https://www.allchalets.com/holiday-rentals/62087-apartment-in-val-d-isere-france,allchalets-apartment-62087 | Val d'Isère | missing: price_week_20_27_mar_2027; price_range_low; price_currency; available_20_27_mar,done,2026-10-06 12:04,2026-10-06 12:04,chalets/raw/enrich-allchalets-apartment-62087.csv,1,0,1,"filled: contact [name removed]; still unknown: price, availability (owner gives no rates)"
11,enrich-allchalets-apartment-62170,1,enrich,Apartment 62170,https://www.allchalets.com/holiday-rentals/62170-apartment-in-tignes-le-lac-france,allchalets-apartment-62170 | Tignes Le Lac | missing: price_week_20_27_mar_2027; price_range_low; price_currency; available_20_27_mar,done,2026-10-06 11:16,2026-10-06 11:16,chalets/raw/enrich-allchalets-apartment-62170.csv,1,0,1,"filled: contact [name removed]; still unknown: price, availability (owner gives no rates)"
12,enrich-allchalets-chalet-14844,1,enrich,Chalet 14844,https://www.allchalets.com/holiday-rentals/14844-chalet-in-st-gervais-france,allchalets-chalet-14844 | St-Gervais-les-Bains | missing: price_week_20_27_mar_2027; price_range_low; price_currency; available_20_27_mar,done,2026-10-06 10:56,2026-10-06 10:57,chalets/raw/enrich-allchalets-chalet-14844.csv,1,0,1,"filled: owner contact, Sat changeover, price inclusions; still unknown: price, availability (enquiry only)"
13,enrich-allchalets-24443,1,enrich,"Chalet 24443 (unnamed, allChalets)",https://www.allchalets.com/holiday-rentals/24443-chalet-in-les-menuires-france,allchalets-24443 | Les Menuires | missing: price_week_20_27_mar_2027; price_range_low; price_currency,done,2026-10-05 23:41,2026-10-05 23:44,chalets/raw/enrich-allchalets-24443.csv,1,0,1,"filled: operator ([name removed], private), hot_tub=private; still unknown: price, currency, name, sauna (enquiry only; no alt listing found) [no longer in plan]"
14,enrich-allchalets-chalet-25616,1,enrich,Chalet 25616,https://www.allchalets.com/holiday-rentals/25616-chalet-in-alpe-d-huez-france,allchalets-chalet-25616 | Alpe d'Huez | missing: price_week_20_27_mar_2027; price_range_low; price_currency; available_20_27_mar,done,2026-10-06 11:06,2026-10-06 11:06,chalets/raw/enrich-allchalets-chalet-25616.csv,1,0,1,"filled: contact [name removed]; still unknown: price, availability (owner gives no rates)"
15,enrich-allchalets-chalet-40615,1,enrich,Chalet 40615,https://www.allchalets.com/holiday-rentals/40615-chalet-in-courchevel-1650-france,allchalets-chalet-40615 | Courchevel 1650 (Moriond) | missing: price_week_20_27_mar_2027; price_range_low; price_currency; available_20_27_mar,pending,,,,,,,
16,enrich-allchalets-chalet-42005,1,enrich,Chalet 42005,https://www.allchalets.com/holiday-rentals/42005-chalet-in-val-d-isere-france,allchalets-chalet-42005 | Val d'Isère | missing: price_week_20_27_mar_2027; price_range_low; price_currency; available_20_27_mar,done,2026-10-06 12:04,2026-10-06 12:05,chalets/raw/enrich-allchalets-chalet-42005.csv,1,0,1,"filled: contact [name removed] allChalets; still unknown: price, availability (owner gives no rates)"
17,enrich-allchalets-chalet-47447,1,enrich,Chalet 47447,https://www.allchalets.com/holiday-rentals/47447-chalet-in-courchevel-1650-france,allchalets-chalet-47447 | Courchevel 1650 (Moriond) | missing: price_week_20_27_mar_2027; price_range_low; price_currency; available_20_27_mar,pending,,,,,,,
18,enrich-allchalets-chalet-adel,1,enrich,Chalet Adel,https://www.allchalets.com/holiday-rentals/26297-apartment-in-les-menuires-france,allchalets-chalet-adel | Les Menuires | missing: price_week_20_27_mar_2027; price_range_low; price_currency; available_20_27_mar,done,2026-10-06 12:05,2026-10-06 12:05,chalets/raw/enrich-allchalets-chalet-adel.csv,1,0,1,"filled: contact [name removed]; still unknown: price, availability (owner gives no rates)"
19,enrich-allchalets-chalet-alaska-iv,1,enrich,Chalet Alaska IV,https://www.allchalets.com/holiday-rentals/28023-apartment-in-val-d-isere-france,allchalets-chalet-alaska-iv | Val d'Isère | missing: price_week_20_27_mar_2027; price_range_low; price_currency; available_20_27_mar,done,2026-10-06 12:05,2026-10-06 12:05,chalets/raw/enrich-allchalets-chalet-alaska-iv.csv,1,0,1,"filled: contact [name removed]; still unknown: price, availability (owner gives no rates)"
20,enrich-allchalets-chalet-alexus,1,enrich,Chalet Alexus,https://www.allchalets.com/holiday-rentals/26348-chalet-in-les-menuires-france,allchalets-chalet-alexus | Les Menuires | missing: price_week_20_27_mar_2027; price_range_low; price_currency; available_20_27_mar,done,2026-10-06 12:05,2026-10-06 12:05,chalets/raw/enrich-allchalets-chalet-alexus.csv,1,0,1,"filled: contact [name removed]; still unknown: price, availability (owner gives no rates)"
21,enrich-alpine365-chalet-chamois,1,enrich,Chalet Chamois,https://www.allchalets.com/holiday-rentals/9609-chalet-in-les-coches-france,alpine365-chalet-chamois | Les Coches | missing: price_week_20_27_mar_2027; price_range_low; price_currency; available_20_27_mar,done,2026-10-05 22:52,2026-10-05 22:54,chalets/raw/enrich.csv,1,0,1,"filled: notes only (no current letting found; ruled out Chalet Chamois 3 Val Thorens, Pisteside, Peisey Chamois); still unknown: board, price, range, currency, availability [no longer in plan]"
22,enrich-allchalets-chalet-chloe,1,enrich,Chalet Chloe,https://www.allchalets.com/holiday-rentals/36122-apartment-in-alpe-d-huez-france,allchalets-chalet-chloe | Alpe d'Huez | missing: price_week_20_27_mar_2027; price_range_low; price_currency; available_20_27_mar,done,2026-10-06 10:58,2026-10-06 10:58,chalets/raw/enrich-allchalets-chalet-chloe.csv,1,0,1,"filled: contact [name removed]; still unknown: price, availability (owner gives no rates)"
23,enrich-allchalets-chalet-ciara,1,enrich,Chalet Ciara,https://www.allchalets.com/holiday-rentals/28872-apartment-in-alpe-d-huez-france,allchalets-chalet-ciara | Alpe d'Huez | missing: price_week_20_27_mar_2027; price_range_low; price_currency; available_20_27_mar,done,2026-10-06 11:07,2026-10-06 11:07,chalets/raw/enrich-allchalets-chalet-ciara.csv,1,0,1,"filled: contact [name removed]; still unknown: price, availability (owner gives no rates)"
24,enrich-allchalets-chalet-cleo,1,enrich,Chalet Cleo,https://www.allchalets.com/holiday-rentals/34375-chalet-in-alpe-d-huez-france,allchalets-chalet-cleo | Alpe d'Huez | missing: price_week_20_27_mar_2027; price_range_low; price_currency; available_20_27_mar,done,2026-10-06 11:07,2026-10-06 11:08,chalets/raw/enrich-allchalets-chalet-cleo.csv,1,0,1,"filled: contact [name removed]; still unknown: price, availability (owner gives no rates)"
25,enrich-allchalets-chalet-daria,1,enrich,Chalet Daria,https://www.allchalets.com/holiday-rentals/34353-apartment-in-alpe-d-huez-france,allchalets-chalet-daria | Alpe d'Huez | missing: price_week_20_27_mar_2027; price_range_low; price_currency; available_20_27_mar,done,2026-10-06 10:58,2026-10-06 10:59,chalets/raw/enrich-allchalets-chalet-daria.csv,1,0,1,"filled: contact [name removed]; still unknown: price, availability (owner gives no rates)"
26,enrich-allchalets-chalet-eagle,1,enrich,Chalet Eagle,https://www.allchalets.com/holiday-rentals/40318-apartment-in-tignes-les-brevieres-france,allchalets-chalet-eagle | Tignes Les Brevieres | missing: price_week_20_27_mar_2027; price_range_low; price_currency; available_20_27_mar,done,2026-10-05 22:28,2026-10-05 22:29,chalets/raw/enrich.csv,1,0,1,"filled: catering_detail (optional half board with chef), changeover Saturday, advertiser contact; still unknown: price, range, currency, availability [no longer in plan]"
27,enrich-allchalets-chalet-elise,1,enrich,Chalet Elise,https://www.allchalets.com/holiday-rentals/27225-chalet-in-les-menuires-france,allchalets-chalet-elise | Les Menuires | missing: price_week_20_27_mar_2027; price_range_low; price_currency; available_20_27_mar,done,2026-10-06 12:05,2026-10-06 12:06,chalets/raw/enrich-allchalets-chalet-elise.csv,1,0,1,"filled: contact [name removed]; still unknown: price, availability (owner gives no rates)"
28,enrich-allchalets-chalet-ellie,1,enrich,Chalet Ellie,https://www.allchalets.com/holiday-rentals/34272-apartment-in-les-menuires-france,allchalets-chalet-ellie | Les Menuires | missing: price_week_20_27_mar_2027; price_range_low; price_currency; available_20_27_mar,done,2026-10-06 12:06,2026-10-06 12:06,chalets/raw/enrich-allchalets-chalet-ellie.csv,1,0,1,"filled: contact [name removed]; still unknown: price, availability (owner gives no rates)"
29,enrich-allchalets-chalet-epicea,1,enrich,Chalet Epicéa,https://www.allchalets.com/holiday-rentals/39408-apartment-in-val-d-isere-france,allchalets-chalet-epicea | Val d'Isère | missing: price_week_20_27_mar_2027; price_range_low; price_currency; available_20_27_mar,done,2026-10-06 12:06,2026-10-06 12:06,chalets/raw/enrich-allchalets-chalet-epicea.csv,1,0,1,"filled: contact [name removed]; still unknown: price, availability (owner gives no rates)"
30,enrich-allchalets-chalet-felice,1,enrich,Chalet Felice,https://www.allchalets.com/holiday-rentals/62573-apartment-in-val-d-isere-france,allchalets-chalet-felice | Val d'Isère | missing: price_week_20_27_mar_2027; price_range_low; price_currency; available_20_27_mar,done,2026-10-06 12:06,2026-10-06 12:07,chalets/raw/enrich-allchalets-chalet-felice.csv,1,0,1,"filled: contact [name removed]; still unknown: price, availability (owner gives no rates)"
31,enrich-allchalets-chalet-foret-iv,1,enrich,Chalet Foret IV,https://www.allchalets.com/holiday-rentals/63129-apartment-in-val-d-isere-france,allchalets-chalet-foret-iv | Val d'Isère | missing: price_week_20_27_mar_2027; price_range_low; price_currency; available_20_27_mar,done,2026-10-06 12:07,2026-10-06 12:07,chalets/raw/enrich-allchalets-chalet-foret-iv.csv,1,0,1,"filled: contact [name removed]; still unknown: price, availability (owner gives no rates)"
32,enrich-allchalets-chalet-gentianes-iv,1,enrich,Chalet Gentianes IV,https://www.allchalets.com/holiday-rentals/24628-apartment-in-val-d-isere-france,allchalets-chalet-gentianes-iv | Val d'Isère | missing: price_week_20_27_mar_2027; price_range_low; price_currency; available_20_27_mar,done,2026-10-06 12:07,2026-10-06 12:07,chalets/raw/enrich-allchalets-chalet-gentianes-iv.csv,1,0,1,"filled: contact [name removed]; still unknown: price, availability (owner gives no rates)"
33,enrich-allchalets-chalet-grand,1,enrich,Chalet Grand,https://www.allchalets.com/holiday-rentals/33900-apartment-in-courchevel-1650-france,allchalets-chalet-grand | Courchevel 1650 (Moriond) | missing: price_week_20_27_mar_2027; price_range_low; price_currency; available_20_27_mar,pending,,,,,,,
34,enrich-allchalets-chalet-gravelles,1,enrich,Chalet Gravelles,https://www.allchalets.com/holiday-rentals/40225-apartment-in-courchevel-1650-france,allchalets-chalet-gravelles | Courchevel 1650 (Moriond) | missing: price_week_20_27_mar_2027; price_range_low; price_currency; available_20_27_mar,pending,,,,,,,
35,enrich-allchalets-chalet-ice,1,enrich,Chalet Ice,https://www.allchalets.com/holiday-rentals/35870-chalet-in-les-menuires-france,allchalets-chalet-ice | Les Menuires | missing: price_week_20_27_mar_2027; price_range_low; price_currency; available_20_27_mar,done,2026-10-06 12:07,2026-10-06 12:08,chalets/raw/enrich-allchalets-chalet-ice.csv,1,0,1,"filled: contact [name removed]; still unknown: price, availability (owner gives no rates)"
36,enrich-allchalets-chalet-jardin-aplin-36006,1,enrich,Chalet Jardin Aplin,https://www.allchalets.com/holiday-rentals/36006-chalet-in-les-coches-france,allchalets-chalet-jardin-aplin-36006 | Les Coches | missing: price_week_20_27_mar_2027; price_range_low; price_currency,done,2026-10-06 12:08,2026-10-06 12:08,chalets/raw/enrich-allchalets-chalet-jardin-aplin-36006.csv,1,0,1,"filled: contact [name removed]; still unknown: price, availability (owner gives no rates)"
37,enrich-scb-christiania-chalet-l-oule-des-praz,1,enrich,Chalet L'Oule des Praz,https://www.sja73.com/chalet-l-oule-des-praz-scb-christiania-1.html,scb-christiania-chalet-l-oule-des-praz | St-Jean-d'Arves | missing: price_week_20_27_mar_2027; price_range_low; price_currency; available_20_27_mar; image_count,pending,,,,,,,
38,enrich-allchalets-chalet-la-vieille-ferme,1,enrich,Chalet La Vieille Ferme,https://www.allchalets.com/holiday-rentals/2213-chalet-in-st-gervais-france,allchalets-chalet-la-vieille-ferme | St-Gervais-les-Bains | missing: price_week_20_27_mar_2027; price_range_low; price_currency; available_20_27_mar,done,2026-10-06 10:59,2026-10-06 10:59,chalets/raw/enrich-allchalets-chalet-la-vieille-ferme.csv,1,0,1,"filled: contact [name removed]; still unknown: price, availability (owner gives no rates)"
39,enrich-allchalets-chalet-les-cimes-iv,1,enrich,Chalet Les Cimes IV,https://www.allchalets.com/holiday-rentals/25617-apartment-in-les-menuires-france,allchalets-chalet-les-cimes-iv | Les Menuires | missing: price_week_20_27_mar_2027; price_range_low; price_currency; available_20_27_mar,done,2026-10-06 12:08,2026-10-06 12:08,chalets/raw/enrich-allchalets-chalet-les-cimes-iv.csv,1,0,1,"filled: contact [name removed]; still unknown: price, availability (owner gives no rates)"
40,enrich-allchalets-chalet-lille,1,enrich,Chalet Lille,https://www.allchalets.com/holiday-rentals/31145-apartment-in-les-menuires-france,allchalets-chalet-lille | Les Menuires | missing: price_week_20_27_mar_2027; price_range_low; price_currency; available_20_27_mar,done,2026-10-06 12:08,2026-10-06 12:08,chalets/raw/enrich-allchalets-chalet-lille.csv,1,0,1,"filled: contact [name removed]; still unknown: price, availability (owner gives no rates)"
41,enrich-allchalets-chalet-lou-25754,1,enrich,Chalet Lou,https://www.allchalets.com/holiday-rentals/25754-apartment-in-les-menuires-france,allchalets-chalet-lou-25754 | Les Menuires | missing: price_week_20_27_mar_2027; price_range_low; price_currency; available_20_27_mar,done,2026-10-06 12:09,2026-10-06 12:09,chalets/raw/enrich-allchalets-chalet-lou-25754.csv,1,0,1,"filled: contact [name removed]; still unknown: price, availability (owner gives no rates)"
42,enrich-allchalets-chalet-lou-iv,1,enrich,Chalet Lou IV,https://www.allchalets.com/holiday-rentals/39056-apartment-in-alpe-d-huez-france,allchalets-chalet-lou-iv | Alpe d'Huez | missing: price_week_20_27_mar_2027; price_range_low; price_currency; available_20_27_mar,done,2026-10-06 11:11,2026-10-06 11:11,chalets/raw/enrich-allchalets-chalet-lou-iv.csv,1,0,1,"filled: contact [name removed]; still unknown: price, availability (owner gives no rates)"
43,enrich-allchalets-chalet-louis,1,enrich,Chalet Louis,https://www.allchalets.com/holiday-rentals/62075-chalet-in-les-menuires-france,allchalets-chalet-louis | Les Menuires | missing: price_week_20_27_mar_2027; price_range_low; price_currency; available_20_27_mar,done,2026-10-06 12:09,2026-10-06 12:09,chalets/raw/enrich-allchalets-chalet-louis.csv,1,0,1,"filled: contact [name removed]; still unknown: price, availability (owner gives no rates)"
44,enrich-allchalets-chalet-louise,1,enrich,Chalet Louise,https://www.allchalets.com/holiday-rentals/25307-chalet-in-les-menuires-france,allchalets-chalet-louise | Les Menuires | missing: price_week_20_27_mar_2027; price_range_low; price_currency; available_20_27_mar,done,2026-10-06 12:09,2026-10-06 12:09,chalets/raw/enrich-allchalets-chalet-louise.csv,1,0,1,"filled: contact [name removed]; still unknown: price, availability (owner gives no rates)"
45,enrich-allchalets-chalet-marmottes-iii,1,enrich,Chalet Marmottes III,https://www.allchalets.com/holiday-rentals/27279-chalet-in-les-menuires-france,allchalets-chalet-marmottes-iii | Les Menuires | missing: price_week_20_27_mar_2027; price_range_low; price_currency; available_20_27_mar,done,2026-10-06 12:09,2026-10-06 12:10,chalets/raw/enrich-allchalets-chalet-marmottes-iii.csv,1,0,1,"filled: contact [name removed]; still unknown: price, availability (owner gives no rates)"
46,enrich-allchalets-chalet-monica,1,enrich,Chalet Monica,https://www.allchalets.com/holiday-rentals/24124-chalet-in-alpe-d-huez-france,allchalets-chalet-monica | Alpe d'Huez | missing: price_week_20_27_mar_2027; price_range_low; price_currency; available_20_27_mar,done,2026-10-06 11:11,2026-10-06 11:11,chalets/raw/enrich-allchalets-chalet-monica.csv,1,0,1,"filled: contact [name removed]; still unknown: price, availability (owner gives no rates)"
47,enrich-allchalets-chalet-naomi,1,enrich,Chalet Naomi,https://www.allchalets.com/holiday-rentals/25751-apartment-in-alpe-d-huez-france,allchalets-chalet-naomi | Alpe d'Huez | missing: price_week_20_27_mar_2027; price_range_low; price_currency; available_20_27_mar,done,2026-10-06 10:59,2026-10-06 10:59,chalets/raw/enrich-allchalets-chalet-naomi.csv,1,0,1,"filled: contact [name removed]; still unknown: price, availability (owner gives no rates)"
48,enrich-allchalets-chalet-ours,1,enrich,Chalet Ours,https://www.allchalets.com/holiday-rentals/63255-apartment-in-alpe-d-huez-france,allchalets-chalet-ours | Alpe d'Huez | missing: price_week_20_27_mar_2027; price_range_low; price_currency; available_20_27_mar,done,2026-10-06 11:11,2026-10-06 11:11,chalets/raw/enrich-allchalets-chalet-ours.csv,1,0,1,"filled: contact [name removed]; still unknown: price, availability (owner gives no rates)"
49,enrich-allchalets-chalet-par,1,enrich,Chalet Par,https://www.allchalets.com/holiday-rentals/40129-chalet-in-alpe-d-huez-france,allchalets-chalet-par | Alpe d'Huez | missing: price_week_20_27_mar_2027; price_range_low; price_currency; available_20_27_mar,done,2026-10-06 10:59,2026-10-06 11:00,chalets/raw/enrich-allchalets-chalet-par.csv,1,0,1,"filled: contact [name removed]; still unknown: price, availability (owner gives no rates)"
50,enrich-allchalets-chalet-pierre,1,enrich,Chalet Pierre (apartment),https://www.allchalets.com/holiday-rentals/28430-apartment-in-les-menuires-france,allchalets-chalet-pierre | Les Menuires | missing: price_week_20_27_mar_2027; price_range_low; price_currency; available_20_27_mar,done,2026-10-05 23:44,2026-10-05 23:46,chalets/raw/enrich-allchalets-chalet-pierre.csv,1,0,1,"filled: operator ([name removed], private); still unknown: price, currency, availability (enquiry only) [no longer in plan]"
51,enrich-allchalets-chalet-reberty-iv,1,enrich,Chalet Reberty IV,https://www.allchalets.com/holiday-rentals/41947-apartment-in-les-menuires-france,allchalets-chalet-reberty-iv | Les Menuires | missing: price_week_20_27_mar_2027; price_range_low; price_currency; available_20_27_mar,done,2026-10-06 12:10,2026-10-06 12:10,chalets/raw/enrich-allchalets-chalet-reberty-iv.csv,1,0,1,"filled: contact [name removed]; still unknown: price, availability (owner gives no rates)"
52,enrich-allchalets-chalet-soleil-iv,1,enrich,Chalet Soleil IV,https://www.allchalets.com/holiday-rentals/24209-apartment-in-les-deux-alpes-france,allchalets-chalet-soleil-iv | Les 2 Alpes | missing: price_week_20_27_mar_2027; price_range_low; price_currency; available_20_27_mar,pending,,,,,,,
53,enrich-allchalets-chalet-tignes-v,1,enrich,Chalet Tignes V,https://www.allchalets.com/holiday-rentals/41917-chalet-in-tignes-les-brevieres-france,allchalets-chalet-tignes-v | Tignes Les Brevieres | missing: price_week_20_27_mar_2027; price_range_low; price_currency; available_20_27_mar,done,2026-10-05 22:34,2026-10-05 22:35,chalets/raw/enrich.csv,1,0,1,"filled: advertiser contact, catering options, price_includes; still unknown: price, range, currency, availability [no longer in plan]"
54,enrich-allchalets-chalet-de-bleu,1,enrich,Chalet de Bleu,https://www.allchalets.com/holiday-rentals/34304-chalet-in-alpe-d-huez-france,allchalets-chalet-de-bleu | Huez (village) | missing: price_week_20_27_mar_2027; price_range_low; price_currency; available_20_27_mar,done,2026-10-06 11:00,2026-10-06 11:01,chalets/raw/enrich-allchalets-chalet-de-bleu.csv,1,0,1,"filled: contact [name removed]; still unknown: price, availability (owner gives no rates)"
55,enrich-allchalets-chalet-de-fonbelle,1,enrich,Chalet de Fonbelle,https://www.allchalets.com/holiday-rentals/34006-apartment-in-alpe-d-huez-france,allchalets-chalet-de-fonbelle | Alpe d'Huez | missing: price_week_20_27_mar_2027; price_range_low; price_currency; available_20_27_mar,done,2026-10-06 11:12,2026-10-06 11:12,chalets/raw/enrich-allchalets-chalet-de-fonbelle.csv,1,0,1,"filled: contact [name removed]; still unknown: price, availability (owner gives no rates)"
56,enrich-allchalets-chalet-de-vallon-iv,1,enrich,Chalet de Vallon IV,https://www.allchalets.com/holiday-rentals/34937-apartment-in-val-d-isere-france,allchalets-chalet-de-vallon-iv | Le Fornet | missing: price_week_20_27_mar_2027; price_range_low; price_currency; available_20_27_mar,done,2026-10-06 11:01,2026-10-06 11:01,chalets/raw/enrich-allchalets-chalet-de-vallon-iv.csv,1,0,1,"filled: contact [name removed]; still unknown: price, availability (owner gives no rates)"
57,enrich-allchalets-chalet-des-lanches,1,enrich,Chalet des Lanches,https://www.allchalets.com/holiday-rentals/24001-chalet-in-courchevel-1650-france,allchalets-chalet-des-lanches | Courchevel 1650 (Moriond) | missing: price_week_20_27_mar_2027; price_range_low; price_currency; available_20_27_mar,pending,,,,,,,
58,enrich-allchalets-chalet-des-neiges,1,enrich,Chalet des Neiges,https://www.allchalets.com/holiday-rentals/24509-apartment-in-alpe-d-huez-france,allchalets-chalet-des-neiges | Oz-en-Oisans | missing: price_week_20_27_mar_2027; price_range_low; price_currency; available_20_27_mar,done,2026-10-06 11:12,2026-10-06 11:12,chalets/raw/enrich-allchalets-chalet-des-neiges.csv,1,0,1,"filled: contact [name removed]; still unknown: price, availability (owner gives no rates)"
59,enrich-allchalets-chalet-des-neiges-v,1,enrich,Chalet des Neiges V,https://www.allchalets.com/holiday-rentals/23957-apartment-in-tignes-les-boisses-france,allchalets-chalet-des-neiges-v | Tignes 1800 | missing: price_week_20_27_mar_2027; price_range_low; price_currency; available_20_27_mar,done,2026-10-05 22:22,2026-10-05 22:25,chalets/raw/enrich.csv,1,0,1,"filled: operator contact ([name removed], allChalets advertiser); still unknown: price, range, currency, availability [no longer in plan]"
60,enrich-allchalets-chalet-du-gris,1,enrich,Chalet du Gris,https://www.allchalets.com/holiday-rentals/34305-apartment-in-alpe-d-huez-france,allchalets-chalet-du-gris | Huez (village) | missing: price_week_20_27_mar_2027; price_range_low; price_currency; available_20_27_mar,done,2026-10-06 11:01,2026-10-06 11:01,chalets/raw/enrich-allchalets-chalet-du-gris.csv,1,0,1,"filled: contact [name removed]; still unknown: price, availability (owner gives no rates)"
61,enrich-allchalets-chalet-hotel-le-dome,1,enrich,Chalet hotel Le Dome,https://www.allchalets.com/holiday-rentals/23634-hotel-in-tignes-les-boisses-france,allchalets-chalet-hotel-le-dome | Tignes Les Boisses | missing: price_week_20_27_mar_2027; price_range_low; price_currency; available_20_27_mar,done,2026-10-06 10:22,2026-10-06 10:25,chalets/raw/enrich-allchalets-chalet-hotel-le-dome.csv,1,0,1,"filled: operator/own site, room list; still unknown: price, availability (SiteMinder engine 404/queue full) [no longer in plan]"
62,enrich-seetignes-escamillo,1,enrich,Escamillo Chalet,https://www.seetignes.com/chalets/escamillo-chalet-le-lac-lavachet-717137,seetignes-escamillo | Tignes Le Lac | missing: hot_tub; price_week_20_27_mar_2027; price_range_low; price_currency; available_20_27_mar,done,2026-10-06 11:16,2026-10-06 11:17,chalets/raw/enrich-seetignes-escamillo.csv,1,0,1,"filled: operator=probably Skiworld (photo credits); board=catered; hot_tub=; still unknown: price, availability"
63,enrich-independent-ski-links-grande-motte,1,enrich,Grande Motte Chalet,http://www.ski-links.com/property/989/la-grande-motte.htm,independent-ski-links-grande-motte | Tignes Le Lac | missing: hot_tub; price_week_20_27_mar_2027; price_range_low; price_currency; available_20_27_mar,done,2026-10-06 11:17,2026-10-06 11:17,chalets/raw/enrich-independent-ski-links-grande-motte.csv,1,0,1,"filled: operator Esprit, catered detail; still unknown: price, availability, hot tub"
64,enrich-alpineelements-hotel-tetras-lodge,1,enrich,Hotel Tetras Lodge,https://www.alpineelements.co.uk/ski-holidays/france/tignes/hotel-tetras-lodge,alpineelements-hotel-tetras-lodge | Tignes Les Brévières | missing: price_week_20_27_mar_2027; price_range_low; price_currency; available_20_27_mar,done,2026-10-06 10:26,2026-10-06 10:28,chalets/raw/enrich-alpineelements-hotel-tetras-lodge.csv,1,0,1,filled: catering detail; still unknown: price/availability (AE price widget did not render)
65,enrich-fresh-tracks-l-etendard,1,enrich,L'Etendard,https://www.fresh-tracks.co.uk/fresh-tracks-chalet-letendard,fresh-tracks-l-etendard | Oz-en-Oisans | missing: price_week_20_27_mar_2027; price_range_low; price_currency; available_20_27_mar,done,2026-10-06 11:14,2026-10-06 11:15,chalets/raw/enrich-fresh-tracks-l-etendard.csv,1,0,1,"filled: sleeps 10/5 bed, catered (B, tea, 3-course + wine 6/7), no hot tub, images; still unknown: price, availability (enquire)"
66,enrich-fresh-tracks-le-lauteret,1,enrich,Le Lauteret,https://www.seealpedhuez.com/chalets/le-lauteret-chalet-711857,fresh-tracks-le-lauteret | Oz-en-Oisans | missing: price_week_20_27_mar_2027; price_range_low; price_currency; available_20_27_mar; image_count,done,2026-10-06 11:18,2026-10-06 11:18,chalets/raw/enrich-fresh-tracks-le-lauteret.csv,1,0,1,"filled: sleeps 8/4 bed, catered, no hot tub; still unknown: price, availability"
67,enrich-allchalets-residence-daria-i-nor,1,enrich,Residence Daria-I Nor,https://www.allchalets.com/holiday-rentals/28844-apartment-in-alpe-d-huez-france,allchalets-residence-daria-i-nor | Alpe d'Huez | missing: price_week_20_27_mar_2027; price_range_low; price_currency; available_20_27_mar,done,2026-10-06 11:20,2026-10-06 11:20,chalets/raw/enrich-allchalets-residence-daria-i-nor.csv,1,0,1,"filled: contact [name removed]; still unknown: price, availability (owner gives no rates)"
68,enrich-snowedinn-chalet-genepi-10,1,enrich,email : [email removed] call : [phone removed] < Back Chalet Genepi 10,https://www.snowedinnchalets.com/properties/chalet-genepi-10,snowedinn-chalet-genepi-10 | Briançon | missing: price_week_20_27_mar_2027; available_20_27_mar,done,2026-10-06 11:15,2026-10-06 11:15,chalets/raw/enrich-snowedinn-chalet-genepi-10.csv,1,0,1,"filled: nothing (pricing & availability on request only); still unknown: price, availability"
69,enrich-leman-foyer-4-saisons-foyer-4-saisons-services-services-pratiques-salle-hors,1,enrich,Foyer 4 Saisons Foyer 4 Saisons Services Services pratiques Salle hors-sac Foyer 4 Saisons de La Pan,https://www.leman-mountains-explore.com/offres/foyer-4-saisons-la-chapelle-dabondance-fr-4718556/,leman-foyer-4-saisons-foyer-4-saisons-services-services-pratiques-salle-hors | La Chapelle d'Abondance | missing: sleeps_max; bedrooms; board; price_week_20_27_mar_2027; price_range_low; price_currency; available_20_27_mar; image_count,pending,,,chalets/raw/enrich-leman-foyer-4-saisons-foyer-4-saisons-services-services-pratiques-salle-hors.csv,,,,interrupted by usage limit
70,enrich-leman-hotel-esprit-montagne,1,enrich,Hôtel Esprit Montagne,https://www.leman-mountains-explore.com/offres/hotel-esprit-montagne-la-chapelle-dabondance-fr-4716820/,leman-hotel-esprit-montagne | La Chapelle d'Abondance | missing: bedrooms; board; price_week_20_27_mar_2027; price_range_low; price_currency; available_20_27_mar; image_count,pending,,,,,,,
71,enrich-leman-hotel-les-cornettes,1,enrich,Hôtel Les Cornettes,https://www.leman-mountains-explore.com/offres/hotel-les-cornettes-la-chapelle-dabondance-fr-4720059/,leman-hotel-les-cornettes | La Chapelle d'Abondance | missing: bedrooms; board; price_week_20_27_mar_2027; price_range_low; price_currency; available_20_27_mar; image_count,pending,,,,,,,
72,enrich-leman-hotel-les-gentianettes,1,enrich,Hôtel Les Gentianettes,https://www.leman-mountains-explore.com/offres/hotel-les-gentianettes-la-chapelle-dabondance-fr-4718103/,leman-hotel-les-gentianettes | La Chapelle d'Abondance | missing: bedrooms; board; price_week_20_27_mar_2027; price_range_low; price_currency; available_20_27_mar; image_count,pending,,,,,,,
73,enrich-leman-hotel-l-ensoleille,1,enrich,Hôtel l'Ensoleillé,https://www.leman-mountains-explore.com/offres/hotel-lensoleille-la-chapelle-dabondance-fr-4719333/,leman-hotel-l-ensoleille | La Chapelle d'Abondance | missing: bedrooms; board; price_week_20_27_mar_2027; price_range_low; price_currency; available_20_27_mar; image_count,pending,,,,,,,
74,enrich-seetignes-chalet-les-melezes,1,enrich,Les Melezes Chalet,https://www.seetignes.com/chalets/les-melezes-chalet-les-brevieres-674590,seetignes-chalet-les-melezes | Tignes Les Brévières | missing: sleeps_max; bedrooms; board; hot_tub; price_week_20_27_mar_2027; price_range_low; price_currency; available_20_27_mar; image_count,done,2026-10-05 22:44,2026-10-05 22:52,chalets/raw/enrich.csv,1,0,1,"filled: operator=MountainSun (See Tignes account); ruled out match with Chalet Auberge Les Mélèzes (Les Boisses hotel, 1.4km away); still unknown: everything else (listing empty, operator site dead)"
75,enrich-msemstg-planb-living-saint-gervais-205838,1,enrich,PlanB - Living Saint-Gervais,https://www.saintgervais.com/reserver-mon-sejour/hebergement/,msemstg-planb-living-saint-gervais-205838 | St-Gervais-les-Bains | missing: bedrooms; board; price_week_20_27_mar_2027; price_range_low; image_count,done,2026-10-06 11:18,2026-10-06 11:19,chalets/raw/enrich-msemstg-planb-living-saint-gervais-205838.csv,1,0,1,"filled: nothing (no own site/Booking listing found); still unknown: rooms, board, hot tub, group price"
76,enrich-leman-refuge-de-bise,1,enrich,Refuge de Bise,https://www.leman-mountains-explore.com/offres/refuge-de-bise-la-chapelle-dabondance-fr-5253926/,leman-refuge-de-bise | La Chapelle d'Abondance | missing: bedrooms; board; price_week_20_27_mar_2027; price_range_low; price_currency; available_20_27_mar; image_count,pending,,,,,,,
77,enrich-leman-refuge-de-trebentaz,1,enrich,Refuge de Trébentaz,https://www.leman-mountains-explore.com/offres/refuge-de-trebentaz-la-chapelle-dabondance-fr-5253920/,leman-refuge-de-trebentaz | La Chapelle d'Abondance | missing: bedrooms; board; price_week_20_27_mar_2027; price_range_low; price_currency; available_20_27_mar; image_count,pending,,,,,,,
78,enrich-msem-terra-beka-lodge,1,enrich,Terra-Beka Lodge,https://www.leman-mountains-explore.com/reserver/sejour-hebergements/?slug=terra-beka-lodge,msem-terra-beka-lodge | La Chapelle d'Abondance | missing: bedrooms; board; price_range_low,pending,,,,,,,
79,enrich-nouvelle-voliere-la-nouvelle-voliere,1,enrich,La Nouvelle Volière,http://www.nouvellevoliere.ch/,nouvelle-voliere-la-nouvelle-voliere | Torgon | missing: bedrooms; hot_tub; price_week_20_27_mar_2027; available_20_27_mar; image_count,pending,,,,,,,
80,enrich-torgon-alpine-experience-torgon-alpine-experience,1,enrich,Torgon Alpine Experience,https://www.torgonalpineexperience.ch/,torgon-alpine-experience-torgon-alpine-experience | Torgon | missing: bedrooms; hot_tub; price_week_20_27_mar_2027; price_range_low; price_currency; available_20_27_mar; image_count,pending,,,,,,,
81,enrich-crystal-hotel-edelweiss,1,enrich,Hotel Edelweiss,https://www.crystalski.co.uk/ski-resorts/italy-ski-holidays/cervinia/hotel-edelweiss/,crystal-hotel-edelweiss | Breuil-Cervinia | missing: sleeps_max; bedrooms; board; price_week_20_27_mar_2027; price_range_low; price_currency; available_20_27_mar,done,2026-10-06 10:00,2026-10-06 10:01,chalets/raw/enrich-crystal-hotel-edelweiss.csv,1,0,1,"filled: hot_tub shared, sauna, 300m lifts, 4 images; still unknown: board, price, availability (Booking.com none for 20 Mar), capacity"
82,enrich-crystal-hotel-europa,1,enrich,Hotel Europa,https://www.crystalski.co.uk/ski-resorts/italy-ski-holidays/cervinia/hotel-europa/,crystal-hotel-europa | Breuil-Cervinia | missing: sleeps_max; bedrooms; board; price_week_20_27_mar_2027; price_range_low; price_currency; available_20_27_mar,done,2026-10-06 10:04,2026-10-06 10:05,chalets/raw/enrich-crystal-hotel-europa.csv,1,0,1,"filled: shared pool/hot tub/sauna, room types, 5 images; still unknown: price, board, capacity (Booking 20-27 Mar shows no availability - rates likely not loaded)"
83,enrich-crystal-hotel-petit-palais,1,enrich,Hotel Petit Palais,https://www.crystalski.co.uk/ski-resorts/italy-ski-holidays/cervinia/hotel-petit-palais/,crystal-hotel-petit-palais | Breuil-Cervinia | missing: sleeps_max; bedrooms; board; price_week_20_27_mar_2027; price_range_low; price_currency; available_20_27_mar,done,2026-10-06 10:10,2026-10-06 10:11,chalets/raw/enrich-crystal-hotel-petit-palais.csv,1,0,1,"filled: no hot tub (fitness/restaurant only), room types, images; still unknown: price, availability (Booking no 2027 availability), board, capacity"
84,enrich-alpineanswers-hotel-principe-delle-nevi,1,enrich,Hotel Principe delle Nevi,https://www.alpineanswers.co.uk/ski-hotels/italy/cervinia/hotel-principe-delle-nevi,alpineanswers-hotel-principe-delle-nevi | Breuil-Cervinia | missing: sleeps_max; board; price_week_20_27_mar_2027; price_range_low; price_currency; available_20_27_mar,done,2026-10-06 10:28,2026-10-06 10:29,chalets/raw/enrich-alpineanswers-hotel-principe-delle-nevi.csv,1,0,1,"filled: facilities (2 pools, spa); still unknown: price, availability (Booking none yet), board, capacity"
85,enrich-hotel-de-torgon-hotel-de-torgon,1,enrich,Hôtel de Torgon,https://www.hotel-de-torgon.ch/,hotel-de-torgon-hotel-de-torgon | Torgon | missing: sleeps_max; bedrooms; board; hot_tub; price_week_20_27_mar_2027; price_range_low; price_currency; available_20_27_mar; image_count,pending,,,,,,,
86,enrich-arabbait-active-hotel-malita,1,enrich,Active Hotel Malita (***),https://www.arabba.it/en/facilities-gastronomy/accommodation/active-hotel-malita/38-383.html,arabbait-active-hotel-malita | Arabba | missing: sleeps_max; bedrooms; price_week_20_27_mar_2027; price_range_low; available_20_27_mar,done,2026-10-06 10:11,2026-10-06 10:14,chalets/raw/enrich-arabbait-active-hotel-malita.csv,1,0,1,"filled: per-night pp range EUR68-314; still unknown: weekly price, availability (engine 'fully booked' 20-27 Mar - maybe not on sale), capacity"
87,enrich-arabbait-al-forte-s,1,enrich,Al Forte (***S),https://www.arabba.it/en/facilities-gastronomy/accommodation/al-forte-s/38-439.html,arabbait-al-forte-s | Pezzei (Livinallongo) | missing: sleeps_max; bedrooms; price_range_low,done,2026-10-06 10:31,2026-10-06 10:31,chalets/raw/enrich-arabbait-al-forte-s.csv,1,0,0,"filled: HB £748pp (double) / £723pp (triple), only 2 rooms left (max 6), hot tub extra; still unknown: total capacity, whole-hotel availability"
88,enrich-arabbait-albergo-ristoro-lezuo,1,enrich,Albergo Ristoro Lezuo (**),https://www.ristorolezuo.it/en/,arabbait-albergo-ristoro-lezuo | La Pala (Livinallongo) | missing: sleeps_max; available_20_27_mar,done,2026-10-06 10:31,2026-10-06 10:33,chalets/raw/enrich-arabbait-albergo-ristoro-lezuo.csv,1,0,0,"filled: HB EUR90/day = EUR630pp week 20 Mar, 7 rooms, no hot tub; still unknown: availability (enquiry), max guests"
89,enrich-alpineanswers-hotel-evaldo,1,enrich,Hotel Evaldo,https://www.alpineanswers.co.uk/ski-hotels/italy/arabba/hotel-evaldo,alpineanswers-hotel-evaldo | Arabba | missing: sleeps_max; bedrooms; price_week_20_27_mar_2027; price_range_low; available_20_27_mar,done,2026-10-06 10:17,2026-10-06 10:18,chalets/raw/enrich-alpineanswers-hotel-evaldo.csv,1,0,1,"filled: nothing new (Booking no availability yet; own price accordion empty); still unknown: price, availability, capacity"
90,enrich-arabbait-olympia,1,enrich,Olympia (***),https://www.arabba.it/en/facilities-gastronomy/accommodation/olympia/38-397.html,arabbait-olympia | Arabba | missing: sleeps_max; bedrooms; price_week_20_27_mar_2027; price_range_low; available_20_27_mar,done,2026-10-06 10:19,2026-10-06 10:19,chalets/raw/enrich-arabbait-olympia.csv,1,0,1,"filled: Booking name/facilities, sister residence Panorama price; still unknown: hotel price/availability (Booking none yet), capacity"
91,enrich-arabbait-pordoi,1,enrich,Pordoi (**),https://www.hotelpordoi.it/en,arabbait-pordoi | Arabba | missing: sleeps_max; bedrooms; price_week_20_27_mar_2027; price_range_low; available_20_27_mar,done,2026-10-06 10:20,2026-10-06 10:22,chalets/raw/enrich-arabbait-pordoi.csv,1,0,1,"filled: 12 hotel rooms (2-4p) + dependance, sauna/Turkish bath, no hot tub, 150 m to lifts; still unknown: price (on request), availability"
92,enrich-arabbait-portavescovo,1,enrich,Portavescovo (***),https://www.arabba.it/en/facilities-gastronomy/accommodation/portavescovo/38-445.html,arabbait-portavescovo | Arabba | missing: sleeps_max; bedrooms; price_range_low,done,2026-10-06 10:35,2026-10-06 10:36,chalets/raw/enrich-arabbait-portavescovo.csv,1,0,0,"filled: HB £697pp (quad x4) / 3 quads for 10 £8,367 (£837pp), 3 rooms left, shared hot tub+pool+sauna, images; NEAR-FIT; still unknown: total room count"
93,enrich-alpineanswers-sporthotel-arabba,1,enrich,Sporthotel Arabba,https://www.alpineanswers.co.uk/ski-hotels/italy/arabba/sporthotel-arabba,alpineanswers-sporthotel-arabba | Arabba | missing: sleeps_max; bedrooms; price_week_20_27_mar_2027; price_range_low; available_20_27_mar,done,2026-10-06 10:36,2026-10-06 10:36,chalets/raw/enrich-alpineanswers-sporthotel-arabba.csv,1,0,1,"filled: nothing new (Booking no availability, own price table JS); still unknown: price, availability, capacity"
94,enrich-sporthotel-panorama-corvara,1,enrich,Sporthotel Panorama,https://www.alpineanswers.co.uk/ski-hotels/italy/corvara/sporthotel-panorama,sporthotel-panorama-corvara | Corvara | missing: sleeps_max; bedrooms; price_week_20_27_mar_2027; price_range_low; price_currency; available_20_27_mar,done,2026-10-06 10:36,2026-10-06 10:38,chalets/raw/enrich-sporthotel-panorama-corvara.csv,1,0,1,"filled: facilities confirmed, images; still unknown: price, availability (Booking none), capacity"
95,enrich-arabbait-sports-nature-hotel-boe-s,1,enrich,Sports & Nature Hotel Boe' (***S),https://www.arabba.it/en/facilities-gastronomy/accommodation/sports-nature-hotel-boe-s/38-302.html,arabbait-sports-nature-hotel-boe-s | Passo Campolongo (Arabba) | missing: sleeps_max; bedrooms; price_week_20_27_mar_2027; price_range_low; available_20_27_mar,done,2026-10-06 10:38,2026-10-06 10:38,chalets/raw/enrich-arabbait-sports-nature-hotel-boe-s.csv,1,0,1,"filled: Booking listing found; still unknown: price, availability (Booking none), capacity"
96,enrich-arabbait-alpenrose-dipendenza,1,enrich,Alpenrose (Dipendenza) (**),https://www.arabba.it/en/facilities-gastronomy/accommodation/alpenrose-dipendenza/38-154.html,arabbait-alpenrose-dipendenza | Arabba | missing: sleeps_max; bedrooms; board; price_week_20_27_mar_2027; price_range_low; available_20_27_mar; image_count,done,2026-10-06 10:14,2026-10-06 10:15,chalets/raw/enrich-arabbait-alpenrose-dipendenza.csv,1,0,1,"filled: operator (Alpenrose), same_as main hotel; still unknown: annex units/board/price/availability (enquiry only)"
97,enrich-arabbait-la-viza,1,enrich,La Viza,https://www.arabba.it/en/facilities-gastronomy/accommodation/la-viza/38-51.html,"arabbait-la-viza | Cherz (Livinallongo, on-mountain) | missing: sleeps_max; bedrooms; board; hot_tub; price_week_20_27_mar_2027; price_range_low; available_20_27_mar",done,2026-10-06 10:43,2026-10-06 10:43,chalets/raw/enrich-arabbait-la-viza.csv,1,0,1,"filled: type (ski-in mountain hut), contact; still unknown: capacity, board, price, availability (enquiry only)"
98,enrich-maeva-majestic-i,1,enrich,Majestic I,https://accommodation.alpedhuez.com/accommodation/residence-majestic-i-majestic-i-100-i-gh-2-quartier-viel-alpe/,maeva-majestic-i | Alpe d'Huez | pass2 (deferred depth) | missing: bedrooms; hot_tub; price_week_20_27_mar_2027; price_range_low; available_20_27_mar; image_count,pending,,,,,,,
99,enrich-alpedhuez-ot-marmottes-residence-geode,1,enrich,Marmottes (résidence Géode),https://accommodation.alpedhuez.com/accommodation/marmottes-chalet-geode/,alpedhuez-ot-marmottes-residence-geode | Alpe d'Huez | pass2 (deferred depth) | missing: hot_tub; price_week_20_27_mar_2027; price_range_low; available_20_27_mar; image_count,pending,,,,,,,
100,enrich-alpissimmo-phoenix-a23,1,enrich,PHOENIX A23,https://accommodation.alpedhuez.com/accommodation/phoenix-a-lodge-4-pieces-95-0-m-ap-ah-phoa-23/,alpissimmo-phoenix-a23 | Alpe d'Huez | pass2 (deferred depth) | missing: hot_tub; price_week_20_27_mar_2027; price_range_low; available_20_27_mar; image_count,pending,,,,,,,
101,enrich-alpissimmo-phoenix-a34,1,enrich,PHOENIX A34,https://accommodation.alpedhuez.com/accommodation/phoenix-a-lodge-4-pieces-95-0-m-ap-ah-phoa-34/,alpissimmo-phoenix-a34 | Alpe d'Huez | pass2 (deferred depth) | missing: hot_tub; price_week_20_27_mar_2027; price_range_low; available_20_27_mar; image_count,pending,,,,,,,
102,enrich-alpissimmo-phoenix-a42,1,enrich,PHOENIX A42,https://accommodation.alpedhuez.com/accommodation/phoenix-a-lodge-4-pieces-98-0-m-ap-ah-phoa-42/,alpissimmo-phoenix-a42 | Alpe d'Huez | pass2 (deferred depth) | missing: bedrooms; hot_tub; price_week_20_27_mar_2027; price_range_low; available_20_27_mar; image_count,pending,,,,,,,
103,enrich-alpissimmo-phoenix-a43,1,enrich,PHOENIX A43,https://accommodation.alpedhuez.com/accommodation/phoenix-a-lodge-4-pieces-92-0-m-ap-ah-phoa-43/,alpissimmo-phoenix-a43 | Alpe d'Huez | pass2 (deferred depth) | missing: bedrooms; hot_tub; price_week_20_27_mar_2027; price_range_low; available_20_27_mar; image_count,pending,,,,,,,
104,enrich-alpissimmo-phoenix-a54,1,enrich,PHOENIX A54,https://accommodation.alpedhuez.com/accommodation/phoenix-a-lodge-5-pieces-143-0-m-ap-ah-phoa-54/,alpissimmo-phoenix-a54 | Alpe d'Huez | pass2 (deferred depth) | missing: hot_tub; price_week_20_27_mar_2027; price_range_low; available_20_27_mar; image_count,pending,,,,,,,
105,enrich-alpissimmo-phoenix-b41,1,enrich,PHOENIX B41,https://accommodation.alpedhuez.com/accommodation/phoenix-b-lodge-6-pieces-115-0-m-ap-ah-phob-41/,alpissimmo-phoenix-b41 | Alpe d'Huez | pass2 (deferred depth) | missing: hot_tub; price_week_20_27_mar_2027; price_range_low; available_20_27_mar; image_count,pending,,,,,,,
106,enrich-alpedhuez-ot-phoenix-c32,1,enrich,PHOENIX C32,https://accommodation.alpedhuez.com/accommodation/phoenix-c-lodge-5-pieces-126-0-m-ap-ah-phoc-32/,alpedhuez-ot-phoenix-c32 | Alpe d'Huez | pass2 (deferred depth) | missing: bedrooms; hot_tub; price_week_20_27_mar_2027; price_range_low; available_20_27_mar; image_count,pending,,,,,,,
107,enrich-alpedhuez-ot-phoenix-c33-34,1,enrich,PHOENIX C33-34,https://accommodation.alpedhuez.com/accommodation/phoenix-c-lodge-4-pieces-93-0-m-ap-ah-phoc-33-34/,alpedhuez-ot-phoenix-c33-34 | Alpe d'Huez | pass2 (deferred depth) | missing: bedrooms; hot_tub; price_week_20_27_mar_2027; price_range_low; available_20_27_mar; image_count,pending,,,,,,,
108,enrich-maeva-parenthese-2059713,1,enrich,Parenthese,https://accommodation.alpedhuez.com/accommodation/residence-parenthese-appartement-neuf-ski-aux-pieds-1/,maeva-parenthese-2059713 | Alpe d'Huez | pass2 (deferred depth) | missing: bedrooms; hot_tub; price_week_20_27_mar_2027; price_range_low; available_20_27_mar; image_count,pending,,,,,,,
109,enrich-maeva-parenthese-1734551,1,enrich,Parenthese,https://accommodation.alpedhuez.com/accommodation/residence-parenthese-appartement-neuf-ski-aux-pieds/,maeva-parenthese-1734551 | Alpe d'Huez | pass2 (deferred depth) | missing: bedrooms; hot_tub; price_week_20_27_mar_2027; price_range_low; available_20_27_mar; image_count,pending,,,,,,,
110,enrich-maeva-phoenix-a-1601111,1,enrich,Phoenix A,https://accommodation.alpedhuez.com/accommodation/residence-phoenix-a-appartement-spacieux/,maeva-phoenix-a-1601111 | Alpe d'Huez | pass2 (deferred depth) | missing: bedrooms; hot_tub; price_week_20_27_mar_2027; price_range_low; available_20_27_mar; image_count,pending,,,,,,,
111,enrich-maeva-phoenix-a-1261371,1,enrich,Phoenix A,https://accommodation.alpedhuez.com/accommodation/residence-phoenix-a-magnifique-appartement/,maeva-phoenix-a-1261371 | Alpe d'Huez | pass2 (deferred depth) | missing: bedrooms; hot_tub; price_week_20_27_mar_2027; price_range_low; available_20_27_mar; image_count,pending,,,,,,,
112,enrich-maeva-phoenix-a-1322671,1,enrich,Phoenix A,https://accommodation.alpedhuez.com/accommodation/residence-phoenix-a-phoa-23-grand-appartement-dans-residence-avec-piscine-et-pieds-des-pistes/,maeva-phoenix-a-1322671 | Alpe d'Huez | pass2 (deferred depth) | missing: bedrooms; hot_tub; price_week_20_27_mar_2027; price_range_low; available_20_27_mar; image_count,pending,,,,,,,
113,enrich-maeva-phoenix-a-1261351,1,enrich,Phoenix A,https://accommodation.alpedhuez.com/accommodation/residence-phoenix-a-bel-appartement/,maeva-phoenix-a-1261351 | Alpe d'Huez | pass2 (deferred depth) | missing: bedrooms; hot_tub; price_week_20_27_mar_2027; price_range_low; available_20_27_mar; image_count,pending,,,,,,,
114,enrich-maeva-phoenix-b-1322661,1,enrich,Phoenix B,https://accommodation.alpedhuez.com/accommodation/residence-phoenix-b-phob-41-magnifique-appartement-en-dernier-etage-tres-spacieux-et-lumineux-pied-des-piste/,maeva-phoenix-b-1322661 | Alpe d'Huez | pass2 (deferred depth) | missing: bedrooms; hot_tub; price_week_20_27_mar_2027; price_range_low; available_20_27_mar; image_count,pending,,,,,,,
115,enrich-maeva-phoenix-b-1261361,1,enrich,Phoenix B,https://accommodation.alpedhuez.com/accommodation/residence-phoenix-b-magnifique-appartement-pieds-des-pistes/,maeva-phoenix-b-1261361 | Alpe d'Huez | pass2 (deferred depth) | missing: bedrooms; hot_tub; price_week_20_27_mar_2027; price_range_low; available_20_27_mar; image_count,pending,,,,,,,
116,enrich-maeva-phoenix-c-2474623,1,enrich,Phoenix C,https://accommodation.alpedhuez.com/accommodation/residence-phoenix-c-phoc-35-magnifique-appartement-tres-spacieux-et-lumineux-en-duplex/,maeva-phoenix-c-2474623 | Alpe d'Huez | pass2 (deferred depth) | missing: bedrooms; hot_tub; price_week_20_27_mar_2027; price_range_low; available_20_27_mar; image_count,pending,,,,,,,
117,enrich-maeva-phoenix-c-1588351,1,enrich,Phoenix C,https://accommodation.alpedhuez.com/accommodation/residence-phoenix-c-appartement-spacieux/,maeva-phoenix-c-1588351 | Alpe d'Huez | pass2 (deferred depth) | missing: bedrooms; hot_tub; price_week_20_27_mar_2027; price_range_low; available_20_27_mar; image_count,pending,,,,,,,
118,enrich-maeva-phoenix-c-1577011,1,enrich,Phoenix C,https://accommodation.alpedhuez.com/accommodation/residence-phoenix-c-phoc-31-tres-bel-appartement-avec-de-grands-volumes-lumineux-et-tres-bien-equipe/,maeva-phoenix-c-1577011 | Alpe d'Huez | pass2 (deferred depth) | missing: bedrooms; hot_tub; price_week_20_27_mar_2027; price_range_low; available_20_27_mar; image_count,pending,,,,,,,
119,enrich-maeva-phoenix-c-1261381,1,enrich,Phoenix C,https://accommodation.alpedhuez.com/accommodation/residence-phoenix-c-grand-appartement/,maeva-phoenix-c-1261381 | Alpe d'Huez | pass2 (deferred depth) | missing: bedrooms; hot_tub; price_week_20_27_mar_2027; price_range_low; available_20_27_mar; image_count,pending,,,,,,,
120,enrich-maeva-prestige-odalys-674164,1,enrich,Prestige Odalys,https://accommodation.alpedhuez.com/accommodation/residence-prestige-odalys-l-eclose-3-4-pieces-8-personnes/,maeva-prestige-odalys-674164 | Alpe d'Huez | pass2 (deferred depth) | missing: hot_tub; price_week_20_27_mar_2027; price_range_low; available_20_27_mar; image_count,pending,,,,,,,
121,enrich-maeva-prestige-odalys-674174,1,enrich,Prestige Odalys,https://accommodation.alpedhuez.com/accommodation/residence-prestige-odalys-l-eclose-4-pieces-8-personnes/,maeva-prestige-odalys-674174 | Alpe d'Huez | pass2 (deferred depth) | missing: hot_tub; price_week_20_27_mar_2027; price_range_low; available_20_27_mar; image_count,pending,,,,,,,
122,enrich-maeva-prestige-odalys-674184,1,enrich,Prestige Odalys,https://accommodation.alpedhuez.com/accommodation/residence-prestige-odalys-l-eclose-4-5-pieces-10-personnes/,maeva-prestige-odalys-674184 | Alpe d'Huez | pass2 (deferred depth) | missing: hot_tub; price_week_20_27_mar_2027; price_range_low; available_20_27_mar; image_count,pending,,,,,,,
123,enrich-maeva-prestige-odalys-674194,1,enrich,Prestige Odalys,https://accommodation.alpedhuez.com/accommodation/residence-prestige-odalys-l-eclose-5-pieces-10-personnes/,maeva-prestige-odalys-674194 | Alpe d'Huez | pass2 (deferred depth) | missing: hot_tub; price_week_20_27_mar_2027; price_range_low; available_20_27_mar; image_count,pending,,,,,,,
124,enrich-maeva-res-de-l-oisans,1,enrich,Res.de L Oisans,https://accommodation.alpedhuez.com/accommodation/residence-res-de-l-oisans-residence-de-l-oisans-apt-a5/,maeva-res-de-l-oisans | Alpe d'Huez | pass2 (deferred depth) | missing: bedrooms; hot_tub; price_week_20_27_mar_2027; price_range_low; available_20_27_mar; image_count,pending,,,,,,,
125,enrich-maeva-residence-choucas,1,enrich,Résidence Choucas,https://accommodation.alpedhuez.com/accommodation/residence-choucas-residence-les-choucas-apt-31/,maeva-residence-choucas | Alpe d'Huez | pass2 (deferred depth) | missing: bedrooms; hot_tub; price_week_20_27_mar_2027; price_range_low; available_20_27_mar; image_count,pending,,,,,,,
126,enrich-maeva-residence-citriere,1,enrich,Résidence Citriere,https://accommodation.alpedhuez.com/accommodation/residence-citriere-citriere-apt-03/,maeva-residence-citriere | Alpe d'Huez | pass2 (deferred depth) | missing: hot_tub; price_week_20_27_mar_2027; price_range_low; available_20_27_mar; image_count,pending,,,,,,,
127,enrich-alpedhuez-ot-residence-daria-i-nor-by-les-etincelles,1,enrich,Résidence Daria-I Nor by Les Etincelles,https://accommodation.alpedhuez.com/accommodation/residence-daria-i-nor/,alpedhuez-ot-residence-daria-i-nor-by-les-etincelles | Alpe d'Huez | pass2 (deferred depth) | missing: bedrooms; price_week_20_27_mar_2027; price_range_low; available_20_27_mar; image_count,pending,,,,,,,
128,enrich-maeva-residence-dome,1,enrich,Résidence Dome,https://accommodation.alpedhuez.com/accommodation/residence-dome-residence-le-dome-apt-203-3-pieces-8-pers-situe-proche-toutes-commodites-et-remontees-mecaniques/,maeva-residence-dome | Alpe d'Huez | pass2 (deferred depth) | missing: bedrooms; hot_tub; price_week_20_27_mar_2027; price_range_low; available_20_27_mar; image_count,pending,,,,,,,
129,enrich-maeva-residence-menandiere,1,enrich,Résidence Menandiere,https://accommodation.alpedhuez.com/accommodation/residence-menandiere-appartement-4-pieces-pour-8-personnes-de-70m-l-alpe-d-huez-1/,maeva-residence-menandiere | Alpe d'Huez | pass2 (deferred depth) | missing: bedrooms; hot_tub; price_week_20_27_mar_2027; price_range_low; available_20_27_mar; image_count,pending,,,,,,,
130,enrich-maeva-residence-paradis-c,1,enrich,Résidence Paradis C,https://accommodation.alpedhuez.com/accommodation/residence-paradis-c-appartement-4-pieces-pour-8-personnes-de-75m-l-alpe-d-huez/,maeva-residence-paradis-c | Alpe d'Huez | pass2 (deferred depth) | missing: bedrooms; hot_tub; price_week_20_27_mar_2027; price_range_low; available_20_27_mar; image_count,pending,,,,,,,
131,enrich-maeva-residence-sarenne,1,enrich,Résidence Sarenne,https://accommodation.alpedhuez.com/accommodation/residence-sarenne-sarenne-apt-15/,maeva-residence-sarenne | Alpe d'Huez | pass2 (deferred depth) | missing: bedrooms; hot_tub; price_week_20_27_mar_2027; price_range_low; available_20_27_mar; image_count,pending,,,,,,,
132,enrich-maeva-terresens-la-perle-d-alba,1,enrich,Terresens La Perle d'Alba,https://accommodation.alpedhuez.com/accommodation/residence-terresens-la-perle-d-alba-4-pieces-duplex-8-personnes/,maeva-terresens-la-perle-d-alba | Alpe d'Huez | pass2 (deferred depth) | missing: bedrooms; hot_tub; price_week_20_27_mar_2027; price_range_low; available_20_27_mar; image_count,pending,,,,,,,
133,enrich-maeva-val-d-ys,1,enrich,Val D'ys,https://accommodation.alpedhuez.com/accommodation/residence-val-d-ys-val-d-ys-apt-03/,maeva-val-d-ys | Alpe d'Huez | pass2 (deferred depth) | missing: bedrooms; hot_tub; price_week_20_27_mar_2027; price_range_low; available_20_27_mar; image_count,pending,,,,,,,
134,enrich-skipeak-chalet-dibona,1,enrich,Chalet Dibona,https://www.seealpedhuez.com/chalets/dibona-chalet-678090,skipeak-chalet-dibona | Vaujany | pass2 (deferred depth) | missing: bedrooms; hot_tub; price_week_20_27_mar_2027; available_20_27_mar; image_count,pending,,,,,,,
135,enrich-skipeak-chalet-lucette,1,enrich,Chalet Lucette,https://www.seealpedhuez.com/chalets/lucette-chalet-27585,skipeak-chalet-lucette | Vaujany | pass2 (deferred depth) | missing: bedrooms; hot_tub; price_week_20_27_mar_2027; available_20_27_mar; image_count,pending,,,,,,,
136,enrich-skipeak-chalet-rostaing,1,enrich,Chalet Rostaing,https://www.seealpedhuez.com/chalets/rostaing-chalet-27586,skipeak-chalet-rostaing | Vaujany | pass2 (deferred depth) | missing: bedrooms; hot_tub; price_week_20_27_mar_2027; available_20_27_mar; image_count,pending,,,,,,,
137,enrich-skipeak-chalet-sika,1,enrich,Chalet Sika,https://www.skipeak.net/our-accommodation/chalet-sika,skipeak-chalet-sika | Vaujany | pass2 (deferred depth) | missing: hot_tub; price_week_20_27_mar_2027; available_20_27_mar,pending,,,,,,,
138,enrich-simplyvaldisere-balcons-de-bellevarde,1,enrich,Balcons de Bellevarde,https://www.simplyvaldisere.com/accom/la-daille-le-cret/balcons-de-bellevarde-4-8,simplyvaldisere-balcons-de-bellevarde | La Daille | pass2 (deferred depth) | missing: bedrooms; hot_tub; price_week_20_27_mar_2027; price_range_low; price_currency; available_20_27_mar,pending,,,,,,,
139,enrich-simplyvaldisere-chalet-athenaise,1,enrich,Chalet Athenaise,https://www.simplyvaldisere.com/accom/la-daille-le-cret/chalet-athenaise-12,simplyvaldisere-chalet-athenaise | La Daille | pass2 (deferred depth) | missing: bedrooms; hot_tub; price_week_20_27_mar_2027; price_range_low; price_currency; available_20_27_mar,pending,,,,,,,
140,enrich-simplyvaldisere-chalet-himalaya,1,enrich,Chalet Himalaya,https://www.simplyvaldisere.com/accom/la-daille-le-cret/chalet-himalaya-8,simplyvaldisere-chalet-himalaya | La Daille | pass2 (deferred depth) | missing: bedrooms; hot_tub; price_week_20_27_mar_2027; available_20_27_mar,pending,,,,,,,
141,enrich-simplyvaldisere-daille-soleil-4-b,1,enrich,Daille Soleil (4) B,https://www.simplyvaldisere.com/accom/la-daille-le-cret/daille-soleil-4-b,simplyvaldisere-daille-soleil-4-b | La Daille | pass2 (deferred depth) | missing: bedrooms; hot_tub; price_week_20_27_mar_2027; price_range_low; price_currency; available_20_27_mar; image_count,pending,,,,,,,
142,enrich-simplyvaldisere-hotel-la-toviere,1,enrich,Hotel La Toviere,https://www.simplyvaldisere.com/accom/la-daille-le-cret/hotel-la-toviere,simplyvaldisere-hotel-la-toviere | La Daille | pass2 (deferred depth) | missing: sleeps_max; bedrooms; price_week_20_27_mar_2027; available_20_27_mar,pending,,,,,,,
143,enrich-simplyvaldisere-vanoise-2p,1,enrich,Vanoise,https://www.simplyvaldisere.com/accom/la-daille-le-cret/vanoise-2,simplyvaldisere-vanoise-2p | La Daille | pass2 (deferred depth) | missing: bedrooms; hot_tub; price_week_20_27_mar_2027; price_range_low; price_currency; available_20_27_mar,pending,,,,,,,
144,enrich-simplyvaldisere-vanoise-8p,1,enrich,Vanoise,https://www.simplyvaldisere.com/accom/la-daille-le-cret/vanoise-8,simplyvaldisere-vanoise-8p | La Daille | pass2 (deferred depth) | missing: bedrooms; hot_tub; price_week_20_27_mar_2027; available_20_27_mar,pending,,,,,,,
145,enrich-simplyvaldisere-villaret,1,enrich,Villaret,https://www.simplyvaldisere.com/accom/la-daille-le-cret/villaret-2,simplyvaldisere-villaret | La Daille | pass2 (deferred depth) | missing: bedrooms; hot_tub; price_week_20_27_mar_2027; price_range_low; price_currency; available_20_27_mar,pending,,,,,,,
146,enrich-simplyvaldisere-arolay,1,enrich,Arolay,https://www.simplyvaldisere.com/accom/le-fornet-laisinant/arolay-12,simplyvaldisere-arolay | Le Fornet | pass2 (deferred depth) | missing: bedrooms; hot_tub; price_week_20_27_mar_2027; price_range_low; price_currency; available_20_27_mar,pending,,,,,,,
147,enrich-seetignes-alfredo,1,enrich,Alfredo Chalet,https://www.seetignes.com/chalets/alfredo-chalet-le-lac-lavachet-716400,seetignes-alfredo | Tignes Le Lac | pass2 (deferred depth) | missing: board; hot_tub; price_week_20_27_mar_2027; price_range_low; price_currency; available_20_27_mar,pending,,,,,,,
148,enrich-seetignes-carmen,1,enrich,Carmen Chalet,https://www.seetignes.com/chalets/carmen-chalet-le-lac-lavachet-717104,seetignes-carmen | Tignes Le Lac | pass2 (deferred depth) | missing: board; hot_tub; price_week_20_27_mar_2027; price_range_low; price_currency; available_20_27_mar,pending,,,,,,,
149,enrich-seetignes-giorgio,1,enrich,Giorgio Chalet,https://www.seetignes.com/chalets/giorgio-chalet-le-lac-lavachet-716408,seetignes-giorgio | Tignes Le Lac | pass2 (deferred depth) | missing: board; hot_tub; price_week_20_27_mar_2027; price_range_low; price_currency; available_20_27_mar; image_count,pending,,,,,,,
150,enrich-seetignes-violetta,1,enrich,Violetta Chalet,https://www.seetignes.com/chalets/violetta-chalet-le-lac-lavachet-717136,seetignes-violetta | Tignes Le Lac | pass2 (deferred depth) | missing: board; hot_tub; price_week_20_27_mar_2027; price_range_low; price_currency; available_20_27_mar,pending,,,,,,,
151,enrich-letsski-les-schuss-301,1,enrich,Les Schuss (Schuss 301),https://lets.ski/lesschuss,letsski-les-schuss-301 | Tignes Val Claret | pass2 (deferred depth) | missing: bedrooms; price_week_20_27_mar_2027; available_20_27_mar,pending,,,,,,,
152,enrich-letsski-moutiers-33,1,enrich,Moutiers 33,https://lets.ski/moutiers33,letsski-moutiers-33 | Tignes Val Claret | pass2 (deferred depth) | missing: price_week_20_27_mar_2027; available_20_27_mar,pending,,,,,,,
153,enrich-simplyvaldisere-chalet-cahokia,1,enrich,Chalet Cahokia,https://www.simplyvaldisere.com/accom/la-daille-le-cret/chalet-cahokia-10-13,simplyvaldisere-chalet-cahokia | Val d'Isère | pass2 (deferred depth) | missing: bedrooms; hot_tub; price_week_20_27_mar_2027; available_20_27_mar,pending,,,,,,,
154,enrich-simplyvaldisere-chalet-cahokia-bed-breakfast,1,enrich,Chalet Le Cahokia (8+4) Bed & Breakfast,https://www.simplyvaldisere.com/accom/la-daille-le-cret/chalet-le-cahokia-8-4-bed-breakfast,simplyvaldisere-chalet-cahokia-bed-breakfast | Val d'Isère | pass2 (deferred depth) | missing: bedrooms; hot_tub; price_week_20_27_mar_2027; available_20_27_mar,pending,,,,,,,
155,enrich-simplyvaldisere-les-bosses-monro,1,enrich,Les Bosses Monro,https://www.simplyvaldisere.com/accom/la-daille-le-cret/les-bosses-monro-6-2,simplyvaldisere-les-bosses-monro | Val d'Isère | pass2 (deferred depth) | missing: bedrooms; hot_tub; price_week_20_27_mar_2027; price_range_low; price_currency; available_20_27_mar,pending,,,,,,,
156,enrich-ingenie-les2alpes-chalet-alpaga-n1-chalet-8-people,1,enrich,CHALET ALPAGA n°1 Chalet 8 people -,https://booking.les2alpes.com/chalet-alpaga-n1-chalet-8-people-les-2-alpes.html,ingenie-les2alpes-chalet-alpaga-n1-chalet-8-people | Les 2 Alpes | pass2 (deferred depth) | missing: bedrooms; price_week_20_27_mar_2027; price_range_low; price_currency; available_20_27_mar,pending,,,,,,,
157,enrich-ingenie-les2alpes-chalet-badinguet-b-chalet-12-people,1,enrich,CHALET BADINGUET B Chalet 12 people -,https://booking.les2alpes.com/chalet-badinguet-b-chalet-12-people-les-2-alpes.html,ingenie-les2alpes-chalet-badinguet-b-chalet-12-people | Les 2 Alpes | pass2 (deferred depth) | missing: bedrooms; price_week_20_27_mar_2027; price_range_low; price_currency; available_20_27_mar,pending,,,,,,,
158,enrich-ingenie-les2alpes-chalet-badinguet-chalet-12-people,1,enrich,CHALET BADINGUET Chalet 12 people -,https://booking.les2alpes.com/chalet-badinguet-chalet-12-people-les-2-alpes.html,ingenie-les2alpes-chalet-badinguet-chalet-12-people | Les 2 Alpes | pass2 (deferred depth) | missing: bedrooms; price_week_20_27_mar_2027; price_range_low; price_currency; available_20_27_mar,pending,,,,,,,
159,enrich-ingenie-les2alpes-chalet-bellecombe-chalet-6-people,1,enrich,CHALET BELLECOMBE Chalet 6 people -,https://booking.les2alpes.com/chalet-bellecombe-chalet-6-people-les-2-alpes.html,ingenie-les2alpes-chalet-bellecombe-chalet-6-people | Les 2 Alpes | pass2 (deferred depth) | missing: bedrooms; price_week_20_27_mar_2027; price_range_low; price_currency; available_20_27_mar,pending,,,,,,,
160,enrich-ingenie-les2alpes-chalet-bouton-d-or-chalet-12-people,1,enrich,CHALET BOUTON D'OR Chalet 12 people -,https://booking.les2alpes.com/chalet-bouton-d-or-chalet-12-people-les-2-alpes.html,ingenie-les2alpes-chalet-bouton-d-or-chalet-12-people | Les 2 Alpes | pass2 (deferred depth) | missing: bedrooms; price_week_20_27_mar_2027; price_range_low; price_currency; available_20_27_mar,pending,,,,,,,
161,enrich-ingenie-les2alpes-chalet-chartreuse-2-chalet-15-people,1,enrich,CHALET CHARTREUSE 2 Chalet 15 people -,https://booking.les2alpes.com/chalet-chartreuse-2-chalet-15-people-les-2-alpes.html,ingenie-les2alpes-chalet-chartreuse-2-chalet-15-people | Les 2 Alpes | pass2 (deferred depth) | missing: bedrooms; price_week_20_27_mar_2027; price_range_low; price_currency; available_20_27_mar,pending,,,,,,,
162,enrich-ingenie-les2alpes-chalet-chloelie-appartment-10-people,1,enrich,CHALET CHLOELIE Appartment 10 people,https://booking.les2alpes.com/chalet-chloelie-appartment-10-people-les-2-alpes.html,ingenie-les2alpes-chalet-chloelie-appartment-10-people | Les 2 Alpes | pass2 (deferred depth) | missing: bedrooms; price_week_20_27_mar_2027; price_range_low; price_currency; available_20_27_mar,pending,,,,,,,
163,enrich-ingenie-les2alpes-chalet-claparelle-apartment-4-people,1,enrich,CHALET CLAPARELLE Apartment 4 people,https://booking.les2alpes.com/chalet-claparelle-apartment-4-people-les-2-alpes.html,ingenie-les2alpes-chalet-claparelle-apartment-4-people | Les 2 Alpes | pass2 (deferred depth) | missing: bedrooms; price_week_20_27_mar_2027; price_range_low; price_currency; available_20_27_mar,pending,,,,,,,
164,enrich-ingenie-les2alpes-chalet-de-marie-n1-chalet-12-people,1,enrich,CHALET DE MARIE N°1 Chalet 12 people,https://booking.les2alpes.com/chalet-de-marie-n1-chalet-12-people-les-2-alpes.html,ingenie-les2alpes-chalet-de-marie-n1-chalet-12-people | Les 2 Alpes | pass2 (deferred depth) | missing: bedrooms; price_week_20_27_mar_2027; price_range_low; price_currency; available_20_27_mar,pending,,,,,,,
165,enrich-ingenie-les2alpes-chalet-de-marie-n2-chalet-12-people,1,enrich,CHALET DE MARIE N°2 Chalet 12 people,https://booking.les2alpes.com/chalet-de-marie-n2-chalet-12-people-les-2-alpes.html,ingenie-les2alpes-chalet-de-marie-n2-chalet-12-people | Les 2 Alpes | pass2 (deferred depth) | missing: bedrooms; price_week_20_27_mar_2027; price_range_low; price_currency; available_20_27_mar,pending,,,,,,,
166,enrich-ingenie-les2alpes-chalet-erika-chalet-16-people,1,enrich,CHALET ERIKA Chalet 16 people -,https://booking.les2alpes.com/chalet-erika-chalet-16-people-les-2-alpes.html,ingenie-les2alpes-chalet-erika-chalet-16-people | Les 2 Alpes | pass2 (deferred depth) | missing: bedrooms; hot_tub; price_week_20_27_mar_2027; price_range_low; price_currency; available_20_27_mar,pending,,,,,,,
167,enrich-ingenie-les2alpes-chalet-faverot-n1-chalet-12-14-people,1,enrich,CHALET FAVEROT N°1 Chalet 12-14 people -,https://booking.les2alpes.com/chalet-faverot-n1-chalet-12-14-people-les-2-alpes-1.html,ingenie-les2alpes-chalet-faverot-n1-chalet-12-14-people | Les 2 Alpes | pass2 (deferred depth) | missing: bedrooms; price_week_20_27_mar_2027; price_range_low; price_currency; available_20_27_mar,pending,,,,,,,
168,enrich-ingenie-les2alpes-chalet-faverot-n2-chalet-10-people,1,enrich,CHALET FAVEROT N°2 Chalet 10 people -,https://booking.les2alpes.com/chalet-faverot-n2-chalet-10-people-les-2-alpes-1.html,ingenie-les2alpes-chalet-faverot-n2-chalet-10-people | Les 2 Alpes | pass2 (deferred depth) | missing: bedrooms; price_week_20_27_mar_2027; price_range_low; price_currency; available_20_27_mar,pending,,,,,,,
169,enrich-ingenie-les2alpes-chalet-gilda-chalet-12-people,1,enrich,CHALET GILDA Chalet 12 people,https://booking.les2alpes.com/chalet-gilda-chalet-12-people-les-2-alpes.html,ingenie-les2alpes-chalet-gilda-chalet-12-people | Les 2 Alpes | pass2 (deferred depth) | missing: bedrooms; hot_tub; price_week_20_27_mar_2027; price_range_low; price_currency; available_20_27_mar,pending,,,,,,,
170,enrich-ingenie-les2alpes-chalet-happy-chalet-12-people,1,enrich,CHALET HAPPY Chalet 12 people -,https://booking.les2alpes.com/chalet-happy-chalet-12-people-les-2-alpes.html,ingenie-les2alpes-chalet-happy-chalet-12-people | Les 2 Alpes | pass2 (deferred depth) | missing: bedrooms; price_week_20_27_mar_2027; price_range_low; price_currency; available_20_27_mar,pending,,,,,,,
171,enrich-ingenie-les2alpes-chalet-husky-chalet-12-people,1,enrich,CHALET HUSKY Chalet 12 people,https://booking.les2alpes.com/chalet-husky-chalet-12-people-les-2-alpes-1.html,ingenie-les2alpes-chalet-husky-chalet-12-people | Les 2 Alpes | pass2 (deferred depth) | missing: bedrooms; price_week_20_27_mar_2027; price_range_low; price_currency; available_20_27_mar,pending,,,,,,,
172,enrich-ingenie-les2alpes-chalet-l-atelier-chalet-12-people,1,enrich,CHALET L'ATELIER Chalet 12 people -,https://booking.les2alpes.com/chalet-l-atelier-chalet-12-people-les-2-alpes.html,ingenie-les2alpes-chalet-l-atelier-chalet-12-people | Les 2 Alpes | pass2 (deferred depth) | missing: bedrooms; price_week_20_27_mar_2027; price_range_low; price_currency; available_20_27_mar,pending,,,,,,,
173,enrich-ingenie-les2alpes-chalet-l-olan-chalet-15-people,1,enrich,CHALET L'OLAN Chalet 15 people -,https://booking.les2alpes.com/chalet-l-olan-chalet-15-people-les-2-alpes.html,ingenie-les2alpes-chalet-l-olan-chalet-15-people | Les 2 Alpes | pass2 (deferred depth) | missing: bedrooms; price_week_20_27_mar_2027; price_range_low; price_currency; available_20_27_mar,pending,,,,,,,
174,enrich-ingenie-les2alpes-chalet-l-olivier-chalet-12-people,1,enrich,CHALET L'OLIVIER Chalet 12 people -,https://booking.les2alpes.com/chalet-l-olivier-chalet-12-people-les-2-alpes.html,ingenie-les2alpes-chalet-l-olivier-chalet-12-people | Les 2 Alpes | pass2 (deferred depth) | missing: bedrooms; price_week_20_27_mar_2027; price_range_low; price_currency; available_20_27_mar,pending,,,,,,,
175,enrich-ingenie-les2alpes-chalet-l-ours-brun-chalet-14-personnes,1,enrich,CHALET L'OURS BRUN Chalet 14 personnes,https://booking.les2alpes.com/chalet-l-ours-brun-chalet-14-personnes-les-2-alpes.html,ingenie-les2alpes-chalet-l-ours-brun-chalet-14-personnes | Les 2 Alpes | pass2 (deferred depth) | missing: bedrooms; price_week_20_27_mar_2027; price_range_low; price_currency; available_20_27_mar,pending,,,,,,,
176,enrich-ingenie-les2alpes-chalet-l-ours-des-glaces-chalet-14-people,1,enrich,CHALET L'OURS DES GLACES Chalet 14 people -,https://booking.les2alpes.com/chalet-l-ours-des-glaces-chalet-14-people-les-2-alpes-1.html,ingenie-les2alpes-chalet-l-ours-des-glaces-chalet-14-people | Les 2 Alpes | pass2 (deferred depth) | missing: bedrooms; price_week_20_27_mar_2027; price_range_low; price_currency; available_20_27_mar,pending,,,,,,,
177,enrich-ingenie-les2alpes-chalet-l-ours-polaire14-persons-chalet,1,enrich,CHALET L'OURS POLAIRE14 persons chalet,https://booking.les2alpes.com/chalet-l-ours-polaire14-persons-chalet-les-2-alpes-1.html,ingenie-les2alpes-chalet-l-ours-polaire14-persons-chalet | Les 2 Alpes | pass2 (deferred depth) | missing: bedrooms; price_week_20_27_mar_2027; price_range_low; price_currency; available_20_27_mar,pending,,,,,,,
178,enrich-ingenie-les2alpes-chalet-l-ours-polaire14-persons-chalet-g-3800-40777,1,enrich,CHALET L'OURS POLAIRE14 persons chalet,https://booking.les2alpes.com/chalet-l-ours-polaire14-persons-chalet-les-2-alpes-1-1.html,ingenie-les2alpes-chalet-l-ours-polaire14-persons-chalet-g-3800-40777 | Les 2 Alpes | pass2 (deferred depth) | missing: bedrooms; price_week_20_27_mar_2027; price_range_low; price_currency; available_20_27_mar,pending,,,,,,,
179,enrich-ingenie-les2alpes-chalet-l-ours-polaire14-persons-chalet-g-3798-40775,1,enrich,CHALET L'OURS POLAIRE14 persons chalet,https://booking.les2alpes.com/chalet-l-ours-polaire14-persons-chalet-les-2-alpes.html,ingenie-les2alpes-chalet-l-ours-polaire14-persons-chalet-g-3798-40775 | Les 2 Alpes | pass2 (deferred depth) | missing: bedrooms; price_week_20_27_mar_2027; price_range_low; price_currency; available_20_27_mar,pending,,,,,,,
180,enrich-ingenie-les2alpes-chalet-la-dibona-l-edelweiss-apartment-8-people,1,enrich,CHALET LA DIBONA - L'EDELWEISS Apartment 8 people,https://booking.les2alpes.com/chalet-la-dibona-l-edelweiss-apartment-8-people-les-2-alpes.html,ingenie-les2alpes-chalet-la-dibona-l-edelweiss-apartment-8-people | Les 2 Alpes | pass2 (deferred depth) | missing: bedrooms; price_week_20_27_mar_2027; price_range_low; price_currency; available_20_27_mar,pending,,,,,,,
181,enrich-ingenie-les2alpes-chalet-la-dibona-l-ours-apartment-8-people,1,enrich,CHALET LA DIBONA - L'OURS Apartment 8 people,https://booking.les2alpes.com/chalet-la-dibona-l-ours-apartment-8-people-les-2-alpes.html,ingenie-les2alpes-chalet-la-dibona-l-ours-apartment-8-people | Les 2 Alpes | pass2 (deferred depth) | missing: bedrooms; price_week_20_27_mar_2027; price_range_low; price_currency; available_20_27_mar,pending,,,,,,,
182,enrich-ingenie-les2alpes-chalet-la-gardette-chalet-10-people,1,enrich,CHALET LA GARDETTE Chalet 10 people,https://booking.les2alpes.com/chalet-la-gardette-chalet-10-people-les-2-alpes.html,ingenie-les2alpes-chalet-la-gardette-chalet-10-people | Les 2 Alpes | pass2 (deferred depth) | missing: bedrooms; price_week_20_27_mar_2027; price_range_low; price_currency; available_20_27_mar,pending,,,,,,,
183,enrich-ingenie-les2alpes-chalet-la-levanna-occidentale-chalet-14-people,1,enrich,CHALET LA LEVANNA OCCIDENTALE Chalet 14 people,https://booking.les2alpes.com/chalet-la-levanna-occidentale-chalet-14-people-les-2-alpes.html,ingenie-les2alpes-chalet-la-levanna-occidentale-chalet-14-people | Les 2 Alpes | pass2 (deferred depth) | missing: bedrooms; price_week_20_27_mar_2027; price_range_low; price_currency; available_20_27_mar,pending,,,,,,,
184,enrich-ingenie-les2alpes-chalet-la-levanna-orientale-chalet-12-people,1,enrich,CHALET LA LEVANNA ORIENTALE - Chalet 12 people,https://booking.les2alpes.com/chalet-la-levanna-orientale-chalet-12-people-les-2-alpes.html,ingenie-les2alpes-chalet-la-levanna-orientale-chalet-12-people | Les 2 Alpes | pass2 (deferred depth) | missing: bedrooms; hot_tub; price_week_20_27_mar_2027; price_range_low; price_currency; available_20_27_mar,pending,,,,,,,
185,enrich-ingenie-les2alpes-chalet-la-muzelle-chalet-15-people,1,enrich,CHALET LA MUZELLE - Chalet 15 people,https://booking.les2alpes.com/chalet-la-muzelle-chalet-16-18-people-les-2-alpes.html,ingenie-les2alpes-chalet-la-muzelle-chalet-15-people | Les 2 Alpes | pass2 (deferred depth) | missing: bedrooms; price_week_20_27_mar_2027; price_range_low; price_currency; available_20_27_mar,pending,,,,,,,
186,enrich-ingenie-les2alpes-chalet-la-panthere-des-neiges-chalet-14-people,1,enrich,CHALET LA PANTHERE DES NEIGES Chalet 14 people,https://booking.les2alpes.com/chalet-la-panthere-des-neiges-chalet-14-people-les-2-alpes.html,ingenie-les2alpes-chalet-la-panthere-des-neiges-chalet-14-people | Les 2 Alpes | pass2 (deferred depth) | missing: bedrooms; price_week_20_27_mar_2027; price_range_low; price_currency; available_20_27_mar,pending,,,,,,,
187,enrich-ingenie-les2alpes-chalet-la-petite-mariande-chalet-8-people,1,enrich,CHALET LA PETITE MARIANDE Chalet 8 people -,https://booking.les2alpes.com/chalet-la-petite-mariande-chalet-8-people-les-2-alpes.html,ingenie-les2alpes-chalet-la-petite-mariande-chalet-8-people | Les 2 Alpes | pass2 (deferred depth) | missing: bedrooms; price_week_20_27_mar_2027; price_range_low; price_currency; available_20_27_mar,pending,,,,,,,
188,enrich-ingenie-les2alpes-chalet-le-bouquetin-des-alpes-chalet-10-people,1,enrich,CHALET LE BOUQUETIN DES ALPES Chalet 10 people -,https://booking.les2alpes.com/chalet-le-bouquetin-des-alpes-chalet-10-people-les-2-alpes.html,ingenie-les2alpes-chalet-le-bouquetin-des-alpes-chalet-10-people | Les 2 Alpes | pass2 (deferred depth) | missing: bedrooms; price_week_20_27_mar_2027; price_range_low; price_currency; available_20_27_mar,pending,,,,,,,
189,enrich-ingenie-les2alpes-chalet-le-chabichou-15-persons-chalet,1,enrich,CHALET LE CHABICHOU 15 persons Chalet,https://booking.les2alpes.com/chalet-le-chabichou-15-persons-chalet-les-2-alpes.html,ingenie-les2alpes-chalet-le-chabichou-15-persons-chalet | Les 2 Alpes | pass2 (deferred depth) | missing: bedrooms; price_week_20_27_mar_2027; price_range_low; price_currency; available_20_27_mar,pending,,,,,,,
190,enrich-ingenie-les2alpes-chalet-le-chablis-chalet-10-people,1,enrich,CHALET LE CHABLIS Chalet 10 people -,https://booking.les2alpes.com/chalet-le-chablis-chalet-10-people-les-2-alpes.html,ingenie-les2alpes-chalet-le-chablis-chalet-10-people | Les 2 Alpes | pass2 (deferred depth) | missing: bedrooms; price_week_20_27_mar_2027; price_range_low; price_currency; available_20_27_mar,pending,,,,,,,
191,enrich-ingenie-les2alpes-chalet-le-challenge-chalet-14-people,1,enrich,CHALET LE CHALLENGE Chalet 14 people,https://booking.les2alpes.com/chalet-le-challenge-chalet-14-people-les-2-alpes.html,ingenie-les2alpes-chalet-le-challenge-chalet-14-people | Les 2 Alpes | pass2 (deferred depth) | missing: bedrooms; price_week_20_27_mar_2027; price_range_low; price_currency; available_20_27_mar,pending,,,,,,,
192,enrich-ingenie-les2alpes-chalet-le-chantelouve-n1-apartment-6-people,1,enrich,CHALET LE CHANTELOUVE N°1 Apartment 6 people -,https://booking.les2alpes.com/chalet-le-chantelouve-n1-apartment-6-people-les-2-alpes.html,ingenie-les2alpes-chalet-le-chantelouve-n1-apartment-6-people | Les 2 Alpes | pass2 (deferred depth) | missing: bedrooms; price_week_20_27_mar_2027; price_range_low; price_currency; available_20_27_mar,pending,,,,,,,
193,enrich-ingenie-les2alpes-chalet-le-chantelouve-n18-apartment-6-people,1,enrich,CHALET LE CHANTELOUVE N°18 Apartment 6 people,https://booking.les2alpes.com/chalet-le-chantelouve-n18-apartment-6-people-les-2-alpes.html,ingenie-les2alpes-chalet-le-chantelouve-n18-apartment-6-people | Les 2 Alpes | pass2 (deferred depth) | missing: bedrooms; price_week_20_27_mar_2027; price_range_low; price_currency; available_20_27_mar,pending,,,,,,,
194,enrich-ingenie-les2alpes-chalet-le-hibou-chalet-14-people,1,enrich,CHALET LE HIBOU Chalet 14 people -,https://booking.les2alpes.com/chalet-le-hibou-chalet-14-people-les-2-alpes.html,ingenie-les2alpes-chalet-le-hibou-chalet-14-people | Les 2 Alpes | pass2 (deferred depth) | missing: bedrooms; price_week_20_27_mar_2027; price_range_low; price_currency; available_20_27_mar,pending,,,,,,,
195,enrich-ingenie-les2alpes-chalet-le-kodiak-14-persons-chalet,1,enrich,CHALET LE KODIAK 14 persons chalet,https://booking.les2alpes.com/chalet-le-kodiak-14-persons-chalet-les-2-alpes.html,ingenie-les2alpes-chalet-le-kodiak-14-persons-chalet | Les 2 Alpes | pass2 (deferred depth) | missing: bedrooms; price_week_20_27_mar_2027; price_range_low; price_currency; available_20_27_mar,pending,,,,,,,
196,enrich-ingenie-les2alpes-chalet-le-lauzet-chalet-14-people,1,enrich,CHALET LE LAUZET Chalet 14 people -,https://booking.les2alpes.com/chalet-le-lauzet-chalet-14-people-les-2-alpes.html,ingenie-les2alpes-chalet-le-lauzet-chalet-14-people | Les 2 Alpes | pass2 (deferred depth) | missing: bedrooms; price_week_20_27_mar_2027; price_range_low; price_currency; available_20_27_mar,pending,,,,,,,
197,enrich-ingenie-les2alpes-chalet-le-lievre-blanc-chalet-14-people,1,enrich,CHALET LE LIEVRE BLANC Chalet 14 people -,https://booking.les2alpes.com/chalet-le-lievre-blanc-chalet-14-people-les-2-alpes.html,ingenie-les2alpes-chalet-le-lievre-blanc-chalet-14-people | Les 2 Alpes | pass2 (deferred depth) | missing: bedrooms; price_week_20_27_mar_2027; price_range_low; price_currency; available_20_27_mar,pending,,,,,,,
198,enrich-ingenie-les2alpes-chalet-le-loup-blanc-chalet-12-people,1,enrich,CHALET LE LOUP BLANC Chalet 12 people -,https://booking.les2alpes.com/chalet-le-loup-blanc-chalet-12-people-les-2-alpes-1.html,ingenie-les2alpes-chalet-le-loup-blanc-chalet-12-people | Les 2 Alpes | pass2 (deferred depth) | missing: bedrooms; price_week_20_27_mar_2027; price_range_low; price_currency; available_20_27_mar,pending,,,,,,,
199,enrich-ingenie-les2alpes-chalet-le-loup-lodge-chalet-14-people,1,enrich,CHALET LE LOUP LODGE - Chalet 14 people,https://booking.les2alpes.com/chalet-le-loup-lodge-chalet-14-people-les-2-alpes.html,ingenie-les2alpes-chalet-le-loup-lodge-chalet-14-people | Les 2 Alpes | pass2 (deferred depth) | missing: bedrooms; price_week_20_27_mar_2027; price_range_low; price_currency; available_20_27_mar,pending,,,,,,,
200,enrich-ingenie-les2alpes-chalet-le-lynx-14-persons-chalet,1,enrich,CHALET LE LYNX 14 persons chalet,https://booking.les2alpes.com/chalet-le-lynx-14-persons-chalet-les-2-alpes.html,ingenie-les2alpes-chalet-le-lynx-14-persons-chalet | Les 2 Alpes | pass2 (deferred depth) | missing: bedrooms; price_week_20_27_mar_2027; price_range_low; price_currency; available_20_27_mar,pending,,,,,,,
201,enrich-ingenie-les2alpes-chalet-le-lys-chalet-14-people,1,enrich,CHALET LE LYS - Chalet 14 people -,https://booking.les2alpes.com/chalet-le-lys-chalet-14-people-les-2-alpes.html,ingenie-les2alpes-chalet-le-lys-chalet-14-people | Les 2 Alpes | pass2 (deferred depth) | missing: bedrooms; price_week_20_27_mar_2027; price_range_low; price_currency; available_20_27_mar,pending,,,,,,,
202,enrich-ingenie-les2alpes-chalet-le-marmotton-apartment-8-people,1,enrich,CHALET LE MARMOTTON - Apartment 8 people,https://booking.les2alpes.com/chalet-le-marmotton-apartment-8-people-les-2-alpes.html,ingenie-les2alpes-chalet-le-marmotton-apartment-8-people | Les 2 Alpes | pass2 (deferred depth) | missing: bedrooms; price_week_20_27_mar_2027; price_range_low; price_currency; available_20_27_mar,pending,,,,,,,
203,enrich-ingenie-les2alpes-chalet-le-panorama-chalet-12-people,1,enrich,CHALET LE PANORAMA Chalet 12 people -,https://booking.les2alpes.com/chalet-le-panorama-chalet-12-people-les-2-alpes.html,ingenie-les2alpes-chalet-le-panorama-chalet-12-people | Les 2 Alpes | pass2 (deferred depth) | missing: bedrooms; price_week_20_27_mar_2027; price_range_low; price_currency; available_20_27_mar,pending,,,,,,,
204,enrich-ingenie-les2alpes-chalet-le-poucet-chalet-7-people,1,enrich,CHALET LE POUCET Chalet 7 people -,https://booking.les2alpes.com/chalet-le-poucet-chalet-7-people-les-2-alpes.html,ingenie-les2alpes-chalet-le-poucet-chalet-7-people | Les 2 Alpes | pass2 (deferred depth) | missing: bedrooms; hot_tub; price_week_20_27_mar_2027; price_range_low; price_currency; available_20_27_mar,pending,,,,,,,
205,enrich-ingenie-les2alpes-chalet-le-sabot-de-venus-15-persons-chalet,1,enrich,CHALET LE SABOT DE VENUS - 15 persons chalet,https://booking.les2alpes.com/chalet-le-sabot-de-venus-15-persons-chalet-les-2-alpes.html,ingenie-les2alpes-chalet-le-sabot-de-venus-15-persons-chalet | Les 2 Alpes | pass2 (deferred depth) | missing: bedrooms; price_week_20_27_mar_2027; price_range_low; price_currency; available_20_27_mar,pending,,,,,,,
206,enrich-ingenie-les2alpes-chalet-le-saje-chalet-14-people,1,enrich,CHALET LE SAJE Chalet 14 people,https://booking.les2alpes.com/chalet-le-saje-chalet-14-people-les-2-alpes.html,ingenie-les2alpes-chalet-le-saje-chalet-14-people | Les 2 Alpes | pass2 (deferred depth) | missing: bedrooms; price_week_20_27_mar_2027; price_range_low; price_currency; available_20_27_mar,pending,,,,,,,
207,enrich-ingenie-les2alpes-chalet-le-sno-lodge-12-persons-chalet,1,enrich,CHALET LE SNO LODGE 12 persons chalet,https://booking.les2alpes.com/chalet-le-sno-lodge-12-persons-chalet-les-2-alpes.html,ingenie-les2alpes-chalet-le-sno-lodge-12-persons-chalet | Les 2 Alpes | pass2 (deferred depth) | missing: bedrooms; price_week_20_27_mar_2027; price_range_low; price_currency; available_20_27_mar,pending,,,,,,,
208,enrich-ingenie-les2alpes-chalet-le-solaret-apartment-le-solaret-8-people,1,enrich,CHALET LE SOLARET Apartment le Solaret 8 people,https://booking.les2alpes.com/chalet-le-solaret-apartment-le-solaret-8-people-les-2-alpes-1.html,ingenie-les2alpes-chalet-le-solaret-apartment-le-solaret-8-people | Les 2 Alpes | pass2 (deferred depth) | missing: bedrooms; price_week_20_27_mar_2027; price_range_low; price_currency; available_20_27_mar,pending,,,,,,,
209,enrich-ingenie-les2alpes-chalet-le-telemark-14-persons-chalet,1,enrich,CHALET LE TELEMARK 14 persons chalet,https://booking.les2alpes.com/chalet-le-telemark-14-persons-chalet-les-2-alpes.html,ingenie-les2alpes-chalet-le-telemark-14-persons-chalet | Les 2 Alpes | pass2 (deferred depth) | missing: bedrooms; price_week_20_27_mar_2027; price_range_low; price_currency; available_20_27_mar,pending,,,,,,,
210,enrich-ingenie-les2alpes-chalet-le-vertical-chalet-14-people,1,enrich,CHALET LE VERTICAL Chalet 14 people -,https://booking.les2alpes.com/chalet-le-vertical-chalet-14-people-les-2-alpes.html,ingenie-les2alpes-chalet-le-vertical-chalet-14-people | Les 2 Alpes | pass2 (deferred depth) | missing: bedrooms; price_week_20_27_mar_2027; price_range_low; price_currency; available_20_27_mar,pending,,,,,,,
211,enrich-ingenie-les2alpes-chalet-les-2-cimes-chalet-15-people,1,enrich,CHALET LES 2 CIMES Chalet 15 people -,https://booking.les2alpes.com/chalet-les-2-cimes-chalet-15-people-les-2-alpes.html,ingenie-les2alpes-chalet-les-2-cimes-chalet-15-people | Les 2 Alpes | pass2 (deferred depth) | missing: bedrooms; price_week_20_27_mar_2027; price_range_low; price_currency; available_20_27_mar,pending,,,,,,,
212,enrich-ingenie-les2alpes-chalet-les-alpages-chalet-8-people,1,enrich,CHALET LES ALPAGES Chalet 8 people -,https://booking.les2alpes.com/chalet-les-alpages-chalet-8-people-les-2-alpes.html,ingenie-les2alpes-chalet-les-alpages-chalet-8-people | Les 2 Alpes | pass2 (deferred depth) | missing: bedrooms; price_week_20_27_mar_2027; price_range_low; price_currency; available_20_27_mar,pending,,,,,,,
213,enrich-ingenie-les2alpes-chalet-les-clots-chalet-for-8-people,1,enrich,CHALET LES CLOTS Chalet for 8 people -,https://booking.les2alpes.com/chalet-les-clots-chalet-for-8-people-les-2-alpes.html,ingenie-les2alpes-chalet-les-clots-chalet-for-8-people | Les 2 Alpes | pass2 (deferred depth) | missing: bedrooms; price_week_20_27_mar_2027; price_range_low; price_currency; available_20_27_mar,pending,,,,,,,
214,enrich-ingenie-les2alpes-chalet-les-jonquilles-chalet-13-people,1,enrich,CHALET LES JONQUILLES Chalet 13 people,https://booking.les2alpes.com/chalet-les-jonquilles-chalet-13-people-les-2-alpes-1-1.html,ingenie-les2alpes-chalet-les-jonquilles-chalet-13-people | Les 2 Alpes | pass2 (deferred depth) | missing: bedrooms; price_week_20_27_mar_2027; price_range_low; price_currency; available_20_27_mar,pending,,,,,,,
215,enrich-ingenie-les2alpes-chalet-les-lauzieres-chalet-15-people,1,enrich,CHALET LES LAUZIERES Chalet 15 people -,https://booking.les2alpes.com/chalet-les-lauzieres-chalet-15-people-les-2-alpes.html,ingenie-les2alpes-chalet-les-lauzieres-chalet-15-people | Les 2 Alpes | pass2 (deferred depth) | missing: bedrooms; hot_tub; price_week_20_27_mar_2027; price_range_low; price_currency; available_20_27_mar,pending,,,,,,,
216,enrich-ingenie-les2alpes-chalet-les-lupins-apartement-4-people,1,enrich,CHALET LES LUPINS Apartement 4 people -,https://booking.les2alpes.com/chalet-les-lupins-apartement-4-people-les-2-alpes.html,ingenie-les2alpes-chalet-les-lupins-apartement-4-people | Les 2 Alpes | pass2 (deferred depth) | missing: bedrooms; price_week_20_27_mar_2027; price_range_low; price_currency; available_20_27_mar,pending,,,,,,,
217,enrich-ingenie-les2alpes-chalet-leslie-alpen-n2-chalet-12-people,1,enrich,CHALET LESLIE ALPEN N°2 Chalet 12 people -,https://booking.les2alpes.com/chalet-leslie-alpen-n2-chalet-12-people.html,ingenie-les2alpes-chalet-leslie-alpen-n2-chalet-12-people | Les 2 Alpes | pass2 (deferred depth) | missing: bedrooms; price_week_20_27_mar_2027; price_range_low; price_currency; available_20_27_mar,pending,,,,,,,
218,enrich-ingenie-les2alpes-chalet-loune-chalet-14-people,1,enrich,CHALET LOUNE Chalet 14 people,https://booking.les2alpes.com/chalet-loune-chalet-14-people-les-2-alpes.html,ingenie-les2alpes-chalet-loune-chalet-14-people | Les 2 Alpes | pass2 (deferred depth) | missing: bedrooms; price_week_20_27_mar_2027; price_range_low; price_currency; available_20_27_mar,pending,,,,,,,
219,enrich-ingenie-les2alpes-chalet-lous-menouts-chalet-10-people,1,enrich,CHALET LOUS MENOUTS Chalet 10 people,https://booking.les2alpes.com/chalet-lous-menouts-chalet-10-people-les-2-alpes.html,ingenie-les2alpes-chalet-lous-menouts-chalet-10-people | Les 2 Alpes | pass2 (deferred depth) | missing: bedrooms; price_week_20_27_mar_2027; price_range_low; price_currency; available_20_27_mar,pending,,,,,,,
220,enrich-ingenie-les2alpes-chalet-mountain-lodge-chalet-12-people,1,enrich,CHALET MOUNTAIN LODGE Chalet 12 people,https://booking.les2alpes.com/chalet-mountain-lodge-chalet-12-people-les-2-alpes.html,ingenie-les2alpes-chalet-mountain-lodge-chalet-12-people | Les 2 Alpes | pass2 (deferred depth) | missing: bedrooms; price_week_20_27_mar_2027; price_range_low; price_currency; available_20_27_mar,pending,,,,,,,
221,enrich-ingenie-les2alpes-chalet-neige-de-printemps-chalet-13-people,1,enrich,CHALET NEIGE DE PRINTEMPS Chalet 13 people,https://booking.les2alpes.com/chalet-neige-de-printemps-chalet-13-people-les-2-alpes.html,ingenie-les2alpes-chalet-neige-de-printemps-chalet-13-people | Les 2 Alpes | pass2 (deferred depth) | missing: bedrooms; price_week_20_27_mar_2027; price_range_low; price_currency; available_20_27_mar,pending,,,,,,,
222,enrich-ingenie-les2alpes-chalet-neuf-du-pape-chalet-12-people,1,enrich,CHALET NEUF DU PAPE - Chalet 12 people -,https://booking.les2alpes.com/chalet-neuf-du-pape-chalet-12-people-les-2-alpes.html,ingenie-les2alpes-chalet-neuf-du-pape-chalet-12-people | Les 2 Alpes | pass2 (deferred depth) | missing: bedrooms; price_week_20_27_mar_2027; price_range_low; price_currency; available_20_27_mar,pending,,,,,,,
223,enrich-ingenie-les2alpes-chalet-neve-chalet-8-people,1,enrich,CHALET NEVE Chalet 8 people -,https://booking.les2alpes.com/chalet-neve-chalet-8-people-les-2-alpes-1.html,ingenie-les2alpes-chalet-neve-chalet-8-people | Les 2 Alpes | pass2 (deferred depth) | missing: bedrooms; hot_tub; price_week_20_27_mar_2027; price_range_low; price_currency; available_20_27_mar,pending,,,,,,,
224,enrich-ingenie-les2alpes-chalet-nivose-apartment-6-people,1,enrich,CHALET NIVOSE Apartment 6 people -,https://booking.les2alpes.com/chalet-nivose-apartment-6-people-les-2-alpes.html,ingenie-les2alpes-chalet-nivose-apartment-6-people | Les 2 Alpes | pass2 (deferred depth) | missing: bedrooms; price_week_20_27_mar_2027; price_range_low; price_currency; available_20_27_mar,pending,,,,,,,
225,enrich-ingenie-les2alpes-chalet-norma-chalet-12-people,1,enrich,CHALET NORMA Chalet 12 people,https://booking.les2alpes.com/chalet-norma-chalet-12-people-les-2-alpes.html,ingenie-les2alpes-chalet-norma-chalet-12-people | Les 2 Alpes | pass2 (deferred depth) | missing: bedrooms; hot_tub; price_week_20_27_mar_2027; price_range_low; price_currency; available_20_27_mar,pending,,,,,,,
226,enrich-ingenie-les2alpes-chalet-ours-brun-chalet-12-people,1,enrich,CHALET OURS BRUN Chalet 12 people,https://booking.les2alpes.com/chalet-ours-brun-chalet-12-people-les-2-alpes.html,ingenie-les2alpes-chalet-ours-brun-chalet-12-people | Les 2 Alpes | pass2 (deferred depth) | missing: bedrooms; price_week_20_27_mar_2027; price_range_low; price_currency; available_20_27_mar,pending,,,,,,,
227,enrich-ingenie-les2alpes-chalet-prestige-lodge-chalet-14-people,1,enrich,CHALET PRESTIGE LODGE - Chalet 14 people,https://booking.les2alpes.com/chalet-prestige-lodge-chalet-14-people-les-2-alpes.html,ingenie-les2alpes-chalet-prestige-lodge-chalet-14-people | Les 2 Alpes | pass2 (deferred depth) | missing: bedrooms; price_week_20_27_mar_2027; price_range_low; price_currency; available_20_27_mar,pending,,,,,,,
228,enrich-ingenie-les2alpes-chalet-renard-lodge-chalet-14-people,1,enrich,CHALET RENARD LODGE - Chalet 14 people,https://booking.les2alpes.com/chalet-renard-lodge-chalet-14-people-les-2-alpes.html,ingenie-les2alpes-chalet-renard-lodge-chalet-14-people | Les 2 Alpes | pass2 (deferred depth) | missing: bedrooms; price_week_20_27_mar_2027; price_range_low; price_currency; available_20_27_mar,pending,,,,,,,
229,enrich-ingenie-les2alpes-chalet-soleil-d-hiver-chalet-12-people,1,enrich,CHALET SOLEIL D'HIVER Chalet 12 people,https://booking.les2alpes.com/chalet-soleil-d-hiver-chalet-12-people-les-2-alpes.html,ingenie-les2alpes-chalet-soleil-d-hiver-chalet-12-people | Les 2 Alpes | pass2 (deferred depth) | missing: bedrooms; hot_tub; price_week_20_27_mar_2027; price_range_low; price_currency; available_20_27_mar,pending,,,,,,,
230,enrich-ingenie-les2alpes-chalet-solongo-chalet-10-people,1,enrich,CHALET SOLONGO Chalet 10 people -,https://booking.les2alpes.com/chalet-solongo-chalet-10-people-les-2-alpes.html,ingenie-les2alpes-chalet-solongo-chalet-10-people | Les 2 Alpes | pass2 (deferred depth) | missing: bedrooms; price_week_20_27_mar_2027; price_range_low; price_currency; available_20_27_mar,pending,,,,,,,
231,enrich-ingenie-les2alpes-chalet-targuy-chalet-9-people,1,enrich,CHALET TARGUY Chalet 9 people -,https://booking.les2alpes.com/chalet-targuy-chalet-9-people-les-2-alpes.html,ingenie-les2alpes-chalet-targuy-chalet-9-people | Les 2 Alpes | pass2 (deferred depth) | missing: bedrooms; hot_tub; price_week_20_27_mar_2027; price_range_low; price_currency; available_20_27_mar,pending,,,,,,,
232,enrich-ingenie-les2alpes-chalet-tete-moute-chalet-10-people,1,enrich,CHALET TETE MOUTE Chalet 10 people,https://booking.les2alpes.com/chalet-tete-moute-chalet-10-people-les-2-alpes.html,ingenie-les2alpes-chalet-tete-moute-chalet-10-people | Les 2 Alpes | pass2 (deferred depth) | missing: bedrooms; price_week_20_27_mar_2027; price_range_low; price_currency; available_20_27_mar,pending,,,,,,,
233,enrich-ingenie-les2alpes-chalet-tiplan-chalet-14-people,1,enrich,CHALET TIPLAN Chalet 14 people -,https://booking.les2alpes.com/chalet-tiplan-chalet-14-people-les-2-alpes.html,ingenie-les2alpes-chalet-tiplan-chalet-14-people | Les 2 Alpes | pass2 (deferred depth) | missing: bedrooms; price_week_20_27_mar_2027; price_range_low; price_currency; available_20_27_mar,pending,,,,,,,
234,enrich-ingenie-les2alpes-chalet-treluyer-chalet-14-people,1,enrich,CHALET TRELUYER Chalet 14 people,https://booking.les2alpes.com/chalet-treluyer-chalet-14-people-les-2-alpes.html,ingenie-les2alpes-chalet-treluyer-chalet-14-people | Les 2 Alpes | pass2 (deferred depth) | missing: bedrooms; price_week_20_27_mar_2027; price_range_low; price_currency; available_20_27_mar,pending,,,,,,,
235,enrich-ingenie-les2alpes-chalet-treluyer-le-diable-apartment-6-people,1,enrich,CHALET TRELUYER LE DIABLE Apartment 6 people,https://booking.les2alpes.com/chalet-treluyer-le-diable-apartment-6-people-les-2-alpes.html,ingenie-les2alpes-chalet-treluyer-le-diable-apartment-6-people | Les 2 Alpes | pass2 (deferred depth) | missing: bedrooms; price_week_20_27_mar_2027; price_range_low; price_currency; available_20_27_mar,pending,,,,,,,
236,enrich-ingenie-les2alpes-chalet-treluyer-le-glacier-apartment-8-people,1,enrich,CHALET TRELUYER LE GLACIER Apartment 8 people,https://booking.les2alpes.com/chalet-treluyer-le-glacier-apartment-8-people-les-2-alpes.html,ingenie-les2alpes-chalet-treluyer-le-glacier-apartment-8-people | Les 2 Alpes | pass2 (deferred depth) | missing: bedrooms; price_week_20_27_mar_2027; price_range_low; price_currency; available_20_27_mar,pending,,,,,,,
237,enrich-ingenie-les2alpes-chalet-twin-top-apartment-12-people,1,enrich,CHALET TWIN TOP Apartment 12 people -,https://booking.les2alpes.com/chalet-twin-top-apartment-12-people-les-2-alpes-1.html,ingenie-les2alpes-chalet-twin-top-apartment-12-people | Les 2 Alpes | pass2 (deferred depth) | missing: bedrooms; price_week_20_27_mar_2027; price_range_low; price_currency; available_20_27_mar,pending,,,,,,,
238,enrich-ingenie-les2alpes-chambertin-lodge-chalet-12-personnes,1,enrich,CHAMBERTIN LODGE Chalet 12 personnes,https://booking.les2alpes.com/chambertin-lodge-chalet-12-personnes-les-2-alpes.html,ingenie-les2alpes-chambertin-lodge-chalet-12-personnes | Les 2 Alpes | pass2 (deferred depth) | missing: bedrooms; price_week_20_27_mar_2027; price_range_low; price_currency; available_20_27_mar,pending,,,,,,,
239,enrich-altitude-holidays-chalet-les-jonquilles,1,enrich,Chalet Les Jonquilles,https://altitudeholidays.co.uk/resorts/france/les-deux-alpes/accommodation/property/chalet-les-jonquilles,altitude-holidays-chalet-les-jonquilles | Les 2 Alpes | pass2 (deferred depth) | missing: price_week_20_27_mar_2027; price_range_low; price_currency; available_20_27_mar; image_count,pending,,,,,,,
240,enrich-ingenie-les2alpes-house-alice-apartment-ancolie-10-people,1,enrich,HOUSE ALICE Apartment Ancolie 10 people -,https://booking.les2alpes.com/house-alice-apartment-ancolie-10-people-les-2-alpes.html,ingenie-les2alpes-house-alice-apartment-ancolie-10-people | Les 2 Alpes | pass2 (deferred depth) | missing: bedrooms; price_week_20_27_mar_2027; price_range_low; price_currency; available_20_27_mar,pending,,,,,,,
241,enrich-ingenie-les2alpes-house-alice-apartment-anemone-14-people,1,enrich,HOUSE ALICE Apartment Anémone 14 people -,https://booking.les2alpes.com/house-alice-apartment-anemone-14-people-les-2-alpes.html,ingenie-les2alpes-house-alice-apartment-anemone-14-people | Les 2 Alpes | pass2 (deferred depth) | missing: bedrooms; price_week_20_27_mar_2027; price_range_low; price_currency; available_20_27_mar,pending,,,,,,,
242,enrich-ingenie-les2alpes-l-ecrin-blanc-chalet-8-personnes,1,enrich,L'ECRIN BLANC Chalet 8 personnes,https://booking.les2alpes.com/l-ecrin-blanc-chalet-8-personnes-les-2-alpes.html,ingenie-les2alpes-l-ecrin-blanc-chalet-8-personnes | Les 2 Alpes | pass2 (deferred depth) | missing: bedrooms; price_week_20_27_mar_2027; price_range_low; price_currency; available_20_27_mar,pending,,,,,,,
243,enrich-ingenie-les2alpes-la-levanna-apartment-5-people,1,enrich,LA LEVANNA Apartment 5 people -,https://booking.les2alpes.com/la-levanna-apartment-5-people-les-2-alpes.html,ingenie-les2alpes-la-levanna-apartment-5-people | Les 2 Alpes | pass2 (deferred depth) | missing: bedrooms; price_week_20_27_mar_2027; price_range_low; price_currency; available_20_27_mar,pending,,,,,,,
244,enrich-ingenie-les2alpes-le-chalet-aigle-royal-chalet-8-people,1,enrich,LE CHALET AIGLE ROYAL Chalet 8 people -,https://booking.les2alpes.com/le-chalet-aigle-royal-chalet-8-people-les-2-alpes.html,ingenie-les2alpes-le-chalet-aigle-royal-chalet-8-people | Les 2 Alpes | pass2 (deferred depth) | missing: bedrooms; price_week_20_27_mar_2027; price_range_low; price_currency; available_20_27_mar,pending,,,,,,,
245,enrich-ingenie-les2alpes-le-chalet-balalaika-chalet-11-people,1,enrich,LE CHALET BALALAIKA Chalet 11 people -,https://booking.les2alpes.com/le-chalet-balalaika-chalet-11-people-les-2-alpes.html,ingenie-les2alpes-le-chalet-balalaika-chalet-11-people | Les 2 Alpes | pass2 (deferred depth) | missing: bedrooms; price_week_20_27_mar_2027; price_range_low; price_currency; available_20_27_mar,pending,,,,,,,
246,enrich-ingenie-les2alpes-le-chalet-bellachom-1657-chalet-14-people,1,enrich,LE CHALET BELLACHOM 1657 Chalet 14 people -,https://booking.les2alpes.com/le-chalet-bellachom-1657-chalet-14-people-les-2-alpes.html,ingenie-les2alpes-le-chalet-bellachom-1657-chalet-14-people | Les 2 Alpes | pass2 (deferred depth) | missing: bedrooms; price_week_20_27_mar_2027; price_range_low; price_currency; available_20_27_mar,pending,,,,,,,
247,enrich-ingenie-les2alpes-le-chalet-cimeo-chalet-12-people,1,enrich,LE CHALET CIMEO Chalet 12 people,https://booking.les2alpes.com/le-chalet-cimeo-chalet-12-people-les-2-alpes.html,ingenie-les2alpes-le-chalet-cimeo-chalet-12-people | Les 2 Alpes | pass2 (deferred depth) | missing: bedrooms; price_week_20_27_mar_2027; price_range_low; price_currency; available_20_27_mar,pending,,,,,,,
248,enrich-ingenie-les2alpes-le-chalet-clos-chalance-apartment-10-people,1,enrich,LE CHALET CLOS CHALANCE Apartment 10 people,https://booking.les2alpes.com/le-chalet-clos-chalance-apartment-10-people-les-2-alpes.html,ingenie-les2alpes-le-chalet-clos-chalance-apartment-10-people | Les 2 Alpes | pass2 (deferred depth) | missing: bedrooms; price_week_20_27_mar_2027; price_range_low; price_currency; available_20_27_mar,pending,,,,,,,
249,enrich-ingenie-les2alpes-le-chalet-clos-chalance-apartment-6-people,1,enrich,LE CHALET CLOS CHALANCE Apartment 6 people,https://booking.les2alpes.com/le-chalet-clos-chalance-apartment-6-people-les-2-alpes.html,ingenie-les2alpes-le-chalet-clos-chalance-apartment-6-people | Les 2 Alpes | pass2 (deferred depth) | missing: bedrooms; price_week_20_27_mar_2027; price_range_low; price_currency; available_20_27_mar,pending,,,,,,,
250,enrich-ingenie-les2alpes-le-chalet-d-isa-apartment-6-people,1,enrich,LE CHALET D'ISA Apartment 6 people -,https://booking.les2alpes.com/le-chalet-d-isa-apartment-6-people-les-2-alpes.html,ingenie-les2alpes-le-chalet-d-isa-apartment-6-people | Les 2 Alpes | pass2 (deferred depth) | missing: bedrooms; price_week_20_27_mar_2027; price_range_low; price_currency; available_20_27_mar,pending,,,,,,,
251,enrich-ingenie-les2alpes-le-chalet-d-orion-chalet-15-people,1,enrich,LE CHALET D'ORION Chalet 15 people,https://booking.les2alpes.com/le-chalet-d-orion-chalet-15-people-les-2-alpes.html,ingenie-les2alpes-le-chalet-d-orion-chalet-15-people | Les 2 Alpes | pass2 (deferred depth) | missing: bedrooms; price_week_20_27_mar_2027; price_range_low; price_currency; available_20_27_mar,pending,,,,,,,
252,enrich-ingenie-les2alpes-le-chalet-des-trois-ours-deva-n1-apartment-9-people,1,enrich,LE CHALET DES TROIS OURS - DEVA N°1 Apartment 9 people,https://booking.les2alpes.com/le-chalet-des-trois-ours-deva-n1-apartment-9-people-les-2-alpes.html,ingenie-les2alpes-le-chalet-des-trois-ours-deva-n1-apartment-9-people | Les 2 Alpes | pass2 (deferred depth) | missing: bedrooms; price_week_20_27_mar_2027; price_range_low; price_currency; available_20_27_mar,pending,,,,,,,
253,enrich-ingenie-les2alpes-le-chalet-des-trois-ours-deva-n2-apartment-11-people,1,enrich,LE CHALET DES TROIS OURS - DEVA N°2 Apartment 11 people,https://booking.les2alpes.com/le-chalet-des-trois-ours-deva-n2-apartment-11-people-les-2-alpes.html,ingenie-les2alpes-le-chalet-des-trois-ours-deva-n2-apartment-11-people | Les 2 Alpes | pass2 (deferred depth) | missing: bedrooms; price_week_20_27_mar_2027; price_range_low; price_currency; available_20_27_mar,pending,,,,,,,
254,enrich-ingenie-les2alpes-le-chalet-des-trois-ours-deva-n3-apartment-11-people,1,enrich,LE CHALET DES TROIS OURS - DEVA N°3 Apartment 11 people,https://booking.les2alpes.com/le-chalet-des-trois-ours-deva-n3-apartment-11-people-les-2-alpes.html,ingenie-les2alpes-le-chalet-des-trois-ours-deva-n3-apartment-11-people | Les 2 Alpes | pass2 (deferred depth) | missing: bedrooms; price_week_20_27_mar_2027; price_range_low; price_currency; available_20_27_mar,pending,,,,,,,
255,enrich-ingenie-les2alpes-le-chalet-lauranoure-diable-apartment-8-people,1,enrich,LE CHALET LAURANOURE DIABLE Apartment 8 people,https://booking.les2alpes.com/le-chalet-lauranoure-diable-apartment-8-people-les-2-alpes.html,ingenie-les2alpes-le-chalet-lauranoure-diable-apartment-8-people | Les 2 Alpes | pass2 (deferred depth) | missing: bedrooms; price_week_20_27_mar_2027; price_range_low; price_currency; available_20_27_mar,pending,,,,,,,
256,enrich-ingenie-les2alpes-le-chalet-panoramik-chalet-14-people,1,enrich,LE CHALET PANORAMIK Chalet 14 people -,https://booking.les2alpes.com/le-chalet-panoramik-chalet-14-people-les-2-alpes.html,ingenie-les2alpes-le-chalet-panoramik-chalet-14-people | Les 2 Alpes | pass2 (deferred depth) | missing: bedrooms; price_week_20_27_mar_2027; price_range_low; price_currency; available_20_27_mar,pending,,,,,,,
257,enrich-ingenie-les2alpes-le-chalet-premiere-loge-chalet-12-people,1,enrich,LE CHALET PREMIERE LOGE Chalet 12 people -,https://booking.les2alpes.com/le-chalet-premiere-loge-chalet-12-people-les-2-alpes.html,ingenie-les2alpes-le-chalet-premiere-loge-chalet-12-people | Les 2 Alpes | pass2 (deferred depth) | missing: bedrooms; price_week_20_27_mar_2027; price_range_low; price_currency; available_20_27_mar,pending,,,,,,,
258,enrich-ingenie-les2alpes-le-chalet-ruby-chalet-15-people,1,enrich,LE CHALET RUBY Chalet 15 people -,https://booking.les2alpes.com/le-chalet-ruby-chalet-15-people-les-2-alpes.html,ingenie-les2alpes-le-chalet-ruby-chalet-15-people | Les 2 Alpes | pass2 (deferred depth) | missing: bedrooms; price_week_20_27_mar_2027; price_range_low; price_currency; available_20_27_mar,pending,,,,,,,
259,enrich-ingenie-les2alpes-le-chalet-solski-cote-belle-apartment-10-people,1,enrich,LE CHALET SOLSKI COTE BELLE Apartment 10 people,https://booking.les2alpes.com/le-chalet-solski-cote-belle-apartment-10-people-les-2-alpes.html,ingenie-les2alpes-le-chalet-solski-cote-belle-apartment-10-people | Les 2 Alpes | pass2 (deferred depth) | missing: bedrooms; price_week_20_27_mar_2027; price_range_low; price_currency; available_20_27_mar,pending,,,,,,,
260,enrich-ingenie-les2alpes-le-chalet-tout-schuss-chalet-14-people,1,enrich,LE CHALET TOUT SCHUSS Chalet 14 people -,https://booking.les2alpes.com/le-chalet-tout-schuss-chalet-14-people-les-2-alpes.html,ingenie-les2alpes-le-chalet-tout-schuss-chalet-14-people | Les 2 Alpes | pass2 (deferred depth) | missing: bedrooms; price_week_20_27_mar_2027; price_range_low; price_currency; available_20_27_mar,pending,,,,,,,
261,enrich-ingenie-les2alpes-le-chalet-valentine-chalet-12-people,1,enrich,LE CHALET VALENTINE Chalet 12 people -,https://booking.les2alpes.com/le-chalet-valentine-chalet-12-people-les-2-alpes.html,ingenie-les2alpes-le-chalet-valentine-chalet-12-people | Les 2 Alpes | pass2 (deferred depth) | missing: bedrooms; price_week_20_27_mar_2027; price_range_low; price_currency; available_20_27_mar,pending,,,,,,,
262,enrich-ingenie-les2alpes-le-p-tit-chalet-chalet-6-people,1,enrich,LE P'TIT CHALET Chalet 6 people -,https://booking.les2alpes.com/le-p-tit-chalet-chalet-6-people-les-2-alpes.html,ingenie-les2alpes-le-p-tit-chalet-chalet-6-people | Les 2 Alpes | pass2 (deferred depth) | missing: bedrooms; price_week_20_27_mar_2027; price_range_low; price_currency; available_20_27_mar,pending,,,,,,,
263,enrich-ingenie-les2alpes-le-sapinou-apartment-10-people,1,enrich,LE SAPINOU Apartment 10 people -,https://booking.les2alpes.com/le-sapinou-apartment-10-people-les-2-alpes.html,ingenie-les2alpes-le-sapinou-apartment-10-people | Les 2 Alpes | pass2 (deferred depth) | missing: bedrooms; price_week_20_27_mar_2027; price_range_low; price_currency; available_20_27_mar,pending,,,,,,,
264,enrich-ingenie-les2alpes-le-sapinou-apartment-6-people,1,enrich,LE SAPINOU apartment 6 people -,https://booking.les2alpes.com/le-sapinou-apartment-6-people-les-2-alpes.html,ingenie-les2alpes-le-sapinou-apartment-6-people | Les 2 Alpes | pass2 (deferred depth) | missing: bedrooms; price_week_20_27_mar_2027; price_range_low; price_currency; available_20_27_mar,pending,,,,,,,
265,enrich-ingenie-les2alpes-les-clochettes-n1-apartment-10-people,1,enrich,LES CLOCHETTES N°1 Apartment 10 people -,https://booking.les2alpes.com/les-clochettes-n1-apartment-10-people-les-2-alpes.html,ingenie-les2alpes-les-clochettes-n1-apartment-10-people | Les 2 Alpes | pass2 (deferred depth) | missing: bedrooms; price_week_20_27_mar_2027; price_range_low; price_currency; available_20_27_mar,pending,,,,,,,
266,enrich-ingenie-les2alpes-les-marronniers-rdc-apartment-6-people,1,enrich,LES MARRONNIERS RDC Apartment 6 people -,https://booking.les2alpes.com/les-marronniers-rdc-apartment-6-people.html,ingenie-les2alpes-les-marronniers-rdc-apartment-6-people | Les 2 Alpes | pass2 (deferred depth) | missing: bedrooms; price_week_20_27_mar_2027; price_range_low; price_currency; available_20_27_mar,pending,,,,,,,
267,enrich-ingenie-les2alpes-les-myrtilles-apartment-10-people,1,enrich,LES MYRTILLES Apartment 10 people -,https://booking.les2alpes.com/les-myrtilles-apartment-10-people-les-2-alpes.html,ingenie-les2alpes-les-myrtilles-apartment-10-people | Les 2 Alpes | pass2 (deferred depth) | missing: bedrooms; price_week_20_27_mar_2027; price_range_low; price_currency; available_20_27_mar,pending,,,,,,,
268,enrich-ingenie-les2alpes-les-sequoias-chalet-10-n103-apartment-4-people,1,enrich,LES SEQUOIAS Chalet 10 N°103 Apartment 4 people,https://booking.les2alpes.com/les-sequoias-chalet-10-n103-apartment-4-people-les-2-alpes.html,ingenie-les2alpes-les-sequoias-chalet-10-n103-apartment-4-people | Les 2 Alpes | pass2 (deferred depth) | missing: bedrooms; price_week_20_27_mar_2027; price_range_low; price_currency; available_20_27_mar,pending,,,,,,,
269,enrich-altitude-holidays-les-2-alpes-116,1,enrich,Les 2 Alpes 116,https://altitudeholidays.co.uk/resorts/france/les-deux-alpes/accommodation/property/les-2-alpes-116,altitude-holidays-les-2-alpes-116 | Les 2 Alpes | pass2 (deferred depth) | missing: price_week_20_27_mar_2027; price_range_low; price_currency; available_20_27_mar; image_count,pending,,,,,,,
270,enrich-altitude-holidays-les-2-alpes-117,1,enrich,Les 2 Alpes 117,https://altitudeholidays.co.uk/resorts/france/les-deux-alpes/accommodation/property/les-2-alpes-117,altitude-holidays-les-2-alpes-117 | Les 2 Alpes | pass2 (deferred depth) | missing: price_week_20_27_mar_2027; price_range_low; price_currency; available_20_27_mar; image_count,pending,,,,,,,
271,enrich-ingenie-les2alpes-snowy-chalet-apartment-8-people-6-adults-2-children,1,enrich,SNOWY CHALET Apartment 8 people (6 adults + 2 children),https://booking.les2alpes.com/snowy-chalet-apartment-8-people-6-adults-2-children-les-2-alpes.html,ingenie-les2alpes-snowy-chalet-apartment-8-people-6-adults-2-children | Les 2 Alpes | pass2 (deferred depth) | missing: bedrooms; price_week_20_27_mar_2027; price_range_low; price_currency; available_20_27_mar,pending,,,,,,,
272,enrich-ingenie-les2alpes-chalet-le-petit-bes-chalet-14-people-mont-de-lans-village,1,enrich,Chalet LE PETIT BES Chalet 14 people (Mont de Lans village) -,https://booking.les2alpes.com/chalet-le-petit-bes-chalet-14-people-mont-de-lans-village-mont-de-lans-village.html,ingenie-les2alpes-chalet-le-petit-bes-chalet-14-people-mont-de-lans-village | Mont-de-Lans | pass2 (deferred depth) | missing: bedrooms; price_week_20_27_mar_2027; price_range_low; price_currency; available_20_27_mar,pending,,,,,,,
273,enrich-ingenie-les2alpes-le-chalet-zoeva-chalet-12-people-mont-de-lans-village,1,enrich,LE CHALET ZOEVA Chalet 12 people (Mont de Lans Village),https://booking.les2alpes.com/le-chalet-zoeva-chalet-12-people-mont-de-lans-village-mont-de-lans-village.html,ingenie-les2alpes-le-chalet-zoeva-chalet-12-people-mont-de-lans-village | Mont-de-Lans | pass2 (deferred depth) | missing: bedrooms; price_week_20_27_mar_2027; price_range_low; price_currency; available_20_27_mar,pending,,,,,,,
274,enrich-ingenie-les2alpes-chalet-la-sagnette-venosc-village-chalet-10-people,1,enrich,CHALET LA SAGNETTE (Venosc Village) Chalet 10 people -,https://booking.les2alpes.com/chalet-la-sagnette-venosc-village-chalet-10-people-venosc-village.html,ingenie-les2alpes-chalet-la-sagnette-venosc-village-chalet-10-people | Vénosc | pass2 (deferred depth) | missing: bedrooms; price_week_20_27_mar_2027; price_range_low; price_currency; available_20_27_mar,pending,,,,,,,
275,enrich-ingenie-les2alpes-chalet-meleze-venosc-village-chalet-11-people,1,enrich,CHALET MELEZE (Venosc village) Chalet 11 people,https://booking.les2alpes.com/chalet-meleze-venosc-village-chalet-11-people-venosc-village.html,ingenie-les2alpes-chalet-meleze-venosc-village-chalet-11-people | Vénosc | pass2 (deferred depth) | missing: bedrooms; price_week_20_27_mar_2027; price_range_low; price_currency; available_20_27_mar,pending,,,,,,,
276,enrich-ingenie-les2alpes-l-asphodele-venosc-village-chalet-12-people,1,enrich,L' ASPHODELE (Venosc Village) Chalet 12 people -,https://booking.les2alpes.com/l-asphodele-venosc-village-chalet-12-people-venosc-village.html,ingenie-les2alpes-l-asphodele-venosc-village-chalet-12-people | Vénosc | pass2 (deferred depth) | missing: bedrooms; price_week_20_27_mar_2027; price_range_low; price_currency; available_20_27_mar,pending,,,,,,,
277,enrich-ingenie-les2alpes-l-aigle-venosc-village-chalet-10-people,1,enrich,L'AIGLE (Venosc Village) Chalet 10 people -,https://booking.les2alpes.com/l-aigle-venosc-village-chalet-10-people-venosc-village.html,ingenie-les2alpes-l-aigle-venosc-village-chalet-10-people | Vénosc | pass2 (deferred depth) | missing: bedrooms; price_week_20_27_mar_2027; price_range_low; price_currency; available_20_27_mar,pending,,,,,,,
278,enrich-ingenie-les2alpes-la-terrasse-du-replat-venosc-village-chalet-12-people,1,enrich,LA TERRASSE DU REPLAT (Venosc Village) Chalet 12 people -,https://booking.les2alpes.com/la-terrasse-du-replat-venosc-village-chalet-12-people-venosc-village.html,ingenie-les2alpes-la-terrasse-du-replat-venosc-village-chalet-12-people | Vénosc | pass2 (deferred depth) | missing: bedrooms; price_week_20_27_mar_2027; price_range_low; price_currency; available_20_27_mar,pending,,,,,,,
279,enrich-ingenie-les2alpes-le-chalet-de-pascale-venosc-village-chalet-14-people,1,enrich,LE CHALET DE PASCALE (Venosc Village) Chalet 14 people -,https://booking.les2alpes.com/le-chalet-de-pascale-venosc-village-chalet-14-people-venosc-village.html,ingenie-les2alpes-le-chalet-de-pascale-venosc-village-chalet-14-people | Vénosc | pass2 (deferred depth) | missing: bedrooms; price_week_20_27_mar_2027; price_range_low; price_currency; available_20_27_mar,pending,,,,,,,
280,enrich-ingenie-les2alpes-le-chalet-des-amis-venosc-village-chalet-12-people,1,enrich,LE CHALET DES AMIS (Venosc Village) Chalet 12 people -,https://booking.les2alpes.com/le-chalet-des-amis-venosc-village-chalet-12-people-venosc-village.html,ingenie-les2alpes-le-chalet-des-amis-venosc-village-chalet-12-people | Vénosc | pass2 (deferred depth) | missing: bedrooms; price_week_20_27_mar_2027; price_range_low; price_currency; available_20_27_mar,pending,,,,,,,
281,enrich-ingenie-les2alpes-le-foyer-venosc-village-chalet-12-people,1,enrich,LE FOYER (Venosc Village) Chalet 12 people -,https://booking.les2alpes.com/le-foyer-venosc-village-chalet-12-people-venosc-village.html,ingenie-les2alpes-le-foyer-venosc-village-chalet-12-people | Vénosc | pass2 (deferred depth) | missing: bedrooms; price_week_20_27_mar_2027; price_range_low; price_currency; available_20_27_mar,pending,,,,,,,
282,enrich-ingenie-les2alpes-le-grill-venosc-village-chalet-14-people,1,enrich,LE GRILL (Venosc Village) Chalet 14 people,https://booking.les2alpes.com/le-grill-venosc-village-chalet-14-people-venosc-village.html,ingenie-les2alpes-le-grill-venosc-village-chalet-14-people | Vénosc | pass2 (deferred depth) | missing: bedrooms; price_week_20_27_mar_2027; price_range_low; price_currency; available_20_27_mar,pending,,,,,,,
283,enrich-ingenie-les2alpes-le-kerl-venosc-village-chalet-8-people,1,enrich,LE KERL (Venosc village) - Chalet 8 people -,https://booking.les2alpes.com/le-kerl-venosc-village-chalet-8-people-venosc-village.html,ingenie-les2alpes-le-kerl-venosc-village-chalet-8-people | Vénosc | pass2 (deferred depth) | missing: bedrooms; price_week_20_27_mar_2027; price_range_low; price_currency; available_20_27_mar,pending,,,,,,,
284,enrich-ingenie-les2alpes-le-lodge-venosc-village-chalet-14-people,1,enrich,LE LODGE (Venosc Village) Chalet 14 people -,https://booking.les2alpes.com/le-lodge-venosc-village-chalet-14-people-venosc-village.html,ingenie-les2alpes-le-lodge-venosc-village-chalet-14-people | Vénosc | pass2 (deferred depth) | missing: bedrooms; price_week_20_27_mar_2027; price_range_low; price_currency; available_20_27_mar,pending,,,,,,,
285,enrich-ingenie-les2alpes-le-pic-venosc-village-chalet-14-people,1,enrich,LE PIC (Venosc Village) Chalet 14 people -,https://booking.les2alpes.com/le-pic-venosc-village-chalet-14-people-venosc-village.html,ingenie-les2alpes-le-pic-venosc-village-chalet-14-people | Vénosc | pass2 (deferred depth) | missing: bedrooms; price_week_20_27_mar_2027; price_range_low; price_currency; available_20_27_mar,pending,,,,,,,
286,enrich-ingenie-les2alpes-le-snug-venosc-village-chalet-6-people,1,enrich,LE SNUG (Venosc Village) Chalet 6 people -,https://booking.les2alpes.com/le-snug-venosc-village-chalet-6-people-venosc-village.html,ingenie-les2alpes-le-snug-venosc-village-chalet-6-people | Vénosc | pass2 (deferred depth) | missing: bedrooms; price_week_20_27_mar_2027; price_range_low; price_currency; available_20_27_mar,pending,,,,,,,
287,enrich-ingenie-sja73-appartement-de-charme-pied-des-pistes,1,enrich,Appartement de charme pied des pistes,https://www.sja73.com/appartement-de-charme-pied-des-pistes.html,ingenie-sja73-appartement-de-charme-pied-des-pistes | St-Jean-d'Arves | pass2 (deferred depth) | missing: bedrooms; price_week_20_27_mar_2027; available_20_27_mar,pending,,,,,,,
288,enrich-ingenie-sja73-appartement-du-choucas-g102,1,enrich,Appartement du Choucas G102,https://www.sja73.com/appartement-du-choucas-g102.html,ingenie-sja73-appartement-du-choucas-g102 | St-Jean-d'Arves | pass2 (deferred depth) | missing: price_week_20_27_mar_2027; price_range_low; price_currency; available_20_27_mar,pending,,,,,,,
289,enrich-ingenie-sja73-balcon-de-l-alpe-b-29,1,enrich,Balcon de l'Alpe B 29,https://www.sja73.com/balcon-de-l-alpe-b-29.html,ingenie-sja73-balcon-de-l-alpe-b-29 | St-Jean-d'Arves | pass2 (deferred depth) | missing: price_week_20_27_mar_2027; available_20_27_mar,pending,,,,,,,
290,enrich-ingenie-sja73-balcon-de-l-alpe-b-n2,1,enrich,Balcon de l'Alpe B n°2,https://www.sja73.com/balcon-de-l-alpe-b-n2.html,ingenie-sja73-balcon-de-l-alpe-b-n2 | St-Jean-d'Arves | pass2 (deferred depth) | missing: bedrooms; price_week_20_27_mar_2027; price_range_low; price_currency; available_20_27_mar,pending,,,,,,,
291,enrich-ingenie-sja73-chalet-ourson-n71,1,enrich,CHALET OURSON n°71,https://www.sja73.com/chalet-ourson-n71.html,ingenie-sja73-chalet-ourson-n71 | St-Jean-d'Arves | pass2 (deferred depth) | missing: price_week_20_27_mar_2027; available_20_27_mar; image_count,pending,,,,,,,
292,enrich-ingenie-sja73-chalet-mirette-app-53,1,enrich,"Chalet ""Mirette"" App 53",https://www.sja73.com/chalet-mirette-app-53.html,ingenie-sja73-chalet-mirette-app-53 | St-Jean-d'Arves | pass2 (deferred depth) | missing: price_week_20_27_mar_2027; price_range_low; price_currency; available_20_27_mar,pending,,,,,,,
293,enrich-ingenie-sja73-chalet-arvina-l-escargot,1,enrich,Chalet Arvina - L'Escargot,https://www.sja73.com/chalet-arvina-l-escargot.html,ingenie-sja73-chalet-arvina-l-escargot | St-Jean-d'Arves | pass2 (deferred depth) | missing: price_week_20_27_mar_2027; available_20_27_mar,pending,,,,,,,
294,enrich-ingenie-sja73-chalet-arvina-la-grande-vadrouille,1,enrich,Chalet Arvina - La Grande Vadrouille,https://www.sja73.com/chalet-arvina-la-grande-vadrouille.html,ingenie-sja73-chalet-arvina-la-grande-vadrouille | St-Jean-d'Arves | pass2 (deferred depth) | missing: price_week_20_27_mar_2027; available_20_27_mar,pending,,,,,,,
295,enrich-ingenie-sja73-chalet-arvina-la-pirouette,1,enrich,Chalet Arvina - La Pirouette,https://www.sja73.com/chalet-arvina-la-pirouette.html,ingenie-sja73-chalet-arvina-la-pirouette | St-Jean-d'Arves | pass2 (deferred depth) | missing: price_week_20_27_mar_2027; available_20_27_mar,pending,,,,,,,
296,enrich-ingenie-sja73-chalet-arvina-le-dahu,1,enrich,Chalet Arvina - Le Dahu,https://www.sja73.com/chalet-arvina-le-dahu.html,ingenie-sja73-chalet-arvina-le-dahu | St-Jean-d'Arves | pass2 (deferred depth) | missing: price_week_20_27_mar_2027; available_20_27_mar,pending,,,,,,,
297,enrich-ingenie-sja73-chalet-arvina-le-lievre,1,enrich,Chalet Arvina - Le Lièvre,https://www.sja73.com/chalet-arvina-le-lievre.html,ingenie-sja73-chalet-arvina-le-lievre | St-Jean-d'Arves | pass2 (deferred depth) | missing: price_week_20_27_mar_2027; available_20_27_mar,pending,,,,,,,
298,enrich-ingenie-sja73-chalet-arvina-pralud,1,enrich,Chalet Arvina - Pralud,https://www.sja73.com/chalet-arvina-pralud.html,ingenie-sja73-chalet-arvina-pralud | St-Jean-d'Arves | pass2 (deferred depth) | missing: price_week_20_27_mar_2027; available_20_27_mar,pending,,,,,,,
299,enrich-ingenie-sja73-chalet-l-etendard-n-11,1,enrich,Chalet L'Etendard n° 11,https://www.sja73.com/chalet-l-etendard-n-11.html,ingenie-sja73-chalet-l-etendard-n-11 | St-Jean-d'Arves | pass2 (deferred depth) | missing: price_week_20_27_mar_2027; available_20_27_mar; image_count,pending,,,,,,,
300,enrich-ingenie-sja73-chalet-l-oule-rouge-15-pers,1,enrich,Chalet L'Oule Rouge - 15 pers,https://www.sja73.com/chalet-l-oule-rouge-15-pers.html,ingenie-sja73-chalet-l-oule-rouge-15-pers | St-Jean-d'Arves | pass2 (deferred depth) | missing: price_week_20_27_mar_2027; available_20_27_mar,pending,,,,,,,
301,enrich-ingenie-sja73-chalet-le-bourrier-i,1,enrich,Chalet Le Bourrier I,https://www.sja73.com/chalet-le-bourrier-i.html,ingenie-sja73-chalet-le-bourrier-i | St-Jean-d'Arves | pass2 (deferred depth) | missing: price_week_20_27_mar_2027; available_20_27_mar,pending,,,,,,,
302,enrich-ingenie-sja73-chalet-le-collet,1,enrich,Chalet Le Collet,https://www.sja73.com/chalet-le-collet.html,ingenie-sja73-chalet-le-collet | St-Jean-d'Arves | pass2 (deferred depth) | missing: price_week_20_27_mar_2027; price_range_low; price_currency; available_20_27_mar,pending,,,,,,,
303,enrich-ingenie-sja73-chalet-de-la-fleur,1,enrich,Chalet de La Fleur,https://www.sja73.com/chalet-de-la-fleur.html,ingenie-sja73-chalet-de-la-fleur | St-Jean-d'Arves | pass2 (deferred depth) | missing: price_week_20_27_mar_2027; available_20_27_mar,pending,,,,,,,
304,enrich-ingenie-sja73-chalet-face-aux-glaciers,1,enrich,Chalet face aux glaciers,https://www.sja73.com/chalet-face-aux-glaciers.html,ingenie-sja73-chalet-face-aux-glaciers | St-Jean-d'Arves | pass2 (deferred depth) | missing: price_week_20_27_mar_2027; price_range_low; price_currency; available_20_27_mar,pending,,,,,,,
305,enrich-ingenie-sja73-chalet-l-arcosse-n3,1,enrich,Chalet l'Arcosse n°3,https://www.sja73.com/chalet-l-arcosse-n3.html,ingenie-sja73-chalet-l-arcosse-n3 | St-Jean-d'Arves | pass2 (deferred depth) | missing: price_week_20_27_mar_2027; available_20_27_mar,pending,,,,,,,
306,enrich-ingenie-sja73-chalet-l-etendard-n14,1,enrich,Chalet l'Etendard n°14,https://www.sja73.com/chalet-l-etendard-n14.html,ingenie-sja73-chalet-l-etendard-n14 | St-Jean-d'Arves | pass2 (deferred depth) | missing: price_week_20_27_mar_2027; available_20_27_mar,pending,,,,,,,
307,enrich-ingenie-sja73-chalet-sous-le-collet,1,enrich,Chalet sous le Collet,https://www.sja73.com/chalet-sous-le-collet.html,ingenie-sja73-chalet-sous-le-collet | St-Jean-d'Arves | pass2 (deferred depth) | missing: price_week_20_27_mar_2027; price_range_low; price_currency; available_20_27_mar,pending,,,,,,,
308,enrich-ingenie-sja73-chez-paulette,1,enrich,Chez Paulette,https://www.sja73.com/chez-paulette.html,ingenie-sja73-chez-paulette | St-Jean-d'Arves | pass2 (deferred depth) | missing: bedrooms; price_week_20_27_mar_2027; price_range_low; price_currency; available_20_27_mar,pending,,,,,,,
309,enrich-ingenie-sja73-fontaine-du-roi-1-h95,1,enrich,Fontaine du ROI 1 - H95,https://www.sja73.com/fontaine-du-roi-1-h95.html,ingenie-sja73-fontaine-du-roi-1-h95 | St-Jean-d'Arves | pass2 (deferred depth) | missing: bedrooms; price_week_20_27_mar_2027; available_20_27_mar,pending,,,,,,,
310,enrich-ingenie-sja73-l-alpage,1,enrich,L'Alpage,https://www.sja73.com/l-alpage.html,ingenie-sja73-l-alpage | St-Jean-d'Arves | pass2 (deferred depth) | missing: price_week_20_27_mar_2027; available_20_27_mar,pending,,,,,,,
311,enrich-ingenie-sja73-l-ornon,1,enrich,L'Ornon,https://www.sja73.com/l-ornon.html,ingenie-sja73-l-ornon | St-Jean-d'Arves | pass2 (deferred depth) | missing: price_week_20_27_mar_2027; price_range_low; price_currency; available_20_27_mar,pending,,,,,,,
312,enrich-ingenie-sja73-la-bergere,1,enrich,La Bergère,https://www.sja73.com/la-bergere.html,ingenie-sja73-la-bergere | St-Jean-d'Arves | pass2 (deferred depth) | missing: price_week_20_27_mar_2027; available_20_27_mar,pending,,,,,,,
313,enrich-ingenie-sja73-la-cle-des-champs,1,enrich,La Clé des champs,https://www.sja73.com/la-cle-des-champs-1.html,ingenie-sja73-la-cle-des-champs | St-Jean-d'Arves | pass2 (deferred depth) | missing: price_week_20_27_mar_2027; available_20_27_mar,pending,,,,,,,
314,enrich-ingenie-sja73-la-frechette,1,enrich,La Fréchette,https://www.sja73.com/la-frechette.html,ingenie-sja73-la-frechette | St-Jean-d'Arves | pass2 (deferred depth) | missing: price_week_20_27_mar_2027; available_20_27_mar,pending,,,,,,,
315,enrich-ingenie-sja73-la-grenouillere-n3,1,enrich,La Grenouillère n°3,https://www.sja73.com/la-grenouillere-n3.html,ingenie-sja73-la-grenouillere-n3 | St-Jean-d'Arves | pass2 (deferred depth) | missing: price_week_20_27_mar_2027; available_20_27_mar,pending,,,,,,,
316,enrich-ingenie-sja73-la-grenouillere-n6,1,enrich,La Grenouillère n°6,https://www.sja73.com/la-grenouillere-n6.html,ingenie-sja73-la-grenouillere-n6 | St-Jean-d'Arves | pass2 (deferred depth) | missing: price_week_20_27_mar_2027; available_20_27_mar,pending,,,,,,,
317,enrich-ingenie-sja73-la-grenouillere-n8,1,enrich,La Grenouillère n°8,https://www.sja73.com/la-grenouillere-n8.html,ingenie-sja73-la-grenouillere-n8 | St-Jean-d'Arves | pass2 (deferred depth) | missing: price_week_20_27_mar_2027; available_20_27_mar,pending,,,,,,,
318,enrich-ingenie-sja73-la-maison-d-augustin-edelweiss,1,enrich,La Maison d'Augustin - Edelweiss,https://www.sja73.com/la-maison-d-augustin-edelweiss.html,ingenie-sja73-la-maison-d-augustin-edelweiss | St-Jean-d'Arves | pass2 (deferred depth) | missing: price_week_20_27_mar_2027; available_20_27_mar,pending,,,,,,,
319,enrich-ingenie-sja73-la-maison-d-augustin-gentiane,1,enrich,La Maison d'Augustin - Gentiane,https://www.sja73.com/la-maison-d-augustin-gentiane.html,ingenie-sja73-la-maison-d-augustin-gentiane | St-Jean-d'Arves | pass2 (deferred depth) | missing: price_week_20_27_mar_2027; available_20_27_mar,pending,,,,,,,
320,enrich-ingenie-sja73-la-parenthese,1,enrich,La Parenthèse,https://www.sja73.com/la-parenthese.html,ingenie-sja73-la-parenthese | St-Jean-d'Arves | pass2 (deferred depth) | missing: price_week_20_27_mar_2027; price_range_low; price_currency; available_20_27_mar,pending,,,,,,,
321,enrich-ingenie-sja73-le-balcon-des-aiguilles,1,enrich,Le Balcon des Aiguilles,https://www.sja73.com/le-balcon-des-aiguilles.html,ingenie-sja73-le-balcon-des-aiguilles | St-Jean-d'Arves | pass2 (deferred depth) | missing: price_week_20_27_mar_2027; price_range_low; price_currency; available_20_27_mar,pending,,,,,,,
322,enrich-ingenie-sja73-le-balcon-des-arves,1,enrich,Le Balcon des Arves,https://www.sja73.com/le-balcon-des-arves.html,ingenie-sja73-le-balcon-des-arves | St-Jean-d'Arves | pass2 (deferred depth) | missing: price_week_20_27_mar_2027; available_20_27_mar,pending,,,,,,,
323,enrich-ingenie-sja73-le-bourrier-ii,1,enrich,Le Bourrier II,https://www.sja73.com/le-bourrier-ii.html,ingenie-sja73-le-bourrier-ii | St-Jean-d'Arves | pass2 (deferred depth) | missing: price_week_20_27_mar_2027; available_20_27_mar,pending,,,,,,,
324,enrich-ingenie-sja73-le-chalet-des-bollons,1,enrich,Le Chalet des Bollons,https://www.sja73.com/le-chalet-des-bollons.html,ingenie-sja73-le-chalet-des-bollons | St-Jean-d'Arves | pass2 (deferred depth) | missing: price_week_20_27_mar_2027; available_20_27_mar,pending,,,,,,,
325,enrich-ingenie-sja73-le-charvin,1,enrich,Le Charvin,https://www.sja73.com/le-charvin.html,ingenie-sja73-le-charvin | St-Jean-d'Arves | pass2 (deferred depth) | missing: price_week_20_27_mar_2027; price_range_low; price_currency; available_20_27_mar,pending,,,,,,,
326,enrich-ingenie-sja73-le-cret-de-la-brune,1,enrich,Le Crêt de la Brune,https://www.sja73.com/le-cret-de-la-brune.html,ingenie-sja73-le-cret-de-la-brune | St-Jean-d'Arves | pass2 (deferred depth) | missing: sleeps_max; bedrooms; price_week_20_27_mar_2027; price_range_low; price_currency; available_20_27_mar; image_count,pending,,,,,,,
327,enrich-ingenie-sja73-le-darineli,1,enrich,Le Darineli,https://www.sja73.com/le-darineli.html,ingenie-sja73-le-darineli | St-Jean-d'Arves | pass2 (deferred depth) | missing: price_week_20_27_mar_2027; price_range_low; price_currency; available_20_27_mar,pending,,,,,,,
328,enrich-ingenie-sja73-le-genepy-12,1,enrich,Le Génépy 12,https://www.sja73.com/le-genepy-12.html,ingenie-sja73-le-genepy-12 | St-Jean-d'Arves | pass2 (deferred depth) | missing: price_week_20_27_mar_2027; available_20_27_mar,pending,,,,,,,
329,enrich-ingenie-sja73-le-genepy-6,1,enrich,Le Génépy 6,https://www.sja73.com/le-genepy-6.html,ingenie-sja73-le-genepy-6 | St-Jean-d'Arves | pass2 (deferred depth) | missing: price_week_20_27_mar_2027; available_20_27_mar,pending,,,,,,,
330,enrich-ingenie-sja73-le-mazot-des-ecourts,1,enrich,Le Mazot des Ecourts,https://www.sja73.com/le-mazot-des-ecourts.html,ingenie-sja73-le-mazot-des-ecourts | St-Jean-d'Arves | pass2 (deferred depth) | missing: price_week_20_27_mar_2027; available_20_27_mar,pending,,,,,,,
331,enrich-ingenie-sja73-le-petit-charvin,1,enrich,Le Petit Charvin,https://www.sja73.com/le-petit-charvin.html,ingenie-sja73-le-petit-charvin | St-Jean-d'Arves | pass2 (deferred depth) | missing: bedrooms; price_week_20_27_mar_2027; price_range_low; price_currency; available_20_27_mar,pending,,,,,,,
332,enrich-ingenie-sja73-le-ramoneur,1,enrich,Le Ramoneur,https://www.sja73.com/le-ramoneur.html,ingenie-sja73-le-ramoneur | St-Jean-d'Arves | pass2 (deferred depth) | missing: price_week_20_27_mar_2027; available_20_27_mar,pending,,,,,,,
333,enrich-ingenie-sja73-le-chalet-du-berger,1,enrich,Le chalet du Berger,https://www.sja73.com/le-chalet-du-berger.html,ingenie-sja73-le-chalet-du-berger | St-Jean-d'Arves | pass2 (deferred depth) | missing: price_week_20_27_mar_2027; available_20_27_mar,pending,,,,,,,
334,enrich-ingenie-sja73-le-p-tit-chalet,1,enrich,Le p'tit chalet,https://www.sja73.com/le-p-tit-chalet.html,ingenie-sja73-le-p-tit-chalet | St-Jean-d'Arves | pass2 (deferred depth) | missing: price_week_20_27_mar_2027; price_range_low; price_currency; available_20_27_mar,pending,,,,,,,
335,enrich-ingenie-sja73-le-petit-chalet-les-choucas,1,enrich,Le petit chalet - Les Choucas,https://www.sja73.com/le-petit-chalet-les-choucas.html,ingenie-sja73-le-petit-chalet-les-choucas | St-Jean-d'Arves | pass2 (deferred depth) | missing: price_week_20_27_mar_2027; price_range_low; price_currency; available_20_27_mar,pending,,,,,,,
336,enrich-ingenie-sja73-le-petit-chalet-les-mesanges,1,enrich,Le petit chalet - Les Mésanges,https://www.sja73.com/le-petit-chalet-les-mesanges.html,ingenie-sja73-le-petit-chalet-les-mesanges | St-Jean-d'Arves | pass2 (deferred depth) | missing: price_week_20_27_mar_2027; price_range_low; price_currency; available_20_27_mar,pending,,,,,,,
337,enrich-ingenie-sja73-le-refuge-des-aiguilles,1,enrich,Le refuge des Aiguilles,https://www.sja73.com/le-refuge-des-aiguilles.html,ingenie-sja73-le-refuge-des-aiguilles | St-Jean-d'Arves | pass2 (deferred depth) | missing: price_week_20_27_mar_2027; price_range_low; price_currency; available_20_27_mar,pending,,,,,,,
338,enrich-ingenie-sja73-les-aiguilles,1,enrich,Les Aiguilles,https://www.sja73.com/les-aiguilles.html,ingenie-sja73-les-aiguilles | St-Jean-d'Arves | pass2 (deferred depth) | missing: price_week_20_27_mar_2027; price_range_low; price_currency; available_20_27_mar,pending,,,,,,,
339,enrich-ingenie-sja73-les-bouquetins-d-arves,1,enrich,Les Bouquetins d'Arves,https://www.sja73.com/les-bouquetins-d-arves.html,ingenie-sja73-les-bouquetins-d-arves | St-Jean-d'Arves | pass2 (deferred depth) | missing: price_week_20_27_mar_2027; available_20_27_mar,pending,,,,,,,
340,enrich-ingenie-sja73-les-petites-marmottes,1,enrich,Les Petites Marmottes,https://www.sja73.com/les-petites-marmottes.html,ingenie-sja73-les-petites-marmottes | St-Jean-d'Arves | pass2 (deferred depth) | missing: bedrooms; price_week_20_27_mar_2027; price_range_low; price_currency; available_20_27_mar,pending,,,,,,,
341,enrich-ingenie-sja73-maison-du-poingt,1,enrich,Maison du Poingt,https://www.sja73.com/maison-du-poingt-1.html,ingenie-sja73-maison-du-poingt | St-Jean-d'Arves | pass2 (deferred depth) | missing: price_week_20_27_mar_2027; price_range_low; price_currency; available_20_27_mar,pending,,,,,,,
342,enrich-ingenie-sja73-mazot-face-aux-glaciers,1,enrich,Mazot face aux glaciers,https://www.sja73.com/mazot-face-aux-glaciers.html,ingenie-sja73-mazot-face-aux-glaciers | St-Jean-d'Arves | pass2 (deferred depth) | missing: sleeps_max; bedrooms; price_week_20_27_mar_2027; price_range_low; price_currency; available_20_27_mar,pending,,,,,,,
343,enrich-ingenie-sja73-mountain-air,1,enrich,Mountain Air,https://www.sja73.com/mountain-air.html,ingenie-sja73-mountain-air | St-Jean-d'Arves | pass2 (deferred depth) | missing: price_week_20_27_mar_2027; available_20_27_mar,pending,,,,,,,
344,enrich-ingenie-sja73-val-d-arvan-n9,1,enrich,Val d'Arvan n°9,https://www.sja73.com/val-d-arvan-n9.html,ingenie-sja73-val-d-arvan-n9 | St-Jean-d'Arves | pass2 (deferred depth) | missing: price_week_20_27_mar_2027; available_20_27_mar,pending,,,,,,,
345,enrich-lesarcsresa-chalet-cumin-studio-4-personnes,1,enrich,Chalet Cumin - Studio 4 personnes,https://www.lesarcs-reservation.com/chalet-cumin-studio-4-personnes?package=1367,lesarcsresa-chalet-cumin-studio-4-personnes | Bourg-St-Maurice | pass2 (deferred depth) | missing: bedrooms; hot_tub; price_week_20_27_mar_2027; available_20_27_mar; image_count,pending,,,,,,,
346,enrich-lesarcsresa-chalet-darentasia-soldanelles-appartement-4-pieces-10-personnes,1,enrich,Chalet Darentasia  Soldanelles  - Appartement 4 pièces 10 personnes,https://www.lesarcs-reservation.com/chalet-darentasia-soldanelles-appartement-4-pieces-10-personnes?package=1063,lesarcsresa-chalet-darentasia-soldanelles-appartement-4-pieces-10-personnes | Bourg-St-Maurice | pass2 (deferred depth) | missing: bedrooms; hot_tub; price_week_20_27_mar_2027; available_20_27_mar; image_count,pending,,,,,,,
347,enrich-lesarcsresa-chalet-darentasia-edelweiss-appartement-6-pieces-12-personnes,1,enrich,Chalet Darentasia Edelweiss - Appartement 6 pièces 12 personnes,https://www.lesarcs-reservation.com/chalet-darentasia-edelweiss-appartement-6-pieces-12-personnes?package=1063,lesarcsresa-chalet-darentasia-edelweiss-appartement-6-pieces-12-personnes | Bourg-St-Maurice | pass2 (deferred depth) | missing: bedrooms; hot_tub; price_week_20_27_mar_2027; available_20_27_mar; image_count,pending,,,,,,,
348,enrich-lesarcsresa-chalet-darentasia-gentianes-appartement-3-pieces-8-personnes,1,enrich,Chalet Darentasia Gentianes - Appartement 3 pièces 8 personnes,https://www.lesarcs-reservation.com/chalet-darentasia-gentianes-appartement-3-pieces-8-personnes?package=1063,lesarcsresa-chalet-darentasia-gentianes-appartement-3-pieces-8-personnes | Bourg-St-Maurice | pass2 (deferred depth) | missing: bedrooms; hot_tub; price_week_20_27_mar_2027; available_20_27_mar; image_count,pending,,,,,,,
349,enrich-lesarcsresa-hotel-base-camp-lodge-1-lit-dans-un-dortoir-de-10-personnes,1,enrich,Hôtel Base Camp Lodge - 1 lit dans un dortoir de 10 personnes,https://www.lesarcs-reservation.com/hotel-base-camp-lodge-1-lit-dans-un-dortoir-de-10-personnes?package=2006,lesarcsresa-hotel-base-camp-lodge-1-lit-dans-un-dortoir-de-10-personnes | Bourg-St-Maurice | pass2 (deferred depth) | missing: bedrooms; board; hot_tub; price_week_20_27_mar_2027; price_range_low; available_20_27_mar; image_count,pending,,,,,,,
350,enrich-lesarcsresa-hotel-base-camp-lodge-chambre-capsule-pour-1-personne,1,enrich,Hôtel Base Camp Lodge - Chambre capsule pour 1 personne,https://www.lesarcs-reservation.com/hotel-base-camp-lodge-chambre-capsule-pour-1-personne?package=2006,lesarcsresa-hotel-base-camp-lodge-chambre-capsule-pour-1-personne | Bourg-St-Maurice | pass2 (deferred depth) | missing: bedrooms; board; hot_tub; price_week_20_27_mar_2027; price_range_low; available_20_27_mar; image_count,pending,,,,,,,
351,enrich-lesarcsresa-hotel-base-camp-lodge-chambre-double-versant-nord,1,enrich,Hôtel Base Camp Lodge - Chambre double Versant nord,https://www.lesarcs-reservation.com/hotel-base-camp-lodge-chambre-double-versant-nord?package=2006,lesarcsresa-hotel-base-camp-lodge-chambre-double-versant-nord | Bourg-St-Maurice | pass2 (deferred depth) | missing: bedrooms; board; hot_tub; price_week_20_27_mar_2027; price_range_low; available_20_27_mar; image_count,pending,,,,,,,
352,enrich-lesarcsresa-hotel-base-camp-lodge-chambre-double-versant-sud,1,enrich,Hôtel Base Camp Lodge - Chambre double Versant sud,https://www.lesarcs-reservation.com/hotel-base-camp-lodge-chambre-double-versant-sud?package=2006,lesarcsresa-hotel-base-camp-lodge-chambre-double-versant-sud | Bourg-St-Maurice | pass2 (deferred depth) | missing: bedrooms; board; hot_tub; price_week_20_27_mar_2027; price_range_low; available_20_27_mar; image_count,pending,,,,,,,
353,enrich-lesarcsresa-hotel-base-camp-lodge-suite-iseran-4-personnes,1,enrich,Hôtel Base Camp Lodge - Suite Iseran 4 personnes,https://www.lesarcs-reservation.com/hotel-base-camp-lodge-suite-iseran-4-personnes?package=2006,lesarcsresa-hotel-base-camp-lodge-suite-iseran-4-personnes | Bourg-St-Maurice | pass2 (deferred depth) | missing: bedrooms; board; hot_tub; price_week_20_27_mar_2027; price_range_low; available_20_27_mar; image_count,pending,,,,,,,
354,enrich-lesarcsresa-la-petite-maison-chalet-2-pieces-2-personnes,1,enrich,La Petite Maison - Chalet 2 pièces 2 personnes,https://www.lesarcs-reservation.com/la-petite-maison-chalet-2-pieces-2-personnes?package=3382,lesarcsresa-la-petite-maison-chalet-2-pieces-2-personnes | Bourg-St-Maurice | pass2 (deferred depth) | missing: bedrooms; hot_tub; price_week_20_27_mar_2027; available_20_27_mar; image_count,pending,,,,,,,
355,enrich-lesarcsresa-residence-horizon-appartement-3-pieces-cabine-6-personnes,1,enrich,Résidence Horizon - Appartement 3 pièces cabine 6 personnes,https://www.lesarcs-reservation.com/residence-horizon-appartement-3-pieces-cabine-6-personnes?package=1166,lesarcsresa-residence-horizon-appartement-3-pieces-cabine-6-personnes | Bourg-St-Maurice | pass2 (deferred depth) | missing: bedrooms; hot_tub; price_week_20_27_mar_2027; available_20_27_mar; image_count,pending,,,,,,,
356,enrich-lesarcsresa-residence-le-grand-coeur-appartement-2-pieces-5-personnes-ndeg-005,1,enrich,Résidence Le Grand Coeur - Appartement 2 pièces 5 personnes n° 005,https://www.lesarcs-reservation.com/residence-le-grand-coeur-appartement-2-pieces-5-personnes-ndeg-005?package=3004,lesarcsresa-residence-le-grand-coeur-appartement-2-pieces-5-personnes-ndeg-005 | Bourg-St-Maurice | pass2 (deferred depth) | missing: bedrooms; hot_tub; price_week_20_27_mar_2027; available_20_27_mar; image_count,pending,,,,,,,
357,enrich-lesarcsresa-residence-le-grand-coeur-appartement-4-pieces-6-personnes-ndeg-016,1,enrich,Résidence Le Grand Coeur - Appartement 4 pièces 6 personnes n° 016,https://www.lesarcs-reservation.com/residence-le-grand-coeur-appartement-4-pieces-6-personnes-ndeg-016?package=3004,lesarcsresa-residence-le-grand-coeur-appartement-4-pieces-6-personnes-ndeg-016 | Bourg-St-Maurice | pass2 (deferred depth) | missing: bedrooms; hot_tub; price_week_20_27_mar_2027; available_20_27_mar; image_count,pending,,,,,,,
358,enrich-lesarcsresa-residence-le-rochefort-appartement-2-pieces-cabine-4-personnes-ndeg309,1,enrich,Résidence Le Rochefort - appartement 2 pièces cabine 4 personnes n°309,https://www.lesarcs-reservation.com/residence-le-rochefort-appartement-2-pieces-cabine-4-personnes-ndeg309?package=3605,lesarcsresa-residence-le-rochefort-appartement-2-pieces-cabine-4-personnes-ndeg309 | Bourg-St-Maurice | pass2 (deferred depth) | missing: bedrooms; hot_tub; price_week_20_27_mar_2027; available_20_27_mar; image_count,pending,,,,,,,
359,enrich-lesarcsresa-residence-le-ruitor-studio-4-personnes-ndeg317,1,enrich,Résidence Le Ruitor - Studio 4 personnes n°317,https://www.lesarcs-reservation.com/residence-le-ruitor-studio-4-personnes-ndeg317?package=2946,lesarcsresa-residence-le-ruitor-studio-4-personnes-ndeg317 | Bourg-St-Maurice | pass2 (deferred depth) | missing: bedrooms; hot_tub; price_week_20_27_mar_2027; available_20_27_mar; image_count,pending,,,,,,,
360,enrich-lesarcsresa-residence-les-campanules-appartement-3-pieces-4-personnes-ndeg-3c02,1,enrich,Résidence Les Campanules - Appartement 3 pièces 4 personnes n° 3C02,https://www.lesarcs-reservation.com/residence-les-campanules-appartement-3-pieces-4-personnes-ndeg-3c02?package=1375,lesarcsresa-residence-les-campanules-appartement-3-pieces-4-personnes-ndeg-3c02 | Bourg-St-Maurice | pass2 (deferred depth) | missing: bedrooms; hot_tub; price_week_20_27_mar_2027; available_20_27_mar; image_count,pending,,,,,,,
361,enrich-lesarcsresa-residence-les-jardins-du-nantet-appartement-2-pieces-4-personnes-ndeg-13,1,enrich,Résidence Les Jardins du Nantet - Appartement 2 pièces 4 personnes n° 13,https://www.lesarcs-reservation.com/residence-les-jardins-du-nantet-appartement-2-pieces-4-personnes-ndeg-13?package=1164,lesarcsresa-residence-les-jardins-du-nantet-appartement-2-pieces-4-personnes-ndeg-13 | Bourg-St-Maurice | pass2 (deferred depth) | missing: bedrooms; hot_tub; price_week_20_27_mar_2027; available_20_27_mar; image_count,pending,,,,,,,
362,enrich-lesarcsresa-residence-les-jardins-du-nantet-studio-4-personnes-ndeg-6,1,enrich,Résidence Les Jardins du Nantet - Studio 4 personnes n° 6,https://www.lesarcs-reservation.com/residence-les-jardins-du-nantet-studio-4-personnes-ndeg-6?package=1164,lesarcsresa-residence-les-jardins-du-nantet-studio-4-personnes-ndeg-6 | Bourg-St-Maurice | pass2 (deferred depth) | missing: bedrooms; hot_tub; price_week_20_27_mar_2027; available_20_27_mar; image_count,pending,,,,,,,
363,enrich-leman-appartement-cannelle-dans-chalet-90m-3-chambres-renot-christine,1,enrich,Appartement Cannelle dans chalet - 90m² - 3 chambres - Renot Christine,https://www.leman-mountains-explore.com/offres/appartement-cannelle-dans-chalet-90m%c2%b2-3-chambres-renot-christine-la-chapelle-dabondance-fr-4716559/,leman-appartement-cannelle-dans-chalet-90m-3-chambres-renot-christine | La Chapelle d'Abondance | pass2 (deferred depth) | missing: price_week_20_27_mar_2027; price_range_low; price_currency; available_20_27_mar; image_count,pending,,,,,,,
364,enrich-leman-appartement-mont-de-grange-dans-chalet-62m-2-chambres-david-cruz-franc,1,enrich,Appartement Mont de Grange dans chalet - 62m² - 2 chambres - David-Cruz Françoise Appartement Mont d,https://www.leman-mountains-explore.com/offres/appartement-mont-de-grange-dans-chalet-62m%c2%b2-2-chambres-david-cruz-francoise-la-chapelle-dabondance-fr-6231047/,leman-appartement-mont-de-grange-dans-chalet-62m-2-chambres-david-cruz-franc | La Chapelle d'Abondance | pass2 (deferred depth) | missing: price_week_20_27_mar_2027; price_range_low; price_currency; available_20_27_mar; image_count,pending,,,,,,,
365,enrich-leman-appartement-ourson-dans-chalet-80m-3-chambres-schorle-estelle,1,enrich,Appartement Ourson dans chalet - 80m² - 3 chambres - Schorlé Estelle,https://www.leman-mountains-explore.com/offres/appartement-ourson-dans-chalet-80m%c2%b2-3-chambres-schorle-estelle-la-chapelle-dabondance-fr-4716865/,leman-appartement-ourson-dans-chalet-80m-3-chambres-schorle-estelle | La Chapelle d'Abondance | pass2 (deferred depth) | missing: price_week_20_27_mar_2027; price_range_low; price_currency; available_20_27_mar; image_count,pending,,,,,,,
366,enrich-leman-appartement-pollen-dans-chalet-57m-2-chambres-renot-christine,1,enrich,Appartement Pollen dans chalet - 57m² - 2 chambres - Renot Christine,https://www.leman-mountains-explore.com/offres/appartement-pollen-dans-chalet-57m%c2%b2-2-chambres-renot-christine-la-chapelle-dabondance-fr-4716699/,leman-appartement-pollen-dans-chalet-57m-2-chambres-renot-christine | La Chapelle d'Abondance | pass2 (deferred depth) | missing: price_week_20_27_mar_2027; available_20_27_mar; image_count,pending,,,,,,,
367,enrich-leman-appartement-dans-chalet-la-sapiniere-35m-1-chambre-vuarand-valerie,1,enrich,"Appartement dans chalet ""La Sapinière"" - 35m² - 1 chambre - Vuarand Valérie",https://www.leman-mountains-explore.com/offres/appartement-dans-chalet-la-sapiniere-35m%c2%b2-1-chambre-vuarand-valerie-la-chapelle-dabondance-fr-4718262/,leman-appartement-dans-chalet-la-sapiniere-35m-1-chambre-vuarand-valerie | La Chapelle d'Abondance | pass2 (deferred depth) | missing: price_week_20_27_mar_2027; price_range_low; price_currency; available_20_27_mar; image_count,pending,,,,,,,
368,enrich-leman-appartement-dans-chalet-l-oree-des-pistes-45m-2-chambres-pignier-franc,1,enrich,"Appartement dans chalet ""l'Orée des Pistes"" - 45m² - 2 chambres - Pignier Françoise",https://www.leman-mountains-explore.com/offres/appartement-dans-chalet-loree-des-pistes-45m%c2%b2-2-chambres-pignier-francoise-la-chapelle-dabondance-fr-4719740/,leman-appartement-dans-chalet-l-oree-des-pistes-45m-2-chambres-pignier-franc | La Chapelle d'Abondance | pass2 (deferred depth) | missing: price_week_20_27_mar_2027; price_range_low; price_currency; available_20_27_mar; image_count,pending,,,,,,,
369,enrich-leman-appartement-dans-chalet-l-oree-des-pistes-47m-2-chambres-pignier-franc,1,enrich,"Appartement dans chalet ""l'Orée des Pistes"" - 47m² - 2 chambres - Pignier Françoise",https://www.leman-mountains-explore.com/offres/appartement-dans-chalet-loree-des-pistes-47m%c2%b2-2-chambres-pignier-francoise-la-chapelle-dabondance-fr-4717747/,leman-appartement-dans-chalet-l-oree-des-pistes-47m-2-chambres-pignier-franc | La Chapelle d'Abondance | pass2 (deferred depth) | missing: price_week_20_27_mar_2027; price_range_low; price_currency; available_20_27_mar; image_count,pending,,,,,,,
370,enrich-leman-appartement-dans-chalet-107m-3-chambres-trosset-bernard,1,enrich,Appartement dans chalet - 107m² - 3 chambres - Trosset Bernard,https://www.leman-mountains-explore.com/offres/appartement-dans-chalet-107m%c2%b2-3-chambres-trosset-bernard-la-chapelle-dabondance-fr-4716861/,leman-appartement-dans-chalet-107m-3-chambres-trosset-bernard | La Chapelle d'Abondance | pass2 (deferred depth) | missing: price_week_20_27_mar_2027; price_range_low; price_currency; available_20_27_mar; image_count,pending,,,,,,,
371,enrich-leman-appartement-dans-chalet-110m-3-chambres-condevaux-janine,1,enrich,Appartement dans chalet - 110m² - 3 chambres - Condevaux Janine,https://www.leman-mountains-explore.com/offres/appartement-dans-chalet-110m%c2%b2-3-chambres-condevaux-janine-la-chapelle-dabondance-fr-4719535/,leman-appartement-dans-chalet-110m-3-chambres-condevaux-janine | La Chapelle d'Abondance | pass2 (deferred depth) | missing: price_week_20_27_mar_2027; price_range_low; price_currency; available_20_27_mar; image_count,pending,,,,,,,
372,enrich-leman-appartement-dans-chalet-35m-1-chambre-bovard-michel,1,enrich,Appartement dans chalet - 35m² - 1 chambre - Bovard Michel,https://www.leman-mountains-explore.com/offres/appartement-dans-chalet-35m%c2%b2-1-chambre-bovard-michel-la-chapelle-dabondance-fr-4720245/,leman-appartement-dans-chalet-35m-1-chambre-bovard-michel | La Chapelle d'Abondance | pass2 (deferred depth) | missing: price_week_20_27_mar_2027; price_range_low; price_currency; available_20_27_mar; image_count,pending,,,,,,,
373,enrich-leman-appartement-dans-chalet-41m-2-chambres-bovard-michel,1,enrich,Appartement dans chalet - 41m² - 2 chambres - Bovard Michel,https://www.leman-mountains-explore.com/offres/appartement-dans-chalet-41m%c2%b2-2-chambres-bovard-michel-la-chapelle-dabondance-fr-4719561/,leman-appartement-dans-chalet-41m-2-chambres-bovard-michel | La Chapelle d'Abondance | pass2 (deferred depth) | missing: price_week_20_27_mar_2027; price_range_low; price_currency; available_20_27_mar; image_count,pending,,,,,,,
374,enrich-leman-appartement-dans-chalet-47m-2-chambres-labarre-gisele,1,enrich,Appartement dans chalet - 47m² - 2 chambres - Labarre Gisèle,https://www.leman-mountains-explore.com/offres/appartement-dans-chalet-47m%c2%b2-2-chambres-labarre-gisele-la-chapelle-dabondance-fr-4718858/,leman-appartement-dans-chalet-47m-2-chambres-labarre-gisele | La Chapelle d'Abondance | pass2 (deferred depth) | missing: price_week_20_27_mar_2027; price_range_low; price_currency; available_20_27_mar; image_count,pending,,,,,,,
375,enrich-leman-appartement-dans-chalet-l-echo-de-la-corne-n-2-77m-3-chambres-cruz-lio,1,enrich,Appartement dans chalet L'Echo de la Corne n°2 - 77m² - 3 chambres - Cruz Lionel,https://www.leman-mountains-explore.com/offres/appartement-dans-chalet-lecho-de-la-corne-n2-77m%c2%b2-3-chambres-cruz-lionel-la-chapelle-dabondance-fr-4720005/,leman-appartement-dans-chalet-l-echo-de-la-corne-n-2-77m-3-chambres-cruz-lio | La Chapelle d'Abondance | pass2 (deferred depth) | missing: price_week_20_27_mar_2027; price_range_low; price_currency; available_20_27_mar; image_count,pending,,,,,,,
376,enrich-leman-appartement-dans-chalet-l-echo-de-la-corne-n-4-32m-1-chambre-cruz-lion,1,enrich,Appartement dans chalet L'Echo de la Corne n°4 - 32m² - 1 chambre - Cruz Lionel,https://www.leman-mountains-explore.com/offres/appartement-dans-chalet-lecho-de-la-corne-n4-32m%c2%b2-1-chambre-cruz-lionel-la-chapelle-dabondance-fr-4718532/,leman-appartement-dans-chalet-l-echo-de-la-corne-n-4-32m-1-chambre-cruz-lion | La Chapelle d'Abondance | pass2 (deferred depth) | missing: price_week_20_27_mar_2027; price_range_low; price_currency; available_20_27_mar; image_count,pending,,,,,,,
377,enrich-leman-appartement-dans-chalet-l-echo-de-la-corne-n-5-43m-2-chambres-cruz-lio,1,enrich,Appartement dans chalet L'Echo de la Corne n°5 - 43m² - 2 chambres - Cruz Lionel,https://www.leman-mountains-explore.com/offres/appartement-dans-chalet-lecho-de-la-corne-n5-43m%c2%b2-2-chambres-cruz-lionel-la-chapelle-dabondance-fr-4716490/,leman-appartement-dans-chalet-l-echo-de-la-corne-n-5-43m-2-chambres-cruz-lio | La Chapelle d'Abondance | pass2 (deferred depth) | missing: price_week_20_27_mar_2027; price_range_low; price_currency; available_20_27_mar; image_count,pending,,,,,,,
378,enrich-leman-appartement-dans-chalet-l-echo-de-la-corne-n-6-61m-2-chambres-cruz-lio,1,enrich,Appartement dans chalet L'Echo de la Corne n°6 - 61m² - 2 chambres - Cruz Lionel,https://www.leman-mountains-explore.com/offres/appartement-dans-chalet-lecho-de-la-corne-n6-61m%c2%b2-2-chambres-cruz-lionel-la-chapelle-dabondance-fr-4716933/,leman-appartement-dans-chalet-l-echo-de-la-corne-n-6-61m-2-chambres-cruz-lio | La Chapelle d'Abondance | pass2 (deferred depth) | missing: price_week_20_27_mar_2027; price_range_low; price_currency; available_20_27_mar; image_count,pending,,,,,,,
379,enrich-leman-appartement-dans-chalet-l-echo-de-la-corne-n-7-74m-3-chambres-cruz-lio,1,enrich,Appartement dans chalet L'Echo de la Corne n°7 - 74m² - 3 chambres - Cruz Lionel,https://www.leman-mountains-explore.com/offres/appartement-dans-chalet-lecho-de-la-corne-n7-74m%c2%b2-3-chambres-cruz-lionel-la-chapelle-dabondance-fr-4717722/,leman-appartement-dans-chalet-l-echo-de-la-corne-n-7-74m-3-chambres-cruz-lio | La Chapelle d'Abondance | pass2 (deferred depth) | missing: price_week_20_27_mar_2027; price_range_low; price_currency; available_20_27_mar; image_count,pending,,,,,,,
380,enrich-leman-appartement-dans-chalet-l-echo-de-la-corne-n-8-36m-1-chambre-cruz-lion,1,enrich,Appartement dans chalet L'Echo de la Corne n°8 - 36m² - 1 chambre - Cruz Lionel,https://www.leman-mountains-explore.com/offres/appartement-dans-chalet-lecho-de-la-corne-n8-36m%c2%b2-1-chambre-cruz-lionel-la-chapelle-dabondance-fr-4717809/,leman-appartement-dans-chalet-l-echo-de-la-corne-n-8-36m-1-chambre-cruz-lion | La Chapelle d'Abondance | pass2 (deferred depth) | missing: price_week_20_27_mar_2027; price_range_low; price_currency; available_20_27_mar; image_count,pending,,,,,,,
381,enrich-leman-appartement-dans-chalet-les-bossons-n-g11-53m-3-chambres-mme-command,1,enrich,Appartement dans chalet Les Bossons n°G11 - 53m² - 3 chambres - Mme Command,https://www.leman-mountains-explore.com/offres/appartement-dans-chalet-les-bossons-ng11-53m%c2%b2-3-chambres-mme-command-la-chapelle-dabondance-fr-4716610/,leman-appartement-dans-chalet-les-bossons-n-g11-53m-3-chambres-mme-command | La Chapelle d'Abondance | pass2 (deferred depth) | missing: price_week_20_27_mar_2027; price_range_low; price_currency; available_20_27_mar; image_count,pending,,,,,,,
382,enrich-leman-appartement-dans-chalet-les-bossons-n-m1-2-55m-3-chambres-mme-command,1,enrich,Appartement dans chalet Les Bossons n°M1.2 - 55m² - 3 chambres - Mme Command,https://www.leman-mountains-explore.com/offres/appartement-dans-chalet-les-bossons-nm1-2-55m%c2%b2-3-chambres-mme-command-la-chapelle-dabondance-fr-4717821/,leman-appartement-dans-chalet-les-bossons-n-m1-2-55m-3-chambres-mme-command | La Chapelle d'Abondance | pass2 (deferred depth) | missing: price_week_20_27_mar_2027; price_range_low; price_currency; available_20_27_mar; image_count,pending,,,,,,,
383,enrich-leman-appartement-dans-chalet-les-bossons-n-m2-5-51m-2-chambres-mme-command,1,enrich,Appartement dans chalet Les Bossons n°M2.5 - 51m² - 2 chambres - Mme Command,https://www.leman-mountains-explore.com/offres/appartement-dans-chalet-les-bossons-nm2-5-51m%c2%b2-2-chambres-mme-command-la-chapelle-dabondance-fr-4717764/,leman-appartement-dans-chalet-les-bossons-n-m2-5-51m-2-chambres-mme-command | La Chapelle d'Abondance | pass2 (deferred depth) | missing: price_week_20_27_mar_2027; price_range_low; price_currency; available_20_27_mar; image_count,pending,,,,,,,
384,enrich-leman-appartement-dans-chalet-les-bossons-n-p2-4-35m-1-chambre-mme-command,1,enrich,Appartement dans chalet Les Bossons n°P2.4 - 35m² - 1 chambre - Mme Command,https://www.leman-mountains-explore.com/offres/appartement-dans-chalet-les-bossons-np2-4-35m%c2%b2-1-chambre-mme-command-la-chapelle-dabondance-fr-4718404/,leman-appartement-dans-chalet-les-bossons-n-p2-4-35m-1-chambre-mme-command | La Chapelle d'Abondance | pass2 (deferred depth) | missing: price_week_20_27_mar_2027; price_range_low; price_currency; available_20_27_mar; image_count,pending,,,,,,,
385,enrich-leman-appartement-dans-chalet-les-bossons-n-r7-35m-1-chambre-mme-command,1,enrich,Appartement dans chalet Les Bossons n°R7 - 35m² - 1 chambre - Mme Command,https://www.leman-mountains-explore.com/offres/appartement-dans-chalet-les-bossons-nr7-35m%c2%b2-1-chambre-mme-command-la-chapelle-dabondance-fr-4718520/,leman-appartement-dans-chalet-les-bossons-n-r7-35m-1-chambre-mme-command | La Chapelle d'Abondance | pass2 (deferred depth) | missing: price_week_20_27_mar_2027; price_range_low; price_currency; available_20_27_mar; image_count,pending,,,,,,,
386,enrich-leman-appartement-dans-chalet-les-bossons-n-r8-28m-1-chambre-mme-command,1,enrich,Appartement dans chalet Les Bossons n°R8 - 28m² - 1 chambre - Mme Command,https://www.leman-mountains-explore.com/offres/appartement-dans-chalet-les-bossons-nr8-28m%c2%b2-1-chambre-mme-command-la-chapelle-dabondance-fr-4716463/,leman-appartement-dans-chalet-les-bossons-n-r8-28m-1-chambre-mme-command | La Chapelle d'Abondance | pass2 (deferred depth) | missing: price_week_20_27_mar_2027; price_range_low; price_currency; available_20_27_mar; image_count,pending,,,,,,,
387,enrich-leman-appartement-dans-chalet-les-boutons-d-or-n-3-40m-1-chambre-benand-mari,1,enrich,Appartement dans chalet Les Boutons d'Or n°3 - 40m² - 1 chambre - Benand Marie-Josèphe,https://www.leman-mountains-explore.com/offres/appartement-dans-chalet-les-boutons-dor-n3-40m%c2%b2-1-chambre-benand-marie-josephe-la-chapelle-dabondance-fr-4717174/,leman-appartement-dans-chalet-les-boutons-d-or-n-3-40m-1-chambre-benand-mari | La Chapelle d'Abondance | pass2 (deferred depth) | missing: price_week_20_27_mar_2027; price_range_low; price_currency; available_20_27_mar; image_count,pending,,,,,,,
388,enrich-leman-appartement-dans-chalet-individuel-135-m-3-chambres-vidal-christine,1,enrich,Appartement dans chalet individuel - 135 m² - 3 chambres - Vidal Christine,https://www.leman-mountains-explore.com/offres/appartement-dans-chalet-individuel-135-m%c2%b2-3-chambres-vidal-christine-la-chapelle-dabondance-fr-4718604/,leman-appartement-dans-chalet-individuel-135-m-3-chambres-vidal-christine | La Chapelle d'Abondance | pass2 (deferred depth) | missing: price_week_20_27_mar_2027; price_range_low; price_currency; available_20_27_mar; image_count,pending,,,,,,,
389,enrich-leman-appartement-dans-maison-le-montfleury-n-1-35-m-1-chambre-brelaz-gerard,1,enrich,Appartement dans maison Le MontFleury n°1 - 35 m² - 1 chambre - Brélaz Gérard,https://www.leman-mountains-explore.com/offres/appartement-dans-maison-le-montfleury-n1-35-m%c2%b2-1-chambre-brelaz-gerard-la-chapelle-dabondance-fr-4717311/,leman-appartement-dans-maison-le-montfleury-n-1-35-m-1-chambre-brelaz-gerard | La Chapelle d'Abondance | pass2 (deferred depth) | missing: price_week_20_27_mar_2027; price_range_low; price_currency; available_20_27_mar; image_count,pending,,,,,,,
390,enrich-leman-appartement-dans-maison-le-montfleury-n-2-60m-3-chambres-brelaz-gerard,1,enrich,Appartement dans maison Le Montfleury n°2 - 60m² - 3 chambres - Brélaz Gérard,https://www.leman-mountains-explore.com/offres/appartement-dans-maison-le-montfleury-n2-60m%c2%b2-3-chambres-brelaz-gerard-la-chapelle-dabondance-fr-4720298/,leman-appartement-dans-maison-le-montfleury-n-2-60m-3-chambres-brelaz-gerard | La Chapelle d'Abondance | pass2 (deferred depth) | missing: price_week_20_27_mar_2027; price_range_low; price_currency; available_20_27_mar; image_count,pending,,,,,,,
391,enrich-leman-appartement-dans-residence-le-coq-de-bruyere-44m-1-chambre-soler-norbe,1,enrich,"Appartement dans résidence ""Le Coq de Bruyère"" - 44m² - 1 chambre - Soler Norbert",https://www.leman-mountains-explore.com/offres/appartement-dans-residence-le-coq-de-bruyere-44m%c2%b2-1-chambre-soler-norbert-la-chapelle-dabondance-fr-4718367/,leman-appartement-dans-residence-le-coq-de-bruyere-44m-1-chambre-soler-norbe | La Chapelle d'Abondance | pass2 (deferred depth) | missing: price_week_20_27_mar_2027; price_range_low; price_currency; available_20_27_mar; image_count,pending,,,,,,,
392,enrich-leman-appartement-dans-residence-34m-1-chambre-goerger-mathias,1,enrich,Appartement dans résidence - 34m² - 1 chambre - Goerger Mathias,https://www.leman-mountains-explore.com/offres/appartement-dans-residence-34m%c2%b2-1-chambre-goerger-mathias-la-chapelle-dabondance-fr-4719829/,leman-appartement-dans-residence-34m-1-chambre-goerger-mathias | La Chapelle d'Abondance | pass2 (deferred depth) | missing: price_week_20_27_mar_2027; price_range_low; price_currency; available_20_27_mar; image_count,pending,,,,,,,
393,enrich-leman-appartement-dans-residence-51m-2-chambres-schiavo-gerard,1,enrich,Appartement dans résidence - 51m² - 2 chambres - Schiavo Gérard,https://www.leman-mountains-explore.com/offres/appartement-dans-residence-51m%c2%b2-2-chambres-schiavo-gerard-la-chapelle-dabondance-fr-4719863/,leman-appartement-dans-residence-51m-2-chambres-schiavo-gerard | La Chapelle d'Abondance | pass2 (deferred depth) | missing: price_week_20_27_mar_2027; price_range_low; price_currency; available_20_27_mar; image_count,pending,,,,,,,
394,enrich-leman-appartement-dans-residence-57-m-2-chambres-thurel-catherine,1,enrich,Appartement dans résidence - 57 m² - 2 chambres - Thurel Catherine,https://www.leman-mountains-explore.com/offres/appartement-dans-residence-57-m%c2%b2-2-chambres-thurel-catherine-la-chapelle-dabondance-fr-4716995/,leman-appartement-dans-residence-57-m-2-chambres-thurel-catherine | La Chapelle d'Abondance | pass2 (deferred depth) | missing: price_week_20_27_mar_2027; price_range_low; price_currency; available_20_27_mar; image_count,pending,,,,,,,
395,enrich-leman-appartement-dans-residence-62-m-2-chambres-mont-blanc-alpine-estate,1,enrich,Appartement dans résidence - 62 m² - 2 chambres - Mont-Blanc Alpine Estate,https://www.leman-mountains-explore.com/offres/appartement-dans-residence-62-m%c2%b2-2-chambres-mont-blanc-alpine-estate-la-chapelle-dabondance-fr-4716800/,leman-appartement-dans-residence-62-m-2-chambres-mont-blanc-alpine-estate | La Chapelle d'Abondance | pass2 (deferred depth) | missing: price_week_20_27_mar_2027; price_range_low; price_currency; available_20_27_mar; image_count,pending,,,,,,,
396,enrich-leman-appartement-dans-residence-les-petits-lutins-n-10-40m-2-chambres-comma,1,enrich,Appartement dans résidence Les Petits Lutins n°10 - 40m² - 2 chambres - Command Fabrice,https://www.leman-mountains-explore.com/offres/appartement-dans-residence-les-petits-lutins-n10-40m%c2%b2-2-chambres-command-fabrice-la-chapelle-dabondance-fr-4718503/,leman-appartement-dans-residence-les-petits-lutins-n-10-40m-2-chambres-comma | La Chapelle d'Abondance | pass2 (deferred depth) | missing: price_week_20_27_mar_2027; price_range_low; price_currency; available_20_27_mar; image_count,pending,,,,,,,
397,enrich-leman-appartement-dans-residence-les-petits-lutins-n-12-30m-1-chambre-comman,1,enrich,Appartement dans résidence Les Petits Lutins n°12 - 30m² - 1 chambre - Command Fabrice,https://www.leman-mountains-explore.com/offres/appartement-dans-residence-les-petits-lutins-n12-30m%c2%b2-1-chambre-command-fabrice-la-chapelle-dabondance-fr-4717440/,leman-appartement-dans-residence-les-petits-lutins-n-12-30m-1-chambre-comman | La Chapelle d'Abondance | pass2 (deferred depth) | missing: price_week_20_27_mar_2027; price_range_low; price_currency; available_20_27_mar; image_count,pending,,,,,,,
398,enrich-leman-appartement-dans-residence-les-petits-lutins-n-14-29m-1-chambre-comman,1,enrich,Appartement dans résidence Les Petits Lutins n°14 - 29m² - 1 chambre - Command Fabrice,https://www.leman-mountains-explore.com/offres/appartement-dans-residence-les-petits-lutins-n14-29m%c2%b2-1-chambre-command-fabrice-la-chapelle-dabondance-fr-4716486/,leman-appartement-dans-residence-les-petits-lutins-n-14-29m-1-chambre-comman | La Chapelle d'Abondance | pass2 (deferred depth) | missing: price_week_20_27_mar_2027; price_range_low; price_currency; available_20_27_mar; image_count,pending,,,,,,,
399,enrich-leman-appartement-dans-residence-les-petits-lutins-n-2-82m-3-chambres-comman,1,enrich,Appartement dans résidence Les Petits Lutins n°2 - 82m² - 3 chambres - Command Fabrice,https://www.leman-mountains-explore.com/offres/appartement-dans-residence-les-petits-lutins-n2-82m%c2%b2-3-chambres-command-fabrice-la-chapelle-dabondance-fr-4718562/,leman-appartement-dans-residence-les-petits-lutins-n-2-82m-3-chambres-comman | La Chapelle d'Abondance | pass2 (deferred depth) | missing: price_week_20_27_mar_2027; price_range_low; price_currency; available_20_27_mar; image_count,pending,,,,,,,
400,enrich-leman-appartement-dans-residence-les-petits-lutins-n-4-58m-2-chambres-comman,1,enrich,Appartement dans résidence Les Petits Lutins n°4 - 58m² - 2 chambres - Command Fabrice,https://www.leman-mountains-explore.com/offres/appartement-dans-residence-les-petits-lutins-n4-58m%c2%b2-2-chambres-command-fabrice-la-chapelle-dabondance-fr-4719267/,leman-appartement-dans-residence-les-petits-lutins-n-4-58m-2-chambres-comman | La Chapelle d'Abondance | pass2 (deferred depth) | missing: price_week_20_27_mar_2027; price_range_low; price_currency; available_20_27_mar; image_count,pending,,,,,,,
401,enrich-leman-appartement-dans-residence-les-petits-lutins-n-6-69m-3-chambres-comman,1,enrich,Appartement dans résidence Les Petits Lutins n°6 - 69m² - 3 chambres - Command Fabrice,https://www.leman-mountains-explore.com/offres/appartement-dans-residence-les-petits-lutins-n6-69m%c2%b2-3-chambres-command-fabrice-la-chapelle-dabondance-fr-4716958/,leman-appartement-dans-residence-les-petits-lutins-n-6-69m-3-chambres-comman | La Chapelle d'Abondance | pass2 (deferred depth) | missing: price_week_20_27_mar_2027; price_range_low; price_currency; available_20_27_mar; image_count,pending,,,,,,,
402,enrich-leman-appartement-dans-residence-les-petits-lutins-n-8-50m-2-chambres-comman,1,enrich,Appartement dans résidence Les Petits Lutins n°8 - 50m² - 2 chambres - Command Fabrice,https://www.leman-mountains-explore.com/offres/appartement-dans-residence-les-petits-lutins-n8-50m%c2%b2-2-chambres-command-fabrice-la-chapelle-dabondance-fr-4718346/,leman-appartement-dans-residence-les-petits-lutins-n-8-50m-2-chambres-comman | La Chapelle d'Abondance | pass2 (deferred depth) | missing: price_week_20_27_mar_2027; price_range_low; price_currency; available_20_27_mar; image_count,pending,,,,,,,
403,enrich-leman-appartement-dans-residence-perle-des-neiges-n-2-60m-2-chambres-command,1,enrich,Appartement dans résidence Perle des Neiges n°2 - 60m² - 2 chambres - Command Jean Marc,https://www.leman-mountains-explore.com/offres/appartement-dans-residence-perle-des-neiges-n2-60m%c2%b2-2-chambres-command-jean-marc-la-chapelle-dabondance-fr-4716615/,leman-appartement-dans-residence-perle-des-neiges-n-2-60m-2-chambres-command | La Chapelle d'Abondance | pass2 (deferred depth) | missing: price_week_20_27_mar_2027; price_range_low; price_currency; available_20_27_mar; image_count,pending,,,,,,,
404,enrich-leman-appartement-dans-residence-perle-des-neiges-n-3-70m-3-chambres-command,1,enrich,Appartement dans résidence Perle des Neiges n°3 - 70m² - 3 chambres - Command Jean Marc,https://www.leman-mountains-explore.com/offres/appartement-dans-residence-perle-des-neiges-n3-70m%c2%b2-3-chambres-command-jean-marc-la-chapelle-dabondance-fr-4719221/,leman-appartement-dans-residence-perle-des-neiges-n-3-70m-3-chambres-command | La Chapelle d'Abondance | pass2 (deferred depth) | missing: price_week_20_27_mar_2027; price_range_low; price_currency; available_20_27_mar; image_count,pending,,,,,,,
405,enrich-leman-appartement-duplex-dans-residence-150-m2-eden-view,1,enrich,Appartement duplex dans résidence - 150 m2 - Eden view,https://www.leman-mountains-explore.com/offres/appartement-duplex-dans-residence-150-m2-eden-view-la-chapelle-dabondance-fr-4716962/,leman-appartement-duplex-dans-residence-150-m2-eden-view | La Chapelle d'Abondance | pass2 (deferred depth) | missing: price_week_20_27_mar_2027; price_range_low; price_currency; available_20_27_mar; image_count,pending,,,,,,,
406,enrich-leman-appartement-le-triolet-44m-1-chambre-alp-in-conciergerie,1,enrich,Appartement le Triolet - 44m² - 1 chambre - Alp'in Conciergerie,https://www.leman-mountains-explore.com/offres/appartement-le-triolet-44m%c2%b2-1-chambre-alpin-conciergerie-la-chapelle-dabondance-fr-6265813/,leman-appartement-le-triolet-44m-1-chambre-alp-in-conciergerie | La Chapelle d'Abondance | pass2 (deferred depth) | missing: price_week_20_27_mar_2027; price_range_low; price_currency; available_20_27_mar; image_count,pending,,,,,,,
407,enrich-leman-appartement-n-1-dans-chalet-1-chambre-32m-yap-brenda,1,enrich,Appartement n°1 dans chalet - 1 chambre - 32m² - Yap Brenda,https://www.leman-mountains-explore.com/offres/appartement-n1-dans-chalet-1-chambre-32m%c2%b2-yap-brenda-la-chapelle-dabondance-fr-5448018/,leman-appartement-n-1-dans-chalet-1-chambre-32m-yap-brenda | La Chapelle d'Abondance | pass2 (deferred depth) | missing: price_week_20_27_mar_2027; price_range_low; price_currency; available_20_27_mar; image_count,pending,,,,,,,
408,enrich-leman-appartement-n-1-dans-chalet-91m-3-chambres-david-vonne-jean-luc,1,enrich,Appartement n°1 dans chalet - 91m² - 3 chambres - David-Vonne Jean-Luc,https://www.leman-mountains-explore.com/offres/appartement-n1-dans-chalet-91m%c2%b2-3-chambres-david-vonne-jean-luc-la-chapelle-dabondance-fr-4717716/,leman-appartement-n-1-dans-chalet-91m-3-chambres-david-vonne-jean-luc | La Chapelle d'Abondance | pass2 (deferred depth) | missing: price_week_20_27_mar_2027; price_range_low; price_currency; available_20_27_mar; image_count,pending,,,,,,,
409,enrich-leman-appartement-n-1-dans-maison-le-gai-soleil-47m-3-chambres-milliet-denis,1,enrich,"Appartement n°1 dans maison ""Le Gai Soleil"" - 47m² - 3 chambres - Milliet Denis",https://www.leman-mountains-explore.com/offres/appartement-n1-dans-maison-le-gai-soleil-47m%c2%b2-3-chambres-milliet-denis-la-chapelle-dabondance-fr-4718482/,leman-appartement-n-1-dans-maison-le-gai-soleil-47m-3-chambres-milliet-denis | La Chapelle d'Abondance | pass2 (deferred depth) | missing: price_week_20_27_mar_2027; price_range_low; price_currency; available_20_27_mar; image_count,pending,,,,,,,
410,enrich-leman-appartement-n-2-dans-chalet-1-chambre-32m-yap-brenda,1,enrich,Appartement n°2 dans chalet - 1 chambre - 32m² - Yap Brenda,https://www.leman-mountains-explore.com/offres/appartement-n2-dans-chalet-1-chambre-32m%c2%b2-yap-brenda-la-chapelle-dabondance-fr-5448053/,leman-appartement-n-2-dans-chalet-1-chambre-32m-yap-brenda | La Chapelle d'Abondance | pass2 (deferred depth) | missing: price_week_20_27_mar_2027; price_range_low; price_currency; available_20_27_mar; image_count,pending,,,,,,,
411,enrich-leman-appartement-n-2-dans-chalet-77m-3-chambres-david-vonne-jean-luc,1,enrich,Appartement n°2 dans chalet - 77m² - 3 chambres - David-Vonne Jean-Luc,https://www.leman-mountains-explore.com/offres/appartement-n2-dans-chalet-77m%c2%b2-3-chambres-david-vonne-jean-luc-la-chapelle-dabondance-fr-4720166/,leman-appartement-n-2-dans-chalet-77m-3-chambres-david-vonne-jean-luc | La Chapelle d'Abondance | pass2 (deferred depth) | missing: price_week_20_27_mar_2027; price_range_low; price_currency; available_20_27_mar; image_count,pending,,,,,,,
412,enrich-leman-appartement-n-2-dans-maison-le-gai-soleil-88m-4-chambres-milliet-denis,1,enrich,"Appartement n°2 dans maison ""Le Gai Soleil"" - 88m² - 4 chambres - Milliet Denis",https://www.leman-mountains-explore.com/offres/appartement-n2-dans-maison-le-gai-soleil-88m%c2%b2-4-chambres-milliet-denis-la-chapelle-dabondance-fr-4718877/,leman-appartement-n-2-dans-maison-le-gai-soleil-88m-4-chambres-milliet-denis | La Chapelle d'Abondance | pass2 (deferred depth) | missing: price_week_20_27_mar_2027; price_range_low; price_currency; available_20_27_mar; image_count,pending,,,,,,,
413,enrich-leman-appartement-n-4-dans-chalet-2-chambres-45m-yap-brenda,1,enrich,Appartement n°4 dans chalet - 2 chambres -45m² - Yap Brenda,https://www.leman-mountains-explore.com/offres/appartement-n4-dans-chalet-2-chambres-45m%c2%b2-yap-brenda-la-chapelle-dabondance-fr-5448033/,leman-appartement-n-4-dans-chalet-2-chambres-45m-yap-brenda | La Chapelle d'Abondance | pass2 (deferred depth) | missing: bedrooms; price_week_20_27_mar_2027; price_range_low; price_currency; available_20_27_mar; image_count,pending,,,,,,,
414,enrich-leman-appartement-n-5-dans-chalet-2-chambres-45m-yap-brenda,1,enrich,Appartement n°5 dans chalet - 2 chambres -45m² - Yap Brenda,https://www.leman-mountains-explore.com/offres/appartement-n5-dans-chalet-2-chambres-45m%c2%b2-yap-brenda-la-chapelle-dabondance-fr-5447977/,leman-appartement-n-5-dans-chalet-2-chambres-45m-yap-brenda | La Chapelle d'Abondance | pass2 (deferred depth) | missing: bedrooms; price_week_20_27_mar_2027; price_range_low; price_currency; available_20_27_mar; image_count,pending,,,,,,,
415,enrich-leman-chalet-d-alice-chalet-independant-160-m-3-chambres-bovard-clarisse,1,enrich,"Chalet d'Alice, chalet indépendant - 160 m² - 3 chambres - Bovard Clarisse",https://www.leman-mountains-explore.com/offres/chalet-dalice-chalet-independant-160-m%c2%b2-3-chambres-bovard-clarisse-la-chapelle-dabondance-fr-4718292/,leman-chalet-d-alice-chalet-independant-160-m-3-chambres-bovard-clarisse | La Chapelle d'Abondance | pass2 (deferred depth) | missing: price_week_20_27_mar_2027; price_range_low; price_currency; available_20_27_mar; image_count,pending,,,,,,,
416,enrich-leman-chalet-du-saix-68m-3-chambres-guffroy-bertrand,1,enrich,Chalet du Saix - 68m² - 3 chambres - Guffroy Bertrand,https://www.leman-mountains-explore.com/offres/chalet-du-saix-68m%c2%b2-3-chambres-guffroy-bertrand-la-chapelle-dabondance-fr-4717247/,leman-chalet-du-saix-68m-3-chambres-guffroy-bertrand | La Chapelle d'Abondance | pass2 (deferred depth) | missing: price_week_20_27_mar_2027; price_range_low; price_currency; available_20_27_mar; image_count,pending,,,,,,,
417,enrich-leman-chalet-individuel-chavanette-312-m-7-chambres-ovo-network,1,enrich,Chalet individuel Chavanette - 312 m² - 7 chambres - OVO Network,https://www.leman-mountains-explore.com/offres/chalet-individuel-chavanette-312-m%c2%b2-7-chambres-ovo-network-la-chapelle-dabondance-fr-5724966/,leman-chalet-individuel-chavanette-312-m-7-chambres-ovo-network | La Chapelle d'Abondance | pass2 (deferred depth) | missing: price_week_20_27_mar_2027; price_range_low; price_currency; available_20_27_mar; image_count,pending,,,,,,,
418,enrich-leman-chalet-individuel-cret-beni-300-m2-5-chambres-mme-buttner-veronique,1,enrich,Chalet individuel Crêt Béni - 300 m2 - 5 chambres - Mme Buttner Véronique,https://www.leman-mountains-explore.com/offres/chalet-individuel-cret-beni-300-m2-5-chambres-mme-buttner-veronique-la-chapelle-dabondance-fr-4718809/,leman-chalet-individuel-cret-beni-300-m2-5-chambres-mme-buttner-veronique | La Chapelle d'Abondance | pass2 (deferred depth) | missing: price_week_20_27_mar_2027; price_range_low; price_currency; available_20_27_mar; image_count,pending,,,,,,,
419,enrich-leman-chalet-individuel-les-vardafes-155-m-4-chambres-ovo-network,1,enrich,Chalet individuel Les Vardafes - 155 m² - 4 chambres - OVO Network,https://www.leman-mountains-explore.com/offres/chalet-individuel-les-vardafes-155-m%c2%b2-4-chambres-ovo-network-la-chapelle-dabondance-fr-4718898/,leman-chalet-individuel-les-vardafes-155-m-4-chambres-ovo-network | La Chapelle d'Abondance | pass2 (deferred depth) | missing: bedrooms; price_week_20_27_mar_2027; price_range_low; price_currency; available_20_27_mar; image_count,pending,,,,,,,
420,enrich-leman-chalet-independant-edelweiss-220m-6-chambres-maxit-carole,1,enrich,"Chalet indépendant ""Edelweiss"" - 220m² - 6 chambres - Maxit Carole",https://www.leman-mountains-explore.com/offres/chalet-independant-edelweiss-220m%c2%b2-6-chambres-maxit-carole-la-chapelle-dabondance-fr-4718116/,leman-chalet-independant-edelweiss-220m-6-chambres-maxit-carole | La Chapelle d'Abondance | pass2 (deferred depth) | missing: price_week_20_27_mar_2027; price_range_low; price_currency; available_20_27_mar; image_count,pending,,,,,,,
421,enrich-leman-chalet-independant-le-bellevue-260m-8-chambres-grillet-aubert-roselyne,1,enrich,"Chalet indépendant ""Le Bellevue"" - 260m² - 8 chambres - Grillet-Aubert Roselyne",https://www.leman-mountains-explore.com/offres/chalet-independant-le-bellevue-260m%c2%b2-8-chambres-grillet-aubert-roselyne-la-chapelle-dabondance-fr-4719429/,leman-chalet-independant-le-bellevue-260m-8-chambres-grillet-aubert-roselyne | La Chapelle d'Abondance | pass2 (deferred depth) | missing: price_week_20_27_mar_2027; price_range_low; price_currency; available_20_27_mar; image_count,pending,,,,,,,
422,enrich-leman-chalet-independant-le-grenier-67m-2-chambres-vuarand-marcel,1,enrich,"Chalet indépendant ""Le Grenier"" - 67m² - 2 chambres - Vuarand Marcel",https://www.leman-mountains-explore.com/offres/chalet-independant-le-grenier-67m%c2%b2-2-chambres-vuarand-marcel-la-chapelle-dabondance-fr-4719437/,leman-chalet-independant-le-grenier-67m-2-chambres-vuarand-marcel | La Chapelle d'Abondance | pass2 (deferred depth) | missing: price_week_20_27_mar_2027; price_range_low; price_currency; available_20_27_mar; image_count,pending,,,,,,,
423,enrich-leman-chalet-independant-168m-6-chambres-david-vonne-jean-luc,1,enrich,Chalet indépendant - 168m² - 6 chambres - David-Vonne Jean-Luc,https://www.leman-mountains-explore.com/offres/chalet-independant-168m%c2%b2-6-chambres-david-vonne-jean-luc-la-chapelle-dabondance-fr-4716883/,leman-chalet-independant-168m-6-chambres-david-vonne-jean-luc | La Chapelle d'Abondance | pass2 (deferred depth) | missing: price_week_20_27_mar_2027; price_range_low; price_currency; available_20_27_mar; image_count,pending,,,,,,,
424,enrich-leman-chalet-independant-arthur-91m-3-chambres-anderson-richard,1,enrich,Chalet indépendant Arthur - 91m² - 3 chambres - Anderson Richard,https://www.leman-mountains-explore.com/offres/chalet-independant-arthur-91m%c2%b2-3-chambres-anderson-richard-la-chapelle-dabondance-fr-4719524/,leman-chalet-independant-arthur-91m-3-chambres-anderson-richard | La Chapelle d'Abondance | pass2 (deferred depth) | missing: price_week_20_27_mar_2027; price_range_low; price_currency; available_20_27_mar; image_count,pending,,,,,,,
425,enrich-leman-chalet-independant-latitude-47-95m-4-chambres-cerciat-nicole,1,enrich,Chalet indépendant Latitude 47 - 95m² - 4 chambres - Cerciat Nicole,https://www.leman-mountains-explore.com/offres/chalet-independant-latitude-47-95m%c2%b2-4-chambres-cerciat-nicole-la-chapelle-dabondance-fr-4717694/,leman-chalet-independant-latitude-47-95m-4-chambres-cerciat-nicole | La Chapelle d'Abondance | pass2 (deferred depth) | missing: price_week_20_27_mar_2027; price_range_low; price_currency; available_20_27_mar; image_count,pending,,,,,,,
426,enrich-leman-chalet-independant-le-grenier-120m-4-chambres-cruz-douard-nicole,1,enrich,Chalet indépendant Le Grenier - 120m² - 4 chambres - Cruz Douard Nicole,https://www.leman-mountains-explore.com/offres/chalet-independant-le-grenier-120m%c2%b2-4-chambres-cruz-douard-nicole-la-chapelle-dabondance-fr-4717222/,leman-chalet-independant-le-grenier-120m-4-chambres-cruz-douard-nicole | La Chapelle d'Abondance | pass2 (deferred depth) | missing: price_week_20_27_mar_2027; price_range_low; price_currency; available_20_27_mar; image_count,pending,,,,,,,
427,enrich-leman-chambre-d-hotes-chalet-cannelle,1,enrich,Chambre d'hôtes Chalet Cannelle,https://www.leman-mountains-explore.com/offres/chambre-dhotes-chalet-cannelle-la-chapelle-dabondance-fr-4720046/,leman-chambre-d-hotes-chalet-cannelle | La Chapelle d'Abondance | pass2 (deferred depth) | missing: price_week_20_27_mar_2027; price_range_low; price_currency; available_20_27_mar; image_count,pending,,,,,,,
428,enrich-leman-chambre-d-hotes-la-belle-etoile-du-gai-soleil,1,enrich,Chambre d'hôtes La Belle Etoile du Gai Soleil,https://www.leman-mountains-explore.com/offres/chambre-dhotes-la-belle-etoile-du-gai-soleil-la-chapelle-dabondance-fr-4716784/,leman-chambre-d-hotes-la-belle-etoile-du-gai-soleil | La Chapelle d'Abondance | pass2 (deferred depth) | missing: sleeps_max; bedrooms; price_week_20_27_mar_2027; price_range_low; price_currency; available_20_27_mar; image_count,pending,,,,,,,
429,enrich-leman-chambre-d-hotes-le-feto,1,enrich,Chambre d'hôtes Le Féto,https://www.leman-mountains-explore.com/offres/chambre-dhotes-le-feto-la-chapelle-dabondance-fr-4720110/,leman-chambre-d-hotes-le-feto | La Chapelle d'Abondance | pass2 (deferred depth) | missing: hot_tub; price_week_20_27_mar_2027; price_range_low; price_currency; available_20_27_mar; image_count,pending,,,,,,,
430,enrich-leman-chambre-d-hotes-le-marie-lydie,1,enrich,Chambre d'hôtes Le Marie-Lydie,https://www.leman-mountains-explore.com/offres/chambre-dhotes-le-marie-lydie-la-chapelle-dabondance-fr-4716611/,leman-chambre-d-hotes-le-marie-lydie | La Chapelle d'Abondance | pass2 (deferred depth) | missing: price_week_20_27_mar_2027; price_range_low; price_currency; available_20_27_mar; image_count,pending,,,,,,,
431,enrich-leman-chambre-d-hotes-le-retro,1,enrich,Chambre d'hôtes Le Rétro,https://www.leman-mountains-explore.com/offres/chambre-dhotes-le-retro-la-chapelle-dabondance-fr-4793516/,leman-chambre-d-hotes-le-retro | La Chapelle d'Abondance | pass2 (deferred depth) | missing: price_week_20_27_mar_2027; price_range_low; price_currency; available_20_27_mar; image_count,pending,,,,,,,
432,enrich-leman-chambre-d-hotes-les-carlines,1,enrich,Chambre d'hôtes Les Carlines,https://www.leman-mountains-explore.com/offres/chambre-dhotes-les-carlines-la-chapelle-dabondance-fr-4718588/,leman-chambre-d-hotes-les-carlines | La Chapelle d'Abondance | pass2 (deferred depth) | missing: price_week_20_27_mar_2027; price_range_low; price_currency; available_20_27_mar; image_count,pending,,,,,,,
433,enrich-leman-le-bazot,1,enrich,Le Bazot,https://www.leman-mountains-explore.com/offres/le-bazot-la-chapelle-dabondance-fr-4717048/,leman-le-bazot | La Chapelle d'Abondance | pass2 (deferred depth) | missing: price_week_20_27_mar_2027; available_20_27_mar; image_count,pending,,,,,,,
434,enrich-leman-le-p-tit-bazot,1,enrich,Le P'tit Bazot,https://www.leman-mountains-explore.com/offres/le-ptit-bazot-la-chapelle-dabondance-fr-4718381/,leman-le-p-tit-bazot | La Chapelle d'Abondance | pass2 (deferred depth) | missing: price_week_20_27_mar_2027; available_20_27_mar; image_count,pending,,,,,,,
435,enrich-leman-studio-dans-chalet-l-echo-de-la-corne-n-3-24m-cruz-lionel,1,enrich,Studio dans chalet L'Echo de la Corne n°3 - 24m² - Cruz Lionel,https://www.leman-mountains-explore.com/offres/studio-dans-chalet-lecho-de-la-corne-n3-24m%c2%b2-cruz-lionel-la-chapelle-dabondance-fr-4717802/,leman-studio-dans-chalet-l-echo-de-la-corne-n-3-24m-cruz-lionel | La Chapelle d'Abondance | pass2 (deferred depth) | missing: bedrooms; price_week_20_27_mar_2027; price_range_low; price_currency; available_20_27_mar; image_count,pending,,,,,,,
436,enrich-leman-studio-dans-chalet-les-bossons-n-p1-3-32m-mme-command,1,enrich,Studio dans chalet Les Bossons n°P1.3 - 32m² - Mme Command,https://www.leman-mountains-explore.com/offres/studio-dans-chalet-les-bossons-np1-3-32m%c2%b2-mme-command-la-chapelle-dabondance-fr-4718493/,leman-studio-dans-chalet-les-bossons-n-p1-3-32m-mme-command | La Chapelle d'Abondance | pass2 (deferred depth) | missing: bedrooms; price_week_20_27_mar_2027; price_range_low; price_currency; available_20_27_mar; image_count,pending,,,,,,,
437,enrich-leman-studio-dans-chalet-les-boutons-d-or-n-2-40m-benand-marie-josephe,1,enrich,Studio dans chalet Les Boutons d'Or n°2 - 40m² - Benand Marie Josèphe,https://www.leman-mountains-explore.com/offres/studio-dans-chalet-les-boutons-dor-n2-40m%c2%b2-benand-marie-josephe-la-chapelle-dabondance-fr-4719822/,leman-studio-dans-chalet-les-boutons-d-or-n-2-40m-benand-marie-josephe | La Chapelle d'Abondance | pass2 (deferred depth) | missing: bedrooms; price_week_20_27_mar_2027; price_range_low; price_currency; available_20_27_mar; image_count,pending,,,,,,,
438,enrich-hostsavoie-chalet-les-noisettes,1,enrich,Chalet Les Noisettes,https://www.hostsavoie.co.uk/catered-ski-chalet/selfCatered-chalet-noisettes.htm,hostsavoie-chalet-les-noisettes | Montriond | pass2 (deferred depth) | missing: price_week_20_27_mar_2027; available_20_27_mar,pending,,,,,,,
439,enrich-resa-morzine-chalet-x,1,enrich,Chalet X,https://www.resa-morzine.com/meuble-chalet-x-15-personnes-montriond-802608.html,resa-morzine-chalet-x | Montriond | pass2 (deferred depth) | missing: price_week_20_27_mar_2027; price_range_low; price_currency; available_20_27_mar; image_count,pending,,,,,,,
440,enrich-resa-morzine-k-terra-4,1,enrich,K-Terra 4,https://www.resa-morzine.com/meuble-k-terra-4-chalet-moderne-pour-8-avec-jacuzzi-220.html,resa-morzine-k-terra-4 | Montriond | pass2 (deferred depth) | missing: price_week_20_27_mar_2027; price_range_low; price_currency; available_20_27_mar; image_count,pending,,,,,,,
441,enrich-serrechevalier-reservation-3-rooms-domaine-des-grands-chalets-viggo-bri640-v011,1,enrich,3 ROOMS DOMAINE DES GRANDS CHALETS VIGGO (BRI640-V011),https://booking.serre-chevalier.com/briancon/3-rooms-domaine-des-grands-chalets-viggo-bri640-v011.html,serrechevalier-reservation-3-rooms-domaine-des-grands-chalets-viggo-bri640-v011 | Briançon | pass2 (deferred depth) | missing: bedrooms; price_week_20_27_mar_2027; price_range_low; price_currency; available_20_27_mar,pending,,,,,,,
442,enrich-snowedinn-chalet-briancon,1,enrich,email : [email removed] call : [phone removed] < Back Chalet Briancon,https://www.snowedinnchalets.com/properties/chalet-briancon,snowedinn-chalet-briancon | Briançon | pass2 (deferred depth) | missing: price_week_20_27_mar_2027; available_20_27_mar,pending,,,,,,,
443,enrich-snowedinn-chalet-flocon,1,enrich,email : [email removed] call : [phone removed] < Back Chalet Flocon,https://www.snowedinnchalets.com/properties/chalet-flocon,snowedinn-chalet-flocon | Briançon | pass2 (deferred depth) | missing: price_week_20_27_mar_2027; available_20_27_mar,pending,,,,,,,
444,enrich-snowedinn-chalet-genepi-12,1,enrich,email : [email removed] call : [phone removed] < Back Chalet Genepi 12,https://www.snowedinnchalets.com/properties/chalet-genepi-12,snowedinn-chalet-genepi-12 | Briançon | pass2 (deferred depth) | missing: price_week_20_27_mar_2027; available_20_27_mar,pending,,,,,,,
445,enrich-snowedinn-chalet-pearl,1,enrich,email : [email removed] call : [phone removed] < Back Chalet Pearl,https://www.snowedinnchalets.com/properties/chalet-pearl,snowedinn-chalet-pearl | Briançon | pass2 (deferred depth) | missing: price_week_20_27_mar_2027; available_20_27_mar,pending,,,,,,,
446,enrich-combloux-2-pieces-residence-chalets-autrichiens-r-107799,1,enrich,2 pièces - Résidence CHALETS AUTRICHIENS - ref CB913,https://reservation.combloux.com/product?lang=fr_FR&s_pid=107799,combloux-2-pieces-residence-chalets-autrichiens-r-107799 | Combloux | pass2 (deferred depth) | missing: bedrooms; hot_tub; price_week_20_27_mar_2027; image_count,pending,,,,,,,
447,enrich-combloux-2-pieces-residence-cret-du-loup-ref-cb92-107811,1,enrich,2 pièces - Résidence CRET DU LOUP - ref CB929,https://reservation.combloux.com/product?lang=fr_FR&s_pid=107811,combloux-2-pieces-residence-cret-du-loup-ref-cb92-107811 | Combloux | pass2 (deferred depth) | missing: bedrooms; hot_tub; price_range_low; image_count,pending,,,,,,,
448,enrich-combloux-2-pieces-residence-le-royal-ref-cb277-107803,1,enrich,2 pièces - Résidence LE ROYAL - ref CB277,https://reservation.combloux.com/product?lang=fr_FR&s_pid=107803,combloux-2-pieces-residence-le-royal-ref-cb277-107803 | Combloux | pass2 (deferred depth) | missing: bedrooms; hot_tub; price_range_low; image_count,pending,,,,,,,
449,enrich-combloux-2-pieces-residence-le-royal-ref-cb711-107794,1,enrich,2 pièces - Résidence LE ROYAL - ref CB711,https://reservation.combloux.com/product?lang=fr_FR&s_pid=107794,combloux-2-pieces-residence-le-royal-ref-cb711-107794 | Combloux | pass2 (deferred depth) | missing: bedrooms; hot_tub; price_range_low; image_count,pending,,,,,,,
450,enrich-combloux-2-pieces-residence-les-granges-de-colomb-107775,1,enrich,2 pièces - Résidence LES GRANGES DE COLOMB - ref CB269,https://reservation.combloux.com/product?lang=fr_FR&s_pid=107775,combloux-2-pieces-residence-les-granges-de-colomb-107775 | Combloux | pass2 (deferred depth) | missing: bedrooms; hot_tub; price_week_20_27_mar_2027; image_count,pending,,,,,,,
451,enrich-combloux-2-pieces-residence-perle-des-neiges-ref--107800,1,enrich,2 pièces - Résidence PERLE DES NEIGES - ref CB718,https://reservation.combloux.com/product?lang=fr_FR&s_pid=107800,combloux-2-pieces-residence-perle-des-neiges-ref--107800 | Combloux | pass2 (deferred depth) | missing: bedrooms; hot_tub; price_range_low; image_count,pending,,,,,,,
452,enrich-combloux-3-pieces-residence-chalet-flore-ref-cb92-107793,1,enrich,3 pièces - Résidence CHALET FLORE - ref CB921,https://reservation.combloux.com/product?lang=fr_FR&s_pid=107793,combloux-3-pieces-residence-chalet-flore-ref-cb92-107793 | Combloux | pass2 (deferred depth) | missing: bedrooms; hot_tub; price_range_low; image_count,pending,,,,,,,
453,enrich-lechaletclub-chalet-180,1,enrich,Chalet 180,https://www.lechalet.club/chalets/chalet-180,lechaletclub-chalet-180 | Combloux | pass2 (deferred depth) | missing: price_week_20_27_mar_2027; price_range_low; price_currency; available_20_27_mar,pending,,,,,,,
454,enrich-combloux-chalet-bellevue-2et-14363,1,enrich,Chalet Bellevue - 2ET,https://reservation.combloux.com/product?lang=fr_FR&s_pid=14363,combloux-chalet-bellevue-2et-14363 | Combloux | pass2 (deferred depth) | missing: bedrooms; hot_tub; price_range_low; image_count,pending,,,,,,,
455,enrich-combloux-chalet-bellevue-rc-14362,1,enrich,Chalet Bellevue - RC,https://reservation.combloux.com/product?lang=fr_FR&s_pid=14362,combloux-chalet-bellevue-rc-14362 | Combloux | pass2 (deferred depth) | missing: sleeps_max; bedrooms; hot_tub; price_range_low; image_count,pending,,,,,,,
456,enrich-combloux-chalet-buttoud-12826,1,enrich,Chalet Buttoud,https://reservation.combloux.com/product?lang=fr_FR&s_pid=12826,combloux-chalet-buttoud-12826 | Combloux | pass2 (deferred depth) | missing: bedrooms; hot_tub; price_range_low; image_count,pending,,,,,,,
457,enrich-lechaletclub-chalet-diane,1,enrich,Chalet Diane,https://www.lechalet.club/chalets/chalet-diane,lechaletclub-chalet-diane | Combloux | pass2 (deferred depth) | missing: price_week_20_27_mar_2027; price_range_low; price_currency; available_20_27_mar,pending,,,,,,,
458,enrich-lechaletclub-chalet-double-m,1,enrich,Chalet Double M,https://www.lechalet.club/chalets/chalet-double-m,lechaletclub-chalet-double-m | Combloux | pass2 (deferred depth) | missing: price_week_20_27_mar_2027; price_range_low; price_currency; available_20_27_mar,pending,,,,,,,
459,enrich-combloux-chalet-gouter-vision-4p-13242,1,enrich,Chalet Gouter Vision 4p,https://reservation.combloux.com/product?lang=fr_FR&s_pid=13242,combloux-chalet-gouter-vision-4p-13242 | Combloux | pass2 (deferred depth) | missing: bedrooms; hot_tub; price_range_low; image_count,pending,,,,,,,
460,enrich-combloux-chalet-le-chailloux-13022,1,enrich,Chalet Le Chailloux,https://reservation.combloux.com/product?lang=fr_FR&s_pid=13022,combloux-chalet-le-chailloux-13022 | Combloux | pass2 (deferred depth) | missing: bedrooms; hot_tub; price_range_low; image_count,pending,,,,,,,
461,enrich-lechaletclub-chalet-marianna,1,enrich,Chalet Marianna,https://www.lechalet.club/chalets/chalet-marianna,lechaletclub-chalet-marianna | Combloux | pass2 (deferred depth) | missing: price_week_20_27_mar_2027; price_range_low; price_currency; available_20_27_mar,pending,,,,,,,
462,enrich-combloux-chalet-mont-blanc-appartement-4-5p-1er-e-12966,1,enrich,Chalet Mont-Blanc - Appartement 4/5p - 1er étage,https://reservation.combloux.com/product?lang=fr_FR&s_pid=12966,combloux-chalet-mont-blanc-appartement-4-5p-1er-e-12966 | Combloux | pass2 (deferred depth) | missing: bedrooms; hot_tub; price_week_20_27_mar_2027; image_count,pending,,,,,,,
463,enrich-combloux-chalet-paget-13102,1,enrich,Chalet Paget,https://reservation.combloux.com/product?lang=fr_FR&s_pid=13102,combloux-chalet-paget-13102 | Combloux | pass2 (deferred depth) | missing: bedrooms; hot_tub; price_range_low; image_count,pending,,,,,,,
464,enrich-combloux-chalet-saint-jean-13031,1,enrich,Chalet Saint-Jean,https://reservation.combloux.com/product?lang=fr_FR&s_pid=13031,combloux-chalet-saint-jean-13031 | Combloux | pass2 (deferred depth) | missing: bedrooms; hot_tub; price_range_low; image_count,pending,,,,,,,
465,enrich-lechaletclub-chalet-velvet,1,enrich,Chalet Velvet,https://www.lechalet.club/chalets/chalet-velvet,lechaletclub-chalet-velvet | Combloux | pass2 (deferred depth) | missing: price_week_20_27_mar_2027; price_range_low; price_currency; available_20_27_mar,pending,,,,,,,
466,enrich-lechaletclub-chalet-victory,1,enrich,Chalet Victory,https://www.lechalet.club/chalets/chalet-victory,lechaletclub-chalet-victory | Combloux | pass2 (deferred depth) | missing: price_week_20_27_mar_2027; price_range_low; price_currency; available_20_27_mar,pending,,,,,,,
467,enrich-combloux-chalet-de-basseville-14404,1,enrich,Chalet de Basseville,https://reservation.combloux.com/product?lang=fr_FR&s_pid=14404,combloux-chalet-de-basseville-14404 | Combloux | pass2 (deferred depth) | missing: bedrooms; hot_tub; price_range_low; image_count,pending,,,,,,,
468,enrich-combloux-l-achouta-n14-13362,1,enrich,L'Achouta N°14,https://reservation.combloux.com/product?lang=fr_FR&s_pid=13362,combloux-l-achouta-n14-13362 | Combloux | pass2 (deferred depth) | missing: bedrooms; hot_tub; price_week_20_27_mar_2027; image_count,pending,,,,,,,
469,enrich-combloux-l-achouta-n31-30642,1,enrich,L'Achouta N°31,https://reservation.combloux.com/product?lang=fr_FR&s_pid=30642,combloux-l-achouta-n31-30642 | Combloux | pass2 (deferred depth) | missing: bedrooms; hot_tub; price_range_low; image_count,pending,,,,,,,
470,enrich-combloux-l-achouta-n30-39945,1,enrich,L'Achouta n°30,https://reservation.combloux.com/product?lang=fr_FR&s_pid=39945,combloux-l-achouta-n30-39945 | Combloux | pass2 (deferred depth) | missing: bedrooms; hot_tub; price_range_low; image_count,pending,,,,,,,
471,enrich-combloux-l-alpage-de-combloux-b201-104909,1,enrich,L'Alpage de Combloux B201,https://reservation.combloux.com/product?lang=fr_FR&s_pid=104909,combloux-l-alpage-de-combloux-b201-104909 | Combloux | pass2 (deferred depth) | missing: bedrooms; hot_tub; price_week_20_27_mar_2027; image_count,pending,,,,,,,
472,enrich-combloux-l-ecrin-des-glaciers-la-biche-n98-32941,1,enrich,L'Ecrin des Glaciers - La Biche n°98,https://reservation.combloux.com/product?lang=fr_FR&s_pid=32941,combloux-l-ecrin-des-glaciers-la-biche-n98-32941 | Combloux | pass2 (deferred depth) | missing: bedrooms; hot_tub; price_range_low; image_count,pending,,,,,,,
473,enrich-combloux-l-oree-du-bois-l-aigle-13885,1,enrich,L'Orée du Bois - L'Aigle,https://reservation.combloux.com/product?lang=fr_FR&s_pid=13885,combloux-l-oree-du-bois-l-aigle-13885 | Combloux | pass2 (deferred depth) | missing: bedrooms; hot_tub; price_week_20_27_mar_2027; image_count,pending,,,,,,,
474,enrich-combloux-l-oree-du-bois-la-grive-13887,1,enrich,L'Orée du Bois - La Grive,https://reservation.combloux.com/product?lang=fr_FR&s_pid=13887,combloux-l-oree-du-bois-la-grive-13887 | Combloux | pass2 (deferred depth) | missing: bedrooms; hot_tub; price_range_low; image_count,pending,,,,,,,
475,enrich-combloux-l-oree-du-bois-le-geai-13886,1,enrich,L'Orée du Bois - Le Geai,https://reservation.combloux.com/product?lang=fr_FR&s_pid=13886,combloux-l-oree-du-bois-le-geai-13886 | Combloux | pass2 (deferred depth) | missing: bedrooms; hot_tub; price_range_low; image_count,pending,,,,,,,
476,enrich-combloux-l-oree-du-bois-le-merle-13888,1,enrich,L'Orée du Bois - Le Merle,https://reservation.combloux.com/product?lang=fr_FR&s_pid=13888,combloux-l-oree-du-bois-le-merle-13888 | Combloux | pass2 (deferred depth) | missing: bedrooms; hot_tub; price_range_low; image_count,pending,,,,,,,
477,enrich-combloux-l-oree-du-bois-le-pinson-13889,1,enrich,L'Orée du Bois - Le Pinson,https://reservation.combloux.com/product?lang=fr_FR&s_pid=13889,combloux-l-oree-du-bois-le-pinson-13889 | Combloux | pass2 (deferred depth) | missing: bedrooms; hot_tub; price_range_low; image_count,pending,,,,,,,
478,enrich-combloux-la-barotiere-12843,1,enrich,La Barotière,https://reservation.combloux.com/product?lang=fr_FR&s_pid=12843,combloux-la-barotiere-12843 | Combloux | pass2 (deferred depth) | missing: bedrooms; hot_tub; price_range_low; image_count,pending,,,,,,,
479,enrich-combloux-la-barotiere-n9-12983,1,enrich,La Barotière N°9,https://reservation.combloux.com/product?lang=fr_FR&s_pid=12983,combloux-la-barotiere-n9-12983 | Combloux | pass2 (deferred depth) | missing: bedrooms; hot_tub; price_range_low; image_count,pending,,,,,,,
480,enrich-combloux-la-cabane-de-leon-42910,1,enrich,La Cabane de Léon,https://reservation.combloux.com/product?lang=fr_FR&s_pid=42910,combloux-la-cabane-de-leon-42910 | Combloux | pass2 (deferred depth) | missing: bedrooms; hot_tub; price_range_low; image_count,pending,,,,,,,
481,enrich-combloux-la-cordee-13202,1,enrich,La Cordée,https://reservation.combloux.com/product?lang=fr_FR&s_pid=13202,combloux-la-cordee-13202 | Combloux | pass2 (deferred depth) | missing: bedrooms; hot_tub; price_range_low; image_count,pending,,,,,,,
482,enrich-combloux-la-ferme-du-mont-blanc-12902,1,enrich,La Ferme du Mont-Blanc,https://reservation.combloux.com/product?lang=fr_FR&s_pid=12902,combloux-la-ferme-du-mont-blanc-12902 | Combloux | pass2 (deferred depth) | missing: bedrooms; hot_tub; price_range_low; image_count,pending,,,,,,,
483,enrich-combloux-la-pevote-13882,1,enrich,La Pevote,https://reservation.combloux.com/product?lang=fr_FR&s_pid=13882,combloux-la-pevote-13882 | Combloux | pass2 (deferred depth) | missing: bedrooms; hot_tub; price_range_low; image_count,pending,,,,,,,
484,enrich-combloux-la-tour-14405,1,enrich,La Tour,https://reservation.combloux.com/product?lang=fr_FR&s_pid=14405,combloux-la-tour-14405 | Combloux | pass2 (deferred depth) | missing: bedrooms; hot_tub; price_week_20_27_mar_2027; image_count,pending,,,,,,,
485,enrich-combloux-le-balcon-des-alpes-14082,1,enrich,Le Balcon des Alpes,https://reservation.combloux.com/product?lang=fr_FR&s_pid=14082,combloux-le-balcon-des-alpes-14082 | Combloux | pass2 (deferred depth) | missing: bedrooms; hot_tub; price_range_low; image_count,pending,,,,,,,
486,enrich-combloux-le-cret-du-loup-n13-12829,1,enrich,Le Crêt du Loup N°13,https://reservation.combloux.com/product?lang=fr_FR&s_pid=12829,combloux-le-cret-du-loup-n13-12829 | Combloux | pass2 (deferred depth) | missing: bedrooms; hot_tub; price_week_20_27_mar_2027; image_count,pending,,,,,,,
487,enrich-combloux-le-granit-13032,1,enrich,Le Granit,https://reservation.combloux.com/product?lang=fr_FR&s_pid=13032,combloux-le-granit-13032 | Combloux | pass2 (deferred depth) | missing: bedrooms; hot_tub; price_week_20_27_mar_2027; image_count,pending,,,,,,,
488,enrich-combloux-le-gros-caillou-granit-13186,1,enrich,Le Gros Caillou - Granit,https://reservation.combloux.com/product?lang=fr_FR&s_pid=13186,combloux-le-gros-caillou-granit-13186 | Combloux | pass2 (deferred depth) | missing: bedrooms; hot_tub; price_range_low; image_count,pending,,,,,,,
489,enrich-combloux-le-mazot-de-janton-39568,1,enrich,Le Mazot de Janton,https://reservation.combloux.com/product?lang=fr_FR&s_pid=39568,combloux-le-mazot-de-janton-39568 | Combloux | pass2 (deferred depth) | missing: bedrooms; hot_tub; price_range_low; image_count,pending,,,,,,,
490,enrich-combloux-le-mowgli-n15-12825,1,enrich,Le Mowgli - N°15,https://reservation.combloux.com/product?lang=fr_FR&s_pid=12825,combloux-le-mowgli-n15-12825 | Combloux | pass2 (deferred depth) | missing: bedrooms; hot_tub; price_week_20_27_mar_2027; image_count,pending,,,,,,,
491,enrich-combloux-le-panoramic-n-1-13902,1,enrich,Le Panoramic N° 1,https://reservation.combloux.com/product?lang=fr_FR&s_pid=13902,combloux-le-panoramic-n-1-13902 | Combloux | pass2 (deferred depth) | missing: bedrooms; hot_tub; price_week_20_27_mar_2027; image_count,pending,,,,,,,
492,enrich-combloux-le-panoramic-n-10-13982,1,enrich,Le Panoramic N° 10,https://reservation.combloux.com/product?lang=fr_FR&s_pid=13982,combloux-le-panoramic-n-10-13982 | Combloux | pass2 (deferred depth) | missing: bedrooms; hot_tub; price_range_low; image_count,pending,,,,,,,
493,enrich-combloux-le-panoramic-n-11-13983,1,enrich,Le Panoramic N° 11,https://reservation.combloux.com/product?lang=fr_FR&s_pid=13983,combloux-le-panoramic-n-11-13983 | Combloux | pass2 (deferred depth) | missing: bedrooms; hot_tub; price_range_low; image_count,pending,,,,,,,
494,enrich-combloux-le-panoramic-n-14-13984,1,enrich,Le Panoramic N° 14,https://reservation.combloux.com/product?lang=fr_FR&s_pid=13984,combloux-le-panoramic-n-14-13984 | Combloux | pass2 (deferred depth) | missing: bedrooms; hot_tub; price_range_low; image_count,pending,,,,,,,
495,enrich-combloux-le-panoramic-n-15-13985,1,enrich,Le Panoramic N° 15,https://reservation.combloux.com/product?lang=fr_FR&s_pid=13985,combloux-le-panoramic-n-15-13985 | Combloux | pass2 (deferred depth) | missing: bedrooms; hot_tub; price_range_low; image_count,pending,,,,,,,
496,enrich-combloux-le-panoramic-n-16-13986,1,enrich,Le Panoramic N° 16,https://reservation.combloux.com/product?lang=fr_FR&s_pid=13986,combloux-le-panoramic-n-16-13986 | Combloux | pass2 (deferred depth) | missing: bedrooms; hot_tub; price_range_low; image_count,pending,,,,,,,
497,enrich-combloux-le-panoramic-n-4-13903,1,enrich,Le Panoramic N° 4,https://reservation.combloux.com/product?lang=fr_FR&s_pid=13903,combloux-le-panoramic-n-4-13903 | Combloux | pass2 (deferred depth) | missing: bedrooms; hot_tub; price_range_low; image_count,pending,,,,,,,
498,enrich-combloux-le-panoramic-n-5-13904,1,enrich,Le Panoramic N° 5,https://reservation.combloux.com/product?lang=fr_FR&s_pid=13904,combloux-le-panoramic-n-5-13904 | Combloux | pass2 (deferred depth) | missing: bedrooms; hot_tub; price_week_20_27_mar_2027; image_count,pending,,,,,,,
499,enrich-combloux-le-panoramic-n-6-13962,1,enrich,Le Panoramic N° 6,https://reservation.combloux.com/product?lang=fr_FR&s_pid=13962,combloux-le-panoramic-n-6-13962 | Combloux | pass2 (deferred depth) | missing: sleeps_max; bedrooms; hot_tub; price_week_20_27_mar_2027; image_count,pending,,,,,,,
500,enrich-combloux-le-panoramic-n-9-13965,1,enrich,Le Panoramic N° 9,https://reservation.combloux.com/product?lang=fr_FR&s_pid=13965,combloux-le-panoramic-n-9-13965 | Combloux | pass2 (deferred depth) | missing: bedrooms; hot_tub; price_week_20_27_mar_2027; image_count,pending,,,,,,,
501,enrich-combloux-le-pormonet-14382,1,enrich,Le Pormonet,https://reservation.combloux.com/product?lang=fr_FR&s_pid=14382,combloux-le-pormonet-14382 | Combloux | pass2 (deferred depth) | missing: sleeps_max; bedrooms; hot_tub; price_range_low; image_count,pending,,,,,,,
502,enrich-combloux-le-pre-vert-105149,1,enrich,Le Pré Vert,https://reservation.combloux.com/product?lang=fr_FR&s_pid=105149,combloux-le-pre-vert-105149 | Combloux | pass2 (deferred depth) | missing: bedrooms; hot_tub; price_range_low; image_count,pending,,,,,,,
503,enrich-combloux-les-bruyeres-1et-12823,1,enrich,Les Bruyères - 1ET,https://reservation.combloux.com/product?lang=fr_FR&s_pid=12823,combloux-les-bruyeres-1et-12823 | Combloux | pass2 (deferred depth) | missing: bedrooms; hot_tub; price_range_low; image_count,pending,,,,,,,
504,enrich-combloux-les-bruyeres-rdc-12822,1,enrich,Les Bruyères - RDC,https://reservation.combloux.com/product?lang=fr_FR&s_pid=12822,combloux-les-bruyeres-rdc-12822 | Combloux | pass2 (deferred depth) | missing: bedrooms; hot_tub; price_range_low; image_count,pending,,,,,,,
505,enrich-combloux-les-carlines-28983,1,enrich,Les Carlines,https://reservation.combloux.com/product?lang=fr_FR&s_pid=28983,combloux-les-carlines-28983 | Combloux | pass2 (deferred depth) | missing: bedrooms; hot_tub; price_week_20_27_mar_2027; image_count,pending,,,,,,,
506,enrich-combloux-les-cristaux-217509,1,enrich,Les Cristaux,https://reservation.combloux.com/product?lang=fr_FR&s_pid=217509,combloux-les-cristaux-217509 | Combloux | pass2 (deferred depth) | missing: sleeps_max; bedrooms; hot_tub; price_range_low; image_count,pending,,,,,,,
507,enrich-combloux-les-cristaux-n-42-12964,1,enrich,Les Cristaux - N° 42,https://reservation.combloux.com/product?lang=fr_FR&s_pid=12964,combloux-les-cristaux-n-42-12964 | Combloux | pass2 (deferred depth) | missing: bedrooms; hot_tub; price_range_low; image_count,pending,,,,,,,
508,enrich-combloux-les-cristaux-n-4-13444,1,enrich,Les Cristaux N° 4,https://reservation.combloux.com/product?lang=fr_FR&s_pid=13444,combloux-les-cristaux-n-4-13444 | Combloux | pass2 (deferred depth) | missing: bedrooms; hot_tub; price_range_low; image_count,pending,,,,,,,
509,enrich-combloux-les-terrasses-de-combloux-a-n-24-103709,1,enrich,Les Terrasses de Combloux A n° 24,https://reservation.combloux.com/product?lang=fr_FR&s_pid=103709,combloux-les-terrasses-de-combloux-a-n-24-103709 | Combloux | pass2 (deferred depth) | missing: bedrooms; hot_tub; price_range_low; image_count,pending,,,,,,,
510,enrich-combloux-les-touristes-13422,1,enrich,Les Touristes,https://reservation.combloux.com/product?lang=fr_FR&s_pid=13422,combloux-les-touristes-13422 | Combloux | pass2 (deferred depth) | missing: bedrooms; hot_tub; price_range_low; image_count,pending,,,,,,,
511,enrich-combloux-oree-des-pistes-sorbiers-n102-12782,1,enrich,Orée des Pistes - SORBIERS N°102,https://reservation.combloux.com/product?lang=fr_FR&s_pid=12782,combloux-oree-des-pistes-sorbiers-n102-12782 | Combloux | pass2 (deferred depth) | missing: bedrooms; hot_tub; price_range_low; image_count,pending,,,,,,,
512,enrich-combloux-oree-des-pistes-bouleaux-4p-12963,1,enrich,Orée des pistes - BOULEAUX (4p),https://reservation.combloux.com/product?lang=fr_FR&s_pid=12963,combloux-oree-des-pistes-bouleaux-4p-12963 | Combloux | pass2 (deferred depth) | missing: bedrooms; hot_tub; price_range_low; image_count,pending,,,,,,,
513,enrich-combloux-oree-des-pistes-les-bouleaux-26342,1,enrich,Orée des pistes - Les Bouleaux,https://reservation.combloux.com/product?lang=fr_FR&s_pid=26342,combloux-oree-des-pistes-les-bouleaux-26342 | Combloux | pass2 (deferred depth) | missing: bedrooms; hot_tub; price_range_low; image_count,pending,,,,,,,
514,enrich-combloux-riant-chalet-13884,1,enrich,Riant-Chalet,https://reservation.combloux.com/product?lang=fr_FR&s_pid=13884,combloux-riant-chalet-13884 | Combloux | pass2 (deferred depth) | missing: bedrooms; hot_tub; price_range_low; image_count,pending,,,,,,,
515,enrich-combloux-residence-plein-soleil-cosy-mont-blanc-106310,1,enrich,Résidence Plein Soleil - Cosy Mont Blanc,https://reservation.combloux.com/product?lang=fr_FR&s_pid=106310,combloux-residence-plein-soleil-cosy-mont-blanc-106310 | Combloux | pass2 (deferred depth) | missing: bedrooms; hot_tub; price_range_low; image_count,pending,,,,,,,
516,enrich-combloux-residence-du-mont-blanc-n5-bis-14426,1,enrich,Résidence du Mont-Blanc N°5 Bis,https://reservation.combloux.com/product?lang=fr_FR&s_pid=14426,combloux-residence-du-mont-blanc-n5-bis-14426 | Combloux | pass2 (deferred depth) | missing: bedrooms; hot_tub; price_range_low; image_count,pending,,,,,,,
517,enrich-combloux-residence-l-alpage-saba-37450,1,enrich,Résidence l'Alpage - Saba,https://reservation.combloux.com/product?lang=fr_FR&s_pid=37450,combloux-residence-l-alpage-saba-37450 | Combloux | pass2 (deferred depth) | missing: bedrooms; hot_tub; price_range_low; image_count,pending,,,,,,,
518,enrich-combloux-studio-residence-ecrin-des-glaciers-daim-107789,1,enrich,Studio - Résidence ECRIN DES GLACIERS DAIM - ref CB907,https://reservation.combloux.com/product?lang=fr_FR&s_pid=107789,combloux-studio-residence-ecrin-des-glaciers-daim-107789 | Combloux | pass2 (deferred depth) | missing: bedrooms; hot_tub; price_week_20_27_mar_2027; image_count,pending,,,,,,,
519,enrich-combloux-studio-residence-ecrin-des-glaciers-ecur-107790,1,enrich,Studio - Résidence ECRIN DES GLACIERS ECUREUIL - ref CB919,https://reservation.combloux.com/product?lang=fr_FR&s_pid=107790,combloux-studio-residence-ecrin-des-glaciers-ecur-107790 | Combloux | pass2 (deferred depth) | missing: bedrooms; hot_tub; price_range_low; image_count,pending,,,,,,,
520,enrich-combloux-studio-residence-gros-cailloux-amethyste-107796,1,enrich,Studio - Résidence GROS CAILLOUX AMETHYSTE - ref CB735,https://reservation.combloux.com/product?lang=fr_FR&s_pid=107796,combloux-studio-residence-gros-cailloux-amethyste-107796 | Combloux | pass2 (deferred depth) | missing: bedrooms; hot_tub; price_range_low; image_count,pending,,,,,,,
521,enrich-combloux-studio-residence-les-cristaux-du-bas-ref-107798,1,enrich,Studio - Résidence LES CRISTAUX DU BAS - ref CB902,https://reservation.combloux.com/product?lang=fr_FR&s_pid=107798,combloux-studio-residence-les-cristaux-du-bas-ref-107798 | Combloux | pass2 (deferred depth) | missing: bedrooms; hot_tub; price_week_20_27_mar_2027; image_count,pending,,,,,,,
522,enrich-combloux-studio-residence-les-oreades-ref-cb738-107797,1,enrich,Studio - Résidence LES ORÉADES - ref CB738,https://reservation.combloux.com/product?lang=fr_FR&s_pid=107797,combloux-studio-residence-les-oreades-ref-cb738-107797 | Combloux | pass2 (deferred depth) | missing: bedrooms; hot_tub; price_range_low; image_count,pending,,,,,,,
523,enrich-combloux-ecrin-des-glaciers-biche-n108-13024,1,enrich,Écrin Des Glaciers - Biche N°108,https://reservation.combloux.com/product?lang=fr_FR&s_pid=13024,combloux-ecrin-des-glaciers-biche-n108-13024 | Combloux | pass2 (deferred depth) | missing: bedrooms; hot_tub; price_range_low; image_count,pending,,,,,,,
524,enrich-cimalpes-le-chalet-noir,1,enrich,Chalet Le Chalet Noir,https://cimalpes.com/fr/location-saint-gervais-mont-blanc/chalet-le-chalet-noir/,cimalpes-le-chalet-noir | St-Gervais Le Bettex | pass2 (deferred depth) | missing: hot_tub; price_week_20_27_mar_2027; available_20_27_mar; image_count,pending,,,,,,,
525,enrich-locstnicolas-appartement-faucheux-les-plans-3-pieces,1,enrich,Appartement Faucheux Les Plans 3 pièces,https://locations-saint-nicolas.com/liste.location.4.appartement_faucheux_les_plans_3_pi__ces.html,locstnicolas-appartement-faucheux-les-plans-3-pieces | St-Nicolas-de-Véroce | pass2 (deferred depth) | missing: price_week_20_27_mar_2027; image_count,pending,,,,,,,
526,enrich-locstnicolas-appartement-dans-ancienne-ferme-renovee,1,enrich,Appartement dans Ancienne Ferme Rénovée,https://locations-saint-nicolas.com/liste.location.47.appartement_dans_ancienne_ferme_r__nov__e.html,locstnicolas-appartement-dans-ancienne-ferme-renovee | St-Nicolas-de-Véroce | pass2 (deferred depth) | missing: price_week_20_27_mar_2027; price_range_low; available_20_27_mar; image_count,pending,,,,,,,
527,enrich-locstnicolas-brigitte-et-gilles-grandjacques,1,enrich,Brigitte et Gilles GRANDJACQUES,https://locations-saint-nicolas.com/liste.location.91.brigitte_et_gilles_grandjacques.html,locstnicolas-brigitte-et-gilles-grandjacques | St-Nicolas-de-Véroce | pass2 (deferred depth) | missing: price_week_20_27_mar_2027; price_range_low; image_count,pending,,,,,,,
528,enrich-locstnicolas-chalet-la-montagne-aux-plans,1,enrich,CHALET LA MONTAGNE AUX PLANS,https://locations-saint-nicolas.com/liste.location.98.chalet_la_montagne_aux_plans.html,locstnicolas-chalet-la-montagne-aux-plans | St-Nicolas-de-Véroce | pass2 (deferred depth) | missing: price_week_20_27_mar_2027,pending,,,,,,,
529,enrich-locstnicolas-cadran-solaire-est-6-pers,1,enrich,Cadran Solaire Est - 6 pers,https://locations-saint-nicolas.com/liste.location.70.cadran_solaire_est___6_pers.html,locstnicolas-cadran-solaire-est-6-pers | St-Nicolas-de-Véroce | pass2 (deferred depth) | missing: price_week_20_27_mar_2027; price_range_low; available_20_27_mar; image_count,pending,,,,,,,
530,enrich-locstnicolas-chalet-chez-michel,1,enrich,"Chalet ""Chez Michel",https://locations-saint-nicolas.com/liste.location.71.chalet__quot_chez_michel_quot_.html,locstnicolas-chalet-chez-michel | St-Nicolas-de-Véroce | pass2 (deferred depth) | missing: price_week_20_27_mar_2027,pending,,,,,,,
531,enrich-locstnicolas-chalet-les-biolles,1,enrich,"Chalet ""Les Biolles",https://locations-saint-nicolas.com/liste.location.8.chalet__quot_les_biolles_quot_.html,locstnicolas-chalet-les-biolles | St-Nicolas-de-Véroce | pass2 (deferred depth) | missing: price_week_20_27_mar_2027; available_20_27_mar,pending,,,,,,,
532,enrich-locstnicolas-chalet-3-chambres-a-saint-nicolas-de-veroce,1,enrich,Chalet 3 chambres à Saint-Nicolas-de-Véroce,https://locations-saint-nicolas.com/liste.location.105.chalet_3_chambres____saint_nicolas_de_v__roce.html,locstnicolas-chalet-3-chambres-a-saint-nicolas-de-veroce | St-Nicolas-de-Véroce | pass2 (deferred depth) | missing: price_week_20_27_mar_2027; available_20_27_mar; image_count,pending,,,,,,,
533,enrich-almae-armancette-chalet-aster,1,enrich,Chalet Aster et Spa (Hôtel Armancette),https://almae-collection.com/armancette/,almae-armancette-chalet-aster | St-Nicolas-de-Véroce | pass2 (deferred depth) | missing: price_week_20_27_mar_2027; available_20_27_mar,pending,,,,,,,
534,enrich-almae-armancette-chalet-carline,1,enrich,Chalet Carline (Hôtel Armancette),https://almae-collection.com/armancette/,almae-armancette-chalet-carline | St-Nicolas-de-Véroce | pass2 (deferred depth) | missing: hot_tub; price_week_20_27_mar_2027; available_20_27_mar,pending,,,,,,,
535,enrich-locstnicolas-chalet-les-costaz,1,enrich,Chalet Les Costaz,https://locations-saint-nicolas.com/liste.location.56.chalet_les_costaz.html,locstnicolas-chalet-les-costaz | St-Nicolas-de-Véroce | pass2 (deferred depth) | missing: price_week_20_27_mar_2027,pending,,,,,,,
536,enrich-locstnicolas-chalet-montjoye,1,enrich,Chalet Montjoye,https://locations-saint-nicolas.com/liste.location.104.chalet_montjoye.html,locstnicolas-chalet-montjoye | St-Nicolas-de-Véroce | pass2 (deferred depth) | missing: price_week_20_27_mar_2027; price_range_low,pending,,,,,,,
537,enrich-locstnicolas-chalet-rigollot,1,enrich,Chalet Rigollot,https://locations-saint-nicolas.com/liste.location.69.chalet_rigollot.html,locstnicolas-chalet-rigollot | St-Nicolas-de-Véroce | pass2 (deferred depth) | missing: price_week_20_27_mar_2027,pending,,,,,,,
538,enrich-almae-armancette-chalet-silene,1,enrich,Chalet Silene (Hôtel Armancette),https://almae-collection.com/armancette/,almae-armancette-chalet-silene | St-Nicolas-de-Véroce | pass2 (deferred depth) | missing: price_week_20_27_mar_2027; available_20_27_mar,pending,,,,,,,
539,enrich-locstnicolas-chalet-au-nant-blanchet,1,enrich,Chalet au Nant-Blanchet,https://locations-saint-nicolas.com/liste.location.12.chalet_au_nant_blanchet.html,locstnicolas-chalet-au-nant-blanchet | St-Nicolas-de-Véroce | pass2 (deferred depth) | missing: price_week_20_27_mar_2027; price_range_low,pending,,,,,,,
540,enrich-locstnicolas-chalet-d-architecte-pleine-vue-sur-le-mont-blanc,1,enrich,"Chalet d'architecte, pleine vue sur le Mont blanc",https://locations-saint-nicolas.com/liste.location.97.chalet_d__039_architecte__pleine_vue_sur_le_mont_blanc.html,locstnicolas-chalet-d-architecte-pleine-vue-sur-le-mont-blanc | St-Nicolas-de-Véroce | pass2 (deferred depth) | missing: price_week_20_27_mar_2027; available_20_27_mar,pending,,,,,,,
541,enrich-locstnicolas-chalet-les-ancolies,1,enrich,Chalet les Ancolies,https://locations-saint-nicolas.com/liste.location.13.chalet_les_ancolies.html,locstnicolas-chalet-les-ancolies | St-Nicolas-de-Véroce | pass2 (deferred depth) | missing: price_week_20_27_mar_2027; available_20_27_mar; image_count,pending,,,,,,,
542,enrich-locstnicolas-chalet-les-domes,1,enrich,Chalet les Dômes,https://locations-saint-nicolas.com/liste.location.103.chalet_les_d__mes.html,locstnicolas-chalet-les-domes | St-Nicolas-de-Véroce | pass2 (deferred depth) | missing: price_week_20_27_mar_2027; available_20_27_mar; image_count,pending,,,,,,,
543,enrich-locstnicolas-chattrix-les-plans-d-en-haut-au-pied-des-pistes,1,enrich,"Chattrix ""Les Plans d'en haut"" Au pied des pistes",https://locations-saint-nicolas.com/liste.location.63.chattrix__quot_les_plans_d_en_haut_quot__au_pied_des_pistes.html,locstnicolas-chattrix-les-plans-d-en-haut-au-pied-des-pistes | St-Nicolas-de-Véroce | pass2 (deferred depth) | missing: price_week_20_27_mar_2027; image_count,pending,,,,,,,
544,enrich-locstnicolas-chez-henri,1,enrich,Chez Henri,https://locations-saint-nicolas.com/liste.location.33.chez_henri.html,locstnicolas-chez-henri | St-Nicolas-de-Véroce | pass2 (deferred depth) | missing: price_week_20_27_mar_2027; price_range_low; available_20_27_mar; image_count,pending,,,,,,,
545,enrich-locstnicolas-foyer-celestin,1,enrich,Foyer Célestin,https://locations-saint-nicolas.com/liste.location.99.foyer_c__lestin.html,locstnicolas-foyer-celestin | St-Nicolas-de-Véroce | pass2 (deferred depth) | missing: hot_tub; price_week_20_27_mar_2027; available_20_27_mar,pending,,,,,,,
546,enrich-locstnicolas-indivision-grandjacques,1,enrich,Indivision Grandjacques,https://locations-saint-nicolas.com/liste.location.85.indivision_grandjacques.html,locstnicolas-indivision-grandjacques | St-Nicolas-de-Véroce | pass2 (deferred depth) | missing: price_week_20_27_mar_2027; image_count,pending,,,,,,,
547,enrich-locstnicolas-joly-chalet,1,enrich,Joly Chalet,https://locations-saint-nicolas.com/liste.location.95.joly_chalet.html,locstnicolas-joly-chalet | St-Nicolas-de-Véroce | pass2 (deferred depth) | missing: hot_tub; price_week_20_27_mar_2027; available_20_27_mar,pending,,,,,,,
548,enrich-locstnicolas-la-chacuniere,1,enrich,La Chacunière,https://locations-saint-nicolas.com/liste.location.79.la_chacuni__re.html,locstnicolas-la-chacuniere | St-Nicolas-de-Véroce | pass2 (deferred depth) | missing: price_week_20_27_mar_2027; price_range_low,pending,,,,,,,
549,enrich-locstnicolas-la-gliesette,1,enrich,La Gliesette,https://locations-saint-nicolas.com/liste.location.30.la_gliesette.html,locstnicolas-la-gliesette | St-Nicolas-de-Véroce | pass2 (deferred depth) | missing: price_week_20_27_mar_2027; price_range_low; image_count,pending,,,,,,,
550,enrich-locstnicolas-la-petite-berangere,1,enrich,La Petite Bérangère,https://locations-saint-nicolas.com/liste.location.53.la_petite_b__rang__re.html,locstnicolas-la-petite-berangere | St-Nicolas-de-Véroce | pass2 (deferred depth) | missing: price_week_20_27_mar_2027; image_count,pending,,,,,,,
551,enrich-locstnicolas-le-4810-chalet-les-cimes,1,enrich,Le 4810 : Chalet Les Cimes,https://locations-saint-nicolas.com/liste.location.89.le_4810___chalet_les_cimes.html,locstnicolas-le-4810-chalet-les-cimes | St-Nicolas-de-Véroce | pass2 (deferred depth) | missing: price_week_20_27_mar_2027; price_range_low,pending,,,,,,,
552,enrich-locstnicolas-le-cadran-solaire-4-6-personnes,1,enrich,Le Cadran solaire - 4/6 personnes,https://locations-saint-nicolas.com/liste.location.41.le_cadran_solaire___4_6_personnes.html,locstnicolas-le-cadran-solaire-4-6-personnes | St-Nicolas-de-Véroce | pass2 (deferred depth) | missing: price_week_20_27_mar_2027; price_range_low; available_20_27_mar; image_count,pending,,,,,,,
553,enrich-almae-chalet-ancolie,1,enrich,Le Chalet Ancolie,https://almae-collection.com/residences/ancolie/,almae-chalet-ancolie | St-Nicolas-de-Véroce | pass2 (deferred depth) | missing: price_week_20_27_mar_2027; price_range_low,pending,,,,,,,
554,enrich-locstnicolas-le-coq-de-bruyere,1,enrich,Le Coq de Bruyère,https://locations-saint-nicolas.com/liste.location.7.le_coq_de_bruy__re.html,locstnicolas-le-coq-de-bruyere | St-Nicolas-de-Véroce | pass2 (deferred depth) | missing: price_week_20_27_mar_2027; image_count,pending,,,,,,,
555,enrich-locstnicolas-le-covagnet,1,enrich,Le Covagnet,https://locations-saint-nicolas.com/liste.location.20.le_covagnet.html,locstnicolas-le-covagnet | St-Nicolas-de-Véroce | pass2 (deferred depth) | missing: price_week_20_27_mar_2027; price_range_low; image_count,pending,,,,,,,
556,enrich-locstnicolas-le-covagnet-1,1,enrich,Le Covagnet 1,https://locations-saint-nicolas.com/liste.location.93.le_covagnet_1.html,locstnicolas-le-covagnet-1 | St-Nicolas-de-Véroce | pass2 (deferred depth) | missing: price_week_20_27_mar_2027; image_count,pending,,,,,,,
557,enrich-locstnicolas-le-gouter,1,enrich,Le Gouter,https://locations-saint-nicolas.com/liste.location.100.le_gouter.html,locstnicolas-le-gouter | St-Nicolas-de-Véroce | pass2 (deferred depth) | missing: price_week_20_27_mar_2027; available_20_27_mar; image_count,pending,,,,,,,
558,enrich-locstnicolas-le-grenier,1,enrich,Le Grenier,https://locations-saint-nicolas.com/liste.location.74.le_grenier.html,locstnicolas-le-grenier | St-Nicolas-de-Véroce | pass2 (deferred depth) | missing: price_week_20_27_mar_2027; price_range_low; available_20_27_mar,pending,,,,,,,
559,enrich-locstnicolas-le-lutin,1,enrich,Le Lutin,https://locations-saint-nicolas.com/liste.location.48.le_lutin.html,locstnicolas-le-lutin | St-Nicolas-de-Véroce | pass2 (deferred depth) | missing: price_week_20_27_mar_2027; available_20_27_mar; image_count,pending,,,,,,,
560,enrich-locstnicolas-le-telemark,1,enrich,Le Télémark,https://locations-saint-nicolas.com/liste.location.26.le_t__l__mark.html,locstnicolas-le-telemark | St-Nicolas-de-Véroce | pass2 (deferred depth) | missing: price_week_20_27_mar_2027; price_range_low,pending,,,,,,,
561,enrich-locstnicolas-le-vorassey,1,enrich,Le Vorassey,https://locations-saint-nicolas.com/liste.location.40.le_vorassey.html,locstnicolas-le-vorassey | St-Nicolas-de-Véroce | pass2 (deferred depth) | missing: price_week_20_27_mar_2027; price_range_low; image_count,pending,,,,,,,
562,enrich-locstnicolas-les-bouquetins-les-nids-alpins,1,enrich,Les Bouquetins - Les Nids Alpins,https://locations-saint-nicolas.com/liste.location.55.les_bouquetins___les_nids_alpins.html,locstnicolas-les-bouquetins-les-nids-alpins | St-Nicolas-de-Véroce | pass2 (deferred depth) | missing: price_week_20_27_mar_2027,pending,,,,,,,
563,enrich-locstnicolas-les-bouquetins-appart-1,1,enrich,Les Bouquetins appart 1,https://locations-saint-nicolas.com/liste.location.77.les_bouquetins_appart_1.html,locstnicolas-les-bouquetins-appart-1 | St-Nicolas-de-Véroce | pass2 (deferred depth) | missing: price_week_20_27_mar_2027; available_20_27_mar; image_count,pending,,,,,,,
564,enrich-locstnicolas-les-campanules,1,enrich,Les Campanules,https://locations-saint-nicolas.com/liste.location.58.les_campanules.html,locstnicolas-les-campanules | St-Nicolas-de-Véroce | pass2 (deferred depth) | missing: price_week_20_27_mar_2027,pending,,,,,,,
565,enrich-locstnicolas-les-chalets-de-tete-rousse,1,enrich,Les Chalets de Tête Rousse,https://locations-saint-nicolas.com/liste.location.50.les_chalets_de_t__te_rousse.html,locstnicolas-les-chalets-de-tete-rousse | St-Nicolas-de-Véroce | pass2 (deferred depth) | missing: price_week_20_27_mar_2027; available_20_27_mar; image_count,pending,,,,,,,
566,enrich-locstnicolas-les-eterlous,1,enrich,Les Eterlous,https://locations-saint-nicolas.com/liste.location.67.les_eterlous.html,locstnicolas-les-eterlous | St-Nicolas-de-Véroce | pass2 (deferred depth) | missing: price_week_20_27_mar_2027; image_count,pending,,,,,,,
567,enrich-locstnicolas-les-fauvettes-chalet-independant-pour-8-personnes,1,enrich,Les Fauvettes - Chalet indépendant pour 8 personnes,https://locations-saint-nicolas.com/liste.location.90.les_fauvettes___chalet_ind__pendant_pour_8_personnes.html,locstnicolas-les-fauvettes-chalet-independant-pour-8-personnes | St-Nicolas-de-Véroce | pass2 (deferred depth) | missing: price_week_20_27_mar_2027; price_range_low,pending,,,,,,,
568,enrich-locstnicolas-les-nids-alpins,1,enrich,Les Nids Alpins,https://locations-saint-nicolas.com/liste.location.9.les_nids_alpins.html,locstnicolas-les-nids-alpins | St-Nicolas-de-Véroce | pass2 (deferred depth) | missing: price_week_20_27_mar_2027; price_range_low; available_20_27_mar; image_count,pending,,,,,,,
569,enrich-locstnicolas-les-nids-alpins-3,1,enrich,Les Nids Alpins,https://locations-saint-nicolas.com/liste.location.3.les_nids_alpins.html,locstnicolas-les-nids-alpins-3 | St-Nicolas-de-Véroce | pass2 (deferred depth) | missing: price_week_20_27_mar_2027,pending,,,,,,,
570,enrich-locstnicolas-les-nids-alpins-11,1,enrich,Les Nids Alpins,https://locations-saint-nicolas.com/liste.location.11.les_nids_alpins.html,locstnicolas-les-nids-alpins-11 | St-Nicolas-de-Véroce | pass2 (deferred depth) | missing: price_week_20_27_mar_2027; price_range_low; image_count,pending,,,,,,,
571,enrich-locstnicolas-les-nids-alpins-pupier,1,enrich,Les Nids Alpins - Pupier,https://locations-saint-nicolas.com/liste.location.16.les_nids_alpins___pupier.html,locstnicolas-les-nids-alpins-pupier | St-Nicolas-de-Véroce | pass2 (deferred depth) | missing: price_week_20_27_mar_2027,pending,,,,,,,
572,enrich-locstnicolas-les-nids-alpins-appartement-3-pieces,1,enrich,"Les Nids Alpins, appartement 3 pièces",https://locations-saint-nicolas.com/liste.location.21.les_nids_alpins__appartement_3_pi__ces.html,locstnicolas-les-nids-alpins-appartement-3-pieces | St-Nicolas-de-Véroce | pass2 (deferred depth) | missing: price_week_20_27_mar_2027; price_range_low; available_20_27_mar; image_count,pending,,,,,,,
573,enrich-locstnicolas-les-passereaux-nord,1,enrich,Les Passereaux Nord,https://locations-saint-nicolas.com/liste.location.2.les_passereaux_nord.html,locstnicolas-les-passereaux-nord | St-Nicolas-de-Véroce | pass2 (deferred depth) | missing: price_week_20_27_mar_2027; image_count,pending,,,,,,,
574,enrich-locstnicolas-les-passereaux-sud,1,enrich,Les Passereaux Sud,https://locations-saint-nicolas.com/liste.location.1.les_passereaux_sud.html,locstnicolas-les-passereaux-sud | St-Nicolas-de-Véroce | pass2 (deferred depth) | missing: price_week_20_27_mar_2027; image_count,pending,,,,,,,
575,enrich-locstnicolas-les-pierres-blanches,1,enrich,Les Pierres Blanches,https://locations-saint-nicolas.com/liste.location.84.les_pierres_blanches.html,locstnicolas-les-pierres-blanches | St-Nicolas-de-Véroce | pass2 (deferred depth) | missing: price_week_20_27_mar_2027,pending,,,,,,,
576,enrich-locstnicolas-les-rocailles-appartement-6-personnes,1,enrich,Les Rocailles - Appartement 6 personnes,https://locations-saint-nicolas.com/liste.location.65.les_rocailles___appartement_6_personnes.html,locstnicolas-les-rocailles-appartement-6-personnes | St-Nicolas-de-Véroce | pass2 (deferred depth) | missing: price_week_20_27_mar_2027; price_range_low; available_20_27_mar; image_count,pending,,,,,,,
577,enrich-locstnicolas-les-rois-miages,1,enrich,Les Rois Miages,https://locations-saint-nicolas.com/liste.location.32.les_rois_miages.html,locstnicolas-les-rois-miages | St-Nicolas-de-Véroce | pass2 (deferred depth) | missing: price_week_20_27_mar_2027; price_range_low,pending,,,,,,,
578,enrich-locstnicolas-montjoly,1,enrich,MontJoly,https://locations-saint-nicolas.com/liste.location.25._quot_montjoly_quot_.html,locstnicolas-montjoly | St-Nicolas-de-Véroce | pass2 (deferred depth) | missing: price_week_20_27_mar_2027; available_20_27_mar; image_count,pending,,,,,,,
579,enrich-locstnicolas-nidsalpinsbach,1,enrich,NidsAlpinsBACH,https://locations-saint-nicolas.com/liste.location.101.nidsalpinsbach.html,locstnicolas-nidsalpinsbach | St-Nicolas-de-Véroce | pass2 (deferred depth) | missing: price_week_20_27_mar_2027; price_range_low; image_count,pending,,,,,,,
580,enrich-locstnicolas-studio-le-gouter,1,enrich,Studio Le Gouter,https://locations-saint-nicolas.com/liste.location.51.studio_le_gouter.html,locstnicolas-studio-le-gouter | St-Nicolas-de-Véroce | pass2 (deferred depth) | missing: price_week_20_27_mar_2027; available_20_27_mar; image_count,pending,,,,,,,
581,enrich-locstnicolas-studio-les-domes,1,enrich,Studio les Dômes,https://locations-saint-nicolas.com/liste.location.27.studio_les_d__mes.html,locstnicolas-studio-les-domes | St-Nicolas-de-Véroce | pass2 (deferred depth) | missing: price_week_20_27_mar_2027; available_20_27_mar; image_count,pending,,,,,,,
582,enrich-locstnicolas-la-ferme-de-nant-blanchet,1,enrich,la Ferme de Nant Blanchet,https://locations-saint-nicolas.com/liste.location.73.la_ferme_de_nant_blanchet.html,locstnicolas-la-ferme-de-nant-blanchet | St-Nicolas-de-Véroce | pass2 (deferred depth) | missing: price_week_20_27_mar_2027; price_range_low,pending,,,,,,,
583,enrich-luxury-chalet-book-chalet-ronn,1,enrich,Chalet Ronn,https://www.luxurychaletbook.com/italy/alta-badia/chalet-ronn,luxury-chalet-book-chalet-ronn | Colfosco | pass2 (deferred depth) | missing: price_week_20_27_mar_2027; price_range_low; available_20_27_mar,pending,,,,,,,
584,enrich-luxury-chalet-book-chalet-mi-amur,1,enrich,Chalet Mi Amur,https://www.luxurychaletbook.com/italy/alta-badia/chalet-mi-amur,luxury-chalet-book-chalet-mi-amur | La Villa | pass2 (deferred depth) | missing: ,pending,,,,,,,
585,enrich-arabbait-appartamenti-al-fever,1,enrich,Appartamenti Al Fever,https://www.arabba.it/en/facilities-gastronomy/accommodation/appartamenti-al-fever/38-158.html,arabbait-appartamenti-al-fever | Alfauro (Livinallongo) | pass2 (deferred depth) | missing: sleeps_max; bedrooms; hot_tub; price_week_20_27_mar_2027; price_range_low; available_20_27_mar,pending,,,,,,,
586,enrich-arabbait-appartamenti-marisa,1,enrich,Appartamenti Marisa,https://www.arabba.it/en/facilities-gastronomy/accommodation/appartamenti-marisa/38-150.html,arabbait-appartamenti-marisa | Alfauro (Livinallongo) | pass2 (deferred depth) | missing: sleeps_max; bedrooms; hot_tub; price_week_20_27_mar_2027; price_range_low; available_20_27_mar,pending,,,,,,,
587,enrich-arabbait-appartamenti-stella-alpina,1,enrich,Appartamenti Stella Alpina,https://www.arabba.it/en/facilities-gastronomy/accommodation/appartamenti-stella-alpina/38-49.html,arabbait-appartamenti-stella-alpina | Alfauro (Livinallongo) | pass2 (deferred depth) | missing: sleeps_max; bedrooms; hot_tub; price_week_20_27_mar_2027; price_range_low; available_20_27_mar,pending,,,,,,,
588,enrich-arabbait-appartamento-crepaz-erica,1,enrich,Appartamento Crepaz Erica,https://www.arabba.it/en/facilities-gastronomy/accommodation/appartamento-crepaz-erica/38-9.html,arabbait-appartamento-crepaz-erica | Alfauro (Livinallongo) | pass2 (deferred depth) | missing: sleeps_max; bedrooms; hot_tub; price_week_20_27_mar_2027; price_range_low; available_20_27_mar,pending,,,,,,,
589,enrich-arabbait-alpeluce-mountain-chalet,1,enrich,Alpeluce Mountain Chalet,https://www.arabba.it/en/facilities-gastronomy/accommodation/alpeluce-mountain-chalet/38-180728.html,arabbait-alpeluce-mountain-chalet | Arabba | pass2 (deferred depth) | missing: sleeps_max; bedrooms; hot_tub; price_week_20_27_mar_2027; price_range_low; available_20_27_mar,pending,,,,,,,
590,enrich-arabbait-appartamenti-alpenroyal,1,enrich,Appartamenti Alpenroyal,https://www.arabba.it/en/facilities-gastronomy/accommodation/appartamenti-alpenroyal/38-170.html,arabbait-appartamenti-alpenroyal | Arabba | pass2 (deferred depth) | missing: sleeps_max; bedrooms; hot_tub; price_week_20_27_mar_2027; price_range_low; available_20_27_mar,pending,,,,,,,
591,enrich-arabbait-appartamenti-carlotta,1,enrich,Appartamenti Carlotta,https://www.arabba.it/en/facilities-gastronomy/accommodation/appartamenti-carlotta/38-423.html,arabbait-appartamenti-carlotta | Arabba | pass2 (deferred depth) | missing: sleeps_max; bedrooms; hot_tub; price_week_20_27_mar_2027; price_range_low; available_20_27_mar,pending,,,,,,,
592,enrich-arabbait-appartamenti-daberto-fabiola,1,enrich,Appartamenti Daberto Fabiola,https://www.arabba.it/en/facilities-gastronomy/accommodation/appartamenti-daberto-fabiola/38-401.html,arabbait-appartamenti-daberto-fabiola | Arabba | pass2 (deferred depth) | missing: sleeps_max; bedrooms; hot_tub; price_week_20_27_mar_2027; price_range_low; available_20_27_mar,pending,,,,,,,
593,enrich-arabbait-appartamenti-dolomites,1,enrich,Appartamenti Dolomites,https://www.arabba.it/en/facilities-gastronomy/accommodation/appartamenti-dolomites/38-164.html,arabbait-appartamenti-dolomites | Arabba | pass2 (deferred depth) | missing: sleeps_max; bedrooms; hot_tub; price_week_20_27_mar_2027; price_range_low; available_20_27_mar,pending,,,,,,,
594,enrich-arabbait-appartamenti-el-melaster,1,enrich,Appartamenti El Melaster,https://www.arabba.it/en/facilities-gastronomy/accommodation/appartamenti-el-melaster/38-53.html,arabbait-appartamenti-el-melaster | Arabba | pass2 (deferred depth) | missing: sleeps_max; bedrooms; hot_tub; price_week_20_27_mar_2027; price_range_low; available_20_27_mar,pending,,,,,,,
595,enrich-arabbait-appartamenti-el-tabia,1,enrich,Appartamenti El Tabià,https://www.arabba.it/en/facilities-gastronomy/accommodation/appartamenti-el-tabià/38-35.html,arabbait-appartamenti-el-tabia | Arabba | pass2 (deferred depth) | missing: sleeps_max; bedrooms; hot_tub; price_week_20_27_mar_2027; price_range_low; available_20_27_mar,pending,,,,,,,
596,enrich-arabbait-appartamenti-giglio-rosso,1,enrich,Appartamenti Giglio Rosso,https://www.arabba.it/en/facilities-gastronomy/accommodation/appartamenti-giglio-rosso/38-95.html,arabbait-appartamenti-giglio-rosso | Arabba | pass2 (deferred depth) | missing: sleeps_max; bedrooms; hot_tub; price_week_20_27_mar_2027; price_range_low; available_20_27_mar,pending,,,,,,,
597,enrich-arabbait-appartamenti-home-service,1,enrich,Appartamenti Home Service,https://www.arabba.it/en/facilities-gastronomy/accommodation/appartamenti-home-service/38-137597.html,arabbait-appartamenti-home-service | Arabba | pass2 (deferred depth) | missing: sleeps_max; bedrooms; hot_tub; price_week_20_27_mar_2027; price_range_low; available_20_27_mar,pending,,,,,,,
598,enrich-arabbait-appartamenti-irsara-rosvitta,1,enrich,Appartamenti Irsara Rosvitta,https://www.arabba.it/en/facilities-gastronomy/accommodation/appartamenti-irsara-rosvitta/38-391.html,arabbait-appartamenti-irsara-rosvitta | Arabba | pass2 (deferred depth) | missing: sleeps_max; bedrooms; hot_tub; price_week_20_27_mar_2027; price_range_low; available_20_27_mar,pending,,,,,,,
599,enrich-arabbait-appartamenti-lezuo-iris,1,enrich,Appartamenti Lezuo Iris,https://www.arabba.it/en/facilities-gastronomy/accommodation/appartamenti-lezuo-iris/38-152.html,arabbait-appartamenti-lezuo-iris | Arabba | pass2 (deferred depth) | missing: sleeps_max; bedrooms; hot_tub; price_week_20_27_mar_2027; price_range_low; available_20_27_mar,pending,,,,,,,
600,enrich-arabbait-appartamenti-samont,1,enrich,Appartamenti Samont,https://www.arabba.it/en/facilities-gastronomy/accommodation/appartamenti-samont/38-403.html,arabbait-appartamenti-samont | Arabba | pass2 (deferred depth) | missing: sleeps_max; bedrooms; price_week_20_27_mar_2027; price_range_low; available_20_27_mar,pending,,,,,,,
601,enrich-arabbait-appartamenti-vallazza-antonietta,1,enrich,Appartamenti Vallazza Antonietta,https://www.arabba.it/en/facilities-gastronomy/accommodation/appartamenti-vallazza-antonietta/38-387.html,arabbait-appartamenti-vallazza-antonietta | Arabba | pass2 (deferred depth) | missing: sleeps_max; bedrooms; hot_tub; price_week_20_27_mar_2027; price_range_low; available_20_27_mar,pending,,,,,,,
602,enrich-arabbait-appartamenti-vallazza-moreno,1,enrich,Appartamenti Vallazza Moreno,https://www.arabba.it/en/facilities-gastronomy/accommodation/appartamenti-vallazza-moreno/38-371.html,arabbait-appartamenti-vallazza-moreno | Arabba | pass2 (deferred depth) | missing: sleeps_max; bedrooms; hot_tub; price_week_20_27_mar_2027; price_range_low; available_20_27_mar,pending,,,,,,,
603,enrich-arabbait-appartamenti-vallazza-rosaria,1,enrich,Appartamenti Vallazza Rosaria,https://www.arabba.it/en/facilities-gastronomy/accommodation/appartamenti-vallazza-rosaria/38-415.html,arabbait-appartamenti-vallazza-rosaria | Arabba | pass2 (deferred depth) | missing: sleeps_max; bedrooms; hot_tub; price_week_20_27_mar_2027; price_range_low; available_20_27_mar,pending,,,,,,,
604,enrich-arabbait-appartamento-cesa-ines,1,enrich,Appartamento Cesa Ines,https://www.arabba.it/en/facilities-gastronomy/accommodation/appartamento-cesa-ines/38-36244.html,arabbait-appartamento-cesa-ines | Arabba | pass2 (deferred depth) | missing: sleeps_max; bedrooms; hot_tub; price_week_20_27_mar_2027; price_range_low; available_20_27_mar,pending,,,,,,,
605,enrich-arabbait-appartamento-ciasa-enrico,1,enrich,Appartamento Ciasa Enrico,https://www.arabba.it/en/facilities-gastronomy/accommodation/appartamento-ciasa-enrico/38-124015.html,arabbait-appartamento-ciasa-enrico | Arabba | pass2 (deferred depth) | missing: sleeps_max; bedrooms; hot_tub; price_week_20_27_mar_2027; price_range_low; available_20_27_mar,pending,,,,,,,
606,enrich-arabbait-appartamento-condominio-pordoi,1,enrich,Appartamento Condominio Pordoi,https://www.arabba.it/en/facilities-gastronomy/accommodation/appartamento-condominio-pordoi/38-449.html,arabbait-appartamento-condominio-pordoi | Arabba | pass2 (deferred depth) | missing: sleeps_max; bedrooms; hot_tub; price_week_20_27_mar_2027; price_range_low; available_20_27_mar,pending,,,,,,,
607,enrich-arabbait-appartamento-crepaz-graziella,1,enrich,Appartamento Crepaz Graziella,https://www.arabba.it/en/facilities-gastronomy/accommodation/appartamento-crepaz-graziella/38-59.html,arabbait-appartamento-crepaz-graziella | Arabba | pass2 (deferred depth) | missing: sleeps_max; bedrooms; hot_tub; price_week_20_27_mar_2027; price_range_low; available_20_27_mar,pending,,,,,,,
608,enrich-arabbait-appartamento-mister-x,1,enrich,Appartamento Mister X,https://www.arabba.it/en/facilities-gastronomy/accommodation/appartamento-mister-x/38-199446.html,arabbait-appartamento-mister-x | Arabba | pass2 (deferred depth) | missing: sleeps_max; bedrooms; hot_tub; price_week_20_27_mar_2027; price_range_low; available_20_27_mar,pending,,,,,,,
609,enrich-arabbait-appartamento-precumon-16-5,1,enrich,Appartamento Precumon 16/5,https://www.arabba.it/en/facilities-gastronomy/accommodation/appartamento-precumon-16/5/38-83728.html,arabbait-appartamento-precumon-16-5 | Arabba | pass2 (deferred depth) | missing: sleeps_max; bedrooms; hot_tub; price_week_20_27_mar_2027; price_range_low; available_20_27_mar,pending,,,,,,,
610,enrich-arabbait-appartamento-santin,1,enrich,Appartamento Santin,https://www.arabba.it/en/facilities-gastronomy/accommodation/appartamento-santin/38-431.html,arabbait-appartamento-santin | Arabba | pass2 (deferred depth) | missing: sleeps_max; bedrooms; hot_tub; price_week_20_27_mar_2027; price_range_low; available_20_27_mar,pending,,,,,,,
611,enrich-arabbait-appartaments-evaldo,1,enrich,Appartaments Evaldo,https://www.arabba.it/en/facilities-gastronomy/accommodation/appartaments-evaldo/38-148.html,arabbait-appartaments-evaldo | Arabba | pass2 (deferred depth) | missing: sleeps_max; bedrooms; hot_tub; price_week_20_27_mar_2027; price_range_low; available_20_27_mar,pending,,,,,,,
612,enrich-arabbait-bellavista,1,enrich,Bellavista (***),https://www.arabba.it/en/facilities-gastronomy/accommodation/bellavista/38-389.html,arabbait-bellavista | Arabba | pass2 (deferred depth) | missing: sleeps_max; bedrooms; price_week_20_27_mar_2027; price_range_low; available_20_27_mar,pending,,,,,,,
613,enrich-arabbait-blank-apartments,1,enrich,Blank (apartments),https://www.arabba.it/en/facilities-gastronomy/accommodation/blank/38-15573.html,arabbait-blank-apartments | Arabba | pass2 (deferred depth) | missing: sleeps_max; bedrooms; hot_tub; price_week_20_27_mar_2027; price_range_low; available_20_27_mar,pending,,,,,,,
614,enrich-arabbait-blank-rooms,1,enrich,Blank (rooms),https://www.arabba.it/en/facilities-gastronomy/accommodation/blank/38-26868.html,arabbait-blank-rooms | Arabba | pass2 (deferred depth) | missing: sleeps_max; bedrooms; hot_tub; price_week_20_27_mar_2027; price_range_low; available_20_27_mar,pending,,,,,,,
615,enrich-arabbait-blizzard-apartments,1,enrich,Blizzard Apartments,https://www.arabba.it/en/facilities-gastronomy/accommodation/blizzard-apartments/38-189938.html,arabbait-blizzard-apartments | Arabba | pass2 (deferred depth) | missing: sleeps_max; bedrooms; hot_tub; price_week_20_27_mar_2027; price_range_low; available_20_27_mar,pending,,,,,,,
616,enrich-arabbait-cesa-rudi,1,enrich,Cesa Rudi (*),https://www.arabba.it/en/facilities-gastronomy/accommodation/cesa-rudi/38-160.html,arabbait-cesa-rudi | Arabba | pass2 (deferred depth) | missing: sleeps_max; bedrooms; hot_tub; price_week_20_27_mar_2027; price_range_low; available_20_27_mar,pending,,,,,,,
617,enrich-arabbait-chalet-barbara,1,enrich,Chalet Barbara (*),https://www.arabba.it/en/facilities-gastronomy/accommodation/chalet-barbara/38-435.html,arabbait-chalet-barbara | Arabba | pass2 (deferred depth) | missing: sleeps_max; bedrooms; price_week_20_27_mar_2027; price_range_low; available_20_27_mar,pending,,,,,,,
618,enrich-arabbait-chalet-brigitte,1,enrich,Chalet Brigitte,https://www.arabba.it/en/facilities-gastronomy/accommodation/chalet-brigitte/38-168.html,arabbait-chalet-brigitte | Arabba | pass2 (deferred depth) | missing: sleeps_max; bedrooms; hot_tub; price_week_20_27_mar_2027; price_range_low; available_20_27_mar,pending,,,,,,,
619,enrich-arabbait-chalet-heidi,1,enrich,Chalet Heidi,https://www.arabba.it/en/facilities-gastronomy/accommodation/chalet-heidi/38-156.html,arabbait-chalet-heidi | Arabba | pass2 (deferred depth) | missing: sleeps_max; bedrooms; hot_tub; price_week_20_27_mar_2027; price_range_low; available_20_27_mar,pending,,,,,,,
620,enrich-arabbait-chalet-helen,1,enrich,Chalet Helen,https://www.arabba.it/en/facilities-gastronomy/accommodation/chalet-helen/38-37.html,arabbait-chalet-helen | Arabba | pass2 (deferred depth) | missing: sleeps_max; bedrooms; hot_tub; price_week_20_27_mar_2027; price_range_low; available_20_27_mar,pending,,,,,,,
621,enrich-arabbait-chalet-maria-teresa,1,enrich,Chalet Maria Teresa,https://www.arabba.it/en/facilities-gastronomy/accommodation/chalet-maria-teresa/38-81.html,arabbait-chalet-maria-teresa | Arabba | pass2 (deferred depth) | missing: sleeps_max; bedrooms; hot_tub; price_week_20_27_mar_2027; price_range_low; available_20_27_mar,pending,,,,,,,
622,enrich-arabbait-chalet-pradat,1,enrich,Chalet Pradat,https://www.arabba.it/en/facilities-gastronomy/accommodation/chalet-pradat/38-63.html,arabbait-chalet-pradat | Arabba | pass2 (deferred depth) | missing: sleeps_max; bedrooms; hot_tub; price_week_20_27_mar_2027; price_range_low; available_20_27_mar,pending,,,,,,,
623,enrich-arabbait-de-battista-ugo-c-s-n-c,1,enrich,De Battista Ugo & C. S.N.C.,https://www.arabba.it/en/facilities-gastronomy/accommodation/de-battista-ugo-c-s-n-c/38-172.html,arabbait-de-battista-ugo-c-s-n-c | Arabba | pass2 (deferred depth) | missing: sleeps_max; bedrooms; hot_tub; price_week_20_27_mar_2027; price_range_low; available_20_27_mar,pending,,,,,,,
624,enrich-arabbait-emma,1,enrich,Emma (**),https://www.arabba.it/en/facilities-gastronomy/accommodation/emma/38-75.html,arabbait-emma | Arabba | pass2 (deferred depth) | missing: sleeps_max; bedrooms; hot_tub; price_week_20_27_mar_2027; price_range_low; available_20_27_mar,pending,,,,,,,
625,enrich-arabbait-garni-erica,1,enrich,Garni' Erica (**),https://www.arabba.it/en/facilities-gastronomy/accommodation/garni-erica/38-25.html,arabbait-garni-erica | Arabba | pass2 (deferred depth) | missing: sleeps_max; bedrooms; hot_tub; price_week_20_27_mar_2027; price_range_low; available_20_27_mar,pending,,,,,,,
626,enrich-arabbait-garni-serena,1,enrich,Garni' Serena (***),https://www.arabba.it/en/facilities-gastronomy/accommodation/garni-serena/38-367.html,arabbait-garni-serena | Arabba | pass2 (deferred depth) | missing: sleeps_max; bedrooms; price_week_20_27_mar_2027; price_range_low; available_20_27_mar,pending,,,,,,,
627,enrich-arabbait-genziana,1,enrich,Genziana (**),https://www.arabba.it/en/facilities-gastronomy/accommodation/genziana/38-99.html,arabbait-genziana | Arabba | pass2 (deferred depth) | missing: sleeps_max; bedrooms; hot_tub; price_week_20_27_mar_2027; price_range_low; available_20_27_mar,pending,,,,,,,
628,enrich-arabbait-hotel-mesdi-s,1,enrich,Hotel Mesdi' (***S),https://www.arabba.it/en/facilities-gastronomy/accommodation/hotel-mesdi-s/38-407.html,arabbait-hotel-mesdi-s | Arabba | pass2 (deferred depth) | missing: sleeps_max; bedrooms; price_week_20_27_mar_2027; price_range_low; available_20_27_mar,pending,,,,,,,
629,enrich-arabbait-marilena,1,enrich,Marilena (***),https://www.arabba.it/en/facilities-gastronomy/accommodation/marilena/38-39.html,arabbait-marilena | Arabba | pass2 (deferred depth) | missing: sleeps_max; bedrooms; hot_tub; price_week_20_27_mar_2027; price_range_low; available_20_27_mar,pending,,,,,,,
630,enrich-arabbait-residence-baita-antlia,1,enrich,Residence Baita Antlia (***),https://www.arabba.it/en/facilities-gastronomy/accommodation/residence-baita-antlia/38-443.html,arabbait-residence-baita-antlia | Arabba | pass2 (deferred depth) | missing: sleeps_max; bedrooms; price_week_20_27_mar_2027; price_range_low; available_20_27_mar,pending,,,,,,,
631,enrich-arabbait-residence-chalet-panorama,1,enrich,Residence Chalet Panorama (***),https://www.arabba.it/en/facilities-gastronomy/accommodation/residence-chalet-panorama/38-79.html,arabbait-residence-chalet-panorama | Arabba | pass2 (deferred depth) | missing: sleeps_max; bedrooms; price_week_20_27_mar_2027; price_range_low; available_20_27_mar,pending,,,,,,,
632,enrich-arabbait-royal,1,enrich,Royal (***),https://www.arabba.it/en/facilities-gastronomy/accommodation/royal/38-69.html,arabbait-royal | Arabba | pass2 (deferred depth) | missing: sleeps_max; bedrooms; price_week_20_27_mar_2027; price_range_low; available_20_27_mar,pending,,,,,,,
633,enrich-arabbait-sunny-arabba-apartment,1,enrich,Sunny Arabba Apartment,https://www.arabba.it/en/facilities-gastronomy/accommodation/sunny-arabba-apartment/38-186230.html,arabbait-sunny-arabba-apartment | Arabba | pass2 (deferred depth) | missing: sleeps_max; bedrooms; hot_tub; price_week_20_27_mar_2027; price_range_low; available_20_27_mar,pending,,,,,,,
634,enrich-arabbait-bec-de-roces,1,enrich,Bec De Roces,https://www.arabba.it/en/facilities-gastronomy/accommodation/bec-de-roces/38-427.html,"arabbait-bec-de-roces | Arabba (Bec de Roces, on-mountain) | pass2 (deferred depth) | missing: sleeps_max; bedrooms; hot_tub; price_week_20_27_mar_2027; price_range_low; available_20_27_mar",pending,,,,,,,
635,enrich-arabbait-appartamenti-cesa-raggio-di-sole,1,enrich,Appartamenti Cesa Raggio Di Sole,https://www.arabba.it/en/facilities-gastronomy/accommodation/appartamenti-cesa-raggio-di-sole/38-27.html,arabbait-appartamenti-cesa-raggio-di-sole | Cherz (Livinallongo) | pass2 (deferred depth) | missing: sleeps_max; bedrooms; hot_tub; price_week_20_27_mar_2027; price_range_low; available_20_27_mar,pending,,,,,,,
636,enrich-arabbait-agriturismo-da-berna-di-bernardino-dorigo,1,enrich,Agriturismo Da Berna Di Bernardino Dorigo,https://www.arabba.it/en/facilities-gastronomy/accommodation/agriturismo-da-berna-di-bernardino-dorigo/38-429.html,arabbait-agriturismo-da-berna-di-bernardino-dorigo | Corte (Livinallongo) | pass2 (deferred depth) | missing: sleeps_max; bedrooms; hot_tub; price_week_20_27_mar_2027; price_range_low; available_20_27_mar,pending,,,,,,,
637,enrich-arabbait-apartments-mirabell,1,enrich,Apartments Mirabell,https://www.arabba.it/en/facilities-gastronomy/accommodation/apartments-mirabell/38-17.html,arabbait-apartments-mirabell | Corte (Livinallongo) | pass2 (deferred depth) | missing: sleeps_max; bedrooms; hot_tub; price_week_20_27_mar_2027; price_range_low; available_20_27_mar,pending,,,,,,,
638,enrich-arabbait-digonera,1,enrich,Digonera (***),https://www.arabba.it/en/facilities-gastronomy/accommodation/digonera/38-7518.html,arabbait-digonera | Digonera (Rocca Pietore) | pass2 (deferred depth) | missing: sleeps_max; bedrooms; price_week_20_27_mar_2027; price_range_low; available_20_27_mar,pending,,,,,,,
639,enrich-arabbait-appartamento-l-aier,1,enrich,Appartamento L'Aier,https://www.arabba.it/en/facilities-gastronomy/accommodation/appartamento-l-aier/38-36356.html,arabbait-appartamento-l-aier | Federa (Livinallongo) | pass2 (deferred depth) | missing: sleeps_max; bedrooms; hot_tub; price_week_20_27_mar_2027; price_range_low; available_20_27_mar,pending,,,,,,,
640,enrich-arabbait-hotel-garni-elisir,1,enrich,Hotel Garni' Elisir (***),https://www.arabba.it/en/facilities-gastronomy/accommodation/hotel-garni-elisir/38-41.html,arabbait-hotel-garni-elisir | Passo Campolongo (Arabba) | pass2 (deferred depth) | missing: sleeps_max; bedrooms; price_week_20_27_mar_2027; price_range_low; available_20_27_mar,pending,,,,,,,
641,enrich-arabbait-alpino,1,enrich,Alpino (***),https://www.arabba.it/en/facilities-gastronomy/accommodation/alpino/38-399.html,arabbait-alpino | Pieve di Livinallongo | pass2 (deferred depth) | missing: sleeps_max; bedrooms; hot_tub; price_week_20_27_mar_2027; price_range_low; available_20_27_mar,pending,,,,,,,
642,enrich-arabbait-appartamento-monte-civetta,1,enrich,Appartamento Monte Civetta,https://www.arabba.it/en/facilities-gastronomy/accommodation/appartamento-monte-civetta/38-180176.html,arabbait-appartamento-monte-civetta | Pieve di Livinallongo | pass2 (deferred depth) | missing: sleeps_max; bedrooms; hot_tub; price_week_20_27_mar_2027; price_range_low; available_20_27_mar,pending,,,,,,,
643,enrich-arabbait-appartamenti-antica-dimora-bosco-verde,1,enrich,Appartamenti Antica Dimora Bosco Verde,https://www.arabba.it/en/facilities-gastronomy/accommodation/appartamenti-antica-dimora-bosco-verde/38-74101.html,arabbait-appartamenti-antica-dimora-bosco-verde | Renaz (Livinallongo) | pass2 (deferred depth) | missing: sleeps_max; bedrooms; hot_tub; price_week_20_27_mar_2027; price_range_low; available_20_27_mar,pending,,,,,,,
644,enrich-arabbait-appartamenti-demarch-adelina,1,enrich,Appartamenti Demarch Adelina,https://www.arabba.it/en/facilities-gastronomy/accommodation/appartamenti-demarch-adelina/38-43.html,arabbait-appartamenti-demarch-adelina | Renaz (Livinallongo) | pass2 (deferred depth) | missing: sleeps_max; bedrooms; hot_tub; price_week_20_27_mar_2027; price_range_low; available_20_27_mar,pending,,,,,,,
645,enrich-arabbait-appartamento-al-becalen,1,enrich,Appartamento Al Becalen,https://www.arabba.it/en/facilities-gastronomy/accommodation/appartamento-al-becalen/38-373.html,arabbait-appartamento-al-becalen | Salesei (Livinallongo) | pass2 (deferred depth) | missing: sleeps_max; bedrooms; hot_tub; price_week_20_27_mar_2027; price_range_low; available_20_27_mar,pending,,,,,,,
646,enrich-arabbait-appartamento-la-majon,1,enrich,Appartamento La Majon,https://www.arabba.it/en/facilities-gastronomy/accommodation/appartamento-la-majon/38-36355.html,arabbait-appartamento-la-majon | Salesei (Livinallongo) | pass2 (deferred depth) | missing: sleeps_max; bedrooms; hot_tub; price_week_20_27_mar_2027; price_range_low; available_20_27_mar,pending,,,,,,,
647,enrich-arabbait-appartamenti-la-mirandola,1,enrich,Appartamenti La Mirandola,https://www.arabba.it/en/facilities-gastronomy/accommodation/appartamenti-la-mirandola/38-15.html,arabbait-appartamenti-la-mirandola | San Giovanni (Livinallongo) | pass2 (deferred depth) | missing: sleeps_max; bedrooms; hot_tub; price_week_20_27_mar_2027; price_range_low; available_20_27_mar,pending,,,,,,,
648,enrich-torgon-ch-appartement-111-le-cleuset-1,1,enrich,Appartement 111 - Le Cleuset,https://www.torgon.ch/appartement-111-le-cleuset-1.html,torgon-ch-appartement-111-le-cleuset-1 | Torgon | pass2 (deferred depth) | missing: sleeps_max; bedrooms; hot_tub; price_week_20_27_mar_2027; price_range_low; price_currency; available_20_27_mar; image_count,pending,,,,,,,
649,enrich-torgon-ch-appartement-128-immeuble-les-cretes,1,enrich,Appartement 128 immeuble Les Crêtes,https://www.torgon.ch/appartement-128-immeuble-les-cretes.html,torgon-ch-appartement-128-immeuble-les-cretes | Torgon | pass2 (deferred depth) | missing: hot_tub; price_week_20_27_mar_2027; price_range_low; price_currency; available_20_27_mar; image_count,pending,,,,,,,
650,enrich-torgon-ch-appartement-2-5-pieces-le-cleuset,1,enrich,"Appartement 2,5 pièces - Le Cleuset",https://www.torgon.ch/appartement-2-5-pieces-le-cleuset.html,torgon-ch-appartement-2-5-pieces-le-cleuset | Torgon | pass2 (deferred depth) | missing: sleeps_max; hot_tub; price_week_20_27_mar_2027; price_range_low; price_currency; available_20_27_mar; image_count,pending,,,,,,,
651,enrich-torgon-ch-appartement-334-immeuble-les-cretes,1,enrich,Appartement 334 immeuble Les Crêtes,https://www.torgon.ch/appartement-334-immeuble-les-cretes.html,torgon-ch-appartement-334-immeuble-les-cretes | Torgon | pass2 (deferred depth) | missing: sleeps_max; hot_tub; price_week_20_27_mar_2027; price_range_low; price_currency; available_20_27_mar; image_count,pending,,,,,,,
652,enrich-torgon-ch-appartement-35-a-le-panorama,1,enrich,Appartement 35 A Le Panorama,https://www.torgon.ch/appartement-35-a-le-panorama.html,torgon-ch-appartement-35-a-le-panorama | Torgon | pass2 (deferred depth) | missing: hot_tub; price_week_20_27_mar_2027; price_range_low; price_currency; available_20_27_mar; image_count,pending,,,,,,,
653,enrich-torgon-ch-appartement-59-le-cleuset-1,1,enrich,Appartement 59 - Le Cleuset,https://www.torgon.ch/appartement-59-le-cleuset-1.html,torgon-ch-appartement-59-le-cleuset-1 | Torgon | pass2 (deferred depth) | missing: bedrooms; hot_tub; price_week_20_27_mar_2027; price_range_low; price_currency; available_20_27_mar; image_count,pending,,,,,,,
654,enrich-torgon-ch-appartement-6-immeuble-le-chable,1,enrich,Appartement 6 immeuble Le Châble,https://www.torgon.ch/appartement-6-immeuble-le-chable.html,torgon-ch-appartement-6-immeuble-le-chable | Torgon | pass2 (deferred depth) | missing: bedrooms; hot_tub; price_week_20_27_mar_2027; available_20_27_mar; image_count,pending,,,,,,,
655,enrich-torgon-ch-appartement-a1-immeuble-le-chable,1,enrich,Appartement A1 immeuble Le Chable,https://www.torgon.ch/appartement-a1-immeuble-le-chable.html,torgon-ch-appartement-a1-immeuble-le-chable | Torgon | pass2 (deferred depth) | missing: sleeps_max; hot_tub; price_week_20_27_mar_2027; price_range_low; price_currency; available_20_27_mar; image_count,pending,,,,,,,
656,enrich-torgon-ch-appartement-a17-immeuble-la-jorette,1,enrich,Appartement A17 immeuble La Jorette,https://www.torgon.ch/appartement-a17-immeuble-la-jorette.html,torgon-ch-appartement-a17-immeuble-la-jorette | Torgon | pass2 (deferred depth) | missing: hot_tub; price_week_20_27_mar_2027; available_20_27_mar; image_count,pending,,,,,,,
657,enrich-torgon-ch-appartement-a47-immeuble-les-savounettes,1,enrich,Appartement A47 immeuble Les Savounettes,https://www.torgon.ch/appartement-a47-immeuble-les-savounettes.html,torgon-ch-appartement-a47-immeuble-les-savounettes | Torgon | pass2 (deferred depth) | missing: hot_tub; price_week_20_27_mar_2027; price_range_low; price_currency; available_20_27_mar; image_count,pending,,,,,,,
658,enrich-torgon-ch-appartement-b107-immeuble-les-savounettes,1,enrich,Appartement B107 immeuble Les Savounettes,https://www.torgon.ch/appartement-b107-immeuble-les-savounettes.html,torgon-ch-appartement-b107-immeuble-les-savounettes | Torgon | pass2 (deferred depth) | missing: hot_tub; price_week_20_27_mar_2027; price_range_low; price_currency; available_20_27_mar; image_count,pending,,,,,,,
659,enrich-torgon-ch-appartement-b21-immeuble-la-jorette,1,enrich,Appartement B21 immeuble La Jorette,https://www.torgon.ch/appartement-b21-immeuble-la-jorette.html,torgon-ch-appartement-b21-immeuble-la-jorette | Torgon | pass2 (deferred depth) | missing: hot_tub; price_week_20_27_mar_2027; price_range_low; price_currency; available_20_27_mar; image_count,pending,,,,,,,
660,enrich-torgon-ch-appartement-d64-immeuble-la-jorette,1,enrich,Appartement D64 immeuble La Jorette,https://www.torgon.ch/appartement-d64-immeuble-la-jorette.html,torgon-ch-appartement-d64-immeuble-la-jorette | Torgon | pass2 (deferred depth) | missing: hot_tub; price_week_20_27_mar_2027; available_20_27_mar; image_count,pending,,,,,,,
661,enrich-torgon-ch-appartement-e26-duplex-immeuble-la-serve,1,enrich,Appartement E26 Duplex immeuble La Serve,https://www.torgon.ch/appartement-e26-duplex-immeuble-la-serve.html,torgon-ch-appartement-e26-duplex-immeuble-la-serve | Torgon | pass2 (deferred depth) | missing: hot_tub; price_week_20_27_mar_2027; price_range_low; price_currency; available_20_27_mar; image_count,pending,,,,,,,
662,enrich-torgon-ch-appartement-e65-immeuble-la-serve,1,enrich,Appartement E65 immeuble La Serve,https://www.torgon.ch/appartement-e65-immeuble-la-serve.html,torgon-ch-appartement-e65-immeuble-la-serve | Torgon | pass2 (deferred depth) | missing: bedrooms; hot_tub; price_week_20_27_mar_2027; available_20_27_mar; image_count,pending,,,,,,,
663,enrich-torgon-ch-appartement-le-cleuset-58b,1,enrich,Appartement Le Cleuset 58B,https://www.torgon.ch/appartement-le-cleuset-58b.html,torgon-ch-appartement-le-cleuset-58b | Torgon | pass2 (deferred depth) | missing: hot_tub; price_week_20_27_mar_2027; price_range_low; price_currency; available_20_27_mar; image_count,pending,,,,,,,
664,enrich-torgon-ch-appartement-dans-chalet-route-de-plan-de-croix,1,enrich,Appartement dans Chalet Route de Plan de Croix,https://www.torgon.ch/appartement-dans-chalet-route-de-plan-de-croix.html,torgon-ch-appartement-dans-chalet-route-de-plan-de-croix | Torgon | pass2 (deferred depth) | missing: hot_tub; price_week_20_27_mar_2027; price_range_low; price_currency; available_20_27_mar; image_count,pending,,,,,,,
665,enrich-torgon-ch-appartement-dans-chalet-rte-de-plan-de-croix,1,enrich,Appartement dans Chalet Rte de Plan de Croix,https://www.torgon.ch/appartement-dans-chalet-rte-de-plan-de-croix.html,torgon-ch-appartement-dans-chalet-rte-de-plan-de-croix | Torgon | pass2 (deferred depth) | missing: hot_tub; price_week_20_27_mar_2027; price_range_low; price_currency; available_20_27_mar; image_count,pending,,,,,,,
666,enrich-torgon-ch-appartement-de-2-pieces-les-savounettes,1,enrich,Appartement de 2 pièces Les Savounettes,https://www.torgon.ch/appartement-de-2-pieces-les-savounettes.html,torgon-ch-appartement-de-2-pieces-les-savounettes | Torgon | pass2 (deferred depth) | missing: hot_tub; price_week_20_27_mar_2027; price_range_low; price_currency; available_20_27_mar; image_count,pending,,,,,,,
667,enrich-torgon-ch-appartement-moderne-cosy-a-torgon-4-personnes,1,enrich,Appartement moderne & cosy à Torgon - 4 personnes,https://www.torgon.ch/appartement-moderne-cosy-a-torgon-4-personnes.html,torgon-ch-appartement-moderne-cosy-a-torgon-4-personnes | Torgon | pass2 (deferred depth) | missing: hot_tub; price_week_20_27_mar_2027; available_20_27_mar; image_count,pending,,,,,,,
668,enrich-torgon-ch-chalet-route-de-plan-de-croix,1,enrich,Chalet Route de Plan de Croix,https://www.torgon.ch/chalet-route-de-plan-de-croix.html,torgon-ch-chalet-route-de-plan-de-croix | Torgon | pass2 (deferred depth) | missing: hot_tub; price_week_20_27_mar_2027; price_range_low; price_currency; available_20_27_mar; image_count,pending,,,,,,,
669,enrich-torgon-ch-chalet-a-revereulaz,1,enrich,Chalet à Revereulaz,https://www.torgon.ch/chalet-a-revereulaz.html,torgon-ch-chalet-a-revereulaz | Torgon | pass2 (deferred depth) | missing: sleeps_max; hot_tub; price_week_20_27_mar_2027; price_range_low; price_currency; available_20_27_mar; image_count,pending,,,,,,,
670,enrich-regiondentsdumidi-chalet-cocoon,1,enrich,Chalet Cocoon,https://www.regiondentsdumidi.ch/en/booking/accommodations/chalets-apartments-26263/#detail/7d7a076c8f2743f0b745473af9ccf90e,regiondentsdumidi-chalet-cocoon | Val d'Illiez | pass2 (deferred depth) | missing: price_week_20_27_mar_2027,pending,,,,,,,
671,enrich-regiondentsdumidi-chalet-la-frassonayaz-4-bedrooms-chalet,1,enrich,Chalet La Frassonayaz - 4 Bedrooms Chalet,https://www.regiondentsdumidi.ch/en/booking/accommodations/chalets-apartments-26263/#detail/a04ff09015634542810df902e0de4802,regiondentsdumidi-chalet-la-frassonayaz-4-bedrooms-chalet | Val d'Illiez | pass2 (deferred depth) | missing: price_week_20_27_mar_2027,pending,,,,,,,
672,enrich-regiondentsdumidi-chalet-la-pala-5-5-rooms-chalet,1,enrich,Chalet La Pala - 5.5-rooms chalet,https://www.regiondentsdumidi.ch/en/booking/accommodations/chalets-apartments-26263/#detail/b7a06e77093347259559ab9f2e21926c,regiondentsdumidi-chalet-la-pala-5-5-rooms-chalet | Val d'Illiez | pass2 (deferred depth) | missing: price_week_20_27_mar_2027,pending,,,,,,,
673,enrich-regiondentsdumidi-chalet-les-quatre-saisons-appartment-2-room,1,enrich,Chalet Les Quatre Saisons - Appartment 2 room,https://www.regiondentsdumidi.ch/en/booking/accommodations/chalets-apartments-26263/#detail/4bc532b6dbc0436085dacd39a5a6c570,regiondentsdumidi-chalet-les-quatre-saisons-appartment-2-room | Val d'Illiez | pass2 (deferred depth) | missing: price_week_20_27_mar_2027,pending,,,,,,,
674,enrich-regiondentsdumidi-chambres-d-hotes-la-rose-des-vents,1,enrich,Chambres d'hôtes la Rose des Vents,https://www.regiondentsdumidi.ch/en/booking/accommodations/chalets-apartments-26263/#detail/ea4d72ab3c0344d2b5c352f0e0e07377,regiondentsdumidi-chambres-d-hotes-la-rose-des-vents | Val d'Illiez | pass2 (deferred depth) | missing: sleeps_max; bedrooms; hot_tub; price_week_20_27_mar_2027; price_range_low,pending,,,,,,,
675,enrich-regiondentsdumidi-dents-du-midi-2251-2-rooms-apartment,1,enrich,Dents-du-Midi 2251 - 2-rooms apartment,https://www.regiondentsdumidi.ch/en/booking/accommodations/chalets-apartments-26263/#detail/1bfae4babfd34d61b75e2d4520e1baad,regiondentsdumidi-dents-du-midi-2251-2-rooms-apartment | Val d'Illiez | pass2 (deferred depth) | missing: price_week_20_27_mar_2027,pending,,,,,,,
676,enrich-regiondentsdumidi-le-chalet-de-lara-6-rooms-chalet,1,enrich,Le Chalet de Lara - 6 rooms chalet,https://www.regiondentsdumidi.ch/en/booking/accommodations/chalets-apartments-26263/#detail/232f27016dcb49b6ba7ef2583059e072,regiondentsdumidi-le-chalet-de-lara-6-rooms-chalet | Val d'Illiez | pass2 (deferred depth) | missing: price_week_20_27_mar_2027,pending,,,,,,,
677,enrich-regiondentsdumidi-mountain-and-river-appart-2-5-room-apartment,1,enrich,Mountain and River Appart - 2.5 room apartment,https://www.regiondentsdumidi.ch/en/booking/accommodations/chalets-apartments-26263/#detail/6c1a45edbebf4fe0af063f3cb9cab2fd,regiondentsdumidi-mountain-and-river-appart-2-5-room-apartment | Val d'Illiez | pass2 (deferred depth) | missing: price_week_20_27_mar_2027; price_range_low; price_currency; available_20_27_mar,pending,,,,,,,
678,enrich-regiondentsdumidi-mountain-and-river-appart-3-5-room-apartment,1,enrich,Mountain and River Appart - 3.5 room apartment,https://www.regiondentsdumidi.ch/en/booking/accommodations/chalets-apartments-26263/#detail/489718e14b5b4b349426f87f5571eb6e,regiondentsdumidi-mountain-and-river-appart-3-5-room-apartment | Val d'Illiez | pass2 (deferred depth) | missing: price_week_20_27_mar_2027; price_range_low; price_currency; available_20_27_mar,pending,,,,,,,
679,enrich-regiondentsdumidi-mountain-and-river-appart-4-5-room-apartment,1,enrich,Mountain and River Appart - 4.5 room apartment,https://www.regiondentsdumidi.ch/en/booking/accommodations/chalets-apartments-26263/#detail/b79065680c03476bb696a571dd4f5ab2,regiondentsdumidi-mountain-and-river-appart-4-5-room-apartment | Val d'Illiez | pass2 (deferred depth) | missing: price_week_20_27_mar_2027; price_range_low; price_currency; available_20_27_mar,pending,,,,,,,
680,enrich-regiondentsdumidi-mountain-and-river-appart-4-5-room-apartment-duplex,1,enrich,Mountain and River Appart - 4.5 room apartment duplex,https://www.regiondentsdumidi.ch/en/booking/accommodations/chalets-apartments-26263/#detail/114d1c729e364ed2859777908dbe768e,regiondentsdumidi-mountain-and-river-appart-4-5-room-apartment-duplex | Val d'Illiez | pass2 (deferred depth) | missing: price_week_20_27_mar_2027; price_range_low; price_currency; available_20_27_mar,pending,,,,,,,
681,enrich-regiondentsdumidi-mountain-and-river-appart-studio,1,enrich,Mountain and River Appart - Studio,https://www.regiondentsdumidi.ch/en/booking/accommodations/chalets-apartments-26263/#detail/4a76d35c8b584c13909ad7cca4586376,regiondentsdumidi-mountain-and-river-appart-studio | Val d'Illiez | pass2 (deferred depth) | missing: bedrooms; price_week_20_27_mar_2027; price_range_low; price_currency; available_20_27_mar,pending,,,,,,,
682,enrich-regiondentsdumidi-pointe-de-l-au-2-5-room-apartment,1,enrich,Pointe de l’Au - 2.5-room apartment,https://www.regiondentsdumidi.ch/en/booking/accommodations/chalets-apartments-26263/#detail/a8910c079dc04fca8b9ae50f6fc2b5f2,regiondentsdumidi-pointe-de-l-au-2-5-room-apartment | Val d'Illiez | pass2 (deferred depth) | missing: price_week_20_27_mar_2027,pending,,,,,,,
683,enrich-regiondentsdumidi-residence-dents-blanches-3-studio-1212,1,enrich,Résidence Dents Blanches 3 - Studio 1212,https://www.regiondentsdumidi.ch/en/booking/accommodations/chalets-apartments-26263/#detail/dd47744e6f9d4631a9ca4059c93b6182,regiondentsdumidi-residence-dents-blanches-3-studio-1212 | Val d'Illiez | pass2 (deferred depth) | missing: bedrooms; price_week_20_27_mar_2027; price_range_low; price_currency; available_20_27_mar,pending,,,,,,,
684,enrich-regiondentsdumidi-residence-pointe-de-bellevue-4112-studio-bellevue-4112,1,enrich,Résidence Pointe de Bellevue 4112 - Studio Bellevue 4112,https://www.regiondentsdumidi.ch/en/booking/accommodations/chalets-apartments-26263/#detail/e57293aa1f4d4960acccb27aad8a603d,regiondentsdumidi-residence-pointe-de-bellevue-4112-studio-bellevue-4112 | Val d'Illiez | pass2 (deferred depth) | missing: bedrooms; price_week_20_27_mar_2027,pending,,,,,,,
685,site-sno,2,site,Sno,https://www.sno.co.uk,FR/AT/CH/IT | budget-luxury,partial,2026-10-06 11:07,,chalets/raw/site-sno.csv,609,,,interrupted by usage limit 12:15; resume — check rows already in chalets/raw/site-sno.csv and the checkpoint
686,site-ski-line,2,site,Ski Line,https://www.skiline.co.uk,FR/AT/CH/IT | budget-luxury,partial,2026-10-06 10:50,,chalets/raw/site-ski-line.csv,0,,,interrupted by usage limit 12:15; resume — check rows already in chalets/raw/site-ski-line.csv and the checkpoint
687,site-iglu-ski,2,site,Iglu Ski,https://www.igluski.com,FR/AT/CH/IT | budget-luxury,partial,2026-10-06 09:58,,chalets/raw/site-iglu-ski.csv,0,,,recon only (stopped by coordinator): URL patterns incl. dated 20 Mar search in checkpoint; no resorts done; remaining: all
688,site-chaletline,2,site,Chaletline,https://chaletline.co.uk,FR/CH | mid,pending,,,,,,,
689,site-ski-weekends,2,site,Ski Weekends,https://www.skiweekends.com,FR | budget-mid,pending,,,,,,,
690,site-group-accommodation,2,site,Group Accommodation,https://www.groupaccommodation.com,FR/Alps | mid,pending,,,,,,,
691,site-weski,2,site,WeSki,https://www.weski.com,FR/AT/CH/IT | budget-mid,pending,,,,,,,
692,site-ski-beat,2,site,Ski Beat,https://www.skibeat.co.uk,"FR – La Rosière, La Plagne, Les Arcs, La Tania, Val d'Isère, Val Thorens | mid",pending,,,,,,,
693,site-alpine-elements,2,site,Alpine Elements,https://www.alpineelements.co.uk,"FR – Tignes, La Plagne, Méribel, Morzine | budget-mid",pending,,,,,,,
694,site-club-alpine,2,site,Club Alpine,https://club-alpine.com,"FR – Peisey-Vallandry, Les Arcs, La Plagne (Paradiski) | mid",pending,,,,,,,
695,site-mountain-heaven,2,site,Mountain Heaven,https://www.mountainheaven.co.uk,"FR – La Rosière, Morzine, Courchevel Le Praz, Montalbert, Plagne 1800; CH – Grimentz | budget-mid",pending,,,,,,,
696,site-go-alpine,2,site,Go Alpine,https://go-alpine.co.uk,FR – Peisey-Vallandry (Paradiski) | budget-mid,pending,,,,,,,
697,site-ski-villaroger,2,site,Ski Villaroger,https://www.skivillaroger.com,FR – Villaroger (Les Arcs/Paradiski) | budget-mid,pending,,,,,,,
698,site-tignes-spirit,2,site,Tignes Spirit,https://www.tignes-spirit.com,FR – Tignes (Espace Killy) | budget-mid,pending,,,,,,,
699,site-yse,2,site,YSE,https://www.yseski.co.uk,FR – Val d'Isère (Espace Killy) | mid,pending,,,,,,,
700,site-le-ski,2,site,Le Ski,https://www.leski.com,"FR – Val d'Isère, Courchevel 1650, La Tania | mid",pending,,,,,,,
701,site-skiworld,2,site,Skiworld,https://www.skiworld.co.uk,FR/AT/IT | mid,pending,,,,,,,
702,site-inghams,2,site,Inghams,https://www.inghams.co.uk,FR/AT/CH/IT | mid,pending,,,,,,,
703,site-crystal-ski,2,site,Crystal Ski,https://www.crystalski.co.uk,FR/AT/CH/IT | budget-mid,pending,,,,,,,
704,site-mark-warner,2,site,Mark Warner,https://www.markwarner.co.uk,FR – Tignes Val Claret (+ others) | mid,pending,,,,,,,
705,site-ski-peak,2,site,Ski Peak,https://www.skipeak.net,FR – Vaujany (Alpe d'Huez) | mid,pending,,,,,,,
706,site-ski-famille,2,site,Ski Famille,https://skifamille.co.uk,"FR – Les Menuires (Reberty 2000, Les Bruyères), Tignes, Val d'Isère, La Plagne; formerly Les Gets | mid",pending,,,,,,,
707,site-ski-basics,2,site,Ski Basics,https://www.skibasics.com,FR – Méribel (3 Vallées) | mid,pending,,,,,,,
708,site-skiology,2,site,Skiology,https://www.skiology.co.uk,FR – Morzine + others | budget-mid,pending,,,,,,,
709,site-peak-retreats,2,site,Peak Retreats,https://www.peakretreats.co.uk,"FR – Les Coches, Plagne 1800 + 'undiscovered' resorts | budget-mid",pending,,,,,,,
710,site-ski-miquel,2,site,Ski Miquel,https://www.skimiquel.co.uk,FR – Serre Chevalier + others | budget,pending,,,,,,,
711,site-snowed-inn-chalets,2,site,Snowed Inn Chalets,https://www.snowedinnchalets.com,FR – Serre Chevalier | budget-mid,pending,,,,,,,
712,site-mountain-mavericks,2,site,Mountain Mavericks,,FR – Morzine | mid,pending,,,,,,,
713,site-family-ski-company,2,site,Family Ski Company,https://familyski.co.uk,FR | mid,pending,,,,,,,
714,site-heidi,2,site,Heidi,https://www.heidi.com,"France, Switzerland, Austria, Italy, N America | mid",pending,,,,,,,
715,site-erna-low,2,site,Erna Low,https://www.ernalow.co.uk,"France-led; Austria, Switzerland, Italy | mid",pending,,,,,,,
716,site-ski-independence-ski-i-com,2,site,Ski Independence (ski-i.com),https://ski-i.com,"France, Switzerland, Austria, Italy, N America | mid-high",pending,,,,,,,
717,site-neilson,2,site,Neilson,https://www.neilson.co.uk/ski,"France (Les Menuires, Val d'Isère), Italy, Andorra | mid",pending,,,,,,,
718,site-topflight,2,site,Topflight,https://www.topflight.ie,"France, Austria, Italy, Andorra | mid",pending,,,,,,,
719,site-directski,2,site,Directski,https://www.directski.com,"Austria, France (La Plagne, Val Thorens, Méribel), Italy, Andorra | budget-mid",pending,,,,,,,
720,site-snowscape,2,site,Snowscape,https://www.snowscape.co.uk,"Austria (St Anton, Saalbach, Mayrhofen, Zell, Ischgl) | mid",pending,,,,,,,
721,site-simply-morzine,2,site,Simply Morzine,https://simply-morzine.co.uk,Morzine (Portes du Soleil) | mid-high,pending,,,,,,,
722,site-ski-kings,2,site,Ski Kings,https://www.skikings.co.uk,"Austria, France, Italy, Switzerland + | budget-mid",pending,,,,,,,
723,site-ski-club-of-gb--freshtracks,2,site,Ski Club of GB – Freshtracks,https://www.skiclub.co.uk/holidays,"Chamonix, Flaine chalets; Dolomites, Wengen etc. | mid",pending,,,,,,,
724,site-chilly-powder,2,site,Chilly Powder,https://www.chillypowder.com,Morzine/Les Prodains (Portes du Soleil) | mid-high,pending,,,,,,,
725,site-simply-val-d-isère,2,site,Simply Val d'Isère,https://www.simplyvaldisere.com,Val d'Isère (Tignes–Val d'Isère) | mid-high,pending,,,,,,,
726,site-hunter-chalets,2,site,Hunter Chalets,https://hunterchalets.com,"Morzine, Les Gets | mid-high",pending,,,,,,,
727,site-alikats,2,site,AliKats,https://alikats.eu,"Morzine, Montriond | mid-high",pending,,,,,,,
728,site-treeline-chalets,2,site,Treeline Chalets,https://treelinechalets.com,Morzine | budget-mid,pending,,,,,,,
729,site-riders-refuge,2,site,Riders Refuge,https://www.ridersrefuge.co.uk,Morzine | mid,pending,,,,,,,
730,site-northstar-chalets,2,site,Northstar Chalets,https://www.northstarchalets.com,Morzine | mid,pending,,,,,,,
731,site-host-savoie,2,site,Host Savoie,https://www.hostsavoie.co.uk,"Morzine, Montriond, Avoriaz; hotels Zell am See, Zermatt | mid",pending,,,,,,,
732,site-the-tasty-ski-company,2,site,The Tasty Ski Company,https://www.thetastyskicompany.co.uk,"Morzine, Samoëns, Morillon (PdS/Grand Massif) | mid",pending,,,,,,,
733,site-skialot-chalet-châtaigne,2,site,Skialot (Chalet Châtaigne),http://www.skialot.com,Châtel (Portes du Soleil) | budget,pending,,,,,,,
734,site-purechalets,2,site,PureChalets,https://purechalets.com,"Samoëns, Morillon (Grand Massif) | mid",pending,,,,,,,
735,site-the-chalet-company,2,site,The Chalet Company,https://thechaletcompany.com,Méribel | mid,pending,,,,,,,
736,site-ski-blanc,2,site,Ski Blanc,https://www.skiblanc.co.uk,Méribel | mid,pending,,,,,,,
737,site-ski-magic,2,site,Ski Magic,https://skimagic.co.uk,"La Tania, Méribel, Courchevel Le Praz | mid",pending,,,,,,,
738,site-snow-retreat,2,site,Snow Retreat,https://www.snowretreat.co.uk,La Tania (3 Vallées) | mid,pending,,,,,,,
739,site-ski-dazzle,2,site,Ski Dazzle,https://www.ski-dazzle.com,La Tania (3 Vallées) | mid,pending,,,,,,,
740,site-ski-vertigo,2,site,Ski Vertigo,https://www.skivertigo.co.uk,"Tignes, Val d'Isère, Val Thorens, La Plagne | mid",pending,,,,,,,
741,site-build-my-ski-trip,2,site,Build My Ski Trip,https://www.buildmyskitrip.com,"Val d'Isère, Tignes, Val Thorens, Alpe d'Huez | mid",pending,,,,,,,
742,site-tignes-co-uk,2,site,Tignes.co.uk,https://www.tignes.co.uk,Tignes | budget-high,pending,,,,,,,
743,site-the-tignes-chalet-co,2,site,The Tignes Chalet Co,http://thetigneschaletcompany.com,Tignes | unknown,pending,,,,,,,
744,site-black-diamond-sainte-foy,2,site,Black Diamond Sainte Foy,https://blackdiamondsaintefoy.com,Sainte-Foy-Tarentaise | unknown,pending,,,,,,,
745,site-chalet-solneige,2,site,Chalet Solneige,https://chaletsolneige.com/en/,Vaujany (Alpe d'Huez Grand Domaine) | budget,pending,,,,,,,
746,site-pinewood-chalets,2,site,Pinewood Chalets,https://www.pinewoodchalets.com,Serre Chevalier | budget,pending,,,,,,,
747,site-wm-chalets,2,site,WM Chalets,https://www.facebook.com/wmchalets/,Serre Chevalier | unknown,pending,,,,,,,
748,site-self-catered-st-martin,2,site,Self-Catered St Martin,https://selfcatered-saintmartin.com,St Martin de Belleville (3 Vallées) | mid-high,pending,,,,,,,
749,site-wens-chalets,2,site,Wens Chalets,https://www.wenschalets.co.uk,"Austria (St Anton, Serfaus-Fiss, Sölden), Châtel, Les Menuires, Italy | mid",pending,,,,,,,
750,site-alpenglow,2,site,Alpenglow,https://www.alpenglow.ski,"Alpe d'Huez, Les Arcs, France; Mayrhofen, Ischgl | mid",pending,,,,,,,
751,site-cimalpes,2,site,Cimalpes,https://www.cimalpes.com,"Les Menuires / Le Bettaix (Ydilia, Naos, Rupicapra, Eterlou), 3 Vallées | ",pending,,,,,,,
752,site-mountain-collection,2,site,Mountain Collection,https://www.mountaincollection.com/fr/station/les-menuires,"20+ French resorts (Les Menuires La Croisette/Les Bruyères/Reberty, St-Martin, Val Thorens, Méribel, La Plagne, Les Arcs, Tignes, Val d'Isère, Serre Chevalier, Flaine) | ",pending,,,,,,,
753,site-luxury-chalet-book,2,site,Luxury Chalet Book,https://www.luxurychaletbook.com,FR/CH/AT/IT incl. Cervinia | ,pending,,,,,,,
754,site-casa-camos-appartamenti-cerviniacasavacanze-com,2,site,Casa Camos Appartamenti (cerviniacasavacanze.com),https://www.cerviniacasavacanze.com,Breuil-Cervinia | ,pending,,,,,,,
755,site-villa-blanche-apartments,2,site,Villa Blanche Apartments,https://appartamentivillablanche.com/en/,Breuil-Cervinia | ,pending,,,,,,,
756,site-immobiliare-sangrato,2,site,Immobiliare Sangrato,https://www.immobiliaresangrato.it/affitti/,"Breuil-Cervinia, Valtournenche, Torgnon | ",pending,,,,,,,
757,site-fresh-tracks,2,site,Fresh Tracks,https://www.fresh-tracks.co.uk,Oz-en-Oisans | ,pending,,,,,,,
758,site-sotheby-s-alpe-d-huez-rentals,2,site,Sotheby's Alpe d'Huez rentals,https://www.alpedhuez-2alpes-sothebysrealty.com,Alpe d'Huez / Les 2 Alpes | ,pending,,,,,,,
759,site-chalets-le-village--odalys-alpe-d-huez,2,site,Chalets Le Village / Odalys (Alpe d Huez),https://www.seealpedhuez.com/chalets/,Alpe d Huez | ,pending,,,,,,,
760,site-le-chalet-club,2,site,Le Chalet Club,https://www.lechalet.club/,"Megève, Combloux, Chamonix, Saint-Gervais, Tignes | ",pending,,,,,,,
761,site-hip-chalets,2,site,Hip Chalets,https://www.hipchalets.com/luxury-chalet-collection,Chamonix; St-Nicolas-de-Véroce | ,pending,,,,,,,
762,site-almae-collection,2,site,Almae Collection,https://almae-collection.com/residences/ancolie/,St-Nicolas-de-Véroce; Chamonix | ,pending,,,,,,,
763,site-cesa-del-louf-direct,2,site,Cesa del Louf (direct),http://www.cesadellouf.it,Arabba | ,pending,,,,,,,
764,site-independent-ski-links,2,site,Independent Ski Links,http://www.ski-links.com,Tignes | ,pending,,,,,,,
765,site-ovo-network,2,site,OVO Network,https://www.ovonetwork.com,La Chapelle d Abondance + other Alps | ,pending,,,,,,,
766,site-alptitude-chalets,2,site,Alptitude Chalets,https://alptitude.com/properties/,"Morzine, Montriond | ",pending,,,,,,,
767,site-lets-ski-tignes-co-uk,2,site,lets.ski (Tignes.co.uk),https://lets.ski/accommodations?resort=tignes,"Tignes, Val d Isère, La Rosière, Val Thorens, La Plagne, Les Arcs, Alpe d Huez | ",pending,,,,,,,
768,site-alpine-answers,2,site,Alpine Answers,https://www.alpineanswers.co.uk,FR/AT/CH/IT | mid-luxury,pending,,,,,,,
769,site-ski-solutions,2,site,Ski Solutions,https://www.skisolutions.com,FR/AT/CH/IT | mid-luxury,pending,,,,,,,
770,site-powder-edition,2,site,Powder Edition,https://www.powderedition.com,FR/AT/CH/IT | luxury,pending,,,,,,,
771,site-vip-ski,2,site,VIP SKI,https://www.vip-chalets.com,"FR – Val d'Isère, Les Arcs, La Plagne, Avoriaz | mid-luxury",pending,,,,,,,
772,site-ski-morzine,2,site,Ski Morzine,https://www.skimorzine.com,FR – Morzine (Portes du Soleil) | mid-luxury,pending,,,,,,,
773,site-powder-white,2,site,Powder White,https://www.powderwhite.com,"FR – Méribel, Courchevel (3 Vallées) | mid-luxury",pending,,,,,,,
774,site-bramble-ski,2,site,Bramble Ski,https://www.brambleski.com,FR/CH | luxury,pending,,,,,,,
775,site-luxury-chalet-co,2,site,Luxury Chalet Co,https://www.luxurychaletco.com,FR/CH/IT incl. Cervinia | luxury,pending,,,,,,,
776,site-ski-in-luxury,2,site,Ski In Luxury,https://www.skiinluxury.com,FR/CH | luxury,pending,,,,,,,
777,site-le-chardon-mountain-lodges,2,site,Le Chardon Mountain Lodges,https://www.lechardonvaldisere.com,FR – Val d'Isère | luxury,pending,,,,,,,
778,site-oxford-ski-company,2,site,Oxford Ski Company,https://www.oxfordski.com,"France, Switzerland, Austria, Italy | luxury",pending,,,,,,,
779,site-leo-trippi,2,site,Leo Trippi,https://www.leotrippi.com,"Switzerland, France, Italy, Austria | luxury",pending,,,,,,,
780,site-powder-byrne,2,site,Powder Byrne,https://www.powderbyrne.com,"Switzerland, France, Italy, Austria (5* hotels) | luxury",pending,,,,,,,
781,site-luxury-chalets-meribel-delicious-mountain,2,site,Luxury Chalets Meribel (Delicious Mountain),https://www.luxurychaletsmeribel.co.uk,Méribel | high,pending,,,,,,,
782,site-consensio-chalets,2,site,Consensio Chalets,https://www.consensiochalets.co.uk,"Val d'Isère, Méribel, Courchevel | luxury",pending,,,,,,,
783,site-purple-ski,2,site,Purple Ski,https://www.purpleski.com,"Méribel, Courchevel, Val d'Isère | luxury",pending,,,,,,,
784,site-scott-dunn,2,site,Scott Dunn,https://www.scottdunn.com,"France, Switzerland, Austria, Italy | luxury",pending,,,,,,,
785,site-première-neige,2,site,Première Neige,https://www.premiere-neige.com,Sainte-Foy-Tarentaise | high,pending,,,,,,,
786,site-armadillo-chalets,2,site,Armadillo Chalets,https://www.skiarmadillo.com,"Verbier, Méribel | high",pending,,,,,,,
787,site-verbier-exclusive,2,site,Verbier Exclusive,https://verbierexclusive.com,Verbier (4 Vallées) | luxury,pending,,,,,,,
788,site-paragon-ski-chalets,2,site,Paragon Ski Chalets,https://paragonskichalets.com,"Val d'Isère, Tignes, Verbier, Austria | luxury",pending,,,,,,,
789,site-ultimate-luxury-chalets,2,site,Ultimate Luxury Chalets,https://www.ultimateluxurychalets.com,"Val d'Isère, Verbier, St Anton | luxury",pending,,,,,,,
790,site-firefly-collection,2,site,Firefly Collection,https://www.firefly-collection.com,"St Anton, Alps | luxury",pending,,,,,,,
791,site-f-p-travel,2,site,F&P Travel,https://www.fandptravel.com,"Switzerland, France, Austria | luxury",pending,,,,,,,
792,site-finest-holidays,2,site,Finest Holidays,https://www.finest-holidays.com,"St Martin de Belleville, Chamonix, Alps | luxury",pending,,,,,,,
793,discover-j2ski,3,discover,J2Ski,https://www.j2ski.com,find operators not in sites.csv,pending,,,,,,,
794,discover-snowcarbon,3,discover,SnowCarbon,https://snowcarbon.co.uk,find operators not in sites.csv,pending,,,,,,,
795,discover-altitude-holidays-incl-zenith-holidays,3,discover,Altitude Holidays (incl. Zenith Holidays),https://altitudeholidays.co.uk,find operators not in sites.csv,pending,,,,,,,
796,discover-chalet-owners,3,discover,Chalet Owners,https://www.chaletowners.com,find operators not in sites.csv,pending,,,,,,,
797,discover-orchards-cookery-operator-list,3,discover,Orchards Cookery operator list,https://www.orchardscookery.co.uk/recruitment/ski-companies-we-work-with/,find operators not in sites.csv,pending,,,,,,,
798,discover-seasonworkers-directory,3,discover,Seasonworkers directory,https://www.seasonworkers.com/ski-jobs/directory,find operators not in sites.csv,pending,,,,,,,
799,discover-natives-co-uk,3,discover,Natives.co.uk,https://www.natives.co.uk,find operators not in sites.csv,pending,,,,,,,
800,village-france-les-menuires,4,village,Les Menuires,,France | Les 3 Vallées | calibre A,done,2026-10-05 22:57,2026-10-05 23:39,chalets/raw/village-france-les-menuires.csv,103,80,6,"Les Menuires: 80 properties (13 catered incl. Neilson hotel, 2 Wens, 10 allChalets; 67 self-catered from official 3V + tourist-office booking sites). Near-fits: allChalets 24443 (catered, hot tub, 10p, quote), Antony/Cleopatra Reberty (catered, hot tub, 8p, GBP7,500 21-28 Mar, availability conflicting). Wens Panicaut free EUR950pp (12p, no tub)."
801,village-france-les-menuires-les-bruyères,4,village,Les Menuires: Les Bruyères,,France | Les 3 Vallées | calibre A,done,2026-10-05 23:41,2026-10-06 00:07,chalets/raw/village-france-les-menuires-les-bruyères.csv,38,21,4,"Tourist-office quartier filter: 38 units 8+ in Les Bruyères (21 new incl. 3 Vithos chalets w/ jacuzzi+sauna, 2 catered; 12 Dame Blanche + P&V + Barnes not bookable); 13 apts free 20 Mar (1632-2530 EUR); Mountain Collection = same Agence des Belleville stock"
802,village-france-les-menuires-reberty-2000,4,village,Les Menuires: Reberty 2000,,France | Les 3 Vallées | calibre A,done,2026-10-06 09:54,2026-10-06 10:05,chalets/raw/village-france-les-menuires-reberty-2000.csv,67,58,3,"Reberty 2000: tourist-office quartier REB2000 = 62 self-catered units (58 new); 16 free 20 Mar (sleep 4-6, EUR 670-2,806; Chalet 2000 MI0101/MI0202 have private jacuzzi, sleep 6); all 10 units for 8+ booked or not bookable. Ski Famille identified as operator of Sno catered chalets Bramble/Chamois/Eva/Katie 1-2 (hot tubs, 12-15p, sold out on Sno)."
803,village-france-alpe-d-huez,4,village,Alpe d'Huez,,France | Alpe d'Huez Grand Domaine | calibre A,done,2026-10-06 10:05,2026-10-06 10:39,chalets/raw/village-france-alpe-d-huez.csv,256,224,5,"Alpe d'Huez: official OT booking JSON API (132 units 8+; agency units have exact 20 Mar availability, MAEVA units pass2), SeeAlpedHuez 36, allChalets 99 (84 new). Near-fit: Chalet La Breche (sno-chalet-la-breche) catered, outdoor hot tub, 16p, free 20 Mar GBP1,549pp. Also catered+hot tub w/o 20 Mar data: Chalet de Bleu (Huez 1500, 10p), Solneige (Vaujany), Chalet 62541. Alpenglow dead, Zenith down."
804,village-france-la-daille,4,village,La Daille,,France | Espace Killy (Tignes – Val d'Isère) | calibre A,done,2026-10-06 10:14,2026-10-06 10:26,chalets/raw/village-france-la-daille.csv,45,39,3,"allChalets 9 SC apts (via allchalets.py --ids, board fixed); Simply VDI La Daille&Le Cret 36 (30 new, 6 = Sno dups; Le Cret ones as Val d'Isere); YSE 429; booking.valdisere.com = Ingenie, needs ingenie.py config"
805,village-france-le-fornet,4,village,Le Fornet,,France | Espace Killy (Tignes – Val d'Isère) | calibre A,done,2026-10-06 10:26,2026-10-06 10:32,chalets/raw/village-france-le-fornet.csv,28,16,1,"allChalets 16 (9 new), Simply VDI Fornet&Laisinant 12 (7 new: Rive Gauche, Vieux Pont, BMST Vanoise/Ananda/Sarire, YSE de Pierre, Arolay). Near-fits: La Marsa, Atacama (catered+HT+free 20 Mar)"
806,village-france-tignes-1800,4,village,Tignes 1800,,France | Espace Killy (Tignes – Val d'Isère) | calibre A,done,2026-10-06 10:32,2026-10-06 10:42,chalets/raw/village-france-tignes-1800.csv,55,53,1,"Ingenie I1800 48 (residence apts + 2 13p chalets w/ pool, no catered; picto hot-tub bug fixed), allChalets 7 (5 new). No catered properties; no near-fits"
807,village-france-tignes-le-lac,4,village,Tignes Le Lac,,France | Espace Killy (Tignes – Val d'Isère) | calibre A,done,2026-10-06 10:39,2026-10-06 11:02,chalets/raw/village-france-tignes-le-lac.csv,154,151,1,"Tignes Le Lac: tourist office (ingenie, Almes/Rosset/Bec Rouge, 8+) 129 units, 30 free 20 Mar; allChalets 13; SeeTignes opera chalet-apts (sauna, no operator); BMST 5 (Chardonnet/Arolla sold out). Near-fits: Grande Denali (allChalets) catered, hot tub, 16p, free GBP19,800 chalet; BMST Artayma (Lavachet) catered, hot tub, 15p, free GBP21,999. Ski Vertigo left to sites lane."
808,village-france-tignes-le-lavachet,4,village,Tignes Le Lavachet,,France | Espace Killy (Tignes – Val d'Isère) | calibre A,done,2026-10-06 10:42,2026-10-06 10:56,chalets/raw/village-france-tignes-le-lavachet.csv,138,138,0,"Ingenie ILAVACHET 134 self-catered units (51 free 20 Mar, 20 sleep 8-12, no hot tubs); allChalets 4 apts. Catered chalets here only known via Sno (Camille, Isabelle, Kitz). No near-fits"
809,village-france-tignes-val-claret,4,village,Tignes Val Claret,,France | Espace Killy (Tignes – Val d'Isère) | calibre A,done,2026-10-06 10:57,2026-10-06 11:32,chalets/raw/village-france-tignes-val-claret.csv,630,619,2,"Ingenie 611 (10 chalet units full detail, 601 apts listing-level pass2, no catered/hot tub); allChalets 12 (6 catered Sno-known chalet-apts Katalin/Catherine/Teresa/Sarah/Hera/Phoebe shared hot tub ~GBP1629pp free 20 Mar; 1 Sunday-changeover mismatch fixed); lets.ski 2 new apts + Armoise listed_on"
810,village-france-val-d-isère,4,village,Val d'Isère,,France | Espace Killy (Tignes – Val d'Isère) | calibre A,done,2026-10-06 11:02,2026-10-06 11:57,chalets/raw/village-france-val-d-isère.csv,384,332,1,"Val d'Isère: tourist office (ingenie valdisere, all non-Daille/Fornet zones, 8+) 224 units, 21 free 20 Mar; allChalets 160 (114 new, 54 free 20 Mar). Near-fits catered+hot tub+free: Ski France chalets Arosa (10p, GBP11,874 catered), Davos (10p, GBP11,019), Atacama (Le Fornet 10p, GBP10,549), Acajuma (12p, GBP11,589), Grande Sassiere (12p, GBP11,399); La Tapia (OT, 10p self-cat, outdoor nordic spa, EUR11,500). Operator sites left to sites lane (all have site tasks)."
811,village-france-les-2-alpes,4,village,Les 2 Alpes,,France | Les 2 Alpes | calibre A,done,2026-10-06 11:32,2026-10-06 12:08,chalets/raw/village-france-les-2-alpes.csv,216,198,3,"allChalets 70 (67 new; 15 catered incl. Chalet 39833=Chamois Volant catered+hot tub GBP1469pp free 20 Mar; village fixed to Les 2 Alpes); booking.les2alpes.com (Ingenie mid=2, not in ingenie.py) 128 chalet units via scratch runner, SEO jacuzzi false-positives fixed, ~810 apartments NOT collected, no 20 Mar prices; Altitude Holidays 3"
812,village-france-courchevel-1650-moriond,4,village,Courchevel 1650 (Moriond),,France | Les 3 Vallées | calibre A,done,2026-10-06 11:57,2026-10-06 12:10,chalets/raw/village-france-courchevel-1650-moriond.csv,31,30,1,"Courchevel 1650: 3 Vallées official (13 units 8+, 10 free 20 Mar; Chasseforet 12p chalet with private jacuzzi+sauna EUR11,500 free), allChalets 18 (15 catered, calendars mostly unmaintained). Estrella (Skiworld, 21p, catered, outdoor hot tub) free 20 Mar GBP1,709pp. Le Ski left to sites lane."
813,village-france-méribel-centre,4,village,Méribel (centre),,France | Les 3 Vallées | calibre A,partial,2026-10-06 12:03,,chalets/raw/village-france-méribel-centre.csv,0,,,interrupted by usage limit 12:15; resume — check rows already in chalets/raw/village-france-méribel-centre.csv and the checkpoint
814,village-france-méribel-mottaret,4,village,Méribel-Mottaret,,France | Les 3 Vallées | calibre A,partial,2026-10-06 12:08,,chalets/raw/village-france-méribel-mottaret.csv,0,,,interrupted by usage limit 12:15; resume — check rows already in chalets/raw/village-france-méribel-mottaret.csv and the checkpoint
815,village-france-val-thorens,4,village,Val Thorens,,France | Les 3 Vallées | calibre A,partial,2026-10-06 12:10,,chalets/raw/village-france-val-thorens.csv,0,,,interrupted by usage limit 12:15; resume — check rows already in chalets/raw/village-france-val-thorens.csv and the checkpoint
816,village-france-aime-la-plagne-aime-2000,4,village,Aime-la-Plagne (Aime 2000),,France | Paradiski (La Plagne – Les Arcs – Peisey-Vallandry) | calibre A,pending,,,,,,,
817,village-france-arc-1800,4,village,Arc 1800,,France | Paradiski (La Plagne – Les Arcs – Peisey-Vallandry) | calibre A,pending,,,,,,,
818,village-france-arc-2000,4,village,Arc 2000,,France | Paradiski (La Plagne – Les Arcs – Peisey-Vallandry) | calibre A,pending,,,,,,,
819,village-france-belle-plagne,4,village,Belle Plagne,,France | Paradiski (La Plagne – Les Arcs – Peisey-Vallandry) | calibre A,pending,,,,,,,
820,village-france-plagne-1800,4,village,Plagne 1800,,France | Paradiski (La Plagne – Les Arcs – Peisey-Vallandry) | calibre A,pending,,,,,,,
821,village-france-plagne-bellecôte,4,village,Plagne Bellecôte,,France | Paradiski (La Plagne – Les Arcs – Peisey-Vallandry) | calibre A,pending,,,,,,,
822,village-france-plagne-centre,4,village,Plagne Centre,,France | Paradiski (La Plagne – Les Arcs – Peisey-Vallandry) | calibre A,pending,,,,,,,
823,village-france-plagne-soleil,4,village,Plagne Soleil,,France | Paradiski (La Plagne – Les Arcs – Peisey-Vallandry) | calibre A,pending,,,,,,,
824,village-france-plagne-villages,4,village,Plagne Villages,,France | Paradiski (La Plagne – Les Arcs – Peisey-Vallandry) | calibre A,pending,,,,,,,
825,village-france-avoriaz,4,village,Avoriaz,,France | Portes du Soleil | calibre A,pending,,,,,,,
826,village-france-morzine,4,village,Morzine,,France | Portes du Soleil | calibre A,pending,,,,,,,
827,village-france-auris-en-oisans,4,village,Auris-en-Oisans,,France | Alpe d'Huez Grand Domaine | calibre B,pending,,,,,,,
828,village-france-oz-en-oisans,4,village,Oz-en-Oisans,,France | Alpe d'Huez Grand Domaine | calibre B,pending,,,,,,,
829,village-france-vaujany,4,village,Vaujany,,France | Alpe d'Huez Grand Domaine | calibre B,pending,,,,,,,
830,village-france-villard-reculas,4,village,Villard-Reculas,,France | Alpe d'Huez Grand Domaine | calibre B,pending,,,,,,,
831,village-france-les-carroz,4,village,Les Carroz,,France | Grand Massif | calibre B,pending,,,,,,,
832,village-france-samoëns,4,village,Samoëns,,France | Grand Massif | calibre B,pending,,,,,,,
833,village-france-samoëns-1600,4,village,Samoëns 1600,,France | Grand Massif | calibre B,pending,,,,,,,
834,village-france-st-françois-longchamp-longchamp-1650,4,village,St-François-Longchamp (Longchamp 1650),,France | Le Grand Domaine (Valmorel – St-François-Longchamp) | calibre B,pending,,,,,,,
835,village-france-mont-de-lans,4,village,Mont-de-Lans,,France | Les 2 Alpes | calibre B,pending,,,,,,,
836,village-france-courchevel-le-praz-1300,4,village,Courchevel Le Praz (1300),,France | Les 3 Vallées | calibre B,pending,,,,,,,
837,village-france-la-tania,4,village,La Tania,,France | Les 3 Vallées | calibre B,pending,,,,,,,
838,village-france-st-martin-de-belleville,4,village,St-Martin-de-Belleville,,France | Les 3 Vallées | calibre B,pending,,,,,,,
839,village-france-la-toussuire,4,village,La Toussuire,,France | Les Sybelles | calibre B,pending,,,,,,,
840,village-france-le-corbier,4,village,Le Corbier,,France | Les Sybelles | calibre B,pending,,,,,,,
841,village-france-st-sorlin-d-arves,4,village,St-Sorlin-d'Arves,,France | Les Sybelles | calibre B,pending,,,,,,,
842,village-france-champagny-en-vanoise,4,village,Champagny-en-Vanoise,,France | Paradiski (La Plagne – Les Arcs – Peisey-Vallandry) | calibre B,pending,,,,,,,
843,village-france-montalbert,4,village,Montalbert,,France | Paradiski (La Plagne – Les Arcs – Peisey-Vallandry) | calibre B,pending,,,,,,,
844,village-france-peisey-village,4,village,Peisey (village),,France | Paradiski (La Plagne – Les Arcs – Peisey-Vallandry) | calibre B,pending,,,,,,,
845,village-france-plan-peisey,4,village,Plan Peisey,,France | Paradiski (La Plagne – Les Arcs – Peisey-Vallandry) | calibre B,pending,,,,,,,
846,village-france-vallandry,4,village,Vallandry,,France | Paradiski (La Plagne – Les Arcs – Peisey-Vallandry) | calibre B,pending,,,,,,,
847,village-france-villaroger,4,village,Villaroger,,France | Paradiski (La Plagne – Les Arcs – Peisey-Vallandry) | calibre B,pending,,,,,,,
848,village-france-ardent,4,village,Ardent,,France | Portes du Soleil | calibre B,pending,,,,,,,
849,village-france-champoussin,4,village,Champoussin,,France | Portes du Soleil | calibre B,pending,,,,,,,
850,village-france-châtel,4,village,Châtel,,France | Portes du Soleil | calibre B,pending,,,,,,,
851,village-france-les-crosets,4,village,Les Crosets,,France | Portes du Soleil | calibre B,pending,,,,,,,
852,village-france-les-lindarets,4,village,Les Lindarets,,France | Portes du Soleil | calibre B,pending,,,,,,,
853,village-france-morgins,4,village,Morgins,,France | Portes du Soleil | calibre B,pending,,,,,,,
854,village-france-prodains,4,village,Prodains,,France | Portes du Soleil | calibre B,pending,,,,,,,
855,village-france-super-châtel,4,village,Super-Châtel,,France | Portes du Soleil | calibre B,pending,,,,,,,
856,village-france-montgenèvre,4,village,Montgenèvre,,France | Via Lattea / Milky Way (French side) | calibre B,pending,,,,,,,
857,village-france-st-gervais-le-bettex,4,village,St-Gervais Le Bettex,,France | Évasion Mont-Blanc (Megève – St-Gervais linked sector) | calibre B,pending,,,,,,,
858,village-france-la-rosière,4,village,La Rosière,,France | Espace San Bernardo (La Rosière – La Thuile) | calibre B,pending,,,,,,,
859,village-france-flaine-forum--front-de-neige,4,village,Flaine (Forum / Front de Neige),,France | Grand Massif | calibre B,pending,,,,,,,
860,village-france-flaine-forêt,4,village,Flaine Forêt,,France | Grand Massif | calibre B,pending,,,,,,,
861,village-france-flaine-hameau,4,village,Flaine Hameau,,France | Grand Massif | calibre B,pending,,,,,,,
862,village-france-risoul-1850,4,village,Risoul 1850,,France | La Forêt Blanche (Vars – Risoul) | calibre B,pending,,,,,,,
863,village-france-vars-les-claux,4,village,Vars (Les Claux),,France | La Forêt Blanche (Vars – Risoul) | calibre B,pending,,,,,,,
864,village-france-valmorel,4,village,Valmorel,,France | Le Grand Domaine (Valmorel – St-François-Longchamp) | calibre B,pending,,,,,,,
865,village-france-courchevel-1550-village,4,village,Courchevel 1550 (Village),,France | Les 3 Vallées | calibre B,pending,,,,,,,
866,village-france-méribel-village,4,village,Méribel Village,,France | Les 3 Vallées | calibre B,pending,,,,,,,
867,village-france-arc-1600,4,village,Arc 1600,,France | Paradiski (La Plagne – Les Arcs – Peisey-Vallandry) | calibre B,pending,,,,,,,
868,village-france-champéry,4,village,Champéry,,France | Portes du Soleil | calibre B,pending,,,,,,,
869,village-france-les-gets,4,village,Les Gets,,France | Portes du Soleil | calibre B,pending,,,,,,,
870,village-france-chantemerle,4,village,Chantemerle,,France | Serre Chevalier | calibre B,pending,,,,,,,
871,village-france-le-monêtier-les-bains,4,village,Le Monêtier-les-Bains,,France | Serre Chevalier | calibre B,pending,,,,,,,
872,village-france-villeneuve-la-salle-les-alpes,4,village,Villeneuve (La Salle-les-Alpes),,France | Serre Chevalier | calibre B,pending,,,,,,,
873,village-france-huez-village,4,village,Huez (village),,France | Alpe d'Huez Grand Domaine | calibre C,pending,,,,,,,
874,village-france-crest-voland,4,village,Crest-Voland,,France | Espace Diamant | calibre C,pending,,,,,,,
875,village-france-flumet,4,village,Flumet,,France | Espace Diamant | calibre C,pending,,,,,,,
876,village-france-hauteluce,4,village,Hauteluce,,France | Espace Diamant | calibre C,pending,,,,,,,
877,village-france-notre-dame-de-bellecombe,4,village,Notre-Dame-de-Bellecombe,,France | Espace Diamant | calibre C,pending,,,,,,,
878,village-france-praz-sur-arly,4,village,Praz-sur-Arly,,France | Espace Diamant | calibre C,pending,,,,,,,
879,village-france-morillon-village,4,village,Morillon (village),,France | Grand Massif | calibre C,pending,,,,,,,
880,village-france-morillon-1100-les-esserts,4,village,Morillon 1100 (Les Esserts),,France | Grand Massif | calibre C,pending,,,,,,,
881,village-france-sixt-fer-à-cheval,4,village,Sixt-Fer-à-Cheval,,France | Grand Massif | calibre C,pending,,,,,,,
882,village-france-celliers,4,village,Celliers,,France | Le Grand Domaine (Valmorel – St-François-Longchamp) | calibre C,pending,,,,,,,
883,village-france-doucy-combelouvière,4,village,Doucy-Combelouvière,,France | Le Grand Domaine (Valmorel – St-François-Longchamp) | calibre C,pending,,,,,,,
884,village-france-les-allues,4,village,Les Allues,,France | Les 3 Vallées | calibre C,pending,,,,,,,
885,village-france-les-bottières,4,village,Les Bottières,,France | Les Sybelles | calibre C,pending,,,,,,,
886,village-france-st-colomban-des-villards,4,village,St-Colomban-des-Villards,,France | Les Sybelles | calibre C,partial,2026-10-06 12:16,,chalets/raw/village-france-st-colomban-des-villards.csv,0,,,interrupted by usage limit 12:15; resume — check rows already in chalets/raw/village-france-st-colomban-des-villards.csv and the checkpoint
887,village-france-st-jean-d-arves,4,village,St-Jean-d'Arves,,France | Les Sybelles | calibre C,done,2026-10-06 12:03,2026-10-06 12:16,chalets/raw/village-france-st-jean-d-arves.csv,70,70,2,"allChalets 11 (7 actually St-Sorlin, corrected) + sja73.com Ingenie tourist office 58 meublés + 1 full-board group lodge; no catered chalet with hot tub; L'Oule Rouge 15p private spa/jacuzzi self-catered; 20 Mar avail pass2 (Open System widget)"
888,village-france-bourg-st-maurice,4,village,Bourg-St-Maurice,,France | Paradiski (La Plagne – Les Arcs – Peisey-Vallandry) | calibre C,done,2026-10-06 11:58,2026-10-06 12:02,chalets/raw/village-france-bourg-st-maurice.csv,18,18,2,"Les Arcs Réservation: 3 Darentasia chalet apts (8/10/12p, Montrigon) + 10 Bourg apartments + Base Camp Lodge hotel; apartment/hotel lists only first page (JS filter); allChalets none; no catered"
889,village-france-la-chapelle-d-abondance,4,village,La Chapelle d'Abondance,,France | Portes du Soleil | calibre C,done,2026-10-06 11:41,2026-10-06 11:58,chalets/raw/village-france-la-chapelle-d-abondance.csv,88,86,2,"allChalets 2 (SC hot tub, 62835 booked), OT Apidae 83 private meublés/B&B/hotels (hot tub chalets: Le Bellevue 15p, Chavanette 12p, Vardafes 8p; no prices/avail), MSEM Terra-Beka; no catered found"
890,village-france-montriond,4,village,Montriond,,France | Portes du Soleil | calibre C,done,2026-10-06 11:25,2026-10-06 11:41,chalets/raw/village-france-montriond.csv,13,13,2,"AliKats 5 (3 catered w/ hot tub all booked 20 Mar; Riviere/Soleil d Or SC hot tub free 21 Mar), Host Savoie 2 (Vionnet hot tub free £2150), Alptitude 2, resa-morzine 2; other Morzine operators not checked"
891,village-france-torgon,4,village,Torgon,,France | Portes du Soleil | calibre C,done,2026-10-06 11:22,2026-10-06 11:25,chalets/raw/village-france-torgon.csv,25,25,1,"Swiss village. torgon.ch: 22 private self-catered meublés (largest Chalet Route de Plan de Croix 10p/4bd, quote only), 2 group houses, 1 hotel; no availability online; allChalets none"
892,village-france-val-d-illiez,4,village,Val d'Illiez,,France | Portes du Soleil | calibre C,done,2026-10-06 11:14,2026-10-06 11:21,chalets/raw/village-france-val-d-illiez.csv,15,15,1,"Swiss village (not France). Official RDDM openbooking API: 14 self-catered + 1 B&B, no catered/hot tub; allChalets has no location; 6 free 20 Mar"
893,village-france-briançon,4,village,Briançon,,France | Serre Chevalier | calibre C,done,2026-10-06 10:42,2026-10-06 11:13,chalets/raw/village-france-briançon.csv,161,161,2,"156 official Serre Che booking (Ingenie scraper, 4 Briançon quarters; 124 free 20 Mar, mostly apartments) + 5 Snowed Inn catered chalets (Chalet Briancon 12 w/ outdoor jacuzzi from £7,999; Flocon, Pearl w/ jacuzzi). allChalets: none in Briançon."
894,village-france-combloux,4,village,Combloux,,France | Évasion Mont-Blanc (Megève – St-Gervais linked sector) | calibre C,done,2026-10-06 10:32,2026-10-06 10:42,chalets/raw/village-france-combloux.csv,116,115,2,"115 new: 108 official Combloux Orchestra site (84 free 20 Mar w/ week price; capacity via PAX filter), 7 Le Chalet Club luxury. All self-catered. Hot tubs: Bichette (8, EUR4,800, free), Julbert (8, EUR1,988, free), Alpayak (8, booked), 5 Chalet Club (10-15, no prices)."
895,village-france-st-gervais-les-bains,4,village,St-Gervais-les-Bains,,France | Évasion Mont-Blanc (Megève – St-Gervais linked sector) | calibre C,done,2026-10-06 10:18,2026-10-06 10:32,chalets/raw/village-france-st-gervais-les-bains.csv,132,112,2,"112 new (49 allChalets via scraper, 62 tourist-office MSEM API incl. 25 Cimalpes, 1 Cimalpes card). 4 catered allChalets (no hot tub). Hot tubs: Valia (10, EUR6,820, free), Arkle, Grémiloups, Vernay, EBO, 49236. Le Bettex units labelled St-Gervais Le Bettex."
896,village-france-st-nicolas-de-véroce,4,village,St-Nicolas-de-Véroce,,France | Évasion Mont-Blanc (Megève – St-Gervais linked sector) | calibre C,done,2026-10-06 09:56,2026-10-06 10:18,chalets/raw/village-france-st-nicolas-de-véroce.csv,79,68,4,"68 properties (61 owners-association, 6 allChalets, Armancette/Almae chalets; Cimalpes via OT MSEM API). All self-catered; hot tubs: La Nia (12, €5,870 20 Mar, free), Ancolie (16, indoor, chef extra), Aster/Silène (luxury). MSEM JSON API + association site = scraper candidates."
897,village-italy-breuil-cervinia,4,village,Breuil-Cervinia,,Italy | Matterhorn Ski Paradise (Italian side) | calibre A,done,2026-10-05 23:08,2026-10-05 23:56,chalets/raw/village-italy-breuil-cervinia.csv,56,50,3,"50 properties (24 hotels, 16 apts, 10 chalets; 41 Breuil-Cervinia, 3 Valtournenche, 6 Antey): LCC 14, Inghams 8 (exact 21 Mar prices), Crystal 12 (blocked, names only), allChalets 6, Alpine Answers 4 new hotels + week tables for 4 LCC chalets, Chalet Owners, local apts. Only catered+hot tub+free 20 Mar: Chalet Breithorn (12, GBP 43,363 = 3,614pp). Official booking (Vertical Booking) Cloudflare-blocked."
898,village-austria-hochsölden,4,village,Hochsölden,,Austria | Sölden (Ötztal) | calibre A,pending,,,,,,,
899,village-austria-sölden,4,village,Sölden,,Austria | Sölden (Ötztal) | calibre A,pending,,,,,,,
900,village-italy-sestriere,4,village,Sestriere,,Italy | Via Lattea / Milky Way (Italian side) | calibre A,pending,,,,,,,
901,village-switzerland-la-tzoumaz,4,village,La Tzoumaz,,Switzerland | 4 Vallées (Verbier – Nendaz – Veysonnaz – Thyon) | calibre B,pending,,,,,,,
902,village-switzerland-les-collons,4,village,Les Collons,,Switzerland | 4 Vallées (Verbier – Nendaz – Veysonnaz – Thyon) | calibre B,pending,,,,,,,
903,village-switzerland-nendaz,4,village,Nendaz,,Switzerland | 4 Vallées (Verbier – Nendaz – Veysonnaz – Thyon) | calibre B,pending,,,,,,,
904,village-switzerland-siviez,4,village,Siviez,,Switzerland | 4 Vallées (Verbier – Nendaz – Veysonnaz – Thyon) | calibre B,pending,,,,,,,
905,village-switzerland-thyon-2000,4,village,Thyon 2000,,Switzerland | 4 Vallées (Verbier – Nendaz – Veysonnaz – Thyon) | calibre B,pending,,,,,,,
906,village-switzerland-veysonnaz,4,village,Veysonnaz,,Switzerland | 4 Vallées (Verbier – Nendaz – Veysonnaz – Thyon) | calibre B,pending,,,,,,,
907,village-switzerland-valbella,4,village,Valbella,,Switzerland | Arosa Lenzerheide | calibre B,pending,,,,,,,
908,village-switzerland-falera,4,village,Falera,,Switzerland | Flims Laax Falera | calibre B,pending,,,,,,,
909,village-italy-valtournenche,4,village,Valtournenche,,Italy | Matterhorn Ski Paradise (Italian side) | calibre B,pending,,,,,,,
910,village-austria-mayrhofen,4,village,Mayrhofen,,Austria | Mayrhofen (Penken–Ahorn–Rastkogel–Eggalm) | calibre B,pending,,,,,,,
911,village-austria-samnaun,4,village,Samnaun,,Austria | Silvretta Arena (Ischgl–Samnaun) | calibre B,pending,,,,,,,
912,village-austria-schröcken,4,village,Schröcken,,Austria | Ski Arlberg | calibre B,pending,,,,,,,
913,village-austria-stuben,4,village,Stuben,,Austria | Ski Arlberg | calibre B,pending,,,,,,,
914,village-austria-warth,4,village,Warth,,Austria | Ski Arlberg | calibre B,pending,,,,,,,
915,village-italy-claviere,4,village,Claviere,,Italy | Via Lattea / Milky Way (Italian side) | calibre B,pending,,,,,,,
916,village-italy-sansicario,4,village,Sansicario,,Italy | Via Lattea / Milky Way (Italian side) | calibre B,pending,,,,,,,
917,village-italy-sauze-d-oulx,4,village,Sauze d'Oulx,,Italy | Via Lattea / Milky Way (Italian side) | calibre B,pending,,,,,,,
918,village-austria-königsleiten,4,village,Königsleiten,,Austria | Zillertal Arena | calibre B,pending,,,,,,,
919,village-italy-la-thuile,4,village,La Thuile,,Italy | Espace San Bernardo (Italian side) | calibre B,pending,,,,,,,
920,village-italy-alagna-valsesia,4,village,Alagna Valsesia,,Italy | Monterosa Ski | calibre B,pending,,,,,,,
921,village-italy-champoluc,4,village,Champoluc,,Italy | Monterosa Ski | calibre B,pending,,,,,,,
922,village-italy-gressoney-la-trinité,4,village,Gressoney-La-Trinité,,Italy | Monterosa Ski | calibre B,pending,,,,,,,
923,village-austria-fiss,4,village,Fiss,,Austria | Serfaus-Fiss-Ladis | calibre B,pending,,,,,,,
924,village-austria-serfaus,4,village,Serfaus,,Austria | Serfaus-Fiss-Ladis | calibre B,pending,,,,,,,
925,village-austria-hinterglemm,4,village,Hinterglemm,,Austria | Skicircus Saalbach Hinterglemm Leogang Fieberbrunn | calibre B,pending,,,,,,,
926,village-austria-saalbach,4,village,Saalbach,,Austria | Skicircus Saalbach Hinterglemm Leogang Fieberbrunn | calibre B,pending,,,,,,,
927,village-austria-gerlos,4,village,Gerlos,,Austria | Zillertal Arena | calibre B,pending,,,,,,,
928,village-switzerland-churwalden,4,village,Churwalden,,Switzerland | Arosa Lenzerheide | calibre C,pending,,,,,,,
929,village-switzerland-parpan,4,village,Parpan,,Switzerland | Arosa Lenzerheide | calibre C,pending,,,,,,,
930,village-austria-pass-thurn--resterhöhe,4,village,Pass Thurn / Resterhöhe,,Austria | KitzSki (Kitzbühel–Kirchberg) | calibre C,pending,,,,,,,
931,village-italy-folgarida,4,village,Folgarida,,Italy | Madonna di Campiglio – Pinzolo – Folgarida-Marilleva | calibre C,pending,,,,,,,
932,village-italy-marilleva-1400,4,village,Marilleva 1400,,Italy | Madonna di Campiglio – Pinzolo – Folgarida-Marilleva | calibre C,pending,,,,,,,
933,village-italy-frachey,4,village,Frachey,,Italy | Monterosa Ski | calibre C,pending,,,,,,,
934,village-austria-ladis,4,village,Ladis,,Austria | Serfaus-Fiss-Ladis | calibre C,pending,,,,,,,
935,village-austria-gaschurn,4,village,Gaschurn,,Austria | Silvretta Montafon | calibre C,pending,,,,,,,
936,village-austria-fieberbrunn,4,village,Fieberbrunn,,Austria | Skicircus Saalbach Hinterglemm Leogang Fieberbrunn | calibre C,pending,,,,,,,
937,village-italy-cesana-torinese,4,village,Cesana Torinese,,Italy | Via Lattea / Milky Way (Italian side) | calibre C,pending,,,,,,,
938,village-italy-jouvenceaux,4,village,Jouvenceaux,,Italy | Via Lattea / Milky Way (Italian side) | calibre C,pending,,,,,,,
939,village-italy-pragelato,4,village,Pragelato,,Italy | Via Lattea / Milky Way (Italian side) | calibre C,pending,,,,,,,
940,village-austria-hochkrimml,4,village,Hochkrimml,,Austria | Zillertal Arena | calibre C,pending,,,,,,,
941,village-austria-mathon,4,village,Mathon,,Austria | Silvretta Arena (Ischgl–Samnaun) | calibre C,pending,,,,,,,
942,village-italy-arabba,4,village,Arabba,,"Italy | Sella Ronda – Dolomiti Superski (Val Gardena, Alta Badia, Arabba-Marmolada, Val di Fassa) | calibre A",done,2026-10-06 09:54,2026-10-06 10:10,chalets/raw/village-italy-arabba.csv,85,80,3,"80 properties (1 lux chalet Cesa del Louf, 1 chalet Casa tra cime, 76 hotels/apartments from official arabba.it list, 2 AA hotels); 0 catered; 20 Mar exact price only for the 2 chalets; official-site availability = pass2"
943,village-italy-corvara,4,village,Corvara,,"Italy | Sella Ronda – Dolomiti Superski (Val Gardena, Alta Badia, Arabba-Marmolada, Val di Fassa) | calibre A",pending,,,chalets/raw/village-italy-corvara.csv,6,,,"done: allChalets (0), Alpine Answers (6 hotels, no prices); remaining: Chalet Owners, Luxury Chalet Book, Inghams Corvara hotels, altabadia.org official booking, local agencies/apartments, Colfosco released (France priority); done so far: allChalets (0), Alpine Answers (6 hotels), Luxury Chalet Book (3: Sotciastel/Badia, Mi Amur/La Villa, Ronn/Colfosco); remaining: Chalet Owners (no Italy section - /italy 404, check once), Inghams Corvara hotels, altabadia.org booking, local agencies/apartments, Colfosco"
944,village-italy-selva--wolkenstein,4,village,Selva / Wolkenstein,,"Italy | Sella Ronda – Dolomiti Superski (Val Gardena, Alta Badia, Arabba-Marmolada, Val di Fassa) | calibre A",pending,,,,,,,
945,village-italy-campitello-di-fassa,4,village,Campitello di Fassa,,"Italy | Sella Ronda – Dolomiti Superski (Val Gardena, Alta Badia, Arabba-Marmolada, Val di Fassa) | calibre B",pending,,,,,,,
946,village-italy-canazei,4,village,Canazei,,"Italy | Sella Ronda – Dolomiti Superski (Val Gardena, Alta Badia, Arabba-Marmolada, Val di Fassa) | calibre B",pending,,,,,,,
947,village-italy-colfosco,4,village,Colfosco,,"Italy | Sella Ronda – Dolomiti Superski (Val Gardena, Alta Badia, Arabba-Marmolada, Val di Fassa) | calibre B",pending,,,,,,,
948,village-italy-la-villa,4,village,La Villa,,"Italy | Sella Ronda – Dolomiti Superski (Val Gardena, Alta Badia, Arabba-Marmolada, Val di Fassa) | calibre B",pending,,,,,,,
949,village-italy-ortisei,4,village,Ortisei,,"Italy | Sella Ronda – Dolomiti Superski (Val Gardena, Alta Badia, Arabba-Marmolada, Val di Fassa) | calibre B",pending,,,,,,,
950,village-italy-santa-cristina,4,village,Santa Cristina,,"Italy | Sella Ronda – Dolomiti Superski (Val Gardena, Alta Badia, Arabba-Marmolada, Val di Fassa) | calibre B",pending,,,,,,,
951,village-italy-alba-di-canazei,4,village,Alba di Canazei,,"Italy | Sella Ronda – Dolomiti Superski (Val Gardena, Alta Badia, Arabba-Marmolada, Val di Fassa) | calibre C",pending,,,,,,,
952,village-italy-malga-ciapela,4,village,Malga Ciapela,,"Italy | Sella Ronda – Dolomiti Superski (Val Gardena, Alta Badia, Arabba-Marmolada, Val di Fassa) | calibre C",pending,,,,,,,
953,village-italy-pedraces--badia,4,village,Pedraces / Badia,,"Italy | Sella Ronda – Dolomiti Superski (Val Gardena, Alta Badia, Arabba-Marmolada, Val di Fassa) | calibre C",pending,,,,,,,
954,fallback-travelski,5,fallback,Travelski,https://www.uk.travelski.com,FR,deferred,,,,,,,
955,fallback-snowtrex,5,fallback,SnowTrex,https://www.snowtrex.co.uk,FR/AT/CH/IT,deferred,,,,,,,
956,fallback-sunweb,5,fallback,Sunweb,https://www.sunweb.co.uk/ski,FR/AT/IT,deferred,,,,,,,
957,fallback-ski-planet,5,fallback,Ski Planet,https://www.ski-planet.com/en/,FR,deferred,,,,,,,
958,fallback-booking-com,5,fallback,Booking.com,https://www.booking.com,all,deferred,,,,,,,
959,fallback-airbnb,5,fallback,Airbnb,https://www.airbnb.co.uk,all,deferred,,,,,,,
960,fallback-vrbo,5,fallback,Vrbo,https://www.vrbo.com,all,deferred,,,,,,,
961,fallback-holidu,5,fallback,Holidu,https://www.holidu.co.uk,FR/AT/CH/IT,deferred,,,,,,,
962,fallback-interhome,5,fallback,Interhome,https://www.interhome.co.uk,FR/AT/CH/IT,deferred,,,,,,,
963,fallback-pierre--vacances,5,fallback,Pierre & Vacances,https://www.pierreetvacances.com,"FR (La Plagne, Les Arcs, Tignes…)",deferred,,,,,,,
964,fallback-mmv,5,fallback,MMV,https://www.mmv-holidays.co.uk,FR,deferred,,,,,,,
965,fallback-club-med,5,fallback,Club Med,https://www.clubmed.co.uk,"FR/CH/IT (Tignes, Val d'Isère, Arcs Panorama, Plagne 2100)",deferred,,,,,,,
966,fallback-belambra,5,fallback,Belambra,https://www.belambra.co.uk,FR (Tignes…),deferred,,,,,,,
967,fallback-odalys,5,fallback,Odalys,https://www.odalys-vacation-rental.com,FR,deferred,,,,,,,
968,fallback-cgh-résidences,5,fallback,CGH Résidences,https://www.cgh-residences.co.uk,FR,deferred,,,,,,,
969,fallback-ucpa--action-outdoors,5,fallback,UCPA / Action Outdoors,https://www.action-outdoors.co.uk,"FR (Tignes, Val d'Isère, La Plagne, Val Thorens)",deferred,,,,,,,
970,fallback-ski-collection,5,fallback,Ski Collection,https://www.skicollection.com,"FR – Val d'Isère, Courchevel, Méribel, Megève",deferred,,,,,,,
971,fallback-ski-france,5,fallback,Ski France,https://www.skifrance.co.uk,"French Alps 20+ resorts (La Plagne, La Rosière, Méribel, Alpe d'Huez)",deferred,,,,,,,
972,fallback-snowbizz,5,fallback,Snowbizz,https://www.snowbizz.co.uk,Puy St Vincent only,deferred,,,,,,,
973,fallback-le-collectionist,5,fallback,Le Collectionist,https://www.lecollectionist.com,"Courchevel, Méribel, Val d'Isère, Verbier, Zermatt, Lech",deferred,,,,,,,
974,fallback-tignes-réservation-official,5,fallback,Tignes Réservation (official),https://booking.tignes.net,Tignes,deferred,,,,,,,
975,fallback-serre-chevalier-réservation-official,5,fallback,Serre Chevalier Réservation (official),https://booking.serre-chevalier.com,Serre Chevalier,deferred,,,,,,,
976,fallback-meribel-ski-chalets,5,fallback,Meribel Ski Chalets,https://meribelskichalets.co.uk,Méribel Centre,deferred,,,,,,,
977,fallback-plum-guide,5,fallback,Plum Guide,https://www.plumguide.com,"Alps (Verbier, Val d'Isère, Courchevel, Zermatt)",deferred,,,,,,,
978,fallback-belvilla,5,fallback,Belvilla,https://www.belvilla.co.uk/ski-chalet/,"French Alps, Austria",deferred,,,,,,,
979,fallback-mountain-xtra,5,fallback,Mountain Xtra,https://mountainxtra.com,"Morzine, Les Gets",deferred,,,,,,,
980,fallback-elevation-alps,5,fallback,Elevation Alps,https://elevationalps.com,Morzine,deferred,,,,,,,
981,fallback-ski-supreme,5,fallback,Ski Supreme,https://www.skisupreme.co.uk,"Italy (Val di Fiemme, Tonale, Pila)",deferred,,,,,,,
982,fallback-les-3-vallées-réservation-official,5,fallback,Les 3 Vallées Réservation (official),https://reservation.les3vallees.com/en/,"3 Vallées (Courchevel, Méribel, Val Thorens, Les Menuires, St-Martin, La Tania, Brides, Orelle)",deferred,,,,,,,
983,fallback-les-menuires-réservation-tourist-office-booking,5,fallback,Les Menuires Réservation (tourist office booking),https://fr.locationlesmenuires.com/appartements-residences-chalets.html,"Les Menuires (incl. Le Bettaix, Le Levassaix)",deferred,,,,,,,
984,fallback-booking-valle-d-aosta-official-regional-booking,5,fallback,Booking Valle d Aosta (official regional booking),https://bookingvalledaosta.it/?lang=en,"Aosta Valley incl. Breuil-Cervinia, Valtournenche",deferred,,,,,,,
985,fallback-alpe-d-huez-rentals-official-ot-booking,5,fallback,Alpe d'Huez Rentals (official OT booking),https://accommodation.alpedhuez.com,Alpe d'Huez,deferred,,,,,,,
986,fallback-combloux-réservation-official,5,fallback,Combloux Réservation (official),https://reservation.combloux.com/serp?lang=fr_FR,Combloux,deferred,,,,,,,
987,fallback-val-d-isère-réservation,5,fallback,Val d Isère Réservation,https://booking.valdisere.com,"Val d Isère (incl La Daille, Le Fornet)",deferred,,,,,,,
988,fallback-locations-meublées-de-saint-nicolas-de-véroce-owners-association,5,fallback,Locations Meublées de Saint-Nicolas-de-Véroce (owners association),https://locations-saint-nicolas.com/locations_liste.php,St-Nicolas-de-Véroce,deferred,,,,,,,
989,fallback-saint-gervais-tourist-office-booking-msem,5,fallback,Saint-Gervais tourist office booking (MSEM),https://www.saintgervais.com/reserver-mon-sejour/hebergement/,"St-Gervais, Le Bettex, Le Fayet, St-Nicolas-de-Véroce",deferred,,,,,,,
990,fallback-arabba-fodom-turismo-official,5,fallback,Arabba Fodom Turismo (official),https://www.arabba.it/en/accomodations-arabba-dolomites/25-0.html,Arabba / Livinallongo del Col di Lana,deferred,,,,,,,
991,fallback-les-arcs-réservation,5,fallback,Les Arcs Réservation,https://www.lesarcs-reservation.com/,"Les Arcs, Bourg-Saint-Maurice",deferred,,,,,,,
992,fallback-leman-mountains-explore-ot-pays-d-evian--vallée-d-abondance,5,fallback,Leman Mountains Explore (OT Pays d Evian - Vallée d Abondance),https://www.leman-mountains-explore.com/reserver/sejour-hebergements/,"La Chapelle d Abondance, Abondance, Bernex, Thollon",deferred,,,,,,,
993,fallback-morzine-réservation,5,fallback,Morzine Réservation,https://www.resa-morzine.com/hiver,Morzine (Portes du Soleil),deferred,,,,,,,
994,fallback-torgon-tourisme,5,fallback,Torgon Tourisme,https://www.torgon.ch/hebergement-torgon.html,Torgon (Portes du Soleil CH),deferred,,,,,,,
995,fallback-région-dents-du-midi-accommodation-openbooking-ch,5,fallback,Région Dents du Midi accommodation (openbooking.ch),https://www.regiondentsdumidi.ch/fr/reservation/hebergements/appartements-chalets-85/,"Champéry, Val-d Illiez, Les Crosets, Champoussin, Morgins (Portes du Soleil CH)",deferred,,,,,,,
60,enrich-leman-alpresort-portes-du-soleil-france-comfort-residences-de-vacances,1,enrich,Alpresort Portes du Soleil - France Comfort résidences de vacances,https://www.leman-mountains-explore.com/offres/alpresort-portes-du-soleil-france-comfort-residences-de-vacances-la-chapelle-dabondance-fr-4793513/,leman-alpresort-portes-du-soleil-france-comfort-residences-de-vacances | La Chapelle d'Abondance | missing: bedrooms; board; price_week_20_27_mar_2027; price_range_low; price_currency; available_20_27_mar; image_count,done,2026-10-06 12:10,2026-10-06 12:11,chalets/raw/enrich-leman-alpresort-portes-du-soleil-france-comfort-residences-de-vacances.csv,1,0,1,"filled: operator France Comfort, self-catered apts 4-10 beds; still unknown: price, availability [no longer in plan]"
61,enrich-allchalets-apartment-15536,1,enrich,Apartment 15536,https://www.allchalets.com/holiday-rentals/15536-apartment-in-st-gervais-france,allchalets-apartment-15536 | St-Gervais-les-Bains | missing: board; price_week_20_27_mar_2027; price_range_low; price_currency; available_20_27_mar,done,2026-10-06 11:01,2026-10-06 11:02,chalets/raw/enrich-allchalets-apartment-15536.csv,1,0,1,"filled: contact [name removed]; still unknown: price, availability (owner gives no rates) [no longer in plan]"
62,enrich-allchalets-apartment-19669,1,enrich,Apartment 19669,https://www.allchalets.com/holiday-rentals/19669-apartment-in-st-gervais-france,allchalets-apartment-19669 | St-Gervais-les-Bains | missing: board; price_week_20_27_mar_2027; price_range_low; price_currency; available_20_27_mar,done,2026-10-06 11:02,2026-10-06 11:02,chalets/raw/enrich-allchalets-apartment-19669.csv,1,0,1,"filled: contact [name removed]; still unknown: price, availability (owner gives no rates) [no longer in plan]"
92,enrich-alpimo-marmottes,1,enrich,MARMOTTES,https://accommodation.alpedhuez.com/accommodation/appartement-5-pieces-pour-10-personnes-d-environ-100m/,alpimo-marmottes | Alpe d'Huez | pass2 (deferred depth) | missing: bedrooms; hot_tub; price_week_20_27_mar_2027; price_range_low; available_20_27_mar; image_count,done,2026-10-06 12:02,2026-10-06 12:03,chalets/raw/enrich-alpimo-marmottes.csv,1,0,0,"filled: hot_tub=none; sauna=; bedrooms=; images=5; still unknown: price, availability [no longer in plan]"
20,enrich-skiline-hotel-les-brevieres,1,enrich,Hotel Les Brevieres,https://www.skiline.co.uk/ski-holidays/france/tignes/hotel-les-brevieres,skiline-hotel-les-brevieres | Tignes Les Brévières | missing: bedrooms,done,2026-10-06 10:25,2026-10-06 10:26,chalets/raw/enrich-skiline-hotel-les-brevieres.csv,1,0,1,filled: nothing (room count not published); possible same_as MMV Les Brévières noted but not set [no longer in plan]
26,enrich-allchalets-apartment-34505,1,enrich,Apartment 34505,https://www.allchalets.com/holiday-rentals/34505-apartment-in-alpe-d-huez-france,allchalets-apartment-34505 | Alpe d'Huez | missing: board; price_week_20_27_mar_2027; price_range_low; price_currency; available_20_27_mar,done,2026-10-06 11:02,2026-10-06 11:02,chalets/raw/enrich-allchalets-apartment-34505.csv,1,0,1,"filled: contact [name removed] allChalets; still unknown: price, availability (owner gives no rates) [no longer in plan]"
31,enrich-msemstg-la-feline-blanche-7038,1,enrich,La Féline Blanche,https://www.saintgervais.com/reserver-mon-sejour/hebergement/,msemstg-la-feline-blanche-7038 | St-Gervais-les-Bains | missing: bedrooms; board; hot_tub; price_week_20_27_mar_2027; price_range_low; available_20_27_mar; image_count,done,2026-10-06 11:17,2026-10-06 11:18,chalets/raw/enrich-msemstg-la-feline-blanche-7038.csv,1,0,1,"filled: B&B, adults-only, no hot tub, images; still unknown: rooms, price, availability [no longer in plan]"
35,enrich-msemstg-refuge-chez-la-tante-mont-d-arbois-206775,1,enrich,Refuge Chez la Tante - Mont d'Arbois,https://www.saintgervais.com/reserver-mon-sejour/hebergement/,msemstg-refuge-chez-la-tante-mont-d-arbois-206775 | St-Gervais Le Bettex | missing: board; hot_tub; price_week_20_27_mar_2027; price_range_low; image_count,done,2026-10-06 11:19,2026-10-06 11:20,chalets/raw/enrich-msemstg-refuge-chez-la-tante-mont-d-arbois-206775.csv,1,0,1,"filled: EUR2,487pp (2-adult room) 20-27 Mar; still unknown: board, hot tub, images [no longer in plan]"
37,enrich-allchalets-residence-l-arolay,1,enrich,Résidence l'Arolay,https://www.allchalets.com/holiday-rentals/40166-apartment-in-val-d-isere-france,allchalets-residence-l-arolay | Le Fornet | missing: board; price_week_20_27_mar_2027; price_range_low; price_currency; available_20_27_mar,done,2026-10-06 11:21,2026-10-06 11:21,chalets/raw/enrich-allchalets-residence-l-arolay.csv,1,0,1,"filled: contact [name removed] allChalets; still unknown: price, availability (owner gives no rates) [no longer in plan]"
38,enrich-fresh-tracks-the-loft,1,enrich,The Loft Apartment,,fresh-tracks-the-loft | Oz-en-Oisans | missing: sleeps_max; bedrooms; board; hot_tub; price_week_20_27_mar_2027; price_range_low; price_currency; available_20_27_mar; url; image_count,done,2026-10-06 11:21,2026-10-06 11:21,chalets/raw/enrich-fresh-tracks-the-loft.csv,1,0,0,"filled: part of L'Etendard, 3 bed/sleeps 6, catered, url; still unknown: price, availability [no longer in plan]"
39,enrich-fresh-tracks-the-snug,1,enrich,The Snug Apartment,,fresh-tracks-the-snug | Oz-en-Oisans | missing: sleeps_max; bedrooms; board; hot_tub; price_week_20_27_mar_2027; price_range_low; price_currency; available_20_27_mar; url; image_count,done,2026-10-06 11:21,2026-10-06 11:21,chalets/raw/enrich-fresh-tracks-the-snug.csv,1,0,0,"filled: part of L'Etendard, 2 bed/sleeps 4, catered, url; still unknown: price, availability [no longer in plan]"
56,enrich-maeva-alpe-2000,1,enrich,Alpe 2000,https://accommodation.alpedhuez.com/accommodation/residence-alpe-2000-alpe-2000-apt-214/,maeva-alpe-2000 | Alpe d'Huez | pass2 (deferred depth) | missing: bedrooms; hot_tub; price_week_20_27_mar_2027; price_range_low; available_20_27_mar; image_count,done,2026-10-06 11:21,2026-10-06 11:24,chalets/raw/enrich-maeva-alpe-2000.csv,1,0,0,"filled: hot_tub=none; sauna=; bedrooms=; images=5; still unknown: price, availability [no longer in plan]"
57,enrich-odalys-altiport-no-1,1,enrich,Altiport 5 Bed 12-Person Chalet (L'Altiport No.1),https://www.seealpedhuez.com/chalets/no-1-l-altiport-chalet-712052,odalys-altiport-no-1 | Alpe d'Huez | pass2 (deferred depth) | missing: hot_tub; price_week_20_27_mar_2027; price_range_low; price_currency; available_20_27_mar,done,2026-10-06 11:24,2026-10-06 11:24,chalets/raw/enrich-odalys-altiport-no-1.csv,1,0,1,"filled: operator=probably Ski France (photo credits); board=; hot_tub=; still unknown: price, availability [no longer in plan]"
58,enrich-odalys-altiport-no-2,1,enrich,Altiport 6 Bed 12-Person Chalet (L'Altiport No.2),https://www.seealpedhuez.com/chalets/no-2-l-altiport-chalet-712056,odalys-altiport-no-2 | Alpe d'Huez | pass2 (deferred depth) | missing: hot_tub; price_week_20_27_mar_2027; price_range_low; price_currency; available_20_27_mar,done,2026-10-06 11:24,2026-10-06 11:24,chalets/raw/enrich-odalys-altiport-no-2.csv,1,0,1,"filled: operator=probably Ski France (photo credits); board=; hot_tub=; still unknown: price, availability [no longer in plan]"
59,enrich-odalys-altiport-no-3,1,enrich,Altiport 7 Bed 15-Person Chalet (L'Altiport No.3),https://www.seealpedhuez.com/chalets/no-3-l-altiport-chalet-712057,odalys-altiport-no-3 | Alpe d'Huez | pass2 (deferred depth) | missing: hot_tub; price_week_20_27_mar_2027; price_range_low; price_currency; available_20_27_mar,done,2026-10-06 11:24,2026-10-06 11:25,chalets/raw/enrich-odalys-altiport-no-3.csv,1,0,1,"filled: operator=probably Ski France (photo credits); board=; hot_tub=; still unknown: price, availability [no longer in plan]"
60,enrich-odalys-altiport-no-4,1,enrich,Altiport 8 Bed 16-Person Chalet (L'Altiport No.4),https://www.seealpedhuez.com/chalets/no-4-l-altiport-chalet-712058,odalys-altiport-no-4 | Alpe d'Huez | pass2 (deferred depth) | missing: hot_tub; price_week_20_27_mar_2027; price_range_low; price_currency; available_20_27_mar,done,2026-10-06 11:25,2026-10-06 11:25,chalets/raw/enrich-odalys-altiport-no-4.csv,1,0,1,"filled: operator=probably Ski France (photo credits); board=; hot_tub=; still unknown: price, availability [no longer in plan]"
61,enrich-odalys-altiport-no-5,1,enrich,Altiport No.5 Chalet,https://www.seealpedhuez.com/chalets/l-altiport-no-5-chalet-714186,odalys-altiport-no-5 | Alpe d'Huez | pass2 (deferred depth) | missing: hot_tub; price_week_20_27_mar_2027; price_range_low; price_currency; available_20_27_mar,done,2026-10-06 11:25,2026-10-06 11:25,chalets/raw/enrich-odalys-altiport-no-5.csv,1,0,1,"filled: operator=probably Ski France (photo credits); board=; hot_tub=; still unknown: price, availability [no longer in plan]"
62,enrich-maeva-bergers,1,enrich,Bergers,https://accommodation.alpedhuez.com/accommodation/residence-bergers-p-and-v-residence-les-bergers-p-and-v-apt-707/,maeva-bergers | Alpe d'Huez | pass2 (deferred depth) | missing: bedrooms; hot_tub; price_week_20_27_mar_2027; price_range_low; available_20_27_mar; image_count,done,2026-10-06 11:25,2026-10-06 11:26,chalets/raw/enrich-maeva-bergers.csv,1,0,0,"filled: hot_tub=none; sauna=; bedrooms=; images=5; still unknown: price, availability [no longer in plan]"
63,enrich-alpedhuez-ot-chalet-blue-moon-8-pieces-10-personnes-300m2,1,enrich,CHALET BLUE MOON – 8 Pièces – 10 personnes – 300m²,https://accommodation.alpedhuez.com/accommodation/chalet-blue-moon-8-pieces-10-personnes-300m-est/,alpedhuez-ot-chalet-blue-moon-8-pieces-10-personnes-300m2 | Alpe d'Huez | pass2 (deferred depth) | missing: bedrooms; price_week_20_27_mar_2027; price_range_low; available_20_27_mar; image_count,done,2026-10-06 11:26,2026-10-06 11:27,chalets/raw/enrich-alpedhuez-ot-chalet-blue-moon-8-pieces-10-personnes-300m2.csv,1,0,0,"filled: hot_tub=; sauna=yes; bedrooms=; images=5; still unknown: price, availability [no longer in plan]"
64,enrich-alpedhuez-ot-chalet-eau-vive-a,1,enrich,Chalet Eau Vive A,https://accommodation.alpedhuez.com/accommodation/chalet-l-eau-vive-apt-a/,alpedhuez-ot-chalet-eau-vive-a | Alpe d'Huez | pass2 (deferred depth) | missing: bedrooms; hot_tub; price_week_20_27_mar_2027; price_range_low; available_20_27_mar; image_count,done,2026-10-06 11:27,2026-10-06 11:27,chalets/raw/enrich-alpedhuez-ot-chalet-eau-vive-a.csv,1,0,0,"filled: hot_tub=none; sauna=; bedrooms=; images=5; still unknown: price, availability [no longer in plan]"
65,enrich-alpedhuez-ot-chalet-eau-vive-b,1,enrich,Chalet Eau Vive B,https://accommodation.alpedhuez.com/accommodation/chalet-l-eau-vive-apt-b/,alpedhuez-ot-chalet-eau-vive-b | Alpe d'Huez | pass2 (deferred depth) | missing: bedrooms; hot_tub; price_week_20_27_mar_2027; price_range_low; available_20_27_mar; image_count,done,2026-10-06 11:27,2026-10-06 11:28,chalets/raw/enrich-alpedhuez-ot-chalet-eau-vive-b.csv,1,0,0,"filled: hot_tub=none; sauna=; bedrooms=; images=5; still unknown: price, availability [no longer in plan]"
66,enrich-alpedhuez-ot-chalet-eau-vive-c,1,enrich,Chalet Eau Vive C,https://accommodation.alpedhuez.com/accommodation/chalet-l-eau-vive-apt-c/,alpedhuez-ot-chalet-eau-vive-c | Alpe d'Huez | pass2 (deferred depth) | missing: bedrooms; hot_tub; price_week_20_27_mar_2027; price_range_low; available_20_27_mar; image_count,done,2026-10-06 11:28,2026-10-06 11:29,chalets/raw/enrich-alpedhuez-ot-chalet-eau-vive-c.csv,1,0,0,"filled: hot_tub=none; sauna=; bedrooms=; images=5; still unknown: price, availability [no longer in plan]"
67,enrich-sothebys-chalet-elysia,1,enrich,Chalet Elysia,https://www.alpedhuez-2alpes-sothebysrealty.com/en/our-properties/ref-ah2-076/rental-chalet-l-alpe-d-huez-5-rooms-4-bedrooms-38750/,sothebys-chalet-elysia | Alpe d'Huez | pass2 (deferred depth) | missing: hot_tub; price_week_20_27_mar_2027; available_20_27_mar; image_count,done,2026-10-06 11:29,2026-10-06 11:30,chalets/raw/enrich-sothebys-chalet-elysia.csv,1,0,1,"filled: no hot tub, EUR2,940-8,750/week, images; still unknown: exact week price, availability [no longer in plan]"
68,enrich-sothebys-chalet-kosy,1,enrich,Chalet Kosy,https://www.alpedhuez-2alpes-sothebysrealty.com/en/our-properties/ref-ah2-079/rental-chalet-l-alpe-d-huez-7-rooms-5-bedrooms-38750/,sothebys-chalet-kosy | Alpe d'Huez | pass2 (deferred depth) | missing: hot_tub; price_week_20_27_mar_2027; available_20_27_mar; image_count,done,2026-10-06 11:30,2026-10-06 11:30,chalets/raw/enrich-sothebys-chalet-kosy.csv,1,0,1,"filled: no hot tub, EUR6,930-20,125/week, ski-in/out, images; still unknown: exact week price, availability [no longer in plan]"
69,enrich-maeva-chalet-les-coteaux-de-l-altiport,1,enrich,Chalet Les Coteaux De L'altiport,https://accommodation.alpedhuez.com/accommodation/residence-les-coteaux-de-l-altiport-ii-chalet-haut-de-gamme-sur-les-pistes-de-ski/,maeva-chalet-les-coteaux-de-l-altiport | Alpe d'Huez | pass2 (deferred depth) | missing: bedrooms; hot_tub; price_week_20_27_mar_2027; price_range_low; available_20_27_mar; image_count,done,2026-10-06 11:30,2026-10-06 11:31,chalets/raw/enrich-maeva-chalet-les-coteaux-de-l-altiport.csv,1,0,0,"filled: hot_tub=yes-type-unknown; sauna=; bedrooms=; images=5; still unknown: price, availability [no longer in plan]"
70,enrich-maeva-chalet-les-quirlies,1,enrich,Chalet Les Quirlies,https://accommodation.alpedhuez.com/accommodation/ah16-les-quirlies-sublime-chalet-familial-chalets-pour-9-personnes/,maeva-chalet-les-quirlies | Alpe d'Huez | pass2 (deferred depth) | missing: bedrooms; hot_tub; price_week_20_27_mar_2027; price_range_low; available_20_27_mar; image_count,done,2026-10-06 11:31,2026-10-06 11:32,chalets/raw/enrich-maeva-chalet-les-quirlies.csv,1,0,0,"filled: hot_tub=none; sauna=; bedrooms=; images=5; still unknown: price, availability [no longer in plan]"
71,enrich-maeva-chalet-lievre-blanc,1,enrich,Chalet Lièvre Blanc,https://accommodation.alpedhuez.com/accommodation/chalet-lievre-blanc-chalet-8-pieces-14-personnes/,maeva-chalet-lievre-blanc | Alpe d'Huez | pass2 (deferred depth) | missing: hot_tub; price_week_20_27_mar_2027; image_count,done,2026-10-06 11:32,2026-10-06 11:33,chalets/raw/enrich-maeva-chalet-lievre-blanc.csv,1,0,0,"filled: hot_tub=; sauna=; bedrooms=; images=5; still unknown: price, availability [no longer in plan]"
72,enrich-maeva-chalet-marmotte,1,enrich,Chalet Marmotte,https://accommodation.alpedhuez.com/accommodation/chalet-marmotte-chalet-7-pieces-12-personnes/,maeva-chalet-marmotte | Alpe d'Huez | pass2 (deferred depth) | missing: bedrooms; hot_tub; price_week_20_27_mar_2027; price_range_low; available_20_27_mar; image_count,done,2026-10-06 11:33,2026-10-06 11:33,chalets/raw/enrich-maeva-chalet-marmotte.csv,1,0,0,"filled: hot_tub=yes-type-unknown; sauna=yes; bedrooms=; images=5; still unknown: price, availability [no longer in plan]"
73,enrich-maeva-chalet-odalys-le-vieux-logis,1,enrich,Chalet Odalys Le Vieux Logis,https://accommodation.alpedhuez.com/accommodation/chalet-odalys-le-vieux-logis-chalet-8-chambres-15-personnes/,maeva-chalet-odalys-le-vieux-logis | Alpe d'Huez | pass2 (deferred depth) | missing: bedrooms; hot_tub; price_week_20_27_mar_2027; available_20_27_mar; image_count,done,2026-10-06 11:33,2026-10-06 11:34,chalets/raw/enrich-maeva-chalet-odalys-le-vieux-logis.csv,1,0,0,"filled: hot_tub=none; sauna=yes; bedrooms=; images=5; still unknown: price, availability [no longer in plan]"
74,enrich-maeva-chalet-odalys-melusine,1,enrich,Chalet Odalys Mélusine ****,https://accommodation.alpedhuez.com/accommodation/chalet-odalys-melusine-chalet-7-chambres-14-personnes/,maeva-chalet-odalys-melusine | Alpe d'Huez | pass2 (deferred depth) | missing: bedrooms; hot_tub; price_week_20_27_mar_2027; price_range_low; available_20_27_mar; image_count,done,2026-10-06 11:34,2026-10-06 11:35,chalets/raw/enrich-maeva-chalet-odalys-melusine.csv,1,0,0,"filled: hot_tub=yes-type-unknown; sauna=yes; bedrooms=; images=5; still unknown: price, availability [no longer in plan]"
75,enrich-maeva-chalet-pic-bayle,1,enrich,Chalet Pic Bayle,https://accommodation.alpedhuez.com/accommodation/chalet-pic-bayle-chalet-pic-bayle/,maeva-chalet-pic-bayle | Alpe d'Huez | pass2 (deferred depth) | missing: bedrooms; hot_tub; price_week_20_27_mar_2027; price_range_low; available_20_27_mar; image_count,done,2026-10-06 11:35,2026-10-06 11:36,chalets/raw/enrich-maeva-chalet-pic-bayle.csv,1,0,0,"filled: hot_tub=none; sauna=; bedrooms=; images=5; still unknown: price, availability [no longer in plan]"
76,enrich-alpedhuez-ot-chamois-residence-geode,1,enrich,Chamois (résidence Géode),https://accommodation.alpedhuez.com/accommodation/chamois-chalet-geode/,alpedhuez-ot-chamois-residence-geode | Alpe d'Huez | pass2 (deferred depth) | missing: bedrooms; hot_tub; price_week_20_27_mar_2027; price_range_low; available_20_27_mar; image_count,done,2026-10-06 11:36,2026-10-06 11:36,chalets/raw/enrich-alpedhuez-ot-chamois-residence-geode.csv,1,0,0,"filled: hot_tub=none; sauna=; bedrooms=; images=5; still unknown: price, availability [no longer in plan]"
77,enrich-maeva-commodore,1,enrich,Commodore,https://accommodation.alpedhuez.com/accommodation/residence-commodore-appartement-commodore-227/,maeva-commodore | Alpe d'Huez | pass2 (deferred depth) | missing: bedrooms; hot_tub; price_week_20_27_mar_2027; price_range_low; available_20_27_mar; image_count,done,2026-10-06 11:37,2026-10-06 11:37,chalets/raw/enrich-maeva-commodore.csv,1,0,0,"filled: hot_tub=none; sauna=; bedrooms=1; images=5; still unknown: price, availability [no longer in plan]"
78,enrich-cimalpes-duplex-chalet-du-golf-a301,1,enrich,DUPLEX Chalet du Golf A301,https://accommodation.alpedhuez.com/accommodation/duplex-de-127m-8-a/,cimalpes-duplex-chalet-du-golf-a301 | Alpe d'Huez | pass2 (deferred depth) | missing: bedrooms; hot_tub; price_week_20_27_mar_2027; price_range_low; available_20_27_mar; image_count,done,2026-10-06 11:37,2026-10-06 11:38,chalets/raw/enrich-cimalpes-duplex-chalet-du-golf-a301.csv,1,0,0,"filled: hot_tub=yes-type-unknown; sauna=; bedrooms=; images=5; still unknown: price, availability [no longer in plan]"
79,enrich-maeva-daria-i-nor-817504,1,enrich,Daria-i Nor *****,https://accommodation.alpedhuez.com/accommodation/residence-daria-i-nor-appartement-5-pieces-8-personnes/,maeva-daria-i-nor-817504 | Alpe d'Huez | pass2 (deferred depth) | missing: bedrooms; hot_tub; price_week_20_27_mar_2027; price_range_low; available_20_27_mar; image_count,done,2026-10-06 11:38,2026-10-06 11:39,chalets/raw/enrich-maeva-daria-i-nor-817504.csv,1,0,0,"filled: hot_tub=none; sauna=; bedrooms=; images=5; still unknown: price, availability [no longer in plan]"
80,enrich-maeva-daria-i-nor-817514,1,enrich,Daria-i Nor *****,https://accommodation.alpedhuez.com/accommodation/residence-daria-i-nor-appartement-5-pieces-duplex-8-personnes-avec-sauna-prive/,maeva-daria-i-nor-817514 | Alpe d'Huez | pass2 (deferred depth) | missing: bedrooms; hot_tub; price_week_20_27_mar_2027; price_range_low; available_20_27_mar; image_count,done,2026-10-06 11:39,2026-10-06 11:40,chalets/raw/enrich-maeva-daria-i-nor-817514.csv,1,0,0,"filled: hot_tub=none; sauna=yes; bedrooms=; images=5; still unknown: price, availability [no longer in plan]"
81,enrich-maeva-daria-i-nor-817524,1,enrich,Daria-i Nor *****,https://accommodation.alpedhuez.com/accommodation/residence-daria-i-nor-appartement-5-pieces-cabine-10-personnes-avec-sauna-prive/,maeva-daria-i-nor-817524 | Alpe d'Huez | pass2 (deferred depth) | missing: bedrooms; hot_tub; price_week_20_27_mar_2027; price_range_low; available_20_27_mar; image_count,done,2026-10-06 11:40,2026-10-06 11:40,chalets/raw/enrich-maeva-daria-i-nor-817524.csv,1,0,0,"filled: hot_tub=none; sauna=yes; bedrooms=; images=5; still unknown: price, availability [no longer in plan]"
82,enrich-maeva-daria-i-nor-817494,1,enrich,Daria-i Nor *****,https://accommodation.alpedhuez.com/accommodation/residence-daria-i-nor-appartement-4-pieces-cabine-8-personnes/,maeva-daria-i-nor-817494 | Alpe d'Huez | pass2 (deferred depth) | missing: bedrooms; hot_tub; price_week_20_27_mar_2027; price_range_low; available_20_27_mar; image_count,done,2026-10-06 11:40,2026-10-06 11:41,chalets/raw/enrich-maeva-daria-i-nor-817494.csv,1,0,0,"filled: hot_tub=none; sauna=; bedrooms=; images=5; still unknown: price, availability [no longer in plan]"
83,enrich-odalys-diane,1,enrich,Diane Private 14 Person Chalet,https://www.seealpedhuez.com/chalets/diane-private-14-person-chalet-alpe-dhuez-751895,odalys-diane | Alpe d'Huez | pass2 (deferred depth) | missing: bedrooms; hot_tub; price_week_20_27_mar_2027; price_range_low; price_currency; available_20_27_mar; image_count,done,2026-10-06 11:41,2026-10-06 11:41,chalets/raw/enrich-odalys-diane.csv,1,0,1,"filled: operator=; board=; hot_tub=; still unknown: price, availability [no longer in plan]"
84,enrich-cimalpes-expression-b32,1,enrich,EXPRESSION B32,https://accommodation.alpedhuez.com/accommodation/appartement-dans-nouvelle-residence-de-standing-1/,cimalpes-expression-b32 | Alpe d'Huez | pass2 (deferred depth) | missing: bedrooms; hot_tub; price_week_20_27_mar_2027; price_range_low; available_20_27_mar; image_count,done,2026-10-06 11:41,2026-10-06 11:42,chalets/raw/enrich-cimalpes-expression-b32.csv,1,0,0,"filled: hot_tub=none; sauna=; bedrooms=1; images=5; still unknown: price, availability [no longer in plan]"
85,enrich-alpedhuez-ot-edelweiss-residence-geode,1,enrich,Edelweiss (résidence Géode),https://accommodation.alpedhuez.com/accommodation/edelweiss-chalet-geode/,alpedhuez-ot-edelweiss-residence-geode | Alpe d'Huez | pass2 (deferred depth) | missing: hot_tub; price_week_20_27_mar_2027; price_range_low; available_20_27_mar; image_count,done,2026-10-06 11:42,2026-10-06 11:43,chalets/raw/enrich-alpedhuez-ot-edelweiss-residence-geode.csv,1,0,0,"filled: hot_tub=none; sauna=; bedrooms=; images=5; still unknown: price, availability [no longer in plan]"
86,enrich-maeva-hameau-de-clotaire,1,enrich,Hameau De Clotaire,https://accommodation.alpedhuez.com/accommodation/residence-hameau-de-clotaire-appartement-ski-in-ski-out-avec-piscine/,maeva-hameau-de-clotaire | Alpe d'Huez | pass2 (deferred depth) | missing: bedrooms; hot_tub; price_week_20_27_mar_2027; price_range_low; available_20_27_mar; image_count,done,2026-10-06 11:43,2026-10-06 11:44,chalets/raw/enrich-maeva-hameau-de-clotaire.csv,1,0,0,"filled: hot_tub=none; sauna=; bedrooms=; images=5; still unknown: price, availability [no longer in plan]"
87,enrich-maeva-horizon-1687251,1,enrich,Horizon,https://accommodation.alpedhuez.com/accommodation/residence-horizon-l-horizon-apt-a2/,maeva-horizon-1687251 | Alpe d'Huez | pass2 (deferred depth) | missing: bedrooms; hot_tub; price_week_20_27_mar_2027; price_range_low; available_20_27_mar; image_count,done,2026-10-06 11:44,2026-10-06 11:45,chalets/raw/enrich-maeva-horizon-1687251.csv,1,0,0,"filled: hot_tub=none; sauna=; bedrooms=; images=5; still unknown: price, availability [no longer in plan]"
88,enrich-maeva-horizon-1663231,1,enrich,Horizon,https://accommodation.alpedhuez.com/accommodation/residence-horizon-l-horizon-apt-c3/,maeva-horizon-1663231 | Alpe d'Huez | pass2 (deferred depth) | missing: bedrooms; hot_tub; price_week_20_27_mar_2027; price_range_low; available_20_27_mar; image_count,done,2026-10-06 11:45,2026-10-06 11:45,chalets/raw/enrich-maeva-horizon-1663231.csv,1,0,0,"filled: hot_tub=none; sauna=; bedrooms=; images=5; still unknown: price, availability [no longer in plan]"
89,enrich-maeva-horizon-1662121,1,enrich,Horizon,https://accommodation.alpedhuez.com/accommodation/residence-horizon-l-horizon-apt-a4/,maeva-horizon-1662121 | Alpe d'Huez | pass2 (deferred depth) | missing: bedrooms; hot_tub; price_week_20_27_mar_2027; price_range_low; available_20_27_mar; image_count,done,2026-10-06 11:45,2026-10-06 11:46,chalets/raw/enrich-maeva-horizon-1662121.csv,1,0,0,"filled: hot_tub=none; sauna=; bedrooms=; images=5; still unknown: price, availability [no longer in plan]"
90,enrich-maeva-l-ours-blanc-355424,1,enrich,L'Ours Blanc,https://accommodation.alpedhuez.com/accommodation/residence-l-ours-blanc-maeva-home-appartement-prestige-2-chambres-8-personnes/,maeva-l-ours-blanc-355424 | Alpe d'Huez | pass2 (deferred depth) | missing: bedrooms; hot_tub; price_week_20_27_mar_2027; price_range_low; available_20_27_mar; image_count,done,2026-10-06 11:46,2026-10-06 11:47,chalets/raw/enrich-maeva-l-ours-blanc-355424.csv,1,0,0,"filled: hot_tub=none; sauna=; bedrooms=; images=5; still unknown: price, availability [no longer in plan]"
91,enrich-maeva-l-ours-blanc-121612,1,enrich,L'Ours Blanc,https://accommodation.alpedhuez.com/accommodation/residence-l-ours-blanc-maeva-home-appartement-3-pieces-coin-cabine-8-personnes-prestige/,maeva-l-ours-blanc-121612 | Alpe d'Huez | pass2 (deferred depth) | missing: hot_tub; price_week_20_27_mar_2027; price_range_low; available_20_27_mar; image_count,done,2026-10-06 11:47,2026-10-06 11:48,chalets/raw/enrich-maeva-l-ours-blanc-121612.csv,1,0,0,"filled: hot_tub=none; sauna=; bedrooms=; images=5; still unknown: price, availability [no longer in plan]"
92,enrich-maeva-l-echappee,1,enrich,L'echappee,https://accommodation.alpedhuez.com/accommodation/residence-l-echappee-residence-l-echappee-appartement-a502/,maeva-l-echappee | Alpe d'Huez | pass2 (deferred depth) | missing: bedrooms; hot_tub; price_week_20_27_mar_2027; price_range_low; available_20_27_mar; image_count,done,2026-10-06 11:48,2026-10-06 11:48,chalets/raw/enrich-maeva-l-echappee.csv,1,0,0,"filled: hot_tub=none; sauna=; bedrooms=; images=5; still unknown: price, availability [no longer in plan]"
93,enrich-maeva-la-belle-aurore-2283573,1,enrich,La Belle Aurore,https://accommodation.alpedhuez.com/accommodation/residence-la-belle-aurore-residence-belle-aurore-espace-bien-etre-and-salle-de-sport-au-coeur-de-la-montagne/,maeva-la-belle-aurore-2283573 | Alpe d'Huez | pass2 (deferred depth) | missing: bedrooms; hot_tub; price_week_20_27_mar_2027; price_range_low; available_20_27_mar; image_count,done,2026-10-06 11:49,2026-10-06 11:49,chalets/raw/enrich-maeva-la-belle-aurore-2283573.csv,1,0,0,"filled: hot_tub=none; sauna=; bedrooms=; images=5; still unknown: price, availability [no longer in plan]"
94,enrich-maeva-la-belle-aurore-2218413,1,enrich,La Belle Aurore,https://accommodation.alpedhuez.com/accommodation/residence-la-belle-aurore-residence-la-belle-aurore-appartement-lbaa-307/,maeva-la-belle-aurore-2218413 | Alpe d'Huez | pass2 (deferred depth) | missing: bedrooms; hot_tub; price_week_20_27_mar_2027; price_range_low; available_20_27_mar; image_count,done,2026-10-06 11:49,2026-10-06 11:50,chalets/raw/enrich-maeva-la-belle-aurore-2218413.csv,1,0,0,"filled: hot_tub=none; sauna=; bedrooms=; images=5; still unknown: price, availability [no longer in plan]"
95,enrich-alpedhuez-ot-le-bel-alpe,1,enrich,Le Bel Alpe,https://accommodation.alpedhuez.com/accommodation/chamax-9/,alpedhuez-ot-le-bel-alpe | Alpe d'Huez | pass2 (deferred depth) | missing: bedrooms; hot_tub; price_week_20_27_mar_2027; price_range_low; available_20_27_mar; image_count,done,2026-10-06 11:50,2026-10-06 11:51,chalets/raw/enrich-alpedhuez-ot-le-bel-alpe.csv,1,0,0,"filled: hot_tub=none; sauna=; bedrooms=; images=5; still unknown: price, availability [no longer in plan]"
96,enrich-odalys-le-manoir,1,enrich,Le Manoir,https://www.seealpedhuez.com/chalets/le-manoir-chalet-alpe-dhuez-744297,odalys-le-manoir | Alpe d'Huez | pass2 (deferred depth) | missing: price_week_20_27_mar_2027; price_range_low; price_currency; available_20_27_mar,done,2026-10-06 11:51,2026-10-06 11:51,chalets/raw/enrich-odalys-le-manoir.csv,1,0,1,"filled: operator=; board=; hot_tub=; still unknown: price, availability [no longer in plan]"
97,enrich-maeva-les-chalets-du-golf-1251811,1,enrich,Les Chalets Du Golf,https://accommodation.alpedhuez.com/accommodation/les-chalets-du-golf-duplex-de-125-8-a/,maeva-les-chalets-du-golf-1251811 | Alpe d'Huez | pass2 (deferred depth) | missing: bedrooms; hot_tub; price_week_20_27_mar_2027; price_range_low; available_20_27_mar; image_count,done,2026-10-06 11:51,2026-10-06 11:52,chalets/raw/enrich-maeva-les-chalets-du-golf-1251811.csv,1,0,0,"filled: hot_tub=none; sauna=; bedrooms=; images=5; still unknown: price, availability [no longer in plan]"
98,enrich-maeva-les-chalets-du-golf-1993293,1,enrich,Les Chalets Du Golf,https://accommodation.alpedhuez.com/accommodation/les-chalets-du-golf-duplex-de-127m-8-a/,maeva-les-chalets-du-golf-1993293 | Alpe d'Huez | pass2 (deferred depth) | missing: bedrooms; hot_tub; price_week_20_27_mar_2027; price_range_low; available_20_27_mar; image_count,done,2026-10-06 11:52,2026-10-06 11:53,chalets/raw/enrich-maeva-les-chalets-du-golf-1993293.csv,1,0,0,"filled: hot_tub=none; sauna=; bedrooms=; images=5; still unknown: price, availability [no longer in plan]"
99,enrich-maeva-les-chalets-de-l-altiport-303,1,enrich,Les Chalets de l'Altiport,https://accommodation.alpedhuez.com/accommodation/les-chalets-de-l-altiport-chalet-9-pieces-15-personnes/,maeva-les-chalets-de-l-altiport-303 | Alpe d'Huez | pass2 (deferred depth) | missing: price_week_20_27_mar_2027; price_range_low; available_20_27_mar; image_count,done,2026-10-06 11:54,2026-10-06 11:55,chalets/raw/enrich-maeva-les-chalets-de-l-altiport-303.csv,1,0,0,"filled: hot_tub=; sauna=; bedrooms=; images=5; still unknown: price, availability [no longer in plan]"
100,enrich-maeva-les-chalets-de-l-altiport-403,1,enrich,Les Chalets de l'Altiport,https://accommodation.alpedhuez.com/accommodation/les-chalets-de-l-altiport-chalet-6-pieces-cabine-12-personnes/,maeva-les-chalets-de-l-altiport-403 | Alpe d'Huez | pass2 (deferred depth) | missing: bedrooms; hot_tub; price_week_20_27_mar_2027; price_range_low; available_20_27_mar; image_count,done,2026-10-06 11:55,2026-10-06 11:56,chalets/raw/enrich-maeva-les-chalets-de-l-altiport-403.csv,1,0,0,"filled: hot_tub=; sauna=; bedrooms=; images=5; still unknown: price, availability [no longer in plan]"
101,enrich-maeva-les-chalets-de-l-altiport-300,1,enrich,Les Chalets de l'Altiport,https://accommodation.alpedhuez.com/accommodation/les-chalets-de-l-altiport-chalet-7-pieces-12-personnes/,maeva-les-chalets-de-l-altiport-300 | Alpe d'Huez | pass2 (deferred depth) | missing: bedrooms; hot_tub; price_week_20_27_mar_2027; price_range_low; available_20_27_mar; image_count,done,2026-10-06 11:56,2026-10-06 11:57,chalets/raw/enrich-maeva-les-chalets-de-l-altiport-300.csv,1,0,0,"filled: hot_tub=; sauna=; bedrooms=; images=5; still unknown: price, availability [no longer in plan]"
102,enrich-maeva-les-chalets-de-l-altiport-302,1,enrich,Les Chalets de l'Altiport,https://accommodation.alpedhuez.com/accommodation/les-chalets-de-l-altiport-chalet-8-pieces-15-personnes/,maeva-les-chalets-de-l-altiport-302 | Alpe d'Huez | pass2 (deferred depth) | missing: bedrooms; hot_tub; price_week_20_27_mar_2027; price_range_low; available_20_27_mar; image_count,done,2026-10-06 11:57,2026-10-06 11:58,chalets/raw/enrich-maeva-les-chalets-de-l-altiport-302.csv,1,0,0,"filled: hot_tub=; sauna=; bedrooms=; images=5; still unknown: price, availability [no longer in plan]"
103,enrich-maeva-les-chalets-de-l-altiport-301,1,enrich,Les Chalets de l'Altiport,https://accommodation.alpedhuez.com/accommodation/les-chalets-de-l-altiport-chalet-6-pieces-12-personnes/,maeva-les-chalets-de-l-altiport-301 | Alpe d'Huez | pass2 (deferred depth) | missing: bedrooms; hot_tub; price_week_20_27_mar_2027; price_range_low; available_20_27_mar; image_count,done,2026-10-06 11:58,2026-10-06 11:59,chalets/raw/enrich-maeva-les-chalets-de-l-altiport-301.csv,1,0,0,"filled: hot_tub=none; sauna=yes; bedrooms=; images=5; still unknown: price, availability [no longer in plan]"
104,enrich-maeva-les-fermes-de-l-alpe-1576491,1,enrich,Les Fermes De L'alpe,https://accommodation.alpedhuez.com/accommodation/residence-les-fermes-de-l-alpe-bat-b-chalet-de-ville-en-duplex-neuf-proche-des-pistes/,maeva-les-fermes-de-l-alpe-1576491 | Alpe d'Huez | pass2 (deferred depth) | missing: bedrooms; hot_tub; price_week_20_27_mar_2027; price_range_low; available_20_27_mar; image_count,done,2026-10-06 11:59,2026-10-06 11:59,chalets/raw/enrich-maeva-les-fermes-de-l-alpe-1576491.csv,1,0,0,"filled: hot_tub=none; sauna=; bedrooms=; images=5; still unknown: price, availability [no longer in plan]"
105,enrich-maeva-les-fermes-de-l-alpe-1153564,1,enrich,Les Fermes De L'alpe,https://accommodation.alpedhuez.com/accommodation/residence-les-fermes-de-l-alpe-bat-c-bel-appartement-neuf-proche-des-pistes-1/,maeva-les-fermes-de-l-alpe-1153564 | Alpe d'Huez | pass2 (deferred depth) | missing: bedrooms; hot_tub; price_week_20_27_mar_2027; price_range_low; available_20_27_mar; image_count,done,2026-10-06 11:59,2026-10-06 12:00,chalets/raw/enrich-maeva-les-fermes-de-l-alpe-1153564.csv,1,0,0,"filled: hot_tub=none; sauna=; bedrooms=; images=5; still unknown: price, availability [no longer in plan]"
106,enrich-maeva-les-fermes-de-l-alpe-2010083,1,enrich,Les Fermes De L'alpe,https://accommodation.alpedhuez.com/accommodation/residence-les-fermes-de-l-alpe-bat-c-appartement-5-pieces-8-a-2-e/,maeva-les-fermes-de-l-alpe-2010083 | Alpe d'Huez | pass2 (deferred depth) | missing: bedrooms; hot_tub; price_week_20_27_mar_2027; price_range_low; available_20_27_mar; image_count,done,2026-10-06 12:00,2026-10-06 12:01,chalets/raw/enrich-maeva-les-fermes-de-l-alpe-2010083.csv,1,0,0,"filled: hot_tub=none; sauna=; bedrooms=; images=5; still unknown: price, availability [no longer in plan]"
107,enrich-maeva-les-fermes-de-l-alpe-1199131,1,enrich,Les Fermes De L'alpe,https://accommodation.alpedhuez.com/accommodation/residence-les-fermes-de-l-alpe-bat-c-appartement-en-duplex-proche-des-pistes/,maeva-les-fermes-de-l-alpe-1199131 | Alpe d'Huez | pass2 (deferred depth) | missing: bedrooms; hot_tub; price_week_20_27_mar_2027; price_range_low; available_20_27_mar; image_count,done,2026-10-06 12:01,2026-10-06 12:02,chalets/raw/enrich-maeva-les-fermes-de-l-alpe-1199131.csv,1,0,0,"filled: hot_tub=none; sauna=; bedrooms=; images=5; still unknown: price, availability [no longer in plan]"
3,enrich-simplyvaldisere-chalet-bonne-neige,1,enrich,Chalet Bonne Neige,https://www.simplyvaldisere.com/accom/la-daille-le-cret/chalet-bonne-neige-8,simplyvaldisere-chalet-bonne-neige | La Daille | missing: bedrooms; hot_tub; price_week_20_27_mar_2027; price_range_low; price_currency; available_20_27_mar,done,2026-10-06 10:57,2026-10-06 10:58,chalets/raw/enrich-simplyvaldisere-chalet-bonne-neige.csv,1,0,1,"filled: 4 bedrooms, no hot tub (steam room), Sunday changeover, £999-2,249pp incl flights, catering detail; still unknown: exact week price, availability [no longer in plan]"
12,enrich-simplyvaldisere-chalet-toit-du-monde,1,enrich,Chalet Toit du Monde,https://www.simplyvaldisere.com/accom/la-daille-le-cret/chalet-toit-du-monde-8,simplyvaldisere-chalet-toit-du-monde | La Daille | missing: bedrooms; price_week_20_27_mar_2027; price_range_low; price_currency; available_20_27_mar,done,2026-10-06 11:00,2026-10-06 11:00,chalets/raw/enrich-simplyvaldisere-chalet-toit-du-monde.csv,1,0,1,"filled: bedrooms=; hot_tub=; range=- ; changeover=Sunday; still unknown: exact week price, availability [no longer in plan]"
25,enrich-allchalets-apartment-36190,1,enrich,Apartment 36190,https://www.allchalets.com/holiday-rentals/36190-apartment-in-val-d-isere-france,allchalets-apartment-36190 | Le Fornet | missing: board; price_week_20_27_mar_2027; price_range_low; price_currency; available_20_27_mar,done,2026-10-06 11:03,2026-10-06 11:04,chalets/raw/enrich-allchalets-apartment-36190.csv,1,0,1,"filled: contact [name removed] allChalets; still unknown: price, availability (owner gives no rates) [no longer in plan]"
26,enrich-allchalets-apartment-40317,1,enrich,Apartment 40317,https://www.allchalets.com/holiday-rentals/40317-apartment-in-alpe-d-huez-france,allchalets-apartment-40317 | Alpe d'Huez | missing: board; price_week_20_27_mar_2027; price_range_low; price_currency; available_20_27_mar,done,2026-10-06 11:04,2026-10-06 11:04,chalets/raw/enrich-allchalets-apartment-40317.csv,1,0,1,"filled: contact [name removed]; still unknown: price, availability (owner gives no rates) [no longer in plan]"
27,enrich-allchalets-apartment-46905,1,enrich,Apartment 46905,https://www.allchalets.com/holiday-rentals/46905-apartment-in-st-gervais-france,allchalets-apartment-46905 | St-Gervais-les-Bains | missing: board; price_week_20_27_mar_2027; price_range_low; price_currency; available_20_27_mar,done,2026-10-06 11:04,2026-10-06 11:04,chalets/raw/enrich-allchalets-apartment-46905.csv,1,0,1,"filled: contact [name removed] allChalets; still unknown: price, availability (owner gives no rates) [no longer in plan]"
28,enrich-allchalets-apartment-48125,1,enrich,Apartment 48125,https://www.allchalets.com/holiday-rentals/48125-apartment-in-st-gervais-france,allchalets-apartment-48125 | St-Gervais Le Bettex | missing: sleeps_max; bedrooms; board; price_week_20_27_mar_2027; price_range_low; price_currency; available_20_27_mar,done,2026-10-06 11:04,2026-10-06 11:04,chalets/raw/enrich-allchalets-apartment-48125.csv,1,0,1,"filled: contact [name removed] allChalets; still unknown: price, availability (owner gives no rates) [no longer in plan]"
29,enrich-allchalets-apartment-48208,1,enrich,Apartment 48208,https://www.allchalets.com/holiday-rentals/48208-apartment-in-alpe-d-huez-france,allchalets-apartment-48208 | Alpe d'Huez | missing: board; price_week_20_27_mar_2027; price_range_low; price_currency; available_20_27_mar,done,2026-10-06 11:05,2026-10-06 11:05,chalets/raw/enrich-allchalets-apartment-48208.csv,1,0,1,"filled: contact [name removed] allChalets; still unknown: price, availability (owner gives no rates) [no longer in plan]"
30,enrich-allchalets-apartment-details-49248,1,enrich,Apartment Details,https://www.allchalets.com/holiday-rentals/49248-apartment-in-alpe-d-huez-france,allchalets-apartment-details-49248 | Alpe d'Huez | missing: board; price_week_20_27_mar_2027; price_range_low; price_currency; available_20_27_mar,done,2026-10-06 11:05,2026-10-06 11:05,chalets/raw/enrich-allchalets-apartment-details-49248.csv,1,0,1,"filled: contact [name removed] allChalets; still unknown: price, availability (owner gives no rates) [no longer in plan]"
31,enrich-allchalets-chalet-12653,1,enrich,Chalet 12653,https://www.allchalets.com/holiday-rentals/12653-chalet-in-st-gervais-france,allchalets-chalet-12653 | St-Gervais-les-Bains | missing: board; price_week_20_27_mar_2027; price_range_low; price_currency; available_20_27_mar,done,2026-10-06 11:05,2026-10-06 11:05,chalets/raw/enrich-allchalets-chalet-12653.csv,1,0,1,"filled: contact [name removed]; still unknown: price, availability (owner gives no rates) [no longer in plan]"
32,enrich-allchalets-chalet-16818,1,enrich,Chalet 16818,https://www.allchalets.com/holiday-rentals/16818-chalet-in-st-gervais-france,allchalets-chalet-16818 | St-Gervais-les-Bains | missing: board; price_week_20_27_mar_2027; price_range_low; price_currency; available_20_27_mar,done,2026-10-06 11:05,2026-10-06 11:06,chalets/raw/enrich-allchalets-chalet-16818.csv,1,0,1,"filled: contact [name removed]; still unknown: price, availability (owner gives no rates) [no longer in plan]"
33,enrich-allchalets-chalet-2155,1,enrich,Chalet 2155,https://www.allchalets.com/holiday-rentals/2155-chalet-in-alpe-d-huez-france,allchalets-chalet-2155 | Alpe d'Huez | missing: board; price_week_20_27_mar_2027; price_range_low; price_currency; available_20_27_mar,done,2026-10-06 11:06,2026-10-06 11:06,chalets/raw/enrich-allchalets-chalet-2155.csv,1,0,1,"filled: contact [name removed]; still unknown: price, availability (owner gives no rates) [no longer in plan]"
35,enrich-allchalets-chalet-arkle,1,enrich,Chalet Arkle,https://www.allchalets.com/holiday-rentals/2372-chalet-in-st-gervais-france,allchalets-chalet-arkle | St-Gervais-les-Bains | missing: board; price_week_20_27_mar_2027; price_range_low; price_currency; available_20_27_mar,done,2026-10-06 11:06,2026-10-06 11:07,chalets/raw/enrich-allchalets-chalet-arkle.csv,1,0,1,"filled: contact [name removed] Arkle; still unknown: price, availability (owner gives no rates) [no longer in plan]"
36,enrich-allchalets-chalet-big-bear,1,enrich,Chalet Big Bear,https://www.allchalets.com/holiday-rentals/16259-chalet-in-st-gervais-france,allchalets-chalet-big-bear | St-Gervais-les-Bains | missing: board; price_week_20_27_mar_2027; price_range_low; price_currency; available_20_27_mar,done,2026-10-06 11:07,2026-10-06 11:07,chalets/raw/enrich-allchalets-chalet-big-bear.csv,1,0,1,"filled: contact [name removed]; still unknown: price, availability (owner gives no rates) [no longer in plan]"
40,enrich-msemstg-chalet-hotel-des-2-gares-12394,1,enrich,Chalet Hôtel des 2 Gares,https://www.saintgervais.com/reserver-mon-sejour/hebergement/,msemstg-chalet-hotel-des-2-gares-12394 | St-Gervais-les-Bains | missing: board; hot_tub; price_week_20_27_mar_2027; price_range_low; image_count,done,2026-10-06 11:08,2026-10-06 11:10,chalets/raw/enrich-msemstg-chalet-hotel-des-2-gares-12394.csv,1,0,0,"filled: B&B only, no hot tub (pool+sauna), images; still unknown: group price/range (MSEM only 2-adult offer) [no longer in plan]"
41,enrich-allchalets-chalet-lauziere,1,enrich,Chalet Lauzière,https://www.allchalets.com/holiday-rentals/48141-chalet-in-alpe-d-huez-france,allchalets-chalet-lauziere | Alpe d'Huez | missing: board; price_week_20_27_mar_2027; price_range_low; price_currency; available_20_27_mar,done,2026-10-06 11:10,2026-10-06 11:10,chalets/raw/enrich-allchalets-chalet-lauziere.csv,1,0,1,"filled: contact [name removed] allChalets; still unknown: price, availability (owner gives no rates) [no longer in plan]"
42,enrich-allchalets-chalet-le-rosay,1,enrich,Chalet Le Rosay,https://www.allchalets.com/holiday-rentals/15465-chalet-in-st-gervais-france,allchalets-chalet-le-rosay | St-Gervais-les-Bains | missing: board; price_week_20_27_mar_2027; price_range_low; price_currency,done,2026-10-06 11:10,2026-10-06 11:11,chalets/raw/enrich-allchalets-chalet-le-rosay.csv,1,0,1,"filled: contact [name removed]; still unknown: price, availability (owner gives no rates) [no longer in plan]"
46,enrich-allchalets-chalet-pascaud,1,enrich,Chalet Pascaud,https://www.allchalets.com/holiday-rentals/15530-chalet-in-st-gervais-france,allchalets-chalet-pascaud | St-Gervais-les-Bains | missing: board; price_week_20_27_mar_2027; price_range_low; price_currency; available_20_27_mar,done,2026-10-06 11:12,2026-10-06 11:12,chalets/raw/enrich-allchalets-chalet-pascaud.csv,1,0,1,"filled: contact [name removed]; still unknown: price, availability (owner gives no rates) [no longer in plan]"
49,enrich-msemstg-hotel-cur-des-neiges-17513,1,enrich,Hôtel Cœur des Neiges,https://www.saintgervais.com/reserver-mon-sejour/hebergement/,msemstg-hotel-cur-des-neiges-17513 | St-Gervais-les-Bains | missing: bedrooms; board; hot_tub; price_week_20_27_mar_2027; price_range_low; available_20_27_mar; image_count,done,2026-10-06 11:12,2026-10-06 11:14,chalets/raw/enrich-msemstg-hotel-cur-des-neiges-17513.csv,1,0,1,"filled: 15 rooms, B&B, spa area, privatisable, images; still unknown: hot tub, price, availability [no longer in plan]"
380,enrich-locstnicolas-agapanthe,1,enrich,Agapanthe,https://locations-saint-nicolas.com/liste.location.96.agapanthe.html,locstnicolas-agapanthe | St-Nicolas-de-Véroce | pass2 (deferred depth) | missing: bedrooms; price_week_20_27_mar_2027; image_count,done,2026-10-06 10:55,2026-10-06 10:56,chalets/raw/enrich-locstnicolas-agapanthe.csv,1,0,0,filled: bedrooms=0; price20Mar=320; avail=; images=1 [no longer in plan]
0,rescrape-allchalets,2,scrape,allChalets re-scrape (LLM-free),,re-run allChalets scraper on villages collected before it existed (browsing missed pagination),done,2026-10-06 10:52,2026-10-06 11:20,chalets/raw/rescrape-allchalets.csv,172,172,0,LLM-free re-scrape of 12 villages; 0 results for La Daille/Le Fornet/Tignes 1800/Combloux/St-Gervais/St-Nicolas (no allChalets location — covered by village tasks); images likely skipped by ingest bug → re-run after fix [no longer in plan]
15,enrich-crystal-hotel-white-angel,1,enrich,Hotel White Angel,https://www.crystalski.co.uk/ski-resorts/italy-ski-holidays/cervinia/hotel-white-angel/,crystal-hotel-white-angel | Breuil-Cervinia | missing: sleeps_max; bedrooms; board; hot_tub; price_week_20_27_mar_2027; price_range_low; price_currency; available_20_27_mar; image_count,done,2026-10-06 10:29,2026-10-06 10:29,chalets/raw/enrich-crystal-hotel-white-angel.csv,1,0,0,"filled: HB £2,528pp (triple), available, shared hot tub/sauna (extra), images; still unknown: room count [no longer in plan]"
16,enrich-crystal-sertorelli-sport-hotel,1,enrich,Sertorelli Sport Hotel,https://www.crystalski.co.uk/ski-resorts/italy-ski-holidays/cervinia/sertorelli-sport-hotel/,crystal-sertorelli-sport-hotel | Breuil-Cervinia | missing: sleeps_max; board; price_week_20_27_mar_2027; price_range_low; price_currency; available_20_27_mar,done,2026-10-06 10:29,2026-10-06 10:30,chalets/raw/enrich-crystal-sertorelli-sport-hotel.csv,1,0,0,"filled: B&B £1,716pp / 10 adults £17,163, available; still unknown: half-board option, capacity [no longer in plan]"
17,enrich-crystal-valtur-cervinia-cristallo-ski-resort-4-star,1,enrich,Valtur Cervinia Cristallo Ski Resort 4 Star,https://www.crystalski.co.uk/ski-resorts/italy-ski-holidays/cervinia/valtur-cervinia-cristallo-ski-resort-4-star/,crystal-valtur-cervinia-cristallo-ski-resort-4-star | Breuil-Cervinia | missing: sleeps_max; bedrooms; board; hot_tub; price_week_20_27_mar_2027; price_range_low; price_currency; available_20_27_mar; image_count,done,2026-10-06 10:30,2026-10-06 10:30,chalets/raw/enrich-crystal-valtur-cervinia-cristallo-ski-resort-4-star.csv,1,0,0,"filled: HB £2,166pp (double), available, shared hot tub/sauna/pool, images; Booking has one listing for both Crystal 4*/5* entries; still unknown: room count [no longer in plan]"
18,enrich-crystal-valtur-cervinia-cristallo-ski-resort-5-star,1,enrich,Valtur Cervinia Cristallo Ski Resort 5 Star,https://www.crystalski.co.uk/ski-resorts/italy-ski-holidays/cervinia/valtur-cervinia-cristallo-ski-resort-5-star/,crystal-valtur-cervinia-cristallo-ski-resort-5-star | Breuil-Cervinia | missing: sleeps_max; bedrooms; board; hot_tub; price_week_20_27_mar_2027; price_range_low; price_currency; available_20_27_mar; image_count,done,2026-10-06 10:30,2026-10-06 10:31,chalets/raw/enrich-crystal-valtur-cervinia-cristallo-ski-resort-5-star.csv,1,0,0,"filled: HB £2,166pp (double), available, shared hot tub/sauna/pool, images; Booking has one listing for both Crystal 4*/5* entries; still unknown: room count [no longer in plan]"
22,enrich-arabbait-cesa-padon,1,enrich,Cesa Padon (***),https://www.arabba.it/en/facilities-gastronomy/accommodation/cesa-padon/38-174.html,arabbait-cesa-padon | Livinallongo del Col di Lana | missing: sleeps_max; bedrooms; price_week_20_27_mar_2027; price_range_low; available_20_27_mar,done,2026-10-06 10:33,2026-10-06 10:34,chalets/raw/enrich-arabbait-cesa-padon.csv,1,0,0,"filled: HB EUR125/day = EUR875pp week (std room), season EUR784-1008/wk, sauna only; still unknown: availability, room count [no longer in plan]"
24,enrich-hotel-marmolada-corvara,1,enrich,Hotel Marmolada,https://www.alpineanswers.co.uk/ski-hotels/italy/corvara/hotel-marmolada,hotel-marmolada-corvara | Corvara | missing: sleeps_max; bedrooms; price_week_20_27_mar_2027; price_range_low; price_currency; available_20_27_mar; image_count,done,2026-10-06 10:34,2026-10-06 10:35,chalets/raw/enrich-hotel-marmolada-corvara.csv,1,0,0,"filled: HB £1,990pp (suite x4) / B&B £1,706pp, available, images; still unknown: capacity [no longer in plan]"
32,enrich-hotel-col-alto-corvara,1,enrich,Hotel Col Alto,https://www.alpineanswers.co.uk/ski-hotels/italy/corvara/hotel-col-alto,hotel-col-alto-corvara | Corvara | missing: sleeps_max; bedrooms; board; price_week_20_27_mar_2027; price_range_low; price_currency; available_20_27_mar; image_count,done,2026-10-06 10:38,2026-10-06 10:39,chalets/raw/enrich-hotel-col-alto-corvara.csv,1,0,0,"filled: B&B £1,557pp, available (6+ doubles), shared hot tub/pool/sauna, images; still unknown: HB option, capacity [no longer in plan]"
33,enrich-hotel-la-perla-corvara,1,enrich,Hotel La Perla,https://www.alpineanswers.co.uk/ski-hotels/italy/corvara/hotel-la-perla,hotel-la-perla-corvara | Corvara | missing: sleeps_max; bedrooms; board; hot_tub; price_week_20_27_mar_2027; price_range_low; price_currency; available_20_27_mar; image_count,done,2026-10-06 10:39,2026-10-06 10:40,chalets/raw/enrich-hotel-la-perla-corvara.csv,1,0,1,"filled: unavailable 7 nights 20-27 Mar (4-night alts ~£22.5-23.6k for 10), sauna/pool, 50 m to lift, images; still unknown: board, capacity [no longer in plan]"
34,enrich-hotel-sassongher-corvara,1,enrich,Hotel Sassongher,https://www.alpineanswers.co.uk/ski-hotels/italy/corvara/hotel-sassongher,hotel-sassongher-corvara | Corvara | missing: sleeps_max; bedrooms; board; hot_tub; price_week_20_27_mar_2027; price_range_low; price_currency; available_20_27_mar; image_count,done,2026-10-06 10:40,2026-10-06 10:41,chalets/raw/enrich-hotel-sassongher-corvara.csv,1,0,0,"filled: HB £1,236pp (room x4), available, shared hot tub/sauna, images; still unknown: capacity [no longer in plan]"
35,enrich-hotel-table-corvara,1,enrich,Hotel Tablé,https://www.alpineanswers.co.uk/ski-hotels/italy/corvara/hotel-tabl,hotel-table-corvara | Corvara | missing: sleeps_max; bedrooms; board; price_week_20_27_mar_2027; price_range_low; price_currency; available_20_27_mar; image_count,done,2026-10-06 10:41,2026-10-06 10:43,chalets/raw/enrich-hotel-table-corvara.csv,1,0,0,"filled: HB £969-1,044pp, available, hot tub/sauna, images; still unknown: capacity [no longer in plan]"
37,enrich-arabbait-pensione-sport,1,enrich,Pensione Sport (**),https://albergosportarabba.it/?lang=en,arabbait-pensione-sport | Arabba | missing: sleeps_max; bedrooms; board; hot_tub; price_week_20_27_mar_2027; price_range_low; available_20_27_mar,done,2026-10-06 10:19,2026-10-06 10:22,chalets/raw/enrich-arabbait-pensione-sport.csv,1,0,1,"corrected: Booking.com B&B twin £1,031/2 (£516pp) 20-27 Mar, only 2 rooms left; no hot tub listed; still unknown: capacity [no longer in plan]"
38,enrich-lesmenuires-les-chalets-du-soleil-a2p6,1,enrich,2 Pièces 6 Personnes Authentique (A2P6),https://fr.locationlesmenuires.com/appartement-chalet-residence/reberty-2000/2-pieces-6-personnes-authentique-a2p6.html,lesmenuires-les-chalets-du-soleil-a2p6 | Les Menuires: Reberty 2000 | pass2 (deferred depth) | missing: hot_tub; price_week_20_27_mar_2027; price_range_low; available_20_27_mar; image_count,done,2026-10-06 10:43,2026-10-06 10:46,chalets/raw/enrich-lesmenuires-les-chalets-du-soleil-a2p6.csv,1,0,1,filled: avail=no; S12 price=None; range=811-4144; hot_tub=none; images=5 [no longer in plan]
39,enrich-lesmenuires-les-alpages-de-reberty-anco11,1,enrich,2 pièces - LES ALPAGES DE REBERTY (ANCO11),https://fr.locationlesmenuires.com/appartement-chalet-residence/reberty-2000/2-pieces-les-alpages-de-reberty-anco11.html,lesmenuires-les-alpages-de-reberty-anco11 | Les Menuires: Reberty 2000 | pass2 (deferred depth) | missing: hot_tub; price_week_20_27_mar_2027; price_range_low; available_20_27_mar; image_count,done,2026-10-06 10:46,2026-10-06 10:46,chalets/raw/enrich-lesmenuires-les-alpages-de-reberty-anco11.csv,1,0,1,filled: avail=no; S12 price=None; range=684-684; hot_tub=none; images=5 [no longer in plan]
40,enrich-lesmenuires-necou-ne0622,1,enrich,2 pièces - NECOU (NE0622),https://fr.locationlesmenuires.com/appartement-chalet-residence/reberty-2000/2-pieces-necou-ne0622.html,lesmenuires-necou-ne0622 | Les Menuires: Reberty 2000 | pass2 (deferred depth) | missing: hot_tub; price_week_20_27_mar_2027; price_range_low; available_20_27_mar; image_count,done,2026-10-06 10:46,2026-10-06 10:46,chalets/raw/enrich-lesmenuires-necou-ne0622.csv,1,0,1,filled: avail=no; S12 price=None; range=723-1145; hot_tub=none; images=5 [no longer in plan]
41,enrich-lesmenuires-necou-ne0624,1,enrich,2 pièces - NECOU (NE0624),https://fr.locationlesmenuires.com/appartement-chalet-residence/reberty-2000/2-pieces-necou-ne0624.html,lesmenuires-necou-ne0624 | Les Menuires: Reberty 2000 | pass2 (deferred depth) | missing: hot_tub; price_week_20_27_mar_2027; price_range_low; available_20_27_mar; image_count,done,2026-10-06 10:46,2026-10-06 10:47,chalets/raw/enrich-lesmenuires-necou-ne0624.csv,1,0,1,filled: avail=no; S12 price=None; range=678-1380; hot_tub=none; images=5 [no longer in plan]
42,enrich-lesmenuires-necou-nec611,1,enrich,2 pièces - NECOU (NEC611),https://fr.locationlesmenuires.com/appartement-chalet-residence/reberty-2000/2-pieces-necou-nec611.html,lesmenuires-necou-nec611 | Les Menuires: Reberty 2000 | pass2 (deferred depth) | missing: hot_tub; price_week_20_27_mar_2027; price_range_low; available_20_27_mar; image_count,done,2026-10-06 10:47,2026-10-06 10:47,chalets/raw/enrich-lesmenuires-necou-nec611.csv,1,0,1,filled: avail=no; S12 price=None; range=490-595; hot_tub=none; images=5 [no longer in plan]
43,enrich-lesmenuires-necou-nec713,1,enrich,2 pièces - NECOU (NEC713),https://fr.locationlesmenuires.com/appartement-chalet-residence/reberty-2000/2-pieces-necou-nec713.html,lesmenuires-necou-nec713 | Les Menuires: Reberty 2000 | pass2 (deferred depth) | missing: hot_tub; price_week_20_27_mar_2027; price_range_low; available_20_27_mar; image_count,done,2026-10-06 10:47,2026-10-06 10:47,chalets/raw/enrich-lesmenuires-necou-nec713.csv,1,0,1,filled: avail=no; S12 price=None; range=495-1195; hot_tub=none; images=5 [no longer in plan]
44,enrich-lesmenuires-les-alpages-de-reberty-alp2p4stan,1,enrich,2 pièces 4 pers skis aux pieds / LES ALPAGES DE REBERTY Pierre et Vacances (ALP2P4STAN),https://fr.locationlesmenuires.com/appartement-chalet-residence/reberty-2000/2-pieces-4-pers-skis-aux-pieds-les-alpages-de-reberty-pierre-et-vacances-alp2p4stan.html,lesmenuires-les-alpages-de-reberty-alp2p4stan | Les Menuires: Reberty 2000 | pass2 (deferred depth) | missing: hot_tub; price_week_20_27_mar_2027; price_range_low; available_20_27_mar; image_count,done,2026-10-06 10:47,2026-10-06 10:47,chalets/raw/enrich-lesmenuires-les-alpages-de-reberty-alp2p4stan.csv,1,0,1,filled: avail=no; S12 price=None; range=-; hot_tub=none; images=5 [no longer in plan]
45,enrich-lesmenuires-alpages-de-reberty-rb014b,1,enrich,2 pièces cabine - ALPAGES DE REBERTY (RB014B),https://fr.locationlesmenuires.com/appartement-chalet-residence/reberty-2000/2-pieces-cabine-alpages-de-reberty-rb014b.html,lesmenuires-alpages-de-reberty-rb014b | Les Menuires: Reberty 2000 | pass2 (deferred depth) | missing: hot_tub; price_week_20_27_mar_2027; price_range_low; available_20_27_mar; image_count,done,2026-10-06 10:48,2026-10-06 10:48,chalets/raw/enrich-lesmenuires-alpages-de-reberty-rb014b.csv,1,0,1,filled: avail=no; S12 price=None; range=970-2953; hot_tub=none; images=5 [no longer in plan]
46,enrich-lesmenuires-necou-nec616,1,enrich,2 pièces cabine - NECOU (NEC616),https://fr.locationlesmenuires.com/appartement-chalet-residence/reberty-2000/2-pieces-cabine-necou-nec616.html,lesmenuires-necou-nec616 | Les Menuires: Reberty 2000 | pass2 (deferred depth) | missing: hot_tub; price_week_20_27_mar_2027; price_range_low; available_20_27_mar; image_count,done,2026-10-06 10:48,2026-10-06 10:48,chalets/raw/enrich-lesmenuires-necou-nec616.csv,1,0,1,filled: avail=no; S12 price=None; range=556-585; hot_tub=none; images=5 [no longer in plan]
47,enrich-lesmenuires-les-chalets-du-soleil-c3p5,1,enrich,3 Pièces 5 Personnes Contemporain (C3P5),https://fr.locationlesmenuires.com/appartement-chalet-residence/reberty-2000/3-pieces-5-personnes-contemporain-n-c3p5.html,lesmenuires-les-chalets-du-soleil-c3p5 | Les Menuires: Reberty 2000 | pass2 (deferred depth) | missing: hot_tub; price_week_20_27_mar_2027; price_range_low; available_20_27_mar; image_count,done,2026-10-06 10:48,2026-10-06 10:48,chalets/raw/enrich-lesmenuires-les-chalets-du-soleil-c3p5.csv,1,0,1,filled: avail=no; S12 price=None; range=881-4171; hot_tub=none; images=5 [no longer in plan]
48,enrich-lesmenuires-les-chalets-du-soleil-c3p6,1,enrich,3 Pièces 6 Personnes Contemporain (C3P6),https://fr.locationlesmenuires.com/appartement-chalet-residence/reberty-2000/3-pieces-6-personnes-contemporain-j-c3p6.html,lesmenuires-les-chalets-du-soleil-c3p6 | Les Menuires: Reberty 2000 | pass2 (deferred depth) | missing: hot_tub; price_week_20_27_mar_2027; price_range_low; available_20_27_mar; image_count,done,2026-10-06 10:48,2026-10-06 10:49,chalets/raw/enrich-lesmenuires-les-chalets-du-soleil-c3p6.csv,1,0,1,filled: avail=no; S12 price=None; range=910-4599; hot_tub=none; images=5 [no longer in plan]
49,enrich-lesmenuires-alpages-de-reberty-mnrb021e,1,enrich,3 pièces - ALPAGES DE REBERTY (MNRB021E),https://fr.locationlesmenuires.com/appartement-chalet-residence/reberty-2000/3-pieces-alpages-de-reberty-mnrb021e.html,lesmenuires-alpages-de-reberty-mnrb021e | Les Menuires: Reberty 2000 | pass2 (deferred depth) | missing: hot_tub; price_week_20_27_mar_2027; price_range_low; available_20_27_mar; image_count,done,2026-10-06 10:49,2026-10-06 10:49,chalets/raw/enrich-lesmenuires-alpages-de-reberty-mnrb021e.csv,1,0,1,filled: avail=no; S12 price=None; range=1482-2448; hot_tub=none; images=5 [no longer in plan]
50,enrich-lesmenuires-alpages-de-reberty-rb006b,1,enrich,3 pièces - ALPAGES DE REBERTY (RB006B),https://fr.locationlesmenuires.com/appartement-chalet-residence/reberty-2000/3-pieces-alpages-de-reberty-rb006b.html,lesmenuires-alpages-de-reberty-rb006b | Les Menuires: Reberty 2000 | pass2 (deferred depth) | missing: hot_tub; price_week_20_27_mar_2027; price_range_low; available_20_27_mar; image_count,done,2026-10-06 10:49,2026-10-06 10:49,chalets/raw/enrich-lesmenuires-alpages-de-reberty-rb006b.csv,1,0,1,filled: avail=no; S12 price=None; range=1626-3062; hot_tub=none; images=5 [no longer in plan]
51,enrich-lesmenuires-alpages-de-reberty-rb011d,1,enrich,3 pièces - ALPAGES DE REBERTY (RB011D),https://fr.locationlesmenuires.com/appartement-chalet-residence/reberty-2000/3-pieces-alpages-de-reberty-rb011d.html,lesmenuires-alpages-de-reberty-rb011d | Les Menuires: Reberty 2000 | pass2 (deferred depth) | missing: hot_tub; price_week_20_27_mar_2027; price_range_low; available_20_27_mar; image_count,done,2026-10-06 10:49,2026-10-06 10:49,chalets/raw/enrich-lesmenuires-alpages-de-reberty-rb011d.csv,1,0,1,filled: avail=no; S12 price=None; range=1660-3266; hot_tub=none; images=5 [no longer in plan]
52,enrich-lesmenuires-ancolie-an0002,1,enrich,3 pièces - ANCOLIE (AN0002),https://fr.locationlesmenuires.com/appartement-chalet-residence/reberty-2000/3-pieces-ancolie-an0002.html,lesmenuires-ancolie-an0002 | Les Menuires: Reberty 2000 | pass2 (deferred depth) | missing: hot_tub; price_week_20_27_mar_2027; price_range_low; available_20_27_mar; image_count,done,2026-10-06 10:49,2026-10-06 10:50,chalets/raw/enrich-lesmenuires-ancolie-an0002.csv,1,0,1,filled: avail=no; S12 price=None; range=-; hot_tub=none; images=5 [no longer in plan]
53,enrich-lesmenuires-ancolie-ancolie4,1,enrich,3 pièces - ANCOLIE (ANCOLIE4),https://fr.locationlesmenuires.com/appartement-chalet-residence/reberty-2000/3-pieces-ancolie-ancolie4.html,lesmenuires-ancolie-ancolie4 | Les Menuires: Reberty 2000 | pass2 (deferred depth) | missing: hot_tub; price_week_20_27_mar_2027; price_range_low; available_20_27_mar; image_count,done,2026-10-06 10:50,2026-10-06 10:50,chalets/raw/enrich-lesmenuires-ancolie-ancolie4.csv,1,0,1,filled: avail=unknown; S12 price=None; range=1150-2380; hot_tub=none; images=5 [no longer in plan]
54,enrich-lesmenuires-ancolie-mnan0012,1,enrich,3 pièces - ANCOLIE (MNAN0012),https://fr.locationlesmenuires.com/appartement-chalet-residence/reberty-2000/3-pieces-ancolie-mnan0012.html,lesmenuires-ancolie-mnan0012 | Les Menuires: Reberty 2000 | pass2 (deferred depth) | missing: hot_tub; price_week_20_27_mar_2027; price_range_low; available_20_27_mar; image_count,done,2026-10-06 10:50,2026-10-06 10:50,chalets/raw/enrich-lesmenuires-ancolie-mnan0012.csv,1,0,1,filled: avail=no; S12 price=None; range=1441-2093; hot_tub=none; images=5 [no longer in plan]
55,enrich-lesmenuires-les-alpages-de-reberty-bleuet1,1,enrich,3 pièces - LES ALPAGES DE REBERTY (BLEUET1),https://fr.locationlesmenuires.com/appartement-chalet-residence/reberty-2000/3-pieces-les-alpages-de-reberty-bleuet1.html,lesmenuires-les-alpages-de-reberty-bleuet1 | Les Menuires: Reberty 2000 | pass2 (deferred depth) | missing: hot_tub; price_week_20_27_mar_2027; price_range_low; available_20_27_mar; image_count,done,2026-10-06 10:50,2026-10-06 10:50,chalets/raw/enrich-lesmenuires-les-alpages-de-reberty-bleuet1.csv,1,0,1,filled: avail=no; S12 price=None; range=865-3000; hot_tub=none; images=5 [no longer in plan]
56,enrich-lesmenuires-les-alpages-de-reberty-danai3,1,enrich,3 pièces - LES ALPAGES DE REBERTY (DANAI3),https://fr.locationlesmenuires.com/appartement-chalet-residence/reberty-2000/3-pieces-les-alpages-de-reberty-danai3.html,lesmenuires-les-alpages-de-reberty-danai3 | Les Menuires: Reberty 2000 | pass2 (deferred depth) | missing: hot_tub; price_week_20_27_mar_2027; price_range_low; available_20_27_mar; image_count,done,2026-10-06 10:50,2026-10-06 10:51,chalets/raw/enrich-lesmenuires-les-alpages-de-reberty-danai3.csv,1,0,1,filled: avail=yes; S12 price=None; range=1150-2560; hot_tub=yes-type-unknown; images=5 [no longer in plan]
57,enrich-lesmenuires-necou-nec814,1,enrich,3 pièces - NECOU (NEC814),https://fr.locationlesmenuires.com/appartement-chalet-residence/reberty-2000/3-pieces-necou-nec814.html,lesmenuires-necou-nec814 | Les Menuires: Reberty 2000 | pass2 (deferred depth) | missing: hot_tub; price_week_20_27_mar_2027; price_range_low; available_20_27_mar; image_count,done,2026-10-06 10:51,2026-10-06 10:51,chalets/raw/enrich-lesmenuires-necou-nec814.csv,1,0,1,filled: avail=no; S12 price=None; range=600-2050; hot_tub=none; images=5 [no longer in plan]
58,enrich-lesmenuires-necou-nec817,1,enrich,3 pièces - NECOU (NEC817),https://fr.locationlesmenuires.com/appartement-chalet-residence/reberty-2000/3-pieces-necou-nec817.html,lesmenuires-necou-nec817 | Les Menuires: Reberty 2000 | pass2 (deferred depth) | missing: hot_tub; price_week_20_27_mar_2027; price_range_low; available_20_27_mar; image_count,done,2026-10-06 10:51,2026-10-06 10:51,chalets/raw/enrich-lesmenuires-necou-nec817.csv,1,0,1,filled: avail=no; S12 price=None; range=646-1725; hot_tub=none; images=5 [no longer in plan]
59,enrich-lesmenuires-necou-nec822,1,enrich,3 pièces - NECOU (NEC822),https://fr.locationlesmenuires.com/appartement-chalet-residence/reberty-2000/3-pieces-necou-nec822.html,lesmenuires-necou-nec822 | Les Menuires: Reberty 2000 | pass2 (deferred depth) | missing: hot_tub; price_week_20_27_mar_2027; price_range_low; available_20_27_mar; image_count,done,2026-10-06 10:51,2026-10-06 10:51,chalets/raw/enrich-lesmenuires-necou-nec822.csv,1,0,1,filled: avail=no; S12 price=None; range=689-1025; hot_tub=none; images=5 [no longer in plan]
60,enrich-lesmenuires-necou-necou416,1,enrich,3 pièces - NECOU (NECOU416),https://fr.locationlesmenuires.com/appartement-chalet-residence/reberty-2000/3-pieces-necou-necou416.html,lesmenuires-necou-necou416 | Les Menuires: Reberty 2000 | pass2 (deferred depth) | missing: hot_tub; price_week_20_27_mar_2027; price_range_low; available_20_27_mar; image_count,done,2026-10-06 10:51,2026-10-06 10:52,chalets/raw/enrich-lesmenuires-necou-necou416.csv,1,0,1,filled: avail=no; S12 price=None; range=-; hot_tub=none; images=5 [no longer in plan]
61,enrich-lesmenuires-necou-necou423,1,enrich,3 pièces - NECOU (NECOU423),https://fr.locationlesmenuires.com/appartement-chalet-residence/reberty-2000/3-pieces-necou-necou423.html,lesmenuires-necou-necou423 | Les Menuires: Reberty 2000 | pass2 (deferred depth) | missing: hot_tub; price_week_20_27_mar_2027; price_range_low; available_20_27_mar; image_count,done,2026-10-06 10:52,2026-10-06 10:52,chalets/raw/enrich-lesmenuires-necou-necou423.csv,1,0,1,filled: avail=yes; S12 price=None; range=720-1630; hot_tub=none; images=5 [no longer in plan]
62,enrich-lesmenuires-necou-necn0,1,enrich,3 pièces cabine - NECOU (NECN0),https://fr.locationlesmenuires.com/appartement-chalet-residence/reberty-2000/3-pieces-cabine-necou-necn0.html,lesmenuires-necou-necn0 | Les Menuires: Reberty 2000 | pass2 (deferred depth) | missing: hot_tub; price_week_20_27_mar_2027; price_range_low; available_20_27_mar; image_count,done,2026-10-06 10:52,2026-10-06 10:52,chalets/raw/enrich-lesmenuires-necou-necn0.csv,1,0,1,filled: avail=no; S12 price=None; range=1145-3730; hot_tub=none; images=5 [no longer in plan]
63,enrich-lesmenuires-les-chalets-du-soleil-c4p7,1,enrich,4 Pièces 7 Personnes Contemporain (C4P7),https://fr.locationlesmenuires.com/appartement-chalet-residence/reberty-2000/4-pieces-7-personnes-contemporain-n-c4p7.html,lesmenuires-les-chalets-du-soleil-c4p7 | Les Menuires: Reberty 2000 | pass2 (deferred depth) | missing: hot_tub; price_week_20_27_mar_2027; price_range_low; available_20_27_mar; image_count,done,2026-10-06 10:52,2026-10-06 10:52,chalets/raw/enrich-lesmenuires-les-chalets-du-soleil-c4p7.csv,1,0,1,filled: avail=no; S12 price=None; range=1140-5684; hot_tub=none; images=5 [no longer in plan]
64,enrich-lesmenuires-chalet-2000-mi0102,1,enrich,4 pièces - CHALET 2000 (MI0102),https://fr.locationlesmenuires.com/appartement-chalet-residence/reberty-2000/4-pieces-chalet-2000-mi0102.html,lesmenuires-chalet-2000-mi0102 | Les Menuires: Reberty 2000 | pass2 (deferred depth) | missing: price_week_20_27_mar_2027; price_range_low; available_20_27_mar; image_count,done,2026-10-06 10:52,2026-10-06 10:53,chalets/raw/enrich-lesmenuires-chalet-2000-mi0102.csv,1,0,1,filled: avail=no; S12 price=None; range=2684-4108; hot_tub=yes-type-unknown; images=5 [no longer in plan]
65,enrich-lesmenuires-necou-nec711,1,enrich,4 pièces - NECOU (NEC711),https://fr.locationlesmenuires.com/appartement-chalet-residence/reberty-2000/4-pieces-necou-nec711.html,lesmenuires-necou-nec711 | Les Menuires: Reberty 2000 | pass2 (deferred depth) | missing: hot_tub; price_week_20_27_mar_2027; price_range_low; available_20_27_mar; image_count,done,2026-10-06 10:53,2026-10-06 10:53,chalets/raw/enrich-lesmenuires-necou-nec711.csv,1,0,1,filled: avail=no; S12 price=None; range=780-2020; hot_tub=none; images=5 [no longer in plan]
66,enrich-lesmenuires-tetras-lyre-te0007,1,enrich,4 pièces mezzanine - TETRAS LYRE (TE0007),https://fr.locationlesmenuires.com/appartement-chalet-residence/reberty-2000/4-pieces-mezzanine-tetras-lyre-te0007.html,lesmenuires-tetras-lyre-te0007 | Les Menuires: Reberty 2000 | pass2 (deferred depth) | missing: price_week_20_27_mar_2027; price_range_low; available_20_27_mar,done,2026-10-06 10:53,2026-10-06 10:53,chalets/raw/enrich-lesmenuires-tetras-lyre-te0007.csv,1,0,1,filled: avail=no; S12 price=None; range=-; hot_tub=; images= [no longer in plan]
67,enrich-lesmenuires-les-alpages-de-reberty-alp5p10stan,1,enrich,5 pièces 10 pers skis aux pieds / LES ALPAGES DE REBERTY Pierre et Vacances (ALP5P10STAN),https://fr.locationlesmenuires.com/appartement-chalet-residence/reberty-2000/5-pieces-10-pers-skis-aux-pieds-les-alpages-de-reberty-pierre-et-vacances-alp5p10stan.html,lesmenuires-les-alpages-de-reberty-alp5p10stan | Les Menuires: Reberty 2000 | pass2 (deferred depth) | missing: price_week_20_27_mar_2027; price_range_low; available_20_27_mar,done,2026-10-06 10:53,2026-10-06 10:53,chalets/raw/enrich-lesmenuires-les-alpages-de-reberty-alp5p10stan.csv,1,0,1,filled: avail=no; S12 price=None; range=-; hot_tub=; images= [no longer in plan]
68,enrich-lesmenuires-les-chalets-du-soleil-a510,1,enrich,5 pièces 10 personnes Authentique (A510),https://fr.locationlesmenuires.com/appartement-chalet-residence/reberty-2000/5-pieces-10-personnes-authentique-a510.html,lesmenuires-les-chalets-du-soleil-a510 | Les Menuires: Reberty 2000 | pass2 (deferred depth) | missing: price_week_20_27_mar_2027; price_range_low; available_20_27_mar,done,2026-10-06 10:53,2026-10-06 10:54,chalets/raw/enrich-lesmenuires-les-chalets-du-soleil-a510.csv,1,0,1,filled: avail=no; S12 price=None; range=-; hot_tub=; images= [no longer in plan]
69,enrich-lesmenuires-necou-fr73583305,1,enrich,503 Nécou (FR73583305),https://fr.locationlesmenuires.com/appartement-chalet-residence/reberty-2000/503-necou-fr73583305.html,lesmenuires-necou-fr73583305 | Les Menuires: Reberty 2000 | pass2 (deferred depth) | missing: bedrooms; hot_tub; price_week_20_27_mar_2027; price_range_low; available_20_27_mar; image_count,done,2026-10-06 10:54,2026-10-06 10:54,chalets/raw/enrich-lesmenuires-necou-fr73583305.csv,1,0,1,filled: avail=no; S12 price=None; range=517-1125; hot_tub=none; images=5 [no longer in plan]
70,enrich-lesmenuires-necou-ne0704,1,enrich,Studio - NECOU (NE0704),https://fr.locationlesmenuires.com/appartement-chalet-residence/reberty-2000/studio-necou-ne0704.html,lesmenuires-necou-ne0704 | Les Menuires: Reberty 2000 | pass2 (deferred depth) | missing: bedrooms; hot_tub; price_week_20_27_mar_2027; price_range_low; available_20_27_mar; image_count,done,2026-10-06 10:54,2026-10-06 10:54,chalets/raw/enrich-lesmenuires-necou-ne0704.csv,1,0,1,filled: avail=no; S12 price=None; range=-; hot_tub=none; images=5 [no longer in plan]
71,enrich-lesmenuires-necou-nec106,1,enrich,Studio cabine - NECOU (NEC106),https://fr.locationlesmenuires.com/appartement-chalet-residence/reberty-2000/studio-cabine-necou-nec106.html,lesmenuires-necou-nec106 | Les Menuires: Reberty 2000 | pass2 (deferred depth) | missing: bedrooms; hot_tub; price_week_20_27_mar_2027; price_range_low; available_20_27_mar; image_count,done,2026-10-06 10:54,2026-10-06 10:54,chalets/raw/enrich-lesmenuires-necou-nec106.csv,1,0,1,filled: avail=no; S12 price=None; range=415-665; hot_tub=none; images=5 [no longer in plan]
72,enrich-lesmenuires-necou-nec701,1,enrich,Studio cabine - NECOU (NEC701),https://fr.locationlesmenuires.com/appartement-chalet-residence/reberty-2000/studio-cabine-necou-nec701.html,lesmenuires-necou-nec701 | Les Menuires: Reberty 2000 | pass2 (deferred depth) | missing: bedrooms; hot_tub; price_week_20_27_mar_2027; price_range_low; available_20_27_mar; image_count,done,2026-10-06 10:54,2026-10-06 10:54,chalets/raw/enrich-lesmenuires-necou-nec701.csv,1,0,1,filled: avail=no; S12 price=None; range=395-460; hot_tub=none; images=5 [no longer in plan]
73,enrich-lesmenuires-necou-nec717,1,enrich,Studio coin montagne - NECOU (NEC717),https://fr.locationlesmenuires.com/appartement-chalet-residence/reberty-2000/studio-coin-montagne-necou-nec717.html,lesmenuires-necou-nec717 | Les Menuires: Reberty 2000 | pass2 (deferred depth) | missing: bedrooms; hot_tub; price_week_20_27_mar_2027; price_range_low; available_20_27_mar; image_count,done,2026-10-06 10:55,2026-10-06 10:55,chalets/raw/enrich-lesmenuires-necou-nec717.csv,1,0,1,filled: avail=no; S12 price=None; range=466-1254; hot_tub=none; images=5 [no longer in plan]
74,enrich-lesmenuires-necou-nec718,1,enrich,Studio coin montagne - NECOU (NEC718),https://fr.locationlesmenuires.com/appartement-chalet-residence/reberty-2000/studio-coin-montagne-necou-nec718.html,lesmenuires-necou-nec718 | Les Menuires: Reberty 2000 | pass2 (deferred depth) | missing: bedrooms; hot_tub; price_week_20_27_mar_2027; price_range_low; available_20_27_mar; image_count,done,2026-10-06 10:55,2026-10-06 10:55,chalets/raw/enrich-lesmenuires-necou-nec718.csv,1,0,1,filled: avail=no; S12 price=None; range=466-595; hot_tub=none; images=5 [no longer in plan]
9,enrich-arabbait-alpenrose-s,1,enrich,Alpenrose (***S),https://www.arabba.it/en/facilities-gastronomy/accommodation/alpenrose-s/38-97.html,arabbait-alpenrose-s | Arabba | missing: sleeps_max; bedrooms; price_week_20_27_mar_2027; price_range_low; available_20_27_mar,done,2026-10-06 10:14,2026-10-06 10:14,chalets/raw/enrich-arabbait-alpenrose-s.csv,1,0,0,"filled: HB £1,075pp (double) / 10 adults £11,931, available, shared hot tub+sauna; still unknown: room count [no longer in plan]"
11,enrich-arabbait-chalet-aria,1,enrich,Chalet Aria (****),https://www.arabba.it/en/facilities-gastronomy/accommodation/chalet-aria/38-113858.html,arabbait-chalet-aria | Arabba | missing: sleeps_max; bedrooms; board; hot_tub; price_week_20_27_mar_2027; price_range_low; available_20_27_mar,done,2026-10-06 10:15,2026-10-06 10:17,chalets/raw/enrich-arabbait-chalet-aria.csv,1,0,1,"filled: 4 flats (17 max), self-catered, private saunas, no hot tub, 150 m to lifts; still unknown: price, availability [no longer in plan]"
25,enrich-crystal-hotel-mon-reve,1,enrich,Hotel Mon Reve,https://www.crystalski.co.uk/ski-resorts/italy-ski-holidays/cervinia/hotel-mon-reve/,crystal-hotel-mon-reve | Breuil-Cervinia | missing: sleeps_max; bedrooms; board; hot_tub; price_week_20_27_mar_2027; price_range_low; price_currency; available_20_27_mar; image_count,done,2026-10-06 10:10,2026-10-06 10:10,chalets/raw/enrich-crystal-hotel-mon-reve.csv,1,0,1,"filled: B&B meublé, shared hot tub, ski-to-door, 5 images; still unknown: price, availability (Booking no 2027 availability yet), capacity [no longer in plan]"
8,enrich-crystal-hotel-bucaneve,1,enrich,Hotel Bucaneve,https://www.crystalski.co.uk/ski-resorts/italy-ski-holidays/cervinia/hotel-bucaneve/,crystal-hotel-bucaneve | Breuil-Cervinia | missing: sleeps_max; board; price_week_20_27_mar_2027; price_range_low; price_currency; available_20_27_mar,done,2026-10-06 09:59,2026-10-06 10:04,chalets/raw/enrich-crystal-hotel-bucaneve.csv,1,0,1,"filled: 20 rooms, B&B, shared pool+jacuzzi, sauna; still unknown: price 20 Mar, availability, guest capacity (not on Booking.com; Ericsoft engine JS) [no longer in plan]"
11,enrich-crystal-hotel-excelsior-planet,1,enrich,Hotel Excelsior Planet,https://www.crystalski.co.uk/ski-resorts/italy-ski-holidays/cervinia/hotel-excelsior-planet/,crystal-hotel-excelsior-planet | Breuil-Cervinia | missing: sleeps_max; bedrooms; board; hot_tub; price_week_20_27_mar_2027; price_range_low; price_currency; available_20_27_mar; image_count,done,2026-10-06 10:05,2026-10-06 10:06,chalets/raw/enrich-crystal-hotel-excelsior-planet.csv,1,0,0,"filled: HB £1,732pp (Junior Suite x3) / 10 adults B&B £15,740, available, no hot tub, sauna+pool; still unknown: room count/capacity [no longer in plan]"
12,enrich-crystal-hotel-furggen,1,enrich,Hotel Furggen,https://www.crystalski.co.uk/ski-resorts/italy-ski-holidays/cervinia/hotel-furggen/,crystal-hotel-furggen | Breuil-Cervinia | missing: sleeps_max; bedrooms; board; hot_tub; price_week_20_27_mar_2027; price_range_low; price_currency; available_20_27_mar; image_count,done,2026-10-06 10:06,2026-10-06 10:09,chalets/raw/enrich-crystal-hotel-furggen.csv,1,0,0,"filled: 35 rooms B&B, no spa, ski-in, 21-28 Mar from EUR1,505/double room (~EUR752pp); still unknown: half board (not offered), capacity in guests [no longer in plan]"
13,enrich-alpineanswers-hotel-hermitage,1,enrich,Hotel Hermitage,https://www.alpineanswers.co.uk/ski-hotels/italy/cervinia/hotel-hermitage,alpineanswers-hotel-hermitage | Breuil-Cervinia | missing: sleeps_max; board; price_week_20_27_mar_2027; price_range_low; price_currency; available_20_27_mar,done,2026-10-06 10:09,2026-10-06 10:10,chalets/raw/enrich-alpineanswers-hotel-hermitage.csv,1,0,0,"filled: room-only from £2,020pp (double), 10 adults £25,447, shared pool/hot tub/sauna, available; still unknown: capacity, half-board option [no longer in plan]"
7,enrich-lesmenuires-chalet-gabrielle-mnchgabrielle,1,enrich,Chalet Gabrielle (Chalet Vithos),https://fr.locationlesmenuires.com/appartement-chalet-residence/les-bruyeres/7-pieces-chalet-vithos-mnchgabrielle.html,lesmenuires-chalet-gabrielle-mnchgabrielle | Les Menuires: Les Bruyères | missing: price_week_20_27_mar_2027; price_range_low,done,2026-10-06 09:55,2026-10-06 09:58,chalets/raw/enrich-lesmenuires-chalet-gabrielle-mnchgabrielle.csv,1,0,1,"filled: operator Chalet Vithos (Scott&Sophie)/Holidu; Airbnb 21-28 Mar £13,743 whole chalet incl half-board (catering included); 20 Mar n/a (Sun changeover); still unknown: season low, hot tub private vs shared [no longer in plan]"
10,enrich-crystal-hotel-cervino,1,enrich,Hotel Cervino,https://www.crystalski.co.uk/ski-resorts/italy-ski-holidays/cervinia/hotel-cervino/,crystal-hotel-cervino | Breuil-Cervinia | missing: sleeps_max; bedrooms; board; hot_tub; price_week_20_27_mar_2027; price_range_low; price_currency; available_20_27_mar; image_count,done,2026-10-06 09:59,2026-10-06 10:00,chalets/raw/enrich-crystal-hotel-cervino.csv,1,0,1,"filled: board HB, hot_tub shared, sauna, 20 Mar price ~£2463pp HB (Booking.com), available, 3 images; still unknown: sleeps_max/bedrooms (hotel), Crystal package price [no longer in plan]"
4,enrich-heidi-hotel-club-mmv-les-brevieres,1,enrich,Hôtel Club MMV Les Brévières,https://www.heidi.com/holiday/hotel-club-mmv-les-brevieres,heidi-hotel-club-mmv-les-brevieres | Tignes Les Brévières | missing: sleeps_max; bedrooms; hot_tub; price_week_20_27_mar_2027; price_range_low; price_currency; available_20_27_mar; image_count,done,2026-10-05 22:35,2026-10-05 22:44,chalets/raw/enrich.csv,1,0,1,"filled: operator MMV, hotel, full board, hot_tub none, sauna no, price EUR821pp (double room) 20-27 Mar, range low 633, available=no (only 1 double left), changeover flexible, 5 images; still unknown: sleeps_max, bedrooms (hotel capacity) [no longer in plan] [no longer in plan] [no longer in plan]"
2,enrich-tignesreservation-chalet-banksy-tribute,1,enrich,Chalet Banksy Tribute,https://booking.tignes.net/chalet-banksy-tribute-tignes-les-brevieres-1550-avp001.html,tignesreservation-chalet-banksy-tribute | Tignes Les Brévières | missing: board; price_week_20_27_mar_2027; price_range_low; price_currency; available_20_27_mar,done,2026-10-05 22:25,2026-10-05 22:28,chalets/raw/enrich.csv,1,0,1,"filled: board=self-catered (no meals in included services), changeover Saturday, price_includes; still unknown: price, range, currency, availability (not bookable online), agency name [no longer in plan] [no longer in plan] [no longer in plan] [no longer in plan]"
4,enrich-chardons-chalet-hattiers-apartment-1,1,enrich,Chalet Hattiers Apartment 1,https://www.chaletchardons.com/ski-chalet-france/chalet-hattiers-apartment-1/,chardons-chalet-hattiers-apartment-1 | Tignes Les Brévières | missing: hot_tub,done,2026-10-05 22:29,2026-10-05 22:33,chalets/raw/enrich.csv,1,0,1,"filled: hot_tub=none, sauna=no (no mention for Chalet Hattiers; meals in Hattiers own dining room, not Coeur des Brévières), changeover Saturday; still unknown: whether Coeur des Brévières hot tub usable [no longer in plan] [no longer in plan] [no longer in plan] [no longer in plan]"
5,enrich-chardons-chalet-hattiers-apartment-2,1,enrich,Chalet Hattiers Apartment 2,https://www.chaletchardons.com/ski-chalet-france/chalet-hattiers-apartment-2/,chardons-chalet-hattiers-apartment-2 | Tignes Les Brévières | missing: hot_tub,done,2026-10-05 22:34,2026-10-05 22:34,chalets/raw/enrich.csv,1,0,0,"filled: hot_tub=none, sauna=no, changeover Saturday; 20 Mar now 'Partially Available'; still unknown: whether Coeur des Brévières hot tub usable [no longer in plan] [no longer in plan] [no longer in plan] [no longer in plan]"
